# Wavelength              Flux
#         um   erg s-1 cm-2 cm
     0.10000   1.489884575e-05
     0.10013   1.563685669e-05
     0.10027   1.531899523e-05
     0.10040   1.655237657e-05
     0.10053   1.741289890e-05
     0.10067   1.787345599e-05
     0.10080   1.864606842e-05
     0.10094   1.858347154e-05
     0.10107   2.076988602e-05
     0.10121   2.151787065e-05
     0.10134   2.213415609e-05
     0.10148   2.299803631e-05
     0.10161   2.425401708e-05
     0.10175   2.464893779e-05
     0.10188   2.591820549e-05
     0.10202   2.366478863e-05
     0.10216   2.645333909e-05
     0.10229   2.859516650e-05
     0.10243   2.567370871e-05
     0.10257   1.397430622e-05
     0.10270   2.646723901e-05
     0.10284   2.965013004e-05
     0.10298   3.465018945e-05
     0.10311   3.048439173e-05
     0.10325   3.533674484e-05
     0.10339   3.724133199e-05
     0.10353   3.922359692e-05
     0.10367   4.118096307e-05
     0.10380   4.202070278e-05
     0.10394   4.676103483e-05
     0.10408   4.591606036e-05
     0.10422   4.824663994e-05
     0.10436   5.250645153e-05
     0.10450   5.224795690e-05
     0.10464   5.616975260e-05
     0.10478   5.691221848e-05
     0.10492   6.112619932e-05
     0.10506   5.928676947e-05
     0.10520   6.520712998e-05
     0.10534   6.884262029e-05
     0.10548   7.130893167e-05
     0.10562   7.009057450e-05
     0.10576   7.334846197e-05
     0.10590   8.050595512e-05
     0.10604   8.393109765e-05
     0.10618   8.019925676e-05
     0.10633   8.167334913e-05
     0.10647   8.312357787e-05
     0.10661   9.199373820e-05
     0.10675   9.442735625e-05
     0.10689   9.648794933e-05
     0.10704   1.092721985e-04
     0.10718   1.129118729e-04
     0.10732   1.147932269e-04
     0.10747   1.090728874e-04
     0.10761   1.272938766e-04
     0.10775   1.313503118e-04
     0.10790   1.349586803e-04
     0.10804   1.402086901e-04
     0.10818   1.467535198e-04
     0.10833   1.523825209e-04
     0.10847   1.534508564e-04
     0.10862   1.631532131e-04
     0.10876   1.693936001e-04
     0.10891   1.712326672e-04
     0.10905   1.824322435e-04
     0.10920   1.868295500e-04
     0.10934   1.979617600e-04
     0.10949   2.040410789e-04
     0.10964   1.873228100e-04
     0.10978   2.133755928e-04
     0.10993   2.172586772e-04
     0.11008   2.324324475e-04
     0.11022   7.907890058e-04
     0.11037   1.206296664e-03
     0.11052   1.819397405e-03
     0.11066   1.828900802e-03
     0.11081   1.762374506e-03
     0.11096   1.908708365e-03
     0.11111   1.754103835e-03
     0.11126   2.176003944e-03
     0.11140   2.254737926e-03
     0.11155   2.728699753e-03
     0.11170   2.519842558e-03
     0.11185   2.853650720e-03
     0.11200   3.379657611e-03
     0.11215   2.871137523e-03
     0.11230   2.175280421e-03
     0.11245   3.628016991e-03
     0.11260   4.032491143e-03
     0.11275   3.289695862e-03
     0.11290   2.012553389e-03
     0.11305   4.059661903e-03
     0.11320   4.155328194e-03
     0.11335   4.110163000e-03
     0.11350   3.346032752e-03
     0.11366   4.817247382e-03
     0.11381   4.721561088e-03
     0.11396   2.705499023e-03
     0.11411   4.738126075e-03
     0.11426   5.346719488e-03
     0.11442   5.403529941e-03
     0.11457   5.408540158e-03
     0.11472   5.866032065e-03
     0.11487   5.642951031e-03
     0.11503   5.605939043e-03
     0.11518   6.084908468e-03
     0.11533   6.438468377e-03
     0.11549   6.291570257e-03
     0.11564   5.517913864e-03
     0.11580   4.291116747e-03
     0.11595   6.177652038e-03
     0.11611   7.155748336e-03
     0.11626   7.604662668e-03
     0.11642   7.766520588e-03
     0.11657   7.932098706e-03
     0.11673   8.588401457e-03
     0.11688   8.399787706e-03
     0.11704   9.245835951e-03
     0.11719   1.006626429e-02
     0.11735   1.012463176e-02
     0.11751   9.249702168e-03
     0.11766   9.953736947e-03
     0.11782   1.074807564e-02
     0.11798   1.044199960e-02
     0.11814   1.086786171e-02
     0.11829   1.238919071e-02
     0.11845   1.206976977e-02
     0.11861   1.207207314e-02
     0.11877   1.270427079e-02
     0.11893   1.196384311e-02
     0.11908   1.177274598e-02
     0.11924   1.150939584e-02
     0.11940   6.268142332e-03
     0.11956   1.408031811e-02
     0.11972   1.726545589e-02
     0.11988   2.058691540e-02
     0.12004   1.353176043e-02
     0.12020   2.191545305e-02
     0.12036   2.766219469e-02
     0.12052   2.422389395e-02
     0.12068   2.072027942e-02
     0.12084   1.710383638e-02
     0.12101   1.095643349e-02
     0.12117   6.945802911e-03
     0.12133   3.233989641e-03
     0.12149   1.449373499e-03
     0.12165   1.356027634e-03
     0.12182   3.410549488e-03
     0.12198   7.527427685e-03
     0.12214   1.464658040e-02
     0.12230   2.143557445e-02
     0.12247   2.883932964e-02
     0.12263   3.953949838e-02
     0.12279   4.153754872e-02
     0.12296   5.028444969e-02
     0.12312   6.518547562e-02
     0.12329   6.910835707e-02
     0.12345   7.366781613e-02
     0.12361   8.009569711e-02
     0.12378   8.948263240e-02
     0.12394   1.032420166e-01
     0.12411   1.395662183e-01
     0.12428   1.193470507e-01
     0.12444   1.782261731e-01
     0.12461   1.943541549e-01
     0.12477   1.939071894e-01
     0.12494   2.092165180e-01
     0.12511   2.152850008e-01
     0.12527   2.527390914e-01
     0.12544   2.556713644e-01
     0.12561   2.431843037e-01
     0.12578   2.626571896e-01
     0.12594   2.742012844e-01
     0.12611   8.702138591e-02
     0.12628   2.869749863e-01
     0.12645   2.087627953e-01
     0.12662   2.704592783e-01
     0.12679   3.441099430e-01
     0.12696   3.456710088e-01
     0.12712   3.565239987e-01
     0.12729   3.684737097e-01
     0.12746   3.558533899e-01
     0.12763   3.083928754e-01
     0.12780   2.016344138e-01
     0.12798   2.253886549e-01
     0.12815   3.907394940e-01
     0.12832   4.909186328e-01
     0.12849   5.174772615e-01
     0.12866   4.989318288e-01
     0.12883   3.837515612e-01
     0.12900   5.250534578e-01
     0.12918   5.766176326e-01
     0.12935   5.398239291e-01
     0.12952   5.914013201e-01
     0.12969   5.827484403e-01
     0.12987   6.203372397e-01
     0.13004   6.538446436e-01
     0.13021   4.843315334e-01
     0.13039   5.537088944e-01
     0.13056   4.099996520e-01
     0.13073   7.584498031e-01
     0.13091   6.695062044e-01
     0.13108   6.749421179e-01
     0.13126   7.695646397e-01
     0.13143   7.774999241e-01
     0.13161   6.925170835e-01
     0.13178   8.619910930e-01
     0.13196   9.138647519e-01
     0.13214   1.093716856e+00
     0.13231   9.732997982e-01
     0.13249   1.014057783e+00
     0.13267   9.904315851e-01
     0.13284   8.600188662e-01
     0.13302   6.925563334e-01
     0.13320   1.087558149e+00
     0.13338   1.086698235e+00
     0.13355   9.295873841e-01
     0.13373   1.181157469e+00
     0.13391   1.033222669e+00
     0.13409   1.352836990e+00
     0.13427   1.189433054e+00
     0.13445   1.365533315e+00
     0.13463   1.526002111e+00
     0.13481   1.667705848e+00
     0.13499   1.669512289e+00
     0.13517   1.847518812e+00
     0.13535   1.746964127e+00
     0.13553   1.848721205e+00
     0.13571   1.666153108e+00
     0.13589   1.749047587e+00
     0.13607   1.952222550e+00
     0.13625   1.949037019e+00
     0.13643   1.944618077e+00
     0.13662   2.183757977e+00
     0.13680   2.026074292e+00
     0.13698   2.208358590e+00
     0.13716   1.813929267e+00
     0.13735   2.146343378e+00
     0.13753   2.359738639e+00
     0.13771   2.487635003e+00
     0.13790   2.511481878e+00
     0.13808   2.363941890e+00
     0.13826   2.541637378e+00
     0.13845   2.721714405e+00
     0.13863   2.700442664e+00
     0.13882   2.955802348e+00
     0.13900   2.976807020e+00
     0.13919   2.796200961e+00
     0.13938   3.051742665e+00
     0.13956   3.001692100e+00
     0.13975   3.161387390e+00
     0.13993   3.378924012e+00
     0.14012   2.833877051e+00
     0.14031   3.275717767e+00
     0.14049   3.422285921e+00
     0.14068   3.736675065e+00
     0.14087   3.377354281e+00
     0.14106   3.550492624e+00
     0.14125   3.821135604e+00
     0.14143   3.379714934e+00
     0.14162   3.750034252e+00
     0.14181   4.246746740e+00
     0.14200   4.290162263e+00
     0.14219   4.577495868e+00
     0.14238   4.355273308e+00
     0.14257   3.439899094e+00
     0.14276   4.745326435e+00
     0.14295   4.793419723e+00
     0.14314   4.675091824e+00
     0.14333   4.132858205e+00
     0.14352   4.690415088e+00
     0.14372   5.083183778e+00
     0.14391   5.130656702e+00
     0.14410   5.610408186e+00
     0.14429   5.809327660e+00
     0.14448   5.453109964e+00
     0.14468   5.908860286e+00
     0.14487   5.653062866e+00
     0.14506   6.072067545e+00
     0.14526   6.113538268e+00
     0.14545   6.662785000e+00
     0.14564   6.827217039e+00
     0.14584   6.811516003e+00
     0.14603   7.049111746e+00
     0.14623   7.346228894e+00
     0.14642   6.702635135e+00
     0.14662   7.304595960e+00
     0.14681   6.157836943e+00
     0.14701   7.621314150e+00
     0.14721   7.615618774e+00
     0.14740   6.059720213e+00
     0.14760   8.121693545e+00
     0.14780   8.393093918e+00
     0.14799   9.013180239e+00
     0.14819   8.176732507e+00
     0.14839   8.528840716e+00
     0.14859   9.302793396e+00
     0.14879   9.135057471e+00
     0.14898   9.884350043e+00
     0.14918   1.009250941e+01
     0.14938   9.347809403e+00
     0.14958   1.008658215e+01
     0.14978   1.046826977e+01
     0.14998   1.083418130e+01
     0.15018   1.108743211e+01
     0.15038   1.136687407e+01
     0.15058   1.169142856e+01
     0.15078   1.186016151e+01
     0.15098   1.231796197e+01
     0.15118   1.191419721e+01
     0.15139   1.262238779e+01
     0.15159   1.269413924e+01
     0.15179   1.231346663e+01
     0.15199   1.257384478e+01
     0.15220   1.250201621e+01
     0.15240   1.558369943e+01
     0.15260   1.723407464e+01
     0.15281   2.934380703e+01
     0.15301   4.207006068e+01
     0.15321   3.124695012e+01
     0.15342   3.593362612e+01
     0.15362   4.703128480e+01
     0.15383   5.544578435e+01
     0.15403   4.244967269e+01
     0.15424   5.826587200e+01
     0.15444   4.561130153e+01
     0.15465   5.718931754e+01
     0.15486   4.507523233e+01
     0.15506   6.098394519e+01
     0.15527   5.582371512e+01
     0.15548   4.842285490e+01
     0.15569   6.617925012e+01
     0.15589   4.451757615e+01
     0.15610   1.461704104e+01
     0.15631   5.725556166e+01
     0.15652   6.614619009e+01
     0.15673   5.726264131e+01
     0.15694   6.716237576e+01
     0.15715   7.693570743e+01
     0.15735   6.421449831e+01
     0.15756   7.888429180e+01
     0.15778   8.768855849e+01
     0.15799   8.273056632e+01
     0.15820   1.052078987e+02
     0.15841   8.912430616e+01
     0.15862   8.707610721e+01
     0.15883   9.598671531e+01
     0.15904   1.083054098e+02
     0.15925   1.080489873e+02
     0.15947   1.113432744e+02
     0.15968   1.239546968e+02
     0.15989   1.255191799e+02
     0.16011   1.143954695e+02
     0.16032   1.159680816e+02
     0.16053   1.250996958e+02
     0.16075   1.065574306e+02
     0.16096   1.252839624e+02
     0.16118   1.159399939e+02
     0.16139   1.242938249e+02
     0.16161   1.197687423e+02
     0.16182   1.240860805e+02
     0.16204   1.173627675e+02
     0.16226   1.138958031e+02
     0.16247   1.288845940e+02
     0.16269   1.390223528e+02
     0.16291   1.153095580e+02
     0.16312   1.437238237e+02
     0.16334   1.271231408e+02
     0.16356   1.504664558e+02
     0.16378   1.661939874e+02
     0.16400   1.749268994e+02
     0.16421   1.842043684e+02
     0.16443   1.918003200e+02
     0.16465   1.920856364e+02
     0.16487   1.642924319e+02
     0.16509   1.716734249e+02
     0.16531   1.564761484e+02
     0.16553   9.922155794e+01
     0.16575   3.385203489e+01
     0.16597   1.859342798e+02
     0.16620   2.244383668e+02
     0.16642   2.245498802e+02
     0.16664   2.124899953e+02
     0.16686   2.153047684e+02
     0.16709   1.252647129e+02
     0.16731   2.247514194e+02
     0.16753   1.987828820e+02
     0.16775   2.520488148e+02
     0.16798   1.987506173e+02
     0.16820   3.577042869e+02
     0.16843   3.434245054e+02
     0.16865   2.697110288e+02
     0.16888   4.510150089e+02
     0.16910   6.042219392e+02
     0.16933   4.490234557e+02
     0.16955   4.153685980e+02
     0.16978   4.890804384e+02
     0.17001   5.856402852e+02
     0.17023   5.384391851e+02
     0.17046   7.603880389e+02
     0.17069   7.729840768e+02
     0.17092   8.660934860e+02
     0.17114   1.048782771e+03
     0.17137   8.703974072e+02
     0.17160   1.131438338e+03
     0.17183   1.058064034e+03
     0.17206   8.246457809e+02
     0.17229   8.921078073e+02
     0.17252   9.277595689e+02
     0.17275   1.266960315e+03
     0.17298   1.527702292e+03
     0.17321   9.308910387e+02
     0.17344   1.380110340e+03
     0.17367   1.162766651e+03
     0.17390   1.674317631e+03
     0.17414   8.950594224e+02
     0.17437   1.332078726e+03
     0.17460   1.195815947e+03
     0.17483   1.127726717e+03
     0.17507   1.315347695e+03
     0.17530   1.792337700e+03
     0.17553   1.809212887e+03
     0.17577   1.610339249e+03
     0.17600   2.002170023e+03
     0.17624   2.063727347e+03
     0.17647   1.380523456e+03
     0.17671   2.388108388e+03
     0.17694   1.061265681e+03
     0.17718   2.095320573e+03
     0.17742   1.899796798e+03
     0.17765   2.556124814e+03
     0.17789   3.941716784e+03
     0.17813   3.216889163e+03
     0.17837   3.168736717e+03
     0.17860   3.814895940e+03
     0.17884   3.022294232e+03
     0.17908   6.244587292e+03
     0.17932   5.026043553e+03
     0.17956   8.833369451e+03
     0.17980   7.960060816e+03
     0.18004   8.484560355e+03
     0.18028   8.955624763e+03
     0.18052   4.424975543e+03
     0.18076   1.655590730e+03
     0.18100   6.061738807e+03
     0.18124   6.472105725e+03
     0.18148   6.270404061e+03
     0.18173   4.251761884e+03
     0.18197   3.003254556e+03
     0.18221   7.393619836e+03
     0.18246   5.360737099e+03
     0.18270   2.567978910e+03
     0.18294   5.689395550e+03
     0.18319   4.723829341e+03
     0.18343   6.862038579e+03
     0.18368   2.979985064e+03
     0.18392   5.111812755e+03
     0.18417   4.210530732e+03
     0.18441   5.018894774e+03
     0.18466   2.228638778e+03
     0.18490   3.141373975e+03
     0.18515   1.924179708e+03
     0.18540   6.745700282e+03
     0.18565   4.468629411e+03
     0.18589   5.361309578e+03
     0.18614   8.615654272e+03
     0.18639   6.366426671e+03
     0.18664   9.021458962e+03
     0.18689   7.925636977e+03
     0.18714   6.551752385e+03
     0.18739   6.445274215e+03
     0.18764   7.089259573e+03
     0.18789   1.067044569e+04
     0.18814   8.161178700e+03
     0.18839   7.415001131e+03
     0.18864   7.524118585e+03
     0.18889   9.730362804e+03
     0.18914   8.683228934e+03
     0.18940   9.036011154e+03
     0.18965   5.762154945e+03
     0.18990   7.495931807e+03
     0.19015   5.677528460e+03
     0.19041   8.863594370e+03
     0.19066   7.903330666e+03
     0.19092   6.075336434e+03
     0.19117   8.505089196e+03
     0.19143   8.150294823e+03
     0.19168   7.990396943e+03
     0.19194   1.047776571e+04
     0.19219   8.500195302e+03
     0.19245   8.657802446e+03
     0.19271   7.885015946e+03
     0.19296   4.209632448e+03
     0.19322   5.835199549e+03
     0.19348   9.735489559e+03
     0.19374   6.450838450e+03
     0.19400   5.908799988e+03
     0.19425   1.303325672e+04
     0.19451   1.301521937e+04
     0.19477   1.126694104e+04
     0.19503   1.106305178e+04
     0.19529   1.110990826e+04
     0.19555   1.245660268e+04
     0.19581   1.533524436e+04
     0.19608   1.496446745e+04
     0.19634   1.556215787e+04
     0.19660   1.661131734e+04
     0.19686   1.686897218e+04
     0.19712   1.592359326e+04
     0.19739   1.803976824e+04
     0.19765   1.239773796e+04
     0.19791   9.594447224e+03
     0.19818   1.360623006e+04
     0.19844   1.338737504e+04
     0.19871   1.645067147e+04
     0.19897   1.138099440e+04
     0.19924   1.651947789e+04
     0.19950   2.274898474e+04
     0.19977   1.631215919e+04
     0.20004   1.610742059e+04
     0.20030   1.840303258e+04
     0.20057   1.448312496e+04
     0.20084   1.423398602e+04
     0.20111   1.473200253e+04
     0.20138   2.005860736e+04
     0.20164   1.783661673e+04
     0.20191   2.132750317e+04
     0.20218   9.286661150e+03
     0.20245   1.403314597e+04
     0.20272   1.351878132e+04
     0.20299   1.861282693e+04
     0.20326   2.063012398e+04
     0.20353   2.057285308e+04
     0.20381   2.086857186e+04
     0.20408   1.851232247e+04
     0.20435   2.864408898e+04
     0.20462   2.993907498e+04
     0.20490   2.587795180e+04
     0.20517   2.178331733e+04
     0.20544   2.423851584e+04
     0.20572   1.964616151e+04
     0.20599   2.331976745e+04
     0.20627   1.695801046e+04
     0.20654   2.128373739e+04
     0.20682   2.206990444e+04
     0.20709   5.711754586e+04
     0.20737   6.613484452e+04
     0.20765   4.901830156e+04
     0.20792   4.069738519e+04
     0.20820   6.038415747e+04
     0.20848   3.655577130e+04
     0.20876   5.317942062e+04
     0.20904   5.840898915e+04
     0.20931   6.313279425e+04
     0.20959   5.189245069e+04
     0.20987   5.487351495e+04
     0.21015   4.836587759e+04
     0.21043   7.223116348e+04
     0.21071   6.902805260e+04
     0.21100   4.991304009e+04
     0.21128   6.879947524e+04
     0.21156   7.599116090e+04
     0.21184   8.498572193e+04
     0.21212   7.078873413e+04
     0.21241   1.989475781e+04
     0.21269   4.302757583e+04
     0.21297   6.239711330e+04
     0.21326   6.132008512e+04
     0.21354   4.903320739e+04
     0.21383   5.769873837e+04
     0.21411   6.829160366e+04
     0.21440   6.614277042e+04
     0.21468   4.481988044e+04
     0.21497   7.115814100e+04
     0.21526   6.178608274e+04
     0.21555   5.707821332e+04
     0.21583   6.342739906e+04
     0.21612   5.705732664e+04
     0.21641   7.003197348e+04
     0.21670   2.786326779e+04
     0.21699   5.927149641e+04
     0.21728   5.653539366e+04
     0.21757   3.975609525e+04
     0.21786   6.646851606e+04
     0.21815   1.026676242e+05
     0.21844   7.138874151e+04
     0.21873   4.770164278e+04
     0.21902   9.879412499e+04
     0.21931   7.914898923e+04
     0.21961   1.073749793e+05
     0.21990   8.690761249e+04
     0.22019   7.552303660e+04
     0.22049   8.903282387e+04
     0.22078   4.650377426e+04
     0.22108   3.182186701e+04
     0.22137   6.207220228e+04
     0.22167   3.819833690e+04
     0.22196   4.788777799e+04
     0.22226   6.414248114e+04
     0.22255   6.280139594e+04
     0.22285   7.054907331e+04
     0.22315   8.231210696e+04
     0.22345   1.091234249e+05
     0.22374   1.051454374e+05
     0.22404   1.233800635e+05
     0.22434   8.899521485e+04
     0.22464   9.178387056e+04
     0.22494   6.084641446e+04
     0.22524   6.273205501e+04
     0.22554   7.318480282e+04
     0.22584   7.839491007e+04
     0.22614   6.586150069e+04
     0.22645   6.561532995e+04
     0.22675   6.955601847e+04
     0.22705   8.857955129e+04
     0.22735   9.454242075e+04
     0.22766   9.358409918e+04
     0.22796   9.072671651e+04
     0.22826   1.157032955e+05
     0.22857   1.011004093e+05
     0.22887   1.015164860e+05
     0.22918   8.184324164e+04
     0.22948   1.354875501e+05
     0.22979   4.775436968e+04
     0.23010   1.137358209e+05
     0.23040   9.580459933e+04
     0.23071   1.417090945e+05
     0.23102   1.431292064e+05
     0.23133   5.922339114e+04
     0.23164   8.347740208e+04
     0.23195   8.407336703e+04
     0.23226   1.318314722e+05
     0.23257   1.037321148e+05
     0.23288   8.628069599e+04
     0.23319   4.348145530e+04
     0.23350   6.722146922e+04
     0.23381   5.470778711e+04
     0.23412   7.831564715e+04
     0.23443   1.725428325e+04
     0.23475   3.091156076e+04
     0.23506   7.324219992e+04
     0.23537   9.067413304e+04
     0.23569   5.472386637e+04
     0.23600   2.461319070e+04
     0.23632   5.613201772e+04
     0.23663   2.670378232e+04
     0.23695   4.599723222e+04
     0.23726   6.659172145e+04
     0.23758   4.494242439e+04
     0.23790   5.894048617e+04
     0.23821   1.297073252e+04
     0.23853   4.210536641e+04
     0.23885   3.534480961e+04
     0.23917   5.370990221e+04
     0.23949   3.112339008e+04
     0.23981   3.301903779e+04
     0.24013   5.277833254e+04
     0.24045   3.728344305e+04
     0.24077   3.441522102e+04
     0.24109   3.137662368e+04
     0.24141   6.159104356e+04
     0.24173   1.076098843e+05
     0.24206   1.358416092e+05
     0.24238   1.425317499e+05
     0.24270   1.840506695e+05
     0.24303   1.001243177e+05
     0.24335   1.247943961e+05
     0.24368   1.267384665e+05
     0.24400   7.835523527e+04
     0.24433   1.395574801e+05
     0.24465   1.209507263e+05
     0.24498   1.164667455e+05
     0.24531   1.375528891e+05
     0.24563   1.998969865e+05
     0.24596   1.487160862e+05
     0.24629   8.429044232e+04
     0.24662   1.127356472e+05
     0.24695   1.243977769e+05
     0.24728   1.165148451e+05
     0.24761   1.500215594e+05
     0.24794   1.019319118e+05
     0.24827   9.924610531e+04
     0.24860   1.062565494e+05
     0.24893   5.446492614e+04
     0.24926   5.975818164e+04
     0.24959   1.355397322e+05
     0.24993   1.415708601e+05
     0.25026   1.372491848e+05
     0.25059   1.253375746e+05
     0.25093   1.590171517e+05
     0.25126   8.650558067e+04
     0.25160   4.401643370e+04
     0.25193   6.687354265e+04
     0.25227   5.443828780e+04
     0.25261   4.588603886e+04
     0.25294   3.843898209e+04
     0.25328   1.120173835e+05
     0.25362   7.777340748e+04
     0.25396   1.155285124e+05
     0.25430   6.800529748e+04
     0.25464   7.486485081e+04
     0.25498   8.354329555e+04
     0.25532   2.096778292e+05
     0.25566   1.626774366e+05
     0.25600   1.537465233e+05
     0.25634   9.836421776e+04
     0.25668   1.698888557e+05
     0.25702   1.889283204e+05
     0.25737   1.903105814e+05
     0.25771   8.446188861e+04
     0.25805   1.965008961e+05
     0.25840   1.134123552e+05
     0.25874   9.505335015e+04
     0.25909   1.895037166e+05
     0.25943   1.127164670e+05
     0.25978   9.064365583e+04
     0.26013   7.130099073e+04
     0.26047   1.315572314e+05
     0.26082   7.279635928e+04
     0.26117   7.716406458e+04
     0.26152   9.673775969e+04
     0.26187   1.292853536e+05
     0.26222   1.528325666e+05
     0.26257   1.012942060e+05
     0.26292   8.330036258e+04
     0.26327   7.576127738e+04
     0.26362   2.524024506e+05
     0.26397   3.572656646e+05
     0.26432   2.893083717e+05
     0.26468   2.916197327e+05
     0.26503   3.496980512e+05
     0.26538   3.403567114e+05
     0.26574   3.239552216e+05
     0.26609   2.730657254e+05
     0.26645   2.967938907e+05
     0.26680   2.161634022e+05
     0.26716   3.147366840e+05
     0.26751   3.494448165e+05
     0.26787   2.859392453e+05
     0.26823   3.356988228e+05
     0.26859   4.055731657e+05
     0.26894   3.120286416e+05
     0.26930   3.252276789e+05
     0.26966   3.162242916e+05
     0.27002   3.845414658e+05
     0.27038   3.631720354e+05
     0.27074   3.336037159e+05
     0.27110   2.600885456e+05
     0.27147   2.785597747e+05
     0.27183   1.702790498e+05
     0.27219   2.674041852e+05
     0.27255   1.863306360e+05
     0.27292   2.785189080e+05
     0.27328   2.261700308e+05
     0.27365   2.024815870e+05
     0.27401   1.597813248e+05
     0.27438   1.491393889e+05
     0.27474   1.344795784e+05
     0.27511   1.534540322e+05
     0.27548   1.504178984e+05
     0.27584   2.436300592e+05
     0.27621   2.637598963e+05
     0.27658   2.929879314e+05
     0.27695   2.688426393e+05
     0.27732   2.924035412e+05
     0.27769   2.710345646e+05
     0.27806   1.534878441e+05
     0.27843   1.870868180e+05
     0.27880   1.607573109e+05
     0.27917   8.620121989e+04
     0.27955   3.018947036e+04
     0.27992   5.650246964e+04
     0.28029   3.596422377e+04
     0.28067   8.939836991e+04
     0.28104   1.939410389e+05
     0.28142   2.475101422e+05
     0.28179   3.346203485e+05
     0.28217   4.332819041e+05
     0.28254   4.192259989e+05
     0.28292   4.393977435e+05
     0.28330   4.111024917e+05
     0.28368   4.060579590e+05
     0.28406   4.235277348e+05
     0.28443   3.394989629e+05
     0.28481   3.749888981e+05
     0.28519   1.231843983e+05
     0.28557   2.703934659e+05
     0.28596   4.785604173e+05
     0.28634   5.045944469e+05
     0.28672   4.069732294e+05
     0.28710   5.571023201e+05
     0.28748   4.609129863e+05
     0.28787   4.582824167e+05
     0.28825   3.575678676e+05
     0.28864   6.259420435e+05
     0.28902   4.667655278e+05
     0.28941   4.384052370e+05
     0.28979   6.183386941e+05
     0.29018   6.782488231e+05
     0.29057   6.889917295e+05
     0.29096   6.324136452e+05
     0.29134   6.722953416e+05
     0.29173   6.079144998e+05
     0.29212   6.783747330e+05
     0.29251   5.442841552e+05
     0.29290   5.357871109e+05
     0.29329   6.314733038e+05
     0.29368   6.495498524e+05
     0.29408   5.238263534e+05
     0.29447   6.475022331e+05
     0.29486   4.785131224e+05
     0.29525   6.731423084e+05
     0.29565   6.512373274e+05
     0.29604   7.188776563e+05
     0.29644   6.876969545e+05
     0.29683   6.193764048e+05
     0.29723   5.882438130e+05
     0.29763   8.613664088e+05
     0.29802   6.713235271e+05
     0.29842   4.741648487e+05
     0.29882   6.025994802e+05
     0.29922   7.856757401e+05
     0.29962   6.330545280e+05
     0.30002   6.606795036e+05
     0.30042   5.929658490e+05
     0.30082   6.674274700e+05
     0.30122   7.620577556e+05
     0.30162   7.288404702e+05
     0.30202   4.380639496e+05
     0.30243   7.894947659e+05
     0.30283   7.156284834e+05
     0.30323   7.566986354e+05
     0.30364   7.103592723e+05
     0.30404   7.091879742e+05
     0.30445   7.229721702e+05
     0.30486   7.066729994e+05
     0.30526   8.076850514e+05
     0.30567   6.802095422e+05
     0.30608   6.999883509e+05
     0.30649   8.224371459e+05
     0.30689   7.407635034e+05
     0.30730   8.278752255e+05
     0.30771   8.132329703e+05
     0.30812   7.585455171e+05
     0.30854   9.842793640e+05
     0.30895   7.812293323e+05
     0.30936   6.908720058e+05
     0.30977   7.477910395e+05
     0.31019   6.238319631e+05
     0.31060   8.359352271e+05
     0.31101   8.747909347e+05
     0.31143   8.957456840e+05
     0.31184   7.975560647e+05
     0.31226   7.595799907e+05
     0.31268   8.625687058e+05
     0.31309   7.868698342e+05
     0.31351   8.227856251e+05
     0.31393   8.757519298e+05
     0.31435   7.339809284e+05
     0.31477   8.074406577e+05
     0.31519   9.871233721e+05
     0.31561   8.353630037e+05
     0.31603   6.407624511e+05
     0.31645   7.792318366e+05
     0.31687   7.798085549e+05
     0.31730   9.861622195e+05
     0.31772   9.303813186e+05
     0.31814   6.387363388e+05
     0.31857   7.713666587e+05
     0.31899   9.285255622e+05
     0.31942   7.199787014e+05
     0.31985   8.421459265e+05
     0.32027   8.609855210e+05
     0.32070   1.000743836e+06
     0.32113   6.974803216e+05
     0.32156   7.508874510e+05
     0.32198   9.091773693e+05
     0.32241   8.675587178e+05
     0.32284   6.237781180e+05
     0.32328   7.474211535e+05
     0.32371   7.415470848e+05
     0.32414   8.605204735e+05
     0.32457   9.824200298e+05
     0.32500   8.392910407e+05
     0.32544   9.553571917e+05
     0.32587   1.059412577e+06
     0.32631   1.040549959e+06
     0.32674   1.018754735e+06
     0.32718   9.563992462e+05
     0.32761   9.883069629e+05
     0.32805   9.271011854e+05
     0.32849   1.011882780e+06
     0.32893   1.006873364e+06
     0.32937   1.127991825e+06
     0.32981   1.129080073e+06
     0.33025   1.017097114e+06
     0.33069   9.925852007e+05
     0.33113   1.066563197e+06
     0.33157   9.689988644e+05
     0.33201   1.125841848e+06
     0.33245   9.734855765e+05
     0.33290   1.008264675e+06
     0.33334   1.161502320e+06
     0.33379   9.292923154e+05
     0.33423   1.019109212e+06
     0.33468   1.076871548e+06
     0.33513   9.419368163e+05
     0.33557   1.088658373e+06
     0.33602   7.604179502e+05
     0.33647   1.026638880e+06
     0.33692   8.819526203e+05
     0.33737   8.089781837e+05
     0.33782   1.103974444e+06
     0.33827   8.618095461e+05
     0.33872   1.076935165e+06
     0.33917   9.982332379e+05
     0.33962   9.960969742e+05
     0.34008   1.125429036e+06
     0.34053   9.635051040e+05
     0.34098   9.685679965e+05
     0.34144   9.481840843e+05
     0.34190   1.006444017e+06
     0.34235   1.011830203e+06
     0.34281   1.045125795e+06
     0.34327   1.112380172e+06
     0.34372   1.207009563e+06
     0.34418   8.604932846e+05
     0.34464   1.011411327e+06
     0.34510   1.220353415e+06
     0.34556   1.169093886e+06
     0.34602   9.815210344e+05
     0.34648   1.068679141e+06
     0.34695   1.228154539e+06
     0.34741   1.054743024e+06
     0.34787   9.993090070e+05
     0.34834   1.186768471e+06
     0.34880   1.247864459e+06
     0.34927   1.077932696e+06
     0.34973   1.037483315e+06
     0.35020   1.343827056e+06
     0.35067   1.290322753e+06
     0.35113   1.159557600e+06
     0.35160   1.171813431e+06
     0.35207   1.140373909e+06
     0.35254   9.528728761e+05
     0.35301   1.232387124e+06
     0.35348   1.204453822e+06
     0.35396   1.279317660e+06
     0.35443   1.296497511e+06
     0.35490   1.295628991e+06
     0.35537   1.119929536e+06
     0.35585   1.267370386e+06
     0.35632   1.311151707e+06
     0.35680   1.033670730e+06
     0.35727   1.025604849e+06
     0.35775   1.146396854e+06
     0.35823   1.104960825e+06
     0.35871   9.348168337e+05
     0.35918   1.173173762e+06
     0.35966   1.257092764e+06
     0.36014   1.393089907e+06
     0.36062   1.175290914e+06
     0.36111   1.127110913e+06
     0.36159   1.257030462e+06
     0.36207   1.004014587e+06
     0.36255   1.410126460e+06
     0.36304   1.266430342e+06
     0.36352   1.122413093e+06
     0.36401   1.410040897e+06
     0.36449   1.267071000e+06
     0.36498   1.138097528e+06
     0.36546   1.411948142e+06
     0.36595   1.384662325e+06
     0.36644   1.314688032e+06
     0.36693   1.183089479e+06
     0.36742   1.361442557e+06
     0.36791   1.192398845e+06
     0.36840   1.183000963e+06
     0.36889   1.196878963e+06
     0.36938   1.349006440e+06
     0.36988   1.433621594e+06
     0.37037   1.254423285e+06
     0.37086   1.205763445e+06
     0.37136   1.413263295e+06
     0.37185   1.508861945e+06
     0.37235   1.101969409e+06
     0.37285   1.530522126e+06
     0.37335   1.134687500e+06
     0.37384   1.184451071e+06
     0.37434   1.561983714e+06
     0.37484   1.011527830e+06
     0.37534   1.413509083e+06
     0.37584   1.623123504e+06
     0.37634   1.627239703e+06
     0.37685   1.452383626e+06
     0.37735   1.362714311e+06
     0.37785   1.764260326e+06
     0.37836   2.240709160e+06
     0.37886   1.739944583e+06
     0.37937   1.618345134e+06
     0.37987   1.214332654e+06
     0.38038   1.875142093e+06
     0.38089   1.892055531e+06
     0.38140   1.999501716e+06
     0.38190   1.716052606e+06
     0.38241   1.679570436e+06
     0.38292   1.394334333e+06
     0.38344   1.041182719e+06
     0.38395   1.179256250e+06
     0.38446   1.757518325e+06
     0.38497   2.022524547e+06
     0.38549   2.048721379e+06
     0.38600   1.679580237e+06
     0.38651   2.060874868e+06
     0.38703   1.788561838e+06
     0.38755   1.970110141e+06
     0.38806   1.773621879e+06
     0.38858   1.563493164e+06
     0.38910   1.366584679e+06
     0.38962   1.852104932e+06
     0.39014   2.031963914e+06
     0.39066   1.813845415e+06
     0.39118   2.293493302e+06
     0.39170   2.124827317e+06
     0.39223   1.809455060e+06
     0.39275   1.763191868e+06
     0.39327   7.002395486e+05
     0.39380   9.824586527e+05
     0.39432   1.770169845e+06
     0.39485   2.091891458e+06
     0.39538   2.239944770e+06
     0.39590   2.184100015e+06
     0.39643   1.471245351e+06
     0.39696   6.564485810e+05
     0.39749   1.456074741e+06
     0.39802   2.203149495e+06
     0.39855   2.215359219e+06
     0.39908   2.634301520e+06
     0.39962   2.447849318e+06
     0.40015   2.570144196e+06
     0.40068   2.569098425e+06
     0.40122   2.639948607e+06
     0.40175   2.675717607e+06
     0.40229   2.693949472e+06
     0.40283   2.673735360e+06
     0.40336   2.351540461e+06
     0.40390   2.786502534e+06
     0.40444   2.460314495e+06
     0.40498   2.791842679e+06
     0.40552   2.706743918e+06
     0.40606   2.713803097e+06
     0.40660   2.376431743e+06
     0.40715   2.533682749e+06
     0.40769   2.506247009e+06
     0.40823   2.706007549e+06
     0.40878   2.745689677e+06
     0.40932   2.757542005e+06
     0.40987   2.257873549e+06
     0.41042   1.696306026e+06
     0.41096   2.515998192e+06
     0.41151   2.763494842e+06
     0.41206   2.790918094e+06
     0.41261   2.831887497e+06
     0.41316   2.620507082e+06
     0.41371   2.794872471e+06
     0.41426   2.790171307e+06
     0.41482   2.956138255e+06
     0.41537   2.756190771e+06
     0.41592   2.939508723e+06
     0.41648   2.933441754e+06
     0.41704   2.866557745e+06
     0.41759   2.620420720e+06
     0.41815   2.811518149e+06
     0.41871   2.883220677e+06
     0.41927   2.965781710e+06
     0.41982   2.698349234e+06
     0.42038   2.652695859e+06
     0.42095   2.968836710e+06
     0.42151   2.902021366e+06
     0.42207   2.996860077e+06
     0.42263   2.511317286e+06
     0.42320   3.081315423e+06
     0.42376   2.832077942e+06
     0.42433   2.918430113e+06
     0.42489   2.793119525e+06
     0.42546   2.900951343e+06
     0.42603   2.879398980e+06
     0.42660   3.025206093e+06
     0.42717   2.629007095e+06
     0.42773   2.852022475e+06
     0.42831   2.840693765e+06
     0.42888   2.534177959e+06
     0.42945   2.759367520e+06
     0.43002   2.380360389e+06
     0.43060   2.312814683e+06
     0.43117   2.253772197e+06
     0.43175   3.002820131e+06
     0.43232   2.932110739e+06
     0.43290   2.649508949e+06
     0.43348   2.814068297e+06
     0.43405   1.808962508e+06
     0.43463   2.524658679e+06
     0.43521   2.747724301e+06
     0.43579   3.099010241e+06
     0.43638   3.213916930e+06
     0.43696   3.113497565e+06
     0.43754   3.022668948e+06
     0.43812   3.199952884e+06
     0.43871   2.726945360e+06
     0.43929   3.077383220e+06
     0.43988   2.994478945e+06
     0.44047   3.086587860e+06
     0.44106   3.124589509e+06
     0.44164   3.106072684e+06
     0.44223   3.192995382e+06
     0.44282   3.316824707e+06
     0.44341   3.068322187e+06
     0.44401   3.363557442e+06
     0.44460   3.129469593e+06
     0.44519   3.256649977e+06
     0.44579   2.891100284e+06
     0.44638   3.140500970e+06
     0.44698   3.130089889e+06
     0.44757   3.424266334e+06
     0.44817   3.206541530e+06
     0.44877   3.339832240e+06
     0.44937   3.327808768e+06
     0.44997   3.305123350e+06
     0.45057   3.602480213e+06
     0.45117   3.571576963e+06
     0.45177   3.446944921e+06
     0.45237   3.351917816e+06
     0.45298   3.204581530e+06
     0.45358   3.296742838e+06
     0.45418   3.497790826e+06
     0.45479   3.276142169e+06
     0.45540   3.421327720e+06
     0.45600   3.489929655e+06
     0.45661   3.549367055e+06
     0.45722   3.434771723e+06
     0.45783   3.536723708e+06
     0.45844   3.210218514e+06
     0.45906   3.423866789e+06
     0.45967   3.380374447e+06
     0.46028   3.382421058e+06
     0.46090   3.576766693e+06
     0.46151   3.400819473e+06
     0.46213   3.474535645e+06
     0.46274   3.613195187e+06
     0.46336   3.531288477e+06
     0.46398   3.554370812e+06
     0.46460   3.623231393e+06
     0.46522   3.597260365e+06
     0.46584   3.577730084e+06
     0.46646   3.660806919e+06
     0.46708   3.440143902e+06
     0.46770   3.628551884e+06
     0.46833   3.588130722e+06
     0.46895   3.582191112e+06
     0.46958   3.707642095e+06
     0.47021   3.532737694e+06
     0.47083   3.530072739e+06
     0.47146   3.626275434e+06
     0.47209   3.714517691e+06
     0.47272   3.654075985e+06
     0.47335   3.562200609e+06
     0.47398   3.621635019e+06
     0.47461   3.743174949e+06
     0.47525   3.769281791e+06
     0.47588   3.686620783e+06
     0.47652   3.589270382e+06
     0.47715   3.716328815e+06
     0.47779   3.856525715e+06
     0.47843   3.745625500e+06
     0.47907   3.628874939e+06
     0.47970   3.767752220e+06
     0.48034   3.723889842e+06
     0.48099   3.741328771e+06
     0.48163   3.722742443e+06
     0.48227   3.688926533e+06
     0.48291   3.800447977e+06
     0.48356   3.684599763e+06
     0.48420   3.493208763e+06
     0.48485   3.570257710e+06
     0.48550   3.269243718e+06
     0.48614   2.391682104e+06
     0.48679   3.039226825e+06
     0.48744   3.318816042e+06
     0.48809   3.512292987e+06
     0.48874   3.541811724e+06
     0.48940   3.640589726e+06
     0.49005   3.842260562e+06
     0.49070   3.803603523e+06
     0.49136   3.675547118e+06
     0.49201   3.593913523e+06
     0.49267   3.719527865e+06
     0.49333   3.856858070e+06
     0.49398   3.686502210e+06
     0.49464   3.847334372e+06
     0.49530   3.950346284e+06
     0.49596   3.757747632e+06
     0.49663   3.878134324e+06
     0.49729   3.887887944e+06
     0.49795   3.833850719e+06
     0.49862   3.512717801e+06
     0.49928   3.818962473e+06
     0.49995   3.865584693e+06
     0.50061   3.595877055e+06
     0.50128   3.702597415e+06
     0.50195   3.629273864e+06
     0.50262   3.758362090e+06
     0.50329   3.986882432e+06
     0.50396   3.628814304e+06
     0.50464   3.906078446e+06
     0.50531   3.780146247e+06
     0.50598   4.047630422e+06
     0.50666   3.916374315e+06
     0.50733   3.880271296e+06
     0.50801   3.765070519e+06
     0.50869   3.797186656e+06
     0.50937   4.058880162e+06
     0.51005   3.798031759e+06
     0.51073   3.905427110e+06
     0.51141   3.905826034e+06
     0.51209   4.042436816e+06
     0.51277   3.667335819e+06
     0.51346   3.944489567e+06
     0.51414   3.700176533e+06
     0.51483   3.949382491e+06
     0.51552   3.826924875e+06
     0.51620   4.006905293e+06
     0.51689   3.546279025e+06
     0.51758   3.623011221e+06
     0.51827   3.643078760e+06
     0.51897   3.896017129e+06
     0.51966   3.714602284e+06
     0.52035   3.968816801e+06
     0.52105   3.797122889e+06
     0.52174   3.921187982e+06
     0.52244   4.056520424e+06
     0.52313   3.707130416e+06
     0.52383   3.942781329e+06
     0.52453   4.010263342e+06
     0.52523   4.070455889e+06
     0.52593   3.862480474e+06
     0.52663   3.614714091e+06
     0.52734   3.510340872e+06
     0.52804   3.888070443e+06
     0.52874   4.014455842e+06
     0.52945   4.100827493e+06
     0.53016   3.872647791e+06
     0.53086   4.133546255e+06
     0.53157   4.027803352e+06
     0.53228   4.067097339e+06
     0.53299   3.787725545e+06
     0.53370   3.784389089e+06
     0.53441   4.035332761e+06
     0.53513   4.071598050e+06
     0.53584   4.218316509e+06
     0.53656   4.096219021e+06
     0.53727   3.940759393e+06
     0.53799   4.169273688e+06
     0.53871   4.129806441e+06
     0.53943   4.106723697e+06
     0.54014   4.010595385e+06
     0.54087   3.729316825e+06
     0.54159   4.037586816e+06
     0.54231   4.063959962e+06
     0.54303   4.111507030e+06
     0.54376   4.075099381e+06
     0.54448   4.195183764e+06
     0.54521   4.173609541e+06
     0.54594   4.149589561e+06
     0.54667   4.154355341e+06
     0.54739   4.231002379e+06
     0.54813   4.076054948e+06
     0.54886   4.156095408e+06
     0.54959   4.104573372e+06
     0.55032   4.233266507e+06
     0.55106   4.087256001e+06
     0.55179   4.252229154e+06
     0.55253   4.207974182e+06
     0.55327   4.185362286e+06
     0.55400   4.294755814e+06
     0.55474   4.310737567e+06
     0.55548   4.238178158e+06
     0.55622   4.184503550e+06
     0.55697   4.222074985e+06
     0.55771   4.155590537e+06
     0.55845   4.259530393e+06
     0.55920   4.036118385e+06
     0.55994   4.062445281e+06
     0.56069   4.266646851e+06
     0.56144   4.220813858e+06
     0.56219   4.312713995e+06
     0.56294   4.281010480e+06
     0.56369   4.293591081e+06
     0.56444   4.267993665e+06
     0.56519   4.323001037e+06
     0.56595   4.071667404e+06
     0.56670   4.248748648e+06
     0.56746   4.327602396e+06
     0.56822   4.334476772e+06
     0.56898   4.264499855e+06
     0.56973   4.377103175e+06
     0.57049   4.279705000e+06
     0.57126   4.146630704e+06
     0.57202   4.386459634e+06
     0.57278   4.455294228e+06
     0.57355   4.441739675e+06
     0.57431   4.453071205e+06
     0.57508   4.358189831e+06
     0.57584   4.308905290e+06
     0.57661   4.404269721e+06
     0.57738   4.430963728e+06
     0.57815   4.416548542e+06
     0.57892   4.340947643e+06
     0.57970   4.420814475e+06
     0.58047   4.449105901e+06
     0.58124   4.428292054e+06
     0.58202   4.457399669e+06
     0.58280   4.499490119e+06
     0.58357   4.463518865e+06
     0.58435   4.498316818e+06
     0.58513   4.445981315e+06
     0.58591   4.336367013e+06
     0.58669   4.393685049e+06
     0.58748   4.518333903e+06
     0.58826   4.468663795e+06
     0.58905   4.259601996e+06
     0.58983   4.283908420e+06
     0.59062   4.491334370e+06
     0.59141   4.458574892e+06
     0.59220   4.478435449e+06
     0.59299   4.412396239e+06
     0.59378   4.492105391e+06
     0.59457   4.512418631e+06
     0.59536   4.434614758e+06
     0.59616   4.509330278e+06
     0.59695   4.534609586e+06
     0.59775   4.456101706e+06
     0.59855   4.430145317e+06
     0.59934   4.518034786e+06
     0.60014   4.460397053e+06
     0.60095   4.466117312e+06
     0.60175   4.444826561e+06
     0.60255   4.380950037e+06
     0.60335   4.468064650e+06
     0.60416   4.567461498e+06
     0.60496   4.565738375e+06
     0.60577   4.486563603e+06
     0.60658   4.496141945e+06
     0.60739   4.578615021e+06
     0.60820   4.501391309e+06
     0.60901   4.476491933e+06
     0.60982   4.539728308e+06
     0.61064   4.367177764e+06
     0.61145   4.524284215e+06
     0.61227   4.490149764e+06
     0.61309   4.432189835e+06
     0.61390   4.411612238e+06
     0.61472   4.414846827e+06
     0.61554   4.434786069e+06
     0.61636   4.278699176e+06
     0.61719   4.414918194e+06
     0.61801   4.514012103e+06
     0.61883   4.574625797e+06
     0.61966   4.481744631e+06
     0.62049   4.570285227e+06
     0.62131   4.541240153e+06
     0.62214   4.500850077e+06
     0.62297   4.496016770e+06
     0.62380   4.464665658e+06
     0.62464   4.369053638e+06
     0.62547   4.421505737e+06
     0.62630   4.536931054e+06
     0.62714   4.514792028e+06
     0.62798   4.442569796e+06
     0.62882   4.529928788e+06
     0.62965   4.513295582e+06
     0.63049   4.505641879e+06
     0.63134   4.531896958e+06
     0.63218   4.433046054e+06
     0.63302   4.601934882e+06
     0.63387   4.529468207e+06
     0.63471   4.543833763e+06
     0.63556   4.571396045e+06
     0.63641   4.505216341e+06
     0.63726   4.575798779e+06
     0.63811   4.601590418e+06
     0.63896   4.601534224e+06
     0.63981   4.500380620e+06
     0.64066   4.558138165e+06
     0.64152   4.533906090e+06
     0.64237   4.538014030e+06
     0.64323   4.569725628e+06
     0.64409   4.549122188e+06
     0.64495   4.601623629e+06
     0.64581   4.552047098e+06
     0.64667   4.519403116e+06
     0.64753   4.535596722e+06
     0.64840   4.627303468e+06
     0.64926   4.546909285e+06
     0.65013   4.426900206e+06
     0.65100   4.608196265e+06
     0.65186   4.583053041e+06
     0.65273   4.593371001e+06
     0.65361   4.564810091e+06
     0.65448   4.439437267e+06
     0.65535   4.291698396e+06
     0.65623   3.311627837e+06
     0.65710   3.932235908e+06
     0.65798   4.389978321e+06
     0.65886   4.531801886e+06
     0.65973   4.513832138e+06
     0.66061   4.611112466e+06
     0.66150   4.626177270e+06
     0.66238   4.653778796e+06
     0.66326   4.570352399e+06
     0.66415   4.643413033e+06
     0.66503   4.656249191e+06
     0.66592   4.665943244e+06
     0.66681   4.613319030e+06
     0.66770   4.624652477e+06
     0.66859   4.677590294e+06
     0.66948   4.652048201e+06
     0.67037   4.641381823e+06
     0.67127   4.476384818e+06
     0.67216   4.613295553e+06
     0.67306   4.640684921e+06
     0.67396   4.673403424e+06
     0.67486   4.629109846e+06
     0.67576   4.660300497e+06
     0.67666   4.640482650e+06
     0.67756   4.656787443e+06
     0.67847   4.659184024e+06
     0.67937   4.647496509e+06
     0.68028   4.635385579e+06
     0.68119   4.647594265e+06
     0.68210   4.658456436e+06
     0.68301   4.644376698e+06
     0.68392   4.654024045e+06
     0.68483   4.629885395e+06
     0.68574   4.609590836e+06
     0.68666   4.676531803e+06
     0.68757   4.692086004e+06
     0.68849   4.665538198e+06
     0.68941   4.679264336e+06
     0.69033   4.712206641e+06
     0.69125   4.651666193e+06
     0.69217   4.651063939e+06
     0.69310   4.666466207e+06
     0.69402   4.691427949e+06
     0.69495   4.642529035e+06
     0.69588   4.684103616e+06
     0.69680   4.680509710e+06
     0.69773   4.622394105e+06
     0.69866   4.685206005e+06
     0.69960   4.687797689e+06
     0.70053   4.591788277e+06
     0.70146   4.631500456e+06
     0.70240   4.595326227e+06
     0.70334   4.643850700e+06
     0.70428   4.667718147e+06
     0.70522   4.699782916e+06
     0.70616   4.658702496e+06
     0.70710   4.642418624e+06
     0.70804   4.712797345e+06
     0.70899   4.619775888e+06
     0.70993   4.690060014e+06
     0.71088   4.682076849e+06
     0.71183   4.564676560e+06
     0.71278   4.639310033e+06
     0.71373   4.638260263e+06
     0.71468   4.611399646e+06
     0.71564   4.695457288e+06
     0.71659   4.585868756e+06
     0.71755   4.694972478e+06
     0.71850   4.627026352e+06
     0.71946   4.535871927e+06
     0.72042   4.677520486e+06
     0.72138   4.591101688e+06
     0.72235   4.619029868e+06
     0.72331   4.688968226e+06
     0.72427   4.646240484e+06
     0.72524   4.662474170e+06
     0.72621   4.668608047e+06
     0.72718   4.701380526e+06
     0.72815   4.652715977e+06
     0.72912   4.501428320e+06
     0.73009   4.662477489e+06
     0.73107   4.605410997e+06
     0.73204   4.691408194e+06
     0.73302   4.624186579e+06
     0.73400   4.697816370e+06
     0.73498   4.692019959e+06
     0.73596   4.657430223e+06
     0.73694   4.665335150e+06
     0.73792   4.694146510e+06
     0.73891   4.548666006e+06
     0.73989   4.657050320e+06
     0.74088   4.589817362e+06
     0.74187   4.552512675e+06
     0.74286   4.598296822e+06
     0.74385   4.676913206e+06
     0.74484   4.572093717e+06
     0.74583   4.706108628e+06
     0.74683   4.657833944e+06
     0.74783   4.652935463e+06
     0.74882   4.651836182e+06
     0.74982   4.618280038e+06
     0.75082   4.686030783e+06
     0.75183   4.619950952e+06
     0.75283   4.644498859e+06
     0.75383   4.687492977e+06
     0.75484   4.684898680e+06
     0.75585   4.624636092e+06
     0.75685   4.661478007e+06
     0.75786   4.675691347e+06
     0.75888   4.636736228e+06
     0.75989   4.672388521e+06
     0.76090   4.643233535e+06
     0.76192   4.598247794e+06
     0.76293   4.708015861e+06
     0.76395   4.704711141e+06
     0.76497   4.710827517e+06
     0.76599   4.519440615e+06
     0.76701   4.574944667e+06
     0.76804   4.671899483e+06
     0.76906   4.637849252e+06
     0.77009   4.654278925e+06
     0.77111   4.628152747e+06
     0.77214   4.617737686e+06
     0.77317   4.658668406e+06
     0.77421   4.671788279e+06
     0.77524   4.577280101e+06
     0.77627   4.679187074e+06
     0.77731   4.613702130e+06
     0.77835   4.634869842e+06
     0.77938   4.681289260e+06
     0.78042   4.636301448e+06
     0.78147   4.641299792e+06
     0.78251   4.673270188e+06
     0.78355   4.591069820e+06
     0.78460   4.649293740e+06
     0.78564   4.636448680e+06
     0.78669   4.668738702e+06
     0.78774   4.669988544e+06
     0.78879   4.661876183e+06
     0.78985   4.659477195e+06
     0.79090   4.658212704e+06
     0.79195   4.605488842e+06
     0.79301   4.593371428e+06
     0.79407   4.594651665e+06
     0.79513   4.580698123e+06
     0.79619   4.661924604e+06
     0.79725   4.663619773e+06
     0.79832   4.679176361e+06
     0.79938   4.661024443e+06
     0.80045   4.617031229e+06
     0.80152   4.668002293e+06
     0.80258   4.646197216e+06
     0.80366   4.620254851e+06
     0.80473   4.597306072e+06
     0.80580   4.625387422e+06
     0.80688   4.654655313e+06
     0.80795   4.630721619e+06
     0.80903   4.618190842e+06
     0.81011   4.584119449e+06
     0.81119   4.666749744e+06
     0.81227   4.671843980e+06
     0.81336   4.665733527e+06
     0.81444   4.657571891e+06
     0.81553   4.634593128e+06
     0.81662   4.631556303e+06
     0.81771   4.642542921e+06
     0.81880   4.574350210e+06
     0.81989   4.539687936e+06
     0.82098   4.569638180e+06
     0.82208   4.509116833e+06
     0.82318   4.589183442e+06
     0.82427   4.609879732e+06
     0.82537   4.563119621e+06
     0.82648   4.620317464e+06
     0.82758   4.596837177e+06
     0.82868   4.606174182e+06
     0.82979   4.595470364e+06
     0.83090   4.532855644e+06
     0.83200   4.585866950e+06
     0.83311   4.505529949e+06
     0.83423   4.501342930e+06
     0.83534   4.532810109e+06
     0.83645   4.554907942e+06
     0.83757   4.572317811e+06
     0.83869   4.519462419e+06
     0.83981   4.565763842e+06
     0.84093   4.566337538e+06
     0.84205   4.534449946e+06
     0.84317   4.549955537e+06
     0.84430   4.494996196e+06
     0.84542   4.525181651e+06
     0.84655   4.545374960e+06
     0.84768   4.497957675e+06
     0.84881   4.585344639e+06
     0.84994   4.201792954e+06
     0.85108   4.499231521e+06
     0.85221   4.520098173e+06
     0.85335   4.493769511e+06
     0.85449   3.697473152e+06
     0.85563   4.451899107e+06
     0.85677   4.585496470e+06
     0.85791   4.602455183e+06
     0.85906   4.532100846e+06
     0.86020   4.367843997e+06
     0.86135   4.525937900e+06
     0.86250   4.572774592e+06
     0.86365   4.592245892e+06
     0.86480   4.529434984e+06
     0.86596   4.238839364e+06
     0.86711   4.000663545e+06
     0.86827   4.441952119e+06
     0.86943   4.476057146e+06
     0.87059   4.575147641e+06
     0.87175   4.512971980e+06
     0.87291   4.583473363e+06
     0.87408   4.444984806e+06
     0.87524   4.248387441e+06
     0.87641   4.447045802e+06
     0.87758   4.539562063e+06
     0.87875   4.619733343e+06
     0.87993   4.573382154e+06
     0.88110   4.493354877e+06
     0.88228   4.558059421e+06
     0.88345   4.616358777e+06
     0.88463   4.510854038e+06
     0.88581   4.435989383e+06
     0.88699   4.177286862e+06
     0.88818   4.485280395e+06
     0.88936   4.574179295e+06
     0.89055   4.624832325e+06
     0.89174   4.589179106e+06
     0.89293   4.504284715e+06
     0.89412   4.640401568e+06
     0.89531   4.588177505e+06
     0.89650   4.605373293e+06
     0.89770   4.551780611e+06
     0.89890   4.567675266e+06
     0.90010   4.466468975e+06
     0.90130   4.153240289e+06
     0.90250   4.249647117e+06
     0.90371   4.527605506e+06
     0.90491   4.588381209e+06
     0.90612   4.449268937e+06
     0.90733   4.599425469e+06
     0.90854   4.533739509e+06
     0.90975   4.384749697e+06
     0.91096   4.509995312e+06
     0.91218   4.573292375e+06
     0.91340   4.599318460e+06
     0.91462   4.579952270e+06
     0.91584   4.609012176e+06
     0.91706   4.589556607e+06
     0.91828   4.552560486e+06
     0.91951   4.571782723e+06
     0.92073   4.510780713e+06
     0.92196   4.298656508e+06
     0.92319   3.971720179e+06
     0.92442   4.305504196e+06
     0.92566   4.406318868e+06
     0.92689   4.474213842e+06
     0.92813   4.555898947e+06
     0.92937   4.535663755e+06
     0.93061   4.554976238e+06
     0.93185   4.553427363e+06
     0.93309   4.556025040e+06
     0.93434   4.566422340e+06
     0.93558   4.560557114e+06
     0.93683   4.536439693e+06
     0.93808   4.562790185e+06
     0.93933   4.519849180e+06
     0.94059   4.447572119e+06
     0.94184   4.384249658e+06
     0.94310   4.460218991e+06
     0.94436   4.475366627e+06
     0.94562   4.501780066e+06
     0.94688   4.544897189e+06
     0.94814   4.544207223e+06
     0.94941   4.534658072e+06
     0.95067   4.501276706e+06
     0.95194   4.486266200e+06
     0.95321   4.409806483e+06
     0.95448   3.995057223e+06
     0.95576   4.188866798e+06
     0.95703   4.413614285e+06
     0.95831   4.467038720e+06
     0.95959   4.490479730e+06
     0.96087   4.416721986e+06
     0.96215   4.477399067e+06
     0.96343   4.461352185e+06
     0.96472   4.473641536e+06
     0.96601   4.395602033e+06
     0.96730   4.503008670e+06
     0.96859   4.478374829e+06
     0.96988   4.475232458e+06
     0.97117   4.512402501e+06
     0.97247   4.515211442e+06
     0.97377   4.458413316e+06
     0.97506   4.465419249e+06
     0.97637   4.481008285e+06
     0.97767   4.497217028e+06
     0.97897   4.470609920e+06
     0.98028   4.477528437e+06
     0.98159   4.498025131e+06
     0.98290   4.478907151e+06
     0.98421   4.463123385e+06
     0.98552   4.458116714e+06
     0.98684   4.466399684e+06
     0.98815   4.483906593e+06
     0.98947   4.413526318e+06
     0.99079   4.413248602e+06
     0.99211   4.463139117e+06
     0.99344   4.451822732e+06
     0.99476   4.433481235e+06
     0.99609   4.444764598e+06
     0.99742   4.440280309e+06
     0.99875   4.448602046e+06
     1.00008   4.430556156e+06
     1.00142   4.407499865e+06
     1.00275   4.385241505e+06
     1.00409   4.247413121e+06
     1.00543   3.810829602e+06
     1.00677   4.233359644e+06
     1.00811   4.382970921e+06
     1.00946   4.397731070e+06
     1.01081   4.370140323e+06
     1.01216   4.396001617e+06
     1.01351   4.440454110e+06
     1.01486   4.402928316e+06
     1.01621   4.378265481e+06
     1.01757   4.436764839e+06
     1.01893   4.350142745e+06
     1.02028   4.391484949e+06
     1.02165   4.361418616e+06
     1.02301   4.414179400e+06
     1.02437   4.395731101e+06
     1.02574   4.440391929e+06
     1.02711   4.418311508e+06
     1.02848   4.427052833e+06
     1.02985   4.386176607e+06
     1.03123   4.399544996e+06
     1.03260   4.384918116e+06
     1.03398   4.363523405e+06
     1.03536   4.360800547e+06
     1.03674   4.408457987e+06
     1.03812   4.325013841e+06
     1.03951   4.387420267e+06
     1.04090   4.379153301e+06
     1.04228   4.391722383e+06
     1.04368   4.371781222e+06
     1.04507   4.369126447e+06
     1.04646   4.270749223e+06
     1.04786   4.329042223e+06
     1.04926   4.372615997e+06
     1.05066   4.356115313e+06
     1.05206   4.332529184e+06
     1.05346   4.351391354e+06
     1.05487   4.370934889e+06
     1.05628   4.366988206e+06
     1.05768   4.324804250e+06
     1.05910   4.216898695e+06
     1.06051   4.281564958e+06
     1.06192   4.357308812e+06
     1.06334   4.284340665e+06
     1.06476   4.369461623e+06
     1.06618   4.303913078e+06
     1.06760   4.338412245e+06
     1.06903   4.069537171e+06
     1.07045   4.238000481e+06
     1.07188   4.252394680e+06
     1.07331   4.219220704e+06
     1.07474   4.252875914e+06
     1.07618   4.301073172e+06
     1.07761   4.311996412e+06
     1.07905   4.240461854e+06
     1.08049   4.281403553e+06
     1.08193   4.205962580e+06
     1.08338   4.187160995e+06
     1.08482   4.241426326e+06
     1.08627   4.290542200e+06
     1.08772   4.163379743e+06
     1.08917   4.199895129e+06
     1.09062   4.240636017e+06
     1.09208   4.116236203e+06
     1.09353   3.857485470e+06
     1.09499   3.806410999e+06
     1.09645   4.066834307e+06
     1.09792   4.181986626e+06
     1.09938   4.203146719e+06
     1.10085   4.277842830e+06
     1.10232   4.186435537e+06
     1.10379   4.263053735e+06
     1.10526   4.257799983e+06
     1.10674   4.274769195e+06
     1.10821   4.273765055e+06
     1.10969   4.269327211e+06
     1.11117   4.278889518e+06
     1.11265   4.247592760e+06
     1.11414   4.229434644e+06
     1.11563   4.244798033e+06
     1.11711   4.263992102e+06
     1.11860   4.196392265e+06
     1.12010   4.200506148e+06
     1.12159   4.252222837e+06
     1.12309   4.259359868e+06
     1.12459   4.254853156e+06
     1.12609   4.135834363e+06
     1.12759   4.243392954e+06
     1.12909   4.147445984e+06
     1.13060   4.184300472e+06
     1.13211   4.234745069e+06
     1.13362   4.154566257e+06
     1.13513   4.200018266e+06
     1.13665   4.233100543e+06
     1.13816   4.153508962e+06
     1.13968   4.129902836e+06
     1.14120   4.128770972e+06
     1.14272   4.182353341e+06
     1.14425   4.145269386e+06
     1.14578   4.206907341e+06
     1.14730   4.205607450e+06
     1.14884   4.197751297e+06
     1.15037   4.199870685e+06
     1.15190   4.173472258e+06
     1.15344   4.198611994e+06
     1.15498   4.211610131e+06
     1.15652   4.201022648e+06
     1.15806   4.190459812e+06
     1.15961   4.102023567e+06
     1.16116   4.085607019e+06
     1.16270   4.132862525e+06
     1.16426   4.125688965e+06
     1.16581   4.080657686e+06
     1.16736   4.123191577e+06
     1.16892   4.118189744e+06
     1.17048   4.160734399e+06
     1.17204   4.170971737e+06
     1.17361   4.150282071e+06
     1.17517   3.978960644e+06
     1.17674   4.124698302e+06
     1.17831   4.094092245e+06
     1.17988   4.125030556e+06
     1.18146   4.111160227e+06
     1.18303   4.040629132e+06
     1.18461   4.065570746e+06
     1.18619   4.124821243e+06
     1.18778   4.036831905e+06
     1.18936   4.038304720e+06
     1.19095   4.140009954e+06
     1.19254   4.141981524e+06
     1.19413   4.135125787e+06
     1.19572   4.077643543e+06
     1.19732   4.076549038e+06
     1.19891   3.969582699e+06
     1.20051   4.098324124e+06
     1.20211   4.114654449e+06
     1.20372   3.980973871e+06
     1.20532   4.103348489e+06
     1.20693   4.087410051e+06
     1.20854   3.935020161e+06
     1.21016   4.020524188e+06
     1.21177   4.060296938e+06
     1.21339   4.093439013e+06
     1.21501   4.083776894e+06
     1.21663   4.086036213e+06
     1.21825   4.078619103e+06
     1.21988   4.041431267e+06
     1.22150   4.049076887e+06
     1.22313   4.065025581e+06
     1.22476   4.034467213e+06
     1.22640   4.032584959e+06
     1.22803   4.034527065e+06
     1.22967   4.063558978e+06
     1.23131   4.042107940e+06
     1.23296   4.018150329e+06
     1.23460   3.998545465e+06
     1.23625   3.972457429e+06
     1.23790   4.053625551e+06
     1.23955   4.000736262e+06
     1.24120   4.009644561e+06
     1.24286   3.977206756e+06
     1.24452   4.045310447e+06
     1.24618   4.024594034e+06
     1.24784   4.021806424e+06
     1.24951   4.024675841e+06
     1.25117   3.954729249e+06
     1.25284   3.960502856e+06
     1.25451   3.999676472e+06
     1.25619   3.975610061e+06
     1.25786   3.949220549e+06
     1.25954   3.987176439e+06
     1.26122   3.942084341e+06
     1.26291   4.005976190e+06
     1.26459   3.951326846e+06
     1.26628   3.985504406e+06
     1.26797   3.956436384e+06
     1.26966   3.977756927e+06
     1.27135   3.957704049e+06
     1.27305   3.978525919e+06
     1.27475   3.953642479e+06
     1.27645   3.940384852e+06
     1.27815   3.897594474e+06
     1.27986   3.785846739e+06
     1.28156   3.289885570e+06
     1.28327   3.655082284e+06
     1.28499   3.845615841e+06
     1.28670   3.899264775e+06
     1.28842   3.920267853e+06
     1.29014   3.906981675e+06
     1.29186   3.925079585e+06
     1.29358   3.920137548e+06
     1.29531   3.925610051e+06
     1.29704   3.901022805e+06
     1.29877   3.938876863e+06
     1.30050   3.938529315e+06
     1.30223   3.936876675e+06
     1.30397   3.893311509e+06
     1.30571   3.910665542e+06
     1.30745   3.927524191e+06
     1.30920   3.909737094e+06
     1.31095   3.929283320e+06
     1.31269   3.839835380e+06
     1.31445   3.844296403e+06
     1.31620   3.886066953e+06
     1.31796   3.881262964e+06
     1.31971   3.901915998e+06
     1.32148   3.894623343e+06
     1.32324   3.912291554e+06
     1.32500   3.903908232e+06
     1.32677   3.890524615e+06
     1.32854   3.847596246e+06
     1.33031   3.865002551e+06
     1.33209   3.849773479e+06
     1.33387   3.886506480e+06
     1.33565   3.870273325e+06
     1.33743   3.884888602e+06
     1.33921   3.825967478e+06
     1.34100   3.864064413e+06
     1.34279   3.862637088e+06
     1.34458   3.877014388e+06
     1.34637   3.850303368e+06
     1.34817   3.863117031e+06
     1.34997   3.825849194e+06
     1.35177   3.860234286e+06
     1.35357   3.861682361e+06
     1.35538   3.807207708e+06
     1.35719   3.829676632e+06
     1.35900   3.833888433e+06
     1.36081   3.830558203e+06
     1.36263   3.818238958e+06
     1.36445   3.821396663e+06
     1.36627   3.815561505e+06
     1.36809   3.802847930e+06
     1.36991   3.757268621e+06
     1.37174   3.805074993e+06
     1.37357   3.761873196e+06
     1.37541   3.762577975e+06
     1.37724   3.770099268e+06
     1.37908   3.800736456e+06
     1.38092   3.798679926e+06
     1.38276   3.781298292e+06
     1.38461   3.793956162e+06
     1.38645   3.777294710e+06
     1.38830   3.799821325e+06
     1.39016   3.764013277e+06
     1.39201   3.784361132e+06
     1.39387   3.759289776e+06
     1.39573   3.751009679e+06
     1.39759   3.777431230e+06
     1.39945   3.729467116e+06
     1.40132   3.744089952e+06
     1.40319   3.744457094e+06
     1.40506   3.774514330e+06
     1.40694   3.750450440e+06
     1.40881   3.745004290e+06
     1.41069   3.729109468e+06
     1.41258   3.698944357e+06
     1.41446   3.747444930e+06
     1.41635   3.720960720e+06
     1.41824   3.733146756e+06
     1.42013   3.710799594e+06
     1.42203   3.703933411e+06
     1.42392   3.690894872e+06
     1.42582   3.677550300e+06
     1.42772   3.700977617e+06
     1.42963   3.632944728e+06
     1.43154   3.675590258e+06
     1.43345   3.719524212e+06
     1.43536   3.704829494e+06
     1.43727   3.717201710e+06
     1.43919   3.700496239e+06
     1.44111   3.585039956e+06
     1.44304   3.601475389e+06
     1.44496   3.652595596e+06
     1.44689   3.659279997e+06
     1.44882   3.652786272e+06
     1.45075   3.600169018e+06
     1.45269   3.649703326e+06
     1.45463   3.588537195e+06
     1.45657   3.604290256e+06
     1.45851   3.655774895e+06
     1.46046   3.649899777e+06
     1.46240   3.623290822e+06
     1.46436   3.583533877e+06
     1.46631   3.614604336e+06
     1.46827   3.623691278e+06
     1.47022   3.593738212e+06
     1.47219   3.598431388e+06
     1.47415   3.617143695e+06
     1.47612   3.565048260e+06
     1.47809   3.559512184e+06
     1.48006   3.590110873e+06
     1.48203   3.568868163e+06
     1.48401   3.564690504e+06
     1.48599   3.569086875e+06
     1.48797   3.407518340e+06
     1.48996   3.574285103e+06
     1.49195   3.575896777e+06
     1.49394   3.588681738e+06
     1.49593   3.541374901e+06
     1.49793   3.547329125e+06
     1.49993   3.558318015e+06
     1.50193   3.416125146e+06
     1.50393   3.457755034e+06
     1.50594   3.463919465e+06
     1.50795   3.541437408e+06
     1.50996   3.517915917e+06
     1.51197   3.514311874e+06
     1.51399   3.514544041e+06
     1.51601   3.514991212e+06
     1.51803   3.514907192e+06
     1.52006   3.488124946e+06
     1.52209   3.487708691e+06
     1.52412   3.472240864e+06
     1.52615   3.506321218e+06
     1.52819   3.518229226e+06
     1.53023   3.441129657e+06
     1.53227   3.501788648e+06
     1.53431   3.455374808e+06
     1.53636   3.509730204e+06
     1.53841   3.463934920e+06
     1.54046   3.432432833e+06
     1.54252   3.450209854e+06
     1.54457   3.470464636e+06
     1.54664   3.475481656e+06
     1.54870   3.444946694e+06
     1.55077   3.460830314e+06
     1.55283   3.441705929e+06
     1.55491   3.400916645e+06
     1.55698   3.399301071e+06
     1.55906   3.420762924e+06
     1.56114   3.471191359e+06
     1.56322   3.413420778e+06
     1.56531   3.441046164e+06
     1.56740   3.378649613e+06
     1.56949   3.325900642e+06
     1.57158   3.375126419e+06
     1.57368   3.371397731e+06
     1.57578   3.343038397e+06
     1.57788   3.335425233e+06
     1.57998   3.424009126e+06
     1.58209   3.375999077e+06
     1.58420   3.373917150e+06
     1.58632   3.305805042e+06
     1.58843   3.143647527e+06
     1.59055   3.239690356e+06
     1.59268   3.372409461e+06
     1.59480   3.376067610e+06
     1.59693   3.353584973e+06
     1.59906   3.406146072e+06
     1.60119   3.343592116e+06
     1.60333   3.362320450e+06
     1.60547   3.337690337e+06
     1.60761   3.331840861e+06
     1.60975   3.184112975e+06
     1.61190   3.167586077e+06
     1.61405   3.298490888e+06
     1.61621   3.257968627e+06
     1.61836   3.331711207e+06
     1.62052   3.300212068e+06
     1.62268   3.334671632e+06
     1.62485   3.351174368e+06
     1.62702   3.370914557e+06
     1.62919   3.342356377e+06
     1.63136   3.332403092e+06
     1.63354   3.294802805e+06
     1.63572   3.261806279e+06
     1.63790   3.159951580e+06
     1.64009   3.021518978e+06
     1.64227   3.087939937e+06
     1.64447   3.190707124e+06
     1.64666   3.243162919e+06
     1.64886   3.255201060e+06
     1.65106   3.298862475e+06
     1.65326   3.272032822e+06
     1.65547   3.231354035e+06
     1.65767   3.283553424e+06
     1.65989   3.266508107e+06
     1.66210   3.270299357e+06
     1.66432   3.216004954e+06
     1.66654   3.223756813e+06
     1.66876   3.230667372e+06
     1.67099   3.233710636e+06
     1.67322   3.172088398e+06
     1.67545   3.133941569e+06
     1.67769   3.104596365e+06
     1.67992   2.899100734e+06
     1.68217   2.907826173e+06
     1.68441   3.110213150e+06
     1.68666   3.128658501e+06
     1.68891   3.121957658e+06
     1.69116   3.172716044e+06
     1.69342   3.187081672e+06
     1.69568   3.182381191e+06
     1.69794   3.143192535e+06
     1.70020   3.106103913e+06
     1.70247   3.141436990e+06
     1.70474   3.159522648e+06
     1.70702   3.139183266e+06
     1.70930   3.113801385e+06
     1.71158   3.063212578e+06
     1.71386   3.138405396e+06
     1.71615   3.117034397e+06
     1.71844   3.122982678e+06
     1.72073   3.092794489e+06
     1.72303   3.033077396e+06
     1.72532   3.075437326e+06
     1.72763   3.022139624e+06
     1.72993   3.018614333e+06
     1.73224   2.911007557e+06
     1.73455   2.813934832e+06
     1.73687   2.628922552e+06
     1.73918   2.890395034e+06
     1.74150   2.926251595e+06
     1.74383   2.989531283e+06
     1.74615   2.915934161e+06
     1.74848   3.007530997e+06
     1.75082   2.981278064e+06
     1.75315   3.003404013e+06
     1.75549   2.986536260e+06
     1.75783   3.001014636e+06
     1.76018   2.980164249e+06
     1.76253   2.949249567e+06
     1.76488   2.944216946e+06
     1.76723   2.950309359e+06
     1.76959   2.965627499e+06
     1.77195   2.926098603e+06
     1.77432   2.951234112e+06
     1.77668   2.898575199e+06
     1.77905   2.927140476e+06
     1.78143   2.920402299e+06
     1.78380   2.904603728e+06
     1.78618   2.908795555e+06
     1.78857   2.926622922e+06
     1.79095   2.926725577e+06
     1.79334   2.875309249e+06
     1.79574   2.912083026e+06
     1.79813   2.888452690e+06
     1.80053   2.878881483e+06
     1.80293   2.840139282e+06
     1.80534   2.855427377e+06
     1.80775   2.834360120e+06
     1.81016   2.790877468e+06
     1.81258   2.786951972e+06
     1.81499   2.677551419e+06
     1.81742   2.408374875e+06
     1.81984   2.644955982e+06
     1.82227   2.715433661e+06
     1.82470   2.779143288e+06
     1.82713   2.804071205e+06
     1.82957   2.783880189e+06
     1.83201   2.785180221e+06
     1.83446   2.803113474e+06
     1.83690   2.758464026e+06
     1.83936   2.785895576e+06
     1.84181   2.737487571e+06
     1.84427   2.761820010e+06
     1.84673   2.735578724e+06
     1.84919   2.770791474e+06
     1.85166   2.739753318e+06
     1.85413   2.742904872e+06
     1.85660   2.713685979e+06
     1.85908   2.721179804e+06
     1.86156   2.721182349e+06
     1.86404   2.714464947e+06
     1.86653   2.683914058e+06
     1.86902   2.666667390e+06
     1.87152   2.597205801e+06
     1.87401   2.411080706e+06
     1.87651   2.278828106e+06
     1.87902   2.587220087e+06
     1.88152   2.632456002e+06
     1.88403   2.645191167e+06
     1.88655   2.632324145e+06
     1.88907   2.607930566e+06
     1.89159   2.624446649e+06
     1.89411   2.584823246e+06
     1.89664   2.609098287e+06
     1.89917   2.645328785e+06
     1.90170   2.647976558e+06
     1.90424   2.619845680e+06
     1.90678   2.646864279e+06
     1.90932   2.628014838e+06
     1.91187   2.605267557e+06
     1.91442   2.618427164e+06
     1.91698   2.611716373e+06
     1.91953   2.577509009e+06
     1.92209   2.592788911e+06
     1.92466   2.595769520e+06
     1.92723   2.567001998e+06
     1.92980   2.562452829e+06
     1.93237   2.554671209e+06
     1.93495   2.538071612e+06
     1.93753   2.536406543e+06
     1.94012   2.472535037e+06
     1.94271   2.359137733e+06
     1.94530   2.146763476e+06
     1.94789   2.404425667e+06
     1.95049   2.420588212e+06
     1.95310   2.504864251e+06
     1.95570   2.515225286e+06
     1.95831   2.508631789e+06
     1.96092   2.494071404e+06
     1.96354   2.482305039e+06
     1.96616   2.519133719e+06
     1.96878   2.509592645e+06
     1.97141   2.466990421e+06
     1.97404   2.475476383e+06
     1.97667   2.493788445e+06
     1.97931   2.451438917e+06
     1.98195   2.483608991e+06
     1.98460   2.457875306e+06
     1.98724   2.448422614e+06
     1.98990   2.471048974e+06
     1.99255   2.433410657e+06
     1.99521   2.456896420e+06
     1.99787   2.416820367e+06
     2.00054   2.448762328e+06
     2.00321   2.419875044e+06
     2.00588   2.415498498e+06
     2.00855   2.417578751e+06
     2.01123   2.425258494e+06
     2.01392   2.407257623e+06
     2.01660   2.414555815e+06
     2.01930   2.405442605e+06
     2.02199   2.373334915e+06
     2.02469   2.386626372e+06
     2.02739   2.376167005e+06
     2.03009   2.350981805e+06
     2.03280   2.379935140e+06
     2.03551   2.344655568e+06
     2.03823   2.333953656e+06
     2.04095   2.344030450e+06
     2.04367   2.360661250e+06
     2.04640   2.353326962e+06
     2.04913   2.352367829e+06
     2.05186   2.326119747e+06
     2.05460   2.330399058e+06
     2.05734   2.336992042e+06
     2.06009   2.290111722e+06
     2.06284   2.273721555e+06
     2.06559   2.323891728e+06
     2.06834   2.286638075e+06
     2.07110   2.274096157e+06
     2.07387   2.296182513e+06
     2.07663   2.264748350e+06
     2.07941   2.290702964e+06
     2.08218   2.268755813e+06
     2.08496   2.254683302e+06
     2.08774   2.267169315e+06
     2.09053   2.266596211e+06
     2.09331   2.237141888e+06
     2.09611   2.258803411e+06
     2.09890   2.246603187e+06
     2.10170   2.233235162e+06
     2.10451   2.253781553e+06
     2.10732   2.229646491e+06
     2.11013   2.223488654e+06
     2.11294   2.229149148e+06
     2.11576   2.199046013e+06
     2.11859   2.189034664e+06
     2.12141   2.196927530e+06
     2.12424   2.184728146e+06
     2.12708   2.178571220e+06
     2.12991   2.194656104e+06
     2.13276   2.195830728e+06
     2.13560   2.175264159e+06
     2.13845   2.181740021e+06
     2.14130   2.182744882e+06
     2.14416   2.165233005e+06
     2.14702   2.159796881e+06
     2.14989   2.160846992e+06
     2.15276   2.143229431e+06
     2.15563   2.137118693e+06
     2.15850   2.120536385e+06
     2.16138   2.079858490e+06
     2.16427   1.954187906e+06
     2.16716   1.866706738e+06
     2.17005   2.049671522e+06
     2.17294   2.088350802e+06
     2.17584   2.083501285e+06
     2.17874   2.081495995e+06
     2.18165   2.092215623e+06
     2.18456   2.106778035e+06
     2.18748   2.074561905e+06
     2.19040   2.092642641e+06
     2.19332   2.094727477e+06
     2.19624   2.089657123e+06
     2.19917   2.085291106e+06
     2.20211   2.078646667e+06
     2.20505   2.055884199e+06
     2.20799   2.033275921e+06
     2.21093   2.060710371e+06
     2.21388   2.067574168e+06
     2.21684   2.033787933e+06
     2.21980   2.058303405e+06
     2.22276   2.052337168e+06
     2.22572   2.037628065e+06
     2.22869   2.039915281e+06
     2.23167   2.033794175e+06
     2.23464   2.033181940e+06
     2.23763   2.018201447e+06
     2.24061   2.022094750e+06
     2.24360   2.013522010e+06
     2.24659   2.006536190e+06
     2.24959   2.009957152e+06
     2.25259   1.990559499e+06
     2.25560   1.966452320e+06
     2.25861   1.993471491e+06
     2.26162   1.974993775e+06
     2.26464   1.974127042e+06
     2.26766   1.982079770e+06
     2.27069   1.964133190e+06
     2.27372   1.967608539e+06
     2.27675   1.965007821e+06
     2.27979   1.941571869e+06
     2.28283   1.934988931e+06
     2.28587   1.947586467e+06
     2.28892   1.945996267e+06
     2.29198   1.937664289e+06
     2.29504   1.934054129e+06
     2.29810   1.924173033e+06
     2.30116   1.933743874e+06
     2.30423   1.924723235e+06
     2.30731   1.925752869e+06
     2.31039   1.920255220e+06
     2.31347   1.908581571e+06
     2.31656   1.906326759e+06
     2.31965   1.901576102e+06
     2.32274   1.898965190e+06
     2.32584   1.891464607e+06
     2.32894   1.891758925e+06
     2.33205   1.884378388e+06
     2.33516   1.873162068e+06
     2.33828   1.860697900e+06
     2.34140   1.870665200e+06
     2.34452   1.869614607e+06
     2.34765   1.862060885e+06
     2.35078   1.859851736e+06
     2.35392   1.855160960e+06
     2.35706   1.842427159e+06
     2.36021   1.845671538e+06
     2.36335   1.843582580e+06
     2.36651   1.838329161e+06
     2.36967   1.828876440e+06
     2.37283   1.795428169e+06
     2.37599   1.811260451e+06
     2.37916   1.820200101e+06
     2.38234   1.815254753e+06
     2.38552   1.775409436e+06
     2.38870   1.804915749e+06
     2.39189   1.800962444e+06
     2.39508   1.797916389e+06
     2.39827   1.792323550e+06
     2.40147   1.781351957e+06
     2.40468   1.781456211e+06
     2.40788   1.781311672e+06
     2.41110   1.778004968e+06
     2.41431   1.760522765e+06
     2.41754   1.745081883e+06
     2.42076   1.766366223e+06
     2.42399   1.751626114e+06
     2.42723   1.751768869e+06
     2.43046   1.747812643e+06
     2.43371   1.738702994e+06
     2.43695   1.730940463e+06
     2.44020   1.740565211e+06
     2.44346   1.733369882e+06
     2.44672   1.726836177e+06
     2.44999   1.712238142e+06
     2.45325   1.708211002e+06
     2.45653   1.687585654e+06
     2.45980   1.721865965e+06
     2.46309   1.714902303e+06
     2.46637   1.704154937e+06
     2.46966   1.672981040e+06
     2.47296   1.688462551e+06
     2.47626   1.688030039e+06
     2.47956   1.677991047e+06
     2.48287   1.676171719e+06
     2.48618   1.657592574e+06
     2.48950   1.671107097e+06
     2.49282   1.668553449e+06
     2.49615   1.658893495e+06
     2.49948   1.656197090e+06
     2.50281   1.652768157e+06
     2.50615   1.663672688e+06
     2.50950   1.641942532e+06
     2.51284   1.653835354e+06
     2.51620   1.646144364e+06
     2.51955   1.640905629e+06
     2.52292   1.639244755e+06
     2.52628   1.627436258e+06
     2.52965   1.628070795e+06
     2.53303   1.631946372e+06
     2.53641   1.620832219e+06
     2.53979   1.610502138e+06
     2.54318   1.591783299e+06
     2.54657   1.609819273e+06
     2.54997   1.593516386e+06
     2.55337   1.579309173e+06
     2.55678   1.567634659e+06
     2.56019   1.588611485e+06
     2.56361   1.562433711e+06
     2.56703   1.567918651e+06
     2.57045   1.580549040e+06
     2.57388   1.582725402e+06
     2.57732   1.582920053e+06
     2.58076   1.583499734e+06
     2.58420   1.555467834e+06
     2.58765   1.560461679e+06
     2.59110   1.576621451e+06
     2.59456   1.563027042e+06
     2.59802   1.559983926e+06
     2.60148   1.555944531e+06
     2.60495   1.549674929e+06
     2.60843   1.537995548e+06
     2.61191   1.517365724e+06
     2.61540   1.522750269e+06
     2.61889   1.515970909e+06
     2.62238   1.477650208e+06
     2.62588   1.352587490e+06
     2.62938   1.483647982e+06
     2.63289   1.505855420e+06
     2.63640   1.517783228e+06
     2.63992   1.495136188e+06
     2.64344   1.507200365e+06
     2.64697   1.510134130e+06
     2.65050   1.506470011e+06
     2.65404   1.496153721e+06
     2.65758   1.506593841e+06
     2.66112   1.496965199e+06
     2.66467   1.477093935e+06
     2.66823   1.480838137e+06
     2.67179   1.469359219e+06
     2.67535   1.444100305e+06
     2.67892   1.466153591e+06
     2.68250   1.475010193e+06
     2.68608   1.474952977e+06
     2.68966   1.470607908e+06
     2.69325   1.471434202e+06
     2.69684   1.466050244e+06
     2.70044   1.463501276e+06
     2.70404   1.464622977e+06
     2.70765   1.451545969e+06
     2.71127   1.452228187e+06
     2.71488   1.451868233e+06
     2.71850   1.448918543e+06
     2.72213   1.442220775e+06
     2.72576   1.437558197e+06
     2.72940   1.439872061e+06
     2.73304   1.433688008e+06
     2.73669   1.429947769e+06
     2.74034   1.417154576e+06
     2.74400   1.423180097e+06
     2.74766   1.414385459e+06
     2.75132   1.408599099e+06
     2.75499   1.385508840e+06
     2.75867   1.352488372e+06
     2.76235   1.387031677e+06
     2.76604   1.394554833e+06
     2.76973   1.395982159e+06
     2.77342   1.393203381e+06
     2.77712   1.390635072e+06
     2.78083   1.388747999e+06
     2.78454   1.386990762e+06
     2.78825   1.387543776e+06
     2.79197   1.384119460e+06
     2.79570   1.381526596e+06
     2.79943   1.377309801e+06
     2.80316   1.374550548e+06
     2.80690   1.371409916e+06
     2.81065   1.369896683e+06
     2.81440   1.363384010e+06
     2.81815   1.361344805e+06
     2.82191   1.359698135e+06
     2.82568   1.350577237e+06
     2.82945   1.349717572e+06
     2.83322   1.347643860e+06
     2.83700   1.345839773e+06
     2.84079   1.335852400e+06
     2.84458   1.335343924e+06
     2.84838   1.336513048e+06
     2.85218   1.327675537e+06
     2.85598   1.323153376e+06
     2.85979   1.320579812e+06
     2.86361   1.315003847e+06
     2.86743   1.303724957e+06
     2.87125   1.255007116e+06
     2.87508   1.266535191e+06
     2.87892   1.296339042e+06
     2.88276   1.300336539e+06
     2.88661   1.293707728e+06
     2.89046   1.298579967e+06
     2.89432   1.296506363e+06
     2.89818   1.293706709e+06
     2.90204   1.290634466e+06
     2.90592   1.284610235e+06
     2.90979   1.286185271e+06
     2.91368   1.284256442e+06
     2.91756   1.275829067e+06
     2.92146   1.275785468e+06
     2.92535   1.267126009e+06
     2.92926   1.268885388e+06
     2.93317   1.266741280e+06
     2.93708   1.262528661e+06
     2.94100   1.263157610e+06
     2.94492   1.258198572e+06
     2.94885   1.252488789e+06
     2.95278   1.254519781e+06
     2.95672   1.250408207e+06
     2.96067   1.248027125e+06
     2.96462   1.242688893e+06
     2.96858   1.241663459e+06
     2.97254   1.238181799e+06
     2.97650   1.235011338e+06
     2.98047   1.231472124e+06
     2.98445   1.231036525e+06
     2.98843   1.224202645e+06
     2.99242   1.223555272e+06
     2.99641   1.216658517e+06
     3.00041   1.211958097e+06
     3.00441   1.200129673e+06
     3.00842   1.195449286e+06
     3.01244   1.194990307e+06
     3.01645   1.188209835e+06
     3.02048   1.185099707e+06
     3.02451   1.181394330e+06
     3.02854   1.177245937e+06
     3.03259   1.163636769e+06
     3.03663   1.136239841e+06
     3.04068   1.109229562e+06
     3.04474   1.154747721e+06
     3.04880   1.162457242e+06
     3.05287   1.162178785e+06
     3.05694   1.160210490e+06
     3.06102   1.161104600e+06
     3.06511   1.152738453e+06
     3.06920   1.151964311e+06
     3.07329   1.152362230e+06
     3.07739   1.149783719e+06
     3.08150   1.141946919e+06
     3.08561   1.139600517e+06
     3.08972   1.141359933e+06
     3.09385   1.139628574e+06
     3.09798   1.130094947e+06
     3.10211   1.134447525e+06
     3.10625   1.127782781e+06
     3.11039   1.128933393e+06
     3.11454   1.106506944e+06
     3.11870   1.122691540e+06
     3.12286   1.120116259e+06
     3.12703   1.113396011e+06
     3.13120   1.112152675e+06
     3.13537   1.109751171e+06
     3.13956   1.106194169e+06
     3.14375   1.106602455e+06
     3.14794   1.102881071e+06
     3.15214   1.094249458e+06
     3.15635   1.099049731e+06
     3.16056   1.094350460e+06
     3.16478   1.093641543e+06
     3.16900   1.083518043e+06
     3.17323   1.087281156e+06
     3.17746   1.081998526e+06
     3.18170   1.074999087e+06
     3.18594   1.080544005e+06
     3.19020   1.078561258e+06
     3.19445   1.074819292e+06
     3.19871   1.073241055e+06
     3.20298   1.064654035e+06
     3.20725   1.066151457e+06
     3.21153   1.063987108e+06
     3.21582   1.058803651e+06
     3.22011   1.060513635e+06
     3.22441   1.056660080e+06
     3.22871   1.054517152e+06
     3.23302   1.048638767e+06
     3.23733   1.050216501e+06
     3.24165   1.042222712e+06
     3.24597   1.044377448e+06
     3.25030   1.041016933e+06
     3.25464   1.039493933e+06
     3.25898   1.037627872e+06
     3.26333   1.034410152e+06
     3.26769   1.032120811e+06
     3.27205   1.028385203e+06
     3.27641   1.026318073e+06
     3.28078   1.021704149e+06
     3.28516   1.017372225e+06
     3.28954   1.009366720e+06
     3.29393   9.843111135e+05
     3.29833   9.511993578e+05
     3.30273   9.990755349e+05
     3.30713   1.004017144e+06
     3.31155   1.004940160e+06
     3.31597   1.000570465e+06
     3.32039   9.816802039e+05
     3.32482   9.965540516e+05
     3.32926   9.953969693e+05
     3.33370   9.932032594e+05
     3.33815   9.915899760e+05
     3.34260   9.865266308e+05
     3.34706   9.874652024e+05
     3.35152   9.824609768e+05
     3.35600   9.824732720e+05
     3.36047   9.818553819e+05
     3.36496   9.754227902e+05
     3.36945   9.715714719e+05
     3.37394   9.667243831e+05
     3.37844   9.663062639e+05
     3.38295   9.635991511e+05
     3.38747   9.657873580e+05
     3.39199   9.602933665e+05
     3.39651   9.486767922e+05
     3.40104   9.518181999e+05
     3.40558   9.538271636e+05
     3.41012   9.497400833e+05
     3.41467   9.435627698e+05
     3.41923   9.481788496e+05
     3.42379   9.458088337e+05
     3.42836   9.420063530e+05
     3.43293   9.410767984e+05
     3.43751   9.399619640e+05
     3.44210   9.376331543e+05
     3.44669   9.361165893e+05
     3.45129   9.346073750e+05
     3.45590   9.315245270e+05
     3.46051   9.296573775e+05
     3.46513   9.263971230e+05
     3.46975   9.242837197e+05
     3.47438   9.198019168e+05
     3.47901   9.201711707e+05
     3.48366   9.177432397e+05
     3.48830   9.139501458e+05
     3.49296   9.090072587e+05
     3.49762   9.108204270e+05
     3.50228   9.053684728e+05
     3.50696   9.075917788e+05
     3.51164   8.997611491e+05
     3.51632   8.980873425e+05
     3.52101   8.995804221e+05
     3.52571   8.951494228e+05
     3.53042   8.932152880e+05
     3.53513   8.910163845e+05
     3.53984   8.830647537e+05
     3.54456   8.860544831e+05
     3.54929   8.864243905e+05
     3.55403   8.828954354e+05
     3.55877   8.807489502e+05
     3.56352   8.817734395e+05
     3.56827   8.786860083e+05
     3.57304   8.715483600e+05
     3.57780   8.708215133e+05
     3.58258   8.695414178e+05
     3.58736   8.694852023e+05
     3.59214   8.679731863e+05
     3.59694   8.641872471e+05
     3.60173   8.628953852e+05
     3.60654   8.613945717e+05
     3.61135   8.592381126e+05
     3.61617   8.573092011e+05
     3.62099   8.557026614e+05
     3.62583   8.512357450e+05
     3.63066   8.482738853e+05
     3.63551   8.485938130e+05
     3.64036   8.467239084e+05
     3.64522   8.409767511e+05
     3.65008   8.396610714e+05
     3.65495   8.310915091e+05
     3.65983   8.332942948e+05
     3.66471   8.367052924e+05
     3.66960   8.287724969e+05
     3.67449   8.334047437e+05
     3.67940   8.202450020e+05
     3.68431   8.178131212e+05
     3.68922   8.245712843e+05
     3.69414   8.192051911e+05
     3.69907   8.171135293e+05
     3.70401   8.195236736e+05
     3.70895   8.160877533e+05
     3.71390   8.169460921e+05
     3.71885   8.143348586e+05
     3.72382   8.062070183e+05
     3.72878   8.061070268e+05
     3.73376   7.982416103e+05
     3.73874   7.619702069e+05
     3.74373   7.742358810e+05
     3.74872   7.936141090e+05
     3.75373   7.883345978e+05
     3.75873   7.967608952e+05
     3.76375   7.957069735e+05
     3.76877   7.921348355e+05
     3.77380   7.933500034e+05
     3.77883   7.907225391e+05
     3.78388   7.874601339e+05
     3.78892   7.873616021e+05
     3.79398   7.848805098e+05
     3.79904   7.828134124e+05
     3.80411   7.810009236e+05
     3.80919   7.789975264e+05
     3.81427   7.736513378e+05
     3.81936   7.606229161e+05
     3.82445   7.710636856e+05
     3.82956   7.715984864e+05
     3.83467   7.669257028e+05
     3.83978   7.684026941e+05
     3.84490   7.666413915e+05
     3.85003   7.643855261e+05
     3.85517   7.626877066e+05
     3.86031   7.588582213e+05
     3.86547   7.549514742e+05
     3.87062   7.515936921e+05
     3.87579   7.548593097e+05
     3.88096   7.515743179e+05
     3.88614   7.442646244e+05
     3.89132   7.488308472e+05
     3.89651   7.426611598e+05
     3.90171   7.432890112e+05
     3.90692   7.391792054e+05
     3.91213   7.389658314e+05
     3.91735   7.392716611e+05
     3.92258   7.376343974e+05
     3.92781   7.366848973e+05
     3.93305   7.326922389e+05
     3.93830   7.337601401e+05
     3.94355   7.309653707e+05
     3.94881   7.287877379e+05
     3.95408   7.225513200e+05
     3.95936   7.226175293e+05
     3.96464   7.239185879e+05
     3.96993   7.237242686e+05
     3.97523   7.211172932e+05
     3.98053   7.186697055e+05
     3.98584   7.139037653e+05
     3.99116   7.139359575e+05
     3.99649   7.112475023e+05
     4.00182   7.090532624e+05
     4.00716   7.094735848e+05
     4.01250   7.047071511e+05
     4.01786   6.980773069e+05
     4.02322   6.993185596e+05
     4.02859   7.006804053e+05
     4.03396   6.988397585e+05
     4.03934   6.987341364e+05
     4.04473   6.925029578e+05
     4.05013   6.628777264e+05
     4.05553   6.751368755e+05
     4.06094   6.907267924e+05
     4.06636   6.835271745e+05
     4.07179   6.688735758e+05
     4.07722   6.780430637e+05
     4.08266   6.847045931e+05
     4.08811   6.804865560e+05
     4.09356   6.824818312e+05
     4.09902   6.801200287e+05
     4.10449   6.800030753e+05
     4.10997   6.745308606e+05
     4.11545   6.753000800e+05
     4.12094   6.747029463e+05
     4.12644   6.735508933e+05
     4.13195   6.701200322e+05
     4.13746   6.692277152e+05
     4.14298   6.648618366e+05
     4.14851   6.627675998e+05
     4.15404   6.633445597e+05
     4.15959   6.619458184e+05
     4.16514   6.573211018e+05
     4.17069   6.490394385e+05
     4.17626   6.516049275e+05
     4.18183   6.502549672e+05
     4.18741   6.530443033e+05
     4.19300   6.505548107e+05
     4.19859   6.503858537e+05
     4.20419   6.408398619e+05
     4.20980   6.458699179e+05
     4.21542   6.468616549e+05
     4.22104   6.455618275e+05
     4.22667   6.440294651e+05
     4.23231   6.419389113e+05
     4.23796   6.409614454e+05
     4.24361   6.386176859e+05
     4.24928   6.359482380e+05
     4.25495   6.357751427e+05
     4.26062   6.344452884e+05
     4.26631   6.328168333e+05
     4.27200   6.313110425e+05
     4.27770   6.301014571e+05
     4.28341   6.270350987e+05
     4.28912   6.266314681e+05
     4.29484   6.220287065e+05
     4.30058   6.211562647e+05
     4.30631   6.193646737e+05
     4.31206   6.177071643e+05
     4.31781   6.172314362e+05
     4.32357   6.145777534e+05
     4.32934   6.130411354e+05
     4.33512   6.104316394e+05
     4.34090   6.100042194e+05
     4.34669   6.068853848e+05
     4.35249   6.033196685e+05
     4.35830   6.031051015e+05
     4.36412   5.996036852e+05
     4.36994   5.981079560e+05
     4.37577   5.900012536e+05
     4.38161   5.941393468e+05
     4.38745   5.957559415e+05
     4.39331   5.952720488e+05
     4.39917   5.919670387e+05
     4.40504   5.870734185e+05
     4.41091   5.857296997e+05
     4.41680   5.880236302e+05
     4.42269   5.848676729e+05
     4.42859   5.843062528e+05
     4.43450   5.825447996e+05
     4.44042   5.835609363e+05
     4.44634   5.790964068e+05
     4.45228   5.800145224e+05
     4.45822   5.788185702e+05
     4.46416   5.741269017e+05
     4.47012   5.740937546e+05
     4.47609   5.727884957e+05
     4.48206   5.724857765e+05
     4.48804   5.683592362e+05
     4.49403   5.699233834e+05
     4.50002   5.675584837e+05
     4.50603   5.672060182e+05
     4.51204   5.647255600e+05
     4.51806   5.638561194e+05
     4.52409   5.609592072e+05
     4.53012   5.583102522e+05
     4.53617   5.596254127e+05
     4.54222   5.577878026e+05
     4.54828   5.557541117e+05
     4.55435   5.541527893e+05
     4.56042   5.536576371e+05
     4.56651   5.512656226e+05
     4.57260   5.512175449e+05
     4.57870   5.490430389e+05
     4.58481   5.484358127e+05
     4.59093   5.451489206e+05
     4.59705   5.450170620e+05
     4.60319   5.435486039e+05
     4.60933   5.428612965e+05
     4.61548   5.414702118e+05
     4.62164   5.413211533e+05
     4.62780   5.368011476e+05
     4.63398   5.386627873e+05
     4.64016   5.353752364e+05
     4.64635   5.322157228e+05
     4.65255   5.072785526e+05
     4.65876   5.238967658e+05
     4.66497   5.285788491e+05
     4.67120   5.197239561e+05
     4.67743   5.241562880e+05
     4.68367   5.261666600e+05
     4.68992   5.264314163e+05
     4.69618   5.259589443e+05
     4.70244   5.242655347e+05
     4.70872   5.230561465e+05
     4.71500   5.207627023e+05
     4.72129   5.200212334e+05
     4.72759   5.183888973e+05
     4.73390   5.180673033e+05
     4.74021   5.164233413e+05
     4.74654   5.155465448e+05
     4.75287   5.136964714e+05
     4.75921   5.134681014e+05
     4.76556   5.114387611e+05
     4.77192   5.095862254e+05
     4.77829   5.088773148e+05
     4.78466   5.075339726e+05
     4.79105   5.073373514e+05
     4.79744   5.055413842e+05
     4.80384   5.035826304e+05
     4.81025   5.032504638e+05
     4.81667   5.008166497e+05
     4.82309   5.002353083e+05
     4.82953   4.996194782e+05
     4.83597   4.966495090e+05
     4.84242   4.955595153e+05
     4.84889   4.963427167e+05
     4.85535   4.929029512e+05
     4.86183   4.923504656e+05
     4.86832   4.921118554e+05
     4.87481   4.891903456e+05
     4.88132   4.904118352e+05
     4.88783   4.872879152e+05
     4.89435   4.869810231e+05
     4.90088   4.861891779e+05
     4.90742   4.830358348e+05
     4.91397   4.833602355e+05
     4.92053   4.825363278e+05
     4.92709   4.806995510e+05
     4.93367   4.799375258e+05
     4.94025   4.777463732e+05
     4.94684   4.759806854e+05
     4.95344   4.761093498e+05
     4.96005   4.742671105e+05
     4.96667   4.733587887e+05
     4.97329   4.727910478e+05
     4.97993   4.713100099e+05
     4.98657   4.707517049e+05
     4.99323   4.685134881e+05
     4.99989   4.685492587e+05
     5.00656   4.668345078e+05
     5.01324   4.649754874e+05
     5.01993   4.641283970e+05
     5.02663   4.632811875e+05
     5.03333   4.619143559e+05
     5.04005   4.613679897e+05
     5.04677   4.599475590e+05
     5.05351   4.578563886e+05
     5.06025   4.582620250e+05
     5.06700   4.559832114e+05
     5.07376   4.562410158e+05
     5.08053   4.531658333e+05
     5.08731   4.537172976e+05
     5.09410   4.510518608e+05
     5.10089   4.494636440e+05
     5.10770   4.482312961e+05
     5.11451   4.491165842e+05
     5.12134   4.441302587e+05
     5.12817   4.356280531e+05
     5.13501   4.408062361e+05
     5.14186   4.434616376e+05
     5.14872   4.425066853e+05
     5.15559   4.421092678e+05
     5.16247   4.400877542e+05
     5.16936   4.397328215e+05
     5.17626   4.389432940e+05
     5.18316   4.373599476e+05
     5.19008   4.362358211e+05
     5.19700   4.358431987e+05
     5.20394   4.335597508e+05
     5.21088   4.323100338e+05
     5.21783   4.328699205e+05
     5.22479   4.305826059e+05
     5.23177   4.305960730e+05
     5.23875   4.282077851e+05
     5.24574   4.276582290e+05
     5.25273   4.270716986e+05
     5.25974   4.246392888e+05
     5.26676   4.241241531e+05
     5.27379   4.240255222e+05
     5.28082   4.220968393e+05
     5.28787   4.217953310e+05
     5.29493   4.197590036e+05
     5.30199   4.198240661e+05
     5.30906   4.181213770e+05
     5.31615   4.178306567e+05
     5.32324   4.158155776e+05
     5.33034   4.150614758e+05
     5.33745   4.136029520e+05
     5.34458   4.109255536e+05
     5.35171   4.103265998e+05
     5.35885   4.085488913e+05
     5.36600   4.087572494e+05
     5.37316   4.065522527e+05
     5.38033   4.058936436e+05
     5.38750   4.073164002e+05
     5.39469   4.057161157e+05
     5.40189   4.053279441e+05
     5.40910   4.040284461e+05
     5.41631   4.039703929e+05
     5.42354   4.020246438e+05
     5.43078   4.014137880e+05
     5.43802   3.992458527e+05
     5.44528   3.996668559e+05
     5.45254   3.979871727e+05
     5.45982   3.959177888e+05
     5.46710   3.961281243e+05
     5.47440   3.952117679e+05
     5.48170   3.942440990e+05
     5.48902   3.935482431e+05
     5.49634   3.925828839e+05
     5.50367   3.923134163e+05
     5.51102   3.913959291e+05
     5.51837   3.904801443e+05
     5.52573   3.895666069e+05
     5.53310   3.886548543e+05
     5.54049   3.877450982e+05
     5.54788   3.868372110e+05
     5.55528   3.859314062e+05
     5.56269   3.850275555e+05
     5.57011   3.841255305e+05
     5.57755   3.832255436e+05
     5.58499   3.823274673e+05
     5.59244   3.814311694e+05
     5.59990   3.805368641e+05
     5.60737   3.796447673e+05
     5.61485   3.787542282e+05
     5.62235   3.778658070e+05
     5.62985   3.769793742e+05
     5.63736   3.760946201e+05
     5.64488   3.752119369e+05
     5.65241   3.743310130e+05
     5.65995   3.734522446e+05
     5.66750   3.725751417e+05
     5.67507   3.716999204e+05
     5.68264   3.708268020e+05
     5.69022   3.699552923e+05
     5.69781   3.690857882e+05
     5.70541   3.682183311e+05
     5.71303   3.673522445e+05
     5.72065   3.664886458e+05
     5.72828   3.656266772e+05
     5.73592   3.647665577e+05
     5.74358   3.639083289e+05
     5.75124   3.630518468e+05
     5.75891   3.621971534e+05
     5.76660   3.613446535e+05
     5.77429   3.604938371e+05
     5.78200   3.596447452e+05
     5.78971   3.587974157e+05
     5.79743   3.579524432e+05
     5.80517   3.571089441e+05
     5.81292   3.562671398e+05
     5.82067   3.554272561e+05
     5.82844   3.545893330e+05
     5.83621   3.537532230e+05
     5.84400   3.529185895e+05
     5.85180   3.520862239e+05
     5.85960   3.512556017e+05
     5.86742   3.504267594e+05
     5.87525   3.495995474e+05
     5.88309   3.487741933e+05
     5.89094   3.479507362e+05
     5.89880   3.471288321e+05
     5.90667   3.463090944e+05
     5.91455   3.454907938e+05
     5.92244   3.446745461e+05
     5.93034   3.438600040e+05
     5.93826   3.430473989e+05
     5.94618   3.422363816e+05
     5.95411   3.414269881e+05
     5.96206   3.406194521e+05
     5.97001   3.398138095e+05
     5.97798   3.390099060e+05
     5.98595   3.382075795e+05
     5.99394   3.374072633e+05
     6.00194   3.366084008e+05
     6.00994   3.358116247e+05
     6.01796   3.350165760e+05
     6.02599   3.342230918e+05
     6.03403   3.334312090e+05
     6.04208   3.326413639e+05
     6.05014   3.318533971e+05
     6.05822   3.310665358e+05
     6.06630   3.302818267e+05
     6.07439   3.294987007e+05
     6.08250   3.287176002e+05
     6.09061   3.279377481e+05
     6.09874   3.271599963e+05
     6.10688   3.263839739e+05
     6.11502   3.256093048e+05
     6.12318   3.248366437e+05
     6.13135   3.240656145e+05
     6.13953   3.232958375e+05
     6.14773   3.225283870e+05
     6.15593   3.217624687e+05
     6.16414   3.209981174e+05
     6.17237   3.202355782e+05
     6.18060   3.194746782e+05
     6.18885   3.187154517e+05
     6.19710   3.179577241e+05
     6.20537   3.172019529e+05
     6.21365   3.164475391e+05
     6.22194   3.156951547e+05
     6.23024   3.149439829e+05
     6.23856   3.141949135e+05
     6.24688   3.134471249e+05
     6.25522   3.127012973e+05
     6.26356   3.119568185e+05
     6.27192   3.112143720e+05
     6.28029   3.104733439e+05
     6.28867   3.097342028e+05
     6.29706   3.089965499e+05
     6.30546   3.082599792e+05
     6.31387   3.075258398e+05
     6.32229   3.067930715e+05
     6.33073   3.060619271e+05
     6.33918   3.053322210e+05
     6.34763   3.046039845e+05
     6.35610   3.038776972e+05
     6.36458   3.031531728e+05
     6.37308   3.024299987e+05
     6.38158   3.017084316e+05
     6.39009   3.009882812e+05
     6.39862   3.002704806e+05
     6.40716   2.995534894e+05
     6.41570   2.988382389e+05
     6.42426   2.981249935e+05
     6.43284   2.974126505e+05
     6.44142   2.967023801e+05
     6.45001   2.959935325e+05
     6.45862   2.952866000e+05
     6.46724   2.945811575e+05
     6.47587   2.938767754e+05
     6.48451   2.931744098e+05
     6.49316   2.924736325e+05
     6.50182   2.917740119e+05
     6.51050   2.910762784e+05
     6.51918   2.903802323e+05
     6.52788   2.896852037e+05
     6.53659   2.889923993e+05
     6.54531   2.883006758e+05
     6.55404   2.876107727e+05
     6.56279   2.869224873e+05
     6.57154   2.862351403e+05
     6.58031   2.855497113e+05
     6.58909   2.848659985e+05
     6.59788   2.841835554e+05
     6.60669   2.835028937e+05
     6.61550   2.828233233e+05
     6.62433   2.821458408e+05
     6.63317   2.814692708e+05
     6.64202   2.807946112e+05
     6.65088   2.801214127e+05
     6.65975   2.794497044e+05
     6.66864   2.787795184e+05
     6.67753   2.781106411e+05
     6.68644   2.774435953e+05
     6.69537   2.767776747e+05
     6.70430   2.761136501e+05
     6.71324   2.754508123e+05
     6.72220   2.747894378e+05
     6.73117   2.741298081e+05
     6.74015   2.734717071e+05
     6.74914   2.728149138e+05
     6.75815   2.721597108e+05
     6.76716   2.715056245e+05
     6.77619   2.708531903e+05
     6.78523   2.702021859e+05
     6.79429   2.695531513e+05
     6.80335   2.689048454e+05
     6.81243   2.682585717e+05
     6.82152   2.676135975e+05
     6.83062   2.669699502e+05
     6.83973   2.663274034e+05
     6.84886   2.656870176e+05
     6.85800   2.650477925e+05
     6.86715   2.644100157e+05
     6.87631   2.637737188e+05
     6.88548   2.631384081e+05
     6.89467   2.625051585e+05
     6.90387   2.618729553e+05
     6.91308   2.612420884e+05
     6.92231   2.606131145e+05
     6.93154   2.599852737e+05
     6.94079   2.593591238e+05
     6.95005   2.587341653e+05
     6.95932   2.581106921e+05
     6.96861   2.574884671e+05
     6.97791   2.568675188e+05
     6.98722   2.562484137e+05
     6.99654   2.556303746e+05
     7.00587   2.550136995e+05
     7.01522   2.543986886e+05
     7.02458   2.537848294e+05
     7.03395   2.531724213e+05
     7.04334   2.525617681e+05
     7.05274   2.519520785e+05
     7.06215   2.513439286e+05
     7.07157   2.507370723e+05
     7.08100   2.501318149e+05
     7.09045   2.495276325e+05
     7.09991   2.489245513e+05
     7.10938   2.483237116e+05
     7.11887   2.477237533e+05
     7.12837   2.471249805e+05
     7.13788   2.465279825e+05
     7.14740   2.459316646e+05
     7.15694   2.453374609e+05
     7.16649   2.447442734e+05
     7.17605   2.441524119e+05
     7.18562   2.435619045e+05
     7.19521   2.429730645e+05
     7.20481   2.423850643e+05
     7.21442   2.417987881e+05
     7.22405   2.412136928e+05
     7.23369   2.406300915e+05
     7.24334   2.400474367e+05
     7.25300   2.394666216e+05
     7.26268   2.388865165e+05
     7.27237   2.383083084e+05
     7.28207   2.377308623e+05
     7.29179   2.371550788e+05
     7.30152   2.365809883e+05
     7.31126   2.360077379e+05
     7.32101   2.354353516e+05
     7.33078   2.348650363e+05
     7.34056   2.342956383e+05
     7.35036   2.337277776e+05
     7.36016   2.331608857e+05
     7.36998   2.325955851e+05
     7.37982   2.320313055e+05
     7.38966   2.314686736e+05
     7.39952   2.309071151e+05
     7.40940   2.303469572e+05
     7.41928   2.297885320e+05
     7.42918   2.292306530e+05
     7.43909   2.286739501e+05
     7.44902   2.281187552e+05
     7.45896   2.275650966e+05
     7.46891   2.270130031e+05
     7.47887   2.264612699e+05
     7.48885   2.259114619e+05
     7.49884   2.253626805e+05
     7.50885   2.248149504e+05
     7.51887   2.242686079e+05
     7.52890   2.237236787e+05
     7.53894   2.231801917e+05
     7.54900   2.226375452e+05
     7.55908   2.220963923e+05
     7.56916   2.215564448e+05
     7.57926   2.210174119e+05
     7.58937   2.204799511e+05
     7.59950   2.199437717e+05
     7.60964   2.194089020e+05
     7.61979   2.188747258e+05
     7.62996   2.183419076e+05
     7.64014   2.178111162e+05
     7.65033   2.172804491e+05
     7.66054   2.167515389e+05
     7.67076   2.162237670e+05
     7.68099   2.156974828e+05
     7.69124   2.151723881e+05
     7.70150   2.146481808e+05
     7.71178   2.141252112e+05
     7.72207   2.136035041e+05
     7.73237   2.130830858e+05
     7.74269   2.125639804e+05
     7.75302   2.120458837e+05
     7.76336   2.115288183e+05
     7.77372   2.110131406e+05
     7.78409   2.104992109e+05
     7.79448   2.099853844e+05
     7.80488   2.094736911e+05
     7.81529   2.089624792e+05
     7.82572   2.084531189e+05
     7.83616   2.079442850e+05
     7.84661   2.074366763e+05
     7.85708   2.069309975e+05
     7.86757   2.064255736e+05
     7.87806   2.059217885e+05
     7.88858   2.054189850e+05
     7.89910   2.049175300e+05
     7.90964   2.044171032e+05
     7.92019   2.039180731e+05
     7.93076   2.034197735e+05
     7.94134   2.029232657e+05
     7.95194   2.024275348e+05
     7.96255   2.019322518e+05
     7.97317   2.014391856e+05
     7.98381   2.009466128e+05
     7.99446   2.004552555e+05
     8.00513   1.999658445e+05
     8.01581   1.994766400e+05
     8.02650   1.989890767e+05
     8.03721   1.985021149e+05
     8.04794   1.980168442e+05
     8.05867   1.975322184e+05
     8.06942   1.970493349e+05
     8.08019   1.965667807e+05
     8.09097   1.960860156e+05
     8.10177   1.956063460e+05
     8.11258   1.951270689e+05
     8.12340   1.946496553e+05
     8.13424   1.941730405e+05
     8.14509   1.936976105e+05
     8.15596   1.932230226e+05
     8.16684   1.927500321e+05
     8.17774   1.922775597e+05
     8.18865   1.918071017e+05
     8.19957   1.913368358e+05
     8.21051   1.908682629e+05
     8.22147   1.904002927e+05
     8.23244   1.899336911e+05
     8.24342   1.894681082e+05
     8.25442   1.890035653e+05
     8.26543   1.885404616e+05
     8.27646   1.880780654e+05
     8.28750   1.876167765e+05
     8.29856   1.871562369e+05
     8.30963   1.866404143e+05
     8.32072   1.861822340e+05
     8.33182   1.857258889e+05
     8.34294   1.852129848e+05
     8.35407   1.847582541e+05
     8.36522   1.843047905e+05
     8.37638   1.838522307e+05
     8.38755   1.834009824e+05
     8.39874   1.829510699e+05
     8.40995   1.825009569e+05
     8.42117   1.820530009e+05
     8.43241   1.816060567e+05
     8.44366   1.811597522e+05
     8.45492   1.807144990e+05
     8.46620   1.802707144e+05
     8.47750   1.798280267e+05
     8.48881   1.793856632e+05
     8.50014   1.789452322e+05
     8.51148   1.785051654e+05
     8.52283   1.780662782e+05
     8.53421   1.776281925e+05
     8.54559   1.771913294e+05
     8.55699   1.767553079e+05
     8.56841   1.763205528e+05
     8.57984   1.758870858e+05
     8.59129   1.754545242e+05
     8.60275   1.750224792e+05
     8.61423   1.745917861e+05
     8.62572   1.741624677e+05
     8.63723   1.737337253e+05
     8.64876   1.733059885e+05
     8.66030   1.728788637e+05
     8.67185   1.724536132e+05
     8.68342   1.720290169e+05
     8.69501   1.716059256e+05
     8.70661   1.711826924e+05
     8.71822   1.707610040e+05
     8.72986   1.703404661e+05
     8.74150   1.699206783e+05
     8.75317   1.695020809e+05
     8.76485   1.690840610e+05
     8.77654   1.686673991e+05
     8.78825   1.682516081e+05
     8.79998   1.678368346e+05
     8.81172   1.674230565e+05
     8.82347   1.670101641e+05
     8.83525   1.665983499e+05
     8.84703   1.661874613e+05
     8.85884   1.657774745e+05
     8.87066   1.653685390e+05
     8.88249   1.649605443e+05
     8.89434   1.645534667e+05
     8.90621   1.641474124e+05
     8.91809   1.637423580e+05
     8.92999   1.633381473e+05
     8.94191   1.629349310e+05
     8.95384   1.625327288e+05
     8.96578   1.621313836e+05
     8.97775   1.617310025e+05
     8.98972   1.613316050e+05
     9.00172   1.609331658e+05
     9.01373   1.605356153e+05
     9.02576   1.601390161e+05
     9.03780   1.597433430e+05
     9.04986   1.593486599e+05
     9.06193   1.589548959e+05
     9.07402   1.585620694e+05
     9.08613   1.581700635e+05
     9.09825   1.577790781e+05
     9.11039   1.573889958e+05
     9.12255   1.569998352e+05
     9.13472   1.566116611e+05
     9.14691   1.562243079e+05
     9.15911   1.558379325e+05
     9.17133   1.554524145e+05
     9.18357   1.550678656e+05
     9.19582   1.546842111e+05
     9.20809   1.543014228e+05
     9.22037   1.539196592e+05
     9.23268   1.535387050e+05
     9.24499   1.531586244e+05
     9.25733   1.527795303e+05
     9.26968   1.524012522e+05
     9.28205   1.520239974e+05
     9.29443   1.516475474e+05
     9.30683   1.512719191e+05
     9.31925   1.508972261e+05
     9.33168   1.505235349e+05
     9.34414   1.501506715e+05
     9.35660   1.497786535e+05
     9.36909   1.494074988e+05
     9.38159   1.490372733e+05
     9.39410   1.486678983e+05
     9.40664   1.482994399e+05
     9.41919   1.479318673e+05
     9.43176   1.475651002e+05
     9.44434   1.471993031e+05
     9.45694   1.468342976e+05
     9.46956   1.464701497e+05
     9.48219   1.461068774e+05
     9.49484   1.457445474e+05
     9.50751   1.453829289e+05
     9.52020   1.450222881e+05
     9.53290   1.446624927e+05
     9.54562   1.443035101e+05
     9.55835   1.439454073e+05
     9.57111   1.435882020e+05
     9.58388   1.432317598e+05
     9.59666   1.428761987e+05
     9.60947   1.425215360e+05
     9.62229   1.421676877e+05
     9.63513   1.418147211e+05
     9.64798   1.414624998e+05
     9.66086   1.411111946e+05
     9.67375   1.407606680e+05
     9.68665   1.404109887e+05
     9.69958   1.400621729e+05
     9.71252   1.397141864e+05
     9.72548   1.393669932e+05
     9.73845   1.390206625e+05
     9.75145   1.386751586e+05
     9.76446   1.383304458e+05
     9.77748   1.379866456e+05
     9.79053   1.376435644e+05
     9.80359   1.373013236e+05
     9.81667   1.369599400e+05
     9.82977   1.366193770e+05
     9.84289   1.362795977e+05
     9.85602   1.359406719e+05
     9.86917   1.356025625e+05
     9.88234   1.352651247e+05
     9.89552   1.349285890e+05
     9.90872   1.345928650e+05
     9.92194   1.342579681e+05
     9.93518   1.339238065e+05
     9.94844   1.335904501e+05
     9.96171   1.332579150e+05
     9.97500   1.329262175e+05
     9.98831   1.325952091e+05
    10.00164   1.322651257e+05
    10.01498   1.319357071e+05
    10.02835   1.316071343e+05
    10.04173   1.312793698e+05
    10.05512   1.309523738e+05
    10.06854   1.306262154e+05
    10.08197   1.303007434e+05
    10.09542   1.299760867e+05
    10.10889   1.296522056e+05
    10.12238   1.293290565e+05
    10.13589   1.290067686e+05
    10.14941   1.286852460e+05
    10.16295   1.283643895e+05
    10.17651   1.280444425e+05
    10.19009   1.277251337e+05
    10.20368   1.274067115e+05
    10.21730   1.270890135e+05
    10.23093   1.267720008e+05
    10.24458   1.264558608e+05
    10.25825   1.261403784e+05
    10.27194   1.258257419e+05
    10.28564   1.255117913e+05
    10.29937   1.251986028e+05
    10.31311   1.248862455e+05
    10.32687   1.245745044e+05
    10.34065   1.242636273e+05
    10.35444   1.239533932e+05
    10.36826   1.236440557e+05
    10.38209   1.233353885e+05
    10.39594   1.230274710e+05
    10.40981   1.227202562e+05
    10.42370   1.224136982e+05
    10.43761   1.221080532e+05
    10.45154   1.218030324e+05
    10.46548   1.214988948e+05
    10.47944   1.211952936e+05
    10.49343   1.208925426e+05
    10.50743   1.205904752e+05
    10.52145   1.202891686e+05
    10.53548   1.199885754e+05
    10.54954   1.196887109e+05
    10.56362   1.193895870e+05
    10.57771   1.190910978e+05
    10.59182   1.187933796e+05
    10.60595   1.184963849e+05
    10.62011   1.182001297e+05
    10.63427   1.179044394e+05
    10.64846   1.176096410e+05
    10.66267   1.173154367e+05
    10.67690   1.170220916e+05
    10.69114   1.167293039e+05
    10.70541   1.164373420e+05
    10.71969   1.161460286e+05
    10.73399   1.158553810e+05
    10.74831   1.155654717e+05
    10.76265   1.152763189e+05
    10.77701   1.149877421e+05
    10.79139   1.146999502e+05
    10.80579   1.144128268e+05
    10.82021   1.141263860e+05
    10.83465   1.138406420e+05
    10.84910   1.135555435e+05
    10.86358   1.132712323e+05
    10.87807   1.129875306e+05
    10.89258   1.127045818e+05
    10.90712   1.124223316e+05
    10.92167   1.121406662e+05
    10.93624   1.118597264e+05
    10.95083   1.115794627e+05
    10.96544   1.112999543e+05
    10.98008   1.110208836e+05
    10.99472   1.107427938e+05
    11.00939   1.104651687e+05
    11.02408   1.101883523e+05
    11.03879   1.099121600e+05
    11.05352   1.096366030e+05
    11.06827   1.093616953e+05
    11.08304   1.090874504e+05
    11.09782   1.088139470e+05
    11.11263   1.085410669e+05
    11.12746   1.082687521e+05
    11.14230   1.079971532e+05
    11.15717   1.077262818e+05
    11.17206   1.074560841e+05
    11.18696   1.071864365e+05
    11.20189   1.069176265e+05
    11.21683   1.066493210e+05
    11.23180   1.063816040e+05
    11.24678   1.061146252e+05
    11.26179   1.058483299e+05
    11.27682   1.055826589e+05
    11.29186   1.053175572e+05
    11.30693   1.050531764e+05
    11.32201   1.047893898e+05
    11.33712   1.045262083e+05
    11.35225   1.042637881e+05
    11.36739   1.040019285e+05
    11.38256   1.037406402e+05
    11.39775   1.034801531e+05
    11.41295   1.032201927e+05
    11.42818   1.029609122e+05
    11.44343   1.027021841e+05
    11.45870   1.024440919e+05
    11.47398   1.021867188e+05
    11.48929   1.019300067e+05
    11.50462   1.016737492e+05
    11.51997   1.014181758e+05
    11.53534   1.011632281e+05
    11.55073   1.009089917e+05
    11.56614   1.006552566e+05
    11.58158   1.004021837e+05
    11.59703   1.001497843e+05
    11.61250   9.989792369e+04
    11.62800   9.964661354e+04
    11.64351   9.939601512e+04
    11.65905   9.914606525e+04
    11.67460   9.889655238e+04
    11.69018   9.864786187e+04
    11.70577   9.839963187e+04
    11.72139   9.815202393e+04
    11.73703   9.790497520e+04
    11.75269   9.765857268e+04
    11.76837   9.741290396e+04
    11.78407   9.716767845e+04
    11.79980   9.692305659e+04
    11.81554   9.667905444e+04
    11.83130   9.643568157e+04
    11.84709   9.619295145e+04
    11.86290   9.595071818e+04
    11.87872   9.570907474e+04
    11.89457   9.546803020e+04
    11.91044   9.522767426e+04
    11.92633   9.498770821e+04
    11.94225   9.474853336e+04
    11.95818   9.450984752e+04
    11.97414   9.427174034e+04
    11.99011   9.403414590e+04
    12.00611   9.379731228e+04
    12.02213   9.356085411e+04
    12.03817   9.332510110e+04
    12.05423   9.308990588e+04
    12.07031   9.285527809e+04
    12.08642   9.262123181e+04
    12.10254   9.238769502e+04
    12.11869   9.215476168e+04
    12.13486   9.192252301e+04
    12.15105   9.169066681e+04
    12.16726   9.145944720e+04
    12.18350   9.122879379e+04
    12.19975   9.099871747e+04
    12.21603   9.076914874e+04
    12.23233   9.054026355e+04
    12.24865   9.031190680e+04
    12.26499   9.008400666e+04
    12.28136   8.985674042e+04
    12.29774   8.963003682e+04
    12.31415   8.940382216e+04
    12.33058   8.917819092e+04
    12.34703   8.895307131e+04
    12.36350   8.872864256e+04
    12.38000   8.850466176e+04
    12.39652   8.828122359e+04
    12.41306   8.805842663e+04
    12.42962   8.783602325e+04
    12.44620   8.761428252e+04
    12.46281   8.739295658e+04
    12.47944   8.717231428e+04
    12.49609   8.695219525e+04
    12.51276   8.673269610e+04
    12.52946   8.651339586e+04
    12.54617   8.629499536e+04
    12.56291   8.607707474e+04
    12.57967   8.585946887e+04
    12.59646   8.564244911e+04
    12.61326   8.542611363e+04
    12.63009   8.521038730e+04
    12.64694   8.499492788e+04
    12.66382   8.478009725e+04
    12.68071   8.456590730e+04
    12.69763   8.435201320e+04
    12.71457   8.413895939e+04
    12.73154   8.392613126e+04
    12.74853   8.371389690e+04
    12.76553   8.350217698e+04
    12.78257   8.329107129e+04
    12.79962   8.308050090e+04
    12.81670   8.287029506e+04
    12.83380   8.266082629e+04
    12.85092   8.245165104e+04
    12.86807   8.224314296e+04
    12.88524   8.203503870e+04
    12.90243   8.182753140e+04
    12.91964   8.162053968e+04
    12.93688   8.141388854e+04
    12.95414   8.120795772e+04
    12.97143   8.100238742e+04
    12.98873   8.079737194e+04
    13.00606   8.059292354e+04
    13.02342   8.038886358e+04
    13.04079   8.018538916e+04
    13.05819   7.998241750e+04
    13.07561   7.977995799e+04
    13.09306   7.957783239e+04
    13.11053   7.937642656e+04
    13.12802   7.917537411e+04
    13.14554   7.897487300e+04
    13.16308   7.877493334e+04
    13.18064   7.857537468e+04
    13.19822   7.837630096e+04
    13.21583   7.817781858e+04
    13.23347   7.797984104e+04
    13.25112   7.778228294e+04
    13.26880   7.758515112e+04
    13.28651   7.738855349e+04
    13.30423   7.719240170e+04
    13.32198   7.699670636e+04
    13.33976   7.680157333e+04
    13.35756   7.660691489e+04
    13.37538   7.641274039e+04
    13.39322   7.621915853e+04
    13.41109   7.602578247e+04
    13.42899   7.583311790e+04
    13.44690   7.564077588e+04
    13.46485   7.544906509e+04
    13.48281   7.525779465e+04
    13.50080   7.506687624e+04
    13.51881   7.487641521e+04
    13.53685   7.468662392e+04
    13.55491   7.449710974e+04
    13.57300   7.430818307e+04
    13.59111   7.411955029e+04
    13.60924   7.393162567e+04
    13.62740   7.374390996e+04
    13.64558   7.355692304e+04
    13.66379   7.337026420e+04
    13.68202   7.318404526e+04
    13.70027   7.299827488e+04
    13.71855   7.281306525e+04
    13.73685   7.262821870e+04
    13.75518   7.244384821e+04
    13.77353   7.225985739e+04
    13.79191   7.207636056e+04
    13.81031   7.189347119e+04
    13.82874   7.171098900e+04
    13.84719   7.152892198e+04
    13.86566   7.134706792e+04
    13.88416   7.116596421e+04
    13.90269   7.098519592e+04
    13.92124   7.080498511e+04
    13.93981   7.062502031e+04
    13.95841   7.044562985e+04
    13.97704   7.026671625e+04
    13.99568   7.008818067e+04
    14.01436   6.991003187e+04
    14.03306   6.973249473e+04
    14.05178   6.955536137e+04
    14.07053   6.937853154e+04
    14.08930   6.920223034e+04
    14.10810   6.902625013e+04
    14.12692   6.885081586e+04
    14.14577   6.867582863e+04
    14.16464   6.850118580e+04
    14.18354   6.832711618e+04
    14.20247   6.815351989e+04
    14.22142   6.798018143e+04
    14.24039   6.780733207e+04
    14.25939   6.763486815e+04
    14.27842   6.746291092e+04
    14.29747   6.729124312e+04
    14.31654   6.712009919e+04
    14.33564   6.694937405e+04
    14.35477   6.677907597e+04
    14.37392   6.660921334e+04
    14.39310   6.643968091e+04
    14.41230   6.627071457e+04
    14.43153   6.610197953e+04
    14.45079   6.593382828e+04
    14.47007   6.576615462e+04
    14.48938   6.559862031e+04
    14.50871   6.543181097e+04
    14.52807   6.526515623e+04
    14.54745   6.509901138e+04
    14.56686   6.493326814e+04
    14.58629   6.476817055e+04
    14.60576   6.460313851e+04
    14.62524   6.443865106e+04
    14.64476   6.427471572e+04
    14.66430   6.411098679e+04
    14.68386   6.394770849e+04
    14.70345   6.378488820e+04
    14.72307   6.362229702e+04
    14.74271   6.346029901e+04
    14.76238   6.329878505e+04
    14.78208   6.313740096e+04
    14.80180   6.297675765e+04
    14.82155   6.281625908e+04
    14.84133   6.265615492e+04
    14.86113   6.249645190e+04
    14.88096   6.233728038e+04
    14.90081   6.217840505e+04
    14.92069   6.201995479e+04
    14.94060   6.186181495e+04
    14.96053   6.170411564e+04
    14.98049   6.154698893e+04
    15.00048   6.139007166e+04
    15.02050   6.123361878e+04
    15.04054   6.107751455e+04
    15.06060   6.092176469e+04
    15.08070   6.076637824e+04
    15.10082   6.061161316e+04
    15.12097   6.045697466e+04
    15.14114   6.030272093e+04
    15.16134   6.014898705e+04
    15.18157   5.999565387e+04
    15.20183   5.984247441e+04
    15.22211   5.968996520e+04
    15.24242   5.953775151e+04
    15.26276   5.938571238e+04
    15.28312   5.923436825e+04
    15.30351   5.908308358e+04
    15.32393   5.893238085e+04
    15.34438   5.878200986e+04
    15.36485   5.863197755e+04
    15.38535   5.848242085e+04
    15.40588   5.833321775e+04
    15.42643   5.818424380e+04
    15.44701   5.803563731e+04
    15.46762   5.788766856e+04
    15.48826   5.773981797e+04
    15.50892   5.759235669e+04
    15.52962   5.744529164e+04
    15.55034   5.729889701e+04
    15.57108   5.715251317e+04
    15.59186   5.700668228e+04
    15.61266   5.686087399e+04
    15.63349   5.671576765e+04
    15.65435   5.657096586e+04
    15.67524   5.642634182e+04
    15.69615   5.628244315e+04
    15.71710   5.613859914e+04
    15.73807   5.599522474e+04
    15.75906   5.585219031e+04
    15.78009   5.570936522e+04
    15.80114   5.556703106e+04
    15.82223   5.542505775e+04
    15.84334   5.528350736e+04
    15.86447   5.514219345e+04
    15.88564   5.500127498e+04
    15.90684   5.486070331e+04
    15.92806   5.472048490e+04
    15.94931   5.458061346e+04
    15.97059   5.444110938e+04
    15.99190   5.430196548e+04
    16.01324   5.416313195e+04
    16.03460   5.402467275e+04
    16.05600   5.388653744e+04
    16.07742   5.374876096e+04
    16.09887   5.361133582e+04
    16.12035   5.347422698e+04
    16.14186   5.333748259e+04
    16.16339   5.320108151e+04
    16.18496   5.306503037e+04
    16.20655   5.292930639e+04
    16.22818   5.279391650e+04
    16.24983   5.265886769e+04
    16.27151   5.252416622e+04
    16.29322   5.238978932e+04
    16.31496   5.225577313e+04
    16.33673   5.212208005e+04
    16.35852   5.198871665e+04
    16.38035   5.185565962e+04
    16.40220   5.172296035e+04
    16.42409   5.159060981e+04
    16.44600   5.145857083e+04
    16.46794   5.132686401e+04
    16.48992   5.119549566e+04
    16.51192   5.106444304e+04
    16.53395   5.093374166e+04
    16.55601   5.080335375e+04
    16.57810   5.067330016e+04
    16.60022   5.054354166e+04
    16.62236   5.041414523e+04
    16.64454   5.028507196e+04
    16.66675   5.015629824e+04
    16.68899   5.002784406e+04
    16.71125   4.989974716e+04
    16.73355   4.977195323e+04
    16.75588   4.964445149e+04
    16.77823   4.951731036e+04
    16.80062   4.939045958e+04
    16.82303   4.926395101e+04
    16.84548   4.913774435e+04
    16.86795   4.901186138e+04
    16.89046   4.888629261e+04
    16.91300   4.876104417e+04
    16.93556   4.863610633e+04
    16.95816   4.851146948e+04
    16.98078   4.838713954e+04
    17.00344   4.826313858e+04
    17.02613   4.813944117e+04
    17.04884   4.801606836e+04
    17.07159   4.789299539e+04
    17.09437   4.777024351e+04
    17.11717   4.764778658e+04
    17.14001   4.752566326e+04
    17.16288   4.740378199e+04
    17.18578   4.728227915e+04
    17.20871   4.716102956e+04
    17.23167   4.704010512e+04
    17.25466   4.691947871e+04
    17.27768   4.679917279e+04
    17.30074   4.667914396e+04
    17.32382   4.655943060e+04
    17.34693   4.644002311e+04
    17.37008   4.632090901e+04
    17.39325   4.620211279e+04
    17.41646   4.608360555e+04
    17.43970   4.596535986e+04
    17.46296   4.584746560e+04
    17.48626   4.572982753e+04
    17.50959   4.561251900e+04
    17.53296   4.549547795e+04
    17.55635   4.537870983e+04
    17.57977   4.526228870e+04
    17.60323   4.514615221e+04
    17.62672   4.503027174e+04
    17.65023   4.491468673e+04
    17.67378   4.479942086e+04
    17.69736   4.468442751e+04
    17.72098   4.456972981e+04
    17.74462   4.445531604e+04
    17.76829   4.434120898e+04
    17.79200   4.422736232e+04
    17.81574   4.411383370e+04
    17.83951   4.400054152e+04
    17.86331   4.388757885e+04
    17.88715   4.377489824e+04
    17.91101   4.366247024e+04
    17.93491   4.355037099e+04
    17.95884   4.343853488e+04
    17.98280   4.332695001e+04
    18.00679   4.321567515e+04
    18.03082   4.310466203e+04
    18.05487   4.299393372e+04
    18.07896   4.288351398e+04
    18.10308   4.277333617e+04
    18.12724   4.266344160e+04
    18.15142   4.255383575e+04
    18.17564   4.244450589e+04
    18.19989   4.233545753e+04
    18.22418   4.222667715e+04
    18.24849   4.211815244e+04
    18.27284   4.200990668e+04
    18.29722   4.190194524e+04
    18.32163   4.179425509e+04
    18.34608   4.168685976e+04
    18.37055   4.157970928e+04
    18.39506   4.147280860e+04
    18.41961   4.136620002e+04
    18.44418   4.125987049e+04
    18.46879   4.115376847e+04
    18.49343   4.104799352e+04
    18.51811   4.094245675e+04
    18.54281   4.083716289e+04
    18.56755   4.073215522e+04
    18.59233   4.062743877e+04
    18.61713   4.052296208e+04
    18.64197   4.041874854e+04
    18.66685   4.031480380e+04
    18.69175   4.021113294e+04
    18.71669   4.010768281e+04
    18.74166   4.000451667e+04
    18.76667   3.990160101e+04
    18.79171   3.979897904e+04
    18.81678   3.969657881e+04
    18.84189   3.959448328e+04
    18.86702   3.949257951e+04
    18.89220   3.939099051e+04
    18.91740   3.928962302e+04
    18.94264   3.918852119e+04
    18.96792   3.908768996e+04
    18.99323   3.898709517e+04
    19.01857   3.888676068e+04
    19.04394   3.878665222e+04
    19.06935   3.868685456e+04
    19.09479   3.858727211e+04
    19.12027   3.848793030e+04
    19.14578   3.838889407e+04
    19.17133   3.829004720e+04
    19.19690   3.819147549e+04
    19.22252   3.809316340e+04
    19.24816   3.799505497e+04
    19.27385   3.789725663e+04
    19.29956   3.779967121e+04
    19.32531   3.770232390e+04
    19.35110   3.760523997e+04
    19.37691   3.750842440e+04
    19.40277   3.741181944e+04
    19.42865   3.731545102e+04
    19.45458   3.721934430e+04
    19.48053   3.712348336e+04
    19.50652   3.702785171e+04
    19.53255   3.693247518e+04
    19.55861   3.683735872e+04
    19.58471   3.674244378e+04
    19.61084   3.664779791e+04
    19.63700   3.655338351e+04
    19.66320   3.645918435e+04
    19.68944   3.636524678e+04
    19.71571   3.627153377e+04
    19.74201   3.617807067e+04
    19.76835   3.608481899e+04
    19.79473   3.599184843e+04
    19.82114   3.589909814e+04
    19.84759   3.580657354e+04
    19.87407   3.571430028e+04
    19.90058   3.562221752e+04
    19.92713   3.553037358e+04
    19.95372   3.543879474e+04
    19.98034   3.534744162e+04
    20.00700   3.525631908e+04
    20.03370   3.516543094e+04
    20.06043   3.507473829e+04
    20.08719   3.498431103e+04
    20.11399   3.489408762e+04
    20.14083   3.480416132e+04
    20.16770   3.471438065e+04
    20.19461   3.462488409e+04
    20.22155   3.453558596e+04
    20.24853   3.444651324e+04
    20.27555   3.435767069e+04
    20.30260   3.426906228e+04
    20.32969   3.418064694e+04
    20.35681   3.409247442e+04
    20.38397   3.400454945e+04
    20.41117   3.391678442e+04
    20.43840   3.382929851e+04
    20.46567   3.374202705e+04
    20.49298   3.365497427e+04
    20.52032   3.356814438e+04
    20.54770   3.348151854e+04
    20.57512   3.339514760e+04
    20.60257   3.330894254e+04
    20.63006   3.322297713e+04
    20.65758   3.313725626e+04
    20.68514   3.305173684e+04
    20.71274   3.296642324e+04
    20.74038   3.288131938e+04
    20.76805   3.279645300e+04
    20.79576   3.271180508e+04
    20.82350   3.262735576e+04
    20.85129   3.254310865e+04
    20.87911   3.245911633e+04
    20.90697   3.237531086e+04
    20.93486   3.229174440e+04
    20.96279   3.220837290e+04
    20.99076   3.212517576e+04
    21.01877   3.204225486e+04
    21.04681   3.195951628e+04
    21.07489   3.187696460e+04
    21.10301   3.179462764e+04
    21.13117   3.171253458e+04
    21.15936   3.163061550e+04
    21.18759   3.154894841e+04
    21.21586   3.146741349e+04
    21.24417   3.138616359e+04
    21.27251   3.130507864e+04
    21.30089   3.122421236e+04
    21.32931   3.114356865e+04
    21.35777   3.106310141e+04
    21.38627   3.098283964e+04
    21.41480   3.090278719e+04
    21.44337   3.082292273e+04
    21.47198   3.074327529e+04
    21.50063   3.066382400e+04
    21.52932   3.058462319e+04
    21.55804   3.050557523e+04
    21.58681   3.042673456e+04
    21.61561   3.034807942e+04
    21.64445   3.026966539e+04
    21.67333   3.019144480e+04
    21.70224   3.011339541e+04
    21.73120   3.003554697e+04
    21.76019   2.995790330e+04
    21.78923   2.988046836e+04
    21.81830   2.980321956e+04
    21.84741   2.972618739e+04
    21.87656   2.964932242e+04
    21.90575   2.957265517e+04
    21.93497   2.949621592e+04
    21.96424   2.941990189e+04
    21.99355   2.934387686e+04
    22.02289   2.926795778e+04
    22.05227   2.919228167e+04
    22.08170   2.911677242e+04
    22.11116   2.904148712e+04
    22.14066   2.896640281e+04
    22.17020   2.889146898e+04
    22.19978   2.881674350e+04
    22.22940   2.874220288e+04
    22.25906   2.866785072e+04
    22.28876   2.859369071e+04
    22.31850   2.851972645e+04
    22.34827   2.844590676e+04
    22.37809   2.837231749e+04
    22.40795   2.829893510e+04
    22.43785   2.822568004e+04
    22.46778   2.815269459e+04
    22.49776   2.807984366e+04
    22.52778   2.800715806e+04
    22.55783   2.793472566e+04
    22.58793   2.786238173e+04
    22.61807   2.779029821e+04
    22.64825   2.771833778e+04
    22.67846   2.764664570e+04
    22.70872   2.757508358e+04
    22.73902   2.750371168e+04
    22.76936   2.743250507e+04
    22.79974   2.736149572e+04
    22.83016   2.729068723e+04
    22.86062   2.721999720e+04
    22.89112   2.714957236e+04
    22.92166   2.707927243e+04
    22.95224   2.700912952e+04
    22.98287   2.693920512e+04
    23.01353   2.686944447e+04
    23.04424   2.679988024e+04
    23.07498   2.673048666e+04
    23.10577   2.666126731e+04
    23.13660   2.659219562e+04
    23.16747   2.652336384e+04
    23.19838   2.645465729e+04
    23.22933   2.638610832e+04
    23.26032   2.631766086e+04
    23.29136   2.624895894e+04
    23.32243   2.618096143e+04
    23.35355   2.611316543e+04
    23.38471   2.604551378e+04
    23.41591   2.597800999e+04
    23.44715   2.591074769e+04
    23.47844   2.584363990e+04
    23.50976   2.577665935e+04
    23.54113   2.570986975e+04
    23.57254   2.564321375e+04
    23.60399   2.557678601e+04
    23.63548   2.551052899e+04
    23.66702   2.544441497e+04
    23.69859   2.537847810e+04
    23.73021   2.531272142e+04
    23.76187   2.524711749e+04
    23.79358   2.518166926e+04
    23.82532   2.511641111e+04
    23.85711   2.505131504e+04
    23.88894   2.498635286e+04
    23.92082   2.492162217e+04
    23.95273   2.485700015e+04
    23.98469   2.479258452e+04
    24.01669   2.472828357e+04
    24.04873   2.466419566e+04
    24.08082   2.460026042e+04
    24.11295   2.453644898e+04
    24.14512   2.447286019e+04
    24.17734   2.440940150e+04
    24.20960   2.434610780e+04
    24.24190   2.428294981e+04
    24.27424   2.421999564e+04
    24.30663   2.415718336e+04
    24.33906   2.409454870e+04
    24.37153   2.403206195e+04
    24.40405   2.396972647e+04
    24.43661   2.390757784e+04
    24.46921   2.384558649e+04
    24.50186   2.378368914e+04
    24.53455   2.372198807e+04
    24.56729   2.366045332e+04
    24.60006   2.359905453e+04
    24.63289   2.353786159e+04
    24.66575   2.347681058e+04
    24.69866   2.341590484e+04
    24.73162   2.335511310e+04
    24.76461   2.329453969e+04
    24.79765   2.323412021e+04
    24.83074   2.317382383e+04
    24.86387   2.311368713e+04
    24.89704   2.305371327e+04
    24.93026   2.299387096e+04
    24.96352   2.293419730e+04
    24.99683   2.287469543e+04
    25.03018   2.281533387e+04
    25.06358   2.275611541e+04
    25.09702   2.269707777e+04
    25.13050   2.263815423e+04
    25.16403   2.257938244e+04
    25.19761   2.252076542e+04
    25.23123   2.246234103e+04
    25.26489   2.240404220e+04
    25.29860   2.234583634e+04
    25.33235   2.228783196e+04
    25.36615   2.222996123e+04
    25.40000   2.217226292e+04
    25.43389   2.211466831e+04
    25.46782   2.205728729e+04
    25.50180   2.200001572e+04
    25.53583   2.194282019e+04
    25.56990   2.188588316e+04
    25.60401   2.182906366e+04
    25.63817   2.177236437e+04
    25.67238   2.171582431e+04
    25.70663   2.165940980e+04
    25.74093   2.160319655e+04
    25.77528   2.154704129e+04
    25.80967   2.149109308e+04
    25.84410   2.143531831e+04
    25.87858   2.137957234e+04
    25.91311   2.132404199e+04
    25.94769   2.126869368e+04
    25.98231   2.121338129e+04
    26.01697   2.115829351e+04
    26.05168   2.110335877e+04
    26.08644   2.104850505e+04
    26.12125   2.099380960e+04
    26.15610   2.093931294e+04
    26.19100   2.088490498e+04
    26.22594   2.083058782e+04
    26.26093   2.077644000e+04
    26.29597   2.072250235e+04
    26.33106   2.066866359e+04
    26.36619   2.061492599e+04
    26.40137   2.056133031e+04
    26.43659   2.050787917e+04
    26.47186   2.045457543e+04
    26.50718   2.040146049e+04
    26.54255   2.034842075e+04
    26.57796   2.029553648e+04
    26.61342   2.024277118e+04
    26.64893   2.019016655e+04
    26.68449   2.013764683e+04
    26.72009   2.008533238e+04
    26.75574   2.003306837e+04
    26.79144   1.998105469e+04
    26.82718   1.992905669e+04
    26.86298   1.987723523e+04
    26.89882   1.982555322e+04
    26.93471   1.977397338e+04
    26.97065   1.972257803e+04
    27.00663   1.967133007e+04
    27.04266   1.962015153e+04
    27.07874   1.956916562e+04
    27.11487   1.951829442e+04
    27.15105   1.946745895e+04
    27.18728   1.941682384e+04
    27.22355   1.936635148e+04
    27.25987   1.931596262e+04
    27.29624   1.926578268e+04
    27.33266   1.921560877e+04
    27.36913   1.916568996e+04
    27.40565   1.911578179e+04
    27.44221   1.906605138e+04
    27.47883   1.901650183e+04
    27.51549   1.896705244e+04
    27.55220   1.891770562e+04
    27.58896   1.886846328e+04
    27.62577   1.881937009e+04
    27.66263   1.877042840e+04
    27.69954   1.872151407e+04
    27.73650   1.867284075e+04
    27.77350   1.862424164e+04
    27.81056   1.857576147e+04
    27.84766   1.852744527e+04
    27.88482   1.847925284e+04
    27.92202   1.843114367e+04
    27.95928   1.838316281e+04
    27.99658   1.833531281e+04
    28.03394   1.828768258e+04
    28.07134   1.824005822e+04
    28.10879   1.819257148e+04
    28.14630   1.814518164e+04
    28.18385   1.809797819e+04
    28.22145   1.805083217e+04
    28.25911   1.800383352e+04
    28.29681   1.795698481e+04
    28.33456   1.791024421e+04
    28.37237   1.786361412e+04
    28.41022   1.781711886e+04
    28.44813   1.777073857e+04
    28.48609   1.772447568e+04
    28.52409   1.767832320e+04
    28.56215   1.763229702e+04
    28.60026   1.758638140e+04
    28.63842   1.754058760e+04
    28.67663   1.749491336e+04
    28.71489   1.744936099e+04
    28.75320   1.740391442e+04
    28.79156   1.735859440e+04
    28.82998   1.731338898e+04
    28.86844   1.726829639e+04
    28.90696   1.722331831e+04
    28.94553   1.717845723e+04
    28.98415   1.713371540e+04
    29.02282   1.708908564e+04
    29.06154   1.704457483e+04
    29.10032   1.700018053e+04
    29.13914   1.695589574e+04
    29.17802   1.691172699e+04
    29.21695   1.686766741e+04
    29.25593   1.682372833e+04
    29.29497   1.677989798e+04
    29.33405   1.673617823e+04
    29.37319   1.669257623e+04
    29.41238   1.664908458e+04
    29.45162   1.660570060e+04
    29.49092   1.656244080e+04
    29.53027   1.651927370e+04
    29.56967   1.647623032e+04
    29.60912   1.643329349e+04
    29.64863   1.639047500e+04
    29.68818   1.634775761e+04
    29.72779   1.630515793e+04
    29.76746   1.626266354e+04
    29.80717   1.622027643e+04
    29.84694   1.617800862e+04
    29.88677   1.613584243e+04
    29.92664   1.609378003e+04
    29.96657   1.605183328e+04
    30.00655   1.600998944e+04
    30.04659   1.596825548e+04
    30.08668   1.592662860e+04
    30.12682   1.588511072e+04
    30.16701   1.584370407e+04
    30.20726   1.580239543e+04
    30.24757   1.576119702e+04
    30.28792   1.572010584e+04
    30.32833   1.567912384e+04
    30.36880   1.563824299e+04
    30.40932   1.559747037e+04
    30.44989   1.555679772e+04
    30.49052   1.551623227e+04
    30.53120   1.547577589e+04
    30.57193   1.543541533e+04
    30.61272   1.539516268e+04
    30.65357   1.535501488e+04
    30.69447   1.531497911e+04
    30.73542   1.527503655e+04
    30.77643   1.523519961e+04
    30.81749   1.519545975e+04
    30.85861   1.515582940e+04
    30.89978   1.511629476e+04
    30.94101   1.507686839e+04
    30.98229   1.503754697e+04
    31.02363   1.499831639e+04
    31.06502   1.495919471e+04
    31.10647   1.492016781e+04
    31.14797   1.488124820e+04
    31.18953   1.484242721e+04
    31.23114   1.480370140e+04
    31.27281   1.476508339e+04
    31.31454   1.472656432e+04
    31.35632   1.468814078e+04
    31.39815   1.464981991e+04
    31.44005   1.461158736e+04
    31.48199   1.457346684e+04
    31.52400   1.453543840e+04
    31.56606   1.449750384e+04
    31.60817   1.445967602e+04
    31.65035   1.442194039e+04
    31.69258   1.438430979e+04
    31.73486   1.434676945e+04
    31.77720   1.430932684e+04
    31.81960   1.427197818e+04
    31.86205   1.423473644e+04
    31.90456   1.419758123e+04
    31.94713   1.416052542e+04
    31.98976   1.412356534e+04
    32.03244   1.408670277e+04
    32.07518   1.404992824e+04
    32.11797   1.401325481e+04
    32.16082   1.397667307e+04
    32.20373   1.394018470e+04
    32.24670   1.390379153e+04
    32.28973   1.386749539e+04
    32.33281   1.383129227e+04
    32.37595   1.379518406e+04
    32.41914   1.375916087e+04
    32.46240   1.372323613e+04
    32.50571   1.368741161e+04
    32.54908   1.365167158e+04
    32.59251   1.361602366e+04
    32.63599   1.358046962e+04
    32.67954   1.354501123e+04
    32.72314   1.350963847e+04
    32.76680   1.347435889e+04
    32.81052   1.343916843e+04
    32.85429   1.340407466e+04
    32.89813   1.336906156e+04
    32.94202   1.333414267e+04
    32.98597   1.329932580e+04
    33.02998   1.326459471e+04
    33.07405   1.322994503e+04
    33.11818   1.319539056e+04
    33.16237   1.316092691e+04
    33.20661   1.312654978e+04
    33.25092   1.309225478e+04
    33.29528   1.305806184e+04
    33.33971   1.302394827e+04
    33.38419   1.298992180e+04
    33.42873   1.295599031e+04
    33.47333   1.292213083e+04
    33.51799   1.288837580e+04
    33.56271   1.285470849e+04
    33.60749   1.282112433e+04
    33.65233   1.278761869e+04
    33.69723   1.275420566e+04
    33.74219   1.272088694e+04
    33.78721   1.268763915e+04
    33.83229   1.265449526e+04
    33.87743   1.262143184e+04
    33.92263   1.258844405e+04
    33.96789   1.255553988e+04
    34.01321   1.252273372e+04
    34.05860   1.249000799e+04
    34.10404   1.245737082e+04
    34.14954   1.242481738e+04
    34.19510   1.239234279e+04
    34.24073   1.235994871e+04
    34.28641   1.232764310e+04
    34.33216   1.229542115e+04
    34.37796   1.226328443e+04
    34.42383   1.223122807e+04
    34.46976   1.219925356e+04
    34.51575   1.216736912e+04
    34.56180   1.213556312e+04
    34.60792   1.210383061e+04
    34.65409   1.207219288e+04
    34.70033   1.204063173e+04
    34.74662   1.200916191e+04
    34.79298   1.197776514e+04
    34.83941   1.194644289e+04
    34.88589   1.191521000e+04
    34.93244   1.188405469e+04
    34.97904   1.185297170e+04
    35.02571   1.182198284e+04
    35.07244   1.179107616e+04
    35.11924   1.176023961e+04
    35.16610   1.172948827e+04
    35.21302   1.169881689e+04
    35.26000   1.166822018e+04
    35.30704   1.163771320e+04
    35.35415   1.160727708e+04
    35.40132   1.157691310e+04
    35.44855   1.154664357e+04
    35.49585   1.151644235e+04
    35.54321   1.148632476e+04
    35.59063   1.145628535e+04
    35.63812   1.142630461e+04
    35.68567   1.139642593e+04
    35.73328   1.136661592e+04
    35.78096   1.133688295e+04
    35.82870   1.130722853e+04
    35.87650   1.127764705e+04
    35.92437   1.124814701e+04
    35.97230   1.121872281e+04
    36.02029   1.118936878e+04
    36.06835   1.116009346e+04
    36.11647   1.113090552e+04
    36.16466   1.110178488e+04
    36.21291   1.107273287e+04
    36.26123   1.104376545e+04
    36.30961   1.101486955e+04
    36.35806   1.098604659e+04
    36.40656   1.095729794e+04
    36.45514   1.092863239e+04
    36.50378   1.090002940e+04
    36.55248   1.087151236e+04
    36.60125   1.084306065e+04
    36.65009   1.081469039e+04
    36.69899   1.078638079e+04
    36.74795   1.075815546e+04
    36.79698   1.072999358e+04
    36.84608   1.070191881e+04
    36.89524   1.067390270e+04
    36.94446   1.064596157e+04
    36.99376   1.061811188e+04
    37.04311   1.059032495e+04
    37.09254   1.056260205e+04
    37.14203   1.053495211e+04
    37.19158   1.050736886e+04
    37.24120   1.047986897e+04
    37.29089   1.045243082e+04
    37.34065   1.042507114e+04
    37.39047   1.039778363e+04
    37.44035   1.037055415e+04
    37.49031   1.034341500e+04
    37.54033   1.031632878e+04
    37.59042   1.028931232e+04
    37.64057   1.026238254e+04
    37.69079   1.023550960e+04
    37.74108   1.020871043e+04
    37.79143   1.018198640e+04
    37.84186   1.015532308e+04
    37.89235   1.012873755e+04
    37.94290   1.010221536e+04
    37.99353   1.007575773e+04
    38.04422   1.004936602e+04
    38.09498   1.002306538e+04
    38.14580   9.996809271e+03
    38.19670   9.970630981e+03
    38.24766   9.944515676e+03
    38.29869   9.918480855e+03
    38.34979   9.892495486e+03
    38.40096   9.866585023e+03
    38.45220   9.840742763e+03
    38.50350   9.814969885e+03
    38.55487   9.789267768e+03
    38.60631   9.763621256e+03
    38.65782   9.738048025e+03
    38.70940   9.712541117e+03
    38.76105   9.687093526e+03
    38.81276   9.661723053e+03
    38.86455   9.636414385e+03
    38.91640   9.611168787e+03
    38.96832   9.585987436e+03
    39.02032   9.560871642e+03
    39.07238   9.535822545e+03
    39.12451   9.510841535e+03
    39.17671   9.485929747e+03
    39.22898   9.461080007e+03
    39.28132   9.436293589e+03
    39.33373   9.411563122e+03
    39.38621   9.386906890e+03
    39.43876   9.362317610e+03
    39.49138   9.337779327e+03
    39.54407   9.313319037e+03
    39.59683   9.288903514e+03
    39.64966   9.264568396e+03
    39.70256   9.240297721e+03
    39.75554   9.216075262e+03
    39.80858   9.191928292e+03
    39.86169   9.167831875e+03
    39.91488   9.143813406e+03
    39.96813   9.119839023e+03
    40.02146   9.095945046e+03
    40.07486   9.072106254e+03
    40.12833   9.048332643e+03
    40.18187   9.024607668e+03
    40.23548   9.000959137e+03
    40.28916   8.977361479e+03
    40.34292   8.953833751e+03
    40.39674   8.930359186e+03
    40.45064   8.906956959e+03
    40.50461   8.883610167e+03
    40.55865   8.860310917e+03
    40.61277   8.837087485e+03
    40.66695   8.813913871e+03
    40.72121   8.790809329e+03
    40.77554   8.767775139e+03
    40.82995   8.744784921e+03
    40.88442   8.721858147e+03
    40.93897   8.698995977e+03
    40.99359   8.676181060e+03
    41.04829   8.653442278e+03
    41.10306   8.630734360e+03
    41.15790   8.608114185e+03
    41.21281   8.585536340e+03
    41.26780   8.563029926e+03
    41.32286   8.540577421e+03
    41.37799   8.518170361e+03
    41.43320   8.495838208e+03
    41.48848   8.473563214e+03
    41.54383   8.451336952e+03
    41.59926   8.429189067e+03
    41.65477   8.407073021e+03
    41.71034   8.385018496e+03
    41.76599   8.363036134e+03
    41.82172   8.341088690e+03
    41.87752   8.319225370e+03
    41.93339   8.297408691e+03
    41.98934   8.275629946e+03
    42.04536   8.253929041e+03
    42.10146   8.232268134e+03
    42.15763   8.210687383e+03
    42.21388   8.189148717e+03
    42.27021   8.167662960e+03
    42.32660   8.146241036e+03
    42.38308   8.124874183e+03
    42.43962   8.103553487e+03
    42.49625   8.082299864e+03
    42.55295   8.061094495e+03
    42.60972   8.039938400e+03
    42.66657   8.018852597e+03
    42.72350   7.997818176e+03
    42.78050   7.976836163e+03
    42.83758   7.955907537e+03
    42.89474   7.935023192e+03
    42.95197   7.914204458e+03
    43.00928   7.893452435e+03
    43.06666   7.872727356e+03
    43.12412   7.852081279e+03
    43.18166   7.831474349e+03
    43.23927   7.810917749e+03
    43.29696   7.790422830e+03
    43.35473   7.769980279e+03
    43.41257   7.749591111e+03
    43.47050   7.729256362e+03
    43.52850   7.708977038e+03
    43.58657   7.688743692e+03
    43.64473   7.668557286e+03
    43.70296   7.648429312e+03
    43.76127   7.628350227e+03
    43.81966   7.608331597e+03
    43.87812   7.588374465e+03
    43.93666   7.568448046e+03
    43.99529   7.548585074e+03
    44.05398   7.528775968e+03
    44.11276   7.509011016e+03
    44.17162   7.489291156e+03
    44.23055   7.469638813e+03
    44.28957   7.450033536e+03
    44.34866   7.430465390e+03
    44.40783   7.410956975e+03
    44.46708   7.391509331e+03
    44.52641   7.372112588e+03
    44.58582   7.352756751e+03
    44.64530   7.333453672e+03
    44.70487   7.314204354e+03
    44.76452   7.294987711e+03
    44.82424   7.275837701e+03
    44.88405   7.256722170e+03
    44.94393   7.237686421e+03
    45.00390   7.218675871e+03
    45.06394   7.199724823e+03
    45.12407   7.180811874e+03
    45.18428   7.161949101e+03
    45.24456   7.143148723e+03
    45.30493   7.124400488e+03
    45.36537   7.105694013e+03
    45.42590   7.087030157e+03
    45.48651   7.068409799e+03
    45.54720   7.049845253e+03
    45.60797   7.031337523e+03
    45.66882   7.012876048e+03
    45.72975   6.994450275e+03
    45.79077   6.976072513e+03
    45.85186   6.957755295e+03
    45.91304   6.939487991e+03
    45.97430   6.921259898e+03
    46.03564   6.903083515e+03
    46.09706   6.884959801e+03
    46.15856   6.866877944e+03
    46.22015   6.848838778e+03
    46.28182   6.830843201e+03
    46.34357   6.812892051e+03
    46.40540   6.794998080e+03
    46.46731   6.777138477e+03
    46.52931   6.759349796e+03
    46.59139   6.741585263e+03
    46.65356   6.723881550e+03
    46.71580   6.706215661e+03
    46.77813   6.688600399e+03
    46.84054   6.671024644e+03
    46.90304   6.653489171e+03
    46.96562   6.636019121e+03
    47.02828   6.618566814e+03
    47.09103   6.601169504e+03
    47.15386   6.583828134e+03
    47.21677   6.566531370e+03
    47.27977   6.549280068e+03
    47.34285   6.532087480e+03
    47.40602   6.514904940e+03
    47.46927   6.497795222e+03
    47.53260   6.480709515e+03
    47.59602   6.463685986e+03
    47.65952   6.446700563e+03
    47.72311   6.429754062e+03
    47.78679   6.412859860e+03
    47.85054   6.395993630e+03
    47.91439   6.379194028e+03
    47.97832   6.362424020e+03
    48.04233   6.345709755e+03
    48.10643   6.329026658e+03
    48.17061   6.312388245e+03
    48.23488   6.295808151e+03
    48.29924   6.279261633e+03
    48.36368   6.262749461e+03
    48.42821   6.246272321e+03
    48.49282   6.229856937e+03
    48.55752   6.213478251e+03
    48.62231   6.197163109e+03
    48.68718   6.180860218e+03
    48.75214   6.164609450e+03
    48.81719   6.148424813e+03
    48.88232   6.132241485e+03
    48.94754   6.116112711e+03
    49.01285   6.100039427e+03
    49.07824   6.084009260e+03
    49.14372   6.068009690e+03
    49.20929   6.052054795e+03
    49.27495   6.036145355e+03
    49.34069   6.020282205e+03
    49.40652   6.004439272e+03
    49.47244   5.988644142e+03
    49.53845   5.972911190e+03
    49.60455   5.957200661e+03
    49.67073   5.941540408e+03
    49.73700   5.925903992e+03
    49.80336   5.910333073e+03
    49.86981   5.894787517e+03
    49.93635   5.879281671e+03
