# Wavelength              Flux
#         um   erg s-1 cm-2 cm
     0.10000   8.281234937e-13
     0.10013   6.495372331e-13
     0.10027   4.877246040e-13
     0.10040   3.926375574e-13
     0.10053   6.612849440e-13
     0.10067   4.628089925e-13
     0.10080   3.180676223e-13
     0.10094   3.790129587e-13
     0.10107   5.113288826e-13
     0.10121   5.258553817e-13
     0.10134   5.136706249e-13
     0.10148   2.689346621e-13
     0.10161   8.348845595e-13
     0.10175   3.736952554e-13
     0.10188   9.024807491e-13
     0.10202   1.022966617e-12
     0.10216   5.513251748e-13
     0.10229   3.293120611e-13
     0.10243   1.250411626e-13
     0.10257   3.085907537e-15
     0.10270   1.050879488e-13
     0.10284   2.800440008e-13
     0.10298   7.033544301e-13
     0.10311   8.083828098e-13
     0.10325   3.585067131e-12
     0.10339   3.511973419e-12
     0.10353   1.391173362e-12
     0.10367   2.117527319e-12
     0.10380   8.526724034e-12
     0.10394   9.039094250e-12
     0.10408   4.468199492e-12
     0.10422   6.923408903e-12
     0.10436   1.111703363e-11
     0.10450   7.535493215e-12
     0.10464   8.812174621e-12
     0.10478   6.127630828e-12
     0.10492   7.602025597e-12
     0.10506   5.422413592e-12
     0.10520   8.538916027e-12
     0.10534   1.160671593e-11
     0.10548   1.126944204e-11
     0.10562   7.428529676e-12
     0.10576   9.090606096e-12
     0.10590   1.426380069e-11
     0.10604   2.569043324e-11
     0.10618   1.946417573e-11
     0.10633   1.394878785e-11
     0.10647   1.997160797e-11
     0.10661   2.582982875e-11
     0.10675   2.168620973e-11
     0.10689   2.931242579e-11
     0.10704   2.579751329e-11
     0.10718   2.288287000e-11
     0.10732   2.319779660e-11
     0.10747   2.339853734e-11
     0.10761   6.335839193e-11
     0.10775   3.093159656e-11
     0.10790   2.444689243e-11
     0.10804   3.416299537e-11
     0.10818   3.615505042e-11
     0.10833   7.749053892e-11
     0.10847   5.232102328e-11
     0.10862   6.443875039e-11
     0.10876   5.105023095e-11
     0.10891   4.856122548e-11
     0.10905   1.123686417e-10
     0.10920   4.885625728e-11
     0.10934   8.066589665e-11
     0.10949   8.142854862e-11
     0.10964   4.836219070e-11
     0.10978   8.891252659e-11
     0.10993   6.707823852e-11
     0.11008   5.249772286e-11
     0.11022   1.482371468e-10
     0.11037   2.323828239e-10
     0.11052   1.538318120e-10
     0.11066   1.664413651e-10
     0.11081   1.382254148e-10
     0.11096   1.402706655e-10
     0.11111   2.553408125e-10
     0.11126   1.359332375e-10
     0.11140   1.660817256e-10
     0.11155   1.146573993e-10
     0.11170   1.597705071e-10
     0.11185   2.196831786e-10
     0.11200   2.065583074e-10
     0.11215   2.222589060e-10
     0.11230   5.406737610e-10
     0.11245   2.200444223e-10
     0.11260   5.705770140e-10
     0.11275   4.966780972e-10
     0.11290   3.948940203e-10
     0.11305   4.430069394e-10
     0.11320   4.602573408e-10
     0.11335   4.477470255e-10
     0.11350   2.923003941e-10
     0.11366   4.081989792e-10
     0.11381   5.212089848e-10
     0.11396   2.536570420e-10
     0.11411   5.453299071e-10
     0.11426   5.783317234e-10
     0.11442   4.448739361e-10
     0.11457   3.768078710e-10
     0.11472   5.119471365e-10
     0.11487   4.069271900e-10
     0.11503   5.238782710e-10
     0.11518   3.762397427e-10
     0.11533   6.752034526e-10
     0.11549   6.192226335e-10
     0.11564   5.071251382e-10
     0.11580   6.140926733e-10
     0.11595   3.247760659e-10
     0.11611   5.629047946e-10
     0.11626   4.164133129e-10
     0.11642   3.659354932e-10
     0.11657   2.624055262e-10
     0.11673   2.219179906e-10
     0.11688   4.243262956e-10
     0.11704   2.805579554e-10
     0.11719   3.794815694e-10
     0.11735   5.411456379e-10
     0.11751   4.132789275e-10
     0.11766   6.299014222e-10
     0.11782   7.804499252e-10
     0.11798   5.907358705e-10
     0.11814   7.121209814e-10
     0.11829   7.294676312e-10
     0.11845   6.425247723e-10
     0.11861   5.727803127e-10
     0.11877   6.341998029e-10
     0.11893   7.503942620e-10
     0.11908   7.625366108e-10
     0.11924   5.955000815e-10
     0.11940   6.076363141e-10
     0.11956   2.882990746e-09
     0.11972   4.485194512e-09
     0.11988   3.254500524e-09
     0.12004   3.468349851e-09
     0.12020   2.382219416e-09
     0.12036   2.615164338e-09
     0.12052   2.305291312e-09
     0.12068   1.619355162e-09
     0.12084   1.234442151e-09
     0.12101   5.026465489e-10
     0.12117   2.897806527e-10
     0.12133   9.107679361e-11
     0.12149   1.331405220e-11
     0.12165   1.013813868e-11
     0.12182   9.875823519e-11
     0.12198   2.889973634e-10
     0.12214   1.005754401e-09
     0.12230   1.935614536e-09
     0.12247   2.821193292e-09
     0.12263   4.829024045e-09
     0.12279   4.593237958e-09
     0.12296   5.145331375e-09
     0.12312   9.913270035e-09
     0.12329   1.345724059e-08
     0.12345   1.469304442e-08
     0.12361   1.396823657e-08
     0.12378   1.566911625e-08
     0.12394   2.389581915e-08
     0.12411   2.188857388e-08
     0.12428   2.272897578e-08
     0.12444   3.034038661e-08
     0.12461   2.746226485e-08
     0.12477   3.077337406e-08
     0.12494   2.584727480e-08
     0.12511   3.602345748e-08
     0.12527   4.215689680e-08
     0.12544   3.482401982e-08
     0.12561   2.932136664e-08
     0.12578   2.521899108e-08
     0.12594   4.047949544e-08
     0.12611   3.885053572e-08
     0.12628   4.049552238e-08
     0.12645   5.077194853e-08
     0.12662   3.661125209e-08
     0.12679   5.229343800e-08
     0.12696   4.695387489e-08
     0.12712   4.724771236e-08
     0.12729   5.998166987e-08
     0.12746   6.327675219e-08
     0.12763   4.603274879e-08
     0.12780   5.541849588e-08
     0.12798   5.436395902e-08
     0.12815   7.484417332e-08
     0.12832   7.836435415e-08
     0.12849   8.870601431e-08
     0.12866   7.855326454e-08
     0.12883   9.424790913e-08
     0.12900   1.205876706e-07
     0.12918   1.084029120e-07
     0.12935   8.809750120e-08
     0.12952   1.352911337e-07
     0.12969   1.295030056e-07
     0.12987   1.248427562e-07
     0.13004   1.516342652e-07
     0.13021   1.626001786e-07
     0.13039   1.970710136e-07
     0.13056   1.805421177e-07
     0.13073   1.826900845e-07
     0.13091   2.150945379e-07
     0.13108   1.727102977e-07
     0.13126   1.694193104e-07
     0.13143   1.576216200e-07
     0.13161   1.481473671e-07
     0.13178   1.772909288e-07
     0.13196   1.955682624e-07
     0.13214   2.235746212e-07
     0.13231   1.851545279e-07
     0.13249   1.861472166e-07
     0.13267   1.996265842e-07
     0.13284   2.414554366e-07
     0.13302   2.298978710e-07
     0.13320   2.533512134e-07
     0.13338   2.678559851e-07
     0.13355   2.448219049e-07
     0.13373   3.224501833e-07
     0.13391   2.406547458e-07
     0.13409   3.630272364e-07
     0.13427   2.887753367e-07
     0.13445   3.545813074e-07
     0.13463   3.330260685e-07
     0.13481   3.686473964e-07
     0.13499   3.748932983e-07
     0.13517   4.397174956e-07
     0.13535   4.774136225e-07
     0.13553   5.563847754e-07
     0.13571   4.490639566e-07
     0.13589   5.314639150e-07
     0.13607   5.648938759e-07
     0.13625   5.298303387e-07
     0.13643   5.747487592e-07
     0.13662   5.955326603e-07
     0.13680   5.473207311e-07
     0.13698   6.533579691e-07
     0.13716   4.887515355e-07
     0.13735   5.750227583e-07
     0.13753   6.181449551e-07
     0.13771   7.337611397e-07
     0.13790   8.242028386e-07
     0.13808   8.207587648e-07
     0.13826   9.576736175e-07
     0.13845   1.009294362e-06
     0.13863   1.111722505e-06
     0.13882   1.329326175e-06
     0.13900   1.301458735e-06
     0.13919   1.376572635e-06
     0.13938   1.544767667e-06
     0.13956   1.526141236e-06
     0.13975   1.737191048e-06
     0.13993   2.133858441e-06
     0.14012   1.874705443e-06
     0.14031   2.242694629e-06
     0.14049   2.264037291e-06
     0.14068   2.491979441e-06
     0.14087   2.280253454e-06
     0.14106   2.489523825e-06
     0.14125   3.026132542e-06
     0.14143   3.037627809e-06
     0.14162   2.888219503e-06
     0.14181   3.298957753e-06
     0.14200   3.639165018e-06
     0.14219   4.007774284e-06
     0.14238   3.959300724e-06
     0.14257   4.017736899e-06
     0.14276   4.308177066e-06
     0.14295   4.657653371e-06
     0.14314   4.914305860e-06
     0.14333   4.615164456e-06
     0.14352   4.937114520e-06
     0.14372   4.916283596e-06
     0.14391   5.306941136e-06
     0.14410   5.410560447e-06
     0.14429   6.205826728e-06
     0.14448   6.201310497e-06
     0.14468   6.417430807e-06
     0.14487   6.636057445e-06
     0.14506   7.479763326e-06
     0.14526   6.732213819e-06
     0.14545   7.780021211e-06
     0.14564   8.676577184e-06
     0.14584   8.557076395e-06
     0.14603   9.243557742e-06
     0.14623   9.201002980e-06
     0.14642   9.786265434e-06
     0.14662   9.777733877e-06
     0.14681   9.036978113e-06
     0.14701   9.791673938e-06
     0.14721   1.101873608e-05
     0.14740   1.103927575e-05
     0.14760   1.254850690e-05
     0.14780   1.138723930e-05
     0.14799   1.431198555e-05
     0.14819   1.338469668e-05
     0.14839   1.459241376e-05
     0.14859   1.552441600e-05
     0.14879   1.633966761e-05
     0.14898   1.655562412e-05
     0.14918   1.738723502e-05
     0.14938   1.809471194e-05
     0.14958   1.837134246e-05
     0.14978   1.924837636e-05
     0.14998   1.952663889e-05
     0.15018   1.897148949e-05
     0.15038   2.221748202e-05
     0.15058   2.373842357e-05
     0.15078   2.480514200e-05
     0.15098   2.601027333e-05
     0.15118   2.652029066e-05
     0.15139   2.681186117e-05
     0.15159   2.711392991e-05
     0.15179   2.546420362e-05
     0.15199   2.663763207e-05
     0.15220   9.282817387e-05
     0.15240   1.094274745e-04
     0.15260   1.060894324e-04
     0.15281   9.869635025e-05
     0.15301   1.130604388e-04
     0.15321   8.217732560e-05
     0.15342   8.808117206e-05
     0.15362   9.752669554e-05
     0.15383   1.135130185e-04
     0.15403   8.856962835e-05
     0.15424   1.291992151e-04
     0.15444   8.971097303e-05
     0.15465   1.032289819e-04
     0.15486   7.371502846e-05
     0.15506   8.185347247e-05
     0.15527   8.802609232e-05
     0.15548   9.057428344e-05
     0.15569   1.230065299e-04
     0.15589   1.769212914e-04
     0.15610   1.436957235e-04
     0.15631   1.657227299e-04
     0.15652   2.154901508e-04
     0.15673   2.392435611e-04
     0.15694   3.483978077e-04
     0.15715   3.328698537e-04
     0.15735   3.412275251e-04
     0.15756   3.414595659e-04
     0.15778   4.242509730e-04
     0.15799   3.268060484e-04
     0.15820   2.647910651e-04
     0.15841   3.437375908e-04
     0.15862   3.163384335e-04
     0.15883   2.899746928e-04
     0.15904   3.309653137e-04
     0.15925   3.409150207e-04
     0.15947   3.341546670e-04
     0.15968   4.113644992e-04
     0.15989   3.737552431e-04
     0.16011   2.643506555e-04
     0.16032   3.297850251e-04
     0.16053   3.476891565e-04
     0.16075   3.605840060e-04
     0.16096   3.701412542e-04
     0.16118   2.726295569e-04
     0.16139   3.407670986e-04
     0.16161   3.140350024e-04
     0.16182   3.777548945e-04
     0.16204   2.508057880e-04
     0.16226   4.232328205e-04
     0.16247   4.072726835e-04
     0.16269   5.633028561e-04
     0.16291   4.377532826e-04
     0.16312   7.667354554e-04
     0.16334   1.024129261e-03
     0.16356   5.766196349e-04
     0.16378   2.861713228e-04
     0.16400   9.846072976e-04
     0.16421   8.170592754e-04
     0.16443   1.316712274e-03
     0.16465   1.184253110e-03
     0.16487   1.290463329e-03
     0.16509   9.732589927e-04
     0.16531   1.010695102e-03
     0.16553   1.430271133e-03
     0.16575   1.288863935e-03
     0.16597   1.272395927e-03
     0.16620   1.707886781e-03
     0.16642   1.901206103e-03
     0.16664   1.657180339e-03
     0.16686   5.234145760e-04
     0.16709   7.720736980e-04
     0.16731   1.541757614e-03
     0.16753   1.093248288e-03
     0.16775   1.390026809e-03
     0.16798   1.736892409e-03
     0.16820   1.341354103e-03
     0.16843   3.461308036e-03
     0.16865   1.933427210e-03
     0.16888   1.311985861e-03
     0.16910   3.148380838e-03
     0.16933   1.214389439e-03
     0.16955   2.705606584e-03
     0.16978   3.240879369e-03
     0.17001   2.227775369e-03
     0.17023   1.562475113e-03
     0.17046   3.423514506e-03
     0.17069   4.453179118e-03
     0.17092   4.951349470e-03
     0.17114   4.972401590e-03
     0.17137   6.469229168e-03
     0.17160   2.977701882e-03
     0.17183   2.415375307e-03
     0.17206   3.723649785e-03
     0.17229   6.121783068e-03
     0.17252   6.447482326e-03
     0.17275   7.262534594e-03
     0.17298   6.583752582e-03
     0.17321   6.097369687e-03
     0.17344   4.527587401e-03
     0.17367   6.347146305e-03
     0.17390   4.775674522e-03
     0.17414   4.523041664e-03
     0.17437   8.968175864e-03
     0.17460   9.751190586e-03
     0.17483   8.013211986e-03
     0.17507   5.539411357e-03
     0.17530   6.545287832e-03
     0.17553   1.037870675e-02
     0.17577   6.893530173e-03
     0.17600   1.186328338e-02
     0.17624   6.797131630e-03
     0.17647   9.192301104e-03
     0.17671   1.272833195e-02
     0.17694   9.696525781e-03
     0.17718   6.295139565e-03
     0.17742   1.080802910e-02
     0.17765   1.480638500e-02
     0.17789   1.328634798e-02
     0.17813   1.391768927e-02
     0.17837   1.931181519e-02
     0.17860   1.692159380e-02
     0.17884   2.382841623e-02
     0.17908   1.674235218e-02
     0.17932   8.816437092e-03
     0.17956   1.527230709e-02
     0.17980   1.128030696e-02
     0.18004   1.884896755e-02
     0.18028   2.810784516e-02
     0.18052   2.578942905e-02
     0.18076   2.297278330e-02
     0.18100   2.506282408e-02
     0.18124   1.132614857e-02
     0.18148   1.698791651e-02
     0.18173   2.110160651e-02
     0.18197   1.823322404e-02
     0.18221   2.720990906e-02
     0.18246   3.061181307e-02
     0.18270   2.295347256e-02
     0.18294   2.741822417e-02
     0.18319   1.509194069e-02
     0.18343   1.320275224e-02
     0.18368   1.859257119e-02
     0.18392   2.240313852e-02
     0.18417   2.273115301e-02
     0.18441   2.877794189e-02
     0.18466   3.026439160e-02
     0.18490   3.317012716e-02
     0.18515   2.132525709e-02
     0.18540   1.753377104e-02
     0.18565   1.786143341e-02
     0.18589   2.713799680e-02
     0.18614   2.179981957e-02
     0.18639   2.670768336e-02
     0.18664   3.952682265e-02
     0.18689   5.366395400e-02
     0.18714   3.420006369e-02
     0.18739   3.418079897e-02
     0.18764   4.122778604e-02
     0.18789   2.745374449e-02
     0.18814   2.815680993e-02
     0.18839   4.922814008e-02
     0.18864   4.845310669e-02
     0.18889   4.980082986e-02
     0.18914   6.345827426e-02
     0.18940   7.817562696e-02
     0.18965   3.726293339e-02
     0.18990   3.966006933e-02
     0.19015   5.036279030e-02
     0.19041   6.631402256e-02
     0.19066   7.615377604e-02
     0.19092   5.769016274e-02
     0.19117   8.378556181e-02
     0.19143   8.657562196e-02
     0.19168   7.572948383e-02
     0.19194   6.911893812e-02
     0.19219   6.507106961e-02
     0.19245   6.170753431e-02
     0.19271   9.299599535e-02
     0.19296   8.490125389e-02
     0.19322   1.254925141e-01
     0.19348   1.069278937e-01
     0.19374   8.357571231e-02
     0.19400   8.200941227e-02
     0.19425   9.961857615e-02
     0.19451   6.509606426e-02
     0.19477   9.476504652e-02
     0.19503   9.229705981e-02
     0.19529   1.208542307e-01
     0.19555   1.219312337e-01
     0.19581   1.383708344e-01
     0.19608   1.085329410e-01
     0.19634   1.406368440e-01
     0.19660   1.393694984e-01
     0.19686   1.342175809e-01
     0.19712   1.979891236e-01
     0.19739   1.649934231e-01
     0.19765   1.467003413e-01
     0.19791   1.461860523e-01
     0.19818   1.710333420e-01
     0.19844   1.949636045e-01
     0.19871   1.889136842e-01
     0.19897   1.359157577e-01
     0.19924   2.064760224e-01
     0.19950   1.582799565e-01
     0.19977   1.968283619e-01
     0.20004   1.757633815e-01
     0.20030   2.123527651e-01
     0.20057   1.833543119e-01
     0.20084   2.063947388e-01
     0.20111   2.048790538e-01
     0.20138   2.571710627e-01
     0.20164   2.061059720e-01
     0.20191   2.104148499e-01
     0.20218   1.881515322e-01
     0.20245   1.944088588e-01
     0.20272   2.226580962e-01
     0.20299   2.742249090e-01
     0.20326   2.633215813e-01
     0.20353   2.479961136e-01
     0.20381   3.091389892e-01
     0.20408   2.366230543e-01
     0.20435   2.527320851e-01
     0.20462   3.184018087e-01
     0.20490   2.907679841e-01
     0.20517   3.078369621e-01
     0.20544   3.154928221e-01
     0.20572   3.645412858e-01
     0.20599   3.023980778e-01
     0.20627   3.444536041e-01
     0.20654   2.459851733e-01
     0.20682   3.845589339e-01
     0.20709   9.834602909e-01
     0.20737   1.203832943e+00
     0.20765   7.237581599e-01
     0.20792   7.175004518e-01
     0.20820   9.970994055e-01
     0.20848   7.238965137e-01
     0.20876   1.044109435e+00
     0.20904   1.834872208e+00
     0.20931   1.779474042e+00
     0.20959   6.846274468e-01
     0.20987   1.616876070e+00
     0.21015   1.194889972e+00
     0.21043   1.171684875e+00
     0.21071   1.287492563e+00
     0.21100   1.008184863e+00
     0.21128   1.717612150e+00
     0.21156   1.093784016e+00
     0.21184   1.505861993e+00
     0.21212   1.791448265e+00
     0.21241   1.201577799e+00
     0.21269   1.156386346e+00
     0.21297   2.256177041e+00
     0.21326   2.163607479e+00
     0.21354   1.810057346e+00
     0.21383   1.750262543e+00
     0.21411   1.603746981e+00
     0.21440   2.161625398e+00
     0.21468   1.607644163e+00
     0.21497   9.950943015e-01
     0.21526   1.392772405e+00
     0.21555   2.702599751e+00
     0.21583   1.954501003e+00
     0.21612   1.664493488e+00
     0.21641   1.772165286e+00
     0.21670   1.629971962e+00
     0.21699   1.976439127e+00
     0.21728   2.569758534e+00
     0.21757   3.700648504e+00
     0.21786   1.285819428e+00
     0.21815   1.276430196e+00
     0.21844   1.928766306e+00
     0.21873   2.509664311e+00
     0.21902   4.181385568e+00
     0.21931   2.829464440e+00
     0.21961   3.265729879e+00
     0.21990   1.681799658e+00
     0.22019   3.088689509e+00
     0.22049   2.891804810e+00
     0.22078   4.072197050e+00
     0.22108   3.076085635e+00
     0.22137   3.210766588e+00
     0.22167   2.251745409e+00
     0.22196   1.711866046e+00
     0.22226   2.785169582e+00
     0.22255   3.212063047e+00
     0.22285   3.788659056e+00
     0.22315   5.515839802e+00
     0.22345   6.559210483e+00
     0.22374   4.261451415e+00
     0.22404   5.474094894e+00
     0.22434   3.522276679e+00
     0.22464   7.617654294e+00
     0.22494   7.471595532e+00
     0.22524   8.123424899e+00
     0.22554   7.600583392e+00
     0.22584   2.056751988e+00
     0.22614   2.094292367e+00
     0.22645   3.875324746e+00
     0.22675   3.496605664e+00
     0.22705   6.488119734e+00
     0.22735   8.133691454e+00
     0.22766   6.827033475e+00
     0.22796   6.603752707e+00
     0.22826   7.604043887e+00
     0.22857   6.925829911e+00
     0.22887   5.519448602e+00
     0.22918   1.061206870e+01
     0.22948   9.464594728e+00
     0.22979   1.149354571e+01
     0.23010   2.931100471e+00
     0.23040   4.674804193e+00
     0.23071   5.493344704e+00
     0.23102   9.424579456e+00
     0.23133   1.139087712e+01
     0.23164   2.014271675e+01
     0.23195   1.373300291e+01
     0.23226   1.043174608e+01
     0.23257   9.263919367e+00
     0.23288   1.438112069e+01
     0.23319   1.390737578e+01
     0.23350   1.347889774e+01
     0.23381   1.130722210e+01
     0.23412   2.056723347e+01
     0.23443   7.241770508e+00
     0.23475   9.178028906e+00
     0.23506   8.809059381e+00
     0.23537   7.976024520e+00
     0.23569   8.785091007e+00
     0.23600   1.157171439e+01
     0.23632   1.854434604e+01
     0.23663   9.575321975e+00
     0.23695   1.077023459e+01
     0.23726   1.095592185e+01
     0.23758   1.674424393e+01
     0.23790   1.678104913e+01
     0.23821   2.070855884e+01
     0.23853   2.511393207e+01
     0.23885   1.872131988e+01
     0.23917   1.170571050e+01
     0.23949   1.364269930e+01
     0.23981   2.754203777e+01
     0.24013   3.211127826e+01
     0.24045   3.442803933e+01
     0.24077   4.224530393e+01
     0.24109   2.740022913e+01
     0.24141   1.819226117e+01
     0.24173   2.049833422e+01
     0.24206   2.006816401e+01
     0.24238   2.538581501e+01
     0.24270   3.695132334e+01
     0.24303   4.546843379e+01
     0.24335   2.909145989e+01
     0.24368   3.560456391e+01
     0.24400   4.156813166e+01
     0.24433   4.141355104e+01
     0.24465   4.315680837e+01
     0.24498   4.846539318e+01
     0.24531   5.610766876e+01
     0.24563   6.239768475e+01
     0.24596   2.365060048e+01
     0.24629   2.595276720e+01
     0.24662   4.157693979e+01
     0.24695   4.433030053e+01
     0.24728   4.032058987e+01
     0.24761   5.847940328e+01
     0.24794   5.381515195e+01
     0.24827   2.731741289e+01
     0.24860   3.028765298e+01
     0.24893   1.046695524e+01
     0.24926   2.677528033e+01
     0.24959   4.357667622e+01
     0.24993   5.027403200e+01
     0.25026   5.784293329e+01
     0.25059   5.812472501e+01
     0.25093   5.016865324e+01
     0.25126   4.152520013e+01
     0.25160   2.714770320e+01
     0.25193   3.849409730e+01
     0.25227   2.861552858e+01
     0.25261   5.294794441e+01
     0.25294   3.169061342e+01
     0.25328   9.573839615e+01
     0.25362   9.341283059e+01
     0.25396   1.173021164e+02
     0.25430   9.154790274e+01
     0.25464   1.043624328e+02
     0.25498   1.033337433e+02
     0.25532   1.765142333e+02
     0.25566   1.398265001e+02
     0.25600   1.264761910e+02
     0.25634   7.982038390e+01
     0.25668   1.025249596e+02
     0.25702   1.222954526e+02
     0.25737   1.838520926e+02
     0.25771   9.700767700e+01
     0.25805   1.261929925e+02
     0.25840   1.046696009e+02
     0.25874   8.838744010e+01
     0.25909   9.314868952e+01
     0.25943   1.209108693e+02
     0.25978   2.163714131e+02
     0.26013   2.063859574e+02
     0.26047   2.636544367e+02
     0.26082   1.705236438e+02
     0.26117   1.576787276e+02
     0.26152   1.898513988e+02
     0.26187   2.708919018e+02
     0.26222   2.701708085e+02
     0.26257   2.132284156e+02
     0.26292   3.399204525e+02
     0.26327   2.423223408e+02
     0.26362   3.929572683e+02
     0.26397   1.034013166e+03
     0.26432   2.754154666e+02
     0.26468   2.235826684e+02
     0.26503   4.980593689e+02
     0.26538   3.685902888e+02
     0.26574   5.533806898e+02
     0.26609   3.370136989e+02
     0.26645   5.104821910e+02
     0.26680   2.758510035e+02
     0.26716   2.346428567e+02
     0.26751   4.960452211e+02
     0.26787   5.541899104e+02
     0.26823   4.588929636e+02
     0.26859   9.432886538e+02
     0.26894   5.033435015e+02
     0.26930   3.630756841e+02
     0.26966   2.487227512e+02
     0.27002   4.921651314e+02
     0.27038   8.087396841e+02
     0.27074   6.236263427e+02
     0.27110   5.205033546e+02
     0.27147   3.606054209e+02
     0.27183   2.454174385e+02
     0.27219   2.129011411e+02
     0.27255   3.119074979e+02
     0.27292   5.855729000e+02
     0.27328   2.840996721e+02
     0.27365   3.363174912e+02
     0.27401   4.772257116e+02
     0.27438   3.223601474e+02
     0.27474   5.365782122e+02
     0.27511   4.580713664e+02
     0.27548   5.399664214e+02
     0.27584   5.351448205e+02
     0.27621   6.425584992e+02
     0.27658   1.062698914e+03
     0.27695   6.922974437e+02
     0.27732   9.656522899e+02
     0.27769   6.756599129e+02
     0.27806   4.001367259e+02
     0.27843   7.235534075e+02
     0.27880   7.403980206e+02
     0.27917   7.168890802e+02
     0.27955   3.833836772e+02
     0.27992   5.564870278e+02
     0.28029   4.064371159e+02
     0.28067   6.398899723e+02
     0.28104   1.008597980e+03
     0.28142   9.203659074e+02
     0.28179   1.179970246e+03
     0.28217   1.008056575e+03
     0.28254   8.690022556e+02
     0.28292   8.775606187e+02
     0.28330   6.885419259e+02
     0.28368   7.297836566e+02
     0.28406   7.190388354e+02
     0.28443   5.756392243e+02
     0.28481   3.940026401e+02
     0.28519   1.012773802e+02
     0.28557   2.970777101e+02
     0.28596   5.876368366e+02
     0.28634   7.655833283e+02
     0.28672   9.221724499e+02
     0.28710   1.085349790e+03
     0.28748   9.433362660e+02
     0.28787   1.013183476e+03
     0.28825   1.077819003e+03
     0.28864   2.000478739e+03
     0.28902   1.819924409e+03
     0.28941   1.669575182e+03
     0.28979   3.011021358e+03
     0.29018   4.699849955e+03
     0.29057   6.155822771e+03
     0.29096   4.559369981e+03
     0.29134   3.271140961e+03
     0.29173   8.713451435e+03
     0.29212   7.040798734e+03
     0.29251   4.335564643e+03
     0.29290   2.225740419e+03
     0.29329   5.485091184e+03
     0.29368   1.607906329e+03
     0.29408   2.759290740e+03
     0.29447   2.419957431e+03
     0.29486   1.702792731e+03
     0.29525   4.024746683e+03
     0.29565   1.609951460e+03
     0.29604   4.561279615e+03
     0.29644   3.628861153e+03
     0.29683   1.300259918e+03
     0.29723   1.466226810e+03
     0.29763   2.499106920e+03
     0.29802   3.528765445e+03
     0.29842   1.261232917e+03
     0.29882   2.378109256e+03
     0.29922   3.484332771e+03
     0.29962   1.666305603e+03
     0.30002   1.623312074e+03
     0.30042   1.805492772e+03
     0.30082   1.894057471e+03
     0.30122   2.732536045e+03
     0.30162   2.344632406e+03
     0.30202   8.943510535e+02
     0.30243   1.798605218e+03
     0.30283   2.848576280e+03
     0.30323   4.535612034e+03
     0.30364   3.207355759e+03
     0.30404   2.852832350e+03
     0.30445   3.569458996e+03
     0.30486   2.519151723e+03
     0.30526   4.115608612e+03
     0.30567   2.570230210e+03
     0.30608   2.766439004e+03
     0.30649   8.520760318e+03
     0.30689   7.682570528e+03
     0.30730   1.197708830e+04
     0.30771   7.562626533e+03
     0.30812   4.760970769e+03
     0.30854   8.214038714e+03
     0.30895   7.490649538e+03
     0.30936   2.657510471e+03
     0.30977   5.225501785e+03
     0.31019   2.901773459e+03
     0.31060   1.455608616e+04
     0.31101   1.783234893e+04
     0.31143   1.970920316e+04
     0.31184   1.592545860e+04
     0.31226   1.745160184e+04
     0.31268   1.918841590e+04
     0.31309   1.895863548e+04
     0.31351   9.924395131e+03
     0.31393   2.210941246e+04
     0.31435   1.560147794e+04
     0.31477   1.769719682e+04
     0.31519   3.054646110e+04
     0.31561   2.181032243e+04
     0.31603   9.733933825e+03
     0.31645   1.864066758e+04
     0.31687   1.690372834e+04
     0.31730   2.821159991e+04
     0.31772   2.658185671e+04
     0.31814   1.386007361e+04
     0.31857   1.206047395e+04
     0.31899   2.745412148e+04
     0.31942   1.130591992e+04
     0.31985   1.537222510e+04
     0.32027   2.073700715e+04
     0.32070   2.409340597e+04
     0.32113   1.200130914e+04
     0.32156   1.227114749e+04
     0.32198   1.793929451e+04
     0.32241   1.261845063e+04
     0.32284   9.168248206e+03
     0.32328   1.363994905e+04
     0.32371   1.455521382e+04
     0.32414   2.057436479e+04
     0.32457   1.824562218e+04
     0.32500   1.621877525e+04
     0.32544   2.624281943e+04
     0.32587   4.050725969e+04
     0.32631   3.589460306e+04
     0.32674   3.638265611e+04
     0.32718   2.684164514e+04
     0.32761   3.179161982e+04
     0.32805   2.806519214e+04
     0.32849   2.992595309e+04
     0.32893   3.485005189e+04
     0.32937   3.873644064e+04
     0.32981   4.837968820e+04
     0.33025   3.649016250e+04
     0.33069   2.683141992e+04
     0.33113   3.039809461e+04
     0.33157   1.922884883e+04
     0.33201   3.415995115e+04
     0.33245   2.825146452e+04
     0.33290   3.192317196e+04
     0.33334   3.310839162e+04
     0.33379   2.366658870e+04
     0.33423   2.610828247e+04
     0.33468   2.956524038e+04
     0.33513   2.418432559e+04
     0.33557   2.919437585e+04
     0.33602   1.047768304e+04
     0.33647   2.306097396e+04
     0.33692   1.126775442e+04
     0.33737   9.768114013e+03
     0.33782   2.201017944e+04
     0.33827   1.516968910e+04
     0.33872   2.093394263e+04
     0.33917   1.534682218e+04
     0.33962   2.169707228e+04
     0.34008   3.045886819e+04
     0.34053   1.908995982e+04
     0.34098   2.089469197e+04
     0.34144   1.158013455e+04
     0.34190   2.295655339e+04
     0.34235   1.960345288e+04
     0.34281   2.350162694e+04
     0.34327   2.477743533e+04
     0.34372   1.913856452e+04
     0.34418   6.867951069e+03
     0.34464   1.025548010e+04
     0.34510   2.642226288e+04
     0.34556   2.777831865e+04
     0.34602   1.468258942e+04
     0.34648   1.586917185e+04
     0.34695   2.880134732e+04
     0.34741   1.648381111e+04
     0.34787   2.181210849e+04
     0.34834   3.812794416e+04
     0.34880   3.505916276e+04
     0.34927   1.161039176e+04
     0.34973   2.387213212e+04
     0.35020   3.891264555e+04
     0.35067   5.174971102e+04
     0.35113   2.946021238e+04
     0.35160   2.029159194e+04
     0.35207   2.469593399e+04
     0.35254   1.271943786e+04
     0.35301   3.344190034e+04
     0.35348   4.568840588e+04
     0.35396   4.754772734e+04
     0.35443   4.572121017e+04
     0.35490   4.260849457e+04
     0.35537   3.349028994e+04
     0.35585   3.042229011e+04
     0.35632   3.315641237e+04
     0.35680   1.483582668e+04
     0.35727   1.485420916e+04
     0.35775   1.561883928e+04
     0.35823   1.049108642e+04
     0.35871   1.320297190e+04
     0.35918   2.163842232e+04
     0.35966   2.256992458e+04
     0.36014   4.980129848e+04
     0.36062   1.525907125e+04
     0.36111   1.840146000e+04
     0.36159   3.190800164e+04
     0.36207   1.542966096e+04
     0.36255   4.695214178e+04
     0.36304   3.329441519e+04
     0.36352   2.219407388e+04
     0.36401   5.474556304e+04
     0.36449   3.270194779e+04
     0.36498   1.943278225e+04
     0.36546   5.279864442e+04
     0.36595   7.714196159e+04
     0.36644   7.435435935e+04
     0.36693   5.175988608e+04
     0.36742   8.047147312e+04
     0.36791   3.723286658e+04
     0.36840   3.876861017e+04
     0.36889   3.128751907e+04
     0.36938   6.983888860e+04
     0.36988   9.058410437e+04
     0.37037   4.131339161e+04
     0.37086   1.685951060e+04
     0.37136   5.739865842e+04
     0.37185   2.085487107e+04
     0.37235   1.490800756e+04
     0.37285   2.610631826e+04
     0.37335   1.673598459e+04
     0.37384   1.239814129e+04
     0.37434   2.074554179e+04
     0.37484   9.500948117e+03
     0.37534   2.838534270e+04
     0.37584   2.865822414e+04
     0.37634   2.826432431e+04
     0.37685   3.746725756e+04
     0.37735   8.553863120e+04
     0.37785   6.743715790e+04
     0.37836   1.004901922e+05
     0.37886   4.387325631e+04
     0.37937   4.941777722e+04
     0.37987   3.486893126e+04
     0.38038   7.672554076e+04
     0.38089   5.766440101e+04
     0.38140   5.033102145e+04
     0.38190   2.310707236e+04
     0.38241   1.862552526e+04
     0.38292   2.051091037e+04
     0.38344   2.187519647e+04
     0.38395   2.192297333e+04
     0.38446   4.256156270e+04
     0.38497   4.552194763e+04
     0.38549   3.874579266e+04
     0.38600   1.605498751e+04
     0.38651   3.512120202e+04
     0.38703   4.345494717e+04
     0.38755   4.224382548e+04
     0.38806   3.406688262e+04
     0.38858   2.952784396e+04
     0.38910   5.934558530e+04
     0.38962   4.857536018e+04
     0.39014   3.839249040e+04
     0.39066   4.583651406e+04
     0.39118   1.020354196e+05
     0.39170   8.222622641e+04
     0.39223   2.958372977e+04
     0.39275   3.570283320e+04
     0.39327   1.456424741e+04
     0.39380   2.739784120e+04
     0.39432   3.461429798e+04
     0.39485   5.186098090e+04
     0.39538   9.458666900e+04
     0.39590   4.824602464e+04
     0.39643   2.636154781e+04
     0.39696   1.771586522e+04
     0.39749   5.548602143e+04
     0.39802   9.974324295e+04
     0.39855   1.067333606e+05
     0.39908   1.413245454e+05
     0.39962   1.318184871e+05
     0.40015   1.418501559e+05
     0.40068   1.293693061e+05
     0.40122   1.584649633e+05
     0.40175   1.686937104e+05
     0.40229   1.689862788e+05
     0.40283   1.406101895e+05
     0.40336   3.693390496e+04
     0.40390   1.555295058e+05
     0.40444   9.157768345e+04
     0.40498   1.184417902e+05
     0.40552   1.699211564e+05
     0.40606   1.331387236e+05
     0.40660   7.932522798e+04
     0.40715   1.005502230e+05
     0.40769   1.210642191e+05
     0.40823   1.612522718e+05
     0.40878   2.018094095e+05
     0.40932   2.216527117e+05
     0.40987   1.357858339e+05
     0.41042   1.304817239e+05
     0.41096   1.580189063e+05
     0.41151   1.379750486e+05
     0.41206   1.514301436e+05
     0.41261   1.773434723e+05
     0.41316   1.070874408e+05
     0.41371   1.335166962e+05
     0.41426   1.117481754e+05
     0.41482   1.334601451e+05
     0.41537   1.365497454e+05
     0.41592   1.593543163e+05
     0.41648   1.550469591e+05
     0.41704   1.364720100e+05
     0.41759   1.126692485e+05
     0.41815   1.484782390e+05
     0.41871   1.311017863e+05
     0.41927   1.580059517e+05
     0.41982   1.076635821e+05
     0.42038   9.837316575e+04
     0.42095   1.592644303e+05
     0.42151   1.387682157e+05
     0.42207   1.174698550e+05
     0.42263   3.967488585e+04
     0.42320   7.524361610e+04
     0.42376   1.221402459e+05
     0.42433   1.697061235e+05
     0.42489   1.422877099e+05
     0.42546   7.612352734e+04
     0.42603   1.384434222e+05
     0.42660   1.730069171e+05
     0.42717   9.114658402e+04
     0.42773   1.057596290e+05
     0.42831   1.440829843e+05
     0.42888   1.062739267e+05
     0.42945   1.276368548e+05
     0.43002   1.158741533e+05
     0.43060   9.734940566e+04
     0.43117   1.057694754e+05
     0.43175   2.042129112e+05
     0.43232   1.884994774e+05
     0.43290   1.491309815e+05
     0.43348   2.646167517e+05
     0.43405   1.862044838e+05
     0.43463   2.265161378e+05
     0.43521   2.039909897e+05
     0.43579   2.469857315e+05
     0.43638   2.611908190e+05
     0.43696   2.436901337e+05
     0.43754   1.998371905e+05
     0.43812   1.880834947e+05
     0.43871   1.401904627e+05
     0.43929   2.210363494e+05
     0.43988   2.393016420e+05
     0.44047   1.753191749e+05
     0.44106   2.326067927e+05
     0.44164   2.126108342e+05
     0.44223   2.509813866e+05
     0.44282   2.149935466e+05
     0.44341   1.965939083e+05
     0.44401   2.633829464e+05
     0.44460   2.605476987e+05
     0.44519   2.548503224e+05
     0.44579   1.521783033e+05
     0.44638   2.302174031e+05
     0.44698   2.491616585e+05
     0.44757   2.964208937e+05
     0.44817   2.795707375e+05
     0.44877   3.099847584e+05
     0.44937   2.864002409e+05
     0.44997   2.758222724e+05
     0.45057   3.530591953e+05
     0.45117   3.496294492e+05
     0.45177   3.195879287e+05
     0.45237   3.213788878e+05
     0.45298   2.335924471e+05
     0.45358   2.323656780e+05
     0.45418   3.277063553e+05
     0.45479   2.756018358e+05
     0.45540   3.190879909e+05
     0.45600   3.532607548e+05
     0.45661   3.655432874e+05
     0.45722   3.336705091e+05
     0.45783   3.208658740e+05
     0.45844   2.793253535e+05
     0.45906   3.418547907e+05
     0.45967   3.279185638e+05
     0.46028   3.185778329e+05
     0.46090   3.726433161e+05
     0.46151   3.226861136e+05
     0.46213   3.429214095e+05
     0.46274   3.579106627e+05
     0.46336   3.694166164e+05
     0.46398   3.386195573e+05
     0.46460   3.495406437e+05
     0.46522   3.338087298e+05
     0.46584   3.683902284e+05
     0.46646   3.844415924e+05
     0.46708   3.441203571e+05
     0.46770   3.686651034e+05
     0.46833   3.462909428e+05
     0.46895   3.459972253e+05
     0.46958   3.754278274e+05
     0.47021   3.328672997e+05
     0.47083   3.455557121e+05
     0.47146   3.280262534e+05
     0.47209   3.605138879e+05
     0.47272   3.386871042e+05
     0.47335   3.296580693e+05
     0.47398   3.311084197e+05
     0.47461   3.371824899e+05
     0.47525   3.510025284e+05
     0.47588   3.042203196e+05
     0.47652   2.920537998e+05
     0.47715   3.042076380e+05
     0.47779   3.298514968e+05
     0.47843   3.222757976e+05
     0.47907   3.064782419e+05
     0.47970   3.594557679e+05
     0.48034   3.695949783e+05
     0.48099   3.802528311e+05
     0.48163   3.861461043e+05
     0.48227   3.758575812e+05
     0.48291   3.908288142e+05
     0.48356   3.720271499e+05
     0.48420   3.424274344e+05
     0.48485   4.101160871e+05
     0.48550   4.102904174e+05
     0.48614   3.968429300e+05
     0.48679   3.941923464e+05
     0.48744   3.340746640e+05
     0.48809   3.514166440e+05
     0.48874   3.691067793e+05
     0.48940   3.578609177e+05
     0.49005   4.082357753e+05
     0.49070   3.931977706e+05
     0.49136   3.683227697e+05
     0.49201   3.215892478e+05
     0.49267   3.784806252e+05
     0.49333   4.080690420e+05
     0.49398   3.223234442e+05
     0.49464   3.937059979e+05
     0.49530   3.981803378e+05
     0.49596   3.171141408e+05
     0.49663   3.498889698e+05
     0.49729   3.614617291e+05
     0.49795   3.518789508e+05
     0.49862   2.991557596e+05
     0.49928   2.996810763e+05
     0.49995   3.170450585e+05
     0.50061   2.959893800e+05
     0.50128   2.411500779e+05
     0.50195   3.034791222e+05
     0.50262   3.042514825e+05
     0.50329   3.661389000e+05
     0.50396   2.700718239e+05
     0.50464   3.231552856e+05
     0.50531   2.686789354e+05
     0.50598   3.421838204e+05
     0.50666   2.710086354e+05
     0.50733   3.201452607e+05
     0.50801   2.815433066e+05
     0.50869   2.766580037e+05
     0.50937   3.230534467e+05
     0.51005   2.775005817e+05
     0.51073   2.956892305e+05
     0.51141   3.139592481e+05
     0.51209   3.020472102e+05
     0.51277   2.311197656e+05
     0.51346   3.204664327e+05
     0.51414   2.695170812e+05
     0.51483   2.825175184e+05
     0.51552   2.396101635e+05
     0.51620   3.697741219e+05
     0.51689   2.360282371e+05
     0.51758   2.089849240e+05
     0.51827   1.967621811e+05
     0.51897   3.583037296e+05
     0.51966   3.172268143e+05
     0.52035   3.464130001e+05
     0.52105   2.284258904e+05
     0.52174   4.456869877e+05
     0.52244   4.598144602e+05
     0.52313   3.795224640e+05
     0.52383   4.923792176e+05
     0.52453   4.990118643e+05
     0.52523   4.893461438e+05
     0.52593   4.955794340e+05
     0.52663   3.204833003e+05
     0.52734   2.985034708e+05
     0.52804   4.881874198e+05
     0.52874   5.073955731e+05
     0.52945   5.373949073e+05
     0.53016   4.380920934e+05
     0.53086   5.654585938e+05
     0.53157   5.608642368e+05
     0.53228   5.104329033e+05
     0.53299   3.430040810e+05
     0.53370   5.089400797e+05
     0.53441   4.649391097e+05
     0.53513   5.242161814e+05
     0.53584   5.839658249e+05
     0.53656   5.336957177e+05
     0.53727   3.912968737e+05
     0.53799   5.680503105e+05
     0.53871   5.360842881e+05
     0.53943   5.025539278e+05
     0.54014   4.446992908e+05
     0.54087   3.687699711e+05
     0.54159   5.351650427e+05
     0.54231   5.468538623e+05
     0.54303   4.673789005e+05
     0.54376   4.568009642e+05
     0.54448   5.359437991e+05
     0.54521   5.020759264e+05
     0.54594   4.909888865e+05
     0.54667   5.568952868e+05
     0.54739   5.657539720e+05
     0.54813   5.221392667e+05
     0.54886   5.669288377e+05
     0.54959   5.551772825e+05
     0.55032   5.606119180e+05
     0.55106   5.326015630e+05
     0.55179   5.591937101e+05
     0.55253   6.028756323e+05
     0.55327   5.699630661e+05
     0.55400   6.174199367e+05
     0.55474   6.134698320e+05
     0.55548   6.070166958e+05
     0.55622   5.993684731e+05
     0.55697   5.736625923e+05
     0.55771   5.862511162e+05
     0.55845   5.925616180e+05
     0.55920   4.830502390e+05
     0.55994   5.105798877e+05
     0.56069   6.125323160e+05
     0.56144   5.985057727e+05
     0.56219   6.127489819e+05
     0.56294   6.301924139e+05
     0.56369   6.559306610e+05
     0.56444   6.467951953e+05
     0.56519   6.613333046e+05
     0.56595   6.174937350e+05
     0.56670   6.425153244e+05
     0.56746   6.714104563e+05
     0.56822   6.642906600e+05
     0.56898   6.451703490e+05
     0.56973   6.733989847e+05
     0.57049   6.413285603e+05
     0.57126   6.111014168e+05
     0.57202   6.783439723e+05
     0.57278   6.860957125e+05
     0.57355   6.907315661e+05
     0.57431   6.923559213e+05
     0.57508   6.869175128e+05
     0.57584   6.777674516e+05
     0.57661   6.911203319e+05
     0.57738   7.060245267e+05
     0.57815   6.775568613e+05
     0.57892   6.456819749e+05
     0.57970   7.040988738e+05
     0.58047   7.180674631e+05
     0.58124   7.027212257e+05
     0.58202   7.224964305e+05
     0.58280   7.319969506e+05
     0.58357   7.175787903e+05
     0.58435   7.239864715e+05
     0.58513   7.074300841e+05
     0.58591   6.643841078e+05
     0.58669   6.823961460e+05
     0.58748   7.301936206e+05
     0.58826   6.832904594e+05
     0.58905   3.953962130e+05
     0.58983   4.073295410e+05
     0.59062   6.961421031e+05
     0.59141   7.163633815e+05
     0.59220   7.102662759e+05
     0.59299   7.199476298e+05
     0.59378   7.356744996e+05
     0.59457   7.317196579e+05
     0.59536   7.294899175e+05
     0.59616   7.456110174e+05
     0.59695   7.472933255e+05
     0.59775   7.328941602e+05
     0.59855   7.282394949e+05
     0.59934   7.592243164e+05
     0.60014   7.401237198e+05
     0.60095   7.448465477e+05
     0.60175   7.296527779e+05
     0.60255   7.223224643e+05
     0.60335   7.756373015e+05
     0.60416   7.774411851e+05
     0.60496   7.904069506e+05
     0.60577   7.648784677e+05
     0.60658   7.518716792e+05
     0.60739   7.972444846e+05
     0.60820   7.721297267e+05
     0.60901   7.650475480e+05
     0.60982   7.718628885e+05
     0.61064   7.126735709e+05
     0.61145   7.895063585e+05
     0.61227   6.991347220e+05
     0.61309   7.704525655e+05
     0.61390   7.193979003e+05
     0.61472   7.716158786e+05
     0.61554   7.647975549e+05
     0.61636   6.327088211e+05
     0.61719   7.079540006e+05
     0.61801   7.903365293e+05
     0.61883   7.892900518e+05
     0.61966   7.572006109e+05
     0.62049   7.906064555e+05
     0.62131   7.637281169e+05
     0.62214   7.611259950e+05
     0.62297   7.468845631e+05
     0.62380   7.842395140e+05
     0.62464   7.443541797e+05
     0.62547   7.355963919e+05
     0.62630   7.365614756e+05
     0.62714   7.788164081e+05
     0.62798   7.709543740e+05
     0.62882   7.963454127e+05
     0.62965   7.700392732e+05
     0.63049   7.788206356e+05
     0.63134   7.971487330e+05
     0.63218   7.841826100e+05
     0.63302   8.181880656e+05
     0.63387   8.024865786e+05
     0.63471   8.328112031e+05
     0.63556   8.336146654e+05
     0.63641   8.005642033e+05
     0.63726   8.288197117e+05
     0.63811   8.088815949e+05
     0.63896   8.112445423e+05
     0.63981   7.840271272e+05
     0.64066   8.108723374e+05
     0.64152   8.172486641e+05
     0.64237   8.150825041e+05
     0.64323   8.342267376e+05
     0.64409   7.638755658e+05
     0.64495   8.378843170e+05
     0.64581   8.487248289e+05
     0.64667   7.853376105e+05
     0.64753   8.259862679e+05
     0.64840   8.652196569e+05
     0.64926   8.126717491e+05
     0.65013   7.738013028e+05
     0.65100   8.633890003e+05
     0.65186   8.827988333e+05
     0.65273   8.881610953e+05
     0.65361   8.798189156e+05
     0.65448   8.702511586e+05
     0.65535   8.724997824e+05
     0.65623   8.476242195e+05
     0.65710   8.716478612e+05
     0.65798   8.769811006e+05
     0.65886   9.049604422e+05
     0.65973   8.575767551e+05
     0.66061   9.000738735e+05
     0.66150   8.929414215e+05
     0.66238   9.003448593e+05
     0.66326   8.807055638e+05
     0.66415   9.118425297e+05
     0.66503   9.002794954e+05
     0.66592   9.116977348e+05
     0.66681   8.900174352e+05
     0.66770   8.907574194e+05
     0.66859   9.133232115e+05
     0.66948   9.011767956e+05
     0.67037   9.016626619e+05
     0.67127   8.254194675e+05
     0.67216   8.793333363e+05
     0.67306   9.042116237e+05
     0.67396   9.130577160e+05
     0.67486   8.871703173e+05
     0.67576   9.098975914e+05
     0.67666   9.007543082e+05
     0.67756   9.056909236e+05
     0.67847   8.923153488e+05
     0.67937   9.023395574e+05
     0.68028   8.986115704e+05
     0.68119   9.037963304e+05
     0.68210   8.969500663e+05
     0.68301   9.013120372e+05
     0.68392   8.983889709e+05
     0.68483   8.793744267e+05
     0.68574   8.756576175e+05
     0.68666   8.865329891e+05
     0.68757   8.812632686e+05
     0.68849   8.724487613e+05
     0.68941   8.957293039e+05
     0.69033   9.010481032e+05
     0.69125   8.999567891e+05
     0.69217   9.091313228e+05
     0.69310   9.144013738e+05
     0.69402   9.331432199e+05
     0.69495   9.301643348e+05
     0.69588   9.495345467e+05
     0.69680   9.519397176e+05
     0.69773   9.129053599e+05
     0.69866   9.367628829e+05
     0.69960   9.456781601e+05
     0.70053   9.413070662e+05
     0.70146   9.291645708e+05
     0.70240   9.485108614e+05
     0.70334   9.598233086e+05
     0.70428   9.731323539e+05
     0.70522   9.949845410e+05
     0.70616   9.689181378e+05
     0.70710   9.720031183e+05
     0.70804   1.000800196e+06
     0.70899   9.495752987e+05
     0.70993   9.837830257e+05
     0.71088   9.741274734e+05
     0.71183   9.757637563e+05
     0.71278   9.721450983e+05
     0.71373   9.523579517e+05
     0.71468   9.143846858e+05
     0.71564   9.766815329e+05
     0.71659   9.743621994e+05
     0.71755   9.944030107e+05
     0.71850   9.823736288e+05
     0.71946   9.548723125e+05
     0.72042   9.805138812e+05
     0.72138   9.608795549e+05
     0.72235   9.999803504e+05
     0.72331   1.020038589e+06
     0.72427   1.005597681e+06
     0.72524   1.003662243e+06
     0.72621   1.011018017e+06
     0.72718   1.023669360e+06
     0.72815   1.026030610e+06
     0.72912   9.960884358e+05
     0.73009   1.030533585e+06
     0.73107   1.016773489e+06
     0.73204   1.031244137e+06
     0.73302   9.899486458e+05
     0.73400   1.047682005e+06
     0.73498   1.030683725e+06
     0.73596   1.008166261e+06
     0.73694   1.028738788e+06
     0.73792   1.060593939e+06
     0.73891   1.013758833e+06
     0.73989   1.029720404e+06
     0.74088   1.042911951e+06
     0.74187   1.026993259e+06
     0.74286   1.043783919e+06
     0.74385   1.056572425e+06
     0.74484   1.024319761e+06
     0.74583   1.070158201e+06
     0.74683   1.047032186e+06
     0.74783   1.073250791e+06
     0.74882   1.066326390e+06
     0.74982   1.042450083e+06
     0.75082   1.075888997e+06
     0.75183   1.058270322e+06
     0.75283   1.076847468e+06
     0.75383   1.087967781e+06
     0.75484   1.089865421e+06
     0.75585   1.079839868e+06
     0.75685   1.089783046e+06
     0.75786   1.093802666e+06
     0.75888   1.077053214e+06
     0.75989   1.095713694e+06
     0.76090   1.093652357e+06
     0.76192   1.066062346e+06
     0.76293   1.109710027e+06
     0.76395   1.111091689e+06
     0.76497   1.113026171e+06
     0.76599   1.054260277e+06
     0.76701   1.028325016e+06
     0.76804   1.105224788e+06
     0.76906   1.100009887e+06
     0.77009   1.069096797e+06
     0.77111   1.107059183e+06
     0.77214   1.097389569e+06
     0.77317   1.114822865e+06
     0.77421   1.120653669e+06
     0.77524   1.078669400e+06
     0.77627   1.130532899e+06
     0.77731   1.129191197e+06
     0.77835   1.118938947e+06
     0.77938   1.121734662e+06
     0.78042   1.123827331e+06
     0.78147   1.131224264e+06
     0.78251   1.133392733e+06
     0.78355   1.097758731e+06
     0.78460   1.131739350e+06
     0.78564   1.132657795e+06
     0.78669   1.148341546e+06
     0.78774   1.144074884e+06
     0.78879   1.138766680e+06
     0.78985   1.143098598e+06
     0.79090   1.138600471e+06
     0.79195   1.123447436e+06
     0.79301   1.135421919e+06
     0.79407   1.110087735e+06
     0.79513   1.108416882e+06
     0.79619   1.145300218e+06
     0.79725   1.157299959e+06
     0.79832   1.151357188e+06
     0.79938   1.156250855e+06
     0.80045   1.133489227e+06
     0.80152   1.167501558e+06
     0.80258   1.153484731e+06
     0.80366   1.162481903e+06
     0.80473   1.137697501e+06
     0.80580   1.165986907e+06
     0.80688   1.155299350e+06
     0.80795   1.153917008e+06
     0.80903   1.155343996e+06
     0.81011   1.148161241e+06
     0.81119   1.170181747e+06
     0.81227   1.169519549e+06
     0.81336   1.172457623e+06
     0.81444   1.178289956e+06
     0.81553   1.180591084e+06
     0.81662   1.177661998e+06
     0.81771   1.182818915e+06
     0.81880   1.119788945e+06
     0.81989   1.096965549e+06
     0.82098   1.169799439e+06
     0.82208   1.144806022e+06
     0.82318   1.188313748e+06
     0.82427   1.186510337e+06
     0.82537   1.190383494e+06
     0.82648   1.199044372e+06
     0.82758   1.201119908e+06
     0.82868   1.205880021e+06
     0.82979   1.194738306e+06
     0.83090   1.176312522e+06
     0.83200   1.202764500e+06
     0.83311   1.134405118e+06
     0.83423   1.192051777e+06
     0.83534   1.177281873e+06
     0.83645   1.181169115e+06
     0.83757   1.202308398e+06
     0.83869   1.119938110e+06
     0.83981   1.200072457e+06
     0.84093   1.215954771e+06
     0.84205   1.195130387e+06
     0.84317   1.188785616e+06
     0.84430   1.161188236e+06
     0.84542   1.213963705e+06
     0.84655   1.213008801e+06
     0.84768   1.195655070e+06
     0.84881   1.229637993e+06
     0.84994   1.135621105e+06
     0.85108   1.231262957e+06
     0.85221   1.176202238e+06
     0.85335   1.218110929e+06
     0.85449   1.007546533e+06
     0.85563   1.214252214e+06
     0.85677   1.237440512e+06
     0.85791   1.244099161e+06
     0.85906   1.234653824e+06
     0.86020   1.240504884e+06
     0.86135   1.227514177e+06
     0.86250   1.235077705e+06
     0.86365   1.249520381e+06
     0.86480   1.244203977e+06
     0.86596   1.170431863e+06
     0.86711   1.138096458e+06
     0.86827   1.197074402e+06
     0.86943   1.150524741e+06
     0.87059   1.237142528e+06
     0.87175   1.222305998e+06
     0.87291   1.256979519e+06
     0.87408   1.227562770e+06
     0.87524   1.259460169e+06
     0.87641   1.238805278e+06
     0.87758   1.229117310e+06
     0.87875   1.268414873e+06
     0.87993   1.251463570e+06
     0.88110   1.165289601e+06
     0.88228   1.217576550e+06
     0.88345   1.273801174e+06
     0.88463   1.249307121e+06
     0.88581   1.290425204e+06
     0.88699   1.254747254e+06
     0.88818   1.280981454e+06
     0.88936   1.286216017e+06
     0.89055   1.291437694e+06
     0.89174   1.285592643e+06
     0.89293   1.265781047e+06
     0.89412   1.286039646e+06
     0.89531   1.276657777e+06
     0.89650   1.292635425e+06
     0.89770   1.277243404e+06
     0.89890   1.289295802e+06
     0.90010   1.250687740e+06
     0.90130   1.264956090e+06
     0.90250   1.263913259e+06
     0.90371   1.296224993e+06
     0.90491   1.309796252e+06
     0.90612   1.294675595e+06
     0.90733   1.304287271e+06
     0.90854   1.294155167e+06
     0.90975   1.248870069e+06
     0.91096   1.289074831e+06
     0.91218   1.297370979e+06
     0.91340   1.315633839e+06
     0.91462   1.294801551e+06
     0.91584   1.304079078e+06
     0.91706   1.293858812e+06
     0.91828   1.294300342e+06
     0.91951   1.304999188e+06
     0.92073   1.293420642e+06
     0.92196   1.285789751e+06
     0.92319   1.303080032e+06
     0.92442   1.295152785e+06
     0.92566   1.273798669e+06
     0.92689   1.304370664e+06
     0.92813   1.310599827e+06
     0.92937   1.292437280e+06
     0.93061   1.314391309e+06
     0.93185   1.321870154e+06
     0.93309   1.322102917e+06
     0.93434   1.321425764e+06
     0.93558   1.318623972e+06
     0.93683   1.311611681e+06
     0.93808   1.325943953e+06
     0.93933   1.319282703e+06
     0.94059   1.316083122e+06
     0.94184   1.278696479e+06
     0.94310   1.317648209e+06
     0.94436   1.309975311e+06
     0.94562   1.310158572e+06
     0.94688   1.330213081e+06
     0.94814   1.341003139e+06
     0.94941   1.338237872e+06
     0.95067   1.340526392e+06
     0.95194   1.337431260e+06
     0.95321   1.347370308e+06
     0.95448   1.321935176e+06
     0.95576   1.331286846e+06
     0.95703   1.337451289e+06
     0.95831   1.343510455e+06
     0.95959   1.353715279e+06
     0.96087   1.330690867e+06
     0.96215   1.360657588e+06
     0.96343   1.350062452e+06
     0.96472   1.309073052e+06
     0.96601   1.336488518e+06
     0.96730   1.339950263e+06
     0.96859   1.342123754e+06
     0.96988   1.351570837e+06
     0.97117   1.341310955e+06
     0.97247   1.350933228e+06
     0.97377   1.321209193e+06
     0.97506   1.342396116e+06
     0.97637   1.368572583e+06
     0.97767   1.359472690e+06
     0.97897   1.320568044e+06
     0.98028   1.374956547e+06
     0.98159   1.380896575e+06
     0.98290   1.374656662e+06
     0.98421   1.371170267e+06
     0.98552   1.388914224e+06
     0.98684   1.386044561e+06
     0.98815   1.389534566e+06
     0.98947   1.380815987e+06
     0.99079   1.339394929e+06
     0.99211   1.334694625e+06
     0.99344   1.349321408e+06
     0.99476   1.362649217e+06
     0.99609   1.369906232e+06
     0.99742   1.370768829e+06
     0.99875   1.370190266e+06
     1.00008   1.370532036e+06
     1.00142   1.377155017e+06
     1.00275   1.390830816e+06
     1.00409   1.384702272e+06
     1.00543   1.365860586e+06
     1.00677   1.361043188e+06
     1.00811   1.393419929e+06
     1.00946   1.388458827e+06
     1.01081   1.399156455e+06
     1.01216   1.388520919e+06
     1.01351   1.402498603e+06
     1.01486   1.385880392e+06
     1.01621   1.386032907e+06
     1.01757   1.404494148e+06
     1.01893   1.395306119e+06
     1.02028   1.383131085e+06
     1.02165   1.379403072e+06
     1.02301   1.402690561e+06
     1.02437   1.424326015e+06
     1.02574   1.400880020e+06
     1.02711   1.397173956e+06
     1.02848   1.398928459e+06
     1.02985   1.396785785e+06
     1.03123   1.413880131e+06
     1.03260   1.407366633e+06
     1.03398   1.399152339e+06
     1.03536   1.377856922e+06
     1.03674   1.426092219e+06
     1.03812   1.404018127e+06
     1.03951   1.395299097e+06
     1.04090   1.436498995e+06
     1.04228   1.410751897e+06
     1.04368   1.421259214e+06
     1.04507   1.441819221e+06
     1.04646   1.431280777e+06
     1.04786   1.416429600e+06
     1.04926   1.434318873e+06
     1.05066   1.431904344e+06
     1.05206   1.422962954e+06
     1.05346   1.440878148e+06
     1.05487   1.443129244e+06
     1.05628   1.443270840e+06
     1.05768   1.432519399e+06
     1.05910   1.403464780e+06
     1.06051   1.427263060e+06
     1.06192   1.443132413e+06
     1.06334   1.446123168e+06
     1.06476   1.451216532e+06
     1.06618   1.422261596e+06
     1.06760   1.433677951e+06
     1.06903   1.439424329e+06
     1.07045   1.435266625e+06
     1.07188   1.448784241e+06
     1.07331   1.421789779e+06
     1.07474   1.438833988e+06
     1.07618   1.452653818e+06
     1.07761   1.460708961e+06
     1.07905   1.434460100e+06
     1.08049   1.442189272e+06
     1.08193   1.393015951e+06
     1.08338   1.425687965e+06
     1.08482   1.453694488e+06
     1.08627   1.462987441e+06
     1.08772   1.433000086e+06
     1.08917   1.447187577e+06
     1.09062   1.462384088e+06
     1.09208   1.461985126e+06
     1.09353   1.460276173e+06
     1.09499   1.467880096e+06
     1.09645   1.408458790e+06
     1.09792   1.434019970e+06
     1.09938   1.448757564e+06
     1.10085   1.454356227e+06
     1.10232   1.428695076e+06
     1.10379   1.457324418e+06
     1.10526   1.464403994e+06
     1.10674   1.459566169e+06
     1.10821   1.476860907e+06
     1.10969   1.469778212e+06
     1.11117   1.475882093e+06
     1.11265   1.469685772e+06
     1.11414   1.478700613e+06
     1.11563   1.463550256e+06
     1.11711   1.488293675e+06
     1.11860   1.479944729e+06
     1.12010   1.468599594e+06
     1.12159   1.488355141e+06
     1.12309   1.489731993e+06
     1.12459   1.485779497e+06
     1.12609   1.397704960e+06
     1.12759   1.490240198e+06
     1.12909   1.495152843e+06
     1.13060   1.484207728e+06
     1.13211   1.509874871e+06
     1.13362   1.485582443e+06
     1.13513   1.501958199e+06
     1.13665   1.510454134e+06
     1.13816   1.451996920e+06
     1.13968   1.481214280e+06
     1.14120   1.468606553e+06
     1.14272   1.499670627e+06
     1.14425   1.488347478e+06
     1.14578   1.515590043e+06
     1.14730   1.509412858e+06
     1.14884   1.509641423e+06
     1.15037   1.527595900e+06
     1.15190   1.527789817e+06
     1.15344   1.522412896e+06
     1.15498   1.531552858e+06
     1.15652   1.535379581e+06
     1.15806   1.532999557e+06
     1.15961   1.503819969e+06
     1.16116   1.465386450e+06
     1.16270   1.538626582e+06
     1.16426   1.505451419e+06
     1.16581   1.537819779e+06
     1.16736   1.537579012e+06
     1.16892   1.492281793e+06
     1.17048   1.545608186e+06
     1.17204   1.545231600e+06
     1.17361   1.548506495e+06
     1.17517   1.546199506e+06
     1.17674   1.517221751e+06
     1.17831   1.510866602e+06
     1.17988   1.550518248e+06
     1.18146   1.539721946e+06
     1.18303   1.437889623e+06
     1.18461   1.547637065e+06
     1.18619   1.561909626e+06
     1.18778   1.479164477e+06
     1.18936   1.534228715e+06
     1.19095   1.562667757e+06
     1.19254   1.568320971e+06
     1.19413   1.565305708e+06
     1.19572   1.531575886e+06
     1.19732   1.475751213e+06
     1.19891   1.495124647e+06
     1.20051   1.561903754e+06
     1.20211   1.564632581e+06
     1.20372   1.513521478e+06
     1.20532   1.568342618e+06
     1.20693   1.561944989e+06
     1.20854   1.468971220e+06
     1.21016   1.552385237e+06
     1.21177   1.573937916e+06
     1.21339   1.581614119e+06
     1.21501   1.584460994e+06
     1.21663   1.581298800e+06
     1.21825   1.589059977e+06
     1.21988   1.572970244e+06
     1.22150   1.582442868e+06
     1.22313   1.587100825e+06
     1.22476   1.587748459e+06
     1.22640   1.583140731e+06
     1.22803   1.584446470e+06
     1.22967   1.594570380e+06
     1.23131   1.595266617e+06
     1.23296   1.587151938e+06
     1.23460   1.589342069e+06
     1.23625   1.573158295e+06
     1.23790   1.606173236e+06
     1.23955   1.587831669e+06
     1.24120   1.587374654e+06
     1.24286   1.560279858e+06
     1.24452   1.608335081e+06
     1.24618   1.607034541e+06
     1.24784   1.605599052e+06
     1.24951   1.609992601e+06
     1.25117   1.582988675e+06
     1.25284   1.568530954e+06
     1.25451   1.616704271e+06
     1.25619   1.605560141e+06
     1.25786   1.611187726e+06
     1.25954   1.615780333e+06
     1.26122   1.614163783e+06
     1.26291   1.627339782e+06
     1.26459   1.597126257e+06
     1.26628   1.628245030e+06
     1.26797   1.600344068e+06
     1.26966   1.631041262e+06
     1.27135   1.631301947e+06
     1.27305   1.637825137e+06
     1.27475   1.614356964e+06
     1.27645   1.641451911e+06
     1.27815   1.642676824e+06
     1.27986   1.641267496e+06
     1.28156   1.586286126e+06
     1.28327   1.610540787e+06
     1.28499   1.627892544e+06
     1.28670   1.647621689e+06
     1.28842   1.634923210e+06
     1.29014   1.607192270e+06
     1.29186   1.621113290e+06
     1.29358   1.636946570e+06
     1.29531   1.646515565e+06
     1.29704   1.632299570e+06
     1.29877   1.655406756e+06
     1.30050   1.646940016e+06
     1.30223   1.661846125e+06
     1.30397   1.644772442e+06
     1.30571   1.655460919e+06
     1.30745   1.659311797e+06
     1.30920   1.660527571e+06
     1.31095   1.664643107e+06
     1.31269   1.550304623e+06
     1.31445   1.583747675e+06
     1.31620   1.656472048e+06
     1.31796   1.668594425e+06
     1.31971   1.671243916e+06
     1.32148   1.667991531e+06
     1.32324   1.685016807e+06
     1.32500   1.681792610e+06
     1.32677   1.674658932e+06
     1.32854   1.654475285e+06
     1.33031   1.659307556e+06
     1.33209   1.634318119e+06
     1.33387   1.689667237e+06
     1.33565   1.687883650e+06
     1.33743   1.698108729e+06
     1.33921   1.663497201e+06
     1.34100   1.688531262e+06
     1.34279   1.705222532e+06
     1.34458   1.709885797e+06
     1.34637   1.702872525e+06
     1.34817   1.712716051e+06
     1.34997   1.696137032e+06
     1.35177   1.714554845e+06
     1.35357   1.722967035e+06
     1.35538   1.702550882e+06
     1.35719   1.705960653e+06
     1.35900   1.715399314e+06
     1.36081   1.709464682e+06
     1.36263   1.704315051e+06
     1.36445   1.714395936e+06
     1.36627   1.721675118e+06
     1.36809   1.722037601e+06
     1.36991   1.735034949e+06
     1.37174   1.733279868e+06
     1.37357   1.721558346e+06
     1.37541   1.730720005e+06
     1.37724   1.740865750e+06
     1.37908   1.748015379e+06
     1.38092   1.749856662e+06
     1.38276   1.749541767e+06
     1.38461   1.738592714e+06
     1.38645   1.735353311e+06
     1.38830   1.758852069e+06
     1.39016   1.722671838e+06
     1.39201   1.718444687e+06
     1.39387   1.740651881e+06
     1.39573   1.743130339e+06
     1.39759   1.741808295e+06
     1.39945   1.734904871e+06
     1.40132   1.733292578e+06
     1.40319   1.769286203e+06
     1.40506   1.761045780e+06
     1.40694   1.760255568e+06
     1.40881   1.761766040e+06
     1.41069   1.760267913e+06
     1.41258   1.715083308e+06
     1.41446   1.775754038e+06
     1.41635   1.764551561e+06
     1.41824   1.766112533e+06
     1.42013   1.761745139e+06
     1.42203   1.763147013e+06
     1.42392   1.749150793e+06
     1.42582   1.696491000e+06
     1.42772   1.741975564e+06
     1.42963   1.729579122e+06
     1.43154   1.770329544e+06
     1.43345   1.794140112e+06
     1.43536   1.783856642e+06
     1.43727   1.804225522e+06
     1.43919   1.803878429e+06
     1.44111   1.757166399e+06
     1.44304   1.795731545e+06
     1.44496   1.787508522e+06
     1.44689   1.805258191e+06
     1.44882   1.797967637e+06
     1.45075   1.751360275e+06
     1.45269   1.813668688e+06
     1.45463   1.795922914e+06
     1.45657   1.768121488e+06
     1.45851   1.823041752e+06
     1.46046   1.762753377e+06
     1.46240   1.774214041e+06
     1.46436   1.795361733e+06
     1.46631   1.780799740e+06
     1.46827   1.810523868e+06
     1.47022   1.780119886e+06
     1.47219   1.810233021e+06
     1.47415   1.829610885e+06
     1.47612   1.782284865e+06
     1.47809   1.834445525e+06
     1.48006   1.833039508e+06
     1.48203   1.829230252e+06
     1.48401   1.850771070e+06
     1.48599   1.838692104e+06
     1.48797   1.600932444e+06
     1.48996   1.835932197e+06
     1.49195   1.867539887e+06
     1.49394   1.881147812e+06
     1.49593   1.865311203e+06
     1.49793   1.859472358e+06
     1.49993   1.868160459e+06
     1.50193   1.651320910e+06
     1.50393   1.636000002e+06
     1.50594   1.757776143e+06
     1.50795   1.891703836e+06
     1.50996   1.881859687e+06
     1.51197   1.886969108e+06
     1.51399   1.865958234e+06
     1.51601   1.875569155e+06
     1.51803   1.895533326e+06
     1.52006   1.891071972e+06
     1.52209   1.885043906e+06
     1.52412   1.910978785e+06
     1.52615   1.901489933e+06
     1.52819   1.921441895e+06
     1.53023   1.870293282e+06
     1.53227   1.935328721e+06
     1.53431   1.910115832e+06
     1.53636   1.956729137e+06
     1.53841   1.877596009e+06
     1.54046   1.884967066e+06
     1.54252   1.913862925e+06
     1.54457   1.980814341e+06
     1.54664   1.964545976e+06
     1.54870   1.971142696e+06
     1.55077   1.935697642e+06
     1.55283   1.955289666e+06
     1.55491   1.929495570e+06
     1.55698   1.914423072e+06
     1.55906   1.936858013e+06
     1.56114   1.986846963e+06
     1.56322   1.897118895e+06
     1.56531   1.961147490e+06
     1.56740   1.937084977e+06
     1.56949   1.945442293e+06
     1.57158   1.957619826e+06
     1.57368   1.882593962e+06
     1.57578   1.792380497e+06
     1.57788   1.827626406e+06
     1.57998   1.991607546e+06
     1.58209   1.929690463e+06
     1.58420   1.980835953e+06
     1.58632   1.969342124e+06
     1.58843   1.832300532e+06
     1.59055   1.862268109e+06
     1.59268   2.004551877e+06
     1.59480   1.991465351e+06
     1.59693   1.952951291e+06
     1.59906   2.000142908e+06
     1.60119   1.976970663e+06
     1.60333   1.977136249e+06
     1.60547   1.968841597e+06
     1.60761   1.991294781e+06
     1.60975   1.972197864e+06
     1.61190   2.018891793e+06
     1.61405   2.018919852e+06
     1.61621   1.860047298e+06
     1.61836   1.991640954e+06
     1.62052   1.855061460e+06
     1.62268   1.963306688e+06
     1.62485   1.977273626e+06
     1.62702   2.037653576e+06
     1.62919   2.029349631e+06
     1.63136   2.015035525e+06
     1.63354   2.023035559e+06
     1.63572   1.980069374e+06
     1.63790   1.949859619e+06
     1.64009   1.943147814e+06
     1.64227   2.036811197e+06
     1.64447   1.933839762e+06
     1.64666   1.986597766e+06
     1.64886   1.977841718e+06
     1.65106   2.040672433e+06
     1.65326   1.950604752e+06
     1.65547   1.979098610e+06
     1.65767   2.010652535e+06
     1.65989   2.010305400e+06
     1.66210   1.980274497e+06
     1.66432   1.933151906e+06
     1.66654   1.936024806e+06
     1.66876   1.977591063e+06
     1.67099   1.950931937e+06
     1.67322   1.907657178e+06
     1.67545   1.864967685e+06
     1.67769   1.970748565e+06
     1.67992   1.983425986e+06
     1.68217   1.943174012e+06
     1.68441   1.976460696e+06
     1.68666   1.922967072e+06
     1.68891   1.927615319e+06
     1.69116   1.904499145e+06
     1.69342   1.976600569e+06
     1.69568   1.967264611e+06
     1.69794   1.937678972e+06
     1.70020   1.888762686e+06
     1.70247   1.920966211e+06
     1.70474   1.940843727e+06
     1.70702   1.901577439e+06
     1.70930   1.898586922e+06
     1.71158   1.719787450e+06
     1.71386   1.938197193e+06
     1.71615   1.915484717e+06
     1.71844   1.922380108e+06
     1.72073   1.904635315e+06
     1.72303   1.862372045e+06
     1.72532   1.892960178e+06
     1.72763   1.884418544e+06
     1.72993   1.883183304e+06
     1.73224   1.811660226e+06
     1.73455   1.856034162e+06
     1.73687   1.878086299e+06
     1.73918   1.874335579e+06
     1.74150   1.808142070e+06
     1.74383   1.877209611e+06
     1.74615   1.838723383e+06
     1.74848   1.884237455e+06
     1.75082   1.851988968e+06
     1.75315   1.846224121e+06
     1.75549   1.863814317e+06
     1.75783   1.857234373e+06
     1.76018   1.830805884e+06
     1.76253   1.809948944e+06
     1.76488   1.827370823e+06
     1.76723   1.802399720e+06
     1.76959   1.826749262e+06
     1.77195   1.785355315e+06
     1.77432   1.826223012e+06
     1.77668   1.772727429e+06
     1.77905   1.825130534e+06
     1.78143   1.812142851e+06
     1.78380   1.781861529e+06
     1.78618   1.793293430e+06
     1.78857   1.822799781e+06
     1.79095   1.818535047e+06
     1.79334   1.768041277e+06
     1.79574   1.820732244e+06
     1.79813   1.800197706e+06
     1.80053   1.788718966e+06
     1.80293   1.729027825e+06
     1.80534   1.766813655e+06
     1.80775   1.774371296e+06
     1.81016   1.755732333e+06
     1.81258   1.775484073e+06
     1.81499   1.752545115e+06
     1.81742   1.753757530e+06
     1.81984   1.774092460e+06
     1.82227   1.753202068e+06
     1.82470   1.770410385e+06
     1.82713   1.745929393e+06
     1.82957   1.708570353e+06
     1.83201   1.756569354e+06
     1.83446   1.745420269e+06
     1.83690   1.692043772e+06
     1.83936   1.717923293e+06
     1.84181   1.663716175e+06
     1.84427   1.714139593e+06
     1.84673   1.638280164e+06
     1.84919   1.728719877e+06
     1.85166   1.695523497e+06
     1.85413   1.716299928e+06
     1.85660   1.686432766e+06
     1.85908   1.686842171e+06
     1.86156   1.706881895e+06
     1.86404   1.699720936e+06
     1.86653   1.682764580e+06
     1.86902   1.699083422e+06
     1.87152   1.666362535e+06
     1.87401   1.648195622e+06
     1.87651   1.586109851e+06
     1.87902   1.682025504e+06
     1.88152   1.692378906e+06
     1.88403   1.675984201e+06
     1.88655   1.626665795e+06
     1.88907   1.598542941e+06
     1.89159   1.610070694e+06
     1.89411   1.637570658e+06
     1.89664   1.636401749e+06
     1.89917   1.640107259e+06
     1.90170   1.660002048e+06
     1.90424   1.612755857e+06
     1.90678   1.657562434e+06
     1.90932   1.627612733e+06
     1.91187   1.608757348e+06
     1.91442   1.639507197e+06
     1.91698   1.637095658e+06
     1.91953   1.595491267e+06
     1.92209   1.630314808e+06
     1.92466   1.631313192e+06
     1.92723   1.610258000e+06
     1.92980   1.602951928e+06
     1.93237   1.527845769e+06
     1.93495   1.586254113e+06
     1.93753   1.629960989e+06
     1.94012   1.588763305e+06
     1.94271   1.567121909e+06
     1.94530   1.465278050e+06
     1.94789   1.569609526e+06
     1.95049   1.484865605e+06
     1.95310   1.587138752e+06
     1.95570   1.597806381e+06
     1.95831   1.587867231e+06
     1.96092   1.558232198e+06
     1.96354   1.546359075e+06
     1.96616   1.595322450e+06
     1.96878   1.584252667e+06
     1.97141   1.552009295e+06
     1.97404   1.537714540e+06
     1.97667   1.506150452e+06
     1.97931   1.437373897e+06
     1.98195   1.551099206e+06
     1.98460   1.499059319e+06
     1.98724   1.473729777e+06
     1.98990   1.550615324e+06
     1.99255   1.479984231e+06
     1.99521   1.532931422e+06
     1.99787   1.504481136e+06
     2.00054   1.544895926e+06
     2.00321   1.521700619e+06
     2.00588   1.527267205e+06
     2.00855   1.520915748e+06
     2.01123   1.534823517e+06
     2.01392   1.521931115e+06
     2.01660   1.519349593e+06
     2.01930   1.508273509e+06
     2.02199   1.492328720e+06
     2.02469   1.494760296e+06
     2.02739   1.489581971e+06
     2.03009   1.479225413e+06
     2.03280   1.506588153e+06
     2.03551   1.479679399e+06
     2.03823   1.481249498e+06
     2.04095   1.480402739e+06
     2.04367   1.496266790e+06
     2.04640   1.484523526e+06
     2.04913   1.492433594e+06
     2.05186   1.465221604e+06
     2.05460   1.470063814e+06
     2.05734   1.472133379e+06
     2.06009   1.443843361e+06
     2.06284   1.389255659e+06
     2.06559   1.466232790e+06
     2.06834   1.444539358e+06
     2.07110   1.430381145e+06
     2.07387   1.451094275e+06
     2.07663   1.438836282e+06
     2.07941   1.447680564e+06
     2.08218   1.442208035e+06
     2.08496   1.412310112e+06
     2.08774   1.433156531e+06
     2.09053   1.440150797e+06
     2.09331   1.409203715e+06
     2.09611   1.414971822e+06
     2.09890   1.416137923e+06
     2.10170   1.423151166e+06
     2.10451   1.434799870e+06
     2.10732   1.409549979e+06
     2.11013   1.390470664e+06
     2.11294   1.415009826e+06
     2.11576   1.371871665e+06
     2.11859   1.391181474e+06
     2.12141   1.393712220e+06
     2.12424   1.378402906e+06
     2.12708   1.398069537e+06
     2.12991   1.401368541e+06
     2.13276   1.396131941e+06
     2.13560   1.377707708e+06
     2.13845   1.392809213e+06
     2.14130   1.391733793e+06
     2.14416   1.384945626e+06
     2.14702   1.374461958e+06
     2.14989   1.381190908e+06
     2.15276   1.371499642e+06
     2.15563   1.371765307e+06
     2.15850   1.368873570e+06
     2.16138   1.370981291e+06
     2.16427   1.363657740e+06
     2.16716   1.342370022e+06
     2.17005   1.358639435e+06
     2.17294   1.357124419e+06
     2.17584   1.338512307e+06
     2.17874   1.314922490e+06
     2.18165   1.332962580e+06
     2.18456   1.350514823e+06
     2.18748   1.320039634e+06
     2.19040   1.324747754e+06
     2.19332   1.339036492e+06
     2.19624   1.335448595e+06
     2.19917   1.329312924e+06
     2.20211   1.324671104e+06
     2.20505   1.274077313e+06
     2.20799   1.266802176e+06
     2.21093   1.315167079e+06
     2.21388   1.324035382e+06
     2.21684   1.319696544e+06
     2.21980   1.317648174e+06
     2.22276   1.300908290e+06
     2.22572   1.292079058e+06
     2.22869   1.285427031e+06
     2.23167   1.289108434e+06
     2.23464   1.300888411e+06
     2.23763   1.286502349e+06
     2.24061   1.287092969e+06
     2.24360   1.284741141e+06
     2.24659   1.278963014e+06
     2.24959   1.287346819e+06
     2.25259   1.284813762e+06
     2.25560   1.265812261e+06
     2.25861   1.282384463e+06
     2.26162   1.236891605e+06
     2.26464   1.251386418e+06
     2.26766   1.270993254e+06
     2.27069   1.263136664e+06
     2.27372   1.260682943e+06
     2.27675   1.262208848e+06
     2.27979   1.235531849e+06
     2.28283   1.215833785e+06
     2.28587   1.251832611e+06
     2.28892   1.252246202e+06
     2.29198   1.232072113e+06
     2.29504   1.101565089e+06
     2.29810   1.167449409e+06
     2.30116   1.198819780e+06
     2.30423   1.190588037e+06
     2.30731   1.208180445e+06
     2.31039   1.210444419e+06
     2.31347   1.195105718e+06
     2.31656   1.202832946e+06
     2.31965   1.204241032e+06
     2.32274   1.085396803e+06
     2.32584   1.112765236e+06
     2.32894   1.149588113e+06
     2.33205   1.162234495e+06
     2.33516   1.145651057e+06
     2.33828   1.133828235e+06
     2.34140   1.168227435e+06
     2.34452   1.166611108e+06
     2.34765   1.169126712e+06
     2.35078   1.162881754e+06
     2.35392   1.015172739e+06
     2.35706   1.097139643e+06
     2.36021   1.118504944e+06
     2.36335   1.127880994e+06
     2.36651   1.134891150e+06
     2.36967   1.128769994e+06
     2.37283   1.116889019e+06
     2.37599   1.134745138e+06
     2.37916   1.140341314e+06
     2.38234   1.048230930e+06
     2.38552   1.020492193e+06
     2.38870   1.082401314e+06
     2.39189   1.089571191e+06
     2.39508   1.104826198e+06
     2.39827   1.106207081e+06
     2.40147   1.098919255e+06
     2.40468   1.110202544e+06
     2.40788   1.112703838e+06
     2.41110   1.114749474e+06
     2.41431   1.007941310e+06
     2.41754   1.031555755e+06
     2.42076   1.064916250e+06
     2.42399   1.072333492e+06
     2.42723   1.068073764e+06
     2.43046   1.083938965e+06
     2.43371   1.074563749e+06
     2.43695   1.076755089e+06
     2.44020   1.076662964e+06
     2.44346   1.082310796e+06
     2.44672   9.934000444e+05
     2.44999   1.026431895e+06
     2.45325   1.035131123e+06
     2.45653   1.007992099e+06
     2.45980   1.058980143e+06
     2.46309   1.060253955e+06
     2.46637   1.061070801e+06
     2.46966   1.040238396e+06
     2.47296   1.047407290e+06
     2.47626   1.050706781e+06
     2.47956   9.735462238e+05
     2.48287   9.879623130e+05
     2.48618   9.366118543e+05
     2.48950   9.773938974e+05
     2.49282   9.822879632e+05
     2.49615   9.904821314e+05
     2.49948   9.820072190e+05
     2.50281   9.912904985e+05
     2.50615   9.927769042e+05
     2.50950   9.905950957e+05
     2.51284   9.572240558e+05
     2.51620   9.748808969e+05
     2.51955   9.791771493e+05
     2.52292   9.697377766e+05
     2.52628   9.413074546e+05
     2.52965   9.750568416e+05
     2.53303   9.735262553e+05
     2.53641   9.770340080e+05
     2.53979   9.679327685e+05
     2.54318   9.618688494e+05
     2.54657   9.526734409e+05
     2.54997   9.671272285e+05
     2.55337   9.523689408e+05
     2.55678   9.624116441e+05
     2.56019   9.822370918e+05
     2.56361   9.576989189e+05
     2.56703   9.706360005e+05
     2.57045   9.806689827e+05
     2.57388   9.736921750e+05
     2.57732   9.708641424e+05
     2.58076   9.644025538e+05
     2.58420   9.613268458e+05
     2.58765   9.613802168e+05
     2.59110   9.811591981e+05
     2.59456   9.748257816e+05
     2.59802   9.754127430e+05
     2.60148   9.848677810e+05
     2.60495   9.665410993e+05
     2.60843   9.622391691e+05
     2.61191   9.843503516e+05
     2.61540   9.799051956e+05
     2.61889   9.427179512e+05
     2.62238   9.272955179e+05
     2.62588   9.338132262e+05
     2.62938   9.520353377e+05
     2.63289   9.492883301e+05
     2.63640   9.493334520e+05
     2.63992   8.962431350e+05
     2.64344   9.326473624e+05
     2.64697   9.404146204e+05
     2.65050   9.247834602e+05
     2.65404   9.003147173e+05
     2.65758   9.100442551e+05
     2.66112   9.158024614e+05
     2.66467   9.141602732e+05
     2.66823   9.239018054e+05
     2.67179   9.328209633e+05
     2.67535   9.199575196e+05
     2.67892   9.268796996e+05
     2.68250   9.254186445e+05
     2.68608   9.374330479e+05
     2.68966   9.237675088e+05
     2.69325   9.248674651e+05
     2.69684   9.163260830e+05
     2.70044   9.153949838e+05
     2.70404   9.173111970e+05
     2.70765   9.152298568e+05
     2.71127   9.216343845e+05
     2.71488   9.179447708e+05
     2.71850   9.102070171e+05
     2.72213   9.219385840e+05
     2.72576   9.161384687e+05
     2.72940   9.065115348e+05
     2.73304   9.153138145e+05
     2.73669   9.144732602e+05
     2.74034   9.010213544e+05
     2.74400   9.082695247e+05
     2.74766   9.055750470e+05
     2.75132   9.088721685e+05
     2.75499   8.971234311e+05
     2.75867   9.046037747e+05
     2.76235   9.065994370e+05
     2.76604   8.897577364e+05
     2.76973   8.887130194e+05
     2.77342   8.920482881e+05
     2.77712   8.884168821e+05
     2.78083   8.858112332e+05
     2.78454   8.853202505e+05
     2.78825   8.789560106e+05
     2.79197   8.564420000e+05
     2.79570   8.737683099e+05
     2.79943   8.788948120e+05
     2.80316   8.417401407e+05
     2.80690   8.642342621e+05
     2.81065   8.583302282e+05
     2.81440   8.710184057e+05
     2.81815   8.578044280e+05
     2.82191   8.625017970e+05
     2.82568   8.605018128e+05
     2.82945   8.628184977e+05
     2.83322   8.654849353e+05
     2.83700   8.573568892e+05
     2.84079   8.567341531e+05
     2.84458   8.592519264e+05
     2.84838   8.566812477e+05
     2.85218   8.458154452e+05
     2.85598   8.450347699e+05
     2.85979   8.554767658e+05
     2.86361   8.503106894e+05
     2.86743   8.483267442e+05
     2.87125   8.242453242e+05
     2.87508   8.495996274e+05
     2.87892   8.495089122e+05
     2.88276   8.483190888e+05
     2.88661   8.278371866e+05
     2.89046   8.327617020e+05
     2.89432   8.406654637e+05
     2.89818   8.382299211e+05
     2.90204   8.212874005e+05
     2.90592   8.318772400e+05
     2.90979   8.218316186e+05
     2.91368   8.308824476e+05
     2.91756   8.319719165e+05
     2.92146   8.095733631e+05
     2.92535   8.049275224e+05
     2.92926   8.075983124e+05
     2.93317   8.015272164e+05
     2.93708   8.070912462e+05
     2.94100   8.124194322e+05
     2.94492   7.917278683e+05
     2.94885   7.964731446e+05
     2.95278   8.070262436e+05
     2.95672   8.014657782e+05
     2.96067   7.881491918e+05
     2.96462   8.010398425e+05
     2.96858   7.820771759e+05
     2.97254   8.014246936e+05
     2.97650   8.021978956e+05
     2.98047   7.933644419e+05
     2.98445   7.978588590e+05
     2.98843   7.805632572e+05
     2.99242   7.896041859e+05
     2.99641   7.918936911e+05
     3.00041   7.717413267e+05
     3.00441   7.824889988e+05
     3.00842   7.561046187e+05
     3.01244   7.848905221e+05
     3.01645   7.803381326e+05
     3.02048   7.702089409e+05
     3.02451   7.757115904e+05
     3.02854   7.677983509e+05
     3.03259   7.730711704e+05
     3.03663   7.712578589e+05
     3.04068   7.533165075e+05
     3.04474   7.601248730e+05
     3.04880   7.506867038e+05
     3.05287   7.597277597e+05
     3.05694   7.632195475e+05
     3.06102   7.640997558e+05
     3.06511   7.458686582e+05
     3.06920   7.576972837e+05
     3.07329   7.545154685e+05
     3.07739   7.483304561e+05
     3.08150   7.504142278e+05
     3.08561   7.292862762e+05
     3.08972   7.308152391e+05
     3.09385   7.456480794e+05
     3.09798   7.430449611e+05
     3.10211   7.476256498e+05
     3.10625   7.336800744e+05
     3.11039   7.427801941e+05
     3.11454   7.110327164e+05
     3.11870   7.238852598e+05
     3.12286   7.336675014e+05
     3.12703   7.309716457e+05
     3.13120   7.143351051e+05
     3.13537   7.119351592e+05
     3.13956   7.255254827e+05
     3.14375   7.244274898e+05
     3.14794   7.176408076e+05
     3.15214   7.175234240e+05
     3.15635   7.106560364e+05
     3.16056   7.192891721e+05
     3.16478   7.159272988e+05
     3.16900   7.135111547e+05
     3.17323   7.146980173e+05
     3.17746   6.963650512e+05
     3.18170   6.915626420e+05
     3.18594   7.127531832e+05
     3.19020   7.041395467e+05
     3.19445   7.028971763e+05
     3.19871   6.930235081e+05
     3.20298   7.022474604e+05
     3.20725   7.013603411e+05
     3.21153   7.034312594e+05
     3.21582   6.987441216e+05
     3.22011   6.947928228e+05
     3.22441   6.951738873e+05
     3.22871   6.787333772e+05
     3.23302   6.770211943e+05
     3.23733   6.787274908e+05
     3.24165   6.866459687e+05
     3.24597   6.792930164e+05
     3.25030   6.877461797e+05
     3.25464   6.843692867e+05
     3.25898   6.864875354e+05
     3.26333   6.795504983e+05
     3.26769   6.817598889e+05
     3.27205   6.803005844e+05
     3.27641   6.741030655e+05
     3.28078   6.612562834e+05
     3.28516   6.554099506e+05
     3.28954   6.688241177e+05
     3.29393   6.615246502e+05
     3.29833   6.700472757e+05
     3.30273   6.704596025e+05
     3.30713   6.668736977e+05
     3.31155   6.613005574e+05
     3.31597   6.578581235e+05
     3.32039   6.308656350e+05
     3.32482   6.561092579e+05
     3.32926   6.591966573e+05
     3.33370   6.570607287e+05
     3.33815   6.259230787e+05
     3.34260   6.356856924e+05
     3.34706   6.537836576e+05
     3.35152   6.511006913e+05
     3.35600   6.447272301e+05
     3.36047   6.499623832e+05
     3.36496   6.411362122e+05
     3.36945   6.415435044e+05
     3.37394   6.440436357e+05
     3.37844   6.405644073e+05
     3.38295   6.398045501e+05
     3.38747   6.413677163e+05
     3.39199   6.251597736e+05
     3.39651   5.956282392e+05
     3.40104   6.258313331e+05
     3.40558   6.284592527e+05
     3.41012   6.270086883e+05
     3.41467   6.159270336e+05
     3.41923   6.281155708e+05
     3.42379   6.278457403e+05
     3.42836   6.260991062e+05
     3.43293   6.260616647e+05
     3.43751   6.223677687e+05
     3.44210   6.212448598e+05
     3.44669   6.166776037e+05
     3.45129   6.082841173e+05
     3.45590   6.023819215e+05
     3.46051   6.002134821e+05
     3.46513   6.093151599e+05
     3.46975   6.153213590e+05
     3.47438   6.113409969e+05
     3.47901   6.119385801e+05
     3.48366   6.103305527e+05
     3.48830   6.060296454e+05
     3.49296   6.040732217e+05
     3.49762   6.037336172e+05
     3.50228   6.034132174e+05
     3.50696   5.937128426e+05
     3.51164   5.862948195e+05
     3.51632   5.945077382e+05
     3.52101   5.747646187e+05
     3.52571   5.905422897e+05
     3.53042   5.950560587e+05
     3.53513   5.930387457e+05
     3.53984   5.851584960e+05
     3.54456   5.864002591e+05
     3.54929   5.866579577e+05
     3.55403   5.878663014e+05
     3.55877   5.851799299e+05
     3.56352   5.870714539e+05
     3.56827   5.794393383e+05
     3.57304   5.610670072e+05
     3.57780   5.741360778e+05
     3.58258   5.784600451e+05
     3.58736   5.636341721e+05
     3.59214   5.708275782e+05
     3.59694   5.752366224e+05
     3.60173   5.717040573e+05
     3.60654   5.744515503e+05
     3.61135   5.732615321e+05
     3.61617   5.708415040e+05
     3.62099   5.702337640e+05
     3.62583   5.677952827e+05
     3.63066   5.596591174e+05
     3.63551   5.505398398e+05
     3.64036   5.558089608e+05
     3.64522   5.611590539e+05
     3.65008   5.582155381e+05
     3.65495   5.516148678e+05
     3.65983   5.461078384e+05
     3.66471   5.519304790e+05
     3.66960   5.539740759e+05
     3.67449   5.552072259e+05
     3.67940   5.413086700e+05
     3.68431   5.403538383e+05
     3.68922   5.510444693e+05
     3.69414   5.449716434e+05
     3.69907   5.361058125e+05
     3.70401   5.391506972e+05
     3.70895   5.318484799e+05
     3.71390   5.425011164e+05
     3.71885   5.439032929e+05
     3.72382   5.418505758e+05
     3.72878   5.400829932e+05
     3.73376   5.227677674e+05
     3.73874   5.317725472e+05
     3.74373   5.338314599e+05
     3.74872   5.354125696e+05
     3.75373   5.287192920e+05
     3.75873   5.325932857e+05
     3.76375   5.245145774e+05
     3.76877   5.241154574e+05
     3.77380   5.262002014e+05
     3.77883   5.176845425e+05
     3.78388   5.222289144e+05
     3.78892   5.259210839e+05
     3.79398   5.247529661e+05
     3.79904   5.228971131e+05
     3.80411   5.219565198e+05
     3.80919   5.153526919e+05
     3.81427   5.063180163e+05
     3.81936   5.121669129e+05
     3.82445   5.166173300e+05
     3.82956   5.158786762e+05
     3.83467   5.039332355e+05
     3.83978   5.075289107e+05
     3.84490   5.120033356e+05
     3.85003   5.089711201e+05
     3.85517   4.998232384e+05
     3.86031   5.041221409e+05
     3.86547   4.988430131e+05
     3.87062   4.993939071e+05
     3.87579   5.039364475e+05
     3.88096   5.029897087e+05
     3.88614   4.977126283e+05
     3.89132   4.970217441e+05
     3.89651   4.877256766e+05
     3.90171   4.974363176e+05
     3.90692   4.928603465e+05
     3.91213   4.882237243e+05
     3.91735   4.947806916e+05
     3.92258   4.926550489e+05
     3.92781   4.922774829e+05
     3.93305   4.868434709e+05
     3.93830   4.824121099e+05
     3.94355   4.886267707e+05
     3.94881   4.853168769e+05
     3.95408   4.836515445e+05
     3.95936   4.803027269e+05
     3.96464   4.836368616e+05
     3.96993   4.839024149e+05
     3.97523   4.800805579e+05
     3.98053   4.696334554e+05
     3.98584   4.662593303e+05
     3.99116   4.714954540e+05
     3.99649   4.753893240e+05
     4.00182   4.729124710e+05
     4.00716   4.745832948e+05
     4.01250   4.730451620e+05
     4.01786   4.642173997e+05
     4.02322   4.664317125e+05
     4.02859   4.703130911e+05
     4.03396   4.688132814e+05
     4.03934   4.685453907e+05
     4.04473   4.567969977e+05
     4.05013   4.633147120e+05
     4.05553   4.600199918e+05
     4.06094   4.617265372e+05
     4.06636   4.559257202e+05
     4.07179   4.402804822e+05
     4.07722   4.533108911e+05
     4.08266   4.575492329e+05
     4.08811   4.552295746e+05
     4.09356   4.558394725e+05
     4.09902   4.549754217e+05
     4.10449   4.544747369e+05
     4.10997   4.407731655e+05
     4.11545   4.506613199e+05
     4.12094   4.514454007e+05
     4.12644   4.480906986e+05
     4.13195   4.468157952e+05
     4.13746   4.439819336e+05
     4.14298   4.434350521e+05
     4.14851   4.436984664e+05
     4.15404   4.425535931e+05
     4.15959   4.391688044e+05
     4.16514   4.384199582e+05
     4.17069   4.323362660e+05
     4.17626   4.381470724e+05
     4.18183   4.323687088e+05
     4.18741   4.367022870e+05
     4.19300   4.296966788e+05
     4.19859   4.323234095e+05
     4.20419   4.159656125e+05
     4.20980   4.282556904e+05
     4.21542   4.316136579e+05
     4.22104   4.283540648e+05
     4.22667   4.291935460e+05
     4.23231   4.292790301e+05
     4.23796   4.287038467e+05
     4.24361   4.269114405e+05
     4.24928   4.200350284e+05
     4.25495   4.224955884e+05
     4.26062   4.236045312e+05
     4.26631   4.214958926e+05
     4.27200   4.166656970e+05
     4.27770   4.212748173e+05
     4.28341   4.195783186e+05
     4.28912   4.193561097e+05
     4.29484   3.894907289e+05
     4.30058   3.860787825e+05
     4.30631   3.905085366e+05
     4.31206   3.968503696e+05
     4.31781   3.979296283e+05
     4.32357   4.008923116e+05
     4.32934   3.957264207e+05
     4.33512   3.978241405e+05
     4.34090   3.959603595e+05
     4.34669   3.914513933e+05
     4.35249   3.637761383e+05
     4.35830   3.773035060e+05
     4.36412   3.817909571e+05
     4.36994   3.763069548e+05
     4.37577   3.783619325e+05
     4.38161   3.777061635e+05
     4.38745   3.796132335e+05
     4.39331   3.750308418e+05
     4.39917   3.773512276e+05
     4.40504   3.604844527e+05
     4.41091   3.485967931e+05
     4.41680   3.584737573e+05
     4.42269   3.603448316e+05
     4.42859   3.600334479e+05
     4.43450   3.588681260e+05
     4.44042   3.664723698e+05
     4.44634   3.598845399e+05
     4.45228   3.558856841e+05
     4.45822   3.587180113e+05
     4.46416   3.432182615e+05
     4.47012   3.425686245e+05
     4.47609   3.462098454e+05
     4.48206   3.530627398e+05
     4.48804   3.435669392e+05
     4.49403   3.470265371e+05
     4.50002   3.523081453e+05
     4.50603   3.475383602e+05
     4.51204   3.420114645e+05
     4.51806   3.451823891e+05
     4.52409   3.335884592e+05
     4.53012   3.284938168e+05
     4.53617   3.415707799e+05
     4.54222   3.392146474e+05
     4.54828   3.350752794e+05
     4.55435   3.377483022e+05
     4.56042   3.363891540e+05
     4.56651   3.411621017e+05
     4.57260   3.380403259e+05
     4.57870   3.324178666e+05
     4.58481   3.286466994e+05
     4.59093   3.261869991e+05
     4.59705   3.251559698e+05
     4.60319   3.296111177e+05
     4.60933   3.299001001e+05
     4.61548   3.253353716e+05
     4.62164   3.322372229e+05
     4.62780   3.281142984e+05
     4.63398   3.318889520e+05
     4.64016   3.237943034e+05
     4.64635   3.266967769e+05
     4.65255   3.222505595e+05
     4.65876   3.203230428e+05
     4.66497   3.264189960e+05
     4.67120   3.307085487e+05
     4.67743   3.261877107e+05
     4.68367   3.220583589e+05
     4.68992   3.241201175e+05
     4.69618   3.289129953e+05
     4.70244   3.228110865e+05
     4.70872   3.217143267e+05
     4.71500   3.170968267e+05
     4.72129   3.202656078e+05
     4.72759   3.204158592e+05
     4.73390   3.168800910e+05
     4.74021   3.166917601e+05
     4.74654   3.255808674e+05
     4.75287   3.142005950e+05
     4.75921   3.218362487e+05
     4.76556   3.126849899e+05
     4.77192   3.195440357e+05
     4.77829   3.099577674e+05
     4.78466   3.122671606e+05
     4.79105   3.176367371e+05
     4.79744   3.158645850e+05
     4.80384   3.056378669e+05
     4.81025   3.144735134e+05
     4.81667   3.077487193e+05
     4.82309   3.120309364e+05
     4.82953   3.167173407e+05
     4.83597   3.104050773e+05
     4.84242   3.103543539e+05
     4.84889   3.130939067e+05
     4.85535   3.054542941e+05
     4.86183   3.088348984e+05
     4.86832   3.098906770e+05
     4.87481   2.972694382e+05
     4.88132   3.091324854e+05
     4.88783   3.017070917e+05
     4.89435   3.091924804e+05
     4.90088   3.048805749e+05
     4.90742   3.008972577e+05
     4.91397   3.008917803e+05
     4.92053   3.023032046e+05
     4.92709   2.967839649e+05
     4.93367   3.000086895e+05
     4.94025   3.017578041e+05
     4.94684   2.923240539e+05
     4.95344   3.014275376e+05
     4.96005   2.925551184e+05
     4.96667   3.004445593e+05
     4.97329   3.001453459e+05
     4.97993   2.951142169e+05
     4.98657   2.980774117e+05
     4.99323   2.883373442e+05
     4.99989   2.929303396e+05
     5.00656   2.937220666e+05
     5.01324   2.886671062e+05
     5.01993   2.893439916e+05
     5.02663   2.923198170e+05
     5.03333   2.887829713e+05
     5.04005   2.913193204e+05
     5.04677   2.943943096e+05
     5.05351   2.858536416e+05
     5.06025   2.931538666e+05
     5.06700   2.854948543e+05
     5.07376   2.897050304e+05
     5.08053   2.797793998e+05
     5.08731   2.892513076e+05
     5.09410   2.816307402e+05
     5.10089   2.854315042e+05
     5.10770   2.767094954e+05
     5.11451   2.903789162e+05
     5.12134   2.761044485e+05
     5.12817   2.873395143e+05
     5.13501   2.742351346e+05
     5.14186   2.845745862e+05
     5.14872   2.779260306e+05
     5.15559   2.817806498e+05
     5.16247   2.783469515e+05
     5.16936   2.783420694e+05
     5.17626   2.825834500e+05
     5.18316   2.770463833e+05
     5.19008   2.741036618e+05
     5.19700   2.781482432e+05
     5.20394   2.748272808e+05
     5.21088   2.726282260e+05
     5.21783   2.795532421e+05
     5.22479   2.684829434e+05
     5.23177   2.770582347e+05
     5.23875   2.737887282e+05
     5.24574   2.708274400e+05
     5.25273   2.759125828e+05
     5.25974   2.666441159e+05
     5.26676   2.715639924e+05
     5.27379   2.745873204e+05
     5.28082   2.681646680e+05
     5.28787   2.721747217e+05
     5.29493   2.655126751e+05
     5.30199   2.697771723e+05
     5.30906   2.653267258e+05
     5.31615   2.676470422e+05
     5.32324   2.645236611e+05
     5.33034   2.666550785e+05
     5.33745   2.658232221e+05
     5.34458   2.635820164e+05
     5.35171   2.653528335e+05
     5.35885   2.641938801e+05
     5.36600   2.606705749e+05
     5.37316   2.654763871e+05
     5.38033   2.584369506e+05
     5.38750   2.640932018e+05
     5.39469   2.597587554e+05
     5.40189   2.617099175e+05
     5.40910   2.582489678e+05
     5.41631   2.636197171e+05
     5.42354   2.581291742e+05
     5.43078   2.595211036e+05
     5.43802   2.556679034e+05
     5.44528   2.602175576e+05
     5.45254   2.538262933e+05
     5.45982   2.588827469e+05
     5.46710   2.548986080e+05
     5.47440   2.549318516e+05
     5.48170   2.562113935e+05
     5.48902   2.534054136e+05
     5.49634   2.559560460e+05
     5.50367   2.621441555e+05
     5.51102   2.615645202e+05
     5.51837   2.609863229e+05
     5.52573   2.604095907e+05
     5.53310   2.598336389e+05
     5.54049   2.592588483e+05
     5.54788   2.586852461e+05
     5.55528   2.581124992e+05
     5.56269   2.575409925e+05
     5.57011   2.569707533e+05
     5.57755   2.564014445e+05
     5.58499   2.558334567e+05
     5.59244   2.552660864e+05
     5.59990   2.547004536e+05
     5.60737   2.541354879e+05
     5.61485   2.535715801e+05
     5.62235   2.530087557e+05
     5.62985   2.524470403e+05
     5.63736   2.518868299e+05
     5.64488   2.513274099e+05
     5.65241   2.507688031e+05
     5.65995   2.502114077e+05
     5.66750   2.496552496e+05
     5.67507   2.490999778e+05
     5.68264   2.485459957e+05
     5.69022   2.479929509e+05
     5.69781   2.474408672e+05
     5.70541   2.468905297e+05
     5.71303   2.463400635e+05
     5.72065   2.457921577e+05
     5.72828   2.452445520e+05
     5.73592   2.446972645e+05
     5.74358   2.441522397e+05
     5.75124   2.436075809e+05
     5.75891   2.430644704e+05
     5.76660   2.425217710e+05
     5.77429   2.419802804e+05
     5.78200   2.414404162e+05
     5.78971   2.409010325e+05
     5.79743   2.403633267e+05
     5.80517   2.398257554e+05
     5.81292   2.392903067e+05
     5.82067   2.387550372e+05
     5.82844   2.382211535e+05
     5.83621   2.376878873e+05
     5.84400   2.371560575e+05
     5.85180   2.366256917e+05
     5.85960   2.360960151e+05
     5.86742   2.355674507e+05
     5.87525   2.350396217e+05
     5.88309   2.345125482e+05
     5.89094   2.339870635e+05
     5.89880   2.334623828e+05
     5.90667   2.329393437e+05
     5.91455   2.324171568e+05
     5.92244   2.318950272e+05
     5.93034   2.313746123e+05
     5.93826   2.308555296e+05
     5.94618   2.303369807e+05
     5.95411   2.298193984e+05
     5.96206   2.293032221e+05
     5.97001   2.287884759e+05
     5.97798   2.282735208e+05
     5.98595   2.277604603e+05
     5.99394   2.272484867e+05
     6.00194   2.267372038e+05
     6.00994   2.262266318e+05
     6.01796   2.257180599e+05
     6.02599   2.252093998e+05
     6.03403   2.247023672e+05
     6.04208   2.241961364e+05
     6.05014   2.236907304e+05
     6.05822   2.231870265e+05
     6.06630   2.226837656e+05
     6.07439   2.221818270e+05
     6.08250   2.216803731e+05
     6.09061   2.211802888e+05
     6.09874   2.206811658e+05
     6.10688   2.201830262e+05
     6.11502   2.196854567e+05
     6.12318   2.191893514e+05
     6.13135   2.186947384e+05
     6.13953   2.182003231e+05
     6.14773   2.177074457e+05
     6.15593   2.172148055e+05
     6.16414   2.167237512e+05
     6.17237   2.162338638e+05
     6.18060   2.157438308e+05
     6.18885   2.152563483e+05
     6.19710   2.147692087e+05
     6.20537   2.142819799e+05
     6.21365   2.137969305e+05
     6.22194   2.133127362e+05
     6.23024   2.128289641e+05
     6.23856   2.123469961e+05
     6.24688   2.118654938e+05
     6.25522   2.113853891e+05
     6.26356   2.109062503e+05
     6.27192   2.104271798e+05
     6.28029   2.099500345e+05
     6.28867   2.094729972e+05
     6.29706   2.089970095e+05
     6.30546   2.085225579e+05
     6.31387   2.080496684e+05
     6.32229   2.075765014e+05
     6.33073   2.071044723e+05
     6.33918   2.066331356e+05
     6.34763   2.061639210e+05
     6.35610   2.056949746e+05
     6.36458   2.052272568e+05
     6.37308   2.047598434e+05
     6.38158   2.042937027e+05
     6.39009   2.038288570e+05
     6.39862   2.033648538e+05
     6.40716   2.029012348e+05
     6.41570   2.024394567e+05
     6.42426   2.019781033e+05
     6.43284   2.015167098e+05
     6.44142   2.010581952e+05
     6.45001   2.005996812e+05
     6.45862   2.001416699e+05
     6.46724   1.996851553e+05
     6.47587   1.992296728e+05
     6.48451   1.987747540e+05
     6.49316   1.983209069e+05
     6.50182   1.978681574e+05
     6.51050   1.974157332e+05
     6.51918   1.969646436e+05
     6.52788   1.965144648e+05
     6.53659   1.960652179e+05
     6.54531   1.956168733e+05
     6.55404   1.951695521e+05
     6.56279   1.947229736e+05
     6.57154   1.942774607e+05
     6.58031   1.938327809e+05
     6.58909   1.933890060e+05
     6.59788   1.929462067e+05
     6.60669   1.925043026e+05
     6.61550   1.920632622e+05
     6.62433   1.916231570e+05
     6.63317   1.911840083e+05
     6.64202   1.907457838e+05
     6.65088   1.903083508e+05
     6.65975   1.898718828e+05
     6.66864   1.894362453e+05
     6.67753   1.890015612e+05
     6.68644   1.885677997e+05
     6.69537   1.881348763e+05
     6.70430   1.877029153e+05
     6.71324   1.872718325e+05
     6.72220   1.868415943e+05
     6.73117   1.864122733e+05
     6.74015   1.859838902e+05
     6.74914   1.855563049e+05
     6.75815   1.851296438e+05
     6.76716   1.847039264e+05
     6.77619   1.842789590e+05
     6.78523   1.838549751e+05
     6.79429   1.834318336e+05
     6.80335   1.830096074e+05
     6.81243   1.825882080e+05
     6.82152   1.821677098e+05
     6.83062   1.817480767e+05
     6.83973   1.813293294e+05
     6.84886   1.809114318e+05
     6.85800   1.804945133e+05
     6.86715   1.800783736e+05
     6.87631   1.796630319e+05
     6.88548   1.792486721e+05
     6.89467   1.788350928e+05
     6.90387   1.784224799e+05
     6.91308   1.780106296e+05
     6.92231   1.775996725e+05
     6.93154   1.771896278e+05
     6.94079   1.767804022e+05
     6.95005   1.763719587e+05
     6.95932   1.759644280e+05
     6.96861   1.755577735e+05
     6.97791   1.751519571e+05
     6.98722   1.747469406e+05
     6.99654   1.743428565e+05
     7.00587   1.739394955e+05
     7.01522   1.735371049e+05
     7.02458   1.731354740e+05
     7.03395   1.727347940e+05
     7.04334   1.723348530e+05
     7.05274   1.719357846e+05
     7.06215   1.715375496e+05
     7.07157   1.711402251e+05
     7.08100   1.707435956e+05
     7.09045   1.703479135e+05
     7.09991   1.699530801e+05
     7.10938   1.695589961e+05
     7.11887   1.691657384e+05
     7.12837   1.687733844e+05
     7.13788   1.683817749e+05
     7.14740   1.679911061e+05
     7.15694   1.676010982e+05
     7.16649   1.672120077e+05
     7.17605   1.668237333e+05
     7.18562   1.664363537e+05
     7.19521   1.660497059e+05
     7.20481   1.656638072e+05
     7.21442   1.652789181e+05
     7.22405   1.648947541e+05
     7.23369   1.645113310e+05
     7.24334   1.641287900e+05
     7.25300   1.637470258e+05
     7.26268   1.633661180e+05
     7.27237   1.629859607e+05
     7.28207   1.626066336e+05
     7.29179   1.622281545e+05
     7.30152   1.618504169e+05
     7.31126   1.614734378e+05
     7.32101   1.610973597e+05
     7.33078   1.607220753e+05
     7.34056   1.603475393e+05
     7.35036   1.599738320e+05
     7.36016   1.596009076e+05
     7.36998   1.592287834e+05
     7.37982   1.588574135e+05
     7.38966   1.584868787e+05
     7.39952   1.581171324e+05
     7.40940   1.577481278e+05
     7.41928   1.573800106e+05
     7.42918   1.570125411e+05
     7.43909   1.566459934e+05
     7.44902   1.562801268e+05
     7.45896   1.559151526e+05
     7.46891   1.555508280e+05
     7.47887   1.551873649e+05
     7.48885   1.548245848e+05
     7.49884   1.544627007e+05
     7.50885   1.541015325e+05
     7.51887   1.537410977e+05
     7.52890   1.533815441e+05
     7.53894   1.530226247e+05
     7.54900   1.526646210e+05
     7.55908   1.523073509e+05
     7.56916   1.519507641e+05
     7.57926   1.515950104e+05
     7.58937   1.512400399e+05
     7.59950   1.508856670e+05
     7.60964   1.505322456e+05
     7.61979   1.501795216e+05
     7.62996   1.498275120e+05
     7.64014   1.494763684e+05
     7.65033   1.491259039e+05
     7.66054   1.487762022e+05
     7.67076   1.484272114e+05
     7.68099   1.480790162e+05
     7.69124   1.477315643e+05
     7.70150   1.473848718e+05
     7.71178   1.470389552e+05
     7.72207   1.466936217e+05
     7.73237   1.463492361e+05
     7.74269   1.460054650e+05
     7.75302   1.456625351e+05
     7.76336   1.453202516e+05
     7.77372   1.449787709e+05
     7.78409   1.446380389e+05
     7.79448   1.442980007e+05
     7.80488   1.439586720e+05
     7.81529   1.436200683e+05
     7.82572   1.432823486e+05
     7.83616   1.429452429e+05
     7.84661   1.426089105e+05
     7.85708   1.422731506e+05
     7.86757   1.419382672e+05
     7.87806   1.416041320e+05
     7.88858   1.412707608e+05
     7.89910   1.409380246e+05
     7.90964   1.406059373e+05
     7.92019   1.402746610e+05
     7.93076   1.399441384e+05
     7.94134   1.396141642e+05
     7.95194   1.392851221e+05
     7.96255   1.389566588e+05
     7.97317   1.386289373e+05
     7.98381   1.383020475e+05
     7.99446   1.379757073e+05
     8.00513   1.376501549e+05
     8.01581   1.373252569e+05
     8.02650   1.370011024e+05
     8.03721   1.366777078e+05
     8.04794   1.363550125e+05
     8.05867   1.360328801e+05
     8.06942   1.357116292e+05
     8.08019   1.353909707e+05
     8.09097   1.350710721e+05
     8.10177   1.347517955e+05
     8.11258   1.344333092e+05
     8.12340   1.341154746e+05
     8.13424   1.337983063e+05
     8.14509   1.334818192e+05
     8.15596   1.331661055e+05
     8.16684   1.328510252e+05
     8.17774   1.325365926e+05
     8.18865   1.322229784e+05
     8.19957   1.319098849e+05
     8.21051   1.315976401e+05
     8.22147   1.312859442e+05
     8.23244   1.309750487e+05
     8.24342   1.306646513e+05
     8.25442   1.303550836e+05
     8.26543   1.300462815e+05
     8.27646   1.297381001e+05
     8.28750   1.294304736e+05
     8.29856   1.291235761e+05
     8.30963   1.287792019e+05
     8.32072   1.284736773e+05
     8.33182   1.281689546e+05
     8.34294   1.278268772e+05
     8.35407   1.275234606e+05
     8.36522   1.272207828e+05
     8.37638   1.269188586e+05
     8.38755   1.266174564e+05
     8.39874   1.263167544e+05
     8.40995   1.260166837e+05
     8.42117   1.257173417e+05
     8.43241   1.254186598e+05
     8.44366   1.251206521e+05
     8.45492   1.248232491e+05
     8.46620   1.245264646e+05
     8.47750   1.242303963e+05
     8.48881   1.239349742e+05
     8.50014   1.236402124e+05
     8.51148   1.233461249e+05
     8.52283   1.230525558e+05
     8.53421   1.227597734e+05
     8.54559   1.224675364e+05
     8.55699   1.221761147e+05
     8.56841   1.218851804e+05
     8.57984   1.215949174e+05
     8.59129   1.213053403e+05
     8.60275   1.210163763e+05
     8.61423   1.207280389e+05
     8.62572   1.204404284e+05
     8.63723   1.201533849e+05
     8.64876   1.198669217e+05
     8.66030   1.195812262e+05
     8.67185   1.192960506e+05
     8.68342   1.190116707e+05
     8.69501   1.187277484e+05
     8.70661   1.184444731e+05
     8.71822   1.181618578e+05
     8.72986   1.178798270e+05
     8.74150   1.175984837e+05
     8.75317   1.173177514e+05
     8.76485   1.170377337e+05
     8.77654   1.167582637e+05
     8.78825   1.164794452e+05
     8.79998   1.162011101e+05
     8.81172   1.159235428e+05
     8.82347   1.156465752e+05
     8.83525   1.153702211e+05
     8.84703   1.150943100e+05
     8.85884   1.148192206e+05
     8.87066   1.145446918e+05
     8.88249   1.142707359e+05
     8.89434   1.139974584e+05
     8.90621   1.137248723e+05
     8.91809   1.134527127e+05
     8.92999   1.131810843e+05
     8.94191   1.129102791e+05
     8.95384   1.126400310e+05
     8.96578   1.123704465e+05
     8.97775   1.121013501e+05
     8.98972   1.118328483e+05
     9.00172   1.115649536e+05
     9.01373   1.112977739e+05
     9.02576   1.110311321e+05
     9.03780   1.107649453e+05
     9.04986   1.104994158e+05
     9.06193   1.102345573e+05
     9.07402   1.099702862e+05
     9.08613   1.097067120e+05
     9.09825   1.094435572e+05
     9.11039   1.091811245e+05
     9.12255   1.089191353e+05
     9.13472   1.086577961e+05
     9.14691   1.083971193e+05
     9.15911   1.081368244e+05
     9.17133   1.078773146e+05
     9.18357   1.076183088e+05
     9.19582   1.073599171e+05
     9.20809   1.071021522e+05
     9.22037   1.068448279e+05
     9.23268   1.065881546e+05
     9.24499   1.063321447e+05
     9.25733   1.060765111e+05
     9.26968   1.058215654e+05
     9.28205   1.055672198e+05
     9.29443   1.053134866e+05
     9.30683   1.050600746e+05
     9.31925   1.048075012e+05
     9.33168   1.045553736e+05
     9.34414   1.043039067e+05
     9.35660   1.040531131e+05
     9.36909   1.038025955e+05
     9.38159   1.035527747e+05
     9.39410   1.033035607e+05
     9.40664   1.030548620e+05
     9.41919   1.028066903e+05
     9.43176   1.025591609e+05
     9.44434   1.023120776e+05
     9.45694   1.020656604e+05
     9.46956   1.018198174e+05
     9.48219   1.015745599e+05
     9.49484   1.013297948e+05
     9.50751   1.010855330e+05
     9.52020   1.008417860e+05
     9.53290   1.005986708e+05
     9.54562   1.003559871e+05
     9.55835   1.001140655e+05
     9.57111   9.987259824e+04
     9.58388   9.963159583e+04
     9.59666   9.939128454e+04
     9.60947   9.915135304e+04
     9.62229   9.891213634e+04
     9.63513   9.867342968e+04
     9.64798   9.843513588e+04
     9.66086   9.819748291e+04
     9.67375   9.796048324e+04
     9.68665   9.772392986e+04
     9.69958   9.748772287e+04
     9.71252   9.725220324e+04
     9.72548   9.701727223e+04
     9.73845   9.678272033e+04
     9.75145   9.654877938e+04
     9.76446   9.631557271e+04
     9.77748   9.608266610e+04
     9.79053   9.585040491e+04
     9.80359   9.561857658e+04
     9.81667   9.538730391e+04
     9.82977   9.515648513e+04
     9.84289   9.492624380e+04
     9.85602   9.469670495e+04
     9.86917   9.446742569e+04
     9.88234   9.423875723e+04
     9.89552   9.401071077e+04
     9.90872   9.378306922e+04
     9.92194   9.355607188e+04
     9.93518   9.332950054e+04
     9.94844   9.310348023e+04
     9.96171   9.287779055e+04
     9.97500   9.265278936e+04
     9.98831   9.242837239e+04
    10.00164   9.220443391e+04
    10.01498   9.198086674e+04
    10.02835   9.175791545e+04
    10.04173   9.153547461e+04
    10.05512   9.131355499e+04
    10.06854   9.109204699e+04
    10.08197   9.087107967e+04
    10.09542   9.065066496e+04
    10.10889   9.043069465e+04
    10.12238   9.021141655e+04
    10.13589   8.999248281e+04
    10.14941   8.977414435e+04
    10.16295   8.955617018e+04
    10.17651   8.933881251e+04
    10.19009   8.912195941e+04
    10.20368   8.890538148e+04
    10.21730   8.868944875e+04
    10.23093   8.847405300e+04
    10.24458   8.825908184e+04
    10.25825   8.804479127e+04
    10.27194   8.783069945e+04
    10.28564   8.761730791e+04
    10.29937   8.740438285e+04
    10.31311   8.719180695e+04
    10.32687   8.697984103e+04
    10.34065   8.676837032e+04
    10.35444   8.655740424e+04
    10.36826   8.634670357e+04
    10.38209   8.613677703e+04
    10.39594   8.592713583e+04
    10.40981   8.571816663e+04
    10.42370   8.550962642e+04
    10.43761   8.530139894e+04
    10.45154   8.509374528e+04
    10.46548   8.488655056e+04
    10.47944   8.467982498e+04
    10.49343   8.447370514e+04
    10.50743   8.426794377e+04
    10.52145   8.406268098e+04
    10.53548   8.385792567e+04
    10.54954   8.365355869e+04
    10.56362   8.344984798e+04
    10.57771   8.324641422e+04
    10.59182   8.304339632e+04
    10.60595   8.284106601e+04
    10.62011   8.263917232e+04
    10.63427   8.243745864e+04
    10.64846   8.223659599e+04
    10.66267   8.203606573e+04
    10.67690   8.183574296e+04
    10.69114   8.163630184e+04
    10.70541   8.143695374e+04
    10.71969   8.123837481e+04
    10.73399   8.104004099e+04
    10.74831   8.084222678e+04
    10.76265   8.064494449e+04
    10.77701   8.044806668e+04
    10.79139   8.025146880e+04
    10.80579   8.005556610e+04
    10.82021   7.986009650e+04
    10.83465   7.966493284e+04
    10.84910   7.947035769e+04
    10.86358   7.927624239e+04
    10.87807   7.908246070e+04
    10.89258   7.888915886e+04
    10.90712   7.869634423e+04
    10.92167   7.850402944e+04
    10.93624   7.831194158e+04
    10.95083   7.812065053e+04
    10.96544   7.792960591e+04
    10.98008   7.773895646e+04
    10.99472   7.754885087e+04
    11.00939   7.735915956e+04
    11.02408   7.716988906e+04
    11.03879   7.698119261e+04
    11.05352   7.679250805e+04
    11.06827   7.660470002e+04
    11.08304   7.641706416e+04
    11.09782   7.623003720e+04
    11.11263   7.604334347e+04
    11.12746   7.585727888e+04
    11.14230   7.567141962e+04
    11.15717   7.548620740e+04
    11.17206   7.530107064e+04
    11.18696   7.511674723e+04
    11.20189   7.493266191e+04
    11.21683   7.474911462e+04
    11.23180   7.456582298e+04
    11.24678   7.438294006e+04
    11.26179   7.420077206e+04
    11.27682   7.401873415e+04
    11.29186   7.383728141e+04
    11.30693   7.365612382e+04
    11.32201   7.347571936e+04
    11.33712   7.329532730e+04
    11.35225   7.311555659e+04
    11.36739   7.293626572e+04
    11.38256   7.275716043e+04
    11.39775   7.257870433e+04
    11.41295   7.240060288e+04
    11.42818   7.222286228e+04
    11.44343   7.204564632e+04
    11.45870   7.186850369e+04
    11.47398   7.169220783e+04
    11.48929   7.151600039e+04
    11.50462   7.134035104e+04
    11.51997   7.116526894e+04
    11.53534   7.099029831e+04
    11.55073   7.081591292e+04
    11.56614   7.064180829e+04
    11.58158   7.046830657e+04
    11.59703   7.029510238e+04
    11.61250   7.012236169e+04
    11.62800   6.995009314e+04
    11.64351   6.977798918e+04
    11.65905   6.960637230e+04
    11.67460   6.943509383e+04
    11.69018   6.926431921e+04
    11.70577   6.909389893e+04
    11.72139   6.892400094e+04
    11.73703   6.875463475e+04
    11.75269   6.858516366e+04
    11.76837   6.841656202e+04
    11.78407   6.824803202e+04
    11.79980   6.808006453e+04
    11.81554   6.791250924e+04
    11.83130   6.774553543e+04
    11.84709   6.757849859e+04
    11.86290   6.741205772e+04
    11.87872   6.724606128e+04
    11.89457   6.708034988e+04
    11.91044   6.691526253e+04
    11.92633   6.675047803e+04
    11.94225   6.658580267e+04
    11.95818   6.642177619e+04
    11.97414   6.625809037e+04
    11.99011   6.609477078e+04
    12.00611   6.593184104e+04
    12.02213   6.576930909e+04
    12.03817   6.560713216e+04
    12.05423   6.544535203e+04
    12.07031   6.528395865e+04
    12.08642   6.512292725e+04
    12.10254   6.496228091e+04
    12.11869   6.480202876e+04
    12.13486   6.464214320e+04
    12.15105   6.448261528e+04
    12.16726   6.432350416e+04
    12.18350   6.416474814e+04
    12.19975   6.400635441e+04
    12.21603   6.384833154e+04
    12.23233   6.369068738e+04
    12.24865   6.353342816e+04
    12.26499   6.337656180e+04
    12.28136   6.322002611e+04
    12.29774   6.306386384e+04
    12.31415   6.290808173e+04
    12.33058   6.275266982e+04
    12.34703   6.259765395e+04
    12.36350   6.244295276e+04
    12.38000   6.228864375e+04
    12.39652   6.213468074e+04
    12.41306   6.198109091e+04
    12.42962   6.182787898e+04
    12.44620   6.167500067e+04
    12.46281   6.152247925e+04
    12.47944   6.137034135e+04
    12.49609   6.121859429e+04
    12.51276   6.106717240e+04
    12.52946   6.091608296e+04
    12.54617   6.076540564e+04
    12.56291   6.061505711e+04
    12.57967   6.046506227e+04
    12.59646   6.031540994e+04
    12.61326   6.016612543e+04
    12.63009   6.001719807e+04
    12.64694   5.986863468e+04
    12.66382   5.972042358e+04
    12.68071   5.957253484e+04
    12.69763   5.942503137e+04
    12.71457   5.927782698e+04
    12.73154   5.913102164e+04
    12.74853   5.898454801e+04
    12.76553   5.883841275e+04
    12.78257   5.869266067e+04
    12.79962   5.854720361e+04
    12.81670   5.840214417e+04
    12.83380   5.825737446e+04
    12.85092   5.811299722e+04
    12.86807   5.796892326e+04
    12.88524   5.782521710e+04
    12.90243   5.768184742e+04
    12.91964   5.753882093e+04
    12.93688   5.739610493e+04
    12.95414   5.725376566e+04
    12.97143   5.711177054e+04
    12.98873   5.697008678e+04
    13.00606   5.682874185e+04
    13.02342   5.668776120e+04
    13.04079   5.654707261e+04
    13.05819   5.640676260e+04
    13.07561   5.626675814e+04
    13.09306   5.612708638e+04
    13.11053   5.598775279e+04
    13.12802   5.584874543e+04
    13.14554   5.571009033e+04
    13.16308   5.557175378e+04
    13.18064   5.543374285e+04
    13.19822   5.529606357e+04
    13.21583   5.515870263e+04
    13.23347   5.502168661e+04
    13.25112   5.488500288e+04
    13.26880   5.474863601e+04
    13.28651   5.461259349e+04
    13.30423   5.447686066e+04
    13.32198   5.434146569e+04
    13.33976   5.420639332e+04
    13.35756   5.407162954e+04
    13.37538   5.393720159e+04
    13.39322   5.380309540e+04
    13.41109   5.366929595e+04
    13.42899   5.353587374e+04
    13.44690   5.340270794e+04
    13.46485   5.326984734e+04
    13.48281   5.313733996e+04
    13.50080   5.300515202e+04
    13.51881   5.287324457e+04
    13.53685   5.274168890e+04
    13.55491   5.261044965e+04
    13.57300   5.247951042e+04
    13.59111   5.234887855e+04
    13.60924   5.221855899e+04
    13.62740   5.208858079e+04
    13.64558   5.195888478e+04
    13.66379   5.182949876e+04
    13.68202   5.170042927e+04
    13.70027   5.157168244e+04
    13.71855   5.144322025e+04
    13.73685   5.131509328e+04
    13.75518   5.118726387e+04
    13.77353   5.105971537e+04
    13.79191   5.093249902e+04
    13.81031   5.080557592e+04
    13.82874   5.067895224e+04
    13.84719   5.055265632e+04
    13.86566   5.042662773e+04
    13.88416   5.030093919e+04
    13.90269   5.017552946e+04
    13.92124   5.005040464e+04
    13.93981   4.992561624e+04
    13.95841   4.980110166e+04
    13.97704   4.967688965e+04
    13.99568   4.955298644e+04
    14.01436   4.942939854e+04
    14.03306   4.930606260e+04
    14.05178   4.918303031e+04
    14.07053   4.906033115e+04
    14.08930   4.893790086e+04
    14.10810   4.881574682e+04
    14.12692   4.869391961e+04
    14.14577   4.857240324e+04
    14.16464   4.845113309e+04
    14.18354   4.833013761e+04
    14.20247   4.820951785e+04
    14.22142   4.808913756e+04
    14.24039   4.796900281e+04
    14.25939   4.784923734e+04
    14.27842   4.772970537e+04
    14.29747   4.761050691e+04
    14.31654   4.749152932e+04
    14.33564   4.737289713e+04
    14.35477   4.725452043e+04
    14.37392   4.713642881e+04
    14.39310   4.701865243e+04
    14.41230   4.690112406e+04
    14.43153   4.678389798e+04
    14.45079   4.666695584e+04
    14.47007   4.655025416e+04
    14.48938   4.643387201e+04
    14.50871   4.631779049e+04
    14.52807   4.620196645e+04
    14.54745   4.608642960e+04
    14.56686   4.597116069e+04
    14.58629   4.585616613e+04
    14.60576   4.574145006e+04
    14.62524   4.562699457e+04
    14.64476   4.551285398e+04
    14.66430   4.539898456e+04
    14.68386   4.528534136e+04
    14.70345   4.517202994e+04
    14.72307   4.505895604e+04
    14.74271   4.494614898e+04
    14.76238   4.483364075e+04
    14.78208   4.472141053e+04
    14.80180   4.460946464e+04
    14.82155   4.449773086e+04
    14.84133   4.438634373e+04
    14.86113   4.427512757e+04
    14.88096   4.416424268e+04
    14.90081   4.405361769e+04
    14.92069   4.394328311e+04
    14.94060   4.383316665e+04
    14.96053   4.372332536e+04
    14.98049   4.361381708e+04
    15.00048   4.350448996e+04
    15.02050   4.339548045e+04
    15.04054   4.328671540e+04
    15.06060   4.317819876e+04
    15.08070   4.306996352e+04
    15.10082   4.296196114e+04
    15.12097   4.285427680e+04
    15.14114   4.274680888e+04
    15.16134   4.263961666e+04
    15.18157   4.253267793e+04
    15.20183   4.242602494e+04
    15.22211   4.231960896e+04
    15.24242   4.221343478e+04
    15.26276   4.210753497e+04
    15.28312   4.200188751e+04
    15.30351   4.189649726e+04
    15.32393   4.179134196e+04
    15.34438   4.168650919e+04
    15.36485   4.158183918e+04
    15.38535   4.147750159e+04
    15.40588   4.137339199e+04
    15.42643   4.126948683e+04
    15.44701   4.116590285e+04
    15.46762   4.106253337e+04
    15.48826   4.095938299e+04
    15.50892   4.085656937e+04
    15.52962   4.075392890e+04
    15.55034   4.065157912e+04
    15.57108   4.054946790e+04
    15.59186   4.044762979e+04
    15.61266   4.034598337e+04
    15.63349   4.024461988e+04
    15.65435   4.014351443e+04
    15.67524   4.004258733e+04
    15.69615   3.994198604e+04
    15.71710   3.984157184e+04
    15.73807   3.974146542e+04
    15.75906   3.964152663e+04
    15.78009   3.954190519e+04
    15.80114   3.944246085e+04
    15.82223   3.934331491e+04
    15.84334   3.924438435e+04
    15.86447   3.914570346e+04
    15.88564   3.904718871e+04
    15.90684   3.894902153e+04
    15.92806   3.885105910e+04
    15.94931   3.875333618e+04
    15.97059   3.865582748e+04
    15.99190   3.855853739e+04
    16.01324   3.846153032e+04
    16.03460   3.836475185e+04
    16.05600   3.826817606e+04
    16.07742   3.817189786e+04
    16.09887   3.807583155e+04
    16.12035   3.797995208e+04
    16.14186   3.788438445e+04
    16.16339   3.778895145e+04
    16.18496   3.769384034e+04
    16.20655   3.759893351e+04
    16.22818   3.750423552e+04
    16.24983   3.740975105e+04
    16.27151   3.731554621e+04
    16.29322   3.722156380e+04
    16.31496   3.712780855e+04
    16.33673   3.703428485e+04
    16.35852   3.694099733e+04
    16.38035   3.684791910e+04
    16.40220   3.675502356e+04
    16.42409   3.666244023e+04
    16.44600   3.657004870e+04
    16.46794   3.647785257e+04
    16.48992   3.638591962e+04
    16.51192   3.629415961e+04
    16.53395   3.620267172e+04
    16.55601   3.611142941e+04
    16.57810   3.602037276e+04
    16.60022   3.592953798e+04
    16.62236   3.583892939e+04
    16.64454   3.574858409e+04
    16.66675   3.565837741e+04
    16.68899   3.556840970e+04
    16.71125   3.547871852e+04
    16.73355   3.538924396e+04
    16.75588   3.529998926e+04
    16.77823   3.521089334e+04
    16.80062   3.512205954e+04
    16.82303   3.503339276e+04
    16.84548   3.494499653e+04
    16.86795   3.485677586e+04
    16.89046   3.476883474e+04
    16.91300   3.468107764e+04
    16.93556   3.459347507e+04
    16.95816   3.450616523e+04
    16.98078   3.441905190e+04
    17.00344   3.433213925e+04
    17.02613   3.424543167e+04
    17.04884   3.415893253e+04
    17.07159   3.407264691e+04
    17.09437   3.398661259e+04
    17.11717   3.390079986e+04
    17.14001   3.381511034e+04
    17.16288   3.372975366e+04
    17.18578   3.364449396e+04
    17.20871   3.355947207e+04
    17.23167   3.347465830e+04
    17.25466   3.339009128e+04
    17.27768   3.330574062e+04
    17.30074   3.322150573e+04
    17.32382   3.313752986e+04
    17.34693   3.305378311e+04
    17.37008   3.297023326e+04
    17.39325   3.288688573e+04
    17.41646   3.280370814e+04
    17.43970   3.272077551e+04
    17.46296   3.263802123e+04
    17.48626   3.255548465e+04
    17.50959   3.247320582e+04
    17.53296   3.239100955e+04
    17.55635   3.230907880e+04
    17.57977   3.222738226e+04
    17.60323   3.214581541e+04
    17.62672   3.206449048e+04
    17.65023   3.198337533e+04
    17.67378   3.190240143e+04
    17.69736   3.182171814e+04
    17.72098   3.174118359e+04
    17.74462   3.166080133e+04
    17.76829   3.158072219e+04
    17.79200   3.150076629e+04
    17.81574   3.142101094e+04
    17.83951   3.134146023e+04
    17.86331   3.126211813e+04
    17.88715   3.118295087e+04
    17.91101   3.110396248e+04
    17.93491   3.102523166e+04
    17.95884   3.094664968e+04
    17.98280   3.086829576e+04
    18.00679   3.079006051e+04
    18.03082   3.071209878e+04
    18.05487   3.063426262e+04
    18.07896   3.055670819e+04
    18.10308   3.047928677e+04
    18.12724   3.040204013e+04
    18.15142   3.032497191e+04
    18.17564   3.024816290e+04
    18.19989   3.017146280e+04
    18.22418   3.009499059e+04
    18.24849   3.001875091e+04
    18.27284   2.994263057e+04
    18.29722   2.986675005e+04
    18.32163   2.979103516e+04
    18.34608   2.971548916e+04
    18.37055   2.964019468e+04
    18.39506   2.956503732e+04
    18.41961   2.948998053e+04
    18.44418   2.941522623e+04
    18.46879   2.934061931e+04
    18.49343   2.926620331e+04
    18.51811   2.919198195e+04
    18.54281   2.911787839e+04
    18.56755   2.904401677e+04
    18.59233   2.897036057e+04
    18.61713   2.889687349e+04
    18.64197   2.882351782e+04
    18.66685   2.875037856e+04
    18.69175   2.867741874e+04
    18.71669   2.860464157e+04
    18.74166   2.853200999e+04
    18.76667   2.845960947e+04
    18.79171   2.838740225e+04
    18.81678   2.831526852e+04
    18.84189   2.824337671e+04
    18.86702   2.817168887e+04
    18.89220   2.810016741e+04
    18.91740   2.802877385e+04
    18.94264   2.795763694e+04
    18.96792   2.788663463e+04
    18.99323   2.781577047e+04
    19.01857   2.774513141e+04
    19.04394   2.767463721e+04
    19.06935   2.760433337e+04
    19.09479   2.753422319e+04
    19.12027   2.746426802e+04
    19.14578   2.739447077e+04
    19.17133   2.732487765e+04
    19.19690   2.725544951e+04
    19.22252   2.718623255e+04
    19.24816   2.711714422e+04
    19.27385   2.704818730e+04
    19.29956   2.697936495e+04
    19.32531   2.691085476e+04
    19.35110   2.684244250e+04
    19.37691   2.677413101e+04
    19.40277   2.670605459e+04
    19.42865   2.663821756e+04
    19.45458   2.657049099e+04
    19.48053   2.650292216e+04
    19.50652   2.643546956e+04
    19.53255   2.636826993e+04
    19.55861   2.630119334e+04
    19.58471   2.623428761e+04
    19.61084   2.616751076e+04
    19.63700   2.610100085e+04
    19.66320   2.603462689e+04
    19.68944   2.596839132e+04
    19.71571   2.590225247e+04
    19.74201   2.583630361e+04
    19.76835   2.577063936e+04
    19.79473   2.570498972e+04
    19.82114   2.563958550e+04
    19.84759   2.557433933e+04
    19.87407   2.550925392e+04
    19.90058   2.544428605e+04
    19.92713   2.537953166e+04
    19.95372   2.531490120e+04
    19.98034   2.525044392e+04
    20.00700   2.518616355e+04
    20.03370   2.512201590e+04
    20.06043   2.505809855e+04
    20.08719   2.499427322e+04
    20.11399   2.493059012e+04
    20.14083   2.486714670e+04
    20.16770   2.480370950e+04
    20.19461   2.474051850e+04
    20.22155   2.467752949e+04
    20.24853   2.461465021e+04
    20.27555   2.455197976e+04
    20.30260   2.448937681e+04
    20.32969   2.442698859e+04
    20.35681   2.436472184e+04
    20.38397   2.430262795e+04
    20.41117   2.424071002e+04
    20.43840   2.417892252e+04
    20.46567   2.411731715e+04
    20.49298   2.405584812e+04
    20.52032   2.399446908e+04
    20.54770   2.393328113e+04
    20.57512   2.387228775e+04
    20.60257   2.381144260e+04
    20.63006   2.375074844e+04
    20.65758   2.369010883e+04
    20.68514   2.362977557e+04
    20.71274   2.356950259e+04
    20.74038   2.350934213e+04
    20.76805   2.344939760e+04
    20.79576   2.338962213e+04
    20.82350   2.332991747e+04
    20.85129   2.327043804e+04
    20.87911   2.321108573e+04
    20.90697   2.315186331e+04
    20.93486   2.309277345e+04
    20.96279   2.303381884e+04
    20.99076   2.297500229e+04
    21.01877   2.291643012e+04
    21.04681   2.285795022e+04
    21.07489   2.279956559e+04
    21.10301   2.274143418e+04
    21.13117   2.268329937e+04
    21.15936   2.262542408e+04
    21.18759   2.256770726e+04
    21.21586   2.251009903e+04
    21.24417   2.245265502e+04
    21.27251   2.239527230e+04
    21.30089   2.233805915e+04
    21.32931   2.228101836e+04
    21.35777   2.222409983e+04
    21.38627   2.216735962e+04
    21.41480   2.211074707e+04
    21.44337   2.205431875e+04
    21.47198   2.199791593e+04
    21.50063   2.194175685e+04
    21.52932   2.188562812e+04
    21.55804   2.182980340e+04
    21.58681   2.177401974e+04
    21.61561   2.171836643e+04
    21.64445   2.166286813e+04
    21.67333   2.160751671e+04
    21.70224   2.155229282e+04
    21.73120   2.149721572e+04
    21.76019   2.144227157e+04
    21.78923   2.138746307e+04
    21.81830   2.133279273e+04
    21.84741   2.127825795e+04
    21.87656   2.122386658e+04
    21.90575   2.116960486e+04
    21.93497   2.111548101e+04
    21.96424   2.106148611e+04
    21.99355   2.100764016e+04
    22.02289   2.095391722e+04
    22.05227   2.090033122e+04
    22.08170   2.084687364e+04
    22.11116   2.079355831e+04
    22.14066   2.074037650e+04
    22.17020   2.068732498e+04
    22.19978   2.063440070e+04
    22.22940   2.058161198e+04
    22.25906   2.052896716e+04
    22.28876   2.047644570e+04
    22.31850   2.042405592e+04
    22.34827   2.037179465e+04
    22.37809   2.031967014e+04
    22.40795   2.026766163e+04
    22.43785   2.021579503e+04
    22.46778   2.016406117e+04
    22.49776   2.011244503e+04
    22.52778   2.006096655e+04
    22.55783   2.000962260e+04
    22.58793   1.995839778e+04
    22.61807   1.990730049e+04
    22.64825   1.985633912e+04
    22.67846   1.980550453e+04
    22.70872   1.975479291e+04
    22.73902   1.970420066e+04
    22.76936   1.965374850e+04
    22.79974   1.960341466e+04
    22.83016   1.955321373e+04
    22.86062   1.950314229e+04
    22.89112   1.945318411e+04
    22.92166   1.940336011e+04
    22.95224   1.935365442e+04
    22.98287   1.930407558e+04
    23.01353   1.925462596e+04
    23.04424   1.920529563e+04
    23.07498   1.915609323e+04
    23.10577   1.910700883e+04
    23.13660   1.905805077e+04
    23.16747   1.900921545e+04
    23.19838   1.896049896e+04
    23.22933   1.891190347e+04
    23.26032   1.886340005e+04
    23.29136   1.881496523e+04
    23.32243   1.876674075e+04
    23.35355   1.871862802e+04
    23.38471   1.867064815e+04
    23.41591   1.862278470e+04
    23.44715   1.857503968e+04
    23.47844   1.852742205e+04
    23.50976   1.847991487e+04
    23.54113   1.843252666e+04
    23.57254   1.838526001e+04
    23.60399   1.833811698e+04
    23.63548   1.829109359e+04
    23.66702   1.824417897e+04
    23.69859   1.819738858e+04
    23.73021   1.815070489e+04
    23.76187   1.810415005e+04
    23.79358   1.805771312e+04
    23.82532   1.801138313e+04
    23.85711   1.796518217e+04
    23.88894   1.791908600e+04
    23.92082   1.787311021e+04
    23.95273   1.782725035e+04
    23.98469   1.778151525e+04
    24.01669   1.773588047e+04
    24.04873   1.769037513e+04
    24.08082   1.764496760e+04
    24.11295   1.759968055e+04
    24.14512   1.755450914e+04
    24.17734   1.750944906e+04
    24.20960   1.746450241e+04
    24.24190   1.741967128e+04
    24.27424   1.737495123e+04
    24.30663   1.733035117e+04
    24.33906   1.728585263e+04
    24.37153   1.724146459e+04
    24.40405   1.719719635e+04
    24.43661   1.715304301e+04
    24.46921   1.710899984e+04
    24.50186   1.706504783e+04
    24.53455   1.702122436e+04
    24.56729   1.697751046e+04
    24.60006   1.693390115e+04
    24.63289   1.689041285e+04
    24.66575   1.684701911e+04
    24.69866   1.680374364e+04
    24.73162   1.676057406e+04
    24.76461   1.671751260e+04
    24.79765   1.667456133e+04
    24.83074   1.663172245e+04
    24.86387   1.658899079e+04
    24.89704   1.654635399e+04
    24.93026   1.650383585e+04
    24.96352   1.646142390e+04
    24.99683   1.641912034e+04
    25.03018   1.637692715e+04
    25.06358   1.633483180e+04
    25.09702   1.629284372e+04
    25.13050   1.625095744e+04
    25.16403   1.620918987e+04
    25.19761   1.616752096e+04
    25.23123   1.612595267e+04
    25.26489   1.608449446e+04
    25.29860   1.604313346e+04
    25.33235   1.600188661e+04
    25.36615   1.596074088e+04
    25.40000   1.591969856e+04
    25.43389   1.587876145e+04
    25.46782   1.583792396e+04
    25.50180   1.579718819e+04
    25.53583   1.575654847e+04
    25.56990   1.571602206e+04
    25.60401   1.567560327e+04
    25.63817   1.563527883e+04
    25.67238   1.559505070e+04
    25.70663   1.555493621e+04
    25.74093   1.551492969e+04
    25.77528   1.547500983e+04
    25.80967   1.543518638e+04
    25.84410   1.539546899e+04
    25.87858   1.535585182e+04
    25.91311   1.531632899e+04
    25.94769   1.527692609e+04
    25.98231   1.523761342e+04
    26.01697   1.519839309e+04
    26.05168   1.515927477e+04
    26.08644   1.512025251e+04
    26.12125   1.508132819e+04
    26.15610   1.504251966e+04
    26.19100   1.500378898e+04
    26.22594   1.496515382e+04
    26.26093   1.492663238e+04
    26.29597   1.488820231e+04
    26.33106   1.484985742e+04
    26.36619   1.481163193e+04
    26.40137   1.477348721e+04
    26.43659   1.473544125e+04
    26.47186   1.469750427e+04
    26.50718   1.465965357e+04
    26.54255   1.462189908e+04
    26.57796   1.458423456e+04
    26.61342   1.454666170e+04
    26.64893   1.450919064e+04
    26.68449   1.447181492e+04
    26.72009   1.443454481e+04
    26.75574   1.439735706e+04
    26.79144   1.436025345e+04
    26.82718   1.432326095e+04
    26.86298   1.428635620e+04
    26.89882   1.424954945e+04
    26.93471   1.421281714e+04
    26.97065   1.417619484e+04
    27.00663   1.413966751e+04
    27.04266   1.410322840e+04
    27.07874   1.406687925e+04
    27.11487   1.403062193e+04
    27.15105   1.399446669e+04
    27.18728   1.395839817e+04
    27.22355   1.392240951e+04
    27.25987   1.388651099e+04
    27.29624   1.385072188e+04
    27.33266   1.381501780e+04
    27.36913   1.377940040e+04
    27.40565   1.374387164e+04
    27.44221   1.370842424e+04
    27.47883   1.367307762e+04
    27.51549   1.363782474e+04
    27.55220   1.360265854e+04
    27.58896   1.356758057e+04
    27.62577   1.353257496e+04
    27.66263   1.349768782e+04
    27.69954   1.346286733e+04
    27.73650   1.342814210e+04
    27.77350   1.339351379e+04
    27.81056   1.335894811e+04
    27.84766   1.332448276e+04
    27.88482   1.329011950e+04
    27.92202   1.325582381e+04
    27.95928   1.322163361e+04
    27.99658   1.318751428e+04
    28.03394   1.315350392e+04
    28.07134   1.311954931e+04
    28.10879   1.308570703e+04
    28.14630   1.305193293e+04
    28.18385   1.301824706e+04
    28.22145   1.298465093e+04
    28.25911   1.295114631e+04
    28.29681   1.291770691e+04
    28.33456   1.288436224e+04
    28.37237   1.285110472e+04
    28.41022   1.281794537e+04
    28.44813   1.278484809e+04
    28.48609   1.275184293e+04
    28.52409   1.271893137e+04
    28.56215   1.268608665e+04
    28.60026   1.265332931e+04
    28.63842   1.262066104e+04
    28.67663   1.258807384e+04
    28.71489   1.255556934e+04
    28.75320   1.252313941e+04
    28.79156   1.249081483e+04
    28.82998   1.245854847e+04
    28.86844   1.242637138e+04
    28.90696   1.239427505e+04
    28.94553   1.236227102e+04
    28.98415   1.233033156e+04
    29.02282   1.229848752e+04
    29.06154   1.226672089e+04
    29.10032   1.223503318e+04
    29.13914   1.220341616e+04
    29.17802   1.217189092e+04
    29.21695   1.214043945e+04
    29.25593   1.210906306e+04
    29.29497   1.207777341e+04
    29.33405   1.204658196e+04
    29.37319   1.201544019e+04
    29.41238   1.198439987e+04
    29.45162   1.195343230e+04
    29.49092   1.192253897e+04
    29.53027   1.189172130e+04
    29.56967   1.186098088e+04
    29.60912   1.183031915e+04
    29.64863   1.179975820e+04
    29.68818   1.176923790e+04
    29.72779   1.173882141e+04
    29.76746   1.170848977e+04
    29.80717   1.167820298e+04
    29.84694   1.164800396e+04
    29.88677   1.161789418e+04
    29.92664   1.158786485e+04
    29.96657   1.155789647e+04
    30.00655   1.152802193e+04
    30.04659   1.149821120e+04
    30.08668   1.146847630e+04
    30.12682   1.143881861e+04
    30.16701   1.140922904e+04
    30.20726   1.137971955e+04
    30.24757   1.135029172e+04
    30.28792   1.132092562e+04
    30.32833   1.129164401e+04
    30.36880   1.126244846e+04
    30.40932   1.123329734e+04
    30.44989   1.120424588e+04
    30.49052   1.117526327e+04
    30.53120   1.114635078e+04
    30.57193   1.111752083e+04
    30.61272   1.108875291e+04
    30.65357   1.106004842e+04
    30.69447   1.103144170e+04
    30.73542   1.100289018e+04
    30.77643   1.097442839e+04
    30.81749   1.094602452e+04
    30.85861   1.091771324e+04
    30.89978   1.088945148e+04
    30.94101   1.086125172e+04
    30.98229   1.083314886e+04
    31.02363   1.080511066e+04
    31.06502   1.077713860e+04
    31.10647   1.074923394e+04
    31.14797   1.072140933e+04
    31.18953   1.069365488e+04
    31.23114   1.066598336e+04
    31.27281   1.063837340e+04
    31.31454   1.061082622e+04
    31.35632   1.058335471e+04
    31.39815   1.055594863e+04
    31.44005   1.052860934e+04
    31.48199   1.050134978e+04
    31.52400   1.047417134e+04
    31.56606   1.044702889e+04
    31.60817   1.041997018e+04
    31.65035   1.039298502e+04
    31.69258   1.036607470e+04
    31.73486   1.033922883e+04
    31.77720   1.031244878e+04
    31.81960   1.028573579e+04
    31.86205   1.025910300e+04
    31.90456   1.023251622e+04
    31.94713   1.020601228e+04
    31.98976   1.017958071e+04
    32.03244   1.015321082e+04
    32.07518   1.012689192e+04
    32.11797   1.010064915e+04
    32.16082   1.007447194e+04
    32.20373   1.004838568e+04
    32.24670   1.002234334e+04
    32.28973   9.996370371e+03
    32.33281   9.970468003e+03
    32.37595   9.944625394e+03
    32.41914   9.918868260e+03
    32.46240   9.893148836e+03
    32.50571   9.867505193e+03
    32.54908   9.841950980e+03
    32.59251   9.816425680e+03
    32.63599   9.790980014e+03
    32.67954   9.765602872e+03
    32.72314   9.740295561e+03
    32.76680   9.715034206e+03
    32.81052   9.689857694e+03
    32.85429   9.664742204e+03
    32.89813   9.639676308e+03
    32.94202   9.614686448e+03
    32.98597   9.589748567e+03
    33.02998   9.564889280e+03
    33.07405   9.540071587e+03
    33.11818   9.515334989e+03
    33.16237   9.490667958e+03
    33.20661   9.466058937e+03
    33.25092   9.441509110e+03
    33.29528   9.417032550e+03
    33.33971   9.392604619e+03
    33.38419   9.368239398e+03
    33.42873   9.343938136e+03
    33.47333   9.319688936e+03
    33.51799   9.295519110e+03
    33.56271   9.271416906e+03
    33.60749   9.247357173e+03
    33.65233   9.223380599e+03
    33.69723   9.199448722e+03
    33.74219   9.175575924e+03
    33.78721   9.151776714e+03
    33.83229   9.128038951e+03
    33.87743   9.104350464e+03
    33.92263   9.080712283e+03
    33.96789   9.057165943e+03
    34.01321   9.033658828e+03
    34.05860   9.010218942e+03
    34.10404   8.986834010e+03
    34.14954   8.963505150e+03
    34.19510   8.940247013e+03
    34.24073   8.917033613e+03
    34.28641   8.893893336e+03
    34.33216   8.870813673e+03
    34.37796   8.847768179e+03
    34.42383   8.824813187e+03
    34.46976   8.801908401e+03
    34.51575   8.779068832e+03
    34.56180   8.756267732e+03
    34.60792   8.733534067e+03
    34.65409   8.710869010e+03
    34.70033   8.688259721e+03
    34.74662   8.665693157e+03
    34.79298   8.643184493e+03
    34.83941   8.620749023e+03
    34.88589   8.598359520e+03
    34.93244   8.576031247e+03
    34.97904   8.553751047e+03
    35.02571   8.531548621e+03
    35.07244   8.509396506e+03
    35.11924   8.487295717e+03
    35.16610   8.465247302e+03
    35.21302   8.443266833e+03
    35.26000   8.421326456e+03
    35.30704   8.399456111e+03
    35.35415   8.377657161e+03
    35.40132   8.355857517e+03
    35.44855   8.334175220e+03
    35.49585   8.312523587e+03
    35.54321   8.290932976e+03
    35.59063   8.269374905e+03
    35.63812   8.247894727e+03
    35.68567   8.226463958e+03
    35.73328   8.205098562e+03
    35.78096   8.183784692e+03
    35.82870   8.162508373e+03
    35.87650   8.141300606e+03
    35.92437   8.120147441e+03
    35.97230   8.099034839e+03
    36.02029   8.077994065e+03
    36.06835   8.057011051e+03
    36.11647   8.036071649e+03
    36.16466   8.015176862e+03
    36.21291   7.994327553e+03
    36.26123   7.973570837e+03
    36.30961   7.952831045e+03
    36.35806   7.932170653e+03
    36.40656   7.911544424e+03
    36.45514   7.890984324e+03
    36.50378   7.870475872e+03
    36.55248   7.850020100e+03
    36.60125   7.829586734e+03
    36.65009   7.809223552e+03
    36.69899   7.788916001e+03
    36.74795   7.768680892e+03
    36.79698   7.748487787e+03
    36.84608   7.728337538e+03
    36.89524   7.708231119e+03
    36.94446   7.688201317e+03
    36.99376   7.668185407e+03
    37.04311   7.648264183e+03
    37.09254   7.628374724e+03
    37.14203   7.608533956e+03
    37.19158   7.588742842e+03
    37.24120   7.568986164e+03
    37.29089   7.549313440e+03
    37.34065   7.529693426e+03
    37.39047   7.510094391e+03
    37.44035   7.490566193e+03
    37.49031   7.471060738e+03
    37.54033   7.451628093e+03
    37.59042   7.432236460e+03
    37.64057   7.412903236e+03
    37.69079   7.393629437e+03
    37.74108   7.374399474e+03
    37.79143   7.355197561e+03
    37.84186   7.336074681e+03
    37.89235   7.316998416e+03
    37.94290   7.297952967e+03
    37.99353   7.278939052e+03
    38.04422   7.260008248e+03
    38.09498   7.241110825e+03
    38.14580   7.222264633e+03
    38.19670   7.203487718e+03
    38.24766   7.184729836e+03
    38.29869   7.166043124e+03
    38.34979   7.147377160e+03
    38.40096   7.128767066e+03
    38.45220   7.110213858e+03
    38.50350   7.091701131e+03
    38.55487   7.073247227e+03
    38.60631   7.054835641e+03
    38.65782   7.036467284e+03
    38.70940   7.018143037e+03
    38.76105   6.999884819e+03
    38.81276   6.981662019e+03
    38.86455   6.963486016e+03
    38.91640   6.945355976e+03
    38.96832   6.927270971e+03
    39.02032   6.909233715e+03
    39.07238   6.891245033e+03
    39.12451   6.873298782e+03
    39.17671   6.855399302e+03
    39.22898   6.837549322e+03
    39.28132   6.819740770e+03
    39.33373   6.801981678e+03
    39.38621   6.784267538e+03
    39.43876   6.766599220e+03
    39.49138   6.748975752e+03
    39.54407   6.731396210e+03
    39.59683   6.713865110e+03
    39.64966   6.696377794e+03
    39.70256   6.678933324e+03
    39.75554   6.661536211e+03
    39.80858   6.644185479e+03
    39.86169   6.626876468e+03
    39.91488   6.609609965e+03
    39.96813   6.592390579e+03
    40.02146   6.575217290e+03
    40.07486   6.558087195e+03
    40.12833   6.540999266e+03
    40.18187   6.523956247e+03
    40.23548   6.506957064e+03
    40.28916   6.490004451e+03
    40.34292   6.473093579e+03
    40.39674   6.456223368e+03
    40.45064   6.439398457e+03
    40.50461   6.422621572e+03
    40.55865   6.405882089e+03
    40.61277   6.389188471e+03
    40.66695   6.372537732e+03
    40.72121   6.355926789e+03
    40.77554   6.339364223e+03
    40.82995   6.322839208e+03
    40.88442   6.306360331e+03
    40.93897   6.289922582e+03
    40.99359   6.273524774e+03
    41.04829   6.257169688e+03
    41.10306   6.240860096e+03
    41.15790   6.224590891e+03
    41.21281   6.208364869e+03
    41.26780   6.192178835e+03
    41.32286   6.176035619e+03
    41.37799   6.159933968e+03
    41.43320   6.143872711e+03
    41.48848   6.127854644e+03
    41.54383   6.111876519e+03
    41.59926   6.095939129e+03
    41.65477   6.080045293e+03
    41.71034   6.064189736e+03
    41.76599   6.048375197e+03
    41.82172   6.032602516e+03
    41.87752   6.016872475e+03
    41.93339   6.001181746e+03
    41.98934   5.985529033e+03
    42.04536   5.969917170e+03
    42.10146   5.954348986e+03
    42.15763   5.938814937e+03
    42.21388   5.923330261e+03
    42.27021   5.907879135e+03
    42.32660   5.892466446e+03
    42.38308   5.877097168e+03
    42.43962   5.861765750e+03
    42.49625   5.846472937e+03
    42.55295   5.831223714e+03
    42.60972   5.816008279e+03
    42.66657   5.800837956e+03
    42.72350   5.785702885e+03
    42.78050   5.770610208e+03
    42.83758   5.755552111e+03
    42.89474   5.740533591e+03
    42.95197   5.725557588e+03
    43.00928   5.710616219e+03
    43.06666   5.695714497e+03
    43.12412   5.680853199e+03
    43.18166   5.666028708e+03
    43.23927   5.651241751e+03
    43.29696   5.636493051e+03
    43.35473   5.621783337e+03
    43.41257   5.607111131e+03
    43.47050   5.592477168e+03
    43.52850   5.577882186e+03
    43.58657   5.563324681e+03
    43.64473   5.548803158e+03
    43.70296   5.534318325e+03
    43.76127   5.519875357e+03
    43.81966   5.505466029e+03
    43.87812   5.491093282e+03
    43.93666   5.476760089e+03
    43.99529   5.462462626e+03
    44.05398   5.448201614e+03
    44.11276   5.433980031e+03
    44.17162   5.419791758e+03
    44.23055   5.405642033e+03
    44.28957   5.391527005e+03
    44.34866   5.377454229e+03
    44.40783   5.363410648e+03
    44.46708   5.349408427e+03
    44.52641   5.335439063e+03
    44.58582   5.321507842e+03
    44.64530   5.307610821e+03
    44.70487   5.293751020e+03
    44.76452   5.279929136e+03
    44.82424   5.266136452e+03
    44.88405   5.252383043e+03
    44.94393   5.238669596e+03
    45.00390   5.224985011e+03
    45.06394   5.211341776e+03
    45.12407   5.197728721e+03
    45.18428   5.184153631e+03
    45.24456   5.170612405e+03
    45.30493   5.157105724e+03
    45.36537   5.143634252e+03
    45.42590   5.130198648e+03
    45.48651   5.116797174e+03
    45.54720   5.103430482e+03
    45.60797   5.090099251e+03
    45.66882   5.076801686e+03
    45.72975   5.063538481e+03
    45.79077   5.050307793e+03
    45.85186   5.037112756e+03
    45.91304   5.023954028e+03
    45.97430   5.010827319e+03
    46.03564   4.997735762e+03
    46.09706   4.984677531e+03
    46.15856   4.971650779e+03
    46.22015   4.958658601e+03
    46.28182   4.945701688e+03
    46.34357   4.932778159e+03
    46.40540   4.919888665e+03
    46.46731   4.907031343e+03
    46.52931   4.894206793e+03
    46.59139   4.881418185e+03
    46.65356   4.868656011e+03
    46.71580   4.855933605e+03
    46.77813   4.843241402e+03
    46.84054   4.830582620e+03
    46.90304   4.817955258e+03
    46.96562   4.805362547e+03
    47.02828   4.792799971e+03
    47.09103   4.780273283e+03
    47.15386   4.767777942e+03
    47.21677   4.755314566e+03
    47.27977   4.742881148e+03
    47.34285   4.730483555e+03
    47.40602   4.718117126e+03
    47.46927   4.705779890e+03
    47.53260   4.693477670e+03
    47.59602   4.681205837e+03
    47.65952   4.668967620e+03
    47.72311   4.656758327e+03
    47.78679   4.644586553e+03
    47.85054   4.632439562e+03
    47.91439   4.620325954e+03
    47.97832   4.608240976e+03
    48.04233   4.596195964e+03
    48.10643   4.584175387e+03
    48.17061   4.572187905e+03
    48.23488   4.560228700e+03
    48.29924   4.548301066e+03
    48.36368   4.536405610e+03
    48.42821   4.524545642e+03
    48.49282   4.512710830e+03
    48.55752   4.500904446e+03
    48.62231   4.489132598e+03
    48.68718   4.477393122e+03
    48.75214   4.465683847e+03
    48.81719   4.454002557e+03
    48.88232   4.442347047e+03
    48.94754   4.430729003e+03
    49.01285   4.419137879e+03
    49.07824   4.407577031e+03
    49.14372   4.396049841e+03
    49.20929   4.384548438e+03
    49.27495   4.373076186e+03
    49.34069   4.361633654e+03
    49.40652   4.350224240e+03
    49.47244   4.338842848e+03
    49.53845   4.327492884e+03
    49.60455   4.316169190e+03
    49.67073   4.304875163e+03
    49.73700   4.293608486e+03
    49.80336   4.282375498e+03
    49.86981   4.271168077e+03
    49.93635   4.259992564e+03
