# Wavelength              Flux
#         um   erg s-1 cm-2 cm
     0.10000   1.222565685e-07
     0.10013   1.075829316e-07
     0.10027   1.192972071e-07
     0.10040   1.088115219e-07
     0.10053   1.335820508e-07
     0.10067   1.346954079e-07
     0.10080   1.223494317e-07
     0.10094   8.938242495e-08
     0.10107   1.617143003e-07
     0.10121   1.610914470e-07
     0.10134   1.488183743e-07
     0.10148   1.176796458e-07
     0.10161   2.041533455e-07
     0.10175   1.497096275e-07
     0.10188   2.109783640e-07
     0.10202   2.050809289e-07
     0.10216   1.890727384e-07
     0.10229   2.138161073e-07
     0.10243   1.577833939e-07
     0.10257   1.992497219e-08
     0.10270   1.513259097e-07
     0.10284   1.707650733e-07
     0.10298   2.291550867e-07
     0.10311   2.136006805e-07
     0.10325   3.579263891e-07
     0.10339   3.017094479e-07
     0.10353   2.951012293e-07
     0.10367   2.913687184e-07
     0.10380   4.471191497e-07
     0.10394   4.449292692e-07
     0.10408   3.470602084e-07
     0.10422   5.037190280e-07
     0.10436   5.265740234e-07
     0.10450   5.226139792e-07
     0.10464   5.632779616e-07
     0.10478   5.229335600e-07
     0.10492   6.118042692e-07
     0.10506   5.359953211e-07
     0.10520   5.338167058e-07
     0.10534   6.469716928e-07
     0.10548   7.504186285e-07
     0.10562   5.868787915e-07
     0.10576   6.794554856e-07
     0.10590   7.617595307e-07
     0.10604   9.764495071e-07
     0.10618   8.365386948e-07
     0.10633   8.213443893e-07
     0.10647   7.116171217e-07
     0.10661   9.832481262e-07
     0.10675   9.608803187e-07
     0.10689   9.803096975e-07
     0.10704   1.161696032e-06
     0.10718   1.204163467e-06
     0.10732   1.137973349e-06
     0.10747   9.555781689e-07
     0.10761   1.722592233e-06
     0.10775   1.193423018e-06
     0.10790   1.092322721e-06
     0.10804   1.235102372e-06
     0.10818   1.403480536e-06
     0.10833   1.789095603e-06
     0.10847   1.879086519e-06
     0.10862   1.845605191e-06
     0.10876   1.953897210e-06
     0.10891   1.806957675e-06
     0.10905   2.335406542e-06
     0.10920   1.755648178e-06
     0.10934   2.308099674e-06
     0.10949   2.295380253e-06
     0.10964   1.892288077e-06
     0.10978   2.213548739e-06
     0.10993   2.239378387e-06
     0.11008   2.118200028e-06
     0.11022   6.320456007e-06
     0.11037   9.311754159e-06
     0.11052   8.142676471e-06
     0.11066   9.153728238e-06
     0.11081   7.960444333e-06
     0.11096   8.356585663e-06
     0.11111   8.313148859e-06
     0.11126   9.352191918e-06
     0.11140   1.192495842e-05
     0.11155   8.475098304e-06
     0.11170   1.144857796e-05
     0.11185   1.352610813e-05
     0.11200   1.263718709e-05
     0.11215   1.067846835e-05
     0.11230   1.261889512e-05
     0.11245   1.335367794e-05
     0.11260   1.963069036e-05
     0.11275   1.502718715e-05
     0.11290   9.459651378e-06
     0.11305   1.992648060e-05
     0.11320   2.232906557e-05
     0.11335   1.911841378e-05
     0.11350   1.277912172e-05
     0.11366   2.295872142e-05
     0.11381   2.476484203e-05
     0.11396   9.900814985e-06
     0.11411   2.672784347e-05
     0.11426   3.069713073e-05
     0.11442   2.527377903e-05
     0.11457   2.248739516e-05
     0.11472   2.827657664e-05
     0.11487   2.357008154e-05
     0.11503   2.962943829e-05
     0.11518   2.695844128e-05
     0.11533   3.723469158e-05
     0.11549   3.900474931e-05
     0.11564   3.251885972e-05
     0.11580   3.013328294e-05
     0.11595   2.631727148e-05
     0.11611   4.040198785e-05
     0.11626   3.635399474e-05
     0.11642   3.982290386e-05
     0.11657   3.889328213e-05
     0.11673   3.760290743e-05
     0.11688   3.836162422e-05
     0.11704   5.215820629e-05
     0.11719   5.744699497e-05
     0.11735   5.526056918e-05
     0.11751   4.247998049e-05
     0.11766   5.363869311e-05
     0.11782   5.717398383e-05
     0.11798   4.921824035e-05
     0.11814   5.813639358e-05
     0.11829   6.502335460e-05
     0.11845   6.166322222e-05
     0.11861   5.929906844e-05
     0.11877   6.387060862e-05
     0.11893   7.293352954e-05
     0.11908   7.207734026e-05
     0.11924   6.356490618e-05
     0.11940   4.761557788e-05
     0.11956   7.234664364e-05
     0.11972   8.761103685e-05
     0.11988   8.681879142e-05
     0.12004   6.483724584e-05
     0.12020   7.920634786e-05
     0.12036   9.763089173e-05
     0.12052   8.551412455e-05
     0.12068   6.708255802e-05
     0.12084   5.635696532e-05
     0.12101   3.063768906e-05
     0.12117   1.749190706e-05
     0.12133   6.986428597e-06
     0.12149   4.883959119e-06
     0.12165   5.630220929e-06
     0.12182   7.416280974e-06
     0.12198   1.787347814e-05
     0.12214   4.616577479e-05
     0.12230   7.645714846e-05
     0.12247   9.912417573e-05
     0.12263   1.466840036e-04
     0.12279   1.443076187e-04
     0.12296   1.549464222e-04
     0.12312   2.432099178e-04
     0.12329   2.819584699e-04
     0.12345   3.043277149e-04
     0.12361   2.978661293e-04
     0.12378   3.263272650e-04
     0.12394   4.348020566e-04
     0.12411   4.023619147e-04
     0.12428   3.923725475e-04
     0.12444   5.148303837e-04
     0.12461   5.036268559e-04
     0.12477   5.299788720e-04
     0.12494   4.877778888e-04
     0.12511   6.097234041e-04
     0.12527   6.747879254e-04
     0.12544   6.646121673e-04
     0.12561   5.621348769e-04
     0.12578   5.422851421e-04
     0.12594   6.945717536e-04
     0.12611   4.903888803e-04
     0.12628   7.346053024e-04
     0.12645   6.989344438e-04
     0.12662   7.031806584e-04
     0.12679   8.624205114e-04
     0.12696   7.871098883e-04
     0.12712   8.003714761e-04
     0.12729   9.639045105e-04
     0.12746   9.460311541e-04
     0.12763   7.977273279e-04
     0.12780   7.208617662e-04
     0.12798   7.888633054e-04
     0.12815   1.147371131e-03
     0.12832   1.198975078e-03
     0.12849   1.291343843e-03
     0.12866   1.199971829e-03
     0.12883   1.213600100e-03
     0.12900   1.504771991e-03
     0.12918   1.470629189e-03
     0.12935   1.212804443e-03
     0.12952   1.619241559e-03
     0.12969   1.498921108e-03
     0.12987   1.527778256e-03
     0.13004   1.647422046e-03
     0.13021   1.631084055e-03
     0.13039   1.782233475e-03
     0.13056   1.626172955e-03
     0.13073   1.967684292e-03
     0.13091   2.089245162e-03
     0.13108   1.873100879e-03
     0.13126   2.055951417e-03
     0.13143   1.934029498e-03
     0.13161   1.858017054e-03
     0.13178   2.376830439e-03
     0.13196   2.544317866e-03
     0.13214   2.941860651e-03
     0.13231   2.565548155e-03
     0.13249   2.637103249e-03
     0.13267   2.591897555e-03
     0.13284   2.790115630e-03
     0.13302   2.346512626e-03
     0.13320   2.860488301e-03
     0.13338   2.807802338e-03
     0.13355   2.474856002e-03
     0.13373   3.114486616e-03
     0.13391   2.526765159e-03
     0.13409   3.740382971e-03
     0.13427   3.179157352e-03
     0.13445   3.742448317e-03
     0.13463   3.652609621e-03
     0.13481   4.043024286e-03
     0.13499   3.980700199e-03
     0.13517   4.476405556e-03
     0.13535   4.379510982e-03
     0.13553   5.031450946e-03
     0.13571   3.988467778e-03
     0.13589   4.829365666e-03
     0.13607   5.191428640e-03
     0.13625   4.812435092e-03
     0.13643   5.046778365e-03
     0.13662   5.836578254e-03
     0.13680   5.403849036e-03
     0.13698   6.234508188e-03
     0.13716   4.745530451e-03
     0.13735   5.582604174e-03
     0.13753   5.977066372e-03
     0.13771   6.493903955e-03
     0.13790   6.768844845e-03
     0.13808   6.628106979e-03
     0.13826   7.029666621e-03
     0.13845   7.441647622e-03
     0.13863   7.497251439e-03
     0.13882   8.484095274e-03
     0.13900   8.275921719e-03
     0.13919   7.964206641e-03
     0.13938   8.640909241e-03
     0.13956   8.259051567e-03
     0.13975   8.806379264e-03
     0.13993   9.967368167e-03
     0.14012   8.294398656e-03
     0.14031   9.461235868e-03
     0.14049   1.004557947e-02
     0.14068   1.107800472e-02
     0.14087   9.673957615e-03
     0.14106   1.082283675e-02
     0.14125   1.190594001e-02
     0.14143   1.104292981e-02
     0.14162   1.125293393e-02
     0.14181   1.260225169e-02
     0.14200   1.299299374e-02
     0.14219   1.423625120e-02
     0.14238   1.381396705e-02
     0.14257   1.308002681e-02
     0.14276   1.491225326e-02
     0.14295   1.545709703e-02
     0.14314   1.615220899e-02
     0.14333   1.478831527e-02
     0.14352   1.567922953e-02
     0.14372   1.617430384e-02
     0.14391   1.663955834e-02
     0.14410   1.836928004e-02
     0.14429   1.878450738e-02
     0.14448   1.849158021e-02
     0.14468   1.922605986e-02
     0.14487   1.984352996e-02
     0.14506   1.988852307e-02
     0.14526   2.052166723e-02
     0.14545   2.230120418e-02
     0.14564   2.302799020e-02
     0.14584   2.307446579e-02
     0.14603   2.389706485e-02
     0.14623   2.463901368e-02
     0.14642   2.484027737e-02
     0.14662   2.438484076e-02
     0.14681   2.287943449e-02
     0.14701   2.685183471e-02
     0.14721   2.656469033e-02
     0.14740   2.465384496e-02
     0.14760   2.913103176e-02
     0.14780   2.939288449e-02
     0.14799   3.124679787e-02
     0.14819   3.114913243e-02
     0.14839   3.179166215e-02
     0.14859   3.349715575e-02
     0.14879   3.382682727e-02
     0.14898   3.474682716e-02
     0.14918   3.606642607e-02
     0.14938   3.582854043e-02
     0.14958   3.679851050e-02
     0.14978   3.712233556e-02
     0.14998   3.798320692e-02
     0.15018   3.960866303e-02
     0.15038   4.110573241e-02
     0.15058   4.252039549e-02
     0.15078   4.423394040e-02
     0.15098   4.535260639e-02
     0.15118   4.631773200e-02
     0.15139   4.752250699e-02
     0.15159   4.719667523e-02
     0.15179   4.411660511e-02
     0.15199   4.557070698e-02
     0.15220   4.792055351e-02
     0.15240   7.756304488e-02
     0.15260   1.274659632e-01
     0.15281   3.167235046e-01
     0.15301   4.620084655e-01
     0.15321   3.249008163e-01
     0.15342   4.369371953e-01
     0.15362   4.973214746e-01
     0.15383   6.278809287e-01
     0.15403   4.706628112e-01
     0.15424   6.868014690e-01
     0.15444   4.824975715e-01
     0.15465   6.250931010e-01
     0.15486   4.902298143e-01
     0.15506   6.858909990e-01
     0.15527   6.656127093e-01
     0.15548   5.385139327e-01
     0.15569   7.548251479e-01
     0.15589   6.726545500e-01
     0.15610   3.747318811e-01
     0.15631   7.217662770e-01
     0.15652   7.772485366e-01
     0.15673   7.544847400e-01
     0.15694   9.694494346e-01
     0.15715   9.558911145e-01
     0.15735   8.427046861e-01
     0.15756   1.086753624e+00
     0.15778   1.201315273e+00
     0.15799   1.201214447e+00
     0.15820   1.588279791e+00
     0.15841   1.340042140e+00
     0.15862   1.385460770e+00
     0.15883   1.530872292e+00
     0.15904   1.770926801e+00
     0.15925   1.775050927e+00
     0.15947   1.992440019e+00
     0.15968   2.198800204e+00
     0.15989   2.361170751e+00
     0.16011   2.076402353e+00
     0.16032   2.240100352e+00
     0.16053   2.303408924e+00
     0.16075   2.058730729e+00
     0.16096   2.375178220e+00
     0.16118   2.330384496e+00
     0.16139   2.410823172e+00
     0.16161   2.103401877e+00
     0.16182   2.397748812e+00
     0.16204   2.084367446e+00
     0.16226   2.003281322e+00
     0.16247   2.551913451e+00
     0.16269   2.428868618e+00
     0.16291   2.255353392e+00
     0.16312   2.899055754e+00
     0.16334   2.806318478e+00
     0.16356   3.517500590e+00
     0.16378   3.621395932e+00
     0.16400   4.096256008e+00
     0.16421   4.074895753e+00
     0.16443   4.317894904e+00
     0.16465   4.258051778e+00
     0.16487   4.139705239e+00
     0.16509   3.891487650e+00
     0.16531   3.820091858e+00
     0.16553   3.583491556e+00
     0.16575   2.029501088e+00
     0.16597   4.958655056e+00
     0.16620   5.632913413e+00
     0.16642   5.375559735e+00
     0.16664   5.040466292e+00
     0.16686   5.390477621e+00
     0.16709   3.988415811e+00
     0.16731   5.755286775e+00
     0.16753   4.489382312e+00
     0.16775   6.032169273e+00
     0.16798   4.544352105e+00
     0.16820   9.076398001e+00
     0.16843   1.091440943e+01
     0.16865   9.037323146e+00
     0.16888   1.386869142e+01
     0.16910   1.801503313e+01
     0.16933   1.214203339e+01
     0.16955   1.091573618e+01
     0.16978   1.322855789e+01
     0.17001   1.521604652e+01
     0.17023   1.653505097e+01
     0.17046   1.909202643e+01
     0.17069   1.990660496e+01
     0.17092   2.204830177e+01
     0.17114   2.427209095e+01
     0.17137   2.260850504e+01
     0.17160   2.230706161e+01
     0.17183   2.326200910e+01
     0.17206   2.317234639e+01
     0.17229   2.243406768e+01
     0.17252   2.804174391e+01
     0.17275   2.769881679e+01
     0.17298   2.834016139e+01
     0.17321   2.098053939e+01
     0.17344   2.744256257e+01
     0.17367   2.582805288e+01
     0.17390   3.194229499e+01
     0.17414   2.272637235e+01
     0.17437   2.984806951e+01
     0.17460   2.957575853e+01
     0.17483   2.959237495e+01
     0.17507   3.322732981e+01
     0.17530   3.949566991e+01
     0.17553   3.839248757e+01
     0.17577   3.608803574e+01
     0.17600   4.527200064e+01
     0.17624   4.097936060e+01
     0.17647   4.029549608e+01
     0.17671   4.856043067e+01
     0.17694   2.767686617e+01
     0.17718   4.118150843e+01
     0.17742   5.314068170e+01
     0.17765   5.065999929e+01
     0.17789   7.125006160e+01
     0.17813   6.685677787e+01
     0.17837   6.729724301e+01
     0.17860   8.121809152e+01
     0.17884   7.522264342e+01
     0.17908   9.243412685e+01
     0.17932   9.525731575e+01
     0.17956   1.318205597e+02
     0.17980   1.231255735e+02
     0.18004   1.333599729e+02
     0.18028   1.469152647e+02
     0.18052   1.212690190e+02
     0.18076   7.988419366e+01
     0.18100   1.099036358e+02
     0.18124   1.197245542e+02
     0.18148   1.220319709e+02
     0.18173   1.136586567e+02
     0.18197   9.586144475e+01
     0.18221   1.448154598e+02
     0.18246   1.232027181e+02
     0.18270   7.712096077e+01
     0.18294   1.019915655e+02
     0.18319   1.187881626e+02
     0.18343   1.418838638e+02
     0.18368   8.205988581e+01
     0.18392   1.286266285e+02
     0.18417   9.309181322e+01
     0.18441   1.069554192e+02
     0.18466   7.020490141e+01
     0.18490   8.566671947e+01
     0.18515   6.550923889e+01
     0.18540   1.401241680e+02
     0.18565   8.723027946e+01
     0.18589   1.587810228e+02
     0.18614   1.712155569e+02
     0.18639   1.286445127e+02
     0.18664   1.694564845e+02
     0.18689   1.768624038e+02
     0.18714   1.483542656e+02
     0.18739   1.516644303e+02
     0.18764   1.806962658e+02
     0.18789   2.178749575e+02
     0.18814   1.938491125e+02
     0.18839   1.716288041e+02
     0.18864   1.731058191e+02
     0.18889   2.399502719e+02
     0.18914   2.094473270e+02
     0.18940   2.253583618e+02
     0.18965   1.495324369e+02
     0.18990   1.932844922e+02
     0.19015   1.580666821e+02
     0.19041   2.227865353e+02
     0.19066   2.350375987e+02
     0.19092   1.699363799e+02
     0.19117   2.193225807e+02
     0.19143   2.271852277e+02
     0.19168   2.164049091e+02
     0.19194   2.701038857e+02
     0.19219   2.466226361e+02
     0.19245   2.325016871e+02
     0.19271   2.627373138e+02
     0.19296   2.230205225e+02
     0.19322   2.809307418e+02
     0.19348   3.080364199e+02
     0.19374   2.201184402e+02
     0.19400   1.964496482e+02
     0.19425   3.756841071e+02
     0.19451   3.315873785e+02
     0.19477   3.352604587e+02
     0.19503   3.043708304e+02
     0.19529   3.293370440e+02
     0.19555   3.828309161e+02
     0.19581   4.202367775e+02
     0.19608   4.057571276e+02
     0.19634   4.159365397e+02
     0.19660   4.695427982e+02
     0.19686   4.732291782e+02
     0.19712   4.896741201e+02
     0.19739   4.963714270e+02
     0.19765   3.802922656e+02
     0.19791   3.225844497e+02
     0.19818   4.011059070e+02
     0.19844   4.324627542e+02
     0.19871   4.267672182e+02
     0.19897   3.164252230e+02
     0.19924   5.035363984e+02
     0.19950   6.286517721e+02
     0.19977   4.810497627e+02
     0.20004   5.414036162e+02
     0.20030   5.432250126e+02
     0.20057   4.489030219e+02
     0.20084   4.054458866e+02
     0.20111   5.221505847e+02
     0.20138   5.829907391e+02
     0.20164   6.016114014e+02
     0.20191   6.737687460e+02
     0.20218   3.372039337e+02
     0.20245   4.470525060e+02
     0.20272   4.250915203e+02
     0.20299   5.892665954e+02
     0.20326   6.502666300e+02
     0.20353   6.082528452e+02
     0.20381   6.918337741e+02
     0.20408   6.371919022e+02
     0.20435   8.866605056e+02
     0.20462   8.726710971e+02
     0.20490   7.689503236e+02
     0.20517   7.049077798e+02
     0.20544   8.326446428e+02
     0.20572   7.487321946e+02
     0.20599   7.680681356e+02
     0.20627   7.303255525e+02
     0.20654   7.877100018e+02
     0.20682   8.101377924e+02
     0.20709   2.870617667e+03
     0.20737   2.785598371e+03
     0.20765   1.940325003e+03
     0.20792   1.442694220e+03
     0.20820   1.933199966e+03
     0.20848   8.561404437e+02
     0.20876   1.596952020e+03
     0.20904   1.717524254e+03
     0.20931   2.193251883e+03
     0.20959   1.960903478e+03
     0.20987   2.235045866e+03
     0.21015   1.365483143e+03
     0.21043   3.189243379e+03
     0.21071   2.896326882e+03
     0.21100   1.668339355e+03
     0.21128   3.473103920e+03
     0.21156   3.837028876e+03
     0.21184   4.835335411e+03
     0.21212   2.994597446e+03
     0.21241   8.163871335e+02
     0.21269   1.831266660e+03
     0.21297   3.703885525e+03
     0.21326   3.421364522e+03
     0.21354   3.182938543e+03
     0.21383   3.344099628e+03
     0.21411   3.125428568e+03
     0.21440   3.627469776e+03
     0.21468   2.419784192e+03
     0.21497   3.591643758e+03
     0.21526   2.945217245e+03
     0.21555   2.940277289e+03
     0.21583   2.572005924e+03
     0.21612   2.322255381e+03
     0.21641   2.931626802e+03
     0.21670   1.156280174e+03
     0.21699   2.686299981e+03
     0.21728   2.409623029e+03
     0.21757   2.575486366e+03
     0.21786   2.260893343e+03
     0.21815   6.191859800e+03
     0.21844   3.866431819e+03
     0.21873   2.553272503e+03
     0.21902   5.909729125e+03
     0.21931   3.662621987e+03
     0.21961   5.776145849e+03
     0.21990   5.192355601e+03
     0.22019   4.405466882e+03
     0.22049   5.598684478e+03
     0.22078   2.507900913e+03
     0.22108   1.658394688e+03
     0.22137   2.855927920e+03
     0.22167   1.794423468e+03
     0.22196   2.564894298e+03
     0.22226   4.327553897e+03
     0.22255   5.122734680e+03
     0.22285   5.449471111e+03
     0.22315   5.994232070e+03
     0.22345   9.144038126e+03
     0.22374   7.835998011e+03
     0.22404   1.021382813e+04
     0.22434   6.441264574e+03
     0.22464   7.122232361e+03
     0.22494   5.370009933e+03
     0.22524   4.835224271e+03
     0.22554   6.229018397e+03
     0.22584   5.458416533e+03
     0.22614   4.661280671e+03
     0.22645   3.982575492e+03
     0.22675   4.842422822e+03
     0.22705   5.657929141e+03
     0.22735   5.696557012e+03
     0.22766   6.440671560e+03
     0.22796   7.879533060e+03
     0.22826   8.746423160e+03
     0.22857   8.555847254e+03
     0.22887   5.711906722e+03
     0.22918   5.273610256e+03
     0.22948   9.975880413e+03
     0.22979   4.116151059e+03
     0.23010   6.272329811e+03
     0.23040   8.622357711e+03
     0.23071   1.295794860e+04
     0.23102   1.093736140e+04
     0.23133   3.741460588e+03
     0.23164   6.769339872e+03
     0.23195   5.679117268e+03
     0.23226   8.405802865e+03
     0.23257   8.752688957e+03
     0.23288   8.377783349e+03
     0.23319   4.497157387e+03
     0.23350   7.643743661e+03
     0.23381   5.978632214e+03
     0.23412   9.128661868e+03
     0.23443   2.558719036e+03
     0.23475   3.253266642e+03
     0.23506   8.520606821e+03
     0.23537   9.892056595e+03
     0.23569   6.440688175e+03
     0.23600   3.309248262e+03
     0.23632   6.911152199e+03
     0.23663   3.310852956e+03
     0.23695   5.548732979e+03
     0.23726   6.866486839e+03
     0.23758   5.951709816e+03
     0.23790   6.823041869e+03
     0.23821   2.167089085e+03
     0.23853   5.354888710e+03
     0.23885   4.482940926e+03
     0.23917   6.061732263e+03
     0.23949   4.132209457e+03
     0.23981   4.891604167e+03
     0.24013   6.411525828e+03
     0.24045   5.329538662e+03
     0.24077   4.980413964e+03
     0.24109   4.423435745e+03
     0.24141   6.432626721e+03
     0.24173   1.319112185e+04
     0.24206   1.553439701e+04
     0.24238   1.798434897e+04
     0.24270   2.431271353e+04
     0.24303   1.484812567e+04
     0.24335   1.469529576e+04
     0.24368   1.297161381e+04
     0.24400   7.591941293e+03
     0.24433   1.272709203e+04
     0.24465   1.609785664e+04
     0.24498   1.110908432e+04
     0.24531   1.279841445e+04
     0.24563   2.550734208e+04
     0.24596   1.748918500e+04
     0.24629   7.456424872e+03
     0.24662   1.294919821e+04
     0.24695   1.241462568e+04
     0.24728   8.620292389e+03
     0.24761   1.206765040e+04
     0.24794   9.875607806e+03
     0.24827   5.892879501e+03
     0.24860   5.581639210e+03
     0.24893   3.368327077e+03
     0.24926   5.190318772e+03
     0.24959   1.089892183e+04
     0.24993   1.410435984e+04
     0.25026   1.176254995e+04
     0.25059   1.021983867e+04
     0.25093   1.120991770e+04
     0.25126   7.239982906e+03
     0.25160   3.737875257e+03
     0.25193   4.894911849e+03
     0.25227   4.767987866e+03
     0.25261   5.802690389e+03
     0.25294   3.690532355e+03
     0.25328   1.251592866e+04
     0.25362   8.659202050e+03
     0.25396   1.368850504e+04
     0.25430   7.130976373e+03
     0.25464   8.309428172e+03
     0.25498   1.123556823e+04
     0.25532   3.779106088e+04
     0.25566   2.903758508e+04
     0.25600   2.460585384e+04
     0.25634   1.817185146e+04
     0.25668   3.089886834e+04
     0.25702   3.216822684e+04
     0.25737   3.835556875e+04
     0.25771   1.282166600e+04
     0.25805   3.217214217e+04
     0.25840   1.909644777e+04
     0.25874   1.535288771e+04
     0.25909   3.777261005e+04
     0.25943   1.890838185e+04
     0.25978   1.584684612e+04
     0.26013   1.293228156e+04
     0.26047   2.297137881e+04
     0.26082   1.397733119e+04
     0.26117   1.495836256e+04
     0.26152   1.670110210e+04
     0.26187   2.675571984e+04
     0.26222   2.820036731e+04
     0.26257   1.612463122e+04
     0.26292   1.575377269e+04
     0.26327   1.330498840e+04
     0.26362   4.686764295e+04
     0.26397   9.378235186e+04
     0.26432   5.671332707e+04
     0.26468   7.025315219e+04
     0.26503   8.989629910e+04
     0.26538   7.524593322e+04
     0.26574   7.661772498e+04
     0.26609   6.445900984e+04
     0.26645   7.868588451e+04
     0.26680   4.323564224e+04
     0.26716   6.966008030e+04
     0.26751   9.113022401e+04
     0.26787   5.982990319e+04
     0.26823   8.141897229e+04
     0.26859   1.259481123e+05
     0.26894   7.275290288e+04
     0.26930   8.739523394e+04
     0.26966   6.391383353e+04
     0.27002   9.350298101e+04
     0.27038   9.537273250e+04
     0.27074   6.854150703e+04
     0.27110   5.688055729e+04
     0.27147   6.224727339e+04
     0.27183   2.165054925e+04
     0.27219   2.824847396e+04
     0.27255   2.343693525e+04
     0.27292   6.062933067e+04
     0.27328   3.668738699e+04
     0.27365   2.259170922e+04
     0.27401   3.041143137e+04
     0.27438   2.007084360e+04
     0.27474   2.945035787e+04
     0.27511   3.048979482e+04
     0.27548   3.293340097e+04
     0.27584   5.897130696e+04
     0.27621   5.538280998e+04
     0.27658   7.375530906e+04
     0.27695   5.511626555e+04
     0.27732   5.984359386e+04
     0.27769   4.934197109e+04
     0.27806   2.163886292e+04
     0.27843   3.694880172e+04
     0.27880   3.091289403e+04
     0.27917   1.920431404e+04
     0.27955   6.773351574e+03
     0.27992   1.265639760e+04
     0.28029   7.993652982e+03
     0.28067   1.929552084e+04
     0.28104   4.201028777e+04
     0.28142   4.763357018e+04
     0.28179   7.592676290e+04
     0.28217   1.041107137e+05
     0.28254   8.878182424e+04
     0.28292   1.076654528e+05
     0.28330   8.650453262e+04
     0.28368   9.390195028e+04
     0.28406   8.905066831e+04
     0.28443   5.001498727e+04
     0.28481   3.296568332e+04
     0.28519   1.111955930e+04
     0.28557   2.321212883e+04
     0.28596   5.915941890e+04
     0.28634   9.273827812e+04
     0.28672   8.966987142e+04
     0.28710   1.464111093e+05
     0.28748   1.176121120e+05
     0.28787   1.110514938e+05
     0.28825   5.242818337e+04
     0.28864   1.738980862e+05
     0.28902   1.499733418e+05
     0.28941   1.206906464e+05
     0.28979   2.165430152e+05
     0.29018   2.306645499e+05
     0.29057   2.246554099e+05
     0.29096   2.120670774e+05
     0.29134   1.907842009e+05
     0.29173   2.070085109e+05
     0.29212   2.256940568e+05
     0.29251   1.611874880e+05
     0.29290   1.723160390e+05
     0.29329   2.118784930e+05
     0.29368   1.722987909e+05
     0.29408   1.406934641e+05
     0.29447   1.875082499e+05
     0.29486   1.231790963e+05
     0.29525   2.311763807e+05
     0.29565   1.770532842e+05
     0.29604   2.350010965e+05
     0.29644   2.153092373e+05
     0.29683   1.107484562e+05
     0.29723   1.212589850e+05
     0.29763   2.603096617e+05
     0.29802   2.126864800e+05
     0.29842   7.864629463e+04
     0.29882   1.535361480e+05
     0.29922   2.317282236e+05
     0.29962   1.336710106e+05
     0.30002   1.407117180e+05
     0.30042   1.184764286e+05
     0.30082   1.372638183e+05
     0.30122   1.870506235e+05
     0.30162   1.895774144e+05
     0.30202   4.915073454e+04
     0.30243   1.450626352e+05
     0.30283   2.030480725e+05
     0.30323   2.330608922e+05
     0.30364   2.015161630e+05
     0.30404   1.823268186e+05
     0.30445   2.059236865e+05
     0.30486   1.676596221e+05
     0.30526   2.141892316e+05
     0.30567   1.536690625e+05
     0.30608   1.672784774e+05
     0.30649   2.869035752e+05
     0.30689   2.203196111e+05
     0.30730   2.969801954e+05
     0.30771   2.624673194e+05
     0.30812   2.132057249e+05
     0.30854   3.313237869e+05
     0.30895   2.356234287e+05
     0.30936   1.527674027e+05
     0.30977   2.074556428e+05
     0.31019   1.173408956e+05
     0.31060   3.189197487e+05
     0.31101   3.245739525e+05
     0.31143   3.453858321e+05
     0.31184   2.729674008e+05
     0.31226   2.621536584e+05
     0.31268   3.027995437e+05
     0.31309   2.948048586e+05
     0.31351   2.531639262e+05
     0.31393   3.127546648e+05
     0.31435   2.437942861e+05
     0.31477   2.671672597e+05
     0.31519   3.697150853e+05
     0.31561   2.824607044e+05
     0.31603   1.604232077e+05
     0.31645   2.558243621e+05
     0.31687   2.447896110e+05
     0.31730   3.520645523e+05
     0.31772   3.321057579e+05
     0.31814   1.855819218e+05
     0.31857   2.412278420e+05
     0.31899   3.488676167e+05
     0.31942   2.230424609e+05
     0.31985   2.766978060e+05
     0.32027   2.956357262e+05
     0.32070   3.243692005e+05
     0.32113   2.068595483e+05
     0.32156   2.201300299e+05
     0.32198   2.924925427e+05
     0.32241   2.540957748e+05
     0.32284   1.673106328e+05
     0.32328   2.283902442e+05
     0.32371   2.406060811e+05
     0.32414   3.059856668e+05
     0.32457   3.221222420e+05
     0.32500   2.768307565e+05
     0.32544   3.442103329e+05
     0.32587   4.283811593e+05
     0.32631   4.086450847e+05
     0.32674   4.067578927e+05
     0.32718   3.567364661e+05
     0.32761   3.831569463e+05
     0.32805   3.401435540e+05
     0.32849   3.874355959e+05
     0.32893   3.820320320e+05
     0.32937   4.204909834e+05
     0.32981   4.592549089e+05
     0.33025   3.864996202e+05
     0.33069   3.376627662e+05
     0.33113   3.825234943e+05
     0.33157   3.034937246e+05
     0.33201   3.984254260e+05
     0.33245   3.471566167e+05
     0.33290   3.553103339e+05
     0.33334   4.288617401e+05
     0.33379   3.145680409e+05
     0.33423   3.549174494e+05
     0.33468   3.889143810e+05
     0.33513   3.367044798e+05
     0.33557   3.995132131e+05
     0.33602   1.919446937e+05
     0.33647   3.223414026e+05
     0.33692   2.380371728e+05
     0.33737   2.127381323e+05
     0.33782   3.742168757e+05
     0.33827   2.588043932e+05
     0.33872   3.401403254e+05
     0.33917   2.867893927e+05
     0.33962   3.209266381e+05
     0.34008   4.098845201e+05
     0.34053   3.029472786e+05
     0.34098   3.158143465e+05
     0.34144   2.322462153e+05
     0.34190   3.324055726e+05
     0.34235   3.199580784e+05
     0.34281   3.462878238e+05
     0.34327   3.767617172e+05
     0.34372   4.104357100e+05
     0.34418   1.867455844e+05
     0.34464   2.618090556e+05
     0.34510   4.351095221e+05
     0.34556   4.262486500e+05
     0.34602   2.939672278e+05
     0.34648   3.440749205e+05
     0.34695   4.608322290e+05
     0.34741   3.302952157e+05
     0.34787   3.325992341e+05
     0.34834   4.666135680e+05
     0.34880   4.830937131e+05
     0.34927   2.909687764e+05
     0.34973   3.619551025e+05
     0.35020   5.448482902e+05
     0.35067   5.456393365e+05
     0.35113   4.229009426e+05
     0.35160   3.710852080e+05
     0.35207   4.001861563e+05
     0.35254   2.503121441e+05
     0.35301   4.461365026e+05
     0.35348   4.648214665e+05
     0.35396   4.745847876e+05
     0.35443   4.672399751e+05
     0.35490   4.813912418e+05
     0.35537   3.668784839e+05
     0.35585   4.189231694e+05
     0.35632   4.822098013e+05
     0.35680   2.751097480e+05
     0.35727   2.704632893e+05
     0.35775   3.497359791e+05
     0.35823   2.260190254e+05
     0.35871   2.246104597e+05
     0.35918   4.135979603e+05
     0.35966   4.433525831e+05
     0.36014   5.840882485e+05
     0.36062   3.820328806e+05
     0.36111   3.260074031e+05
     0.36159   4.643930566e+05
     0.36207   2.558960810e+05
     0.36255   5.732577353e+05
     0.36304   4.533006737e+05
     0.36352   3.556322827e+05
     0.36401   5.569111490e+05
     0.36449   4.879958293e+05
     0.36498   3.210209745e+05
     0.36546   5.989569075e+05
     0.36595   6.191053258e+05
     0.36644   5.746827044e+05
     0.36693   4.826064727e+05
     0.36742   6.377060018e+05
     0.36791   4.644559733e+05
     0.36840   4.570168921e+05
     0.36889   4.326098050e+05
     0.36938   5.773133897e+05
     0.36988   6.729498621e+05
     0.37037   4.955610868e+05
     0.37086   3.390609899e+05
     0.37136   6.742311964e+05
     0.37185   4.582811089e+05
     0.37235   3.134709983e+05
     0.37285   5.091967896e+05
     0.37335   3.371909162e+05
     0.37384   2.606983114e+05
     0.37434   4.526140136e+05
     0.37484   1.920339102e+05
     0.37534   5.009923802e+05
     0.37584   4.781180427e+05
     0.37634   4.492417530e+05
     0.37685   4.766420985e+05
     0.37735   5.971688089e+05
     0.37785   6.272107300e+05
     0.37836   8.166562151e+05
     0.37886   5.181783483e+05
     0.37937   5.215735454e+05
     0.37987   4.123791857e+05
     0.38038   6.708540102e+05
     0.38089   5.532841890e+05
     0.38140   5.628280757e+05
     0.38190   3.667257082e+05
     0.38241   3.227226681e+05
     0.38292   2.807292838e+05
     0.38344   2.672227312e+05
     0.38395   2.675600666e+05
     0.38446   4.715118421e+05
     0.38497   5.035458753e+05
     0.38549   4.788014701e+05
     0.38600   2.717976085e+05
     0.38651   5.105289442e+05
     0.38703   3.624760688e+05
     0.38755   5.019661689e+05
     0.38806   3.957158354e+05
     0.38858   4.078979350e+05
     0.38910   5.634901180e+05
     0.38962   6.105981147e+05
     0.39014   5.696139464e+05
     0.39066   5.242987939e+05
     0.39118   7.649731626e+05
     0.39170   6.796625141e+05
     0.39223   4.331096994e+05
     0.39275   4.447909567e+05
     0.39327   1.920122507e+05
     0.39380   2.747311949e+05
     0.39432   4.572686162e+05
     0.39485   6.295208290e+05
     0.39538   7.448893147e+05
     0.39590   7.011168609e+05
     0.39643   3.833382980e+05
     0.39696   2.001820081e+05
     0.39749   4.579797443e+05
     0.39802   7.765660021e+05
     0.39855   7.763256077e+05
     0.39908   9.862294879e+05
     0.39962   8.685045527e+05
     0.40015   9.473389249e+05
     0.40068   9.040644880e+05
     0.40122   9.947028080e+05
     0.40175   9.863548966e+05
     0.40229   9.970147359e+05
     0.40283   9.994360399e+05
     0.40336   7.168509474e+05
     0.40390   1.050342255e+06
     0.40444   8.122425161e+05
     0.40498   9.384686361e+05
     0.40552   1.021424282e+06
     0.40606   9.759801908e+05
     0.40660   7.215325842e+05
     0.40715   8.367121034e+05
     0.40769   8.927203197e+05
     0.40823   1.028382466e+06
     0.40878   1.074228745e+06
     0.40932   1.155420678e+06
     0.40987   9.880867491e+05
     0.41042   8.321043992e+05
     0.41096   1.068631612e+06
     0.41151   1.099112740e+06
     0.41206   1.055922793e+06
     0.41261   1.087028961e+06
     0.41316   9.228400279e+05
     0.41371   9.914517983e+05
     0.41426   9.289915319e+05
     0.41482   1.055322880e+06
     0.41537   9.768246354e+05
     0.41592   1.065922652e+06
     0.41648   1.093163760e+06
     0.41704   1.042794957e+06
     0.41759   9.454787271e+05
     0.41815   1.007898965e+06
     0.41871   9.807418283e+05
     0.41927   1.060806160e+06
     0.41982   8.806908323e+05
     0.42038   8.863301649e+05
     0.42095   1.110610565e+06
     0.42151   1.040223651e+06
     0.42207   1.101959116e+06
     0.42263   7.622316017e+05
     0.42320   1.111688585e+06
     0.42376   9.814101467e+05
     0.42433   1.052286895e+06
     0.42489   9.437745496e+05
     0.42546   9.275891310e+05
     0.42603   1.008248925e+06
     0.42660   1.083699754e+06
     0.42717   7.823593373e+05
     0.42773   9.398571122e+05
     0.42831   9.713207272e+05
     0.42888   8.333912611e+05
     0.42945   9.238392601e+05
     0.43002   7.077216695e+05
     0.43060   6.423296484e+05
     0.43117   5.648647807e+05
     0.43175   1.176779352e+06
     0.43232   1.074939317e+06
     0.43290   9.387477274e+05
     0.43348   1.237384854e+06
     0.43405   8.848242601e+05
     0.43463   1.127473206e+06
     0.43521   1.009641786e+06
     0.43579   1.163701945e+06
     0.43638   1.208057742e+06
     0.43696   1.181757728e+06
     0.43754   1.132167059e+06
     0.43812   1.163116865e+06
     0.43871   8.941267252e+05
     0.43929   1.108361625e+06
     0.43988   1.107692874e+06
     0.44047   1.073189304e+06
     0.44106   1.218751931e+06
     0.44164   1.186314588e+06
     0.44223   1.286329494e+06
     0.44282   1.322618441e+06
     0.44341   1.204035255e+06
     0.44401   1.345919351e+06
     0.44460   1.268096475e+06
     0.44519   1.322772075e+06
     0.44579   1.114893722e+06
     0.44638   1.275490504e+06
     0.44698   1.268372800e+06
     0.44757   1.418738910e+06
     0.44817   1.356536389e+06
     0.44877   1.406245782e+06
     0.44937   1.392672669e+06
     0.44997   1.381945247e+06
     0.45057   1.544636870e+06
     0.45117   1.541016888e+06
     0.45177   1.460793733e+06
     0.45237   1.450074219e+06
     0.45298   1.302870156e+06
     0.45358   1.383322883e+06
     0.45418   1.491265705e+06
     0.45479   1.394637510e+06
     0.45540   1.474069592e+06
     0.45600   1.514872567e+06
     0.45661   1.545668659e+06
     0.45722   1.479842556e+06
     0.45783   1.520400214e+06
     0.45844   1.372870883e+06
     0.45906   1.499065636e+06
     0.45967   1.437346919e+06
     0.46028   1.450202495e+06
     0.46090   1.565962879e+06
     0.46151   1.467626646e+06
     0.46213   1.508254521e+06
     0.46274   1.583988501e+06
     0.46336   1.555656543e+06
     0.46398   1.535979857e+06
     0.46460   1.583413943e+06
     0.46522   1.558216191e+06
     0.46584   1.570310105e+06
     0.46646   1.609991928e+06
     0.46708   1.505230791e+06
     0.46770   1.572421563e+06
     0.46833   1.547562092e+06
     0.46895   1.563608934e+06
     0.46958   1.630383326e+06
     0.47021   1.527434192e+06
     0.47083   1.546524970e+06
     0.47146   1.579749882e+06
     0.47209   1.671342643e+06
     0.47272   1.603565489e+06
     0.47335   1.571024475e+06
     0.47398   1.585331712e+06
     0.47461   1.661318606e+06
     0.47525   1.684363677e+06
     0.47588   1.637630479e+06
     0.47652   1.596864273e+06
     0.47715   1.653178516e+06
     0.47779   1.749124835e+06
     0.47843   1.683954032e+06
     0.47907   1.604248300e+06
     0.47970   1.692283766e+06
     0.48034   1.676953971e+06
     0.48099   1.685601276e+06
     0.48163   1.682764869e+06
     0.48227   1.674206847e+06
     0.48291   1.732986816e+06
     0.48356   1.665589792e+06
     0.48420   1.573152730e+06
     0.48485   1.708310876e+06
     0.48550   1.632524784e+06
     0.48614   1.340363808e+06
     0.48679   1.561861032e+06
     0.48744   1.532730798e+06
     0.48809   1.621006320e+06
     0.48874   1.612277924e+06
     0.48940   1.613719427e+06
     0.49005   1.774096841e+06
     0.49070   1.719382489e+06
     0.49136   1.659345981e+06
     0.49201   1.545966439e+06
     0.49267   1.694654101e+06
     0.49333   1.770957391e+06
     0.49398   1.623581140e+06
     0.49464   1.770580542e+06
     0.49530   1.823802510e+06
     0.49596   1.650033685e+06
     0.49663   1.765210334e+06
     0.49729   1.774980580e+06
     0.49795   1.744923790e+06
     0.49862   1.550338785e+06
     0.49928   1.713940054e+06
     0.49995   1.758096520e+06
     0.50061   1.591943105e+06
     0.50128   1.600585392e+06
     0.50195   1.648767091e+06
     0.50262   1.693553245e+06
     0.50329   1.843073981e+06
     0.50396   1.615504844e+06
     0.50464   1.783109211e+06
     0.50531   1.660328251e+06
     0.50598   1.872478556e+06
     0.50666   1.772290758e+06
     0.50733   1.770714088e+06
     0.50801   1.675212408e+06
     0.50869   1.694429273e+06
     0.50937   1.868979976e+06
     0.51005   1.737641566e+06
     0.51073   1.751992036e+06
     0.51141   1.780797214e+06
     0.51209   1.854652339e+06
     0.51277   1.600656251e+06
     0.51346   1.799841176e+06
     0.51414   1.634128074e+06
     0.51483   1.788166829e+06
     0.51552   1.715394173e+06
     0.51620   1.832646452e+06
     0.51689   1.473862318e+06
     0.51758   1.479643613e+06
     0.51827   1.519125601e+06
     0.51897   1.783668844e+06
     0.51966   1.665138788e+06
     0.52035   1.843750009e+06
     0.52105   1.689690039e+06
     0.52174   1.827901816e+06
     0.52244   1.898898672e+06
     0.52313   1.659091320e+06
     0.52383   1.883186569e+06
     0.52453   1.910028284e+06
     0.52523   1.938427438e+06
     0.52593   1.861219010e+06
     0.52663   1.646006411e+06
     0.52734   1.492938050e+06
     0.52804   1.866951883e+06
     0.52874   1.913889823e+06
     0.52945   1.974910823e+06
     0.53016   1.825757557e+06
     0.53086   2.020454772e+06
     0.53157   1.982342557e+06
     0.53228   1.935432956e+06
     0.53299   1.681588825e+06
     0.53370   1.851017062e+06
     0.53441   1.908981971e+06
     0.53513   1.978015601e+06
     0.53584   2.061961961e+06
     0.53656   1.979316982e+06
     0.53727   1.783685358e+06
     0.53799   2.050765583e+06
     0.53871   1.987036725e+06
     0.53943   1.970786316e+06
     0.54014   1.876806516e+06
     0.54087   1.698870149e+06
     0.54159   1.946711160e+06
     0.54231   1.974018688e+06
     0.54303   1.951421640e+06
     0.54376   1.912629040e+06
     0.54448   2.032680958e+06
     0.54521   1.994582450e+06
     0.54594   1.985249726e+06
     0.54667   2.027123413e+06
     0.54739   2.079806871e+06
     0.54813   1.982095583e+06
     0.54886   2.038870513e+06
     0.54959   2.021136162e+06
     0.55032   2.088853098e+06
     0.55106   2.006676633e+06
     0.55179   2.086479647e+06
     0.55253   2.086189733e+06
     0.55327   2.046382699e+06
     0.55400   2.138172541e+06
     0.55474   2.155801795e+06
     0.55548   2.105977475e+06
     0.55622   2.070598090e+06
     0.55697   2.081240161e+06
     0.55771   2.043338656e+06
     0.55845   2.114287303e+06
     0.55920   1.943478592e+06
     0.55994   1.997215622e+06
     0.56069   2.134521881e+06
     0.56144   2.078703575e+06
     0.56219   2.157818983e+06
     0.56294   2.139609173e+06
     0.56369   2.153003814e+06
     0.56444   2.148330750e+06
     0.56519   2.173130703e+06
     0.56595   2.052329759e+06
     0.56670   2.149807754e+06
     0.56746   2.201411559e+06
     0.56822   2.192535929e+06
     0.56898   2.157339181e+06
     0.56973   2.220138424e+06
     0.57049   2.155412265e+06
     0.57126   2.069169643e+06
     0.57202   2.227526157e+06
     0.57278   2.268861577e+06
     0.57355   2.262491796e+06
     0.57431   2.263972055e+06
     0.57508   2.220399369e+06
     0.57584   2.187212262e+06
     0.57661   2.240854679e+06
     0.57738   2.266527809e+06
     0.57815   2.243248962e+06
     0.57892   2.198178876e+06
     0.57970   2.266562519e+06
     0.58047   2.284868786e+06
     0.58124   2.271512851e+06
     0.58202   2.293812277e+06
     0.58280   2.322730211e+06
     0.58357   2.296530093e+06
     0.58435   2.317825122e+06
     0.58513   2.277228475e+06
     0.58591   2.214045289e+06
     0.58669   2.251210362e+06
     0.58748   2.335494920e+06
     0.58826   2.299452785e+06
     0.58905   2.033616693e+06
     0.58983   2.073333106e+06
     0.59062   2.319653494e+06
     0.59141   2.303199881e+06
     0.59220   2.305197230e+06
     0.59299   2.284444637e+06
     0.59378   2.329201055e+06
     0.59457   2.339589617e+06
     0.59536   2.302491388e+06
     0.59616   2.347025662e+06
     0.59695   2.363014005e+06
     0.59775   2.317877639e+06
     0.59855   2.301625490e+06
     0.59934   2.366564834e+06
     0.60014   2.327842962e+06
     0.60095   2.325637506e+06
     0.60175   2.327100843e+06
     0.60255   2.271869782e+06
     0.60335   2.357176602e+06
     0.60416   2.400938994e+06
     0.60496   2.408865656e+06
     0.60577   2.358266135e+06
     0.60658   2.348205440e+06
     0.60739   2.418115233e+06
     0.60820   2.363994359e+06
     0.60901   2.356138546e+06
     0.60982   2.383438787e+06
     0.61064   2.278193084e+06
     0.61145   2.397013288e+06
     0.61227   2.333624669e+06
     0.61309   2.339240444e+06
     0.61390   2.296818903e+06
     0.61472   2.345766026e+06
     0.61554   2.350365768e+06
     0.61636   2.208414884e+06
     0.61719   2.318178907e+06
     0.61801   2.397957684e+06
     0.61883   2.421530499e+06
     0.61966   2.366613190e+06
     0.62049   2.426610183e+06
     0.62131   2.400367236e+06
     0.62214   2.386353621e+06
     0.62297   2.369738736e+06
     0.62380   2.397688772e+06
     0.62464   2.327730781e+06
     0.62547   2.330115610e+06
     0.62630   2.397263362e+06
     0.62714   2.403431846e+06
     0.62798   2.374639283e+06
     0.62882   2.423550766e+06
     0.62965   2.406050678e+06
     0.63049   2.407160273e+06
     0.63134   2.427784702e+06
     0.63218   2.368340718e+06
     0.63302   2.470846124e+06
     0.63387   2.421931683e+06
     0.63471   2.465346048e+06
     0.63556   2.466551410e+06
     0.63641   2.416091073e+06
     0.63726   2.483684279e+06
     0.63811   2.480657957e+06
     0.63896   2.492418688e+06
     0.63981   2.410338708e+06
     0.64066   2.453130307e+06
     0.64152   2.450775619e+06
     0.64237   2.438375231e+06
     0.64323   2.480061045e+06
     0.64409   2.442345335e+06
     0.64495   2.493193323e+06
     0.64581   2.486519058e+06
     0.64667   2.441403362e+06
     0.64753   2.459118553e+06
     0.64840   2.514645243e+06
     0.64926   2.469473005e+06
     0.65013   2.381526638e+06
     0.65100   2.515294597e+06
     0.65186   2.524364352e+06
     0.65273   2.537467615e+06
     0.65361   2.531749497e+06
     0.65448   2.489292746e+06
     0.65535   2.468856949e+06
     0.65623   2.090617655e+06
     0.65710   2.370418868e+06
     0.65798   2.496293160e+06
     0.65886   2.546264161e+06
     0.65973   2.488814601e+06
     0.66061   2.560326430e+06
     0.66150   2.547010063e+06
     0.66238   2.565056053e+06
     0.66326   2.513032143e+06
     0.66415   2.561971090e+06
     0.66503   2.564397486e+06
     0.66592   2.584910163e+06
     0.66681   2.538088876e+06
     0.66770   2.548939671e+06
     0.66859   2.594843131e+06
     0.66948   2.575048342e+06
     0.67037   2.560625135e+06
     0.67127   2.445144049e+06
     0.67216   2.555044317e+06
     0.67306   2.575375025e+06
     0.67396   2.594863318e+06
     0.67486   2.573340180e+06
     0.67576   2.601402318e+06
     0.67666   2.581998744e+06
     0.67756   2.588147960e+06
     0.67847   2.600235119e+06
     0.67937   2.593478376e+06
     0.68028   2.584547324e+06
     0.68119   2.592051817e+06
     0.68210   2.596826834e+06
     0.68301   2.608089984e+06
     0.68392   2.604042875e+06
     0.68483   2.585735361e+06
     0.68574   2.574496056e+06
     0.68666   2.624892276e+06
     0.68757   2.626733723e+06
     0.68849   2.610444389e+06
     0.68941   2.634611815e+06
     0.69033   2.651445136e+06
     0.69125   2.615383874e+06
     0.69217   2.625036557e+06
     0.69310   2.617324322e+06
     0.69402   2.640692284e+06
     0.69495   2.602215091e+06
     0.69588   2.641527825e+06
     0.69680   2.645823192e+06
     0.69773   2.591580185e+06
     0.69866   2.640639351e+06
     0.69960   2.652155847e+06
     0.70053   2.602820543e+06
     0.70146   2.604674860e+06
     0.70240   2.605068360e+06
     0.70334   2.622819267e+06
     0.70428   2.644497572e+06
     0.70522   2.662756755e+06
     0.70616   2.650713704e+06
     0.70710   2.634753530e+06
     0.70804   2.682724573e+06
     0.70899   2.615671729e+06
     0.70993   2.673714999e+06
     0.71088   2.658325397e+06
     0.71183   2.642882768e+06
     0.71278   2.635344485e+06
     0.71373   2.639294627e+06
     0.71468   2.609762729e+06
     0.71564   2.672687067e+06
     0.71659   2.621689578e+06
     0.71755   2.682699400e+06
     0.71850   2.634482078e+06
     0.71946   2.581967683e+06
     0.72042   2.669969651e+06
     0.72138   2.617555573e+06
     0.72235   2.655725891e+06
     0.72331   2.700658783e+06
     0.72427   2.679975723e+06
     0.72524   2.679285502e+06
     0.72621   2.674940785e+06
     0.72718   2.708835052e+06
     0.72815   2.681899549e+06
     0.72912   2.582605891e+06
     0.73009   2.687708408e+06
     0.73107   2.659117849e+06
     0.73204   2.704975800e+06
     0.73302   2.663515874e+06
     0.73400   2.717360925e+06
     0.73498   2.707952470e+06
     0.73596   2.692015802e+06
     0.73694   2.694827544e+06
     0.73792   2.728960021e+06
     0.73891   2.626196483e+06
     0.73989   2.696706140e+06
     0.74088   2.665080181e+06
     0.74187   2.638680160e+06
     0.74286   2.675326377e+06
     0.74385   2.725105912e+06
     0.74484   2.662000816e+06
     0.74583   2.742308505e+06
     0.74683   2.714664026e+06
     0.74783   2.731893612e+06
     0.74882   2.729426596e+06
     0.74982   2.679049360e+06
     0.75082   2.738632739e+06
     0.75183   2.696435109e+06
     0.75283   2.723394581e+06
     0.75383   2.748157694e+06
     0.75484   2.753008039e+06
     0.75585   2.714769498e+06
     0.75685   2.741115708e+06
     0.75786   2.753599877e+06
     0.75888   2.717264821e+06
     0.75989   2.754541225e+06
     0.76090   2.737891293e+06
     0.76192   2.697336451e+06
     0.76293   2.780026624e+06
     0.76395   2.781912479e+06
     0.76497   2.784596406e+06
     0.76599   2.662454173e+06
     0.76701   2.689760116e+06
     0.76804   2.771876329e+06
     0.76906   2.752379087e+06
     0.77009   2.750733978e+06
     0.77111   2.753501546e+06
     0.77214   2.734698634e+06
     0.77317   2.766864248e+06
     0.77421   2.779111470e+06
     0.77524   2.706540410e+06
     0.77627   2.791517394e+06
     0.77731   2.788439075e+06
     0.77835   2.767358596e+06
     0.77938   2.787459341e+06
     0.78042   2.771359478e+06
     0.78147   2.771393939e+06
     0.78251   2.793574714e+06
     0.78355   2.739584442e+06
     0.78460   2.793788126e+06
     0.78564   2.784565691e+06
     0.78669   2.806755731e+06
     0.78774   2.800711266e+06
     0.78879   2.794484315e+06
     0.78985   2.797102642e+06
     0.79090   2.791303690e+06
     0.79195   2.744624006e+06
     0.79301   2.761640186e+06
     0.79407   2.727922581e+06
     0.79513   2.728519958e+06
     0.79619   2.792032655e+06
     0.79725   2.801539945e+06
     0.79832   2.812004779e+06
     0.79938   2.806836743e+06
     0.80045   2.765830039e+06
     0.80152   2.812547132e+06
     0.80258   2.801957388e+06
     0.80366   2.789910652e+06
     0.80473   2.759188967e+06
     0.80580   2.798448977e+06
     0.80688   2.810516710e+06
     0.80795   2.785824599e+06
     0.80903   2.780220970e+06
     0.81011   2.762606764e+06
     0.81119   2.813246951e+06
     0.81227   2.818935278e+06
     0.81336   2.823894643e+06
     0.81444   2.818835309e+06
     0.81553   2.807491702e+06
     0.81662   2.810645384e+06
     0.81771   2.817784891e+06
     0.81880   2.771556576e+06
     0.81989   2.737257390e+06
     0.82098   2.786482366e+06
     0.82208   2.734512332e+06
     0.82318   2.799961782e+06
     0.82427   2.816667983e+06
     0.82537   2.812462195e+06
     0.82648   2.831757333e+06
     0.82758   2.825558188e+06
     0.82868   2.834813578e+06
     0.82979   2.809786822e+06
     0.83090   2.780999581e+06
     0.83200   2.822216118e+06
     0.83311   2.745839750e+06
     0.83423   2.794997367e+06
     0.83534   2.793517768e+06
     0.83645   2.806111358e+06
     0.83757   2.830084738e+06
     0.83869   2.756274013e+06
     0.83981   2.832316732e+06
     0.84093   2.832256441e+06
     0.84205   2.814817428e+06
     0.84317   2.816302612e+06
     0.84430   2.785747592e+06
     0.84542   2.835345871e+06
     0.84655   2.837710985e+06
     0.84768   2.798191321e+06
     0.84881   2.845061863e+06
     0.84994   2.596371775e+06
     0.85108   2.826230926e+06
     0.85221   2.779330408e+06
     0.85335   2.779436451e+06
     0.85449   2.251959841e+06
     0.85563   2.774670544e+06
     0.85677   2.842971806e+06
     0.85791   2.857952209e+06
     0.85906   2.832474067e+06
     0.86020   2.811999708e+06
     0.86135   2.825176293e+06
     0.86250   2.834015030e+06
     0.86365   2.853837003e+06
     0.86480   2.822388567e+06
     0.86596   2.630466604e+06
     0.86711   2.546674167e+06
     0.86827   2.776684547e+06
     0.86943   2.749275624e+06
     0.87059   2.836728827e+06
     0.87175   2.806906379e+06
     0.87291   2.861898435e+06
     0.87408   2.803120045e+06
     0.87524   2.816758647e+06
     0.87641   2.819540763e+06
     0.87758   2.833936313e+06
     0.87875   2.877410018e+06
     0.87993   2.835554623e+06
     0.88110   2.738333462e+06
     0.88228   2.813454357e+06
     0.88345   2.884421411e+06
     0.88463   2.835065372e+06
     0.88581   2.875628728e+06
     0.88699   2.789068462e+06
     0.88818   2.863518135e+06
     0.88936   2.880910187e+06
     0.89055   2.893422246e+06
     0.89174   2.882970903e+06
     0.89293   2.826984289e+06
     0.89412   2.889900536e+06
     0.89531   2.861334277e+06
     0.89650   2.882691934e+06
     0.89770   2.858810614e+06
     0.89890   2.879488080e+06
     0.90010   2.827333914e+06
     0.90130   2.780537048e+06
     0.90250   2.814087169e+06
     0.90371   2.892604124e+06
     0.90491   2.902263116e+06
     0.90612   2.846242819e+06
     0.90733   2.893339176e+06
     0.90854   2.863247916e+06
     0.90975   2.782723673e+06
     0.91096   2.851381978e+06
     0.91218   2.870468638e+06
     0.91340   2.897734654e+06
     0.91462   2.863984000e+06
     0.91584   2.887182497e+06
     0.91706   2.867685354e+06
     0.91828   2.859697623e+06
     0.91951   2.873154499e+06
     0.92073   2.853530364e+06
     0.92196   2.787195104e+06
     0.92319   2.761202125e+06
     0.92442   2.815464858e+06
     0.92566   2.796665118e+06
     0.92689   2.854545077e+06
     0.92813   2.871368713e+06
     0.92937   2.849178875e+06
     0.93061   2.870258466e+06
     0.93185   2.874365543e+06
     0.93309   2.875295978e+06
     0.93434   2.877022694e+06
     0.93558   2.873686205e+06
     0.93683   2.857790702e+06
     0.93808   2.880567813e+06
     0.93933   2.858115151e+06
     0.94059   2.838130259e+06
     0.94184   2.761198258e+06
     0.94310   2.835520526e+06
     0.94436   2.836417156e+06
     0.94562   2.852752284e+06
     0.94688   2.877344692e+06
     0.94814   2.888887394e+06
     0.94941   2.879219133e+06
     0.95067   2.877918566e+06
     0.95194   2.874011172e+06
     0.95321   2.879020028e+06
     0.95448   2.772748327e+06
     0.95576   2.827061886e+06
     0.95703   2.865701400e+06
     0.95831   2.873508631e+06
     0.95959   2.882628373e+06
     0.96087   2.849203353e+06
     0.96215   2.884862955e+06
     0.96343   2.863095703e+06
     0.96472   2.857371284e+06
     0.96601   2.841224913e+06
     0.96730   2.887584113e+06
     0.96859   2.882835573e+06
     0.96988   2.880414821e+06
     0.97117   2.888068209e+06
     0.97247   2.894412376e+06
     0.97377   2.851664746e+06
     0.97506   2.870788686e+06
     0.97637   2.878255082e+06
     0.97767   2.893358424e+06
     0.97897   2.861465587e+06
     0.98028   2.892289935e+06
     0.98159   2.901815748e+06
     0.98290   2.895199948e+06
     0.98421   2.886457889e+06
     0.98552   2.896908549e+06
     0.98684   2.897974210e+06
     0.98815   2.900827828e+06
     0.98947   2.878199607e+06
     0.99079   2.875519343e+06
     0.99211   2.900098160e+06
     0.99344   2.899685026e+06
     0.99476   2.883723775e+06
     0.99609   2.899207946e+06
     0.99742   2.894006734e+06
     0.99875   2.902912660e+06
     1.00008   2.899079961e+06
     1.00142   2.897300696e+06
     1.00275   2.906681556e+06
     1.00409   2.880410013e+06
     1.00543   2.758800844e+06
     1.00677   2.857306975e+06
     1.00811   2.905178728e+06
     1.00946   2.902554297e+06
     1.01081   2.881979011e+06
     1.01216   2.899254482e+06
     1.01351   2.913447050e+06
     1.01486   2.881323225e+06
     1.01621   2.873669866e+06
     1.01757   2.907548038e+06
     1.01893   2.872870950e+06
     1.02028   2.878577388e+06
     1.02165   2.857992994e+06
     1.02301   2.903639810e+06
     1.02437   2.900368912e+06
     1.02574   2.919077420e+06
     1.02711   2.906712433e+06
     1.02848   2.916594069e+06
     1.02985   2.887885946e+06
     1.03123   2.902018066e+06
     1.03260   2.896353688e+06
     1.03398   2.877666155e+06
     1.03536   2.873138373e+06
     1.03674   2.913992782e+06
     1.03812   2.855886234e+06
     1.03951   2.890945262e+06
     1.04090   2.904784311e+06
     1.04228   2.900979285e+06
     1.04368   2.900028175e+06
     1.04507   2.910317471e+06
     1.04646   2.873304953e+06
     1.04786   2.878469306e+06
     1.04926   2.906904295e+06
     1.05066   2.898938237e+06
     1.05206   2.899727315e+06
     1.05346   2.894997482e+06
     1.05487   2.914899843e+06
     1.05628   2.911854452e+06
     1.05768   2.888582181e+06
     1.05910   2.809634659e+06
     1.06051   2.856840342e+06
     1.06192   2.905622733e+06
     1.06334   2.871384136e+06
     1.06476   2.915702937e+06
     1.06618   2.865242631e+06
     1.06760   2.900355163e+06
     1.06903   2.799532211e+06
     1.07045   2.848836327e+06
     1.07188   2.871250881e+06
     1.07331   2.840872330e+06
     1.07474   2.850463845e+06
     1.07618   2.894577413e+06
     1.07761   2.900432209e+06
     1.07905   2.836051364e+06
     1.08049   2.883706672e+06
     1.08193   2.810845163e+06
     1.08338   2.806468707e+06
     1.08482   2.862958999e+06
     1.08627   2.896974576e+06
     1.08772   2.797462497e+06
     1.08917   2.842209198e+06
     1.09062   2.888979961e+06
     1.09208   2.868333054e+06
     1.09353   2.783031038e+06
     1.09499   2.770916417e+06
     1.09645   2.777023366e+06
     1.09792   2.821636348e+06
     1.09938   2.836544475e+06
     1.10085   2.863751303e+06
     1.10232   2.802654982e+06
     1.10379   2.858000914e+06
     1.10526   2.865966012e+06
     1.10674   2.862556044e+06
     1.10821   2.877451294e+06
     1.10969   2.870998004e+06
     1.11117   2.875982832e+06
     1.11265   2.863687036e+06
     1.11414   2.862572041e+06
     1.11563   2.858076369e+06
     1.11711   2.882188358e+06
     1.11860   2.843081157e+06
     1.12010   2.839090170e+06
     1.12159   2.879971020e+06
     1.12309   2.885265180e+06
     1.12459   2.880605268e+06
     1.12609   2.780140674e+06
     1.12759   2.879767848e+06
     1.12909   2.850844785e+06
     1.13060   2.859829195e+06
     1.13211   2.888650067e+06
     1.13362   2.850727532e+06
     1.13513   2.872528477e+06
     1.13665   2.892302651e+06
     1.13816   2.835593263e+06
     1.13968   2.844663361e+06
     1.14120   2.833713058e+06
     1.14272   2.863120866e+06
     1.14425   2.845474533e+06
     1.14578   2.882891171e+06
     1.14730   2.881510499e+06
     1.14884   2.873624354e+06
     1.15037   2.886385986e+06
     1.15190   2.875672048e+06
     1.15344   2.880964106e+06
     1.15498   2.898406932e+06
     1.15652   2.895733536e+06
     1.15806   2.887363616e+06
     1.15961   2.834144096e+06
     1.16116   2.805858083e+06
     1.16270   2.880916179e+06
     1.16426   2.852350022e+06
     1.16581   2.867432294e+06
     1.16736   2.875112898e+06
     1.16892   2.834062159e+06
     1.17048   2.883646552e+06
     1.17204   2.889704995e+06
     1.17361   2.885752351e+06
     1.17517   2.832596789e+06
     1.17674   2.861887766e+06
     1.17831   2.845060388e+06
     1.17988   2.882845382e+06
     1.18146   2.862410677e+06
     1.18303   2.766866996e+06
     1.18461   2.856713195e+06
     1.18619   2.886517221e+06
     1.18778   2.796583836e+06
     1.18936   2.845795174e+06
     1.19095   2.889556241e+06
     1.19254   2.892605220e+06
     1.19413   2.888953412e+06
     1.19572   2.858478653e+06
     1.19732   2.814998729e+06
     1.19891   2.739811456e+06
     1.20051   2.868998910e+06
     1.20211   2.882662586e+06
     1.20372   2.761991943e+06
     1.20532   2.878122960e+06
     1.20693   2.869839258e+06
     1.20854   2.733684495e+06
     1.21016   2.821979697e+06
     1.21177   2.865928048e+06
     1.21339   2.880985665e+06
     1.21501   2.880130225e+06
     1.21663   2.884632609e+06
     1.21825   2.882843648e+06
     1.21988   2.856589224e+06
     1.22150   2.864842771e+06
     1.22313   2.875179522e+06
     1.22476   2.869522046e+06
     1.22640   2.858023451e+06
     1.22803   2.857041597e+06
     1.22967   2.879647589e+06
     1.23131   2.876499335e+06
     1.23296   2.862977703e+06
     1.23460   2.851965546e+06
     1.23625   2.828401505e+06
     1.23790   2.882098017e+06
     1.23955   2.844868571e+06
     1.24120   2.857058924e+06
     1.24286   2.826722519e+06
     1.24452   2.882572600e+06
     1.24618   2.876656529e+06
     1.24784   2.872755097e+06
     1.24951   2.874576633e+06
     1.25117   2.834129476e+06
     1.25284   2.830645808e+06
     1.25451   2.873111868e+06
     1.25619   2.855399109e+06
     1.25786   2.854427981e+06
     1.25954   2.870690904e+06
     1.26122   2.846121175e+06
     1.26291   2.878247902e+06
     1.26459   2.835509459e+06
     1.26628   2.870120422e+06
     1.26797   2.849563160e+06
     1.26966   2.870663605e+06
     1.27135   2.861428957e+06
     1.27305   2.877061605e+06
     1.27475   2.867225941e+06
     1.27645   2.876816682e+06
     1.27815   2.872128517e+06
     1.27986   2.835705232e+06
     1.28156   2.605858401e+06
     1.28327   2.782268071e+06
     1.28499   2.852591753e+06
     1.28670   2.870063077e+06
     1.28842   2.862249674e+06
     1.29014   2.842810840e+06
     1.29186   2.856094448e+06
     1.29358   2.854457701e+06
     1.29531   2.863593719e+06
     1.29704   2.844306888e+06
     1.29877   2.870099009e+06
     1.30050   2.869328385e+06
     1.30223   2.873662941e+06
     1.30397   2.841390273e+06
     1.30571   2.858480863e+06
     1.30745   2.870421196e+06
     1.30920   2.858789312e+06
     1.31095   2.874115175e+06
     1.31269   2.787104169e+06
     1.31445   2.797666623e+06
     1.31620   2.853719725e+06
     1.31796   2.846525281e+06
     1.31971   2.863341890e+06
     1.32148   2.860780831e+06
     1.32324   2.875253428e+06
     1.32500   2.873943893e+06
     1.32677   2.863430167e+06
     1.32854   2.824807752e+06
     1.33031   2.842862265e+06
     1.33209   2.828245053e+06
     1.33387   2.869306390e+06
     1.33565   2.858215867e+06
     1.33743   2.874406734e+06
     1.33921   2.824223871e+06
     1.34100   2.860780107e+06
     1.34279   2.866555146e+06
     1.34458   2.875078571e+06
     1.34637   2.861425450e+06
     1.34817   2.869824044e+06
     1.34997   2.848855389e+06
     1.35177   2.872536352e+06
     1.35357   2.877481614e+06
     1.35538   2.841756692e+06
     1.35719   2.847753020e+06
     1.35900   2.861625667e+06
     1.36081   2.855590336e+06
     1.36263   2.849266414e+06
     1.36445   2.854832460e+06
     1.36627   2.855045445e+06
     1.36809   2.846837643e+06
     1.36991   2.843134434e+06
     1.37174   2.855144480e+06
     1.37357   2.830744186e+06
     1.37541   2.837796495e+06
     1.37724   2.854523128e+06
     1.37908   2.867541918e+06
     1.38092   2.861259428e+06
     1.38276   2.857323143e+06
     1.38461   2.854285557e+06
     1.38645   2.844918417e+06
     1.38830   2.870398859e+06
     1.39016   2.841384994e+06
     1.39201   2.868636358e+06
     1.39387   2.862514232e+06
     1.39573   2.848407148e+06
     1.39759   2.864947923e+06
     1.39945   2.822811801e+06
     1.40132   2.834759674e+06
     1.40319   2.847211174e+06
     1.40506   2.870307159e+06
     1.40694   2.846272071e+06
     1.40881   2.847406519e+06
     1.41069   2.835750432e+06
     1.41258   2.797093148e+06
     1.41446   2.852833295e+06
     1.41635   2.836405748e+06
     1.41824   2.842870214e+06
     1.42013   2.822882071e+06
     1.42203   2.821163759e+06
     1.42392   2.805514509e+06
     1.42582   2.793225180e+06
     1.42772   2.821506292e+06
     1.42963   2.763377889e+06
     1.43154   2.814263118e+06
     1.43345   2.855483223e+06
     1.43536   2.844246101e+06
     1.43727   2.858020232e+06
     1.43919   2.848514098e+06
     1.44111   2.767980141e+06
     1.44304   2.807335278e+06
     1.44496   2.816583027e+06
     1.44689   2.832604221e+06
     1.44882   2.816060366e+06
     1.45075   2.767152514e+06
     1.45269   2.833117835e+06
     1.45463   2.787683403e+06
     1.45657   2.780662491e+06
     1.45851   2.835395535e+06
     1.46046   2.825840308e+06
     1.46240   2.822808016e+06
     1.46436   2.803519088e+06
     1.46631   2.799397339e+06
     1.46827   2.823805456e+06
     1.47022   2.797913229e+06
     1.47219   2.805242018e+06
     1.47415   2.833589667e+06
     1.47612   2.786751525e+06
     1.47809   2.811645557e+06
     1.48006   2.832903231e+06
     1.48203   2.799720494e+06
     1.48401   2.821954178e+06
     1.48599   2.811712080e+06
     1.48797   2.595631834e+06
     1.48996   2.814827205e+06
     1.49195   2.823043669e+06
     1.49394   2.839270442e+06
     1.49593   2.804577708e+06
     1.49793   2.807762864e+06
     1.49993   2.829287970e+06
     1.50193   2.635112369e+06
     1.50393   2.666529519e+06
     1.50594   2.722168275e+06
     1.50795   2.827687893e+06
     1.50996   2.806242963e+06
     1.51197   2.811184169e+06
     1.51399   2.812301917e+06
     1.51601   2.812030435e+06
     1.51803   2.819850585e+06
     1.52006   2.796338326e+06
     1.52209   2.790618607e+06
     1.52412   2.797710307e+06
     1.52615   2.826508747e+06
     1.52819   2.842065228e+06
     1.53023   2.751828197e+06
     1.53227   2.831537489e+06
     1.53431   2.796824965e+06
     1.53636   2.845068974e+06
     1.53841   2.795161160e+06
     1.54046   2.785418787e+06
     1.54252   2.818774963e+06
     1.54457   2.843092112e+06
     1.54664   2.835462230e+06
     1.54870   2.808786586e+06
     1.55077   2.809049602e+06
     1.55283   2.801049135e+06
     1.55491   2.786425611e+06
     1.55698   2.792578805e+06
     1.55906   2.780195385e+06
     1.56114   2.829335667e+06
     1.56322   2.756440730e+06
     1.56531   2.806488249e+06
     1.56740   2.756304624e+06
     1.56949   2.755630286e+06
     1.57158   2.794807230e+06
     1.57368   2.739291005e+06
     1.57578   2.673901803e+06
     1.57788   2.684824111e+06
     1.57998   2.798641675e+06
     1.58209   2.744883423e+06
     1.58420   2.773552045e+06
     1.58632   2.745658965e+06
     1.58843   2.607433007e+06
     1.59055   2.661258604e+06
     1.59268   2.778567951e+06
     1.59480   2.769598042e+06
     1.59693   2.730396725e+06
     1.59906   2.794110303e+06
     1.60119   2.747626262e+06
     1.60333   2.772199934e+06
     1.60547   2.753405626e+06
     1.60761   2.773124986e+06
     1.60975   2.680373707e+06
     1.61190   2.726708650e+06
     1.61405   2.763915051e+06
     1.61621   2.670053402e+06
     1.61836   2.751562158e+06
     1.62052   2.694956125e+06
     1.62268   2.741692341e+06
     1.62485   2.757722753e+06
     1.62702   2.788092863e+06
     1.62919   2.764046601e+06
     1.63136   2.754891212e+06
     1.63354   2.746495584e+06
     1.63572   2.723153440e+06
     1.63790   2.644839144e+06
     1.64009   2.618757553e+06
     1.64227   2.680812081e+06
     1.64447   2.672563460e+06
     1.64666   2.715517746e+06
     1.64886   2.693281439e+06
     1.65106   2.743350923e+06
     1.65326   2.697167411e+06
     1.65547   2.673589298e+06
     1.65767   2.718477475e+06
     1.65989   2.711015264e+06
     1.66210   2.700527786e+06
     1.66432   2.652503938e+06
     1.66654   2.658505509e+06
     1.66876   2.672349493e+06
     1.67099   2.685868686e+06
     1.67322   2.635126014e+06
     1.67545   2.608488204e+06
     1.67769   2.632823763e+06
     1.67992   2.561900549e+06
     1.68217   2.537622294e+06
     1.68441   2.635020518e+06
     1.68666   2.618850709e+06
     1.68891   2.616437424e+06
     1.69116   2.638753551e+06
     1.69342   2.646969671e+06
     1.69568   2.641386278e+06
     1.69794   2.604873754e+06
     1.70020   2.563441560e+06
     1.70247   2.595147271e+06
     1.70474   2.617023797e+06
     1.70702   2.591362859e+06
     1.70930   2.595609968e+06
     1.71158   2.478228130e+06
     1.71386   2.599056169e+06
     1.71615   2.578872700e+06
     1.71844   2.589176464e+06
     1.72073   2.563003351e+06
     1.72303   2.514153998e+06
     1.72532   2.562689058e+06
     1.72763   2.533946914e+06
     1.72993   2.531337706e+06
     1.73224   2.453743823e+06
     1.73455   2.441761616e+06
     1.73687   2.373258956e+06
     1.73918   2.474777988e+06
     1.74150   2.458302849e+06
     1.74383   2.516160430e+06
     1.74615   2.443502140e+06
     1.74848   2.516000026e+06
     1.75082   2.488655178e+06
     1.75315   2.503139008e+06
     1.75549   2.493805824e+06
     1.75783   2.487843530e+06
     1.76018   2.477814699e+06
     1.76253   2.440223342e+06
     1.76488   2.455383265e+06
     1.76723   2.452198306e+06
     1.76959   2.457465194e+06
     1.77195   2.411396533e+06
     1.77432   2.444698876e+06
     1.77668   2.404555460e+06
     1.77905   2.440210241e+06
     1.78143   2.430257603e+06
     1.78380   2.412369705e+06
     1.78618   2.421665584e+06
     1.78857   2.430042218e+06
     1.79095   2.429647033e+06
     1.79334   2.376356406e+06
     1.79574   2.422072174e+06
     1.79813   2.402860959e+06
     1.80053   2.394877751e+06
     1.80293   2.372946667e+06
     1.80534   2.383414000e+06
     1.80775   2.377748721e+06
     1.81016   2.345769621e+06
     1.81258   2.363796681e+06
     1.81499   2.295350555e+06
     1.81742   2.172467502e+06
     1.81984   2.289713212e+06
     1.82227   2.313141382e+06
     1.82470   2.349908301e+06
     1.82713   2.350934237e+06
     1.82957   2.320150375e+06
     1.83201   2.335472494e+06
     1.83446   2.333714621e+06
     1.83690   2.283541361e+06
     1.83936   2.313659324e+06
     1.84181   2.256773441e+06
     1.84427   2.294200060e+06
     1.84673   2.259112298e+06
     1.84919   2.305048752e+06
     1.85166   2.285023783e+06
     1.85413   2.288899902e+06
     1.85660   2.261648362e+06
     1.85908   2.262889869e+06
     1.86156   2.275101356e+06
     1.86404   2.269949207e+06
     1.86653   2.249016643e+06
     1.86902   2.252935270e+06
     1.87152   2.201622050e+06
     1.87401   2.100056328e+06
     1.87651   1.991025208e+06
     1.87902   2.206568977e+06
     1.88152   2.231684030e+06
     1.88403   2.232416408e+06
     1.88655   2.198257404e+06
     1.88907   2.159824419e+06
     1.89159   2.175099177e+06
     1.89411   2.175087556e+06
     1.89664   2.182214909e+06
     1.89917   2.199307863e+06
     1.90170   2.206204965e+06
     1.90424   2.175141454e+06
     1.90678   2.206541903e+06
     1.90932   2.189085816e+06
     1.91187   2.163297388e+06
     1.91442   2.183616202e+06
     1.91698   2.178650760e+06
     1.91953   2.139409405e+06
     1.92209   2.161463488e+06
     1.92466   2.167913877e+06
     1.92723   2.143846784e+06
     1.92980   2.140418144e+06
     1.93237   2.130665479e+06
     1.93495   2.125382083e+06
     1.93753   2.146443073e+06
     1.94012   2.093957466e+06
     1.94271   2.028134509e+06
     1.94530   1.919479323e+06
     1.94789   2.056151047e+06
     1.95049   2.028658826e+06
     1.95310   2.110876097e+06
     1.95570   2.111865474e+06
     1.95831   2.101624469e+06
     1.96092   2.078306568e+06
     1.96354   2.065744294e+06
     1.96616   2.106174438e+06
     1.96878   2.096823538e+06
     1.97141   2.057199446e+06
     1.97404   2.060266124e+06
     1.97667   2.078348382e+06
     1.97931   2.024969140e+06
     1.98195   2.072395875e+06
     1.98460   2.039705060e+06
     1.98724   2.033005197e+06
     1.98990   2.063432650e+06
     1.99255   2.017593936e+06
     1.99521   2.049260603e+06
     1.99787   2.011126709e+06
     2.00054   2.044797000e+06
     2.00321   2.017878416e+06
     2.00588   2.015326435e+06
     2.00855   2.015090455e+06
     2.01123   2.026560203e+06
     2.01392   2.012371981e+06
     2.01660   2.016753440e+06
     2.01930   2.008259438e+06
     2.02199   1.978715728e+06
     2.02469   1.992508495e+06
     2.02739   1.982407998e+06
     2.03009   1.958777481e+06
     2.03280   1.989225243e+06
     2.03551   1.954478232e+06
     2.03823   1.947494971e+06
     2.04095   1.958028521e+06
     2.04367   1.973771360e+06
     2.04640   1.966277625e+06
     2.04913   1.967132598e+06
     2.05186   1.944565995e+06
     2.05460   1.949304548e+06
     2.05734   1.952353369e+06
     2.06009   1.906154698e+06
     2.06284   1.878859092e+06
     2.06559   1.942384643e+06
     2.06834   1.910970577e+06
     2.07110   1.895288244e+06
     2.07387   1.918323936e+06
     2.07663   1.897342177e+06
     2.07941   1.914883276e+06
     2.08218   1.897905558e+06
     2.08496   1.881327954e+06
     2.08774   1.896879076e+06
     2.09053   1.896652341e+06
     2.09331   1.861489650e+06
     2.09611   1.887114226e+06
     2.09890   1.878587915e+06
     2.10170   1.875278362e+06
     2.10451   1.887430816e+06
     2.10732   1.865698397e+06
     2.11013   1.857270351e+06
     2.11294   1.865911011e+06
     2.11576   1.838934260e+06
     2.11859   1.841291216e+06
     2.12141   1.844585370e+06
     2.12424   1.827143054e+06
     2.12708   1.835381145e+06
     2.12991   1.843242876e+06
     2.13276   1.840466295e+06
     2.13560   1.816402836e+06
     2.13845   1.833085783e+06
     2.14130   1.831856505e+06
     2.14416   1.819727648e+06
     2.14702   1.813400181e+06
     2.14989   1.815526382e+06
     2.15276   1.805259506e+06
     2.15563   1.804993468e+06
     2.15850   1.796057690e+06
     2.16138   1.775973986e+06
     2.16427   1.708852622e+06
     2.16716   1.652903806e+06
     2.17005   1.755740651e+06
     2.17294   1.770984830e+06
     2.17584   1.758085174e+06
     2.17874   1.741273259e+06
     2.18165   1.753609834e+06
     2.18456   1.770350642e+06
     2.18748   1.733142356e+06
     2.19040   1.753008961e+06
     2.19332   1.758156968e+06
     2.19624   1.753515931e+06
     2.19917   1.749146228e+06
     2.20211   1.745697430e+06
     2.20505   1.717803917e+06
     2.20799   1.692725100e+06
     2.21093   1.729096374e+06
     2.21388   1.734600914e+06
     2.21684   1.719906889e+06
     2.21980   1.727195954e+06
     2.22276   1.720940042e+06
     2.22572   1.705368622e+06
     2.22869   1.708703824e+06
     2.23167   1.706067093e+06
     2.23464   1.706070872e+06
     2.23763   1.690121380e+06
     2.24061   1.695378663e+06
     2.24360   1.688123435e+06
     2.24659   1.680513364e+06
     2.24959   1.686845361e+06
     2.25259   1.677722970e+06
     2.25560   1.653131448e+06
     2.25861   1.676150312e+06
     2.26162   1.651142733e+06
     2.26464   1.658840610e+06
     2.26766   1.664679234e+06
     2.27069   1.652565760e+06
     2.27372   1.650620115e+06
     2.27675   1.650222440e+06
     2.27979   1.626648514e+06
     2.28283   1.616406228e+06
     2.28587   1.635797311e+06
     2.28892   1.637606791e+06
     2.29198   1.624375782e+06
     2.29504   1.586057246e+06
     2.29810   1.598275131e+06
     2.30116   1.611439963e+06
     2.30423   1.606509615e+06
     2.30731   1.610091819e+06
     2.31039   1.608279773e+06
     2.31347   1.596748920e+06
     2.31656   1.595223233e+06
     2.31965   1.594383670e+06
     2.32274   1.545363112e+06
     2.32584   1.553750126e+06
     2.32894   1.568780531e+06
     2.33205   1.568024125e+06
     2.33516   1.558842218e+06
     2.33828   1.548751041e+06
     2.34140   1.564068485e+06
     2.34452   1.564912770e+06
     2.34765   1.557991476e+06
     2.35078   1.555695043e+06
     2.35392   1.490717576e+06
     2.35706   1.516737880e+06
     2.36021   1.529092966e+06
     2.36335   1.534377097e+06
     2.36651   1.532376176e+06
     2.36967   1.523599862e+06
     2.37283   1.500988739e+06
     2.37599   1.516574978e+06
     2.37916   1.525496618e+06
     2.38234   1.485588785e+06
     2.38552   1.448301272e+06
     2.38870   1.492994917e+06
     2.39189   1.494659243e+06
     2.39508   1.497860977e+06
     2.39827   1.496972745e+06
     2.40147   1.485245041e+06
     2.40468   1.491837060e+06
     2.40788   1.491349659e+06
     2.41110   1.489412119e+06
     2.41431   1.439261909e+06
     2.41754   1.438917071e+06
     2.42076   1.464314156e+06
     2.42399   1.456603273e+06
     2.42723   1.457832895e+06
     2.43046   1.459773417e+06
     2.43371   1.452170402e+06
     2.43695   1.446080285e+06
     2.44020   1.453754859e+06
     2.44346   1.451689807e+06
     2.44672   1.414965689e+06
     2.44999   1.418680555e+06
     2.45325   1.419194693e+06
     2.45653   1.390813908e+06
     2.45980   1.435301453e+06
     2.46309   1.431353519e+06
     2.46637   1.425981495e+06
     2.46966   1.400093517e+06
     2.47296   1.410073278e+06
     2.47626   1.411829393e+06
     2.47956   1.375678275e+06
     2.48287   1.379615345e+06
     2.48618   1.364094561e+06
     2.48950   1.394540802e+06
     2.49282   1.392779383e+06
     2.49615   1.389387701e+06
     2.49948   1.385122932e+06
     2.50281   1.381109179e+06
     2.50615   1.388686041e+06
     2.50950   1.371659456e+06
     2.51284   1.366518884e+06
     2.51620   1.367809482e+06
     2.51955   1.368525949e+06
     2.52292   1.369507522e+06
     2.52628   1.365098991e+06
     2.52965   1.363691335e+06
     2.53303   1.364158243e+06
     2.53641   1.354807542e+06
     2.53979   1.341637858e+06
     2.54318   1.326732278e+06
     2.54657   1.334570214e+06
     2.54997   1.328128497e+06
     2.55337   1.314681478e+06
     2.55678   1.309640714e+06
     2.56019   1.333554375e+06
     2.56361   1.318501911e+06
     2.56703   1.317030143e+06
     2.57045   1.328578393e+06
     2.57388   1.323086909e+06
     2.57732   1.324927362e+06
     2.58076   1.319570010e+06
     2.58420   1.300342885e+06
     2.58765   1.297145158e+06
     2.59110   1.316681630e+06
     2.59456   1.307577531e+06
     2.59802   1.306160819e+06
     2.60148   1.306751947e+06
     2.60495   1.302132907e+06
     2.60843   1.297090741e+06
     2.61191   1.295777462e+06
     2.61540   1.292321674e+06
     2.61889   1.279516220e+06
     2.62238   1.258040774e+06
     2.62588   1.196719786e+06
     2.62938   1.266841263e+06
     2.63289   1.272322456e+06
     2.63640   1.276595989e+06
     2.63992   1.243333930e+06
     2.64344   1.262249345e+06
     2.64697   1.266091696e+06
     2.65050   1.262649913e+06
     2.65404   1.246407543e+06
     2.65758   1.260456218e+06
     2.66112   1.252128698e+06
     2.66467   1.237305739e+06
     2.66823   1.244065030e+06
     2.67179   1.246708049e+06
     2.67535   1.238338078e+06
     2.67892   1.241387791e+06
     2.68250   1.242733191e+06
     2.68608   1.242387619e+06
     2.68966   1.234736771e+06
     2.69325   1.233036176e+06
     2.69684   1.229027406e+06
     2.70044   1.226086539e+06
     2.70404   1.229157849e+06
     2.70765   1.218918919e+06
     2.71127   1.218193027e+06
     2.71488   1.219077523e+06
     2.71850   1.215070542e+06
     2.72213   1.211310644e+06
     2.72576   1.206186690e+06
     2.72940   1.208269901e+06
     2.73304   1.203630838e+06
     2.73669   1.202249419e+06
     2.74034   1.191313979e+06
     2.74400   1.197207682e+06
     2.74766   1.192113809e+06
     2.75132   1.191626759e+06
     2.75499   1.181536984e+06
     2.75867   1.172975698e+06
     2.76235   1.180300009e+06
     2.76604   1.177761378e+06
     2.76973   1.176188064e+06
     2.77342   1.172064436e+06
     2.77712   1.169316987e+06
     2.78083   1.168018221e+06
     2.78454   1.166627123e+06
     2.78825   1.165787953e+06
     2.79197   1.161726045e+06
     2.79570   1.161362102e+06
     2.79943   1.158566314e+06
     2.80316   1.153848946e+06
     2.80690   1.152978506e+06
     2.81065   1.150718922e+06
     2.81440   1.146642742e+06
     2.81815   1.144187937e+06
     2.82191   1.143389746e+06
     2.82568   1.135864080e+06
     2.82945   1.136545730e+06
     2.83322   1.134896591e+06
     2.83700   1.132650963e+06
     2.84079   1.124024008e+06
     2.84458   1.124028774e+06
     2.84838   1.126141287e+06
     2.85218   1.117806915e+06
     2.85598   1.114454245e+06
     2.85979   1.113935779e+06
     2.86361   1.111846148e+06
     2.86743   1.107986116e+06
     2.87125   1.088688664e+06
     2.87508   1.095327636e+06
     2.87892   1.101465441e+06
     2.88276   1.100113331e+06
     2.88661   1.089342908e+06
     2.89046   1.095846175e+06
     2.89432   1.093648233e+06
     2.89818   1.090427034e+06
     2.90204   1.085718603e+06
     2.90592   1.082070435e+06
     2.90979   1.083592701e+06
     2.91368   1.081952997e+06
     2.91756   1.078351277e+06
     2.92146   1.073241736e+06
     2.92535   1.066121894e+06
     2.92926   1.067773712e+06
     2.93317   1.065399012e+06
     2.93708   1.062526929e+06
     2.94100   1.064504695e+06
     2.94492   1.057611806e+06
     2.94885   1.054038917e+06
     2.95278   1.056999168e+06
     2.95672   1.053384742e+06
     2.96067   1.050052843e+06
     2.96462   1.047168857e+06
     2.96858   1.044527929e+06
     2.97254   1.043832384e+06
     2.97650   1.041496270e+06
     2.98047   1.037851599e+06
     2.98445   1.038068154e+06
     2.98843   1.031565000e+06
     2.99242   1.031771314e+06
     2.99641   1.025845982e+06
     3.00041   1.020561045e+06
     3.00441   1.013214565e+06
     3.00842   1.008440573e+06
     3.01244   1.009772832e+06
     3.01645   1.005104609e+06
     3.02048   1.000894430e+06
     3.02451   9.988998643e+05
     3.02854   9.971715288e+05
     3.03259   9.900440757e+05
     3.03663   9.847324674e+05
     3.04068   9.723502028e+05
     3.04474   9.845497207e+05
     3.04880   9.838643298e+05
     3.05287   9.824847146e+05
     3.05694   9.815142113e+05
     3.06102   9.818129839e+05
     3.06511   9.732057118e+05
     3.06920   9.730178014e+05
     3.07329   9.733759180e+05
     3.07739   9.716615436e+05
     3.08150   9.644159804e+05
     3.08561   9.626202772e+05
     3.08972   9.619800999e+05
     3.09385   9.625879017e+05
     3.09798   9.552329409e+05
     3.10211   9.586268275e+05
     3.10625   9.543303837e+05
     3.11039   9.539741302e+05
     3.11454   9.294685344e+05
     3.11870   9.481284478e+05
     3.12286   9.464852030e+05
     3.12703   9.424186152e+05
     3.13120   9.396958933e+05
     3.13537   9.363674231e+05
     3.13956   9.358245711e+05
     3.14375   9.345232622e+05
     3.14794   9.325062671e+05
     3.15214   9.214808373e+05
     3.15635   9.275411303e+05
     3.16056   9.244192391e+05
     3.16478   9.238851023e+05
     3.16900   9.149678808e+05
     3.17323   9.186715591e+05
     3.17746   9.132753368e+05
     3.18170   9.066090979e+05
     3.18594   9.138177523e+05
     3.19020   9.111171308e+05
     3.19445   9.085408149e+05
     3.19871   9.061137964e+05
     3.20298   8.992646995e+05
     3.20725   9.005380644e+05
     3.21153   8.997753842e+05
     3.21582   8.947042155e+05
     3.22011   8.965430749e+05
     3.22441   8.927361647e+05
     3.22871   8.892379347e+05
     3.23302   8.840689592e+05
     3.23733   8.868744955e+05
     3.24165   8.811016205e+05
     3.24597   8.822403895e+05
     3.25030   8.805688730e+05
     3.25464   8.790519464e+05
     3.25898   8.778662033e+05
     3.26333   8.750123651e+05
     3.26769   8.732347723e+05
     3.27205   8.707554919e+05
     3.27641   8.689493306e+05
     3.28078   8.634020403e+05
     3.28516   8.606344492e+05
     3.28954   8.589362656e+05
     3.29393   8.512732298e+05
     3.29833   8.417809402e+05
     3.30273   8.535209450e+05
     3.30713   8.533794475e+05
     3.31155   8.519497911e+05
     3.31597   8.481058852e+05
     3.32039   8.240596167e+05
     3.32482   8.424030679e+05
     3.32926   8.421146342e+05
     3.33370   8.419669821e+05
     3.33815   8.352330607e+05
     3.34260   8.330839085e+05
     3.34706   8.365016176e+05
     3.35152   8.314844027e+05
     3.35600   8.309858360e+05
     3.36047   8.309002666e+05
     3.36496   8.256162890e+05
     3.36945   8.215429424e+05
     3.37394   8.213373376e+05
     3.37844   8.193296399e+05
     3.38295   8.178903073e+05
     3.38747   8.184135463e+05
     3.39199   8.110400517e+05
     3.39651   7.960491967e+05
     3.40104   8.034839444e+05
     3.40558   8.087940566e+05
     3.41012   8.042302594e+05
     3.41467   7.970548625e+05
     3.41923   8.026410560e+05
     3.42379   8.007345279e+05
     3.42836   7.978763512e+05
     3.43293   7.980142072e+05
     3.43751   7.957745504e+05
     3.44210   7.934058357e+05
     3.44669   7.922402019e+05
     3.45129   7.902408419e+05
     3.45590   7.866989770e+05
     3.46051   7.853349856e+05
     3.46513   7.841539151e+05
     3.46975   7.835699928e+05
     3.47438   7.792886987e+05
     3.47901   7.796611058e+05
     3.48366   7.775960818e+05
     3.48830   7.740635020e+05
     3.49296   7.696863245e+05
     3.49762   7.714631598e+05
     3.50228   7.673849355e+05
     3.50696   7.677845137e+05
     3.51164   7.604316896e+05
     3.51632   7.606382966e+05
     3.52101   7.593476288e+05
     3.52571   7.574885039e+05
     3.53042   7.565055122e+05
     3.53513   7.547353289e+05
     3.53984   7.475459081e+05
     3.54456   7.505058334e+05
     3.54929   7.508851705e+05
     3.55403   7.478087284e+05
     3.55877   7.455763828e+05
     3.56352   7.473048105e+05
     3.56827   7.440537302e+05
     3.57304   7.362471475e+05
     3.57780   7.372813864e+05
     3.58258   7.367327696e+05
     3.58736   7.346211770e+05
     3.59214   7.349581936e+05
     3.59694   7.318461560e+05
     3.60173   7.316168970e+05
     3.60654   7.306279398e+05
     3.61135   7.287147009e+05
     3.61617   7.265711912e+05
     3.62099   7.252327385e+05
     3.62583   7.219235973e+05
     3.63066   7.177937424e+05
     3.63551   7.178633473e+05
     3.64036   7.169914845e+05
     3.64522   7.129895673e+05
     3.65008   7.121678556e+05
     3.65495   7.043465712e+05
     3.65983   7.047642960e+05
     3.66471   7.083768952e+05
     3.66960   7.021902466e+05
     3.67449   7.062796995e+05
     3.67940   6.923464055e+05
     3.68431   6.909918289e+05
     3.68922   6.997773711e+05
     3.69414   6.963197525e+05
     3.69907   6.920332216e+05
     3.70401   6.937695942e+05
     3.70895   6.900259635e+05
     3.71390   6.924182469e+05
     3.71885   6.907724388e+05
     3.72382   6.868437027e+05
     3.72878   6.851349923e+05
     3.73376   6.800818582e+05
     3.73874   6.703742957e+05
     3.74373   6.700262345e+05
     3.74872   6.783671831e+05
     3.75373   6.712094594e+05
     3.75873   6.766743916e+05
     3.76375   6.744993510e+05
     3.76877   6.726093041e+05
     3.77380   6.724023060e+05
     3.77883   6.694256532e+05
     3.78388   6.667238417e+05
     3.78892   6.673526823e+05
     3.79398   6.657245591e+05
     3.79904   6.643227970e+05
     3.80411   6.624681919e+05
     3.80919   6.604472719e+05
     3.81427   6.564745413e+05
     3.81936   6.474695289e+05
     3.82445   6.555183292e+05
     3.82956   6.547038879e+05
     3.83467   6.495736334e+05
     3.83978   6.509741853e+05
     3.84490   6.500278259e+05
     3.85003   6.478905418e+05
     3.85517   6.454984267e+05
     3.86031   6.435592145e+05
     3.86547   6.395571542e+05
     3.87062   6.379846243e+05
     3.87579   6.398395163e+05
     3.88096   6.376237464e+05
     3.88614   6.313667768e+05
     3.89132   6.347756286e+05
     3.89651   6.297249046e+05
     3.90171   6.317477036e+05
     3.90692   6.299485223e+05
     3.91213   6.279675932e+05
     3.91735   6.277071574e+05
     3.92258   6.258508524e+05
     3.92781   6.247818604e+05
     3.93305   6.213185809e+05
     3.93830   6.212705425e+05
     3.94355   6.197363521e+05
     3.94881   6.177944280e+05
     3.95408   6.125833683e+05
     3.95936   6.123473700e+05
     3.96464   6.138094961e+05
     3.96993   6.136222108e+05
     3.97523   6.115597544e+05
     3.98053   6.089825892e+05
     3.98584   6.045376601e+05
     3.99116   6.054366239e+05
     3.99649   6.030731004e+05
     4.00182   6.013272803e+05
     4.00716   6.029219737e+05
     4.01250   5.992200643e+05
     4.01786   5.946498072e+05
     4.02322   5.969324307e+05
     4.02859   5.960759647e+05
     4.03396   5.937206699e+05
     4.03934   5.938228795e+05
     4.04473   5.883029031e+05
     4.05013   5.774334255e+05
     4.05553   5.826093102e+05
     4.06094   5.875938610e+05
     4.06636   5.798095776e+05
     4.07179   5.670399452e+05
     4.07722   5.756789321e+05
     4.08266   5.814673555e+05
     4.08811   5.773070555e+05
     4.09356   5.789823593e+05
     4.09902   5.770472151e+05
     4.10449   5.767663843e+05
     4.10997   5.705250168e+05
     4.11545   5.725375492e+05
     4.12094   5.723406004e+05
     4.12644   5.714099295e+05
     4.13195   5.682903908e+05
     4.13746   5.673089472e+05
     4.14298   5.637781405e+05
     4.14851   5.627232755e+05
     4.15404   5.631916565e+05
     4.15959   5.622550428e+05
     4.16514   5.599011205e+05
     4.17069   5.562324471e+05
     4.17626   5.554170849e+05
     4.18183   5.518906763e+05
     4.18741   5.546564149e+05
     4.19300   5.509969207e+05
     4.19859   5.515747347e+05
     4.20419   5.403957326e+05
     4.20980   5.470709187e+05
     4.21542   5.488279025e+05
     4.22104   5.475254235e+05
     4.22667   5.464490874e+05
     4.23231   5.446723044e+05
     4.23796   5.438904480e+05
     4.24361   5.418027682e+05
     4.24928   5.387568721e+05
     4.25495   5.392755263e+05
     4.26062   5.383289003e+05
     4.26631   5.369093694e+05
     4.27200   5.352916219e+05
     4.27770   5.346801439e+05
     4.28341   5.320780019e+05
     4.28912   5.317683299e+05
     4.29484   5.119870694e+05
     4.30058   5.130267232e+05
     4.30631   5.144543579e+05
     4.31206   5.169187193e+05
     4.31781   5.170452838e+05
     4.32357   5.168612903e+05
     4.32934   5.135081054e+05
     4.33512   5.134838347e+05
     4.34090   5.130051712e+05
     4.34669   5.100132183e+05
     4.35249   4.881334066e+05
     4.35830   4.981962154e+05
     4.36412   4.990864583e+05
     4.36994   4.979932064e+05
     4.37577   4.987058225e+05
     4.38161   4.984507274e+05
     4.38745   4.985422851e+05
     4.39331   4.968004548e+05
     4.39917   4.953009341e+05
     4.40504   4.826055224e+05
     4.41091   4.740490632e+05
     4.41680   4.827069544e+05
     4.42269   4.825563217e+05
     4.42859   4.811986745e+05
     4.43450   4.810275003e+05
     4.44042   4.857650420e+05
     4.44634   4.800692610e+05
     4.45228   4.805393831e+05
     4.45822   4.809575209e+05
     4.46416   4.659989110e+05
     4.47012   4.660261269e+05
     4.47609   4.693517775e+05
     4.48206   4.731945787e+05
     4.48804   4.652696219e+05
     4.49403   4.699622850e+05
     4.50002   4.704626717e+05
     4.50603   4.689620207e+05
     4.51204   4.647956792e+05
     4.51806   4.676863690e+05
     4.52409   4.558340787e+05
     4.53012   4.511029089e+05
     4.53617   4.606146900e+05
     4.54222   4.577381933e+05
     4.54828   4.559449215e+05
     4.55435   4.552031429e+05
     4.56042   4.554333247e+05
     4.56651   4.577785130e+05
     4.57260   4.542171682e+05
     4.57870   4.504076909e+05
     4.58481   4.481680095e+05
     4.59093   4.443447985e+05
     4.59705   4.444903944e+05
     4.60319   4.443939742e+05
     4.60933   4.458646930e+05
     4.61548   4.443689828e+05
     4.62164   4.467698118e+05
     4.62780   4.405141543e+05
     4.63398   4.458624197e+05
     4.64016   4.395602689e+05
     4.64635   4.392665522e+05
     4.65255   4.290852882e+05
     4.65876   4.323978837e+05
     4.66497   4.377318080e+05
     4.67120   4.380807910e+05
     4.67743   4.355142031e+05
     4.68367   4.320407097e+05
     4.68992   4.345342328e+05
     4.69618   4.364749678e+05
     4.70244   4.319641182e+05
     4.70872   4.309113124e+05
     4.71500   4.264854538e+05
     4.72129   4.282009237e+05
     4.72759   4.273888211e+05
     4.73390   4.259310168e+05
     4.74021   4.251781137e+05
     4.74654   4.293403579e+05
     4.75287   4.221714135e+05
     4.75921   4.259600883e+05
     4.76556   4.204509517e+05
     4.77192   4.222695098e+05
     4.77829   4.162489057e+05
     4.78466   4.167016432e+05
     4.79105   4.209624401e+05
     4.79744   4.193493192e+05
     4.80384   4.127957288e+05
     4.81025   4.168940050e+05
     4.81667   4.114272034e+05
     4.82309   4.140431712e+05
     4.82953   4.153816894e+05
     4.83597   4.107679862e+05
     4.84242   4.100043854e+05
     4.84889   4.122552513e+05
     4.85535   4.061376347e+05
     4.86183   4.084941456e+05
     4.86832   4.089878807e+05
     4.87481   4.014075442e+05
     4.88132   4.072583389e+05
     4.88783   4.018462634e+05
     4.89435   4.067158556e+05
     4.90088   4.025261997e+05
     4.90742   3.994235963e+05
     4.91397   3.996253717e+05
     4.92053   4.002422765e+05
     4.92709   3.973517143e+05
     4.93367   3.972420284e+05
     4.94025   3.974760976e+05
     4.94684   3.922028892e+05
     4.95344   3.965124952e+05
     4.96005   3.917238229e+05
     4.96667   3.942367397e+05
     4.97329   3.940488461e+05
     4.97993   3.904611637e+05
     4.98657   3.917525959e+05
     4.99323   3.860437226e+05
     4.99989   3.880582041e+05
     5.00656   3.877629682e+05
     5.01324   3.849952662e+05
     5.01993   3.844982523e+05
     5.02663   3.855062576e+05
     5.03333   3.834502297e+05
     5.04005   3.839757950e+05
     5.04677   3.840391853e+05
     5.05351   3.789846852e+05
     5.06025   3.832920650e+05
     5.06700   3.774929893e+05
     5.07376   3.804579095e+05
     5.08053   3.744369597e+05
     5.08731   3.783793004e+05
     5.09410   3.742963228e+05
     5.10089   3.755459313e+05
     5.10770   3.700362688e+05
     5.11451   3.776272291e+05
     5.12134   3.685100944e+05
     5.12817   3.737427646e+05
     5.13501   3.655677516e+05
     5.14186   3.711579792e+05
     5.14872   3.684949014e+05
     5.15559   3.691357709e+05
     5.16247   3.663632342e+05
     5.16936   3.670571701e+05
     5.17626   3.680032555e+05
     5.18316   3.649945052e+05
     5.19008   3.619044860e+05
     5.19700   3.644410181e+05
     5.20394   3.609856661e+05
     5.21088   3.590848844e+05
     5.21783   3.630410108e+05
     5.22479   3.566946086e+05
     5.23177   3.608747385e+05
     5.23875   3.576272107e+05
     5.24574   3.562953893e+05
     5.25273   3.580755027e+05
     5.25974   3.525631828e+05
     5.26676   3.542645447e+05
     5.27379   3.562570506e+05
     5.28082   3.517432959e+05
     5.28787   3.539063648e+05
     5.29493   3.487312575e+05
     5.30199   3.518118639e+05
     5.30906   3.481811573e+05
     5.31615   3.496074811e+05
     5.32324   3.462665133e+05
     5.33034   3.478403756e+05
     5.33745   3.459755414e+05
     5.34458   3.431881181e+05
     5.35171   3.437228955e+05
     5.35885   3.425092907e+05
     5.36600   3.411925841e+05
     5.37316   3.425391629e+05
     5.38033   3.384847997e+05
     5.38750   3.419942079e+05
     5.39469   3.392455836e+05
     5.40189   3.391542566e+05
     5.40910   3.373039525e+05
     5.41631   3.399360273e+05
     5.42354   3.361254411e+05
     5.43078   3.371774305e+05
     5.43802   3.330463231e+05
     5.44528   3.358367866e+05
     5.45254   3.313832011e+05
     5.45982   3.330434145e+05
     5.46710   3.312976860e+05
     5.47440   3.308959317e+05
     5.48170   3.309015803e+05
     5.48902   3.290941373e+05
     5.49634   3.303747985e+05
     5.50367   3.335964064e+05
     5.51102   3.328318567e+05
     5.51837   3.320692406e+05
     5.52573   3.313081820e+05
     5.53310   3.305485765e+05
     5.54049   3.297903205e+05
     5.54788   3.290337250e+05
     5.55528   3.282789663e+05
     5.56269   3.275256613e+05
     5.57011   3.267737042e+05
     5.57755   3.260234085e+05
     5.58499   3.252748113e+05
     5.59244   3.245276643e+05
     5.59990   3.237820023e+05
     5.60737   3.230377170e+05
     5.61485   3.222952688e+05
     5.62235   3.215544086e+05
     5.62985   3.208148859e+05
     5.63736   3.200770189e+05
     5.64488   3.193404125e+05
     5.65241   3.186056741e+05
     5.65995   3.178722642e+05
     5.66750   3.171402133e+05
     5.67507   3.164101356e+05
     5.68264   3.156814868e+05
     5.69022   3.149541528e+05
     5.69781   3.142283122e+05
     5.70541   3.135041461e+05
     5.71303   3.127812471e+05
     5.72065   3.120602373e+05
     5.72828   3.113402652e+05
     5.73592   3.106222507e+05
     5.74358   3.099053380e+05
     5.75124   3.091901537e+05
     5.75891   3.084764344e+05
     5.76660   3.077640628e+05
     5.77429   3.070535208e+05
     5.78200   3.063440914e+05
     5.78971   3.056362575e+05
     5.79743   3.049300533e+05
     5.80517   3.042252087e+05
     5.81292   3.035220599e+05
     5.82067   3.028200297e+05
     5.82844   3.021194544e+05
     5.83621   3.014206745e+05
     5.84400   3.007232624e+05
     5.85180   3.000270950e+05
     5.85960   2.993326685e+05
     5.86742   2.986397052e+05
     5.87525   2.979477712e+05
     5.88309   2.972578321e+05
     5.89094   2.965689842e+05
     5.89880   2.958817281e+05
     5.90667   2.951959398e+05
     5.91455   2.945114925e+05
     5.92244   2.938285767e+05
     5.93034   2.931472244e+05
     5.93826   2.924669901e+05
     5.94618   2.917883827e+05
     5.95411   2.911111145e+05
     5.96206   2.904353781e+05
     5.97001   2.897610423e+05
     5.97798   2.890879792e+05
     5.98595   2.884167038e+05
     5.99394   2.877464389e+05
     6.00194   2.870778630e+05
     6.00994   2.864105199e+05
     6.01796   2.857447672e+05
     6.02599   2.850804724e+05
     6.03403   2.844173390e+05
     6.04208   2.837557243e+05
     6.05014   2.830954964e+05
     6.05822   2.824368505e+05
     6.06630   2.817793201e+05
     6.07439   2.811232680e+05
     6.08250   2.804687240e+05
     6.09061   2.798153860e+05
     6.09874   2.791636178e+05
     6.10688   2.785131149e+05
     6.11502   2.778640753e+05
     6.12318   2.772163610e+05
     6.13135   2.765700019e+05
     6.13953   2.759251976e+05
     6.14773   2.752814678e+05
     6.15593   2.746393535e+05
     6.16414   2.739983721e+05
     6.17237   2.733588954e+05
     6.18060   2.727209554e+05
     6.18885   2.720842355e+05
     6.19710   2.714489395e+05
     6.20537   2.708147480e+05
     6.21365   2.701822140e+05
     6.22194   2.695508432e+05
     6.23024   2.689208392e+05
     6.23856   2.682922318e+05
     6.24688   2.676648747e+05
     6.25522   2.670393270e+05
     6.26356   2.664145573e+05
     6.27192   2.657911243e+05
     6.28029   2.651692346e+05
     6.28867   2.645487407e+05
     6.29706   2.639293143e+05
     6.30546   2.633117001e+05
     6.31387   2.626950305e+05
     6.32229   2.620798734e+05
     6.33073   2.614657151e+05
     6.33918   2.608531276e+05
     6.34763   2.602417763e+05
     6.35610   2.596316901e+05
     6.36458   2.590232627e+05
     6.37308   2.584159753e+05
     6.38158   2.578098544e+05
     6.39009   2.572051126e+05
     6.39862   2.566015925e+05
     6.40716   2.559995090e+05
     6.41570   2.553983312e+05
     6.42426   2.547988318e+05
     6.43284   2.542006681e+05
     6.44142   2.536038673e+05
     6.45001   2.530080826e+05
     6.45862   2.524135285e+05
     6.46724   2.518204211e+05
     6.47587   2.512286003e+05
     6.48451   2.506380930e+05
     6.49316   2.500487374e+05
     6.50182   2.494607515e+05
     6.51050   2.488739716e+05
     6.51918   2.482884247e+05
     6.52788   2.477043301e+05
     6.53659   2.471213318e+05
     6.54531   2.465398422e+05
     6.55404   2.459593080e+05
     6.56279   2.453803379e+05
     6.57154   2.448023774e+05
     6.58031   2.442256451e+05
     6.58909   2.436501695e+05
     6.59788   2.430761741e+05
     6.60669   2.425030959e+05
     6.61550   2.419315522e+05
     6.62433   2.413609775e+05
     6.63317   2.407919933e+05
     6.64202   2.402242286e+05
     6.65088   2.396575128e+05
     6.65975   2.390918695e+05
     6.66864   2.385277261e+05
     6.67753   2.379645062e+05
     6.68644   2.374030428e+05
     6.69537   2.368423533e+05
     6.70430   2.362830700e+05
     6.71324   2.357250172e+05
     6.72220   2.351680166e+05
     6.73117   2.346122976e+05
     6.74015   2.340576824e+05
     6.74914   2.335046069e+05
     6.75815   2.329526876e+05
     6.76716   2.324019500e+05
     6.77619   2.318520048e+05
     6.78523   2.313037069e+05
     6.79429   2.307566682e+05
     6.80335   2.302104966e+05
     6.81243   2.296656345e+05
     6.82152   2.291218991e+05
     6.83062   2.285795247e+05
     6.83973   2.280381170e+05
     6.84886   2.274983344e+05
     6.85800   2.269591441e+05
     6.86715   2.264216313e+05
     6.87631   2.258851853e+05
     6.88548   2.253498297e+05
     6.89467   2.248153742e+05
     6.90387   2.242827040e+05
     6.91308   2.237507686e+05
     6.92231   2.232200231e+05
     6.93154   2.226904928e+05
     6.94079   2.221624198e+05
     6.95005   2.216349595e+05
     6.95932   2.211090067e+05
     6.96861   2.205841510e+05
     6.97791   2.200606358e+05
     6.98722   2.195380470e+05
     6.99654   2.190166276e+05
     7.00587   2.184966249e+05
     7.01522   2.179771756e+05
     7.02458   2.174591918e+05
     7.03395   2.169424765e+05
     7.04334   2.164268311e+05
     7.05274   2.159122794e+05
     7.06215   2.153988450e+05
     7.07157   2.148865528e+05
     7.08100   2.143754259e+05
     7.09045   2.138654899e+05
     7.09991   2.133567682e+05
     7.10938   2.128486010e+05
     7.11887   2.123421528e+05
     7.12837   2.118365333e+05
     7.13788   2.113324550e+05
     7.14740   2.108290222e+05
     7.15694   2.103269487e+05
     7.16649   2.098260278e+05
     7.17605   2.093260515e+05
     7.18562   2.088275084e+05
     7.19521   2.083297230e+05
     7.20481   2.078327157e+05
     7.21442   2.073372134e+05
     7.22405   2.068430068e+05
     7.23369   2.063494106e+05
     7.24334   2.058573941e+05
     7.25300   2.053662699e+05
     7.26268   2.048762989e+05
     7.27237   2.043872650e+05
     7.28207   2.038991909e+05
     7.29179   2.034125786e+05
     7.30152   2.029267317e+05
     7.31126   2.024426366e+05
     7.32101   2.019591110e+05
     7.33078   2.014766589e+05
     7.34056   2.009953033e+05
     7.35036   2.005145792e+05
     7.36016   2.000354843e+05
     7.36998   1.995570641e+05
     7.37982   1.990803229e+05
     7.38966   1.986040545e+05
     7.39952   1.981290184e+05
     7.40940   1.976552384e+05
     7.41928   1.971824900e+05
     7.42918   1.967105465e+05
     7.43909   1.962396777e+05
     7.44902   1.957701566e+05
     7.45896   1.953015053e+05
     7.46891   1.948342489e+05
     7.47887   1.943674006e+05
     7.48885   1.939019926e+05
     7.49884   1.934375401e+05
     7.50885   1.929740652e+05
     7.51887   1.925115899e+05
     7.52890   1.920503910e+05
     7.53894   1.915899791e+05
     7.54900   1.911306316e+05
     7.55908   1.906723704e+05
     7.56916   1.902149593e+05
     7.57926   1.897589365e+05
     7.58937   1.893038071e+05
     7.59950   1.888495908e+05
     7.60964   1.883965710e+05
     7.61979   1.879445073e+05
     7.62996   1.874931581e+05
     7.64014   1.870430696e+05
     7.65033   1.865942652e+05
     7.66054   1.861459731e+05
     7.67076   1.856990080e+05
     7.68099   1.852528603e+05
     7.69124   1.848078176e+05
     7.70150   1.843639009e+05
     7.71178   1.839205954e+05
     7.72207   1.834789963e+05
     7.73237   1.830377807e+05
     7.74269   1.825977755e+05
     7.75302   1.821584618e+05
     7.76336   1.817206738e+05
     7.77372   1.812833451e+05
     7.78409   1.808473128e+05
     7.79448   1.804120518e+05
     7.80488   1.799778562e+05
     7.81529   1.795447470e+05
     7.82572   1.791127456e+05
     7.83616   1.786815961e+05
     7.84661   1.782513184e+05
     7.85708   1.778219318e+05
     7.86757   1.773934564e+05
     7.87806   1.769661916e+05
     7.88858   1.765395981e+05
     7.89910   1.761145401e+05
     7.90964   1.756901926e+05
     7.92019   1.752665750e+05
     7.93076   1.748439896e+05
     7.94134   1.744224570e+05
     7.95194   1.740019980e+05
     7.96255   1.735820603e+05
     7.97317   1.731635231e+05
     7.98381   1.727455447e+05
     7.99446   1.723287201e+05
     8.00513   1.719127808e+05
     8.01581   1.714980370e+05
     8.02650   1.710842184e+05
     8.03721   1.706707619e+05
     8.04794   1.702591449e+05
     8.05867   1.698476341e+05
     8.06942   1.694377135e+05
     8.08019   1.690282278e+05
     8.09097   1.686200795e+05
     8.10177   1.682124020e+05
     8.11258   1.678058058e+05
     8.12340   1.674003110e+05
     8.13424   1.669953411e+05
     8.14509   1.665918109e+05
     8.15596   1.661891425e+05
     8.16684   1.657873555e+05
     8.17774   1.653861656e+05
     8.18865   1.649861959e+05
     8.19957   1.645868602e+05
     8.21051   1.641887843e+05
     8.22147   1.637913791e+05
     8.23244   1.633949682e+05
     8.24342   1.629992642e+05
     8.25442   1.626048997e+05
     8.26543   1.622106625e+05
     8.27646   1.618178030e+05
     8.28750   1.614263439e+05
     8.29856   1.610350630e+05
     8.30963   1.605961671e+05
     8.32072   1.602072797e+05
     8.33182   1.598185176e+05
     8.34294   1.593832331e+05
     8.35407   1.589966765e+05
     8.36522   1.586113478e+05
     8.37638   1.582269517e+05
     8.38755   1.578428713e+05
     8.39874   1.574597575e+05
     8.40995   1.570779491e+05
     8.42117   1.566968265e+05
     8.43241   1.563170493e+05
     8.44366   1.559370284e+05
     8.45492   1.555587110e+05
     8.46620   1.551811508e+05
     8.47750   1.548046885e+05
     8.48881   1.544283681e+05
     8.50014   1.540531807e+05
     8.51148   1.536791470e+05
     8.52283   1.533059581e+05
     8.53421   1.529339613e+05
     8.54559   1.525618563e+05
     8.55699   1.521913089e+05
     8.56841   1.518210144e+05
     8.57984   1.514519830e+05
     8.59129   1.510842377e+05
     8.60275   1.507167943e+05
     8.61423   1.503496668e+05
     8.62572   1.499845495e+05
     8.63723   1.496194459e+05
     8.64876   1.492553822e+05
     8.66030   1.488923758e+05
     8.67185   1.485301071e+05
     8.68342   1.481685918e+05
     8.69501   1.478081889e+05
     8.70661   1.474478894e+05
     8.71822   1.470890798e+05
     8.72986   1.467314364e+05
     8.74150   1.463735995e+05
     8.75317   1.460169612e+05
     8.76485   1.456611962e+05
     8.77654   1.453066687e+05
     8.78825   1.449523520e+05
     8.79998   1.445989590e+05
     8.81172   1.442468578e+05
     8.82347   1.438950123e+05
     8.83525   1.435441427e+05
     8.84703   1.431946194e+05
     8.85884   1.428453990e+05
     8.87066   1.424969221e+05
     8.88249   1.421492753e+05
     8.89434   1.418025116e+05
     8.90621   1.414565046e+05
     8.91809   1.411113783e+05
     8.92999   1.407669699e+05
     8.94191   1.404234756e+05
     8.95384   1.400806591e+05
     8.96578   1.397386815e+05
     8.97775   1.393974864e+05
     8.98972   1.390570536e+05
     9.00172   1.387174723e+05
     9.01373   1.383786494e+05
     9.02576   1.380406004e+05
     9.03780   1.377033788e+05
     9.04986   1.373668526e+05
     9.06193   1.370311488e+05
     9.07402   1.366962464e+05
     9.08613   1.363621247e+05
     9.09825   1.360287243e+05
     9.11039   1.356961362e+05
     9.12255   1.353643012e+05
     9.13472   1.350333107e+05
     9.14691   1.347029916e+05
     9.15911   1.343734731e+05
     9.17133   1.340447709e+05
     9.18357   1.337167491e+05
     9.19582   1.333895370e+05
     9.20809   1.330630743e+05
     9.22037   1.327373378e+05
     9.23268   1.324124202e+05
     9.24499   1.320882214e+05
     9.25733   1.317647956e+05
     9.26968   1.314421195e+05
     9.28205   1.311201694e+05
     9.29443   1.307990000e+05
     9.30683   1.304785873e+05
     9.31925   1.301589078e+05
     9.33168   1.298399374e+05
     9.34414   1.295217303e+05
     9.35660   1.292043019e+05
     9.36909   1.288875489e+05
     9.38159   1.285716052e+05
     9.39410   1.282563270e+05
     9.40664   1.279418087e+05
     9.41919   1.276280257e+05
     9.43176   1.273149929e+05
     9.44434   1.270026851e+05
     9.45694   1.266911173e+05
     9.46956   1.263802234e+05
     9.48219   1.260701401e+05
     9.49484   1.257606787e+05
     9.50751   1.254520577e+05
     9.52020   1.251440473e+05
     9.53290   1.248368663e+05
     9.54562   1.245303250e+05
     9.55835   1.242245194e+05
     9.57111   1.239193821e+05
     9.58388   1.236150099e+05
     9.59666   1.233113349e+05
     9.60947   1.230084547e+05
     9.62229   1.227061757e+05
     9.63513   1.224046371e+05
     9.64798   1.221038115e+05
     9.66086   1.218036716e+05
     9.67375   1.215042311e+05
     9.68665   1.212055051e+05
     9.69958   1.209074646e+05
     9.71252   1.206101673e+05
     9.72548   1.203134988e+05
     9.73845   1.200175591e+05
     9.75145   1.197223623e+05
     9.76446   1.194277940e+05
     9.77748   1.191339107e+05
     9.79053   1.188407701e+05
     9.80359   1.185482564e+05
     9.81667   1.182565135e+05
     9.82977   1.179653817e+05
     9.84289   1.176749617e+05
     9.85602   1.173852239e+05
     9.86917   1.170961823e+05
     9.88234   1.168077626e+05
     9.89552   1.165200665e+05
     9.90872   1.162330198e+05
     9.92194   1.159466802e+05
     9.93518   1.156610174e+05
     9.94844   1.153760003e+05
     9.96171   1.150916871e+05
     9.97500   1.148080020e+05
     9.98831   1.145250035e+05
    10.00164   1.142426599e+05
    10.01498   1.139610298e+05
    10.02835   1.136799906e+05
    10.04173   1.133996475e+05
    10.05512   1.131199231e+05
    10.06854   1.128409658e+05
    10.08197   1.125625607e+05
    10.09542   1.122848139e+05
    10.10889   1.120078317e+05
    10.12238   1.117313480e+05
    10.13589   1.114556541e+05
    10.14941   1.111805328e+05
    10.16295   1.109060893e+05
    10.17651   1.106322438e+05
    10.19009   1.103591016e+05
    10.20368   1.100865857e+05
    10.21730   1.098147511e+05
    10.23093   1.095435199e+05
    10.24458   1.092729041e+05
    10.25825   1.090029645e+05
    10.27194   1.087336188e+05
    10.28564   1.084649742e+05
    10.29937   1.081969508e+05
    10.31311   1.079295096e+05
    10.32687   1.076627146e+05
    10.34065   1.073966741e+05
    10.35444   1.071310621e+05
    10.36826   1.068661832e+05
    10.38209   1.066019009e+05
    10.39594   1.063382812e+05
    10.40981   1.060753351e+05
    10.42370   1.058128788e+05
    10.43761   1.055511224e+05
    10.45154   1.052899768e+05
    10.46548   1.050294085e+05
    10.47944   1.047695293e+05
    10.49343   1.045102501e+05
    10.50743   1.042515839e+05
    10.52145   1.039934944e+05
    10.53548   1.037360434e+05
    10.54954   1.034791937e+05
    10.56362   1.032229049e+05
    10.57771   1.029672924e+05
    10.59182   1.027123178e+05
    10.60595   1.024578912e+05
    10.62011   1.022040260e+05
    10.63427   1.019508345e+05
    10.64846   1.016982282e+05
    10.66267   1.014462703e+05
    10.67690   1.011948705e+05
    10.69114   1.009439873e+05
    10.70541   1.006937899e+05
    10.71969   1.004441331e+05
    10.73399   1.001951358e+05
    10.74831   9.994670183e+04
    10.76265   9.969884643e+04
    10.77701   9.945152613e+04
    10.79139   9.920486093e+04
    10.80579   9.895880831e+04
    10.82021   9.871332768e+04
    10.83465   9.846843133e+04
    10.84910   9.822407737e+04
    10.86358   9.798032930e+04
    10.87807   9.773709480e+04
    10.89258   9.749459926e+04
    10.90712   9.725258418e+04
    10.92167   9.701111781e+04
    10.93624   9.677026215e+04
    10.95083   9.652997715e+04
    10.96544   9.629027394e+04
    10.98008   9.605111000e+04
    10.99472   9.581249534e+04
    11.00939   9.557449833e+04
    11.02408   9.533707323e+04
    11.03879   9.510017883e+04
    11.05352   9.486393494e+04
    11.06827   9.462813291e+04
    11.08304   9.439295021e+04
    11.09782   9.415834076e+04
    11.11263   9.392426358e+04
    11.12746   9.369078344e+04
    11.14230   9.345785695e+04
    11.15717   9.322543728e+04
    11.17206   9.299370567e+04
    11.18696   9.276239258e+04
    11.20189   9.253162013e+04
    11.21683   9.230145560e+04
    11.23180   9.207185591e+04
    11.24678   9.184277316e+04
    11.26179   9.161421919e+04
    11.27682   9.138626074e+04
    11.29186   9.115885362e+04
    11.30693   9.093194961e+04
    11.32201   9.070561844e+04
    11.33712   9.047975383e+04
    11.35225   9.025448381e+04
    11.36739   9.002976085e+04
    11.38256   8.980559461e+04
    11.39775   8.958193981e+04
    11.41295   8.935880591e+04
    11.42818   8.913620159e+04
    11.44343   8.891419993e+04
    11.45870   8.869269276e+04
    11.47398   8.847168902e+04
    11.48929   8.825125990e+04
    11.50462   8.803123679e+04
    11.51997   8.781192847e+04
    11.53534   8.759304788e+04
    11.55073   8.737466483e+04
    11.56614   8.715684866e+04
    11.58158   8.693955098e+04
    11.59703   8.672272024e+04
    11.61250   8.650648951e+04
    11.62800   8.629080889e+04
    11.64351   8.607550524e+04
    11.65905   8.586077108e+04
    11.67460   8.564661852e+04
    11.69018   8.543299470e+04
    11.70577   8.521978826e+04
    11.72139   8.500713199e+04
    11.73703   8.479497518e+04
    11.75269   8.458338956e+04
    11.76837   8.437225982e+04
    11.78407   8.416166085e+04
    11.79980   8.395159969e+04
    11.81554   8.374196418e+04
    11.83130   8.353276152e+04
    11.84709   8.332419310e+04
    11.86290   8.311613990e+04
    11.87872   8.290855221e+04
    11.89457   8.270150137e+04
    11.91044   8.249486937e+04
    11.92633   8.228873157e+04
    11.94225   8.208316107e+04
    11.95818   8.187803909e+04
    11.97414   8.167343946e+04
    11.99011   8.146924404e+04
    12.00611   8.126565648e+04
    12.02213   8.106249143e+04
    12.03817   8.085988957e+04
    12.05423   8.065779572e+04
    12.07031   8.045602115e+04
    12.08642   8.025484040e+04
    12.10254   8.005412964e+04
    12.11869   7.985396656e+04
    12.13486   7.965429337e+04
    12.15105   7.945492058e+04
    12.16726   7.925619068e+04
    12.18350   7.905784584e+04
    12.19975   7.886009621e+04
    12.21603   7.866268398e+04
    12.23233   7.846582074e+04
    12.24865   7.826951490e+04
    12.26499   7.807357287e+04
    12.28136   7.787814045e+04
    12.29774   7.768315916e+04
    12.31415   7.748863741e+04
    12.33058   7.729472222e+04
    12.34703   7.710114908e+04
    12.36350   7.690799563e+04
    12.38000   7.671533884e+04
    12.39652   7.652318829e+04
    12.41306   7.633155605e+04
    12.42962   7.614023881e+04
    12.44620   7.594952790e+04
    12.46281   7.575929090e+04
    12.47944   7.556939764e+04
    12.49609   7.537999733e+04
    12.51276   7.519117024e+04
    12.52946   7.500257181e+04
    12.54617   7.481456400e+04
    12.56291   7.462708715e+04
    12.57967   7.443993550e+04
    12.59646   7.425333250e+04
    12.61326   7.406707175e+04
    12.63009   7.388137857e+04
    12.64694   7.369604561e+04
    12.66382   7.351122563e+04
    12.68071   7.332678359e+04
    12.69763   7.314287298e+04
    12.71457   7.295935830e+04
    12.73154   7.277624631e+04
    12.74853   7.259369382e+04
    12.76553   7.241156298e+04
    12.78257   7.222971452e+04
    12.79962   7.204852621e+04
    12.81670   7.186763767e+04
    12.83380   7.168713105e+04
    12.85092   7.150723829e+04
    12.86807   7.132767042e+04
    12.88524   7.114865987e+04
    12.90243   7.096999136e+04
    12.91964   7.079167235e+04
    12.93688   7.061386176e+04
    12.95414   7.043649369e+04
    12.97143   7.025950034e+04
    12.98873   7.008304215e+04
    13.00606   6.990705329e+04
    13.02342   6.973131117e+04
    13.04079   6.955605358e+04
    13.05819   6.938129037e+04
    13.07561   6.920695266e+04
    13.09306   6.903297236e+04
    13.11053   6.885951115e+04
    13.12802   6.868626834e+04
    13.14554   6.851371830e+04
    13.16308   6.834140169e+04
    13.18064   6.816956168e+04
    13.19822   6.799812721e+04
    13.21583   6.782710739e+04
    13.23347   6.765650991e+04
    13.25112   6.748634436e+04
    13.26880   6.731653767e+04
    13.28651   6.714725873e+04
    13.30423   6.697835578e+04
    13.32198   6.680975776e+04
    13.33976   6.664163157e+04
    13.35756   6.647398617e+04
    13.37538   6.630666861e+04
    13.39322   6.613976773e+04
    13.41109   6.597337230e+04
    13.42899   6.580716647e+04
    13.44690   6.564148217e+04
    13.46485   6.547624706e+04
    13.48281   6.531146863e+04
    13.50080   6.514691071e+04
    13.51881   6.498282453e+04
    13.53685   6.481921979e+04
    13.55491   6.465593995e+04
    13.57300   6.449307442e+04
    13.59111   6.433054886e+04
    13.60924   6.416862023e+04
    13.62740   6.400687985e+04
    13.64558   6.384558572e+04
    13.66379   6.368474599e+04
    13.68202   6.352420039e+04
    13.70027   6.336412500e+04
    13.71855   6.320435790e+04
    13.73685   6.304516259e+04
    13.75518   6.288612089e+04
    13.77353   6.272766646e+04
    13.79191   6.256955193e+04
    13.81031   6.241169742e+04
    13.82874   6.225428261e+04
    13.84719   6.209731547e+04
    13.86566   6.194071796e+04
    13.88416   6.178449692e+04
    13.90269   6.162857260e+04
    13.92124   6.147312729e+04
    13.93981   6.131808182e+04
    13.95841   6.116335500e+04
    13.97704   6.100904240e+04
    13.99568   6.085506340e+04
    14.01436   6.070151442e+04
    14.03306   6.054831384e+04
    14.05178   6.039546900e+04
    14.07053   6.024298729e+04
    14.08930   6.009096473e+04
    14.10810   5.993932185e+04
    14.12692   5.978788278e+04
    14.14577   5.963692685e+04
    14.16464   5.948646186e+04
    14.18354   5.933613156e+04
    14.20247   5.918630752e+04
    14.22142   5.903681408e+04
    14.24039   5.888775054e+04
    14.25939   5.873894038e+04
    14.27842   5.859057516e+04
    14.29747   5.844256897e+04
    14.31654   5.829483789e+04
    14.33564   5.814766589e+04
    14.35477   5.800059634e+04
    14.37392   5.785410129e+04
    14.39310   5.770772144e+04
    14.41230   5.756193116e+04
    14.43153   5.741645715e+04
    14.45079   5.727130647e+04
    14.47007   5.712648564e+04
    14.48938   5.698200168e+04
    14.50871   5.683805151e+04
    14.52807   5.669435778e+04
    14.54745   5.655092614e+04
    14.56686   5.640785870e+04
    14.58629   5.626516358e+04
    14.60576   5.612294250e+04
    14.62524   5.598091550e+04
    14.64476   5.583937738e+04
    14.66430   5.569804526e+04
    14.68386   5.555721746e+04
    14.70345   5.541651044e+04
    14.72307   5.527632238e+04
    14.74271   5.513646357e+04
    14.76238   5.499694210e+04
    14.78208   5.485776332e+04
    14.80180   5.471883633e+04
    14.82155   5.458036465e+04
    14.84133   5.444205840e+04
    14.86113   5.430432077e+04
    14.88096   5.416686087e+04
    14.90081   5.402958505e+04
    14.92069   5.389290048e+04
    14.94060   5.375631174e+04
    14.96053   5.362012678e+04
    14.98049   5.348435294e+04
    15.00048   5.334889557e+04
    15.02050   5.321376141e+04
    15.04054   5.307895721e+04
    15.06060   5.294448833e+04
    15.08070   5.281026001e+04
    15.10082   5.267648347e+04
    15.12097   5.254295949e+04
    15.14114   5.240990101e+04
    15.16134   5.227710868e+04
    15.18157   5.214448367e+04
    15.20183   5.201234446e+04
    15.22211   5.188059428e+04
    15.24242   5.174892460e+04
    15.26276   5.161776165e+04
    15.28312   5.148700741e+04
    15.30351   5.135635156e+04
    15.32393   5.122601049e+04
    15.34438   5.109620376e+04
    15.36485   5.096661944e+04
    15.38535   5.083736924e+04
    15.40588   5.070846058e+04
    15.42643   5.057979147e+04
    15.44701   5.045147642e+04
    15.46762   5.032352107e+04
    15.48826   5.019593201e+04
    15.50892   5.006839054e+04
    15.52962   4.994144520e+04
    15.55034   4.981455822e+04
    15.57108   4.968817120e+04
    15.59186   4.956207365e+04
    15.61266   4.943626996e+04
    15.63349   4.931076767e+04
    15.65435   4.918568162e+04
    15.67524   4.906079853e+04
    15.69615   4.893634538e+04
    15.71710   4.881188257e+04
    15.73807   4.868797400e+04
    15.75906   4.856429040e+04
    15.78009   4.844106247e+04
    15.80114   4.831807167e+04
    15.82223   4.819521036e+04
    15.84334   4.807282323e+04
    15.86447   4.795080414e+04
    15.88564   4.782893155e+04
    15.90684   4.770732432e+04
    15.92806   4.758621724e+04
    15.94931   4.746527338e+04
    15.97059   4.734461278e+04
    15.99190   4.722424064e+04
    16.01324   4.710439495e+04
    16.03460   4.698461873e+04
    16.05600   4.686514901e+04
    16.07742   4.674599125e+04
    16.09887   4.662718649e+04
    16.12035   4.650864815e+04
    16.14186   4.639041583e+04
    16.16339   4.627244886e+04
    16.18496   4.615478826e+04
    16.20655   4.603742751e+04
    16.22818   4.592034896e+04
    16.24983   4.580355860e+04
    16.27151   4.568706178e+04
    16.29322   4.557084008e+04
    16.31496   4.545492342e+04
    16.33673   4.533929323e+04
    16.35852   4.522394319e+04
    16.38035   4.510887871e+04
    16.40220   4.499410586e+04
    16.42409   4.487960521e+04
    16.44600   4.476540755e+04
    16.46794   4.465148120e+04
    16.48992   4.453784385e+04
    16.51192   4.442450175e+04
    16.53395   4.431142267e+04
    16.55601   4.419861284e+04
    16.57810   4.408610203e+04
    16.60022   4.397385846e+04
    16.62236   4.386189990e+04
    16.64454   4.375021963e+04
    16.66675   4.363882369e+04
    16.68899   4.352769113e+04
    16.71125   4.341684047e+04
    16.73355   4.330627797e+04
    16.75588   4.319596978e+04
    16.77823   4.308594690e+04
    16.80062   4.297619009e+04
    16.82303   4.286672947e+04
    16.84548   4.275750663e+04
    16.86795   4.264857811e+04
    16.89046   4.253991071e+04
    16.91300   4.243149676e+04
    16.93556   4.232339318e+04
    16.95816   4.221552774e+04
    16.98078   4.210794445e+04
    17.00344   4.200063568e+04
    17.02613   4.189356775e+04
    17.04884   4.178678421e+04
    17.07159   4.168025195e+04
    17.09437   4.157400181e+04
    17.11717   4.146799942e+04
    17.14001   4.136226340e+04
    17.16288   4.125682530e+04
    17.18578   4.115162441e+04
    17.20871   4.104666467e+04
    17.23167   4.094197867e+04
    17.25466   4.083757133e+04
    17.27768   4.073340749e+04
    17.30074   4.062951922e+04
    17.32382   4.052585716e+04
    17.34693   4.042249499e+04
    17.37008   4.031936836e+04
    17.39325   4.021649763e+04
    17.41646   4.011387286e+04
    17.43970   4.001154048e+04
    17.46296   3.990942345e+04
    17.48626   3.980759517e+04
    17.50959   3.970600582e+04
    17.53296   3.960465994e+04
    17.55635   3.950356234e+04
    17.57977   3.940273228e+04
    17.60323   3.930213255e+04
    17.62672   3.920181010e+04
    17.65023   3.910174164e+04
    17.67378   3.900191858e+04
    17.69736   3.890231690e+04
    17.72098   3.880298410e+04
    17.74462   3.870391089e+04
    17.76829   3.860505930e+04
    17.79200   3.850647705e+04
    17.81574   3.840812600e+04
    17.83951   3.831001104e+04
    17.86331   3.821215130e+04
    17.88715   3.811455130e+04
    17.91101   3.801718726e+04
    17.93491   3.792006382e+04
    17.95884   3.782317087e+04
    17.98280   3.772652815e+04
    18.00679   3.763012575e+04
    18.03082   3.753396819e+04
    18.05487   3.743806003e+04
    18.07896   3.734237677e+04
    18.10308   3.724693770e+04
    18.12724   3.715173268e+04
    18.15142   3.705676637e+04
    18.17564   3.696204341e+04
    18.19989   3.686755365e+04
    18.22418   3.677330118e+04
    18.24849   3.667927621e+04
    18.27284   3.658549809e+04
    18.29722   3.649195645e+04
    18.32163   3.639864071e+04
    18.34608   3.630555514e+04
    18.37055   3.621270460e+04
    18.39506   3.612010885e+04
    18.41961   3.602771115e+04
    18.44418   3.593556209e+04
    18.46879   3.584363509e+04
    18.49343   3.575195044e+04
    18.51811   3.566048168e+04
    18.54281   3.556926407e+04
    18.56755   3.547825575e+04
    18.59233   3.538746080e+04
    18.61713   3.529691528e+04
    18.64197   3.520659183e+04
    18.66685   3.511649524e+04
    18.69175   3.502661410e+04
    18.71669   3.493698408e+04
    18.74166   3.484754662e+04
    18.76667   3.475835366e+04
    18.79171   3.466936124e+04
    18.81678   3.458062225e+04
    18.84189   3.449210915e+04
    18.86702   3.440380969e+04
    18.89220   3.431569633e+04
    18.91740   3.422783769e+04
    18.94264   3.414018966e+04
    18.96792   3.405275630e+04
    18.99323   3.396557495e+04
    19.01857   3.387856766e+04
    19.04394   3.379182097e+04
    19.06935   3.370524068e+04
    19.09479   3.361891268e+04
    19.12027   3.353280899e+04
    19.14578   3.344690038e+04
    19.17133   3.336120751e+04
    19.19690   3.327573478e+04
    19.22252   3.319048619e+04
    19.24816   3.310543284e+04
    19.27385   3.302059521e+04
    19.29956   3.293599446e+04
    19.32531   3.285158433e+04
    19.35110   3.276738569e+04
    19.37691   3.268338573e+04
    19.40277   3.259962213e+04
    19.42865   3.251606562e+04
    19.45458   3.243271999e+04
    19.48053   3.234955509e+04
    19.50652   3.226664337e+04
    19.53255   3.218392045e+04
    19.55861   3.210139036e+04
    19.58471   3.201907442e+04
    19.61084   3.193699380e+04
    19.63700   3.185506555e+04
    19.66320   3.177338110e+04
    19.68944   3.169190903e+04
    19.71571   3.161060154e+04
    19.74201   3.152953223e+04
    19.76835   3.144866991e+04
    19.79473   3.136800133e+04
    19.82114   3.128752965e+04
    19.84759   3.120725964e+04
    19.87407   3.112719471e+04
    19.90058   3.104735667e+04
    19.92713   3.096769613e+04
    19.95372   3.088819865e+04
    19.98034   3.080897593e+04
    20.00700   3.072990620e+04
    20.03370   3.065101053e+04
    20.06043   3.057238433e+04
    20.08719   3.049388537e+04
    20.11399   3.041564535e+04
    20.14083   3.033755834e+04
    20.16770   3.025968330e+04
    20.19461   3.018200569e+04
    20.22155   3.010451051e+04
    20.24853   3.002723866e+04
    20.27555   2.995012019e+04
    20.30260   2.987323271e+04
    20.32969   2.979652433e+04
    20.35681   2.971999866e+04
    20.38397   2.964369711e+04
    20.41117   2.956754813e+04
    20.43840   2.949163088e+04
    20.46567   2.941587354e+04
    20.49298   2.934031755e+04
    20.52032   2.926494761e+04
    20.54770   2.918978663e+04
    20.57512   2.911478101e+04
    20.60257   2.903997263e+04
    20.63006   2.896538413e+04
    20.65758   2.889096187e+04
    20.68514   2.881670914e+04
    20.71274   2.874266842e+04
    20.74038   2.866880448e+04
    20.76805   2.859514029e+04
    20.79576   2.852166037e+04
    20.82350   2.844836821e+04
    20.85129   2.837524744e+04
    20.87911   2.830230191e+04
    20.90697   2.822953504e+04
    20.93486   2.815697010e+04
    20.96279   2.808459103e+04
    20.99076   2.801240113e+04
    21.01877   2.794040468e+04
    21.04681   2.786854439e+04
    21.07489   2.779690438e+04
    21.10301   2.772540750e+04
    21.13117   2.765411788e+04
    21.15936   2.758299856e+04
    21.18759   2.751207332e+04
    21.21586   2.744132524e+04
    21.24417   2.737075802e+04
    21.27251   2.730033418e+04
    21.30089   2.723011850e+04
    21.32931   2.716007334e+04
    21.35777   2.709022284e+04
    21.38627   2.702052923e+04
    21.41480   2.695099574e+04
    21.44337   2.688166721e+04
    21.47198   2.681250542e+04
    21.50063   2.674349336e+04
    21.52932   2.667471739e+04
    21.55804   2.660605592e+04
    21.58681   2.653757467e+04
    21.61561   2.646927699e+04
    21.64445   2.640116660e+04
    21.67333   2.633320436e+04
    21.70224   2.626545726e+04
    21.73120   2.619780097e+04
    21.76019   2.613036654e+04
    21.78923   2.606313634e+04
    21.81830   2.599602765e+04
    21.84741   2.592910844e+04
    21.87656   2.586233846e+04
    21.90575   2.579576456e+04
    21.93497   2.572932505e+04
    21.96424   2.566308785e+04
    21.99355   2.559699155e+04
    22.02289   2.553108256e+04
    22.05227   2.546532033e+04
    22.08170   2.539973029e+04
    22.11116   2.533433755e+04
    22.14066   2.526905706e+04
    22.17020   2.520395811e+04
    22.19978   2.513904420e+04
    22.22940   2.507429632e+04
    22.25906   2.500971762e+04
    22.28876   2.494528887e+04
    22.31850   2.488099060e+04
    22.34827   2.481689352e+04
    22.37809   2.475297833e+04
    22.40795   2.468918037e+04
    22.43785   2.462554782e+04
    22.46778   2.456210671e+04
    22.49776   2.449879190e+04
    22.52778   2.443567476e+04
    22.55783   2.437266693e+04
    22.58793   2.430986325e+04
    22.61807   2.424719782e+04
    22.64825   2.418469658e+04
    22.67846   2.412236308e+04
    22.70872   2.406015343e+04
    22.73902   2.399814058e+04
    22.76936   2.393628121e+04
    22.79974   2.387457820e+04
    22.83016   2.381298750e+04
    22.86062   2.375158288e+04
    22.89112   2.369031978e+04
    22.92166   2.362924882e+04
    22.95224   2.356830191e+04
    22.98287   2.350755343e+04
    23.01353   2.344693482e+04
    23.04424   2.338642488e+04
    23.07498   2.332612255e+04
    23.10577   2.326595894e+04
    23.13660   2.320591236e+04
    23.16747   2.314608284e+04
    23.19838   2.308635214e+04
    23.22933   2.302679580e+04
    23.26032   2.296724599e+04
    23.29136   2.290760637e+04
    23.32243   2.284849222e+04
    23.35355   2.278954019e+04
    23.38471   2.273072811e+04
    23.41591   2.267208394e+04
    23.44715   2.261361044e+04
    23.47844   2.255521117e+04
    23.50976   2.249701341e+04
    23.54113   2.243894496e+04
    23.57254   2.238103410e+04
    23.60399   2.232328331e+04
    23.63548   2.226564531e+04
    23.66702   2.220814789e+04
    23.69859   2.215081931e+04
    23.73021   2.209363700e+04
    23.76187   2.203660393e+04
    23.79358   2.197972286e+04
    23.82532   2.192294534e+04
    23.85711   2.186637663e+04
    23.88894   2.180991697e+04
    23.92082   2.175354306e+04
    23.95273   2.169738683e+04
    23.98469   2.164134745e+04
    24.01669   2.158547983e+04
    24.04873   2.152973467e+04
    24.08082   2.147414062e+04
    24.11295   2.141867443e+04
    24.14512   2.136331208e+04
    24.17734   2.130813556e+04
    24.20960   2.125309485e+04
    24.24190   2.119819247e+04
    24.27424   2.114340481e+04
    24.30663   2.108878747e+04
    24.33906   2.103431676e+04
    24.37153   2.097994161e+04
    24.40405   2.092571842e+04
    24.43661   2.087170374e+04
    24.46921   2.081776558e+04
    24.50186   2.076396024e+04
    24.53455   2.071029057e+04
    24.56729   2.065678635e+04
    24.60006   2.060336835e+04
    24.63289   2.055012127e+04
    24.66575   2.049702017e+04
    24.69866   2.044401305e+04
    24.73162   2.039118475e+04
    24.76461   2.033848291e+04
    24.79765   2.028588226e+04
    24.83074   2.023344099e+04
    24.86387   2.018113377e+04
    24.89704   2.012893527e+04
    24.93026   2.007690400e+04
    24.96352   2.002498651e+04
    24.99683   1.997324164e+04
    25.03018   1.992153069e+04
    25.06358   1.987005418e+04
    25.09702   1.981867322e+04
    25.13050   1.976738987e+04
    25.16403   1.971626371e+04
    25.19761   1.966529756e+04
    25.23123   1.961440777e+04
    25.26489   1.956368300e+04
    25.29860   1.951306820e+04
    25.33235   1.946259465e+04
    25.36615   1.941226479e+04
    25.40000   1.936199415e+04
    25.43389   1.931193056e+04
    25.46782   1.926195981e+04
    25.50180   1.921214302e+04
    25.53583   1.916239441e+04
    25.56990   1.911283420e+04
    25.60401   1.906337623e+04
    25.63817   1.901402296e+04
    25.67238   1.896486598e+04
    25.70663   1.891578878e+04
    25.74093   1.886682334e+04
    25.77528   1.881794189e+04
    25.80967   1.876926708e+04
    25.84410   1.872068115e+04
    25.87858   1.867221649e+04
    25.91311   1.862390572e+04
    25.94769   1.857566047e+04
    25.98231   1.852757375e+04
    26.01697   1.847961798e+04
    26.05168   1.843179536e+04
    26.08644   1.838404701e+04
    26.12125   1.833646729e+04
    26.15610   1.828896623e+04
    26.19100   1.824163878e+04
    26.22594   1.819439435e+04
    26.26093   1.814726638e+04
    26.29597   1.810025705e+04
    26.33106   1.805339996e+04
    26.36619   1.800663489e+04
    26.40137   1.796002687e+04
    26.43659   1.791348366e+04
    26.47186   1.786710237e+04
    26.50718   1.782082198e+04
    26.54255   1.777464463e+04
    26.57796   1.772860448e+04
    26.61342   1.768270383e+04
    26.64893   1.763688100e+04
    26.68449   1.759117013e+04
    26.72009   1.754560565e+04
    26.75574   1.750012537e+04
    26.79144   1.745479617e+04
    26.82718   1.740955549e+04
    26.86298   1.736447057e+04
    26.89882   1.731947856e+04
    26.93471   1.727454872e+04
    26.97065   1.722978144e+04
    27.00663   1.718514639e+04
    27.04266   1.714061283e+04
    27.07874   1.709618285e+04
    27.11487   1.705189188e+04
    27.15105   1.700767556e+04
    27.18728   1.696360254e+04
    27.22355   1.691960842e+04
    27.25987   1.687572850e+04
    27.29624   1.683203248e+04
    27.33266   1.678838797e+04
    27.36913   1.674486412e+04
    27.40565   1.670142968e+04
    27.44221   1.665812021e+04
    27.47883   1.661493816e+04
    27.51549   1.657185162e+04
    27.55220   1.652886255e+04
    27.58896   1.648600716e+04
    27.62577   1.644328811e+04
    27.66263   1.640067295e+04
    27.69954   1.635812902e+04
    27.73650   1.631569300e+04
    27.77350   1.627336686e+04
    27.81056   1.623115281e+04
    27.84766   1.618905294e+04
    27.88482   1.614703419e+04
    27.92202   1.610516891e+04
    27.95928   1.606338883e+04
    27.99658   1.602169598e+04
    28.03394   1.598016315e+04
    28.07134   1.593868607e+04
    28.10879   1.589733759e+04
    28.14630   1.585608447e+04
    28.18385   1.581492854e+04
    28.22145   1.577390753e+04
    28.25911   1.573295176e+04
    28.29681   1.569213527e+04
    28.33456   1.565146025e+04
    28.37237   1.561085640e+04
    28.41022   1.557032530e+04
    28.44813   1.552986878e+04
    28.48609   1.548959872e+04
    28.52409   1.544937048e+04
    28.56215   1.540925942e+04
    28.60026   1.536926762e+04
    28.63842   1.532939718e+04
    28.67663   1.528961303e+04
    28.71489   1.524991707e+04
    28.75320   1.521027366e+04
    28.79156   1.517083447e+04
    28.82998   1.513145161e+04
    28.86844   1.509217234e+04
    28.90696   1.505297933e+04
    28.94553   1.501389732e+04
    28.98415   1.497490938e+04
    29.02282   1.493602489e+04
    29.06154   1.489723817e+04
    29.10032   1.485855497e+04
    29.13914   1.481996969e+04
    29.17802   1.478148008e+04
    29.21695   1.474309219e+04
    29.25593   1.470480385e+04
    29.29497   1.466661324e+04
    29.33405   1.462851426e+04
    29.37319   1.459052063e+04
    29.41238   1.455261861e+04
    29.45162   1.451481782e+04
    29.49092   1.447711234e+04
    29.53027   1.443949999e+04
    29.56967   1.440199062e+04
    29.60912   1.436457418e+04
    29.64863   1.432725648e+04
    29.68818   1.429003142e+04
    29.72779   1.425290079e+04
    29.76746   1.421587047e+04
    29.80717   1.417893022e+04
    29.84694   1.414208997e+04
    29.88677   1.410533934e+04
    29.92664   1.406868023e+04
    29.96657   1.403211437e+04
    30.00655   1.399565169e+04
    30.04659   1.395927773e+04
    30.08668   1.392299844e+04
    30.12682   1.388680729e+04
    30.16701   1.385071439e+04
    30.20726   1.381471315e+04
    30.24757   1.377880960e+04
    30.28792   1.374298897e+04
    30.32833   1.370726118e+04
    30.36880   1.367162809e+04
    30.40932   1.363608311e+04
    30.44989   1.360063629e+04
    30.49052   1.356527695e+04
    30.53120   1.353000666e+04
    30.57193   1.349482730e+04
    30.61272   1.345974048e+04
    30.65357   1.342473952e+04
    30.69447   1.338983463e+04
    30.73542   1.335501475e+04
    30.77643   1.332029019e+04
    30.81749   1.328564118e+04
    30.85861   1.325109517e+04
    30.89978   1.321663667e+04
    30.94101   1.318225452e+04
    30.98229   1.314797196e+04
    31.02363   1.311377323e+04
    31.06502   1.307966458e+04
    31.10647   1.304564759e+04
    31.14797   1.301171077e+04
    31.18953   1.297786021e+04
    31.23114   1.294410200e+04
    31.27281   1.291042896e+04
    31.31454   1.287683832e+04
    31.35632   1.284334068e+04
    31.39815   1.280992868e+04
    31.44005   1.277659510e+04
    31.48199   1.274335504e+04
    31.52400   1.271019665e+04
    31.56606   1.267712606e+04
    31.60817   1.264413137e+04
    31.65035   1.261122777e+04
    31.69258   1.257841235e+04
    31.73486   1.254567762e+04
    31.77720   1.251302984e+04
    31.81960   1.248046600e+04
    31.86205   1.244798310e+04
    31.90456   1.241558739e+04
    31.94713   1.238327582e+04
    31.98976   1.235104080e+04
    32.03244   1.231888848e+04
    32.07518   1.228682511e+04
    32.11797   1.225483829e+04
    32.16082   1.222293900e+04
    32.20373   1.219111940e+04
    32.24670   1.215938108e+04
    32.28973   1.212772561e+04
    32.33281   1.209615450e+04
    32.37595   1.206465998e+04
    32.41914   1.203324344e+04
    32.46240   1.200191128e+04
    32.50571   1.197066024e+04
    32.54908   1.193949665e+04
    32.59251   1.190840293e+04
    32.63599   1.187739499e+04
    32.67954   1.184645992e+04
    32.72314   1.181561371e+04
    32.76680   1.178483850e+04
    32.81052   1.175414556e+04
    32.85429   1.172353147e+04
    32.89813   1.169300271e+04
    32.94202   1.166253626e+04
    32.98597   1.163216305e+04
    33.02998   1.160186988e+04
    33.07405   1.157164836e+04
    33.11818   1.154150494e+04
    33.16237   1.151143608e+04
    33.20661   1.148145325e+04
    33.25092   1.145153802e+04
    33.29528   1.142170682e+04
    33.33971   1.139194610e+04
    33.38419   1.136226733e+04
    33.42873   1.133265692e+04
    33.47333   1.130313144e+04
    33.51799   1.127368221e+04
    33.56271   1.124431077e+04
    33.60749   1.121500838e+04
    33.65233   1.118578151e+04
    33.69723   1.115663672e+04
    33.74219   1.112756010e+04
    33.78721   1.109855822e+04
    33.83229   1.106963245e+04
    33.87743   1.104078949e+04
    33.92263   1.101200996e+04
    33.96789   1.098331088e+04
    34.01321   1.095468329e+04
    34.05860   1.092612325e+04
    34.10404   1.089764799e+04
    34.14954   1.086924317e+04
    34.19510   1.084091012e+04
    34.24073   1.081265032e+04
    34.28641   1.078445446e+04
    34.33216   1.075634520e+04
    34.37796   1.072829734e+04
    34.42383   1.070033364e+04
    34.46976   1.067243402e+04
    34.51575   1.064460528e+04
    34.56180   1.061685404e+04
    34.60792   1.058917104e+04
    34.65409   1.056155213e+04
    34.70033   1.053401496e+04
    34.74662   1.050654456e+04
    34.79298   1.047914779e+04
    34.83941   1.045182053e+04
    34.88589   1.042456409e+04
    34.93244   1.039738536e+04
    34.97904   1.037026361e+04
    35.02571   1.034321118e+04
    35.07244   1.031623498e+04
    35.11924   1.028933078e+04
    35.16610   1.026249435e+04
    35.21302   1.023571584e+04
    35.26000   1.020902458e+04
    35.30704   1.018239375e+04
    35.35415   1.015583041e+04
    35.40132   1.012934141e+04
    35.44855   1.010291679e+04
    35.49585   1.007654646e+04
    35.54321   1.005026015e+04
    35.59063   1.002404783e+04
    35.63812   9.997893614e+03
    35.68567   9.971804457e+03
    35.73328   9.945787486e+03
    35.78096   9.919832372e+03
    35.82870   9.893946204e+03
    35.87650   9.868130275e+03
    35.92437   9.842380008e+03
    35.97230   9.816696718e+03
    36.02029   9.791081685e+03
    36.06835   9.765530288e+03
    36.11647   9.740037887e+03
    36.16466   9.714617519e+03
    36.21291   9.689264517e+03
    36.26123   9.663980221e+03
    36.30961   9.638759911e+03
    36.35806   9.613592895e+03
    36.40656   9.588504237e+03
    36.45514   9.563471312e+03
    36.50378   9.538513348e+03
    36.55248   9.513613524e+03
    36.60125   9.488767000e+03
    36.65009   9.464005236e+03
    36.69899   9.439299194e+03
    36.74795   9.414650031e+03
    36.79698   9.390077322e+03
    36.84608   9.365557766e+03
    36.89524   9.341110994e+03
    36.94446   9.316719785e+03
    36.99376   9.292391458e+03
    37.04311   9.268127230e+03
    37.09254   9.243928295e+03
    37.14203   9.219783407e+03
    37.19158   9.195718697e+03
    37.24120   9.171691655e+03
    37.29089   9.147740914e+03
    37.34065   9.123855243e+03
    37.39047   9.100029513e+03
    37.44035   9.076258509e+03
    37.49031   9.052562475e+03
    37.54033   9.028917158e+03
    37.59042   9.005336456e+03
    37.64057   8.981815152e+03
    37.69079   8.958347957e+03
    37.74108   8.934955314e+03
    37.79143   8.911612662e+03
    37.84186   8.888334038e+03
    37.89235   8.865114103e+03
    37.94290   8.841954036e+03
    37.99353   8.818848412e+03
    38.04422   8.795811478e+03
    38.09498   8.772837796e+03
    38.14580   8.749908881e+03
    38.19670   8.727052107e+03
    38.24766   8.704248840e+03
    38.29869   8.681506837e+03
    38.34979   8.658820597e+03
    38.40096   8.636197835e+03
    38.45220   8.613633098e+03
    38.50350   8.591120711e+03
    38.55487   8.568668551e+03
    38.60631   8.546284412e+03
    38.65782   8.523949266e+03
    38.70940   8.501670903e+03
    38.76105   8.479457196e+03
    38.81276   8.457295709e+03
    38.86455   8.435187462e+03
    38.91640   8.413140412e+03
    38.96832   8.391148770e+03
    39.02032   8.369220545e+03
    39.07238   8.347336098e+03
    39.12451   8.325524193e+03
    39.17671   8.303765125e+03
    39.22898   8.282053021e+03
    39.28132   8.260409838e+03
    39.33373   8.238815730e+03
    39.38621   8.217271738e+03
    39.43876   8.195792937e+03
    39.49138   8.174366335e+03
    39.54407   8.152993022e+03
    39.59683   8.131674023e+03
    39.64966   8.110417449e+03
    39.70256   8.089210214e+03
    39.75554   8.068060438e+03
    39.80858   8.046962018e+03
    39.86169   8.025916022e+03
    39.91488   8.004930620e+03
    39.96813   7.984006945e+03
    40.02146   7.963124352e+03
    40.07486   7.942305521e+03
    40.12833   7.921529770e+03
    40.18187   7.900819924e+03
    40.23548   7.880155150e+03
    40.28916   7.859536399e+03
    40.34292   7.838986702e+03
    40.39674   7.818485084e+03
    40.45064   7.798032527e+03
    40.50461   7.777637396e+03
    40.55865   7.757285906e+03
    40.61277   7.737001308e+03
    40.66695   7.716769832e+03
    40.72121   7.696584931e+03
    40.77554   7.676440081e+03
    40.82995   7.656366303e+03
    40.88442   7.636334529e+03
    40.93897   7.616353270e+03
    40.99359   7.596431056e+03
    41.04829   7.576561359e+03
    41.10306   7.556737520e+03
    41.15790   7.536968112e+03
    41.21281   7.517238819e+03
    41.26780   7.497573579e+03
    41.32286   7.477958101e+03
    41.37799   7.458393270e+03
    41.43320   7.438872358e+03
    41.48848   7.419411803e+03
    41.54383   7.399997049e+03
    41.59926   7.380629035e+03
    41.65477   7.361324362e+03
    41.71034   7.342044822e+03
    41.76599   7.322838379e+03
    41.82172   7.303666733e+03
    41.87752   7.284562387e+03
    41.93339   7.265494659e+03
    41.98934   7.246472324e+03
    42.04536   7.227504300e+03
    42.10146   7.208591548e+03
    42.15763   7.189727086e+03
    42.21388   7.170903714e+03
    42.27021   7.152130416e+03
    42.32660   7.133416209e+03
    42.38308   7.114737787e+03
    42.43962   7.096112224e+03
    42.49625   7.077532300e+03
    42.55295   7.059015310e+03
    42.60972   7.040521267e+03
    42.66657   7.022100224e+03
    42.72350   7.003720322e+03
    42.78050   6.985374149e+03
    42.83758   6.967095654e+03
    42.89474   6.948852638e+03
    42.95197   6.930645956e+03
    43.00928   6.912509826e+03
    43.06666   6.894403408e+03
    43.12412   6.876352721e+03
    43.18166   6.858341835e+03
    43.23927   6.840380060e+03
    43.29696   6.822476770e+03
    43.35473   6.804607463e+03
    43.41257   6.786789929e+03
    43.47050   6.769008071e+03
    43.52850   6.751288345e+03
    43.58657   6.733605998e+03
    43.64473   6.715961854e+03
    43.70296   6.698373980e+03
    43.76127   6.680843328e+03
    43.81966   6.663336157e+03
    43.87812   6.645879244e+03
    43.93666   6.628473512e+03
    43.99529   6.611111104e+03
    44.05398   6.593801653e+03
    44.11276   6.576519712e+03
    44.17162   6.559292437e+03
    44.23055   6.542111893e+03
    44.28957   6.524970125e+03
    44.34866   6.507885681e+03
    44.40783   6.490823885e+03
    44.46708   6.473830055e+03
    44.52641   6.456860482e+03
    44.58582   6.439942754e+03
    44.64530   6.423077766e+03
    44.70487   6.406239379e+03
    44.76452   6.389473541e+03
    44.82424   6.372717733e+03
    44.88405   6.356018060e+03
    44.94393   6.339357189e+03
    45.00390   6.322754220e+03
    45.06394   6.306182558e+03
    45.12407   6.289652145e+03
    45.18428   6.273182214e+03
    45.24456   6.256736740e+03
    45.30493   6.240344202e+03
    45.36537   6.223977618e+03
    45.42590   6.207674944e+03
    45.48651   6.191409125e+03
    45.54720   6.175180909e+03
    45.60797   6.158991078e+03
    45.66882   6.142849798e+03
    45.72975   6.126748533e+03
    45.79077   6.110687992e+03
    45.85186   6.094678520e+03
    45.91304   6.078692404e+03
    45.97430   6.062768447e+03
    46.03564   6.046859771e+03
    46.09706   6.031024538e+03
    46.15856   6.015206065e+03
    46.22015   5.999433840e+03
    46.28182   5.983708741e+03
    46.34357   5.968021861e+03
    46.40540   5.952373963e+03
    46.46731   5.936765830e+03
    46.52931   5.921207989e+03
    46.59139   5.905681681e+03
    46.65356   5.890197417e+03
    46.71580   5.874746156e+03
    46.77813   5.859348336e+03
    46.84054   5.843985063e+03
    46.90304   5.828676856e+03
    46.96562   5.813374828e+03
    47.02828   5.798129411e+03
    47.09103   5.782931473e+03
    47.15386   5.767771777e+03
    47.21677   5.752651079e+03
    47.27977   5.737549908e+03
    47.34285   5.722499291e+03
    47.40602   5.707489807e+03
    47.46927   5.692532504e+03
    47.53260   5.677597539e+03
    47.59602   5.662706019e+03
    47.65952   5.647848437e+03
    47.72311   5.633056383e+03
    47.78679   5.618279213e+03
    47.85054   5.603527790e+03
    47.91439   5.588833902e+03
    47.97832   5.574167219e+03
    48.04233   5.559538793e+03
    48.10643   5.544959817e+03
    48.17061   5.530420619e+03
    48.23488   5.515921920e+03
    48.29924   5.501453952e+03
    48.36368   5.487006812e+03
    48.42821   5.472623411e+03
    48.49282   5.458262240e+03
    48.55752   5.443934496e+03
    48.62231   5.429651567e+03
    48.68718   5.415403488e+03
    48.75214   5.401190980e+03
    48.81719   5.387025474e+03
    48.88232   5.372896986e+03
    48.94754   5.358784510e+03
    49.01285   5.344732053e+03
    49.07824   5.330707846e+03
    49.14372   5.316723415e+03
    49.20929   5.302768535e+03
    49.27495   5.288854816e+03
    49.34069   5.274972005e+03
    49.40652   5.261131728e+03
    49.47244   5.247334788e+03
    49.53845   5.233559723e+03
    49.60455   5.219818220e+03
    49.67073   5.206122078e+03
    49.73700   5.192449721e+03
    49.80336   5.178824136e+03
    49.86981   5.165234861e+03
    49.93635   5.151671278e+03
