# Wavelength              Flux
#         um   erg s-1 cm-2 cm
     0.10000   1.923606465e-11
     0.10013   1.413182387e-11
     0.10027   1.193386212e-11
     0.10040   1.176175585e-11
     0.10053   1.740107085e-11
     0.10067   5.503679630e-12
     0.10080   6.156248400e-12
     0.10094   1.115373561e-11
     0.10107   1.271594690e-11
     0.10121   1.430857455e-11
     0.10134   1.165879075e-11
     0.10148   1.152820853e-11
     0.10161   1.469959783e-11
     0.10175   2.010494730e-11
     0.10188   2.967517708e-11
     0.10202   2.506571153e-11
     0.10216   2.489008473e-11
     0.10229   3.321111179e-11
     0.10243   2.583522044e-11
     0.10257   7.827858511e-12
     0.10270   3.026126620e-11
     0.10284   2.844611880e-11
     0.10298   3.052038290e-11
     0.10311   1.785388228e-11
     0.10325   7.273404851e-11
     0.10339   6.142322098e-11
     0.10353   3.553116516e-11
     0.10367   7.234960045e-11
     0.10380   1.369631682e-10
     0.10394   1.278094849e-10
     0.10408   7.055916906e-11
     0.10422   1.022042155e-10
     0.10436   1.507211048e-10
     0.10450   8.900288792e-11
     0.10464   1.869572214e-10
     0.10478   1.308837195e-10
     0.10492   8.701424229e-11
     0.10506   9.575419398e-11
     0.10520   8.309031025e-11
     0.10534   1.349608733e-10
     0.10548   9.054101125e-11
     0.10562   9.432346326e-11
     0.10576   1.531873545e-10
     0.10590   8.488688167e-11
     0.10604   3.479664585e-10
     0.10618   2.132206298e-10
     0.10633   2.468607046e-10
     0.10647   2.340209841e-10
     0.10661   1.762237729e-10
     0.10675   2.695557174e-10
     0.10689   3.127831532e-10
     0.10704   2.054188209e-10
     0.10718   3.077396210e-10
     0.10732   1.799693400e-10
     0.10747   1.975524809e-10
     0.10761   5.434312045e-10
     0.10775   1.834210642e-10
     0.10790   3.250426242e-10
     0.10804   1.558517057e-10
     0.10818   4.101650269e-10
     0.10833   4.521183161e-10
     0.10847   4.801641341e-10
     0.10862   4.234918987e-10
     0.10876   8.416052714e-10
     0.10891   7.061713177e-10
     0.10905   7.271712334e-10
     0.10920   6.672653325e-10
     0.10934   9.359611794e-10
     0.10949   9.291429153e-10
     0.10964   9.543140212e-10
     0.10978   4.558221797e-10
     0.10993   8.654440284e-10
     0.11008   5.431849304e-10
     0.11022   1.373385125e-09
     0.11037   1.507706416e-09
     0.11052   1.611225959e-09
     0.11066   1.089317997e-09
     0.11081   6.159481719e-10
     0.11096   1.047794629e-09
     0.11111   1.906486223e-09
     0.11126   1.788605564e-09
     0.11140   1.286294814e-09
     0.11155   1.026276462e-09
     0.11170   1.610570877e-09
     0.11185   1.504505784e-09
     0.11200   2.383984276e-09
     0.11215   1.749269779e-09
     0.11230   2.954415066e-09
     0.11245   2.474742931e-09
     0.11260   3.516007602e-09
     0.11275   1.786175666e-09
     0.11290   3.659680137e-09
     0.11305   2.820074623e-09
     0.11320   3.526254931e-09
     0.11335   4.318598604e-09
     0.11350   2.418607545e-09
     0.11366   3.170597529e-09
     0.11381   3.904129289e-09
     0.11396   1.278131781e-09
     0.11411   3.776966526e-09
     0.11426   4.976087301e-09
     0.11442   4.197423652e-09
     0.11457   4.572288820e-09
     0.11472   4.551040221e-09
     0.11487   4.217593493e-09
     0.11503   3.579187123e-09
     0.11518   3.402131127e-09
     0.11533   5.211386589e-09
     0.11549   4.585997537e-09
     0.11564   4.232008392e-09
     0.11580   4.424167731e-09
     0.11595   3.481045937e-09
     0.11611   3.326736796e-09
     0.11626   3.726163751e-09
     0.11642   3.995915295e-09
     0.11657   3.011155850e-09
     0.11673   3.651684899e-09
     0.11688   4.305235349e-09
     0.11704   3.275938254e-09
     0.11719   3.719378169e-09
     0.11735   4.371585613e-09
     0.11751   5.494671559e-09
     0.11766   6.170480666e-09
     0.11782   8.311968149e-09
     0.11798   6.823850639e-09
     0.11814   6.396616925e-09
     0.11829   8.621788511e-09
     0.11845   7.377585687e-09
     0.11861   6.653803643e-09
     0.11877   6.531368009e-09
     0.11893   7.404862405e-09
     0.11908   6.347470949e-09
     0.11924   7.287073094e-09
     0.11940   6.552790556e-09
     0.11956   1.967867188e-08
     0.11972   2.817174591e-08
     0.11988   3.559934707e-08
     0.12004   2.957635293e-08
     0.12020   2.430524879e-08
     0.12036   3.121224797e-08
     0.12052   3.638565878e-08
     0.12068   2.338838710e-08
     0.12084   3.110426641e-08
     0.12101   1.688998544e-08
     0.12117   1.325620161e-08
     0.12133   5.881798434e-09
     0.12149   2.605408561e-09
     0.12165   1.344706198e-09
     0.12182   6.010608107e-09
     0.12198   1.106138101e-08
     0.12214   2.826529914e-08
     0.12230   4.396326711e-08
     0.12247   4.912510636e-08
     0.12263   6.278705901e-08
     0.12279   5.809475124e-08
     0.12296   7.112282023e-08
     0.12312   9.268201559e-08
     0.12329   9.798138242e-08
     0.12345   9.365142159e-08
     0.12361   9.322697787e-08
     0.12378   1.316879053e-07
     0.12394   1.207419092e-07
     0.12411   8.839433921e-08
     0.12428   1.087692204e-07
     0.12444   1.517967488e-07
     0.12461   1.597470792e-07
     0.12477   1.311353307e-07
     0.12494   1.400091632e-07
     0.12511   1.754048555e-07
     0.12527   1.755117037e-07
     0.12544   1.700606676e-07
     0.12561   1.391773343e-07
     0.12578   1.462869363e-07
     0.12594   2.055500770e-07
     0.12611   1.757587595e-07
     0.12628   1.765850749e-07
     0.12645   2.590704558e-07
     0.12662   1.840816043e-07
     0.12679   2.418365749e-07
     0.12696   2.507710026e-07
     0.12712   2.347009950e-07
     0.12729   2.557557279e-07
     0.12746   2.785471152e-07
     0.12763   2.572613964e-07
     0.12780   2.864500089e-07
     0.12798   2.853172031e-07
     0.12815   3.161073349e-07
     0.12832   4.008568201e-07
     0.12849   3.467068024e-07
     0.12866   2.745225941e-07
     0.12883   3.940772299e-07
     0.12900   4.233594761e-07
     0.12918   4.649553343e-07
     0.12935   3.256808781e-07
     0.12952   5.608002948e-07
     0.12969   6.020986548e-07
     0.12987   5.876487472e-07
     0.13004   5.968674459e-07
     0.13021   5.905621869e-07
     0.13039   6.598360370e-07
     0.13056   6.648871817e-07
     0.13073   7.089673488e-07
     0.13091   8.017369783e-07
     0.13108   7.994294682e-07
     0.13126   8.205261795e-07
     0.13143   6.575427630e-07
     0.13161   7.481070457e-07
     0.13178   7.293980750e-07
     0.13196   8.187298452e-07
     0.13214   7.945805722e-07
     0.13231   8.261262670e-07
     0.13249   7.857569343e-07
     0.13267   8.823363241e-07
     0.13284   1.025691171e-06
     0.13302   8.749979838e-07
     0.13320   8.475604010e-07
     0.13338   1.109771495e-06
     0.13355   1.136982256e-06
     0.13373   1.423372056e-06
     0.13391   1.076571149e-06
     0.13409   1.537213572e-06
     0.13427   1.341106019e-06
     0.13445   1.554296960e-06
     0.13463   1.564606994e-06
     0.13481   1.578904507e-06
     0.13499   1.612642417e-06
     0.13517   1.876077584e-06
     0.13535   2.070397316e-06
     0.13553   2.041458197e-06
     0.13571   1.855125248e-06
     0.13589   2.231496282e-06
     0.13607   2.153533041e-06
     0.13625   2.118064194e-06
     0.13643   2.180097903e-06
     0.13662   2.187763344e-06
     0.13680   2.595596106e-06
     0.13698   2.546088684e-06
     0.13716   2.316630120e-06
     0.13735   2.732407904e-06
     0.13753   2.886752741e-06
     0.13771   3.212328185e-06
     0.13790   3.377938209e-06
     0.13808   3.424799927e-06
     0.13826   3.909543316e-06
     0.13845   4.062336728e-06
     0.13863   4.244933314e-06
     0.13882   4.589847140e-06
     0.13900   5.000166472e-06
     0.13919   5.240224869e-06
     0.13938   4.831953735e-06
     0.13956   5.282624055e-06
     0.13975   6.338271535e-06
     0.13993   6.589123685e-06
     0.14012   6.392937031e-06
     0.14031   6.615570779e-06
     0.14049   7.283604244e-06
     0.14068   6.925942984e-06
     0.14087   7.109825760e-06
     0.14106   6.814668027e-06
     0.14125   7.926110922e-06
     0.14143   7.613168898e-06
     0.14162   9.227389194e-06
     0.14181   8.098078141e-06
     0.14200   1.048499997e-05
     0.14219   1.094589211e-05
     0.14238   1.094700915e-05
     0.14257   1.208831098e-05
     0.14276   1.265069742e-05
     0.14295   1.289403116e-05
     0.14314   1.328771735e-05
     0.14333   1.105459512e-05
     0.14352   1.366863579e-05
     0.14372   1.470153701e-05
     0.14391   1.512506796e-05
     0.14410   1.441109994e-05
     0.14429   1.545394542e-05
     0.14448   1.456749753e-05
     0.14468   1.782049480e-05
     0.14487   1.645836216e-05
     0.14506   1.922004087e-05
     0.14526   1.887684428e-05
     0.14545   1.975241416e-05
     0.14564   2.225382422e-05
     0.14584   2.261686769e-05
     0.14603   2.398554657e-05
     0.14623   2.475330446e-05
     0.14642   2.489337816e-05
     0.14662   2.663182716e-05
     0.14681   2.422483102e-05
     0.14701   2.436336659e-05
     0.14721   2.724852127e-05
     0.14740   2.589733124e-05
     0.14760   3.171985226e-05
     0.14780   2.990418305e-05
     0.14799   3.443663310e-05
     0.14819   3.477888806e-05
     0.14839   3.669990402e-05
     0.14859   3.778004183e-05
     0.14879   3.887801464e-05
     0.14898   4.059930858e-05
     0.14918   4.287634851e-05
     0.14938   4.387003112e-05
     0.14958   4.518072640e-05
     0.14978   4.698083178e-05
     0.14998   4.922238924e-05
     0.15018   5.030268454e-05
     0.15038   5.283142137e-05
     0.15058   5.475076645e-05
     0.15078   5.668643501e-05
     0.15098   5.887567325e-05
     0.15118   6.053635862e-05
     0.15139   6.235985888e-05
     0.15159   6.521667699e-05
     0.15179   6.040234710e-05
     0.15199   7.101097888e-05
     0.15220   9.442388331e-05
     0.15240   1.518277890e-04
     0.15260   3.224135239e-04
     0.15281   4.662385319e-04
     0.15301   4.478926808e-04
     0.15321   4.787077063e-04
     0.15342   4.287743306e-04
     0.15362   4.440836561e-04
     0.15383   4.466723739e-04
     0.15403   4.138873235e-04
     0.15424   5.926045632e-04
     0.15444   4.983380336e-04
     0.15465   4.386850413e-04
     0.15486   3.663340970e-04
     0.15506   4.336108449e-04
     0.15527   5.270238053e-04
     0.15548   4.725648774e-04
     0.15569   6.382818929e-04
     0.15589   5.248459122e-04
     0.15610   5.184625296e-04
     0.15631   8.656727489e-04
     0.15652   1.315425490e-03
     0.15673   1.471616984e-03
     0.15694   2.110224471e-03
     0.15715   2.175843730e-03
     0.15735   2.191821178e-03
     0.15756   2.326785373e-03
     0.15778   2.647046174e-03
     0.15799   2.578965402e-03
     0.15820   2.344930439e-03
     0.15841   2.519559936e-03
     0.15862   1.981636713e-03
     0.15883   1.970805893e-03
     0.15904   2.507834033e-03
     0.15925   2.434965825e-03
     0.15947   2.520034935e-03
     0.15968   2.635675923e-03
     0.15989   3.227024328e-03
     0.16011   2.653886844e-03
     0.16032   2.509677283e-03
     0.16053   2.168144134e-03
     0.16075   2.322537459e-03
     0.16096   1.512530390e-03
     0.16118   1.923019122e-03
     0.16139   2.885098038e-03
     0.16161   2.681136214e-03
     0.16182   3.561806008e-03
     0.16204   3.744651701e-03
     0.16226   6.333854361e-03
     0.16247   5.310927687e-03
     0.16269   2.334249743e-03
     0.16291   3.081980962e-03
     0.16312   5.245642159e-03
     0.16334   5.298810719e-03
     0.16356   5.765417545e-03
     0.16378   8.048908342e-03
     0.16400   8.926668012e-03
     0.16421   7.035132743e-03
     0.16443   1.315031486e-02
     0.16465   9.614991188e-03
     0.16487   6.865921280e-03
     0.16509   8.560016868e-03
     0.16531   9.233559972e-03
     0.16553   1.272909554e-02
     0.16575   1.145424200e-02
     0.16597   1.391892179e-02
     0.16620   1.406098360e-02
     0.16642   1.787969254e-02
     0.16664   1.168324663e-02
     0.16686   8.608671101e-03
     0.16709   4.239139377e-03
     0.16731   4.086629481e-03
     0.16753   6.161236377e-03
     0.16775   7.800973098e-03
     0.16798   1.123096990e-02
     0.16820   9.455067076e-03
     0.16843   3.614378667e-02
     0.16865   2.106489290e-02
     0.16888   2.830033333e-02
     0.16910   2.585370214e-02
     0.16933   2.224862368e-02
     0.16955   2.070844034e-02
     0.16978   3.939785918e-02
     0.17001   1.513130635e-02
     0.17023   1.115118298e-02
     0.17046   2.095038134e-02
     0.17069   3.636642991e-02
     0.17092   3.665540529e-02
     0.17114   5.379476420e-02
     0.17137   8.889908903e-02
     0.17160   4.769601256e-02
     0.17183   4.037306748e-02
     0.17206   5.096097240e-02
     0.17229   5.865134906e-02
     0.17252   7.417831439e-02
     0.17275   5.176169212e-02
     0.17298   7.403859057e-02
     0.17321   5.048438805e-02
     0.17344   4.384806346e-02
     0.17367   4.824747089e-02
     0.17390   5.414303390e-02
     0.17414   5.374317401e-02
     0.17437   1.022055948e-01
     0.17460   7.389348619e-02
     0.17483   8.197208990e-02
     0.17507   8.977097072e-02
     0.17530   9.141570939e-02
     0.17553   1.164030673e-01
     0.17577   1.329318603e-01
     0.17600   1.523501373e-01
     0.17624   1.432395250e-01
     0.17647   1.318581229e-01
     0.17671   2.056426462e-01
     0.17694   1.786711303e-01
     0.17718   1.673602674e-01
     0.17742   1.965833236e-01
     0.17765   1.775496644e-01
     0.17789   2.160741515e-01
     0.17813   2.349785959e-01
     0.17837   2.529537488e-01
     0.17860   2.514120109e-01
     0.17884   3.231354169e-01
     0.17908   2.644585376e-01
     0.17932   2.431576547e-01
     0.17956   3.441757074e-01
     0.17980   3.141538360e-01
     0.18004   3.616516110e-01
     0.18028   4.361736061e-01
     0.18052   3.907140554e-01
     0.18076   3.543001120e-01
     0.18100   3.535889343e-01
     0.18124   3.387444392e-01
     0.18148   3.356047767e-01
     0.18173   4.292646078e-01
     0.18197   4.094783257e-01
     0.18221   4.160305460e-01
     0.18246   3.565743470e-01
     0.18270   3.653794390e-01
     0.18294   3.489325321e-01
     0.18319   3.642319579e-01
     0.18343   3.093150180e-01
     0.18368   3.061833572e-01
     0.18392   2.435633674e-01
     0.18417   1.914811227e-01
     0.18441   2.837938349e-01
     0.18466   1.630655383e-01
     0.18490   1.954239774e-01
     0.18515   2.043526706e-01
     0.18540   2.699361178e-01
     0.18565   2.234437517e-01
     0.18589   3.162589907e-01
     0.18614   3.489941969e-01
     0.18639   3.878497679e-01
     0.18664   4.006701251e-01
     0.18689   5.096389804e-01
     0.18714   4.842292574e-01
     0.18739   4.210941383e-01
     0.18764   4.281353586e-01
     0.18789   3.909857588e-01
     0.18814   4.538852587e-01
     0.18839   4.831471225e-01
     0.18864   5.578135159e-01
     0.18889   5.689008505e-01
     0.18914   6.139394906e-01
     0.18940   5.742774834e-01
     0.18965   6.405307135e-01
     0.18990   6.023267080e-01
     0.19015   8.363939560e-01
     0.19041   9.475795268e-01
     0.19066   1.055840714e+00
     0.19092   1.147152552e+00
     0.19117   1.177129800e+00
     0.19143   1.270392018e+00
     0.19168   1.262639403e+00
     0.19194   1.006208172e+00
     0.19219   7.505430567e-01
     0.19245   5.080808112e-01
     0.19271   5.863056757e-01
     0.19296   4.365210715e-01
     0.19322   7.068611484e-01
     0.19348   6.667655878e-01
     0.19374   5.057202817e-01
     0.19400   3.887048832e-01
     0.19425   5.877568933e-01
     0.19451   3.912156342e-01
     0.19477   6.675236721e-01
     0.19503   8.299858523e-01
     0.19529   1.007520811e+00
     0.19555   1.096362180e+00
     0.19581   1.214040552e+00
     0.19608   1.136841713e+00
     0.19634   1.570901566e+00
     0.19660   1.650594080e+00
     0.19686   1.410665234e+00
     0.19712   1.850961433e+00
     0.19739   1.558639764e+00
     0.19765   1.489222280e+00
     0.19791   1.705552921e+00
     0.19818   1.916336418e+00
     0.19844   2.116693184e+00
     0.19871   2.355563381e+00
     0.19897   2.304062921e+00
     0.19924   2.524554336e+00
     0.19950   2.795472878e+00
     0.19977   2.860198045e+00
     0.20004   2.910607965e+00
     0.20030   3.002997334e+00
     0.20057   2.947280641e+00
     0.20084   2.724307898e+00
     0.20111   2.719622004e+00
     0.20138   2.828565871e+00
     0.20164   2.889248157e+00
     0.20191   3.051965437e+00
     0.20218   2.594565186e+00
     0.20245   2.407991916e+00
     0.20272   2.335147200e+00
     0.20299   2.510976232e+00
     0.20326   2.350295286e+00
     0.20353   2.120708285e+00
     0.20381   2.610819591e+00
     0.20408   2.822743445e+00
     0.20435   3.022993764e+00
     0.20462   3.627586406e+00
     0.20490   3.893638784e+00
     0.20517   4.344914336e+00
     0.20544   4.247363888e+00
     0.20572   4.733961467e+00
     0.20599   4.558382138e+00
     0.20627   4.785541049e+00
     0.20654   5.582521580e+00
     0.20682   8.287474513e+00
     0.20709   1.144545912e+01
     0.20737   1.289618862e+01
     0.20765   1.518093269e+01
     0.20792   1.449263024e+01
     0.20820   1.458405068e+01
     0.20848   1.324188506e+01
     0.20876   1.216210343e+01
     0.20904   1.635882566e+01
     0.20931   1.292187225e+01
     0.20959   1.073464405e+01
     0.20987   1.026121597e+01
     0.21015   1.006858656e+01
     0.21043   7.670307056e+00
     0.21071   9.465510468e+00
     0.21100   7.311871274e+00
     0.21128   1.415700792e+01
     0.21156   6.587632253e+00
     0.21184   9.853375662e+00
     0.21212   1.130095476e+01
     0.21241   1.081447128e+01
     0.21269   1.431876243e+01
     0.21297   1.300443056e+01
     0.21326   1.767808130e+01
     0.21354   1.585180282e+01
     0.21383   1.436677686e+01
     0.21411   1.523065656e+01
     0.21440   1.109708177e+01
     0.21468   8.466145572e+00
     0.21497   6.581827353e+00
     0.21526   8.167166860e+00
     0.21555   1.004037761e+01
     0.21583   1.170266596e+01
     0.21612   1.222177948e+01
     0.21641   1.283218398e+01
     0.21670   1.641562754e+01
     0.21699   1.666169199e+01
     0.21728   1.531392119e+01
     0.21757   2.132113852e+01
     0.21786   1.388008351e+01
     0.21815   1.167224843e+01
     0.21844   1.190115988e+01
     0.21873   1.872108643e+01
     0.21902   3.033282068e+01
     0.21931   2.835366174e+01
     0.21961   3.146645714e+01
     0.21990   2.421703657e+01
     0.22019   2.572584324e+01
     0.22049   1.969881620e+01
     0.22078   2.723431799e+01
     0.22108   2.014102435e+01
     0.22137   2.276215704e+01
     0.22167   1.894322299e+01
     0.22196   1.771055287e+01
     0.22226   1.585453245e+01
     0.22255   2.435664716e+01
     0.22285   2.112008026e+01
     0.22315   2.870068027e+01
     0.22345   2.887017731e+01
     0.22374   2.920262005e+01
     0.22404   3.681844768e+01
     0.22434   5.017348066e+01
     0.22464   6.302847701e+01
     0.22494   7.083810374e+01
     0.22524   6.227687527e+01
     0.22554   4.974308885e+01
     0.22584   3.378816024e+01
     0.22614   2.258233594e+01
     0.22645   1.727479236e+01
     0.22675   1.338314865e+01
     0.22705   2.208800096e+01
     0.22735   1.895490755e+01
     0.22766   1.772117183e+01
     0.22796   2.406351601e+01
     0.22826   2.959436611e+01
     0.22857   3.406437022e+01
     0.22887   4.253771857e+01
     0.22918   5.410513062e+01
     0.22948   6.099724824e+01
     0.22979   5.069577311e+01
     0.23010   3.347506010e+01
     0.23040   3.536578558e+01
     0.23071   4.179279070e+01
     0.23102   5.008538538e+01
     0.23133   4.970390495e+01
     0.23164   5.926074498e+01
     0.23195   5.305472019e+01
     0.23226   4.987353195e+01
     0.23257   6.089119623e+01
     0.23288   6.703802164e+01
     0.23319   5.521002850e+01
     0.23350   8.964607191e+01
     0.23381   5.559356053e+01
     0.23412   7.482281980e+01
     0.23443   4.664917815e+01
     0.23475   4.187381204e+01
     0.23506   4.779133981e+01
     0.23537   6.420651438e+01
     0.23569   5.486807067e+01
     0.23600   5.821941384e+01
     0.23632   6.181680434e+01
     0.23663   5.000533090e+01
     0.23695   5.297937307e+01
     0.23726   4.315555087e+01
     0.23758   7.451568527e+01
     0.23790   4.536198654e+01
     0.23821   3.732266882e+01
     0.23853   7.060413878e+01
     0.23885   9.998625649e+01
     0.23917   5.538831089e+01
     0.23949   7.865109688e+01
     0.23981   1.291955158e+02
     0.24013   1.056598307e+02
     0.24045   1.283832933e+02
     0.24077   1.124263778e+02
     0.24109   1.141777029e+02
     0.24141   9.393636930e+01
     0.24173   1.134988259e+02
     0.24206   8.726026962e+01
     0.24238   1.093883919e+02
     0.24270   9.654691342e+01
     0.24303   9.259981895e+01
     0.24335   1.048312541e+02
     0.24368   9.184289212e+01
     0.24400   9.287735629e+01
     0.24433   1.636670384e+02
     0.24465   2.216265378e+02
     0.24498   1.947785551e+02
     0.24531   2.642244026e+02
     0.24563   3.036423849e+02
     0.24596   2.068771654e+02
     0.24629   1.980788472e+02
     0.24662   2.428395291e+02
     0.24695   2.165835022e+02
     0.24728   2.055247428e+02
     0.24761   2.248431280e+02
     0.24794   1.931506407e+02
     0.24827   1.465018726e+02
     0.24860   1.404701028e+02
     0.24893   9.260537198e+01
     0.24926   9.014706228e+01
     0.24959   1.151844465e+02
     0.24993   1.172578634e+02
     0.25026   8.985772469e+01
     0.25059   1.179021426e+02
     0.25093   1.204480848e+02
     0.25126   9.118672182e+01
     0.25160   9.039520369e+01
     0.25193   1.010699515e+02
     0.25227   1.190698145e+02
     0.25261   1.501999892e+02
     0.25294   1.075247627e+02
     0.25328   2.205216987e+02
     0.25362   2.275448589e+02
     0.25396   2.513594825e+02
     0.25430   2.430820026e+02
     0.25464   2.524580481e+02
     0.25498   2.830298846e+02
     0.25532   3.995575916e+02
     0.25566   3.009081277e+02
     0.25600   2.843371238e+02
     0.25634   2.613352324e+02
     0.25668   3.602952497e+02
     0.25702   3.552961106e+02
     0.25737   4.014113384e+02
     0.25771   3.247501126e+02
     0.25805   4.565765099e+02
     0.25840   4.823726855e+02
     0.25874   5.205353656e+02
     0.25909   4.975426528e+02
     0.25943   7.334519031e+02
     0.25978   7.341441672e+02
     0.26013   6.353153870e+02
     0.26047   5.944143198e+02
     0.26082   4.292196768e+02
     0.26117   5.043334951e+02
     0.26152   3.174801877e+02
     0.26187   5.143625360e+02
     0.26222   6.687606156e+02
     0.26257   4.351397425e+02
     0.26292   4.768822610e+02
     0.26327   5.994787271e+02
     0.26362   1.130460327e+03
     0.26397   2.545981268e+03
     0.26432   1.786039262e+03
     0.26468   1.701062136e+03
     0.26503   2.044973930e+03
     0.26538   1.305779162e+03
     0.26574   1.143516662e+03
     0.26609   7.751852750e+02
     0.26645   1.226987004e+03
     0.26680   8.224570787e+02
     0.26716   9.551886599e+02
     0.26751   1.347458834e+03
     0.26787   1.477450482e+03
     0.26823   1.265144208e+03
     0.26859   1.788411465e+03
     0.26894   1.365398973e+03
     0.26930   1.515465344e+03
     0.26966   7.226561625e+02
     0.27002   9.967609877e+02
     0.27038   1.035306341e+03
     0.27074   1.183884966e+03
     0.27110   1.309991934e+03
     0.27147   9.531995231e+02
     0.27183   6.859412320e+02
     0.27219   8.182045783e+02
     0.27255   8.356287237e+02
     0.27292   1.366590075e+03
     0.27328   1.113017094e+03
     0.27365   9.605106213e+02
     0.27401   1.264530245e+03
     0.27438   9.779525088e+02
     0.27474   1.408447166e+03
     0.27511   1.208372671e+03
     0.27548   1.344408496e+03
     0.27584   1.302835389e+03
     0.27621   1.488336833e+03
     0.27658   2.221539016e+03
     0.27695   1.201293042e+03
     0.27732   1.428696211e+03
     0.27769   1.325500075e+03
     0.27806   8.857800088e+02
     0.27843   1.184041528e+03
     0.27880   1.106216339e+03
     0.27917   1.022176680e+03
     0.27955   5.825708608e+02
     0.27992   7.475822607e+02
     0.28029   7.857705262e+02
     0.28067   1.352096732e+03
     0.28104   1.966936339e+03
     0.28142   1.867574961e+03
     0.28179   1.776700691e+03
     0.28217   2.272575125e+03
     0.28254   1.970647292e+03
     0.28292   2.082041145e+03
     0.28330   1.951397485e+03
     0.28368   1.675949604e+03
     0.28406   1.444341666e+03
     0.28443   1.205539956e+03
     0.28481   8.431191059e+02
     0.28519   4.687916150e+02
     0.28557   7.902814118e+02
     0.28596   1.234855689e+03
     0.28634   1.685116381e+03
     0.28672   2.138098230e+03
     0.28710   2.614049893e+03
     0.28748   2.911178914e+03
     0.28787   3.706066491e+03
     0.28825   3.955191253e+03
     0.28864   5.319825954e+03
     0.28902   5.099639114e+03
     0.28941   4.718359515e+03
     0.28979   6.151475581e+03
     0.29018   6.114715999e+03
     0.29057   6.223880397e+03
     0.29096   6.943063609e+03
     0.29134   4.723316013e+03
     0.29173   8.065338617e+03
     0.29212   1.048068214e+04
     0.29251   7.631591054e+03
     0.29290   5.622232136e+03
     0.29329   6.423477976e+03
     0.29368   3.714703821e+03
     0.29408   3.521725794e+03
     0.29447   4.302874160e+03
     0.29486   3.471748473e+03
     0.29525   5.240338521e+03
     0.29565   3.122249421e+03
     0.29604   4.854317146e+03
     0.29644   5.893097178e+03
     0.29683   3.288663633e+03
     0.29723   3.768835737e+03
     0.29763   5.586623719e+03
     0.29802   6.928155866e+03
     0.29842   2.989957594e+03
     0.29882   3.711047744e+03
     0.29922   5.390079097e+03
     0.29962   2.715002114e+03
     0.30002   5.214158345e+03
     0.30042   7.414941930e+03
     0.30082   1.010685490e+04
     0.30122   1.306836372e+04
     0.30162   1.375334536e+04
     0.30202   1.092122125e+04
     0.30243   1.058571753e+04
     0.30283   1.059178953e+04
     0.30323   1.040899362e+04
     0.30364   9.124390638e+03
     0.30404   6.934006198e+03
     0.30445   6.320262981e+03
     0.30486   4.393726684e+03
     0.30526   6.132083543e+03
     0.30567   8.319712852e+03
     0.30608   1.186355641e+04
     0.30649   1.904314972e+04
     0.30689   2.372335173e+04
     0.30730   2.966819789e+04
     0.30771   2.039547714e+04
     0.30812   1.440815054e+04
     0.30854   1.518900279e+04
     0.30895   1.009360390e+04
     0.30936   5.455756459e+03
     0.30977   8.967036683e+03
     0.31019   8.720557023e+03
     0.31060   1.810188877e+04
     0.31101   2.915616414e+04
     0.31143   3.053982637e+04
     0.31184   2.207609481e+04
     0.31226   2.133170742e+04
     0.31268   2.151699869e+04
     0.31309   2.603686621e+04
     0.31351   1.183844624e+04
     0.31393   1.771003767e+04
     0.31435   1.444555524e+04
     0.31477   1.802842192e+04
     0.31519   4.343137599e+04
     0.31561   3.637496261e+04
     0.31603   3.295041043e+04
     0.31645   5.221373827e+04
     0.31687   5.376090791e+04
     0.31730   6.119298664e+04
     0.31772   5.076466714e+04
     0.31814   2.653113177e+04
     0.31857   1.571496311e+04
     0.31899   3.500197458e+04
     0.31942   1.835262029e+04
     0.31985   2.584968260e+04
     0.32027   3.765867595e+04
     0.32070   4.919127825e+04
     0.32113   2.795872332e+04
     0.32156   2.586811678e+04
     0.32198   2.472282330e+04
     0.32241   1.509900291e+04
     0.32284   1.095192214e+04
     0.32328   1.535580673e+04
     0.32371   1.949488901e+04
     0.32414   2.382505129e+04
     0.32457   2.220600258e+04
     0.32500   2.553824069e+04
     0.32544   3.099350865e+04
     0.32587   5.758538915e+04
     0.32631   4.595414476e+04
     0.32674   4.831902723e+04
     0.32718   3.486889200e+04
     0.32761   4.760833732e+04
     0.32805   4.452971209e+04
     0.32849   6.064572257e+04
     0.32893   5.363640652e+04
     0.32937   5.465808098e+04
     0.32981   7.011795778e+04
     0.33025   6.528434990e+04
     0.33069   5.158483046e+04
     0.33113   5.787737346e+04
     0.33157   3.355522320e+04
     0.33201   4.456161174e+04
     0.33245   3.211967884e+04
     0.33290   4.016829184e+04
     0.33334   3.452842275e+04
     0.33379   2.547974871e+04
     0.33423   2.775499185e+04
     0.33468   3.418983685e+04
     0.33513   2.849604784e+04
     0.33557   3.793945173e+04
     0.33602   1.894295500e+04
     0.33647   2.830723071e+04
     0.33692   1.485744141e+04
     0.33737   1.355695046e+04
     0.33782   2.777212916e+04
     0.33827   1.780945188e+04
     0.33872   1.919428786e+04
     0.33917   1.806437133e+04
     0.33962   2.748105661e+04
     0.34008   3.572098184e+04
     0.34053   2.942092654e+04
     0.34098   3.287323549e+04
     0.34144   2.443287573e+04
     0.34190   3.218372340e+04
     0.34235   2.980771201e+04
     0.34281   2.772577516e+04
     0.34327   2.419351240e+04
     0.34372   2.377150538e+04
     0.34418   2.561114256e+04
     0.34464   3.719505363e+04
     0.34510   5.620632885e+04
     0.34556   6.913360684e+04
     0.34602   5.062588736e+04
     0.34648   4.160277682e+04
     0.34695   4.058100336e+04
     0.34741   2.530629523e+04
     0.34787   1.677326982e+04
     0.34834   3.609887761e+04
     0.34880   3.102224666e+04
     0.34927   1.088687656e+04
     0.34973   1.716635192e+04
     0.35020   2.649161025e+04
     0.35067   4.328552905e+04
     0.35113   2.446861207e+04
     0.35160   2.095849495e+04
     0.35207   2.163059839e+04
     0.35254   2.495790185e+04
     0.35301   4.553505716e+04
     0.35348   6.912055226e+04
     0.35396   8.327084693e+04
     0.35443   8.455057361e+04
     0.35490   7.665995837e+04
     0.35537   7.506706929e+04
     0.35585   6.703552649e+04
     0.35632   6.956004014e+04
     0.35680   5.047805822e+04
     0.35727   4.195761998e+04
     0.35775   3.404231865e+04
     0.35823   2.398491254e+04
     0.35871   1.826433016e+04
     0.35918   2.405628070e+04
     0.35966   2.367521719e+04
     0.36014   4.993382250e+04
     0.36062   2.277843119e+04
     0.36111   2.352541312e+04
     0.36159   3.116135728e+04
     0.36207   2.021493559e+04
     0.36255   3.954567348e+04
     0.36304   2.738074679e+04
     0.36352   2.708634042e+04
     0.36401   5.398633612e+04
     0.36449   5.006838814e+04
     0.36498   4.711170934e+04
     0.36546   7.886456378e+04
     0.36595   9.873544182e+04
     0.36644   9.338673667e+04
     0.36693   6.278342165e+04
     0.36742   7.565500547e+04
     0.36791   4.702819441e+04
     0.36840   4.485801624e+04
     0.36889   4.048195796e+04
     0.36938   6.954125984e+04
     0.36988   9.594194072e+04
     0.37037   4.311926992e+04
     0.37086   2.774150817e+04
     0.37136   5.031565637e+04
     0.37185   2.575845552e+04
     0.37235   1.988029099e+04
     0.37285   2.650041106e+04
     0.37335   2.063116052e+04
     0.37384   1.536249906e+04
     0.37434   1.971380973e+04
     0.37484   1.537192713e+04
     0.37534   3.319036135e+04
     0.37584   4.043936585e+04
     0.37634   4.624118837e+04
     0.37685   5.881989428e+04
     0.37735   9.747025699e+04
     0.37785   9.283571002e+04
     0.37836   1.316698454e+05
     0.37886   9.920251126e+04
     0.37937   1.134422970e+05
     0.37987   8.471947722e+04
     0.38038   1.080167189e+05
     0.38089   6.802386948e+04
     0.38140   4.861410191e+04
     0.38190   2.441132494e+04
     0.38241   2.441460583e+04
     0.38292   2.851066039e+04
     0.38344   3.439056927e+04
     0.38395   3.549737299e+04
     0.38446   4.959238771e+04
     0.38497   5.150277049e+04
     0.38549   4.508246871e+04
     0.38600   2.308100253e+04
     0.38651   3.470243084e+04
     0.38703   5.092545876e+04
     0.38755   4.728891952e+04
     0.38806   4.926230124e+04
     0.38858   4.729529004e+04
     0.38910   6.502955890e+04
     0.38962   6.530591689e+04
     0.39014   6.795160435e+04
     0.39066   7.679087724e+04
     0.39118   1.292324934e+05
     0.39170   1.066524241e+05
     0.39223   6.019648031e+04
     0.39275   5.615208944e+04
     0.39327   3.099898058e+04
     0.39380   3.871539782e+04
     0.39432   4.873695178e+04
     0.39485   6.571240501e+04
     0.39538   1.042770106e+05
     0.39590   7.419838086e+04
     0.39643   5.860398174e+04
     0.39696   4.948762805e+04
     0.39749   8.025091378e+04
     0.39802   1.088759801e+05
     0.39855   9.704697775e+04
     0.39908   1.488119081e+05
     0.39962   1.321201941e+05
     0.40015   1.380648196e+05
     0.40068   1.319580544e+05
     0.40122   1.695792146e+05
     0.40175   1.783843706e+05
     0.40229   1.955138202e+05
     0.40283   1.665202227e+05
     0.40336   9.397613048e+04
     0.40390   1.842561775e+05
     0.40444   1.267739104e+05
     0.40498   1.463152817e+05
     0.40552   1.826689724e+05
     0.40606   1.622711812e+05
     0.40660   1.147638402e+05
     0.40715   1.223495748e+05
     0.40769   1.315073948e+05
     0.40823   1.477105489e+05
     0.40878   2.063043453e+05
     0.40932   2.199596419e+05
     0.40987   1.761180250e+05
     0.41042   1.603271624e+05
     0.41096   1.887988104e+05
     0.41151   1.582182443e+05
     0.41206   1.823150185e+05
     0.41261   2.018661823e+05
     0.41316   1.417084202e+05
     0.41371   1.733856499e+05
     0.41426   1.829183237e+05
     0.41482   2.304375620e+05
     0.41537   2.549198158e+05
     0.41592   3.094631858e+05
     0.41648   3.233304463e+05
     0.41704   3.265815837e+05
     0.41759   2.699219832e+05
     0.41815   3.019369405e+05
     0.41871   2.621857902e+05
     0.41927   2.931241112e+05
     0.41982   2.153622972e+05
     0.42038   1.773893366e+05
     0.42095   2.126950670e+05
     0.42151   1.963313384e+05
     0.42207   1.455480473e+05
     0.42263   8.779440753e+04
     0.42320   1.164894039e+05
     0.42376   1.370561557e+05
     0.42433   1.976178923e+05
     0.42489   1.798315489e+05
     0.42546   1.916025486e+05
     0.42603   2.684430491e+05
     0.42660   3.284922483e+05
     0.42717   2.781704267e+05
     0.42773   2.747127039e+05
     0.42831   2.931719287e+05
     0.42888   2.522679833e+05
     0.42945   2.488432445e+05
     0.43002   2.270114616e+05
     0.43060   2.076195967e+05
     0.43117   2.037369618e+05
     0.43175   2.735722327e+05
     0.43232   2.719894297e+05
     0.43290   2.370597991e+05
     0.43348   3.323017412e+05
     0.43405   2.846039373e+05
     0.43463   3.502647631e+05
     0.43521   3.011129794e+05
     0.43579   2.935231426e+05
     0.43638   3.075209525e+05
     0.43696   2.401222551e+05
     0.43754   1.588051680e+05
     0.43812   1.684994333e+05
     0.43871   1.702240188e+05
     0.43929   2.816448180e+05
     0.43988   3.082128024e+05
     0.44047   2.740713545e+05
     0.44106   3.317350848e+05
     0.44164   3.156744398e+05
     0.44223   3.364263646e+05
     0.44282   3.272282970e+05
     0.44341   3.114695031e+05
     0.44401   3.998911685e+05
     0.44460   4.277781978e+05
     0.44519   4.487017915e+05
     0.44579   3.738922367e+05
     0.44638   4.369260286e+05
     0.44698   4.094060012e+05
     0.44757   4.222637719e+05
     0.44817   3.896297951e+05
     0.44877   3.922725352e+05
     0.44937   3.752698913e+05
     0.44997   4.028217770e+05
     0.45057   4.890507945e+05
     0.45117   5.143304752e+05
     0.45177   4.679890505e+05
     0.45237   4.229171064e+05
     0.45298   2.889841392e+05
     0.45358   2.689740825e+05
     0.45418   3.131506129e+05
     0.45479   2.831686830e+05
     0.45540   3.594260503e+05
     0.45600   4.263530656e+05
     0.45661   4.506916500e+05
     0.45722   4.454440487e+05
     0.45783   4.492158699e+05
     0.45844   4.018164706e+05
     0.45906   4.655510264e+05
     0.45967   4.872426910e+05
     0.46028   4.677727236e+05
     0.46090   4.982172215e+05
     0.46151   4.745811673e+05
     0.46213   4.576620268e+05
     0.46274   4.991944130e+05
     0.46336   4.764954234e+05
     0.46398   4.459945783e+05
     0.46460   4.376148128e+05
     0.46522   4.237666351e+05
     0.46584   4.529896775e+05
     0.46646   5.229122766e+05
     0.46708   5.098889692e+05
     0.46770   5.590716971e+05
     0.46833   5.938329521e+05
     0.46895   6.066657281e+05
     0.46958   6.363245328e+05
     0.47021   5.619184721e+05
     0.47083   5.638349219e+05
     0.47146   5.992857915e+05
     0.47209   6.334487452e+05
     0.47272   6.300978676e+05
     0.47335   6.191494500e+05
     0.47398   6.014155989e+05
     0.47461   6.623663304e+05
     0.47525   6.826520862e+05
     0.47588   6.154158786e+05
     0.47652   6.050542745e+05
     0.47715   6.232578578e+05
     0.47779   6.591950784e+05
     0.47843   6.226151991e+05
     0.47907   5.625821439e+05
     0.47970   6.262096331e+05
     0.48034   5.891097311e+05
     0.48099   5.273901263e+05
     0.48163   5.326645424e+05
     0.48227   4.885363807e+05
     0.48291   4.800163786e+05
     0.48356   4.510268373e+05
     0.48420   4.643943572e+05
     0.48485   5.311101296e+05
     0.48550   5.156845353e+05
     0.48614   5.124296730e+05
     0.48679   5.552278875e+05
     0.48744   5.078619433e+05
     0.48809   5.686997302e+05
     0.48874   5.893615126e+05
     0.48940   5.767427549e+05
     0.49005   6.776144003e+05
     0.49070   6.556595345e+05
     0.49136   6.302650109e+05
     0.49201   5.468722016e+05
     0.49267   6.215539669e+05
     0.49333   6.353902820e+05
     0.49398   4.850455563e+05
     0.49464   5.121105191e+05
     0.49530   5.058727616e+05
     0.49596   4.955422660e+05
     0.49663   6.638981562e+05
     0.49729   7.459640825e+05
     0.49795   7.162140165e+05
     0.49862   6.221410418e+05
     0.49928   5.437668969e+05
     0.49995   4.858053153e+05
     0.50061   4.709927786e+05
     0.50128   3.583209284e+05
     0.50195   4.845901523e+05
     0.50262   6.411099486e+05
     0.50329   7.621390192e+05
     0.50396   5.710624512e+05
     0.50464   7.151338200e+05
     0.50531   5.674240767e+05
     0.50598   6.503504250e+05
     0.50666   6.052609881e+05
     0.50733   4.949495536e+05
     0.50801   3.452876374e+05
     0.50869   5.155327240e+05
     0.50937   6.772115398e+05
     0.51005   6.547916049e+05
     0.51073   4.643029657e+05
     0.51141   5.191124520e+05
     0.51209   6.511963509e+05
     0.51277   5.079142129e+05
     0.51346   6.055201139e+05
     0.51414   5.521763824e+05
     0.51483   5.504175407e+05
     0.51552   5.409062868e+05
     0.51620   5.915100686e+05
     0.51689   4.465303999e+05
     0.51758   3.938139484e+05
     0.51827   3.074120652e+05
     0.51897   4.854141145e+05
     0.51966   4.957715175e+05
     0.52035   5.756197572e+05
     0.52105   4.646524509e+05
     0.52174   5.907870107e+05
     0.52244   7.253910069e+05
     0.52313   4.797145444e+05
     0.52383   6.171594486e+05
     0.52453   7.807185407e+05
     0.52523   7.844315574e+05
     0.52593   7.956876342e+05
     0.52663   4.762963504e+05
     0.52734   4.175249355e+05
     0.52804   7.275884467e+05
     0.52874   7.943944758e+05
     0.52945   8.224263645e+05
     0.53016   7.906804849e+05
     0.53086   8.060055242e+05
     0.53157   7.602646594e+05
     0.53228   7.932568144e+05
     0.53299   4.835086842e+05
     0.53370   4.911201365e+05
     0.53441   6.453001544e+05
     0.53513   8.081046056e+05
     0.53584   8.897821419e+05
     0.53656   8.084949589e+05
     0.53727   6.795104245e+05
     0.53799   8.359385203e+05
     0.53871   7.620459005e+05
     0.53943   7.580248327e+05
     0.54014   6.035997072e+05
     0.54087   3.991273578e+05
     0.54159   6.173273952e+05
     0.54231   7.326247975e+05
     0.54303   6.699243789e+05
     0.54376   5.409224035e+05
     0.54448   7.736270717e+05
     0.54521   8.284048318e+05
     0.54594   7.667094122e+05
     0.54667   8.376441238e+05
     0.54739   8.975171494e+05
     0.54813   8.489652785e+05
     0.54886   8.564781644e+05
     0.54959   7.653927142e+05
     0.55032   8.043448222e+05
     0.55106   7.963579916e+05
     0.55179   8.839496357e+05
     0.55253   8.653566477e+05
     0.55327   8.429994171e+05
     0.55400   8.573893480e+05
     0.55474   7.342080837e+05
     0.55548   8.542627302e+05
     0.55622   9.254317205e+05
     0.55697   8.606929827e+05
     0.55771   7.658787960e+05
     0.55845   8.892428120e+05
     0.55920   8.189333711e+05
     0.55994   7.042477454e+05
     0.56069   9.319924257e+05
     0.56144   9.099119876e+05
     0.56219   9.269669127e+05
     0.56294   9.283654143e+05
     0.56369   9.649223456e+05
     0.56444   7.090596346e+05
     0.56519   8.985639696e+05
     0.56595   9.249996260e+05
     0.56670   7.637788857e+05
     0.56746   9.205005035e+05
     0.56822   8.992064161e+05
     0.56898   9.197616894e+05
     0.56973   9.987939351e+05
     0.57049   9.547957523e+05
     0.57126   9.298288386e+05
     0.57202   9.696254879e+05
     0.57278   1.004933662e+06
     0.57355   1.035244637e+06
     0.57431   1.007857244e+06
     0.57508   8.980379709e+05
     0.57584   9.246373483e+05
     0.57661   1.021648587e+06
     0.57738   9.590112112e+05
     0.57815   7.896877759e+05
     0.57892   8.214848032e+05
     0.57970   1.028063889e+06
     0.58047   1.047437773e+06
     0.58124   1.012094730e+06
     0.58202   1.020637360e+06
     0.58280   1.053830502e+06
     0.58357   8.636017931e+05
     0.58435   9.173380914e+05
     0.58513   9.952680511e+05
     0.58591   9.411640382e+05
     0.58669   1.041831685e+06
     0.58748   1.044005269e+06
     0.58826   1.029519429e+06
     0.58905   9.117666411e+05
     0.58983   9.303843489e+05
     0.59062   1.061898481e+06
     0.59141   1.057225072e+06
     0.59220   1.067160410e+06
     0.59299   1.037924594e+06
     0.59378   1.056972134e+06
     0.59457   1.030260881e+06
     0.59536   1.011151456e+06
     0.59616   1.056421345e+06
     0.59695   1.035575575e+06
     0.59775   1.053163916e+06
     0.59855   1.047685953e+06
     0.59934   1.063415403e+06
     0.60014   9.545787114e+05
     0.60095   1.069917761e+06
     0.60175   1.098156876e+06
     0.60255   1.080129464e+06
     0.60335   1.120819634e+06
     0.60416   1.141342688e+06
     0.60496   1.126126865e+06
     0.60577   1.096168351e+06
     0.60658   1.006982756e+06
     0.60739   1.147907008e+06
     0.60820   1.135024632e+06
     0.60901   1.129861714e+06
     0.60982   1.128835091e+06
     0.61064   1.068132341e+06
     0.61145   1.158012313e+06
     0.61227   1.060109068e+06
     0.61309   9.834431508e+05
     0.61390   9.225852266e+05
     0.61472   9.142143988e+05
     0.61554   1.051094608e+06
     0.61636   7.784471900e+05
     0.61719   9.260515135e+05
     0.61801   1.126624579e+06
     0.61883   1.137730126e+06
     0.61966   1.036576432e+06
     0.62049   1.149632095e+06
     0.62131   1.066118294e+06
     0.62214   1.021299326e+06
     0.62297   1.071828487e+06
     0.62380   9.919051181e+05
     0.62464   1.052485229e+06
     0.62547   8.468574503e+05
     0.62630   1.061560455e+06
     0.62714   1.109450803e+06
     0.62798   1.025362679e+06
     0.62882   1.100016536e+06
     0.62965   9.882512868e+05
     0.63049   1.061909825e+06
     0.63134   1.151231894e+06
     0.63218   1.139167006e+06
     0.63302   1.189154070e+06
     0.63387   1.105095775e+06
     0.63471   1.117223677e+06
     0.63556   1.125139747e+06
     0.63641   1.145147398e+06
     0.63726   1.178251462e+06
     0.63811   1.179186432e+06
     0.63896   1.220312389e+06
     0.63981   1.122762135e+06
     0.64066   1.064234361e+06
     0.64152   1.059593771e+06
     0.64237   1.055503633e+06
     0.64323   1.134602672e+06
     0.64409   1.095225378e+06
     0.64495   1.097117106e+06
     0.64581   1.164997455e+06
     0.64667   1.084885373e+06
     0.64753   1.110738463e+06
     0.64840   1.208349704e+06
     0.64926   1.140358481e+06
     0.65013   1.097771082e+06
     0.65100   1.177096543e+06
     0.65186   1.244051313e+06
     0.65273   1.251423182e+06
     0.65361   1.217015017e+06
     0.65448   1.128762903e+06
     0.65535   1.180990395e+06
     0.65623   1.145149397e+06
     0.65710   1.105428698e+06
     0.65798   1.158097203e+06
     0.65886   1.169087111e+06
     0.65973   1.122101409e+06
     0.66061   1.234664778e+06
     0.66150   1.250736130e+06
     0.66238   1.242272164e+06
     0.66326   1.247663630e+06
     0.66415   1.284286500e+06
     0.66503   1.283744698e+06
     0.66592   1.275560727e+06
     0.66681   1.235677070e+06
     0.66770   1.245703293e+06
     0.66859   1.204980942e+06
     0.66948   1.271980895e+06
     0.67037   1.252438699e+06
     0.67127   1.254556254e+06
     0.67216   1.286627260e+06
     0.67306   1.278935574e+06
     0.67396   1.281230422e+06
     0.67486   1.286585061e+06
     0.67576   1.230524708e+06
     0.67666   1.283435881e+06
     0.67756   1.279557214e+06
     0.67847   1.244767632e+06
     0.67937   1.299757602e+06
     0.68028   1.214940536e+06
     0.68119   1.273301137e+06
     0.68210   1.285002383e+06
     0.68301   1.289415724e+06
     0.68392   1.287622519e+06
     0.68483   1.268889404e+06
     0.68574   1.200937730e+06
     0.68666   1.291969996e+06
     0.68757   1.335372429e+06
     0.68849   1.326758092e+06
     0.68941   1.323479638e+06
     0.69033   1.297236162e+06
     0.69125   1.247303656e+06
     0.69217   1.140409584e+06
     0.69310   1.226293017e+06
     0.69402   1.280788334e+06
     0.69495   1.312832062e+06
     0.69588   1.348391981e+06
     0.69680   1.296248359e+06
     0.69773   1.214181374e+06
     0.69866   1.247307262e+06
     0.69960   1.328631486e+06
     0.70053   1.144836678e+06
     0.70146   1.067721716e+06
     0.70240   1.088527983e+06
     0.70334   1.279564836e+06
     0.70428   1.330786837e+06
     0.70522   1.284206381e+06
     0.70616   1.326297574e+06
     0.70710   1.298144417e+06
     0.70804   1.236979648e+06
     0.70899   1.257926170e+06
     0.70993   1.364948240e+06
     0.71088   1.376253803e+06
     0.71183   1.182834549e+06
     0.71278   1.143756965e+06
     0.71373   1.183879036e+06
     0.71468   1.205645182e+06
     0.71564   1.308818425e+06
     0.71659   1.332611170e+06
     0.71755   1.384930492e+06
     0.71850   1.307530621e+06
     0.71946   1.303935837e+06
     0.72042   1.110420778e+06
     0.72138   1.120477753e+06
     0.72235   1.355695688e+06
     0.72331   1.258728238e+06
     0.72427   1.239070562e+06
     0.72524   1.362944294e+06
     0.72621   1.384672008e+06
     0.72718   1.371789214e+06
     0.72815   1.377696968e+06
     0.72912   1.286673351e+06
     0.73009   1.312319812e+06
     0.73107   1.356091661e+06
     0.73204   1.275983763e+06
     0.73302   1.203416377e+06
     0.73400   1.213066567e+06
     0.73498   1.066927796e+06
     0.73596   1.211573901e+06
     0.73694   1.392436175e+06
     0.73792   1.407971250e+06
     0.73891   1.391160532e+06
     0.73989   1.380552963e+06
     0.74088   1.365236550e+06
     0.74187   1.205585219e+06
     0.74286   1.319497048e+06
     0.74385   1.451425222e+06
     0.74484   1.398197404e+06
     0.74583   1.435668698e+06
     0.74683   1.382682638e+06
     0.74783   1.359959120e+06
     0.74882   1.253082279e+06
     0.74982   1.066887572e+06
     0.75082   1.321351077e+06
     0.75183   1.420386876e+06
     0.75283   1.453167961e+06
     0.75383   1.462561082e+06
     0.75484   1.457803296e+06
     0.75585   1.454920739e+06
     0.75685   1.476175585e+06
     0.75786   1.492963842e+06
     0.75888   1.428648263e+06
     0.75989   1.433072452e+06
     0.76090   1.472346096e+06
     0.76192   1.442395247e+06
     0.76293   1.433065738e+06
     0.76395   1.479063355e+06
     0.76497   1.500098269e+06
     0.76599   1.434113705e+06
     0.76701   1.382628861e+06
     0.76804   1.471078827e+06
     0.76906   1.476430645e+06
     0.77009   1.421485702e+06
     0.77111   1.475124179e+06
     0.77214   1.474226473e+06
     0.77317   1.478362619e+06
     0.77421   1.495850339e+06
     0.77524   1.465897754e+06
     0.77627   1.498953652e+06
     0.77731   1.505270998e+06
     0.77835   1.471982460e+06
     0.77938   1.513041521e+06
     0.78042   1.504940686e+06
     0.78147   1.518188620e+06
     0.78251   1.524412250e+06
     0.78355   1.458045079e+06
     0.78460   1.519664295e+06
     0.78564   1.520359684e+06
     0.78669   1.531873260e+06
     0.78774   1.493005204e+06
     0.78879   1.479327925e+06
     0.78985   1.498996993e+06
     0.79090   1.516647728e+06
     0.79195   1.506112332e+06
     0.79301   1.329815259e+06
     0.79407   1.191878265e+06
     0.79513   1.313453178e+06
     0.79619   1.485882853e+06
     0.79725   1.533669704e+06
     0.79832   1.525813919e+06
     0.79938   1.491103328e+06
     0.80045   1.489953453e+06
     0.80152   1.553956587e+06
     0.80258   1.530561820e+06
     0.80366   1.543798017e+06
     0.80473   1.460760352e+06
     0.80580   1.516714013e+06
     0.80688   1.500823038e+06
     0.80795   1.486471206e+06
     0.80903   1.510796215e+06
     0.81011   1.388200330e+06
     0.81119   1.331313639e+06
     0.81227   1.528411755e+06
     0.81336   1.520121199e+06
     0.81444   1.427939591e+06
     0.81553   1.301774827e+06
     0.81662   1.482400850e+06
     0.81771   1.439979098e+06
     0.81880   1.503403964e+06
     0.81989   1.459719501e+06
     0.82098   1.407047220e+06
     0.82208   1.492359478e+06
     0.82318   1.563257340e+06
     0.82427   1.575814879e+06
     0.82537   1.566718883e+06
     0.82648   1.548390223e+06
     0.82758   1.442820899e+06
     0.82868   1.565157851e+06
     0.82979   1.540192145e+06
     0.83090   1.467229116e+06
     0.83200   1.502497400e+06
     0.83311   1.430064243e+06
     0.83423   1.423857602e+06
     0.83534   1.549883514e+06
     0.83645   1.570281175e+06
     0.83757   1.529994319e+06
     0.83869   1.482748837e+06
     0.83981   1.546124023e+06
     0.84093   1.534456293e+06
     0.84205   1.506150405e+06
     0.84317   1.541659867e+06
     0.84430   1.547568175e+06
     0.84542   1.608084526e+06
     0.84655   1.581386709e+06
     0.84768   1.605415446e+06
     0.84881   1.546402633e+06
     0.84994   1.031399111e+06
     0.85108   1.459004331e+06
     0.85221   1.580042023e+06
     0.85335   1.581437283e+06
     0.85449   1.349792851e+06
     0.85563   1.567247771e+06
     0.85677   1.597579072e+06
     0.85791   1.594119352e+06
     0.85906   1.568679156e+06
     0.86020   1.607165548e+06
     0.86135   1.590866717e+06
     0.86250   1.543272299e+06
     0.86365   1.545811470e+06
     0.86480   1.443737809e+06
     0.86596   1.386768226e+06
     0.86711   1.392280442e+06
     0.86827   1.532322479e+06
     0.86943   1.462986991e+06
     0.87059   1.530517781e+06
     0.87175   1.585305477e+06
     0.87291   1.556338289e+06
     0.87408   1.365205153e+06
     0.87524   1.532057261e+06
     0.87641   1.591614986e+06
     0.87758   1.575208070e+06
     0.87875   1.631312105e+06
     0.87993   1.582675785e+06
     0.88110   1.483956301e+06
     0.88228   1.564793163e+06
     0.88345   1.654339977e+06
     0.88463   1.645117584e+06
     0.88581   1.669238561e+06
     0.88699   1.612040586e+06
     0.88818   1.658685692e+06
     0.88936   1.668468785e+06
     0.89055   1.669618676e+06
     0.89174   1.663385361e+06
     0.89293   1.594182771e+06
     0.89412   1.601648398e+06
     0.89531   1.658651753e+06
     0.89650   1.673527054e+06
     0.89770   1.661047499e+06
     0.89890   1.678221600e+06
     0.90010   1.629669230e+06
     0.90130   1.632985438e+06
     0.90250   1.592606338e+06
     0.90371   1.623387004e+06
     0.90491   1.672002752e+06
     0.90612   1.659675894e+06
     0.90733   1.634346380e+06
     0.90854   1.543234326e+06
     0.90975   1.596297635e+06
     0.91096   1.674083879e+06
     0.91218   1.658418283e+06
     0.91340   1.623266888e+06
     0.91462   1.484806025e+06
     0.91584   1.664909260e+06
     0.91706   1.661464577e+06
     0.91828   1.641248987e+06
     0.91951   1.510348835e+06
     0.92073   1.663072339e+06
     0.92196   1.669708569e+06
     0.92319   1.622272600e+06
     0.92442   1.568697887e+06
     0.92566   1.392980669e+06
     0.92689   1.662416366e+06
     0.92813   1.665053633e+06
     0.92937   1.521478144e+06
     0.93061   1.657857190e+06
     0.93185   1.602330366e+06
     0.93309   1.645648594e+06
     0.93434   1.684968186e+06
     0.93558   1.678189724e+06
     0.93683   1.686367297e+06
     0.93808   1.681663777e+06
     0.93933   1.674074446e+06
     0.94059   1.534668548e+06
     0.94184   1.569220307e+06
     0.94310   1.683535973e+06
     0.94436   1.655125295e+06
     0.94562   1.556928004e+06
     0.94688   1.671458332e+06
     0.94814   1.582995177e+06
     0.94941   1.400629181e+06
     0.95067   1.542310881e+06
     0.95194   1.697034869e+06
     0.95321   1.720240602e+06
     0.95448   1.604893605e+06
     0.95576   1.630759346e+06
     0.95703   1.695433927e+06
     0.95831   1.609937541e+06
     0.95959   1.641041565e+06
     0.96087   1.685572652e+06
     0.96215   1.649549499e+06
     0.96343   1.652139062e+06
     0.96472   1.670304452e+06
     0.96601   1.585720388e+06
     0.96730   1.538476804e+06
     0.96859   1.675188934e+06
     0.96988   1.734717666e+06
     0.97117   1.691644981e+06
     0.97247   1.603522828e+06
     0.97377   1.671602711e+06
     0.97506   1.572151108e+06
     0.97637   1.609217052e+06
     0.97767   1.732836933e+06
     0.97897   1.699301437e+06
     0.98028   1.721497565e+06
     0.98159   1.728291690e+06
     0.98290   1.721244839e+06
     0.98421   1.743526491e+06
     0.98552   1.747900832e+06
     0.98684   1.638140694e+06
     0.98815   1.654860168e+06
     0.98947   1.745076253e+06
     0.99079   1.736727692e+06
     0.99211   1.728312307e+06
     0.99344   1.740546709e+06
     0.99476   1.749204551e+06
     0.99609   1.734152768e+06
     0.99742   1.735519335e+06
     0.99875   1.666111359e+06
     1.00008   1.571486669e+06
     1.00142   1.601880093e+06
     1.00275   1.583245732e+06
     1.00409   1.738706878e+06
     1.00543   1.750556827e+06
     1.00677   1.746133492e+06
     1.00811   1.735351317e+06
     1.00946   1.704745729e+06
     1.01081   1.724509944e+06
     1.01216   1.769072710e+06
     1.01351   1.758093296e+06
     1.01486   1.672293252e+06
     1.01621   1.584879658e+06
     1.01757   1.760562532e+06
     1.01893   1.750325162e+06
     1.02028   1.764202149e+06
     1.02165   1.731953161e+06
     1.02301   1.764171024e+06
     1.02437   1.786525774e+06
     1.02574   1.789236059e+06
     1.02711   1.783800800e+06
     1.02848   1.786100066e+06
     1.02985   1.774377661e+06
     1.03123   1.792195216e+06
     1.03260   1.714719360e+06
     1.03398   1.523458130e+06
     1.03536   1.725195175e+06
     1.03674   1.761869532e+06
     1.03812   1.778401907e+06
     1.03951   1.768495996e+06
     1.04090   1.702110390e+06
     1.04228   1.747077217e+06
     1.04368   1.757861471e+06
     1.04507   1.764315353e+06
     1.04646   1.775856329e+06
     1.04786   1.781475860e+06
     1.04926   1.784513828e+06
     1.05066   1.783313105e+06
     1.05206   1.799532328e+06
     1.05346   1.789522730e+06
     1.05487   1.811987060e+06
     1.05628   1.814919103e+06
     1.05768   1.811559269e+06
     1.05910   1.767090641e+06
     1.06051   1.760754436e+06
     1.06192   1.767983793e+06
     1.06334   1.791352906e+06
     1.06476   1.819697338e+06
     1.06618   1.785343142e+06
     1.06760   1.794846861e+06
     1.06903   1.578660246e+06
     1.07045   1.671667597e+06
     1.07188   1.798700464e+06
     1.07331   1.713930615e+06
     1.07474   1.524470176e+06
     1.07618   1.684231165e+06
     1.07761   1.827583166e+06
     1.07905   1.795074005e+06
     1.08049   1.812192795e+06
     1.08193   1.755942099e+06
     1.08338   1.765597208e+06
     1.08482   1.814525194e+06
     1.08627   1.814721171e+06
     1.08772   1.750456432e+06
     1.08917   1.769552812e+06
     1.09062   1.814056665e+06
     1.09208   1.833039064e+06
     1.09353   1.814758347e+06
     1.09499   1.799142102e+06
     1.09645   1.744053063e+06
     1.09792   1.746476593e+06
     1.09938   1.769750748e+06
     1.10085   1.642380940e+06
     1.10232   1.512188084e+06
     1.10379   1.679297839e+06
     1.10526   1.661704041e+06
     1.10674   1.562183626e+06
     1.10821   1.726607304e+06
     1.10969   1.708761981e+06
     1.11117   1.762252844e+06
     1.11265   1.706023670e+06
     1.11414   1.767998414e+06
     1.11563   1.772016522e+06
     1.11711   1.763916328e+06
     1.11860   1.818921213e+06
     1.12010   1.810136286e+06
     1.12159   1.837397258e+06
     1.12309   1.830671538e+06
     1.12459   1.810119214e+06
     1.12609   1.733720636e+06
     1.12759   1.829635406e+06
     1.12909   1.830510825e+06
     1.13060   1.789497970e+06
     1.13211   1.754646921e+06
     1.13362   1.771899938e+06
     1.13513   1.820105426e+06
     1.13665   1.847815635e+06
     1.13816   1.780082707e+06
     1.13968   1.695924667e+06
     1.14120   1.790108980e+06
     1.14272   1.773346018e+06
     1.14425   1.810020138e+06
     1.14578   1.804415129e+06
     1.14730   1.696933567e+06
     1.14884   1.764309950e+06
     1.15037   1.823322077e+06
     1.15190   1.752865228e+06
     1.15344   1.838155654e+06
     1.15498   1.870295637e+06
     1.15652   1.879950640e+06
     1.15806   1.829871685e+06
     1.15961   1.592149718e+06
     1.16116   1.711071200e+06
     1.16270   1.832625210e+06
     1.16426   1.798364484e+06
     1.16581   1.845816615e+06
     1.16736   1.842483843e+06
     1.16892   1.794555124e+06
     1.17048   1.862327759e+06
     1.17204   1.883082999e+06
     1.17361   1.844143563e+06
     1.17517   1.782739163e+06
     1.17674   1.836216642e+06
     1.17831   1.770480646e+06
     1.17988   1.600485042e+06
     1.18146   1.772472284e+06
     1.18303   1.759032439e+06
     1.18461   1.869800429e+06
     1.18619   1.834149800e+06
     1.18778   1.845998769e+06
     1.18936   1.815955597e+06
     1.19095   1.899174669e+06
     1.19254   1.895718084e+06
     1.19413   1.791822429e+06
     1.19572   1.792907213e+06
     1.19732   1.793699916e+06
     1.19891   1.546733346e+06
     1.20051   1.715647603e+06
     1.20211   1.876571799e+06
     1.20372   1.676149845e+06
     1.20532   1.653586253e+06
     1.20693   1.766406670e+06
     1.20854   1.783126602e+06
     1.21016   1.861398981e+06
     1.21177   1.872573531e+06
     1.21339   1.899186062e+06
     1.21501   1.882178026e+06
     1.21663   1.863879315e+06
     1.21825   1.904928978e+06
     1.21988   1.900477314e+06
     1.22150   1.886206102e+06
     1.22313   1.877430005e+06
     1.22476   1.916587415e+06
     1.22640   1.832725573e+06
     1.22803   1.775250658e+06
     1.22967   1.909609276e+06
     1.23131   1.883611604e+06
     1.23296   1.825044546e+06
     1.23460   1.827075389e+06
     1.23625   1.846194052e+06
     1.23790   1.822823766e+06
     1.23955   1.792752139e+06
     1.24120   1.843148609e+06
     1.24286   1.887744660e+06
     1.24452   1.923458887e+06
     1.24618   1.913119213e+06
     1.24784   1.897616895e+06
     1.24951   1.927642933e+06
     1.25117   1.870941921e+06
     1.25284   1.778095236e+06
     1.25451   1.837670338e+06
     1.25619   1.901147579e+06
     1.25786   1.873132572e+06
     1.25954   1.925037954e+06
     1.26122   1.917233829e+06
     1.26291   1.873721712e+06
     1.26459   1.923207489e+06
     1.26628   1.945200410e+06
     1.26797   1.930396770e+06
     1.26966   1.944749862e+06
     1.27135   1.939632558e+06
     1.27305   1.917087450e+06
     1.27475   1.809479081e+06
     1.27645   1.938146001e+06
     1.27815   1.945088531e+06
     1.27986   1.927370327e+06
     1.28156   1.774252855e+06
     1.28327   1.886962060e+06
     1.28499   1.761557549e+06
     1.28670   1.920873334e+06
     1.28842   1.929168692e+06
     1.29014   1.823905440e+06
     1.29186   1.908624689e+06
     1.29358   1.940508346e+06
     1.29531   1.931147914e+06
     1.29704   1.912031561e+06
     1.29877   1.923581653e+06
     1.30050   1.824299192e+06
     1.30223   1.802135409e+06
     1.30397   1.918391957e+06
     1.30571   1.956840824e+06
     1.30745   1.932071439e+06
     1.30920   1.958814631e+06
     1.31095   1.965185617e+06
     1.31269   1.884636912e+06
     1.31445   1.924325005e+06
     1.31620   1.912505587e+06
     1.31796   1.931683847e+06
     1.31971   1.967591406e+06
     1.32148   1.964554880e+06
     1.32324   1.986773656e+06
     1.32500   1.969314834e+06
     1.32677   1.975559794e+06
     1.32854   1.794821818e+06
     1.33031   1.822950997e+06
     1.33209   1.923885830e+06
     1.33387   1.990820625e+06
     1.33565   1.973182860e+06
     1.33743   1.997522966e+06
     1.33921   1.864609604e+06
     1.34100   1.944738547e+06
     1.34279   1.945087199e+06
     1.34458   1.949813784e+06
     1.34637   1.999981844e+06
     1.34817   2.016768936e+06
     1.34997   2.004037707e+06
     1.35177   2.016969337e+06
     1.35357   2.010417710e+06
     1.35538   1.975959480e+06
     1.35719   1.979467720e+06
     1.35900   1.999473426e+06
     1.36081   2.008317595e+06
     1.36263   2.015665289e+06
     1.36445   2.000742732e+06
     1.36627   2.004274365e+06
     1.36809   2.002075240e+06
     1.36991   2.015627275e+06
     1.37174   2.005229815e+06
     1.37357   1.957055841e+06
     1.37541   1.959092113e+06
     1.37724   2.028889016e+06
     1.37908   2.031678992e+06
     1.38092   2.016442076e+06
     1.38276   1.975674454e+06
     1.38461   2.021899243e+06
     1.38645   1.968546681e+06
     1.38830   2.028083135e+06
     1.39016   1.988711122e+06
     1.39201   2.040081794e+06
     1.39387   1.991756482e+06
     1.39573   1.860095702e+06
     1.39759   2.004971699e+06
     1.39945   2.007124359e+06
     1.40132   1.975227546e+06
     1.40319   2.045367575e+06
     1.40506   2.033292868e+06
     1.40694   1.945404236e+06
     1.40881   2.001492996e+06
     1.41069   2.052564435e+06
     1.41258   1.984653753e+06
     1.41446   2.030847432e+06
     1.41635   1.954972940e+06
     1.41824   1.721536633e+06
     1.42013   1.997030051e+06
     1.42203   2.035695448e+06
     1.42392   1.955205582e+06
     1.42582   1.980533200e+06
     1.42772   2.030563735e+06
     1.42963   1.981513514e+06
     1.43154   2.025319766e+06
     1.43345   1.931853107e+06
     1.43536   2.017123381e+06
     1.43727   2.043753510e+06
     1.43919   1.989859794e+06
     1.44111   1.977214738e+06
     1.44304   1.891916736e+06
     1.44496   1.985605854e+06
     1.44689   1.999966732e+06
     1.44882   2.031280414e+06
     1.45075   2.014186635e+06
     1.45269   2.025794044e+06
     1.45463   2.016207092e+06
     1.45657   1.961417388e+06
     1.45851   1.952044439e+06
     1.46046   1.988671327e+06
     1.46240   1.907107275e+06
     1.46436   2.030570356e+06
     1.46631   1.891084866e+06
     1.46827   2.007514815e+06
     1.47022   2.048281466e+06
     1.47219   2.041138114e+06
     1.47415   2.034086292e+06
     1.47612   1.924322278e+06
     1.47809   2.006960033e+06
     1.48006   2.104391972e+06
     1.48203   2.077636804e+06
     1.48401   2.048880046e+06
     1.48599   1.885846452e+06
     1.48797   1.729160329e+06
     1.48996   1.915121169e+06
     1.49195   1.994447290e+06
     1.49394   2.142397699e+06
     1.49593   2.107866106e+06
     1.49793   2.085109513e+06
     1.49993   2.103412745e+06
     1.50193   1.839601625e+06
     1.50393   1.665927496e+06
     1.50594   1.920979206e+06
     1.50795   2.088675381e+06
     1.50996   2.091810011e+06
     1.51197   2.075049769e+06
     1.51399   2.062232532e+06
     1.51601   1.935801852e+06
     1.51803   1.880536910e+06
     1.52006   2.038581131e+06
     1.52209   1.920537900e+06
     1.52412   2.032058629e+06
     1.52615   2.023900767e+06
     1.52819   2.093228538e+06
     1.53023   2.011274687e+06
     1.53227   2.160306440e+06
     1.53431   2.135572967e+06
     1.53636   2.182031456e+06
     1.53841   2.035010060e+06
     1.54046   1.871011713e+06
     1.54252   2.094062463e+06
     1.54457   2.105024326e+06
     1.54664   1.993872071e+06
     1.54870   1.994010619e+06
     1.55077   1.992520172e+06
     1.55283   2.112147372e+06
     1.55491   2.024725962e+06
     1.55698   2.124718003e+06
     1.55906   2.091586917e+06
     1.56114   1.985871130e+06
     1.56322   2.128535599e+06
     1.56531   2.205340078e+06
     1.56740   2.164185341e+06
     1.56949   2.156681562e+06
     1.57158   2.135021019e+06
     1.57368   2.100582371e+06
     1.57578   2.044889673e+06
     1.57788   1.873908695e+06
     1.57998   2.064046913e+06
     1.58209   2.051717904e+06
     1.58420   2.138443069e+06
     1.58632   2.013903584e+06
     1.58843   1.855151526e+06
     1.59055   2.038372737e+06
     1.59268   2.201424657e+06
     1.59480   2.228049433e+06
     1.59693   2.140968839e+06
     1.59906   2.031580406e+06
     1.60119   2.071713330e+06
     1.60333   2.156376408e+06
     1.60547   2.115249397e+06
     1.60761   2.154365124e+06
     1.60975   2.139599018e+06
     1.61190   2.201260025e+06
     1.61405   2.177646376e+06
     1.61621   2.037676553e+06
     1.61836   1.989825813e+06
     1.62052   1.983090194e+06
     1.62268   2.171099151e+06
     1.62485   2.156721171e+06
     1.62702   2.226433429e+06
     1.62919   2.234670744e+06
     1.63136   2.153647633e+06
     1.63354   2.160089487e+06
     1.63572   2.202954879e+06
     1.63790   1.971068151e+06
     1.64009   1.994082003e+06
     1.64227   2.127248104e+06
     1.64447   2.127909386e+06
     1.64666   2.042473587e+06
     1.64886   1.917768711e+06
     1.65106   2.078165653e+06
     1.65326   1.949306478e+06
     1.65547   2.011888792e+06
     1.65767   2.147529250e+06
     1.65989   2.163178275e+06
     1.66210   2.139383407e+06
     1.66432   2.082496433e+06
     1.66654   1.996078481e+06
     1.66876   2.010831271e+06
     1.67099   2.120647037e+06
     1.67322   2.072238925e+06
     1.67545   2.011316570e+06
     1.67769   2.058542842e+06
     1.67992   2.074705766e+06
     1.68217   2.009486335e+06
     1.68441   2.125965326e+06
     1.68666   2.093094409e+06
     1.68891   2.084376521e+06
     1.69116   2.076428503e+06
     1.69342   2.138149793e+06
     1.69568   2.097766540e+06
     1.69794   2.067288600e+06
     1.70020   2.076407466e+06
     1.70247   2.090900338e+06
     1.70474   2.111526888e+06
     1.70702   2.069956460e+06
     1.70930   2.062323507e+06
     1.71158   1.921392376e+06
     1.71386   2.071128097e+06
     1.71615   2.033072753e+06
     1.71844   2.054101830e+06
     1.72073   2.054235627e+06
     1.72303   2.031764784e+06
     1.72532   2.029210977e+06
     1.72763   1.995350760e+06
     1.72993   2.052590930e+06
     1.73224   1.972023514e+06
     1.73455   1.822164152e+06
     1.73687   1.837465009e+06
     1.73918   1.932328742e+06
     1.74150   1.954334114e+06
     1.74383   1.997962768e+06
     1.74615   1.872520681e+06
     1.74848   2.018333719e+06
     1.75082   2.008503228e+06
     1.75315   1.983956706e+06
     1.75549   1.987324381e+06
     1.75783   1.997028183e+06
     1.76018   1.991705249e+06
     1.76253   1.952102647e+06
     1.76488   1.960397124e+06
     1.76723   1.982317557e+06
     1.76959   1.964805050e+06
     1.77195   1.802847697e+06
     1.77432   1.880875365e+06
     1.77668   1.902551628e+06
     1.77905   1.893266476e+06
     1.78143   1.931272368e+06
     1.78380   1.780166687e+06
     1.78618   1.888053783e+06
     1.78857   1.938157858e+06
     1.79095   1.956502581e+06
     1.79334   1.892137667e+06
     1.79574   1.930524614e+06
     1.79813   1.765099059e+06
     1.80053   1.818214111e+06
     1.80293   1.852210757e+06
     1.80534   1.898040378e+06
     1.80775   1.897387708e+06
     1.81016   1.901762101e+06
     1.81258   1.916068898e+06
     1.81499   1.774813198e+06
     1.81742   1.759209289e+06
     1.81984   1.879124843e+06
     1.82227   1.873528749e+06
     1.82470   1.868308030e+06
     1.82713   1.857524272e+06
     1.82957   1.841405548e+06
     1.83201   1.878847167e+06
     1.83446   1.864274809e+06
     1.83690   1.779849187e+06
     1.83936   1.809471622e+06
     1.84181   1.808545734e+06
     1.84427   1.847791911e+06
     1.84673   1.802678625e+06
     1.84919   1.848205722e+06
     1.85166   1.768315970e+06
     1.85413   1.753193914e+06
     1.85660   1.824948811e+06
     1.85908   1.814331076e+06
     1.86156   1.827196611e+06
     1.86404   1.817669821e+06
     1.86653   1.793828266e+06
     1.86902   1.800576157e+06
     1.87152   1.798319212e+06
     1.87401   1.664319567e+06
     1.87651   1.545474840e+06
     1.87902   1.792440293e+06
     1.88152   1.810573368e+06
     1.88403   1.786693207e+06
     1.88655   1.763621494e+06
     1.88907   1.738118683e+06
     1.89159   1.700348924e+06
     1.89411   1.667832901e+06
     1.89664   1.752409963e+06
     1.89917   1.741861462e+06
     1.90170   1.693892188e+06
     1.90424   1.694630652e+06
     1.90678   1.770360698e+06
     1.90932   1.722962123e+06
     1.91187   1.733128080e+06
     1.91442   1.757690364e+06
     1.91698   1.706722535e+06
     1.91953   1.687730465e+06
     1.92209   1.590539856e+06
     1.92466   1.741585548e+06
     1.92723   1.745493954e+06
     1.92980   1.735528214e+06
     1.93237   1.697733469e+06
     1.93495   1.720539886e+06
     1.93753   1.733512055e+06
     1.94012   1.664509383e+06
     1.94271   1.673710895e+06
     1.94530   1.550415070e+06
     1.94789   1.673794106e+06
     1.95049   1.634438343e+06
     1.95310   1.720321988e+06
     1.95570   1.720492280e+06
     1.95831   1.708150529e+06
     1.96092   1.660464928e+06
     1.96354   1.596482145e+06
     1.96616   1.691098135e+06
     1.96878   1.669995277e+06
     1.97141   1.664605362e+06
     1.97404   1.591968166e+06
     1.97667   1.631935435e+06
     1.97931   1.351359509e+06
     1.98195   1.583408523e+06
     1.98460   1.623418858e+06
     1.98724   1.611188564e+06
     1.98990   1.666248763e+06
     1.99255   1.519879093e+06
     1.99521   1.595298738e+06
     1.99787   1.632541580e+06
     2.00054   1.663254293e+06
     2.00321   1.636631207e+06
     2.00588   1.609089513e+06
     2.00855   1.598787329e+06
     2.01123   1.631106373e+06
     2.01392   1.609686115e+06
     2.01660   1.609511944e+06
     2.01930   1.604897881e+06
     2.02199   1.553778984e+06
     2.02469   1.572628266e+06
     2.02739   1.600317196e+06
     2.03009   1.589329158e+06
     2.03280   1.607872577e+06
     2.03551   1.588482669e+06
     2.03823   1.554429982e+06
     2.04095   1.563899753e+06
     2.04367   1.595456287e+06
     2.04640   1.562341494e+06
     2.04913   1.572154921e+06
     2.05186   1.586948763e+06
     2.05460   1.582678447e+06
     2.05734   1.579462097e+06
     2.06009   1.552165989e+06
     2.06284   1.516320232e+06
     2.06559   1.545675305e+06
     2.06834   1.526524881e+06
     2.07110   1.511151294e+06
     2.07387   1.514436557e+06
     2.07663   1.538547314e+06
     2.07941   1.538145713e+06
     2.08218   1.524369579e+06
     2.08496   1.488631513e+06
     2.08774   1.524680488e+06
     2.09053   1.510368966e+06
     2.09331   1.508131580e+06
     2.09611   1.537306419e+06
     2.09890   1.522136219e+06
     2.10170   1.500028527e+06
     2.10451   1.489137254e+06
     2.10732   1.420435668e+06
     2.11013   1.493919588e+06
     2.11294   1.520514937e+06
     2.11576   1.485725053e+06
     2.11859   1.463219729e+06
     2.12141   1.464395762e+06
     2.12424   1.397886504e+06
     2.12708   1.440206545e+06
     2.12991   1.483043578e+06
     2.13276   1.474982851e+06
     2.13560   1.471047248e+06
     2.13845   1.482275127e+06
     2.14130   1.488473740e+06
     2.14416   1.474982596e+06
     2.14702   1.461548345e+06
     2.14989   1.415432301e+06
     2.15276   1.458588530e+06
     2.15563   1.471739672e+06
     2.15850   1.456308641e+06
     2.16138   1.463147802e+06
     2.16427   1.437919931e+06
     2.16716   1.373860433e+06
     2.17005   1.417513646e+06
     2.17294   1.388542433e+06
     2.17584   1.406545100e+06
     2.17874   1.413565841e+06
     2.18165   1.433304490e+06
     2.18456   1.444983223e+06
     2.18748   1.419532143e+06
     2.19040   1.429838783e+06
     2.19332   1.432488940e+06
     2.19624   1.403025950e+06
     2.19917   1.422604346e+06
     2.20211   1.423536803e+06
     2.20505   1.382195345e+06
     2.20799   1.383043684e+06
     2.21093   1.401088925e+06
     2.21388   1.408712405e+06
     2.21684   1.408969710e+06
     2.21980   1.403452578e+06
     2.22276   1.402281597e+06
     2.22572   1.389409962e+06
     2.22869   1.383430867e+06
     2.23167   1.393526767e+06
     2.23464   1.395560509e+06
     2.23763   1.372032238e+06
     2.24061   1.382983879e+06
     2.24360   1.375853542e+06
     2.24659   1.366885086e+06
     2.24959   1.372005744e+06
     2.25259   1.342018136e+06
     2.25560   1.336809612e+06
     2.25861   1.352767401e+06
     2.26162   1.330998972e+06
     2.26464   1.290264114e+06
     2.26766   1.308457487e+06
     2.27069   1.349363029e+06
     2.27372   1.345791549e+06
     2.27675   1.326341758e+06
     2.27979   1.238068499e+06
     2.28283   1.225303898e+06
     2.28587   1.326375869e+06
     2.28892   1.323424996e+06
     2.29198   1.182880976e+06
     2.29504   9.519380102e+05
     2.29810   1.144077651e+06
     2.30116   1.203937557e+06
     2.30423   1.205955212e+06
     2.30731   1.305095623e+06
     2.31039   1.272316280e+06
     2.31347   1.263638263e+06
     2.31656   1.228044133e+06
     2.31965   1.301377954e+06
     2.32274   1.245785315e+06
     2.32584   1.153053671e+06
     2.32894   1.088562406e+06
     2.33205   1.270579445e+06
     2.33516   1.232927466e+06
     2.33828   1.189762626e+06
     2.34140   1.252407710e+06
     2.34452   1.262898927e+06
     2.34765   1.259355696e+06
     2.35078   1.222089166e+06
     2.35392   1.065787193e+06
     2.35706   1.093267971e+06
     2.36021   1.163916037e+06
     2.36335   1.218871520e+06
     2.36651   1.188535206e+06
     2.36967   1.173548514e+06
     2.37283   9.518596735e+05
     2.37599   9.986099469e+05
     2.37916   1.194529159e+06
     2.38234   1.089347087e+06
     2.38552   1.086778461e+06
     2.38870   1.203353408e+06
     2.39189   1.198308500e+06
     2.39508   1.216627943e+06
     2.39827   1.195030936e+06
     2.40147   1.194831628e+06
     2.40468   1.158742759e+06
     2.40788   1.202399400e+06
     2.41110   1.172178041e+06
     2.41431   9.148954694e+05
     2.41754   1.083605159e+06
     2.42076   1.117084832e+06
     2.42399   1.111614774e+06
     2.42723   1.004377833e+06
     2.43046   1.137096957e+06
     2.43371   1.120864121e+06
     2.43695   1.119078776e+06
     2.44020   1.133489973e+06
     2.44346   1.152500320e+06
     2.44672   9.705149594e+05
     2.44999   1.097929566e+06
     2.45325   1.136168496e+06
     2.45653   9.554154553e+05
     2.45980   1.109369000e+06
     2.46309   1.145404177e+06
     2.46637   1.058414866e+06
     2.46966   1.044522156e+06
     2.47296   1.057757114e+06
     2.47626   1.125146216e+06
     2.47956   9.323367556e+05
     2.48287   8.852521487e+05
     2.48618   1.016592126e+06
     2.48950   1.109669534e+06
     2.49282   1.110253085e+06
     2.49615   1.059878740e+06
     2.49948   1.066814727e+06
     2.50281   1.046582210e+06
     2.50615   1.055374919e+06
     2.50950   1.071472459e+06
     2.51284   1.069827175e+06
     2.51620   1.049560945e+06
     2.51955   1.045324277e+06
     2.52292   1.050964825e+06
     2.52628   1.056074897e+06
     2.52965   1.090243133e+06
     2.53303   1.078554703e+06
     2.53641   1.086313595e+06
     2.53979   9.826858692e+05
     2.54318   9.436349083e+05
     2.54657   1.053639517e+06
     2.54997   1.022042884e+06
     2.55337   1.012818983e+06
     2.55678   1.037106769e+06
     2.56019   9.803414646e+05
     2.56361   9.443799190e+05
     2.56703   1.063471595e+06
     2.57045   1.043978215e+06
     2.57388   1.013454258e+06
     2.57732   1.049606709e+06
     2.58076   1.038711080e+06
     2.58420   9.758964508e+05
     2.58765   9.748917862e+05
     2.59110   9.980167549e+05
     2.59456   1.051296483e+06
     2.59802   1.043342524e+06
     2.60148   1.065202976e+06
     2.60495   1.066497978e+06
     2.60843   1.029253912e+06
     2.61191   9.997285338e+05
     2.61540   8.917332977e+05
     2.61889   1.024391383e+06
     2.62238   1.006838598e+06
     2.62588   9.978108908e+05
     2.62938   1.024934507e+06
     2.63289   1.032107400e+06
     2.63640   1.013743876e+06
     2.63992   9.519739822e+05
     2.64344   1.019447094e+06
     2.64697   1.029332771e+06
     2.65050   1.013375174e+06
     2.65404   9.827908271e+05
     2.65758   9.552078590e+05
     2.66112   9.787975378e+05
     2.66467   9.052642567e+05
     2.66823   9.817921879e+05
     2.67179   9.916980145e+05
     2.67535   8.629619172e+05
     2.67892   9.753541994e+05
     2.68250   9.128849813e+05
     2.68608   1.000394561e+06
     2.68966   9.943823193e+05
     2.69325   1.009172208e+06
     2.69684   9.071725275e+05
     2.70044   8.898431551e+05
     2.70404   9.778439710e+05
     2.70765   9.964415573e+05
     2.71127   9.710753876e+05
     2.71488   9.713109779e+05
     2.71850   9.621925213e+05
     2.72213   9.864702760e+05
     2.72576   9.860874840e+05
     2.72940   9.672858070e+05
     2.73304   9.655399276e+05
     2.73669   9.628184309e+05
     2.74034   9.752821852e+05
     2.74400   9.793458406e+05
     2.74766   9.739517834e+05
     2.75132   9.750214969e+05
     2.75499   9.459356601e+05
     2.75867   9.318946027e+05
     2.76235   9.605979936e+05
     2.76604   9.554722306e+05
     2.76973   9.403466451e+05
     2.77342   9.189693649e+05
     2.77712   9.359033411e+05
     2.78083   9.044259791e+05
     2.78454   8.587630450e+05
     2.78825   9.104504733e+05
     2.79197   9.528250991e+05
     2.79570   9.370517551e+05
     2.79943   9.274582485e+05
     2.80316   9.333538930e+05
     2.80690   9.384223340e+05
     2.81065   9.285710655e+05
     2.81440   8.718089614e+05
     2.81815   8.422742836e+05
     2.82191   8.967463908e+05
     2.82568   9.330868207e+05
     2.82945   9.258917786e+05
     2.83322   9.218584312e+05
     2.83700   9.272110310e+05
     2.84079   9.027344869e+05
     2.84458   8.959865547e+05
     2.84838   9.101025124e+05
     2.85218   8.911799078e+05
     2.85598   9.093477035e+05
     2.85979   9.023528940e+05
     2.86361   9.093654825e+05
     2.86743   8.940397156e+05
     2.87125   8.517499301e+05
     2.87508   8.934669400e+05
     2.87892   8.956053685e+05
     2.88276   8.900251626e+05
     2.88661   8.959485090e+05
     2.89046   8.993154170e+05
     2.89432   8.985230113e+05
     2.89818   8.917353504e+05
     2.90204   8.737009005e+05
     2.90592   8.850127547e+05
     2.90979   8.884728598e+05
     2.91368   8.860507851e+05
     2.91756   8.833049583e+05
     2.92146   8.664547659e+05
     2.92535   8.570458548e+05
     2.92926   8.645291500e+05
     2.93317   8.630296557e+05
     2.93708   8.583503530e+05
     2.94100   8.655621848e+05
     2.94492   8.338451807e+05
     2.94885   8.616915548e+05
     2.95278   8.642996332e+05
     2.95672   8.627671045e+05
     2.96067   8.639138908e+05
     2.96462   8.523351130e+05
     2.96858   8.437700567e+05
     2.97254   8.512615568e+05
     2.97650   8.558186635e+05
     2.98047   8.535343265e+05
     2.98445   8.536086077e+05
     2.98843   8.479698317e+05
     2.99242   8.490051907e+05
     2.99641   8.385071603e+05
     3.00041   8.271109087e+05
     3.00441   8.388013726e+05
     3.00842   8.384656714e+05
     3.01244   8.356491375e+05
     3.01645   8.342445673e+05
     3.02048   8.316058835e+05
     3.02451   8.320366201e+05
     3.02854   8.279022091e+05
     3.03259   8.233980903e+05
     3.03663   8.236801315e+05
     3.04068   8.205088814e+05
     3.04474   8.117657496e+05
     3.04880   7.985568413e+05
     3.05287   8.138380567e+05
     3.05694   8.165205177e+05
     3.06102   8.121678009e+05
     3.06511   8.068686554e+05
     3.06920   8.118787907e+05
     3.07329   8.113568637e+05
     3.07739   8.096886368e+05
     3.08150   8.042595877e+05
     3.08561   7.962261292e+05
     3.08972   7.491888404e+05
     3.09385   7.714308166e+05
     3.09798   7.895317316e+05
     3.10211   7.925365450e+05
     3.10625   7.946628668e+05
     3.11039   7.944481380e+05
     3.11454   7.619757525e+05
     3.11870   7.747996945e+05
     3.12286   7.858431088e+05
     3.12703   7.826450890e+05
     3.13120   7.830724058e+05
     3.13537   7.806128368e+05
     3.13956   7.804840340e+05
     3.14375   7.780731066e+05
     3.14794   7.763775609e+05
     3.15214   7.663864507e+05
     3.15635   7.727637657e+05
     3.16056   7.691351618e+05
     3.16478   7.648873228e+05
     3.16900   7.616791733e+05
     3.17323   7.662721996e+05
     3.17746   7.555539006e+05
     3.18170   7.560495445e+05
     3.18594   7.597700147e+05
     3.19020   7.596581317e+05
     3.19445   7.561163833e+05
     3.19871   7.493952650e+05
     3.20298   7.484190127e+05
     3.20725   7.508998795e+05
     3.21153   7.472932813e+05
     3.21582   7.396272155e+05
     3.22011   7.436796230e+05
     3.22441   7.356391118e+05
     3.22871   7.404269658e+05
     3.23302   7.375643845e+05
     3.23733   7.369472859e+05
     3.24165   7.329722939e+05
     3.24597   7.298284262e+05
     3.25030   7.338311622e+05
     3.25464   7.321951021e+05
     3.25898   7.310363760e+05
     3.26333   7.293521265e+05
     3.26769   7.270451182e+05
     3.27205   7.262483438e+05
     3.27641   7.250309275e+05
     3.28078   7.154363970e+05
     3.28516   7.182457150e+05
     3.28954   7.140710235e+05
     3.29393   7.157617432e+05
     3.29833   7.130687652e+05
     3.30273   7.124822755e+05
     3.30713   6.968286570e+05
     3.31155   6.992749973e+05
     3.31597   6.968439448e+05
     3.32039   6.816183210e+05
     3.32482   7.002445590e+05
     3.32926   6.999052300e+05
     3.33370   7.013712252e+05
     3.33815   6.925598650e+05
     3.34260   6.925286904e+05
     3.34706   6.975511947e+05
     3.35152   6.911470270e+05
     3.35600   6.918667476e+05
     3.36047   6.907234701e+05
     3.36496   6.809836677e+05
     3.36945   6.804914201e+05
     3.37394   6.856308449e+05
     3.37844   6.844452121e+05
     3.38295   6.829002634e+05
     3.38747   6.810901757e+05
     3.39199   6.780254731e+05
     3.39651   6.524141158e+05
     3.40104   6.676210879e+05
     3.40558   6.716489453e+05
     3.41012   6.722776665e+05
     3.41467   6.499330809e+05
     3.41923   6.531424179e+05
     3.42379   6.633705636e+05
     3.42836   6.654750905e+05
     3.43293   6.665206711e+05
     3.43751   6.618296025e+05
     3.44210   6.605143746e+05
     3.44669   6.600570026e+05
     3.45129   6.388436400e+05
     3.45590   6.369485687e+05
     3.46051   6.499626531e+05
     3.46513   6.521431777e+05
     3.46975   6.530158194e+05
     3.47438   6.496240173e+05
     3.47901   6.489517461e+05
     3.48366   6.476563174e+05
     3.48830   6.462330470e+05
     3.49296   6.375120363e+05
     3.49762   6.345568670e+05
     3.50228   6.417015669e+05
     3.50696   6.316350087e+05
     3.51164   6.225538718e+05
     3.51632   6.282444998e+05
     3.52101   6.226667187e+05
     3.52571   6.270300222e+05
     3.53042   6.232192662e+05
     3.53513   6.189759818e+05
     3.53984   6.011143504e+05
     3.54456   6.233853999e+05
     3.54929   6.270958225e+05
     3.55403   6.250433015e+05
     3.55877   6.212658631e+05
     3.56352   6.229339201e+05
     3.56827   6.169679033e+05
     3.57304   6.094580654e+05
     3.57780   6.158535710e+05
     3.58258   6.162106028e+05
     3.58736   6.109791403e+05
     3.59214   6.129254440e+05
     3.59694   6.072321065e+05
     3.60173   6.043205033e+05
     3.60654   6.085816308e+05
     3.61135   6.077287466e+05
     3.61617   6.063981929e+05
     3.62099   6.004505249e+05
     3.62583   5.781164986e+05
     3.63066   5.809702134e+05
     3.63551   5.881827982e+05
     3.64036   5.912728991e+05
     3.64522   5.933299926e+05
     3.65008   5.939843507e+05
     3.65495   5.843102429e+05
     3.65983   5.835020922e+05
     3.66471   5.918186510e+05
     3.66960   5.892531067e+05
     3.67449   5.890993168e+05
     3.67940   5.765864184e+05
     3.68431   5.756442240e+05
     3.68922   5.825718593e+05
     3.69414   5.779244749e+05
     3.69907   5.803095444e+05
     3.70401   5.788645772e+05
     3.70895   5.765811525e+05
     3.71390   5.779363124e+05
     3.71885   5.760482928e+05
     3.72382   5.710322973e+05
     3.72878   5.703258131e+05
     3.73376   5.637223566e+05
     3.73874   5.621599056e+05
     3.74373   5.647526554e+05
     3.74872   5.662038045e+05
     3.75373   5.604325664e+05
     3.75873   5.599195184e+05
     3.76375   5.616147725e+05
     3.76877   5.614736075e+05
     3.77380   5.611281812e+05
     3.77883   5.557920685e+05
     3.78388   5.561476784e+05
     3.78892   5.574099023e+05
     3.79398   5.562543591e+05
     3.79904   5.551452762e+05
     3.80411   5.530810650e+05
     3.80919   5.500507909e+05
     3.81427   5.433367711e+05
     3.81936   5.393710168e+05
     3.82445   5.465115577e+05
     3.82956   5.472512999e+05
     3.83467   5.445567887e+05
     3.83978   5.438202518e+05
     3.84490   5.433852146e+05
     3.85003   5.401277932e+05
     3.85517   5.349889746e+05
     3.86031   5.290551942e+05
     3.86547   5.259074183e+05
     3.87062   5.301663492e+05
     3.87579   5.326057350e+05
     3.88096   5.298330078e+05
     3.88614   5.285316563e+05
     3.89132   5.260033156e+05
     3.89651   5.222710697e+05
     3.90171   5.277292577e+05
     3.90692   5.264112119e+05
     3.91213   5.237746670e+05
     3.91735   5.215239407e+05
     3.92258   5.221799893e+05
     3.92781   5.217631806e+05
     3.93305   5.170615083e+05
     3.93830   5.170413779e+05
     3.94355   5.180601342e+05
     3.94881   5.157643762e+05
     3.95408   5.116066872e+05
     3.95936   5.087384388e+05
     3.96464   5.132768196e+05
     3.96993   5.127169727e+05
     3.97523   5.107380105e+05
     3.98053   5.063316718e+05
     3.98584   5.034503300e+05
     3.99116   5.038266328e+05
     3.99649   5.019735527e+05
     4.00182   5.016086246e+05
     4.00716   5.039023574e+05
     4.01250   5.015241102e+05
     4.01786   4.955258029e+05
     4.02322   4.943211393e+05
     4.02859   4.983231590e+05
     4.03396   4.970718953e+05
     4.03934   4.960016940e+05
     4.04473   4.918294573e+05
     4.05013   4.907886449e+05
     4.05553   4.910881572e+05
     4.06094   4.909119869e+05
     4.06636   4.834980207e+05
     4.07179   4.624811753e+05
     4.07722   4.770857297e+05
     4.08266   4.826121597e+05
     4.08811   4.642882707e+05
     4.09356   4.755221081e+05
     4.09902   4.786419785e+05
     4.10449   4.805132210e+05
     4.10997   4.699985330e+05
     4.11545   4.758955595e+05
     4.12094   4.783050553e+05
     4.12644   4.746587933e+05
     4.13195   4.744324673e+05
     4.13746   4.739841362e+05
     4.14298   4.725171984e+05
     4.14851   4.659426832e+05
     4.15404   4.691828944e+05
     4.15959   4.696056012e+05
     4.16514   4.679256815e+05
     4.17069   4.597352118e+05
     4.17626   4.632390494e+05
     4.18183   4.617853905e+05
     4.18741   4.632098038e+05
     4.19300   4.576706869e+05
     4.19859   4.567566573e+05
     4.20419   4.394693975e+05
     4.20980   4.438831293e+05
     4.21542   4.547157798e+05
     4.22104   4.566138119e+05
     4.22667   4.553731085e+05
     4.23231   4.552225495e+05
     4.23796   4.545298724e+05
     4.24361   4.530874374e+05
     4.24928   4.313411314e+05
     4.25495   4.338743175e+05
     4.26062   4.504699074e+05
     4.26631   4.483565202e+05
     4.27200   4.448072247e+05
     4.27770   4.467105313e+05
     4.28341   4.445476684e+05
     4.28912   4.435205320e+05
     4.29484   4.270831458e+05
     4.30058   4.213290289e+05
     4.30631   4.203819678e+05
     4.31206   4.165352421e+05
     4.31781   4.248474997e+05
     4.32357   4.174755119e+05
     4.32934   4.299646684e+05
     4.33512   4.216380349e+05
     4.34090   3.974923903e+05
     4.34669   3.945053106e+05
     4.35249   3.910392740e+05
     4.35830   4.118566781e+05
     4.36412   4.094185110e+05
     4.36994   3.856405231e+05
     4.37577   3.700102722e+05
     4.38161   3.915161060e+05
     4.38745   3.556525599e+05
     4.39331   4.054076281e+05
     4.39917   3.991018279e+05
     4.40504   3.964473716e+05
     4.41091   3.924396377e+05
     4.41680   3.959212550e+05
     4.42269   3.877567843e+05
     4.42859   3.949354849e+05
     4.43450   3.839071645e+05
     4.44042   3.994978165e+05
     4.44634   3.921958848e+05
     4.45228   3.805532371e+05
     4.45822   3.637599555e+05
     4.46416   3.823947863e+05
     4.47012   3.638336423e+05
     4.47609   3.327786792e+05
     4.48206   3.505773544e+05
     4.48804   3.628269258e+05
     4.49403   3.681738404e+05
     4.50002   3.835390518e+05
     4.50603   3.656033960e+05
     4.51204   3.781233659e+05
     4.51806   3.655018392e+05
     4.52409   3.206239773e+05
     4.53012   3.299798638e+05
     4.53617   3.291710694e+05
     4.54222   3.752944399e+05
     4.54828   3.753594197e+05
     4.55435   3.773727952e+05
     4.56042   3.739693038e+05
     4.56651   3.694674314e+05
     4.57260   3.647815513e+05
     4.57870   3.469640839e+05
     4.58481   3.156647577e+05
     4.59093   3.429198526e+05
     4.59705   3.148481190e+05
     4.60319   3.071201505e+05
     4.60933   3.286755699e+05
     4.61548   3.233690273e+05
     4.62164   3.317711029e+05
     4.62780   3.384008194e+05
     4.63398   3.574448433e+05
     4.64016   3.634627378e+05
     4.64635   3.182317298e+05
     4.65255   3.363716137e+05
     4.65876   3.405079115e+05
     4.66497   3.355692983e+05
     4.67120   3.430074523e+05
     4.67743   3.602003947e+05
     4.68367   3.387938771e+05
     4.68992   3.268791918e+05
     4.69618   3.304599026e+05
     4.70244   3.441373178e+05
     4.70872   3.398677879e+05
     4.71500   3.189146907e+05
     4.72129   3.116600267e+05
     4.72759   3.279470355e+05
     4.73390   3.251511690e+05
     4.74021   3.323186973e+05
     4.74654   3.292701319e+05
     4.75287   3.115937725e+05
     4.75921   3.429139992e+05
     4.76556   3.305870333e+05
     4.77192   3.386276303e+05
     4.77829   3.249418215e+05
     4.78466   3.158554627e+05
     4.79105   3.271245482e+05
     4.79744   3.320706629e+05
     4.80384   3.229445409e+05
     4.81025   3.157304346e+05
     4.81667   2.981386222e+05
     4.82309   3.178842716e+05
     4.82953   3.142612435e+05
     4.83597   3.275832181e+05
     4.84242   3.333578878e+05
     4.84889   3.093189671e+05
     4.85535   2.829182125e+05
     4.86183   3.267791858e+05
     4.86832   3.346030400e+05
     4.87481   3.308327538e+05
     4.88132   3.322665930e+05
     4.88783   3.180828405e+05
     4.89435   3.146663244e+05
     4.90088   3.261280460e+05
     4.90742   3.164751049e+05
     4.91397   3.126490819e+05
     4.92053   3.160589161e+05
     4.92709   3.242095542e+05
     4.93367   3.231052143e+05
     4.94025   3.209949743e+05
     4.94684   3.012932057e+05
     4.95344   3.176156789e+05
     4.96005   3.204395458e+05
     4.96667   3.241330871e+05
     4.97329   3.255378666e+05
     4.97993   2.950062952e+05
     4.98657   2.983730651e+05
     4.99323   2.838429794e+05
     4.99989   2.885651814e+05
     5.00656   3.145243202e+05
     5.01324   3.178273001e+05
     5.01993   3.015911239e+05
     5.02663   2.883957612e+05
     5.03333   2.741434884e+05
     5.04005   2.710220222e+05
     5.04677   2.813999793e+05
     5.05351   2.779637812e+05
     5.06025   3.061184759e+05
     5.06700   2.821738997e+05
     5.07376   2.766748434e+05
     5.08053   2.773445808e+05
     5.08731   2.905690450e+05
     5.09410   2.598274838e+05
     5.10089   2.868742583e+05
     5.10770   2.718911351e+05
     5.11451   2.876862997e+05
     5.12134   2.908351511e+05
     5.12817   3.016256036e+05
     5.13501   2.768651280e+05
     5.14186   2.979254230e+05
     5.14872   2.979058530e+05
     5.15559   3.039056393e+05
     5.16247   3.056955177e+05
     5.16936   2.705074374e+05
     5.17626   2.781319789e+05
     5.18316   2.687544827e+05
     5.19008   2.750589889e+05
     5.19700   2.764132685e+05
     5.20394   2.826717175e+05
     5.21088   2.625878076e+05
     5.21783   2.642832238e+05
     5.22479   2.936254057e+05
     5.23177   2.743030808e+05
     5.23875   2.663757230e+05
     5.24574   2.643251816e+05
     5.25273   2.926695227e+05
     5.25974   2.753088364e+05
     5.26676   2.472173688e+05
     5.27379   2.806343449e+05
     5.28082   2.998481761e+05
     5.28787   2.971203078e+05
     5.29493   2.758759620e+05
     5.30199   2.652402982e+05
     5.30906   2.534838306e+05
     5.31615   2.670603915e+05
     5.32324   2.586955594e+05
     5.33034   2.869561806e+05
     5.33745   2.826287878e+05
     5.34458   2.718193577e+05
     5.35171   2.700477998e+05
     5.35885   2.889898982e+05
     5.36600   2.811928541e+05
     5.37316   2.719091282e+05
     5.38033   2.788707602e+05
     5.38750   2.566683143e+05
     5.39469   2.424085525e+05
     5.40189   2.714759755e+05
     5.40910   2.301917568e+05
     5.41631   2.847579574e+05
     5.42354   2.849838677e+05
     5.43078   2.843770957e+05
     5.43802   2.835902884e+05
     5.44528   2.806928915e+05
     5.45254   2.627286534e+05
     5.45982   2.810374898e+05
     5.46710   2.773865747e+05
     5.47440   2.684603824e+05
     5.48170   2.682634537e+05
     5.48902   2.642159159e+05
     5.49634   2.282293873e+05
     5.50367   2.658695658e+05
     5.51102   2.759670133e+05
     5.51837   2.731123618e+05
     5.52573   2.611064735e+05
     5.53310   2.392111199e+05
     5.54049   2.365816116e+05
     5.54788   2.204699987e+05
     5.55528   2.381263611e+05
     5.56269   2.556671585e+05
     5.57011   2.651685156e+05
     5.57755   2.686152237e+05
     5.58499   2.428386487e+05
     5.59244   2.655423101e+05
     5.59990   2.658967667e+05
     5.60737   2.496902043e+05
     5.61485   2.649847312e+05
     5.62235   2.500450474e+05
     5.62985   2.613677733e+05
     5.63736   2.394757484e+05
     5.64488   2.589620140e+05
     5.65241   2.565709139e+05
     5.65995   2.627804848e+05
     5.66750   2.645825864e+05
     5.67507   2.630076296e+05
     5.68264   2.619219773e+05
     5.69022   2.566190765e+05
     5.69781   2.367105856e+05
     5.70541   2.533491168e+05
     5.71303   2.474220687e+05
     5.72065   2.554981412e+05
     5.72828   2.343636366e+05
     5.73592   2.471851679e+05
     5.74358   2.547192876e+05
     5.75124   2.556040054e+05
     5.75891   2.552982209e+05
     5.76660   2.542354250e+05
     5.77429   2.531744775e+05
     5.78200   2.398935431e+05
     5.78971   2.386219866e+05
     5.79743   2.494310030e+05
     5.80517   2.334514805e+05
     5.81292   2.369803185e+05
     5.82067   2.514564138e+05
     5.82844   2.372923679e+05
     5.83621   2.115155667e+05
     5.84400   2.397998988e+05
     5.85180   2.397259406e+05
     5.85960   2.374733445e+05
     5.86742   2.408030029e+05
     5.87525   2.461641672e+05
     5.88309   2.454686812e+05
     5.89094   2.403940707e+05
     5.89880   2.219932976e+05
     5.90667   2.334702564e+05
     5.91455   2.398904857e+05
     5.92244   2.418292614e+05
     5.93034   2.424094441e+05
     5.93826   2.355288509e+05
     5.94618   2.150874275e+05
     5.95411   2.163442124e+05
     5.96206   2.278312307e+05
     5.97001   2.394730094e+05
     5.97798   2.387982895e+05
     5.98595   2.382310478e+05
     5.99394   2.352894515e+05
     6.00194   2.331883301e+05
     6.00994   2.361546747e+05
     6.01796   2.345574772e+05
     6.02599   2.345537761e+05
     6.03403   2.280949117e+05
     6.04208   1.948643519e+05
     6.05014   1.975489854e+05
     6.05822   2.309177515e+05
     6.06630   2.326661056e+05
     6.07439   2.319257994e+05
     6.08250   2.312099996e+05
     6.09061   2.287455089e+05
     6.09874   2.175370717e+05
     6.10688   2.214788560e+05
     6.11502   2.040710172e+05
     6.12318   2.267722512e+05
     6.13135   2.271785489e+05
     6.13953   2.247085169e+05
     6.14773   2.258769838e+05
     6.15593   2.223332375e+05
     6.16414   2.250452874e+05
     6.17237   2.249839158e+05
     6.18060   2.245685854e+05
     6.18885   2.231421077e+05
     6.19710   2.224870699e+05
     6.20537   2.197095941e+05
     6.21365   2.195477026e+05
     6.22194   2.079169404e+05
     6.23024   2.173091265e+05
     6.23856   2.202839480e+05
     6.24688   2.195720748e+05
     6.25522   2.178417204e+05
     6.26356   2.177487860e+05
     6.27192   2.172259877e+05
     6.28029   2.167283501e+05
     6.28867   2.168631630e+05
     6.29706   2.166797003e+05
     6.30546   2.160633370e+05
     6.31387   2.145475251e+05
     6.32229   2.010990343e+05
     6.33073   2.086139621e+05
     6.33918   2.137297587e+05
     6.34763   2.131312046e+05
     6.35610   2.010632373e+05
     6.36458   2.078834230e+05
     6.37308   2.070343160e+05
     6.38158   2.097082729e+05
     6.39009   2.109866239e+05
     6.39862   2.094995381e+05
     6.40716   2.089965566e+05
     6.41570   2.093468839e+05
     6.42426   2.065415819e+05
     6.43284   2.069783954e+05
     6.44142   2.077273416e+05
     6.45001   1.966521955e+05
     6.45862   1.907175625e+05
     6.46724   2.013701484e+05
     6.47587   2.053358639e+05
     6.48451   2.015015631e+05
     6.49316   2.043100324e+05
     6.50182   1.949045179e+05
     6.51050   1.953190961e+05
     6.51918   2.023625362e+05
     6.52788   2.024422595e+05
     6.53659   2.020440889e+05
     6.54531   1.971225440e+05
     6.55404   1.955163692e+05
     6.56279   1.962826282e+05
     6.57154   1.971952072e+05
     6.58031   1.992628636e+05
     6.58909   1.988524655e+05
     6.59788   1.934613537e+05
     6.60669   1.922927567e+05
     6.61550   1.973809094e+05
     6.62433   1.968956489e+05
     6.63317   1.958716937e+05
     6.64202   1.945423419e+05
     6.65088   1.954166354e+05
     6.65975   1.949657835e+05
     6.66864   1.939553662e+05
     6.67753   1.933965019e+05
     6.68644   1.933608765e+05
     6.69537   1.920525722e+05
     6.70430   1.923691517e+05
     6.71324   1.917630582e+05
     6.72220   1.904227137e+05
     6.73117   1.899361295e+05
     6.74015   1.881201907e+05
     6.74914   1.815195748e+05
     6.75815   1.882538745e+05
     6.76716   1.891066109e+05
     6.77619   1.886191080e+05
     6.78523   1.878612726e+05
     6.79429   1.874998726e+05
     6.80335   1.864095473e+05
     6.81243   1.867208451e+05
     6.82152   1.859671663e+05
     6.83062   1.841018203e+05
     6.83973   1.851155066e+05
     6.84886   1.849459835e+05
     6.85800   1.833402442e+05
     6.86715   1.737164049e+05
     6.87631   1.811295505e+05
     6.88548   1.779556448e+05
     6.89467   1.815532458e+05
     6.90387   1.820641284e+05
     6.91308   1.812900995e+05
     6.92231   1.809799273e+05
     6.93154   1.805198607e+05
     6.94079   1.799714554e+05
     6.95005   1.788961150e+05
     6.95932   1.773768434e+05
     6.96861   1.784405311e+05
     6.97791   1.785124819e+05
     6.98722   1.780239911e+05
     6.99654   1.773279773e+05
     7.00587   1.770609638e+05
     7.01522   1.765634878e+05
     7.02458   1.756249087e+05
     7.03395   1.751636219e+05
     7.04334   1.749614771e+05
     7.05274   1.747854559e+05
     7.06215   1.743478413e+05
     7.07157   1.738939846e+05
     7.08100   1.732633001e+05
     7.09045   1.728008566e+05
     7.09991   1.725505060e+05
     7.10938   1.717404121e+05
     7.11887   1.715585993e+05
     7.12837   1.713233061e+05
     7.13788   1.705404563e+05
     7.14740   1.698175221e+05
     7.15694   1.696402271e+05
     7.16649   1.691956608e+05
     7.17605   1.681384478e+05
     7.18562   1.679737219e+05
     7.19521   1.682198724e+05
     7.20481   1.679871258e+05
     7.21442   1.675370703e+05
     7.22405   1.670857134e+05
     7.23369   1.666360739e+05
     7.24334   1.661591592e+05
     7.25300   1.656977547e+05
     7.26268   1.652751204e+05
     7.27237   1.645613281e+05
     7.28207   1.636939626e+05
     7.29179   1.641039047e+05
     7.30152   1.634484875e+05
     7.31126   1.628933350e+05
     7.32101   1.627467331e+05
     7.33078   1.619778552e+05
     7.34056   1.613845755e+05
     7.35036   1.614936213e+05
     7.36016   1.609757378e+05
     7.36998   1.602294557e+05
     7.37982   1.602173099e+05
     7.38966   1.596311366e+05
     7.39952   1.588702961e+05
     7.40940   1.584278403e+05
     7.41928   1.583957861e+05
     7.42918   1.580750675e+05
     7.43909   1.557542345e+05
     7.44902   1.573577967e+05
     7.45896   1.569952825e+05
     7.46891   1.565171855e+05
     7.47887   1.563386997e+05
     7.48885   1.556395741e+05
     7.49884   1.549961597e+05
     7.50885   1.547686843e+05
     7.51887   1.543120717e+05
     7.52890   1.539938706e+05
     7.53894   1.535050436e+05
     7.54900   1.532416303e+05
     7.55908   1.529523196e+05
     7.56916   1.526202774e+05
     7.57926   1.522870208e+05
     7.58937   1.519239284e+05
     7.59950   1.514850718e+05
     7.60964   1.509684787e+05
     7.61979   1.507791110e+05
     7.62996   1.503569998e+05
     7.64014   1.499226846e+05
     7.65033   1.492937023e+05
     7.66054   1.478283944e+05
     7.67076   1.477595626e+05
     7.68099   1.475244604e+05
     7.69124   1.479098313e+05
     7.70150   1.473961807e+05
     7.71178   1.471059787e+05
     7.72207   1.469763797e+05
     7.73237   1.465911316e+05
     7.74269   1.458290021e+05
     7.75302   1.457495836e+05
     7.76336   1.454735673e+05
     7.77372   1.450532252e+05
     7.78409   1.447428986e+05
     7.79448   1.443796581e+05
     7.80488   1.439746172e+05
     7.81529   1.436246990e+05
     7.82572   1.429874614e+05
     7.83616   1.421866069e+05
     7.84661   1.422238953e+05
     7.85708   1.421766307e+05
     7.86757   1.417918482e+05
     7.87806   1.414846791e+05
     7.88858   1.410185768e+05
     7.89910   1.407034185e+05
     7.90964   1.403743227e+05
     7.92019   1.399803268e+05
     7.93076   1.397196825e+05
     7.94134   1.393237795e+05
     7.95194   1.388933586e+05
     7.96255   1.385098339e+05
     7.97317   1.381450164e+05
     7.98381   1.376948748e+05
     7.99446   1.374031326e+05
     8.00513   1.370922416e+05
     8.01581   1.367439586e+05
     8.02650   1.364385085e+05
     8.03721   1.359137389e+05
     8.04794   1.355689250e+05
     8.05867   1.351052475e+05
     8.06942   1.339094171e+05
     8.08019   1.334485516e+05
     8.09097   1.342205183e+05
     8.10177   1.339013313e+05
     8.11258   1.334508062e+05
     8.12340   1.331016326e+05
     8.13424   1.329474111e+05
     8.14509   1.323484735e+05
     8.15596   1.321020589e+05
     8.16684   1.319411525e+05
     8.17774   1.315531512e+05
     8.18865   1.304638697e+05
     8.19957   1.292548501e+05
     8.21051   1.305854261e+05
     8.22147   1.303367544e+05
     8.23244   1.299636291e+05
     8.24342   1.296823757e+05
     8.25442   1.292855681e+05
     8.26543   1.289810412e+05
     8.27646   1.285270688e+05
     8.28750   1.283487426e+05
     8.29856   1.279510449e+05
     8.30963   1.275254699e+05
     8.32072   1.267343560e+05
     8.33182   1.269267465e+05
     8.34294   1.266356266e+05
     8.35407   1.263209646e+05
     8.36522   1.260089194e+05
     8.37638   1.256920125e+05
     8.38755   1.251853627e+05
     8.39874   1.247057863e+05
     8.40995   1.246425317e+05
     8.42117   1.244151546e+05
     8.43241   1.240110021e+05
     8.44366   1.237800434e+05
     8.45492   1.233039785e+05
     8.46620   1.226278583e+05
     8.47750   1.224373407e+05
     8.48881   1.223443397e+05
     8.50014   1.212979083e+05
     8.51148   1.216981071e+05
     8.52283   1.215691839e+05
     8.53421   1.210427128e+05
     8.54559   1.208519726e+05
     8.55699   1.203833075e+05
     8.56841   1.169845444e+05
     8.57984   1.190494803e+05
     8.59129   1.197157249e+05
     8.60275   1.192509038e+05
     8.61423   1.190380118e+05
     8.62572   1.188031804e+05
     8.63723   1.184311614e+05
     8.64876   1.181326402e+05
     8.66030   1.178366764e+05
     8.67185   1.175976142e+05
     8.68342   1.172124489e+05
     8.69501   1.169624143e+05
     8.70661   1.166578900e+05
     8.71822   1.163656293e+05
     8.72986   1.160706972e+05
     8.74150   1.157647623e+05
     8.75317   1.154280922e+05
     8.76485   1.151449621e+05
     8.77654   1.148658701e+05
     8.78825   1.145733158e+05
     8.79998   1.139533071e+05
     8.81172   1.136096378e+05
     8.82347   1.134726415e+05
     8.83525   1.134047291e+05
     8.84703   1.131098449e+05
     8.85884   1.128079589e+05
     8.87066   1.121199371e+05
     8.88249   1.120703819e+05
     8.89434   1.119222701e+05
     8.90621   1.116863055e+05
     8.91809   1.113769920e+05
     8.92999   1.110983929e+05
     8.94191   1.107543114e+05
     8.95384   1.104932803e+05
     8.96578   1.095208256e+05
     8.97775   1.096460413e+05
     8.98972   1.093239314e+05
     9.00172   1.093859843e+05
     9.01373   1.090346633e+05
     9.02576   1.088083984e+05
     9.03780   1.084654207e+05
     9.04986   1.081983648e+05
     9.06193   1.079167410e+05
     9.07402   1.076981027e+05
     9.08613   1.062253616e+05
     9.09825   1.044520119e+05
     9.11039   1.068194185e+05
     9.12255   1.065747125e+05
     9.13472   1.063128361e+05
     9.14691   1.060434349e+05
     9.15911   1.057860218e+05
     9.17133   1.054423187e+05
     9.18357   1.052174019e+05
     9.19582   1.049143954e+05
     9.20809   1.046890156e+05
     9.22037   1.041493267e+05
     9.23268   1.041403337e+05
     9.24499   1.038788519e+05
     9.25733   1.035931023e+05
     9.26968   1.031733455e+05
     9.28205   1.030908480e+05
     9.29443   1.028233939e+05
     9.30683   1.025465585e+05
     9.31925   1.019182544e+05
     9.33168   1.017338208e+05
     9.34414   1.016933739e+05
     9.35660   1.014948082e+05
     9.36909   1.012321428e+05
     9.38159   1.007938947e+05
     9.39410   1.003465237e+05
     9.40664   1.004431027e+05
     9.41919   1.002066586e+05
     9.43176   9.993100622e+04
     9.44434   9.968379075e+04
     9.45694   9.933911026e+04
     9.46956   9.875925164e+04
     9.48219   9.882785418e+04
     9.49484   9.863060782e+04
     9.50751   9.838093282e+04
     9.52020   9.814720173e+04
     9.53290   9.788495947e+04
     9.54562   9.765594844e+04
     9.55835   9.735066615e+04
     9.57111   9.715018396e+04
     9.58388   9.685097970e+04
     9.59666   9.664593066e+04
     9.60947   9.638350889e+04
     9.62229   9.614450337e+04
     9.63513   9.584269080e+04
     9.64798   9.562313847e+04
     9.66086   9.539352568e+04
     9.67375   9.504893086e+04
     9.68665   9.487455230e+04
     9.69958   9.465233690e+04
     9.71252   9.402215355e+04
     9.72548   9.376820838e+04
     9.73845   9.389045447e+04
     9.75145   9.332719141e+04
     9.76446   9.339414644e+04
     9.77748   9.302240332e+04
     9.79053   9.274619393e+04
     9.80359   9.242013326e+04
     9.81667   9.247080960e+04
     9.82977   9.224188095e+04
     9.84289   9.198160501e+04
     9.85602   9.174015151e+04
     9.86917   9.151561414e+04
     9.88234   9.114647273e+04
     9.89552   9.090751822e+04
     9.90872   9.081354425e+04
     9.92194   9.054907258e+04
     9.93518   9.009950661e+04
     9.94844   8.973533680e+04
     9.96171   8.986954069e+04
     9.97500   8.964902729e+04
     9.98831   8.939904458e+04
    10.00164   8.920148620e+04
    10.01498   8.899532181e+04
    10.02835   8.874430098e+04
    10.04173   8.851433467e+04
    10.05512   8.825134481e+04
    10.06854   8.590080302e+04
    10.08197   8.718352029e+04
    10.09542   8.730407471e+04
    10.10889   8.724583910e+04
    10.12238   8.712321000e+04
    10.13589   8.692839191e+04
    10.14941   8.670737628e+04
    10.16295   8.647472546e+04
    10.17651   8.624289334e+04
    10.19009   8.595597607e+04
    10.20368   8.582786410e+04
    10.21730   8.554061759e+04
    10.23093   8.377813337e+04
    10.24458   8.510951528e+04
    10.25825   8.483702893e+04
    10.27194   8.471825118e+04
    10.28564   8.447093690e+04
    10.29937   8.428768424e+04
    10.31311   8.401274233e+04
    10.32687   8.384552521e+04
    10.34065   8.359584037e+04
    10.35444   8.329399650e+04
    10.36826   8.296313292e+04
    10.38209   8.103574224e+04
    10.39594   8.256012572e+04
    10.40981   8.251239120e+04
    10.42370   8.229407435e+04
    10.43761   8.205913559e+04
    10.45154   8.188224300e+04
    10.46548   8.156900814e+04
    10.47944   8.146780390e+04
    10.49343   8.123535609e+04
    10.50743   8.105046915e+04
    10.52145   8.079663900e+04
    10.53548   8.059001103e+04
    10.54954   8.041931283e+04
    10.56362   8.018461190e+04
    10.57771   7.998695119e+04
    10.59182   7.965812956e+04
    10.60595   7.929475102e+04
    10.62011   7.935693878e+04
    10.63427   7.920126495e+04
    10.64846   7.887902422e+04
    10.66267   7.871329036e+04
    10.67690   7.853856692e+04
    10.69114   7.811167834e+04
    10.70541   7.755550002e+04
    10.71969   7.796621387e+04
    10.73399   7.775653898e+04
    10.74831   7.756924761e+04
    10.76265   7.736191249e+04
    10.77701   7.712883871e+04
    10.79139   7.697360660e+04
    10.80579   7.670590740e+04
    10.82021   7.649659441e+04
    10.83465   7.634129979e+04
    10.84910   7.613160791e+04
    10.86358   7.595553155e+04
    10.87807   7.453287776e+04
    10.89258   7.543578268e+04
    10.90712   7.535753058e+04
    10.92167   7.514494558e+04
    10.93624   7.496108424e+04
    10.95083   7.477190055e+04
    10.96544   7.458174655e+04
    10.98008   7.438001635e+04
    10.99472   7.418666636e+04
    11.00939   7.392463874e+04
    11.02408   7.376777363e+04
    11.03879   7.313510488e+04
    11.05352   7.339081432e+04
    11.06827   7.305924030e+04
    11.08304   7.299339464e+04
    11.09782   7.288058814e+04
    11.11263   7.262548983e+04
    11.12746   7.247439551e+04
    11.14230   7.229865312e+04
    11.15717   7.209721337e+04
    11.17206   7.189972877e+04
    11.18696   7.171020208e+04
    11.20189   7.150189709e+04
    11.21683   7.099869864e+04
    11.23180   7.118870353e+04
    11.24678   7.098970200e+04
    11.26179   7.081226896e+04
    11.27682   7.060716009e+04
    11.29186   7.022593512e+04
    11.30693   7.002047865e+04
    11.32201   6.774336024e+04
    11.33712   6.984331455e+04
    11.35225   6.970400037e+04
    11.36739   6.953930265e+04
    11.38256   6.937407125e+04
    11.39775   6.916526992e+04
    11.41295   6.898442925e+04
    11.42818   6.880030093e+04
    11.44343   6.863307538e+04
    11.45870   6.846280276e+04
    11.47398   6.826716575e+04
    11.48929   6.807194514e+04
    11.50462   6.791956850e+04
    11.51997   6.775847362e+04
    11.53534   6.757748202e+04
    11.55073   6.737041120e+04
    11.56614   6.719388995e+04
    11.58158   6.704820984e+04
    11.59703   6.680808148e+04
    11.61250   6.667626675e+04
    11.62800   6.650175541e+04
    11.64351   6.635734308e+04
    11.65905   6.618959158e+04
    11.67460   6.601036135e+04
    11.69018   6.581492819e+04
    11.70577   6.564417658e+04
    11.72139   6.548897190e+04
    11.73703   6.533463592e+04
    11.75269   6.517578699e+04
    11.76837   6.496852724e+04
    11.78407   6.482856643e+04
    11.79980   6.444410241e+04
    11.81554   6.441453034e+04
    11.83130   6.427620765e+04
    11.84709   6.415638531e+04
    11.86290   6.397609318e+04
    11.87872   6.380538742e+04
    11.89457   6.364785151e+04
    11.91044   6.341099820e+04
    11.92633   6.316901345e+04
    11.94225   6.313549554e+04
    11.95818   6.299718387e+04
    11.97414   6.281122837e+04
    11.99011   6.266028269e+04
    12.00611   6.250552834e+04
    12.02213   6.228750774e+04
    12.03817   6.207385047e+04
    12.05423   6.201136099e+04
    12.07031   6.182586135e+04
    12.08642   6.160397963e+04
    12.10254   6.145896583e+04
    12.11869   6.045015001e+04
    12.13486   6.118439502e+04
    12.15105   6.098918437e+04
    12.16726   6.087314847e+04
    12.18350   6.073552915e+04
    12.19975   6.058613970e+04
    12.21603   6.041444959e+04
    12.23233   6.024653599e+04
    12.24865   5.999077104e+04
    12.26499   5.977814088e+04
    12.28136   5.971558155e+04
    12.29774   5.960866509e+04
    12.31415   5.946122242e+04
    12.33058   5.930924172e+04
    12.34703   5.900487980e+04
    12.36350   5.894052830e+04
    12.38000   5.882697287e+04
    12.39652   5.870021612e+04
    12.41306   5.854542523e+04
    12.42962   5.823658806e+04
    12.44620   5.821151691e+04
    12.46281   5.806902643e+04
    12.47944   5.784426701e+04
    12.49609   5.780246875e+04
    12.51276   5.763939327e+04
    12.52946   5.748736222e+04
    12.54617   5.732344986e+04
    12.56291   5.719229846e+04
    12.57967   5.705952967e+04
    12.59646   5.689121030e+04
    12.61326   5.675371284e+04
    12.63009   5.658307277e+04
    12.64694   5.616267154e+04
    12.66382   5.617979145e+04
    12.68071   5.616587085e+04
    12.69763   5.599953139e+04
    12.71457   5.587932953e+04
    12.73154   5.568702217e+04
    12.74853   5.557517450e+04
    12.76553   5.543996516e+04
    12.78257   5.496033357e+04
    12.79962   5.251789905e+04
    12.81670   5.468362561e+04
    12.83380   5.457899618e+04
    12.85092   5.466775362e+04
    12.86807   5.453425350e+04
    12.88524   5.435867063e+04
    12.90243   5.420022663e+04
    12.91964   5.412091547e+04
    12.93688   5.398338329e+04
    12.95414   5.380983618e+04
    12.97143   5.371266582e+04
    12.98873   5.358115158e+04
    13.00606   5.343865121e+04
    13.02342   5.323424499e+04
    13.04079   5.316167843e+04
    13.05819   5.293982844e+04
    13.07561   5.181671318e+04
    13.09306   5.272118988e+04
    13.11053   5.260038095e+04
    13.12802   5.245575652e+04
    13.14554   5.233876500e+04
    13.16308   5.219873667e+04
    13.18064   5.206938696e+04
    13.19822   5.189595021e+04
    13.21583   5.178782830e+04
    13.23347   5.154973376e+04
    13.25112   5.105075421e+04
    13.26880   5.132279461e+04
    13.28651   5.123416759e+04
    13.30423   5.110320451e+04
    13.32198   5.094359123e+04
    13.33976   5.083681088e+04
    13.35756   5.067654759e+04
    13.37538   5.057976199e+04
    13.39322   5.044603110e+04
    13.41109   5.031764986e+04
    13.42899   5.017419885e+04
    13.44690   5.001972519e+04
    13.46485   4.992864364e+04
    13.48281   4.977810058e+04
    13.50080   4.966290699e+04
    13.51881   4.940178535e+04
    13.53685   4.929803798e+04
    13.55491   4.909087700e+04
    13.57300   4.911281745e+04
    13.59111   4.900729478e+04
    13.60924   4.887980185e+04
    13.62740   4.870140817e+04
    13.64558   4.850267884e+04
    13.66379   4.850995946e+04
    13.68202   4.838074329e+04
    13.70027   4.825378876e+04
    13.71855   4.810984237e+04
    13.73685   4.786430747e+04
    13.75518   4.787999057e+04
    13.77353   4.740574321e+04
    13.79191   4.651774909e+04
    13.81031   4.747811174e+04
    13.82874   4.738567098e+04
    13.84719   4.725331042e+04
    13.86566   4.713283759e+04
    13.88416   4.691564076e+04
    13.90269   4.688257830e+04
    13.92124   4.676248923e+04
    13.93981   4.658537001e+04
    13.95841   4.654136192e+04
    13.97704   4.633026649e+04
    13.99568   4.575250992e+04
    14.01436   4.614250579e+04
    14.03306   4.604918207e+04
    14.05178   4.589965523e+04
    14.07053   4.576050911e+04
    14.08930   4.562880540e+04
    14.10810   4.553044298e+04
    14.12692   4.527751203e+04
    14.14577   4.530528579e+04
    14.16464   4.519036451e+04
    14.18354   4.510023410e+04
    14.20247   4.483684142e+04
    14.22142   4.379669375e+04
    14.24039   4.456928223e+04
    14.25939   4.460741154e+04
    14.27842   4.431324874e+04
    14.29747   4.438630992e+04
    14.31654   4.425919806e+04
    14.33564   4.415012974e+04
    14.35477   4.403730920e+04
    14.37392   4.390485477e+04
    14.39310   4.379512049e+04
    14.41230   4.366918111e+04
    14.43153   4.358478359e+04
    14.45079   4.345896719e+04
    14.47007   4.334442677e+04
    14.48938   4.323930957e+04
    14.50871   4.311912298e+04
    14.52807   4.301218764e+04
    14.54745   4.287844101e+04
    14.56686   4.280239321e+04
    14.58629   4.268087731e+04
    14.60576   4.256361911e+04
    14.62524   4.234379026e+04
    14.64476   4.222780499e+04
    14.66430   4.208142819e+04
    14.68386   4.211476244e+04
    14.70345   4.200630932e+04
    14.72307   4.189293981e+04
    14.74271   4.175713964e+04
    14.76238   4.167629112e+04
    14.78208   4.148211272e+04
    14.80180   4.145437236e+04
    14.82155   4.134904222e+04
    14.84133   4.124744643e+04
    14.86113   4.111506463e+04
    14.88096   4.101703289e+04
    14.90081   4.089263513e+04
    14.92069   4.079148671e+04
    14.94060   4.071746542e+04
    14.96053   4.051820295e+04
    14.98049   4.048537955e+04
    15.00048   4.038431500e+04
    15.02050   4.027321673e+04
    15.04054   4.017859771e+04
    15.06060   4.006735006e+04
    15.08070   3.996689618e+04
    15.10082   3.986314517e+04
    15.12097   3.976045591e+04
    15.14114   3.962842876e+04
    15.16134   3.951019998e+04
    15.18157   3.943778853e+04
    15.20183   3.934296228e+04
    15.22211   3.873796019e+04
    15.24242   3.898441651e+04
    15.26276   3.831994386e+04
    15.28312   3.711374923e+04
    15.30351   3.798518165e+04
    15.32393   3.865765541e+04
    15.34438   3.860273148e+04
    15.36485   3.852495317e+04
    15.38535   3.841050449e+04
    15.40588   3.832277759e+04
    15.42643   3.822062986e+04
    15.44701   3.811568115e+04
    15.46762   3.802727523e+04
    15.48826   3.792953475e+04
    15.50892   3.783097707e+04
    15.52962   3.772424310e+04
    15.55034   3.762484826e+04
    15.57108   3.752649487e+04
    15.59186   3.741208934e+04
    15.61266   3.732631896e+04
    15.63349   3.722897088e+04
    15.65435   3.713930934e+04
    15.67524   3.703422557e+04
    15.69615   3.694700040e+04
    15.71710   3.682930043e+04
    15.73807   3.675390819e+04
    15.75906   3.665008281e+04
    15.78009   3.656137630e+04
    15.80114   3.646460762e+04
    15.82223   3.636158484e+04
    15.84334   3.626789335e+04
    15.86447   3.617941872e+04
    15.88564   3.608103507e+04
    15.90684   3.595818165e+04
    15.92806   3.581959049e+04
    15.94931   3.578699975e+04
    15.97059   3.560055518e+04
    15.99190   3.546242482e+04
    16.01324   3.521260535e+04
    16.03460   3.501564604e+04
    16.05600   3.508352251e+04
    16.07742   3.522115371e+04
    16.09887   3.514047678e+04
    16.12035   3.505762186e+04
    16.14186   3.495517991e+04
    16.16339   3.487567635e+04
    16.18496   3.477286457e+04
    16.20655   3.468104088e+04
    16.22818   3.459726318e+04
    16.24983   3.451005585e+04
    16.27151   3.441146822e+04
    16.29322   3.432481255e+04
    16.31496   3.423115441e+04
    16.33673   3.414527713e+04
    16.35852   3.405565866e+04
    16.38035   3.396072131e+04
    16.40220   3.387367635e+04
    16.42409   3.378805026e+04
    16.44600   3.369740206e+04
    16.46794   3.360625109e+04
    16.48992   3.351318672e+04
    16.51192   3.343693958e+04
    16.53395   3.334997122e+04
    16.55601   3.326304165e+04
    16.57810   3.314984920e+04
    16.60022   3.304531029e+04
    16.62236   3.289685161e+04
    16.64454   3.274516017e+04
    16.66675   3.282983147e+04
    16.68899   3.272035247e+04
    16.71125   3.259741558e+04
    16.73355   3.257300866e+04
    16.75588   3.248203801e+04
    16.77823   3.237235231e+04
    16.80062   3.221984946e+04
    16.82303   3.217812221e+04
    16.84548   3.203328027e+04
    16.86795   3.202265999e+04
    16.89046   3.197079233e+04
    16.91300   3.188965066e+04
    16.93556   3.180914537e+04
    16.95816   3.171208223e+04
    16.98078   3.150962044e+04
    17.00344   3.156306891e+04
    17.02613   3.147244294e+04
    17.04884   3.138452119e+04
    17.07159   3.130358638e+04
    17.09437   3.123063260e+04
    17.11717   3.114409101e+04
    17.14001   3.106074572e+04
    17.16288   3.098651418e+04
    17.18578   3.088352836e+04
    17.20871   3.078615762e+04
    17.23167   3.072374782e+04
    17.25466   3.064967102e+04
    17.27768   3.055313052e+04
    17.30074   3.047569563e+04
    17.32382   3.040623377e+04
    17.34693   3.028697444e+04
    17.37008   3.024119300e+04
    17.39325   3.017203279e+04
    17.41646   3.008445864e+04
    17.43970   3.001801289e+04
    17.46296   2.993739028e+04
    17.48626   2.985613945e+04
    17.50959   2.977433017e+04
    17.53296   2.967827321e+04
    17.55635   2.955651046e+04
    17.57977   2.951240935e+04
    17.60323   2.946662771e+04
    17.62672   2.937670217e+04
    17.65023   2.931355521e+04
    17.67378   2.923533607e+04
    17.69736   2.915902228e+04
    17.72098   2.907030765e+04
    17.74462   2.896596402e+04
    17.76829   2.860771073e+04
    17.79200   2.880250691e+04
    17.81574   2.875483916e+04
    17.83951   2.870262443e+04
    17.86331   2.863119203e+04
    17.88715   2.855142924e+04
    17.91101   2.836101294e+04
    17.93491   2.838417318e+04
    17.95884   2.832072100e+04
    17.98280   2.825594435e+04
    18.00679   2.818293399e+04
    18.03082   2.809052214e+04
    18.05487   2.803366706e+04
    18.07896   2.795844946e+04
    18.10308   2.787677849e+04
    18.12724   2.780066925e+04
    18.15142   2.773565730e+04
    18.17564   2.766457183e+04
    18.19989   2.740658683e+04
    18.22418   2.751071976e+04
    18.24849   2.744279404e+04
    18.27284   2.730060112e+04
    18.29722   2.726822340e+04
    18.32163   2.722556075e+04
    18.34608   2.715632445e+04
    18.37055   2.708604772e+04
    18.39506   2.701444258e+04
    18.41961   2.694442741e+04
    18.44418   2.684601179e+04
    18.46879   2.679662164e+04
    18.49343   2.672688991e+04
    18.51811   2.665571419e+04
    18.54281   2.655701386e+04
    18.56755   2.650368006e+04
    18.59233   2.644509922e+04
    18.61713   2.637683961e+04
    18.64197   2.631412226e+04
    18.66685   2.624677838e+04
    18.69175   2.617691438e+04
    18.71669   2.610417729e+04
    18.74166   2.603597068e+04
    18.76667   2.596667285e+04
    18.79171   2.586728372e+04
    18.81678   2.582112794e+04
    18.84189   2.572054595e+04
    18.86702   2.564293794e+04
    18.89220   2.559674107e+04
    18.91740   2.556228177e+04
    18.94264   2.549642943e+04
    18.96792   2.542814974e+04
    18.99323   2.535494484e+04
    19.01857   2.528037660e+04
    19.04394   2.506223263e+04
    19.06935   2.511577349e+04
    19.09479   2.509156181e+04
    19.12027   2.502239331e+04
    19.14578   2.496327341e+04
    19.17133   2.489553268e+04
    19.19690   2.482415069e+04
    19.22252   2.476075144e+04
    19.24816   2.469668430e+04
    19.27385   2.463181819e+04
    19.29956   2.453618518e+04
    19.32531   2.450544116e+04
    19.35110   2.443525244e+04
    19.37691   2.436248466e+04
    19.40277   2.430777259e+04
    19.42865   2.422454758e+04
    19.45458   2.418032153e+04
    19.48053   2.412175263e+04
    19.50652   2.405874415e+04
    19.53255   2.398960741e+04
    19.55861   2.388956493e+04
    19.58471   2.386289271e+04
    19.61084   2.379920710e+04
    19.63700   2.373998025e+04
    19.66320   2.367749590e+04
    19.68944   2.361539589e+04
    19.71571   2.355258822e+04
    19.74201   2.348710331e+04
    19.76835   2.342785924e+04
    19.79473   2.336732215e+04
    19.82114   2.330991564e+04
    19.84759   2.324503860e+04
    19.87407   2.318670547e+04
    19.90058   2.312309361e+04
    19.92713   2.305993066e+04
    19.95372   2.297387635e+04
    19.98034   2.292120779e+04
    20.00700   2.286053783e+04
    20.03370   2.281714274e+04
    20.06043   2.273500645e+04
    20.08719   2.267095537e+04
    20.11399   2.224323844e+04
    20.14083   2.257830754e+04
    20.16770   2.252051100e+04
    20.19461   2.245794693e+04
    20.22155   2.240322365e+04
    20.24853   2.234415609e+04
    20.27555   2.228473305e+04
    20.30260   2.222687385e+04
    20.32969   2.216600527e+04
    20.35681   2.210280541e+04
    20.38397   2.204975511e+04
    20.41117   2.199171788e+04
    20.43840   2.193159434e+04
    20.46567   2.187001269e+04
    20.49298   2.176996978e+04
    20.52032   2.175826924e+04
    20.54770   2.170526577e+04
    20.57512   2.164780035e+04
    20.60257   2.159054421e+04
    20.63006   2.153253018e+04
    20.65758   2.147862707e+04
    20.68514   2.142070679e+04
    20.71274   2.136252410e+04
    20.74038   2.130618965e+04
    20.76805   2.124676014e+04
    20.79576   2.119472189e+04
    20.82350   2.110628351e+04
    20.85129   2.107313429e+04
    20.87911   2.101802173e+04
    20.90697   2.096699816e+04
    20.93486   2.071861562e+04
    20.96279   2.085841825e+04
    20.99076   2.078535461e+04
    21.01877   2.074835561e+04
    21.04681   2.069758264e+04
    21.07489   2.061711674e+04
    21.10301   2.057226017e+04
    21.13117   2.053113352e+04
    21.15936   2.047977736e+04
    21.18759   2.042570375e+04
    21.21586   2.036842436e+04
    21.24417   2.031061241e+04
    21.27251   2.026133469e+04
    21.30089   2.020856852e+04
    21.32931   2.013401315e+04
    21.35777   2.004610474e+04
    21.38627   2.002750976e+04
    21.41480   1.996418144e+04
    21.44337   1.991398145e+04
    21.47198   1.957941903e+04
    21.50063   1.977944781e+04
    21.52932   1.954941155e+04
    21.55804   1.967133104e+04
    21.58681   1.968394812e+04
    21.61561   1.963200860e+04
    21.64445   1.957914727e+04
    21.67333   1.952635621e+04
    21.70224   1.935878496e+04
    21.73120   1.942093625e+04
    21.76019   1.937402502e+04
    21.78923   1.932115307e+04
    21.81830   1.926988003e+04
    21.84741   1.921975788e+04
    21.87656   1.916612390e+04
    21.90575   1.911966989e+04
    21.93497   1.906257437e+04
    21.96424   1.899900518e+04
    21.99355   1.896690644e+04
    22.02289   1.891576412e+04
    22.05227   1.886824994e+04
    22.08170   1.881764261e+04
    22.11116   1.875972067e+04
    22.14066   1.871577874e+04
    22.17020   1.866746146e+04
    22.19978   1.861905564e+04
    22.22940   1.855864204e+04
    22.25906   1.851760922e+04
    22.28876   1.846821403e+04
    22.31850   1.839446552e+04
    22.34827   1.834695223e+04
    22.37809   1.832523398e+04
    22.40795   1.827531316e+04
    22.43785   1.822367854e+04
    22.46778   1.818096306e+04
    22.49776   1.813592343e+04
    22.52778   1.808646144e+04
    22.55783   1.803879596e+04
    22.58793   1.798924675e+04
    22.61807   1.793973755e+04
    22.64825   1.789354857e+04
    22.67846   1.780222160e+04
    22.70872   1.780138580e+04
    22.73902   1.772023546e+04
    22.76936   1.769445173e+04
    22.79974   1.766067556e+04
    22.83016   1.761022518e+04
    22.86062   1.756787293e+04
    22.89112   1.752223108e+04
    22.92166   1.747531002e+04
    22.95224   1.742743535e+04
    22.98287   1.737842732e+04
    23.01353   1.733639435e+04
    23.04424   1.729040528e+04
    23.07498   1.721712793e+04
    23.10577   1.719526020e+04
    23.13660   1.714114168e+04
    23.16747   1.710855083e+04
    23.19838   1.688066244e+04
    23.22933   1.700555258e+04
    23.26032   1.695800779e+04
    23.29136   1.692550477e+04
    23.32243   1.688335130e+04
    23.35355   1.683864283e+04
    23.38471   1.679047230e+04
    23.41591   1.674838071e+04
    23.44715   1.670619404e+04
    23.47844   1.666246013e+04
    23.50976   1.661544219e+04
    23.54113   1.657189411e+04
    23.57254   1.652962756e+04
    23.60399   1.648533266e+04
    23.63548   1.644188046e+04
    23.66702   1.639891916e+04
    23.69859   1.635623861e+04
    23.73021   1.631299774e+04
    23.76187   1.625632838e+04
    23.79358   1.622580551e+04
    23.82532   1.618214368e+04
    23.85711   1.612842289e+04
    23.88894   1.609753315e+04
    23.92082   1.605304083e+04
    23.95273   1.601285321e+04
    23.98469   1.596942486e+04
    24.01669   1.592451546e+04
    24.04873   1.586519095e+04
    24.08082   1.584514409e+04
    24.11295   1.580296543e+04
    24.14512   1.575666436e+04
    24.17734   1.571615792e+04
    24.20960   1.567613413e+04
    24.24190   1.563460307e+04
    24.27424   1.559336744e+04
    24.30663   1.555372547e+04
    24.33906   1.551216080e+04
    24.37153   1.547060207e+04
    24.40405   1.542935086e+04
    24.43661   1.538864390e+04
    24.46921   1.534722740e+04
    24.50186   1.530618754e+04
    24.53455   1.526226160e+04
    24.56729   1.522653859e+04
    24.60006   1.517293047e+04
    24.63289   1.514237105e+04
    24.66575   1.510563789e+04
    24.69866   1.506642430e+04
    24.73162   1.502699604e+04
    24.76461   1.498643620e+04
    24.79765   1.494681070e+04
    24.83074   1.490693007e+04
    24.86387   1.484061720e+04
    24.89704   1.482433051e+04
    24.93026   1.478935897e+04
    24.96352   1.474924509e+04
    24.99683   1.461205540e+04
    25.03018   1.466048984e+04
    25.06358   1.462045557e+04
    25.09702   1.457347624e+04
    25.13050   1.455685781e+04
    25.16403   1.451031544e+04
    25.19761   1.447436322e+04
    25.23123   1.441311938e+04
    25.26489   1.438381067e+04
    25.29860   1.436382218e+04
    25.33235   1.432547273e+04
    25.36615   1.428826824e+04
    25.40000   1.425011453e+04
    25.43389   1.421317972e+04
    25.46782   1.417481616e+04
    25.50180   1.413319163e+04
    25.53583   1.410036380e+04
    25.56990   1.406320303e+04
    25.60401   1.402273554e+04
    25.63817   1.398790299e+04
    25.67238   1.395126853e+04
    25.70663   1.391366564e+04
    25.74093   1.387571735e+04
    25.77528   1.384092344e+04
    25.80967   1.380505888e+04
    25.84410   1.376791003e+04
    25.87858   1.373117426e+04
    25.91311   1.369337239e+04
    25.94769   1.365766661e+04
    25.98231   1.362155294e+04
    26.01697   1.356818886e+04
    26.05168   1.346453313e+04
    26.08644   1.350295541e+04
    26.12125   1.347760791e+04
    26.15610   1.344241255e+04
    26.19100   1.340608868e+04
    26.22594   1.335638720e+04
    26.26093   1.332611918e+04
    26.29597   1.329335591e+04
    26.33106   1.326580663e+04
    26.36619   1.322730296e+04
    26.40137   1.319491272e+04
    26.43659   1.316037783e+04
    26.47186   1.312594294e+04
    26.50718   1.308923654e+04
    26.54255   1.305522739e+04
    26.57796   1.302076913e+04
    26.61342   1.298095118e+04
    26.64893   1.295275992e+04
    26.68449   1.291749714e+04
    26.72009   1.287794430e+04
    26.75574   1.285010825e+04
    26.79144   1.281569962e+04
    26.82718   1.278031259e+04
    26.86298   1.274689139e+04
    26.89882   1.271413587e+04
    26.93471   1.268127714e+04
    26.97065   1.264688641e+04
    27.00663   1.261353764e+04
    27.04266   1.257871134e+04
    27.07874   1.254503037e+04
    27.11487   1.251309449e+04
    27.15105   1.248106718e+04
    27.18728   1.244737302e+04
    27.22355   1.241446261e+04
    27.25987   1.238090209e+04
    27.29624   1.234709255e+04
    27.33266   1.231565247e+04
    27.36913   1.227765942e+04
    27.40565   1.224389797e+04
    27.44221   1.221800260e+04
    27.47883   1.218492748e+04
    27.51549   1.215262275e+04
    27.55220   1.212040683e+04
    27.58896   1.208903079e+04
    27.62577   1.205760797e+04
    27.66263   1.202406360e+04
    27.69954   1.198435997e+04
    27.73650   1.195718165e+04
    27.77350   1.192953236e+04
    27.81056   1.189841681e+04
    27.84766   1.186733323e+04
    27.88482   1.183548741e+04
    27.92202   1.180195794e+04
    27.95928   1.176802284e+04
    27.99658   1.174022921e+04
    28.03394   1.170347405e+04
    28.07134   1.165666550e+04
    28.10879   1.164253209e+04
    28.14630   1.161548769e+04
    28.18385   1.158537734e+04
    28.22145   1.155503320e+04
    28.25911   1.152448721e+04
    28.29681   1.149396117e+04
    28.33456   1.146405872e+04
    28.37237   1.143050216e+04
    28.41022   1.139367736e+04
    28.44813   1.134533762e+04
    28.48609   1.121669407e+04
    28.52409   1.126065038e+04
    28.56215   1.127458123e+04
    28.60026   1.125257973e+04
    28.63842   1.122278118e+04
    28.67663   1.119133672e+04
    28.71489   1.116159822e+04
    28.75320   1.113241079e+04
    28.79156   1.110347946e+04
    28.82998   1.107462992e+04
    28.86844   1.104090396e+04
    28.90696   1.101034893e+04
    28.94553   1.098608580e+04
    28.98415   1.095669309e+04
    29.02282   1.092724740e+04
    29.06154   1.089769269e+04
    29.10032   1.087010659e+04
    29.13914   1.084111771e+04
    29.17802   1.081115732e+04
    29.21695   1.078219112e+04
    29.25593   1.075406615e+04
    29.29497   1.072715394e+04
    29.33405   1.069902180e+04
    29.37319   1.067015686e+04
    29.41238   1.064203635e+04
    29.45162   1.061341667e+04
    29.49092   1.058517278e+04
    29.53027   1.055653090e+04
    29.56967   1.052978489e+04
    29.60912   1.050154723e+04
    29.64863   1.047336790e+04
    29.68818   1.044245263e+04
    29.72779   1.041376898e+04
    29.76746   1.038963850e+04
    29.80717   1.036285263e+04
    29.84694   1.033555920e+04
    29.88677   1.030734238e+04
    29.92664   1.027982339e+04
    29.96657   1.025271251e+04
    30.00655   1.022509662e+04
    30.04659   1.019797346e+04
    30.08668   1.017152785e+04
    30.12682   1.014433976e+04
    30.16701   1.011724995e+04
    30.20726   1.008967092e+04
    30.24757   1.006138473e+04
    30.28792   1.003549978e+04
    30.32833   1.000790994e+04
    30.36880   9.980891846e+03
    30.40932   9.957821695e+03
    30.44989   9.930920189e+03
    30.49052   9.904119901e+03
    30.53120   9.877970559e+03
    30.57193   9.851721159e+03
    30.61272   9.825814097e+03
    30.65357   9.799584396e+03
    30.69447   9.769540405e+03
    30.73542   9.744981165e+03
    30.77643   9.721538085e+03
    30.81749   9.693924518e+03
    30.85861   9.669929521e+03
    30.89978   9.644864107e+03
    30.94101   9.618512191e+03
    30.98229   9.592946947e+03
    31.02363   9.567706542e+03
    31.06502   9.542471391e+03
    31.10647   9.517070385e+03
    31.14797   9.492296057e+03
    31.18953   9.466380235e+03
    31.23114   9.441114727e+03
    31.27281   9.416141191e+03
    31.31454   9.390910385e+03
    31.35632   9.365983215e+03
    31.39815   9.342455155e+03
    31.44005   9.317270808e+03
    31.48199   9.291673955e+03
    31.52400   9.266431636e+03
    31.56606   9.241366061e+03
    31.60817   9.217884319e+03
    31.65035   9.194278185e+03
    31.69258   9.170096739e+03
    31.73486   9.145449573e+03
    31.77720   9.120111559e+03
    31.81960   9.096051541e+03
    31.86205   9.071136840e+03
    31.90456   9.046819040e+03
    31.94713   9.024109797e+03
    31.98976   9.000313717e+03
    32.03244   8.975902687e+03
    32.07518   8.952177605e+03
    32.11797   8.928144252e+03
    32.16082   8.904462782e+03
    32.20373   8.881510179e+03
    32.24670   8.857512946e+03
    32.28973   8.833693944e+03
    32.33281   8.807952677e+03
    32.37595   8.785540438e+03
    32.41914   8.760008753e+03
    32.46240   8.739968071e+03
    32.50571   8.717318439e+03
    32.54908   8.693935210e+03
    32.59251   8.670544769e+03
    32.63599   8.646646636e+03
    32.67954   8.624094541e+03
    32.72314   8.602024269e+03
    32.76680   8.579049930e+03
    32.81052   8.555596613e+03
    32.85429   8.531156860e+03
    32.89813   8.510592779e+03
    32.94202   8.487630809e+03
    32.98597   8.465344551e+03
    33.02998   8.442697693e+03
    33.07405   8.420640076e+03
    33.11818   8.398106117e+03
    33.16237   8.375519537e+03
    33.20661   8.353023243e+03
    33.25092   8.330548023e+03
    33.29528   8.309200517e+03
    33.33971   8.287749592e+03
    33.38419   8.265341217e+03
    33.42873   8.242956056e+03
    33.47333   8.220836651e+03
    33.51799   8.199208535e+03
    33.56271   8.177548704e+03
    33.60749   8.155851976e+03
    33.65233   8.134086176e+03
    33.69723   8.112379059e+03
    33.74219   8.090267526e+03
    33.78721   8.068948022e+03
    33.83229   8.047250636e+03
    33.87743   8.024337528e+03
    33.92263   8.002569697e+03
    33.96789   7.979656322e+03
    34.01321   7.961181594e+03
    34.05860   7.940156918e+03
    34.10404   7.919562368e+03
    34.14954   7.898818379e+03
    34.19510   7.871039306e+03
    34.24073   7.834331156e+03
    34.28641   7.833874267e+03
    34.33216   7.814136969e+03
    34.37796   7.793506542e+03
    34.42383   7.769442091e+03
    34.46976   7.737645134e+03
    34.51575   7.698146947e+03
    34.56180   7.706631348e+03
    34.60792   7.690065352e+03
    34.65409   7.670404115e+03
    34.70033   7.649918417e+03
    34.74662   7.629917341e+03
    34.79298   7.610001998e+03
    34.83941   7.589542526e+03
    34.88589   7.569107121e+03
    34.93244   7.548758449e+03
    34.97904   7.528956051e+03
    35.02571   7.509409954e+03
    35.07244   7.489610505e+03
    35.11924   7.469277285e+03
    35.16610   7.449035388e+03
    35.21302   7.429253346e+03
    35.26000   7.409389485e+03
    35.30704   7.389341824e+03
    35.35415   7.370320050e+03
    35.40132   7.351063839e+03
    35.44855   7.328424924e+03
    35.49585   7.308886008e+03
    35.54321   7.291546182e+03
    35.59063   7.272339698e+03
    35.63812   7.251636404e+03
    35.68567   7.230101019e+03
    35.73328   7.215089193e+03
    35.78096   7.195740686e+03
    35.82870   7.176155675e+03
    35.87650   7.156870247e+03
    35.92437   7.137508125e+03
    35.97230   7.119186185e+03
    36.02029   7.100844621e+03
    36.06835   7.081475245e+03
    36.11647   7.062553618e+03
    36.16466   7.043857096e+03
    36.21291   7.024699062e+03
    36.26123   7.006115271e+03
    36.30961   6.987980128e+03
    36.35806   6.969350848e+03
    36.40656   6.950744642e+03
    36.45514   6.931576939e+03
    36.50378   6.913190347e+03
    36.55248   6.893884484e+03
    36.60125   6.876434739e+03
    36.65009   6.858638376e+03
    36.69899   6.840183515e+03
    36.74795   6.821696055e+03
    36.79698   6.803245884e+03
    36.84608   6.784534472e+03
    36.89524   6.767753180e+03
    36.94446   6.750058263e+03
    36.99376   6.731776271e+03
    37.04311   6.714032640e+03
    37.09254   6.696009833e+03
    37.14203   6.677760212e+03
    37.19158   6.660406941e+03
    37.24120   6.643072914e+03
    37.29089   6.625003857e+03
    37.34065   6.607491933e+03
    37.39047   6.589432276e+03
    37.44035   6.571846452e+03
    37.49031   6.554170766e+03
    37.54033   6.537157369e+03
    37.59042   6.519986315e+03
    37.64057   6.502451022e+03
    37.69079   6.485045643e+03
    37.74108   6.467481780e+03
    37.79143   6.450073559e+03
    37.84186   6.433174719e+03
    37.89235   6.416574461e+03
    37.94290   6.399073139e+03
    37.99353   6.382131949e+03
    38.04422   6.364745190e+03
    38.09498   6.347696473e+03
    38.14580   6.331323586e+03
    38.19670   6.314517561e+03
    38.24766   6.297574117e+03
    38.29869   6.280710623e+03
    38.34979   6.263966682e+03
    38.40096   6.247250205e+03
    38.45220   6.230446534e+03
    38.50350   6.213613038e+03
    38.55487   6.146268526e+03
    38.60631   6.160667841e+03
    38.65782   6.164150370e+03
    38.70940   6.147615913e+03
    38.76105   6.131556941e+03
    38.81276   6.115629024e+03
    38.86455   6.099556010e+03
    38.91640   6.083033596e+03
    38.96832   6.066587279e+03
    39.02032   6.050151151e+03
    39.07238   6.034088355e+03
    39.12451   6.018015203e+03
    39.17671   6.002012355e+03
    39.22898   5.986371769e+03
    39.28132   5.970400122e+03
    39.33373   5.953657711e+03
    39.38621   5.937833975e+03
    39.43876   5.922050283e+03
    39.49138   5.906517399e+03
    39.54407   5.891263727e+03
    39.59683   5.875493736e+03
    39.64966   5.859667738e+03
    39.70256   5.844068456e+03
    39.75554   5.828341678e+03
    39.80858   5.812995014e+03
    39.86169   5.797449454e+03
    39.91488   5.782159483e+03
    39.96813   5.766507381e+03
    40.02146   5.751219219e+03
    40.07486   5.733054009e+03
    40.12833   5.719522834e+03
    40.18187   5.705340343e+03
    40.23548   5.690383444e+03
    40.28916   5.674938692e+03
    40.34292   5.659818239e+03
    40.39674   5.644309271e+03
    40.45064   5.629250405e+03
    40.50461   5.614591064e+03
    40.55865   5.599702490e+03
    40.61277   5.585150025e+03
    40.66695   5.569689418e+03
    40.72121   5.554371680e+03
    40.77554   5.539869598e+03
    40.82995   5.525056086e+03
    40.88442   5.510587114e+03
    40.93897   5.496143394e+03
    40.99359   5.481246548e+03
    41.04829   5.466262124e+03
    41.10306   5.451861815e+03
    41.15790   5.437140095e+03
    41.21281   5.423121891e+03
    41.26780   5.409112993e+03
    41.32286   5.394429085e+03
    41.37799   5.379767376e+03
    41.43320   5.365152728e+03
    41.48848   5.350808288e+03
    41.54383   5.336560767e+03
    41.59926   5.322364764e+03
    41.65477   5.308488838e+03
    41.71034   5.293976020e+03
    41.76599   5.280314425e+03
    41.82172   5.265906828e+03
    41.87752   5.251955146e+03
    41.93339   5.237897243e+03
    41.98934   5.224310320e+03
    42.04536   5.210259823e+03
    42.10146   5.196189918e+03
    42.15763   5.182011264e+03
    42.21388   5.168409610e+03
    42.27021   5.154772051e+03
    42.32660   5.141305922e+03
    42.38308   5.127420275e+03
    42.43962   5.113508180e+03
    42.49625   5.100014246e+03
    42.55295   5.086104107e+03
    42.60972   5.072653542e+03
    42.66657   5.059154512e+03
    42.72350   5.044698806e+03
    42.78050   5.031151417e+03
    42.83758   5.018762645e+03
    42.89474   5.005164324e+03
    42.95197   4.991994702e+03
    43.00928   4.978679101e+03
    43.06666   4.965782081e+03
    43.12412   4.952538730e+03
    43.18166   4.939319474e+03
    43.23927   4.925961642e+03
    43.29696   4.912368531e+03
    43.35473   4.899229280e+03
    43.41257   4.886420274e+03
    43.47050   4.873601616e+03
    43.52850   4.860521048e+03
    43.58657   4.847418548e+03
    43.64473   4.834341152e+03
    43.70296   4.821242156e+03
    43.76127   4.808387311e+03
    43.81966   4.795452413e+03
    43.87812   4.780942284e+03
    43.93666   4.750119149e+03
    43.99529   4.751005269e+03
    44.05398   4.742661694e+03
    44.11276   4.732377139e+03
    44.17162   4.719886086e+03
    44.23055   4.707233968e+03
    44.28957   4.694643598e+03
    44.34866   4.682040769e+03
    44.40783   4.669451715e+03
    44.46708   4.656649416e+03
    44.52641   4.644477973e+03
    44.58582   4.632119685e+03
    44.64530   4.619964065e+03
    44.70487   4.607396888e+03
    44.76452   4.594218103e+03
    44.82424   4.579345684e+03
    44.88405   4.570756166e+03
    44.94393   4.558741530e+03
    45.00390   4.546436060e+03
    45.06394   4.534197233e+03
    45.12407   4.522027014e+03
    45.18428   4.509930021e+03
    45.24456   4.497758830e+03
    45.30493   4.485843196e+03
    45.36537   4.474256301e+03
    45.42590   4.462080628e+03
    45.48651   4.450209896e+03
    45.54720   4.438042496e+03
    45.60797   4.426316515e+03
    45.66882   4.414627089e+03
    45.72975   4.402959824e+03
    45.79077   4.391264001e+03
    45.85186   4.379457659e+03
    45.91304   4.365628082e+03
    45.97430   4.355342577e+03
    46.03564   4.344426874e+03
    46.09706   4.331843060e+03
    46.15856   4.320800613e+03
    46.22015   4.309438822e+03
    46.28182   4.297875430e+03
    46.34357   4.286280700e+03
    46.40540   4.274827114e+03
    46.46731   4.263646294e+03
    46.52931   4.252464267e+03
    46.59139   4.241000328e+03
    46.65356   4.229392958e+03
    46.71580   4.217913520e+03
    46.77813   4.207085926e+03
    46.84054   4.195979958e+03
    46.90304   4.184882970e+03
    46.96562   4.173547871e+03
    47.02828   4.162568543e+03
    47.09103   4.151241546e+03
    47.15386   4.139898063e+03
    47.21677   4.128987937e+03
    47.27977   4.118050921e+03
    47.34285   4.107415601e+03
    47.40602   4.096189824e+03
    47.46927   4.085139444e+03
    47.53260   4.074124272e+03
    47.59602   4.063188022e+03
    47.65952   4.052559234e+03
    47.72311   4.040879702e+03
    47.78679   4.030876223e+03
    47.85054   4.020126918e+03
    47.91439   4.009373986e+03
    47.97832   3.998612771e+03
    48.04233   3.987214453e+03
    48.10643   3.976211813e+03
    48.17061   3.964663495e+03
    48.23488   3.954173693e+03
    48.29924   3.944920933e+03
    48.36368   3.934813141e+03
    48.42821   3.924195467e+03
    48.49282   3.914034627e+03
    48.55752   3.903632275e+03
    48.62231   3.893270934e+03
    48.68718   3.882617370e+03
    48.75214   3.872373246e+03
    48.81719   3.861868544e+03
    48.88232   3.849004119e+03
    48.94754   3.825758967e+03
    49.01285   3.800927491e+03
    49.07824   3.786746848e+03
    49.14372   3.793798733e+03
    49.20929   3.796882703e+03
    49.27495   3.790126803e+03
    49.34069   3.780263585e+03
    49.40652   3.770393537e+03
    49.47244   3.760216856e+03
    49.53845   3.749788342e+03
    49.60455   3.739721545e+03
    49.67073   3.729691974e+03
    49.73700   3.719891053e+03
    49.80336   3.710129226e+03
    49.86981   3.700113629e+03
    49.93635   3.690024559e+03
