# wavelength(um)    fp/fs
0.100007     4.43591000e-05
0.100040     4.31763000e-05
0.100074     4.43607000e-05
0.100107     4.44060000e-05
0.100140     4.43462000e-05
0.100174     4.42623000e-05
0.100207     4.00075000e-05
0.100241     4.42354000e-05
0.100274     4.41726000e-05
0.100307     4.38713000e-05
0.100341     4.37977000e-05
0.100374     4.42603000e-05
0.100408     4.44123000e-05
0.100441     4.43943000e-05
0.100475     4.42730000e-05
0.100508     4.40972000e-05
0.100542     4.42779000e-05
0.100575     4.39388000e-05
0.100609     4.38223000e-05
0.100642     3.79787000e-05
0.100676     4.39156000e-05
0.100709     4.32113000e-05
0.100743     4.41025000e-05
0.100777     4.42398000e-05
0.100810     4.37020000e-05
0.100844     1.80564000e-07
0.100877     4.37629000e-05
0.100911     4.43156000e-05
0.100945     4.43073000e-05
0.100978     4.43056000e-05
0.101012     4.43042000e-05
0.101046     4.28880000e-05
0.101079     4.42475000e-05
0.101113     4.43347000e-05
0.101147     4.43408000e-05
0.101180     4.43298000e-05
0.101214     4.42907000e-05
0.101248     4.30905000e-05
0.101282     4.41868000e-05
0.101315     4.41967000e-05
0.101349     4.38987000e-05
0.101383     3.84427000e-05
0.101417     4.37285000e-05
0.101451     4.40495000e-05
0.101484     4.37562000e-05
0.101518     4.41875000e-05
0.101552     4.42005000e-05
0.101586     4.41953000e-05
0.101620     4.41812000e-05
0.101654     4.41465000e-05
0.101688     4.33352000e-05
0.101721     4.40635000e-05
0.101755     4.38785000e-05
0.101789     4.17377000e-05
0.101823     3.22900000e-07
0.101857     4.36899000e-05
0.101891     4.37891000e-05
0.101925     4.37642000e-05
0.101959     3.93762000e-05
0.101993     4.32251000e-05
0.102027     4.35210000e-05
0.102061     4.33461000e-05
0.102095     4.32014000e-05
0.102129     4.29165000e-05
0.102163     4.24924000e-05
0.102197     4.17777000e-05
0.102231     4.03781000e-05
0.102265     3.67177000e-05
0.102299     8.23601000e-06
0.102333     3.48662000e-05
0.102368     3.97742000e-05
0.102402     4.10395000e-05
0.102436     4.10114000e-05
0.102470     4.27861000e-05
0.102504     4.29104000e-05
0.102538     4.32896000e-05
0.102573     4.11122000e-05
0.102607     4.30980000e-05
0.102641     4.34237000e-05
0.102675     4.30021000e-05
0.102709     4.30428000e-05
0.102744     3.54826000e-05
0.102778     4.32223000e-05
0.102812     4.36655000e-05
0.102846     4.34708000e-05
0.102881     4.25064000e-05
0.102915     4.38562000e-05
0.102949     4.38884000e-05
0.102984     4.38660000e-05
0.103018     3.54736000e-05
0.103052     4.38564000e-05
0.103087     3.75710000e-05
0.103121     4.35918000e-05
0.103155     4.33892000e-05
0.103190     4.27879000e-06
0.103224     4.36454000e-05
0.103258     4.34925000e-05
0.103293     4.30193000e-05
0.103327     4.27627000e-05
0.103362     4.36332000e-05
0.103396     3.61543000e-07
0.103431     1.77383000e-06
0.103465     4.28566000e-05
0.103500     4.09571000e-05
0.103534     1.02319000e-05
0.103569     4.16887000e-05
0.103603     4.21432000e-05
0.103638     4.05945000e-05
0.103672     3.66408000e-05
0.103707     3.60691000e-05
0.103741     3.19660000e-05
0.103776     4.06063000e-05
0.103811     5.08180000e-10
0.103845     4.24181000e-05
0.103880     4.30976000e-05
0.103914     4.29570000e-05
0.103949     2.69739000e-05
0.103984     4.07238000e-05
0.104018     4.33786000e-05
0.104053     4.26485000e-05
0.104088     3.98983000e-05
0.104122     4.06438000e-05
0.104157     4.31624000e-05
0.104192     4.35981000e-05
0.104227     4.36181000e-05
0.104261     4.17661000e-05
0.104296     4.29812000e-05
0.104331     4.36725000e-05
0.104366     4.32872000e-05
0.104400     3.86194000e-05
0.104435     4.36627000e-05
0.104470     4.37889000e-05
0.104505     4.37492000e-05
0.104540     4.38885000e-05
0.104575     4.39439000e-05
0.104609     4.39463000e-05
0.104644     4.39380000e-05
0.104679     4.16921000e-05
0.104714     4.38436000e-05
0.104749     4.34733000e-05
0.104784     4.01638000e-05
0.104819     4.36659000e-05
0.104854     1.13587000e-06
0.104889     4.33976000e-05
0.104924     4.38138000e-05
0.104959     4.34111000e-05
0.104994     4.36590000e-05
0.105029     4.17456000e-05
0.105064     4.37068000e-05
0.105099     3.86397000e-05
0.105134     4.24246000e-05
0.105169     4.38443000e-05
0.105204     4.38344000e-05
0.105239     4.36048000e-05
0.105274     4.37994000e-05
0.105309     4.36347000e-05
0.105344     4.36497000e-05
0.105379     4.37130000e-05
0.105414     1.62135000e-07
0.105449     4.50171000e-07
0.105485     3.73938000e-05
0.105520     1.73587000e-05
0.105555     4.24727000e-05
0.105590     4.34595000e-05
0.105625     6.03698000e-07
0.105661     4.28431000e-05
0.105696     4.35811000e-05
0.105731     4.34992000e-05
0.105766     4.34986000e-05
0.105802     4.35443000e-05
0.105837     1.41520000e-06
0.105872     4.33702000e-05
0.105907     4.22563000e-05
0.105943     4.34159000e-05
0.105978     4.34359000e-05
0.106013     4.34028000e-05
0.106049     4.32940000e-05
0.106084     4.32286000e-05
0.106119     4.25142000e-05
0.106155     4.24771000e-05
0.106190     4.28556000e-05
0.106225     3.74723000e-05
0.106261     4.29177000e-05
0.106296     4.29173000e-05
0.106332     4.25070000e-05
0.106367     4.27034000e-05
0.106403     4.22319000e-05
0.106438     3.87632000e-05
0.106474     3.92795000e-05
0.106509     4.14675000e-05
0.106545     3.68583000e-05
0.106580     4.19955000e-05
0.106616     4.15450000e-05
0.106651     3.54419000e-05
0.106687     3.04580000e-05
0.106722     3.91713000e-05
0.106758     3.87828000e-05
0.106793     4.12985000e-05
0.106829     4.05477000e-05
0.106865     3.15157000e-05
0.106900     1.76653000e-05
0.106936     7.29828000e-06
0.106972     1.50282000e-05
0.107007     2.55419000e-05
0.107043     8.78052000e-09
0.107079     3.33483000e-05
0.107114     3.68474000e-05
0.107150     3.48204000e-05
0.107186     6.01850000e-08
0.107221     2.33748000e-05
0.107257     8.73441000e-06
0.107293     2.54987000e-09
0.107329     1.36842000e-05
0.107364     2.57577000e-05
0.107400     2.22869000e-09
0.107436     2.69117000e-05
0.107472     3.37322000e-05
0.107508     2.92975000e-06
0.107543     3.16445000e-05
0.107579     1.67905000e-05
0.107615     2.87211000e-05
0.107651     3.43607000e-05
0.107687     2.06672000e-07
0.107723     2.40963000e-08
0.107759     9.55084000e-06
0.107795     2.16229000e-05
0.107831     1.46633000e-05
0.107867     7.91553000e-07
0.107903     3.17727000e-05
0.107938     2.01008000e-05
0.107974     2.81997000e-05
0.108010     3.66992000e-05
0.108046     3.93592000e-06
0.108082     2.75532000e-05
0.108118     3.36200000e-05
0.108155     2.93290000e-05
0.108191     3.58750000e-05
0.108227     3.43506000e-05
0.108263     1.71755000e-05
0.108299     2.58766000e-05
0.108335     3.18221000e-05
0.108371     3.46612000e-05
0.108407     2.62855000e-05
0.108443     4.05137000e-05
0.108479     1.01901000e-05
0.108516     4.05242000e-05
0.108552     4.07892000e-05
0.108588     3.90713000e-05
0.108624     3.97926000e-05
0.108660     1.60947000e-05
0.108697     1.05123000e-07
0.108733     1.59348000e-05
0.108769     3.98740000e-05
0.108805     1.37591000e-05
0.108842     1.23860000e-07
0.108878     7.02947000e-09
0.108914     1.14612000e-05
0.108950     1.94013000e-05
0.108987     3.60068000e-05
0.109023     3.56458000e-05
0.109059     1.77555000e-07
0.109096     1.85380000e-05
0.109132     2.97556000e-05
0.109169     2.04871000e-05
0.109205     2.52866000e-05
0.109241     1.83904000e-05
0.109278     3.27399000e-05
0.109314     3.95577000e-05
0.109351     2.01641000e-06
0.109387     3.52748000e-05
0.109424     3.07297000e-05
0.109460     3.91135000e-05
0.109496     3.81339000e-05
0.109533     8.95761000e-08
0.109569     3.79278000e-05
0.109606     4.08443000e-05
0.109643     4.23810000e-05
0.109679     4.25990000e-07
0.109716     3.59166000e-05
0.109752     3.59268000e-05
0.109789     1.47682000e-05
0.109825     1.21132000e-07
0.109862     1.32423000e-05
0.109899     4.11099000e-05
0.109935     3.42803000e-05
0.109972     4.19602000e-05
0.110009     4.05714000e-05
0.110045     2.41606000e-05
0.110082     3.31579000e-05
0.110119     4.16019000e-05
0.110155     3.69920000e-05
0.110192     2.84474000e-05
0.110229     4.17638000e-05
0.110266     4.28352000e-05
0.110302     4.24421000e-05
0.110339     9.30465000e-07
0.110376     4.32088000e-05
0.110413     4.34905000e-05
0.110449     1.08274000e-05
0.110486     4.27515000e-05
0.110523     4.28740000e-05
0.110560     4.34874000e-05
0.110597     4.36181000e-05
0.110634     4.26591000e-05
0.110670     3.81896000e-05
0.110707     4.32119000e-05
0.110744     5.56899000e-06
0.110781     4.35017000e-05
0.110818     2.09500000e-05
0.110855     4.35664000e-05
0.110892     4.15164000e-05
0.110929     4.34352000e-05
0.110966     4.34248000e-05
0.111003     4.14565000e-05
0.111040     6.52758000e-07
0.111077     4.33073000e-05
0.111114     4.37439000e-05
0.111151     4.36572000e-05
0.111188     4.27736000e-05
0.111225     4.37456000e-05
0.111262     4.27304000e-05
0.111299     4.37278000e-05
0.111336     4.36585000e-05
0.111374     4.28315000e-05
0.111411     4.32771000e-05
0.111448     4.38494000e-05
0.111485     4.37326000e-05
0.111522     4.37806000e-05
0.111559     2.73396000e-07
0.111596     4.37905000e-05
0.111634     4.35182000e-05
0.111671     4.08571000e-05
0.111708     4.37705000e-05
0.111745     4.37274000e-05
0.111783     4.30184000e-05
0.111820     4.34612000e-05
0.111857     3.56322000e-05
0.111894     4.13794000e-05
0.111932     4.38483000e-05
0.111969     4.35227000e-05
0.112006     4.35348000e-05
0.112044     4.37555000e-05
0.112081     4.29240000e-05
0.112118     4.37550000e-05
0.112156     1.92831000e-05
0.112193     2.61842000e-07
0.112231     4.39127000e-05
0.112268     4.37943000e-05
0.112305     1.39629000e-05
0.112343     4.39458000e-05
0.112380     4.39313000e-05
0.112418     4.39339000e-05
0.112455     4.39396000e-05
0.112493     4.37256000e-05
0.112530     4.37792000e-05
0.112568     4.38968000e-05
0.112605     4.38224000e-05
0.112643     9.86908000e-06
0.112680     4.37606000e-05
0.112718     4.38213000e-05
0.112755     3.96900000e-05
0.112793     4.37108000e-05
0.112831     4.38792000e-05
0.112868     4.38640000e-05
0.112906     4.37705000e-05
0.112943     4.36740000e-05
0.112981     4.37831000e-05
0.113019     4.37591000e-05
0.113056     4.00564000e-05
0.113094     4.31669000e-05
0.113132     2.99656000e-06
0.113170     4.32057000e-05
0.113207     4.25692000e-05
0.113245     4.33742000e-05
0.113283     1.87650000e-05
0.113320     4.31898000e-05
0.113358     4.29332000e-05
0.113396     4.25915000e-05
0.113434     3.84738000e-05
0.113472     4.10938000e-05
0.113509     1.31263000e-06
0.113547     2.34968000e-05
0.113585     3.36090000e-05
0.113623     3.98789000e-05
0.113661     4.15649000e-05
0.113699     2.30839000e-05
0.113737     3.89306000e-05
0.113775     3.88451000e-05
0.113813     2.72951000e-06
0.113850     4.33126000e-05
0.113888     9.45206000e-08
0.113926     4.32928000e-05
0.113964     4.31729000e-05
0.114002     3.71439000e-06
0.114040     7.88765000e-07
0.114078     4.36795000e-05
0.114116     4.18446000e-05
0.114154     2.64144000e-05
0.114192     2.43503000e-05
0.114231     3.80465000e-05
0.114269     4.34023000e-05
0.114307     4.33375000e-05
0.114345     4.35891000e-05
0.114383     4.33779000e-05
0.114421     1.14862000e-05
0.114459     4.31703000e-05
0.114497     4.38041000e-05
0.114536     4.16808000e-05
0.114574     5.18181000e-08
0.114612     2.01318000e-05
0.114650     4.36592000e-05
0.114688     4.37055000e-05
0.114727     4.11001000e-05
0.114765     3.08147000e-05
0.114803     4.36474000e-05
0.114841     1.01006000e-05
0.114880     3.65462000e-05
0.114918     4.31997000e-05
0.114956     4.37180000e-05
0.114994     4.22290000e-05
0.115033     4.32910000e-05
0.115071     1.43493000e-06
0.115110     4.38028000e-05
0.115148     4.34119000e-05
0.115186     4.19604000e-05
0.115225     4.27812000e-05
0.115263     3.91030000e-05
0.115301     4.37417000e-05
0.115340     4.38013000e-05
0.115378     4.34849000e-05
0.115417     4.23572000e-05
0.115455     4.37666000e-05
0.115494     4.37984000e-05
0.115532     4.34673000e-05
0.115571     4.33557000e-05
0.115609     3.87492000e-05
0.115648     4.36145000e-05
0.115686     4.36370000e-05
0.115725     4.35333000e-05
0.115764     2.38565000e-05
0.115802     4.35583000e-05
0.115841     4.34658000e-05
0.115879     4.35198000e-05
0.115918     2.61358000e-05
0.115957     4.35142000e-05
0.115995     4.34418000e-05
0.116034     4.32155000e-05
0.116073     4.32787000e-05
0.116111     4.32556000e-05
0.116150     4.30813000e-05
0.116189     8.71111000e-07
0.116227     4.27209000e-05
0.116266     9.56447000e-06
0.116305     5.64373000e-06
0.116344     3.81638000e-05
0.116383     5.73528000e-08
0.116421     3.87226000e-05
0.116460     4.13701000e-05
0.116499     4.21698000e-05
0.116538     4.22800000e-05
0.116577     4.20580000e-05
0.116615     4.26634000e-05
0.116654     4.74973000e-06
0.116693     4.22180000e-05
0.116732     4.24251000e-05
0.116771     4.24475000e-05
0.116810     4.23170000e-05
0.116849     4.21223000e-05
0.116888     4.19558000e-05
0.116927     4.16917000e-05
0.116966     1.61354000e-05
0.117005     4.08731000e-05
0.117044     4.03656000e-05
0.117083     3.94990000e-05
0.117122     3.81043000e-05
0.117161     3.39454000e-05
0.117200     2.96434000e-05
0.117239     1.10997000e-05
0.117278     1.36859000e-05
0.117317     3.03677000e-05
0.117356     3.57675000e-05
0.117395     3.81283000e-05
0.117434     3.89816000e-05
0.117474     4.01178000e-05
0.117513     4.05643000e-05
0.117552     4.07915000e-05
0.117591     4.05001000e-05
0.117630     4.06753000e-05
0.117670     3.45248000e-05
0.117709     3.91250000e-05
0.117748     3.36980000e-05
0.117787     3.15255000e-05
0.117827     9.03337000e-07
0.117866     2.91318000e-05
0.117905     3.67763000e-05
0.117944     3.92474000e-05
0.117984     4.02583000e-05
0.118023     4.06902000e-07
0.118062     4.07435000e-05
0.118102     4.06517000e-05
0.118141     3.97752000e-05
0.118180     2.94652000e-05
0.118220     2.04040000e-05
0.118259     1.47088000e-05
0.118299     3.72485000e-05
0.118338     2.56042000e-05
0.118378     8.93002000e-06
0.118417     3.97500000e-05
0.118457     3.55422000e-05
0.118496     1.21776000e-05
0.118535     2.19529000e-05
0.118575     2.68595000e-05
0.118615     1.03012000e-05
0.118654     3.74473000e-05
0.118694     4.00804000e-05
0.118733     3.96167000e-05
0.118773     4.10339000e-05
0.118812     4.18537000e-05
0.118852     4.18881000e-05
0.118892     4.23752000e-05
0.118931     1.61808000e-06
0.118971     4.15118000e-05
0.119011     3.48036000e-05
0.119050     4.20639000e-05
0.119090     3.99646000e-05
0.119130     3.91227000e-05
0.119169     2.52997000e-05
0.119209     3.75918000e-05
0.119249     4.09253000e-05
0.119288     4.21389000e-05
0.119328     4.25109000e-05
0.119368     6.68380000e-06
0.119408     3.47974000e-05
0.119448     4.27493000e-05
0.119487     4.24241000e-05
0.119527     3.20028000e-06
0.119567     3.85499000e-05
0.119607     3.82606000e-05
0.119647     4.08779000e-05
0.119687     4.23764000e-05
0.119727     3.91345000e-05
0.119767     3.92628000e-05
0.119806     3.79546000e-05
0.119846     1.94819000e-05
0.119886     8.53037000e-08
0.119926     4.16644000e-05
0.119966     3.97363000e-05
0.120006     4.19682000e-05
0.120046     4.16754000e-05
0.120086     4.26668000e-05
0.120126     4.02461000e-05
0.120166     4.00817000e-05
0.120206     3.81787000e-05
0.120246     4.32234000e-05
0.120287     1.79879000e-07
0.120327     4.23834000e-05
0.120367     4.24420000e-05
0.120407     3.97438000e-05
0.120447     1.84043000e-05
0.120487     4.19038000e-05
0.120527     4.26308000e-05
0.120567     6.09754000e-06
0.120608     4.25133000e-05
0.120648     3.71961000e-05
0.120688     4.23372000e-05
0.120728     3.94200000e-05
0.120769     4.08800000e-06
0.120809     3.20743000e-05
0.120849     3.60183000e-05
0.120889     1.37367000e-06
0.120930     4.31093000e-05
0.120970     4.04743000e-05
0.121010     4.21240000e-05
0.121051     3.10436000e-05
0.121091     4.17095000e-05
0.121131     4.20952000e-05
0.121172     1.14954000e-06
0.121212     4.26775000e-05
0.121253     1.90930000e-06
0.121293     1.09544000e-07
0.121333     2.46935000e-05
0.121374     4.27850000e-06
0.121414     9.35731000e-08
0.121455     4.24048000e-05
0.121495     3.85979000e-05
0.121536     9.79576000e-07
0.121576     6.27241000e-06
0.121617     4.11277000e-05
0.121657     9.59217000e-08
0.121698     4.26656000e-05
0.121738     4.14845000e-05
0.121779     7.91870000e-06
0.121820     3.74705000e-07
0.121860     4.22975000e-05
0.121901     4.08163000e-05
0.121941     2.22934000e-05
0.121982     4.27962000e-05
0.122023     2.56941000e-05
0.122063     3.98737000e-05
0.122104     4.25217000e-05
0.122145     4.28540000e-05
0.122186     4.26696000e-05
0.122226     1.15864000e-06
0.122267     2.05044000e-06
0.122308     4.19471000e-05
0.122349     3.47137000e-05
0.122389     1.08384000e-05
0.122430     4.29124000e-05
0.122471     4.27151000e-05
0.122512     2.46195000e-05
0.122553     8.64466000e-06
0.122593     4.28744000e-05
0.122634     4.29724000e-05
0.122675     4.26739000e-05
0.122716     4.15940000e-05
0.122757     4.27430000e-05
0.122798     4.24364000e-05
0.122839     4.14531000e-05
0.122880     4.06535000e-05
0.122921     3.34482000e-05
0.122962     4.00908000e-05
0.123003     3.64418000e-05
0.123044     3.98670000e-05
0.123085     9.20017000e-08
0.123126     2.42903000e-05
0.123167     3.87800000e-05
0.123208     4.13674000e-05
0.123249     4.20525000e-05
0.123290     4.00856000e-05
0.123331     3.66210000e-05
0.123372     4.14818000e-05
0.123413     3.91799000e-05
0.123454     4.15880000e-05
0.123496     3.99388000e-05
0.123537     3.90242000e-05
0.123578     6.10366000e-06
0.123619     5.47785000e-08
0.123660     6.89054000e-06
0.123702     3.76165000e-05
0.123743     4.03847000e-05
0.123784     3.89562000e-05
0.123825     3.75644000e-05
0.123867     4.15919000e-05
0.123908     4.13196000e-05
0.123949     4.16067000e-05
0.123991     4.16860000e-05
0.124032     2.99937000e-07
0.124073     3.97263000e-05
0.124115     2.07748000e-05
0.124156     1.73443000e-05
0.124197     3.95207000e-05
0.124239     4.08247000e-05
0.124280     4.19374000e-05
0.124322     2.07848000e-05
0.124363     3.55331000e-05
0.124404     3.86918000e-05
0.124446     3.72568000e-05
0.124487     3.81516000e-05
0.124529     9.82287000e-08
0.124570     3.34562000e-05
0.124612     3.23207000e-05
0.124653     9.26530000e-07
0.124695     2.16544000e-05
0.124737     3.33121000e-05
0.124778     3.98091000e-05
0.124820     3.83158000e-05
0.124861     3.21304000e-05
0.124903     3.67445000e-05
0.124945     1.44707000e-06
0.124986     3.59380000e-05
0.125028     2.55704000e-05
0.125070     2.37802000e-05
0.125111     9.95726000e-07
0.125153     3.13512000e-05
0.125195     2.35170000e-05
0.125236     3.70829000e-05
0.125278     2.36702000e-05
0.125320     3.15080000e-05
0.125362     4.01465000e-10
0.125403     3.85868000e-05
0.125445     3.85063000e-05
0.125487     3.24367000e-05
0.125529     2.14575000e-05
0.125571     5.07356000e-06
0.125613     9.30139000e-06
0.125655     3.30292000e-05
0.125696     1.90584000e-05
0.125738     2.69384000e-05
0.125780     1.19693000e-07
0.125822     1.12043000e-06
0.125864     2.20031000e-05
0.125906     3.35813000e-05
0.125948     6.56798000e-06
0.125990     3.09495000e-05
0.126032     1.88441000e-05
0.126074     2.90304000e-05
0.126116     2.79369000e-05
0.126158     4.03280000e-07
0.126200     1.49959000e-05
0.126242     5.13910000e-06
0.126284     5.88989000e-07
0.126326     6.28658000e-06
0.126368     7.32699000e-06
0.126411     1.00978000e-05
0.126453     2.50007000e-05
0.126495     5.18865000e-06
0.126537     2.58798000e-05
0.126579     1.69903000e-05
0.126621     3.21038000e-06
0.126664     1.51670000e-05
0.126706     2.54684000e-05
0.126748     7.58495000e-08
0.126790     1.71274000e-05
0.126833     2.80458000e-05
0.126875     1.45026000e-07
0.126917     4.59476000e-06
0.126959     9.12660000e-06
0.127002     7.52812000e-06
0.127044     2.22780000e-09
0.127086     2.68295000e-06
0.127129     4.60594000e-10
0.127171     2.11752000e-09
0.127214     1.46993000e-05
0.127256     2.75999000e-07
0.127298     3.35332000e-05
0.127341     3.60817000e-05
0.127383     1.13645000e-07
0.127426     9.10302000e-06
0.127468     1.06951000e-07
0.127511     3.81398000e-05
0.127553     2.42419000e-05
0.127596     2.31563000e-05
0.127638     3.14182000e-08
0.127681     2.63968000e-05
0.127723     3.58822000e-05
0.127766     1.48073000e-05
0.127809     3.75202000e-05
0.127851     3.44526000e-05
0.127894     1.07213000e-05
0.127936     4.05315000e-06
0.127979     8.57142000e-06
0.128022     3.45207000e-05
0.128064     2.63283000e-07
0.128107     3.72850000e-05
0.128150     3.78425000e-05
0.128192     3.82307000e-05
0.128235     2.05749000e-05
0.128278     3.60236000e-05
0.128321     2.37093000e-05
0.128363     3.76856000e-05
0.128406     3.64844000e-05
0.128449     3.40153000e-05
0.128492     3.90181000e-05
0.128535     3.86606000e-05
0.128578     3.79913000e-05
0.128620     3.75423000e-05
0.128663     6.88609000e-06
0.128706     8.32739000e-10
0.128749     5.07009000e-06
0.128792     3.83729000e-05
0.128835     3.83777000e-05
0.128878     3.28140000e-05
0.128921     1.90470000e-09
0.128964     1.55886000e-06
0.129007     3.02364000e-05
0.129050     3.62500000e-05
0.129093     3.92444000e-05
0.129136     3.85365000e-05
0.129179     1.65311000e-07
0.129222     3.95296000e-05
0.129265     3.21821000e-06
0.129308     3.87960000e-05
0.129351     3.81020000e-05
0.129394     2.62028000e-05
0.129437     3.76390000e-05
0.129481     1.96560000e-06
0.129524     1.90500000e-06
0.129567     4.23433000e-07
0.129610     3.73437000e-05
0.129653     3.39195000e-05
0.129697     3.61792000e-05
0.129740     3.32539000e-05
0.129783     3.53058000e-05
0.129826     2.74488000e-06
0.129870     3.69004000e-05
0.129913     3.74755000e-05
0.129956     6.90166000e-07
0.129999     3.76272000e-05
0.130043     1.52210000e-05
0.130086     3.65848000e-05
0.130130     2.31982000e-05
0.130173     2.98435000e-07
0.130216     3.55040000e-05
0.130260     3.76173000e-05
0.130303     3.65017000e-05
0.130347     3.60967000e-05
0.130390     3.66087000e-07
0.130433     3.85099000e-06
0.130477     3.54679000e-05
0.130520     3.46914000e-05
0.130564     3.52635000e-05
0.130607     3.42980000e-05
0.130651     4.20205000e-07
0.130695     3.22311000e-05
0.130738     3.14722000e-05
0.130782     2.42522000e-05
0.130825     3.02161000e-05
0.130869     2.71209000e-05
0.130913     5.28472000e-08
0.130956     2.30516000e-05
0.131000     2.11241000e-05
0.131043     1.54777000e-05
0.131087     2.82516000e-06
0.131131     6.54403000e-06
0.131175     1.82995000e-06
0.131218     1.00905000e-07
0.131262     2.98923000e-06
0.131306     8.15770000e-06
0.131350     1.33128000e-05
0.131393     1.58364000e-05
0.131437     1.16303000e-05
0.131481     1.22324000e-05
0.131525     1.36766000e-05
0.131569     6.18267000e-06
0.131612     1.40885000e-06
0.131656     1.35448000e-05
0.131700     2.03962000e-05
0.131744     2.12569000e-05
0.131788     2.24115000e-05
0.131832     2.12322000e-08
0.131876     1.33832000e-05
0.131920     1.10102000e-10
0.131964     7.87768000e-06
0.132008     1.15821000e-05
0.132052     1.74693000e-05
0.132096     7.86017000e-07
0.132140     1.30085000e-05
0.132184     2.30663000e-05
0.132228     7.34375000e-06
0.132272     1.99335000e-05
0.132316     1.89600000e-05
0.132360     1.90054000e-05
0.132404     4.64841000e-06
0.132449     1.46760000e-05
0.132493     3.11255000e-05
0.132537     2.24178000e-05
0.132581     3.28810000e-05
0.132625     3.11086000e-05
0.132669     1.37483000e-06
0.132714     2.87775000e-05
0.132758     3.37250000e-05
0.132802     4.47419000e-08
0.132846     2.72068000e-05
0.132891     2.91681000e-05
0.132935     3.46292000e-05
0.132979     2.19969000e-10
0.133024     3.37846000e-05
0.133068     3.39822000e-05
0.133112     3.06454000e-05
0.133157     2.39850000e-05
0.133201     1.57394000e-06
0.133245     2.39568000e-05
0.133290     2.70151000e-05
0.133334     2.98251000e-05
0.133379     2.62871000e-05
0.133423     1.79016000e-05
0.133468     3.68446000e-06
0.133512     4.35631000e-06
0.133557     1.77512000e-07
0.133601     4.46958000e-09
0.133646     2.39102000e-05
0.133690     3.10869000e-05
0.133735     3.06698000e-05
0.133779     3.28749000e-06
0.133824     1.86831000e-05
0.133869     4.04063000e-06
0.133913     1.20054000e-05
0.133958     9.09289000e-06
0.134003     1.82149000e-06
0.134047     1.09455000e-05
0.134092     3.43674000e-08
0.134137     3.24789000e-05
0.134181     3.44776000e-05
0.134226     3.16392000e-05
0.134271     3.53619000e-09
0.134316     2.08329000e-05
0.134360     7.51216000e-08
0.134405     3.19098000e-05
0.134450     3.20909000e-05
0.134495     2.76022000e-05
0.134540     3.02879000e-06
0.134584     1.54200000e-05
0.134629     1.29183000e-05
0.134674     2.72048000e-06
0.134719     4.99757000e-08
0.134764     2.73165000e-05
0.134809     4.49327000e-06
0.134854     3.19149000e-05
0.134899     4.62015000e-06
0.134944     2.17688000e-05
0.134989     3.52905000e-06
0.135034     2.74194000e-05
0.135079     2.89673000e-05
0.135124     3.15721000e-05
0.135169     3.72996000e-05
0.135214     3.12914000e-05
0.135259     3.48433000e-05
0.135304     3.70214000e-05
0.135349     3.67409000e-05
0.135394     3.26303000e-05
0.135439     4.25235000e-06
0.135484     3.22776000e-05
0.135530     3.25294000e-05
0.135575     2.62111000e-05
0.135620     1.29770000e-05
0.135665     2.26702000e-05
0.135710     4.96156000e-06
0.135756     1.29612000e-05
0.135801     1.09395000e-06
0.135846     1.79402000e-05
0.135891     2.03463000e-05
0.135937     1.39501000e-05
0.135982     5.69460000e-08
0.136027     4.58070000e-06
0.136073     8.78788000e-06
0.136118     3.40894000e-07
0.136163     7.38873000e-06
0.136209     1.75224000e-05
0.136254     1.86433000e-05
0.136300     1.70812000e-05
0.136345     1.09946000e-05
0.136391     3.75290000e-06
0.136436     1.79443000e-05
0.136481     9.94337000e-06
0.136527     7.64997000e-06
0.136572     5.95905000e-07
0.136618     1.36584000e-06
0.136664     2.13188000e-05
0.136709     1.06168000e-05
0.136755     1.39328000e-06
0.136800     2.91603000e-06
0.136846     1.39692000e-05
0.136891     6.03124000e-06
0.136937     6.37401000e-06
0.136983     1.13246000e-06
0.137028     2.50676000e-05
0.137074     1.96744000e-05
0.137120     7.80329000e-09
0.137165     9.23336000e-07
0.137211     2.34343000e-05
0.137257     1.90780000e-06
0.137303     2.67655000e-05
0.137348     2.20770000e-05
0.137394     1.62210000e-05
0.137440     2.60381000e-05
0.137486     7.47368000e-06
0.137532     1.57507000e-05
0.137578     3.63410000e-05
0.137623     3.70548000e-05
0.137669     1.87172000e-05
0.137715     3.80217000e-05
0.137761     6.79600000e-08
0.137807     3.69899000e-05
0.137853     3.78779000e-05
0.137899     6.17214000e-08
0.137945     5.60276000e-07
0.137991     3.67303000e-05
0.138037     3.93121000e-05
0.138083     3.79870000e-05
0.138129     2.70183000e-05
0.138175     3.94739000e-05
0.138221     3.80988000e-05
0.138267     3.97297000e-05
0.138313     3.64811000e-05
0.138359     3.86021000e-05
0.138405     3.18394000e-05
0.138451     3.20619000e-05
0.138498     3.24677000e-05
0.138544     2.83133000e-05
0.138590     2.54016000e-06
0.138636     3.67095000e-05
0.138682     1.64921000e-05
0.138729     3.75772000e-05
0.138775     3.84658000e-05
0.138821     3.97207000e-05
0.138867     3.94127000e-05
0.138914     4.03112000e-05
0.138960     3.75406000e-05
0.139006     7.93845000e-06
0.139053     3.96620000e-05
0.139099     3.62184000e-05
0.139145     3.91165000e-05
0.139192     1.59304000e-05
0.139238     2.75566000e-05
0.139285     3.65527000e-05
0.139331     3.97771000e-05
0.139377     3.73774000e-05
0.139424     3.74919000e-05
0.139470     4.01158000e-05
0.139517     3.87802000e-05
0.139563     1.31685000e-10
0.139610     3.78776000e-05
0.139656     3.92372000e-05
0.139703     4.01726000e-05
0.139750     3.51021000e-05
0.139796     3.65264000e-05
0.139843     3.82491000e-05
0.139889     3.83319000e-05
0.139936     3.97921000e-05
0.139983     3.93614000e-05
0.140029     6.25252000e-08
0.140076     4.12127000e-05
0.140123     3.96359000e-05
0.140169     4.06272000e-05
0.140216     3.94297000e-05
0.140263     4.04125000e-05
0.140310     2.75914000e-05
0.140356     4.11534000e-05
0.140403     3.79002000e-05
0.140450     4.14342000e-05
0.140497     3.69674000e-05
0.140544     3.73769000e-05
0.140590     4.13496000e-05
0.140637     4.12996000e-05
0.140684     3.51978000e-05
0.140731     4.08533000e-05
0.140778     4.16493000e-05
0.140825     4.06433000e-05
0.140872     3.46756000e-05
0.140919     3.64965000e-05
0.140966     3.22193000e-05
0.141013     4.17144000e-05
0.141060     4.11312000e-05
0.141107     4.14466000e-05
0.141154     4.16227000e-05
0.141201     4.00387000e-05
0.141248     3.34872000e-05
0.141295     8.48832000e-10
0.141342     3.93920000e-05
0.141389     4.13510000e-05
0.141436     4.16238000e-05
0.141483     4.18970000e-05
0.141531     4.16654000e-05
0.141578     4.14109000e-05
0.141625     4.07532000e-05
0.141672     3.73858000e-05
0.141719     2.84786000e-05
0.141767     3.36463000e-05
0.141814     4.07035000e-05
0.141861     3.90727000e-05
0.141909     4.10605000e-05
0.141956     2.44624000e-05
0.142003     4.18428000e-05
0.142050     4.02855000e-05
0.142098     4.13761000e-05
0.142145     2.64475000e-05
0.142193     3.86197000e-05
0.142240     3.84872000e-05
0.142287     4.14993000e-05
0.142335     4.06267000e-05
0.142382     4.17808000e-05
0.142430     4.17839000e-05
0.142477     3.10587000e-05
0.142525     4.06265000e-05
0.142572     3.87683000e-05
0.142620     4.21404000e-05
0.142667     3.99957000e-05
0.142715     4.13843000e-05
0.142762     3.49746000e-05
0.142810     7.55040000e-06
0.142858     3.59808000e-05
0.142905     4.09349000e-05
0.142953     4.17626000e-05
0.143000     4.18822000e-05
0.143048     4.09968000e-05
0.143096     3.19416000e-05
0.143144     3.41704000e-08
0.143191     3.06000000e-05
0.143239     3.93797000e-05
0.143287     4.00678000e-05
0.143334     2.71894000e-05
0.143382     2.76360000e-05
0.143430     2.17396000e-05
0.143478     4.04752000e-05
0.143526     3.89022000e-05
0.143574     4.10566000e-05
0.143621     3.96080000e-05
0.143669     3.55426000e-05
0.143717     1.38576000e-05
0.143765     3.68559000e-05
0.143813     3.04101000e-05
0.143861     4.18483000e-05
0.143909     3.97074000e-05
0.143957     4.99875000e-06
0.144005     3.31649000e-05
0.144053     1.97671000e-07
0.144101     3.98935000e-05
0.144149     4.10383000e-05
0.144197     3.26296000e-05
0.144245     3.37469000e-05
0.144293     3.66073000e-05
0.144341     3.56772000e-05
0.144389     3.72916000e-05
0.144437     1.78689000e-06
0.144486     4.11129000e-05
0.144534     4.02515000e-05
0.144582     3.94390000e-05
0.144630     3.98032000e-05
0.144678     4.09059000e-05
0.144727     3.17193000e-06
0.144775     2.37956000e-06
0.144823     4.14141000e-05
0.144871     4.23002000e-05
0.144920     3.63696000e-05
0.144968     4.21683000e-05
0.145016     4.04747000e-05
0.145065     3.13091000e-05
0.145113     4.18977000e-05
0.145161     4.18333000e-05
0.145210     3.70202000e-05
0.145258     3.74771000e-05
0.145306     4.18844000e-05
0.145355     4.18902000e-05
0.145403     4.16424000e-05
0.145452     2.82427000e-08
0.145500     4.17913000e-05
0.145549     4.23574000e-05
0.145597     3.95918000e-05
0.145646     4.24946000e-05
0.145694     3.86113000e-05
0.145743     4.19927000e-05
0.145792     4.04697000e-05
0.145840     4.02949000e-05
0.145889     4.15297000e-05
0.145937     4.14340000e-05
0.145986     4.05668000e-05
0.146035     3.70253000e-05
0.146083     4.39845000e-07
0.146132     3.28279000e-05
0.146181     3.99457000e-05
0.146230     3.62166000e-05
0.146278     4.18692000e-05
0.146327     4.22962000e-05
0.146376     4.24944000e-05
0.146425     4.12577000e-05
0.146473     4.11785000e-05
0.146522     3.38874000e-05
0.146571     4.19186000e-05
0.146620     3.99637000e-05
0.146669     3.98723000e-05
0.146718     3.90978000e-05
0.146767     4.20734000e-05
0.146816     1.27932000e-06
0.146864     3.15628000e-05
0.146913     4.14689000e-05
0.146962     3.47226000e-05
0.147011     1.96492000e-08
0.147060     3.68671000e-05
0.147109     3.60630000e-05
0.147158     4.22614000e-05
0.147207     4.27551000e-05
0.147257     4.24633000e-05
0.147306     3.03921000e-05
0.147355     4.30497000e-05
0.147404     4.29684000e-05
0.147453     4.10577000e-05
0.147502     4.05251000e-05
0.147551     4.26360000e-05
0.147600     3.22013000e-05
0.147650     4.13212000e-05
0.147699     4.06451000e-06
0.147748     4.17283000e-05
0.147797     4.29410000e-05
0.147847     4.30783000e-05
0.147896     3.84771000e-05
0.147945     4.31597000e-05
0.147995     4.30154000e-05
0.148044     4.24845000e-05
0.148093     2.27352000e-06
0.148143     4.28932000e-05
0.148192     4.06678000e-05
0.148241     4.29459000e-05
0.148291     4.26950000e-05
0.148340     4.25327000e-05
0.148390     3.96832000e-05
0.148439     1.99443000e-05
0.148489     4.19769000e-05
0.148538     3.96952000e-05
0.148588     4.16994000e-05
0.148637     3.96885000e-05
0.148687     3.97383000e-05
0.148736     1.90061000e-06
0.148786     4.29343000e-05
0.148835     4.18470000e-05
0.148885     4.25403000e-05
0.148935     4.26422000e-05
0.148984     4.24652000e-05
0.149034     4.27544000e-05
0.149084     4.25490000e-05
0.149133     4.02275000e-05
0.149183     4.14482000e-05
0.149233     2.84427000e-05
0.149283     1.26742000e-06
0.149332     3.62487000e-05
0.149382     4.07777000e-05
0.149432     3.94263000e-05
0.149482     2.02226000e-05
0.149532     4.26760000e-05
0.149581     4.28202000e-05
0.149631     4.28387000e-05
0.149681     4.19669000e-05
0.149731     4.23988000e-05
0.149781     2.48731000e-07
0.149831     4.26323000e-05
0.149881     2.70003000e-05
0.149931     3.96105000e-05
0.149981     3.38854000e-06
0.150031     4.18557000e-05
0.150081     4.15753000e-05
0.150131     4.25707000e-05
0.150181     4.12339000e-05
0.150231     4.13321000e-05
0.150281     4.25185000e-05
0.150331     6.59537000e-08
0.150381     3.89896000e-05
0.150431     3.76069000e-05
0.150481     4.06410000e-05
0.150532     4.28192000e-05
0.150582     3.56322000e-05
0.150632     4.29581000e-05
0.150682     3.95770000e-05
0.150732     4.13415000e-05
0.150783     4.29570000e-05
0.150833     4.25499000e-05
0.150883     4.26254000e-05
0.150933     4.29384000e-05
0.150984     4.29258000e-05
0.151034     4.19566000e-05
0.151084     3.93129000e-05
0.151135     4.28802000e-05
0.151185     4.29756000e-05
0.151236     4.29796000e-05
0.151286     4.29899000e-05
0.151336     4.29775000e-05
0.151387     4.28823000e-05
0.151437     4.23131000e-05
0.151488     4.23238000e-05
0.151538     4.28627000e-05
0.151589     4.29357000e-05
0.151639     4.29304000e-05
0.151690     3.88984000e-05
0.151740     4.27826000e-05
0.151791     4.29017000e-05
0.151842     4.28955000e-05
0.151892     4.28798000e-05
0.151943     4.28569000e-05
0.151993     4.28520000e-05
0.152044     4.28357000e-05
0.152095     4.28160000e-05
0.152146     4.28000000e-05
0.152196     3.85055000e-05
0.152247     4.27543000e-05
0.152298     4.27233000e-05
0.152348     4.26524000e-05
0.152399     4.26513000e-05
0.152450     4.16802000e-05
0.152501     4.25705000e-05
0.152552     4.11663000e-05
0.152603     4.25277000e-05
0.152653     4.24847000e-05
0.152704     4.23489000e-05
0.152755     4.23567000e-05
0.152806     4.22197000e-05
0.152857     4.04372000e-05
0.152908     4.20103000e-05
0.152959     4.20035000e-05
0.153010     4.18793000e-05
0.153061     4.16877000e-05
0.153112     3.99961000e-05
0.153163     4.11544000e-05
0.153214     4.04926000e-05
0.153265     3.94254000e-05
0.153316     3.90475000e-05
0.153367     3.65568000e-05
0.153419     6.15455000e-07
0.153470     2.45662000e-05
0.153521     3.71766000e-05
0.153572     3.66880000e-05
0.153623     2.96278000e-05
0.153674     6.73443000e-06
0.153726     2.97579000e-05
0.153777     2.38874000e-05
0.153828     1.19182000e-05
0.153879     2.91485000e-05
0.153931     3.77549000e-05
0.153982     3.75745000e-05
0.154033     3.20524000e-05
0.154085     1.43408000e-07
0.154136     3.74479000e-05
0.154187     3.14716000e-05
0.154239     2.76373000e-05
0.154290     3.34107000e-05
0.154342     3.69999000e-05
0.154393     3.33806000e-05
0.154445     3.58943000e-06
0.154496     2.14541000e-05
0.154548     5.14695000e-10
0.154599     2.20727000e-05
0.154651     3.22438000e-05
0.154702     2.52589000e-09
0.154754     3.69122000e-05
0.154805     1.01171000e-06
0.154857     3.58029000e-05
0.154908     3.52806000e-05
0.154960     7.79917000e-07
0.155012     3.57275000e-05
0.155063     3.98168000e-06
0.155115     3.02660000e-05
0.155167     3.62788000e-05
0.155219     2.11974000e-07
0.155270     3.67091000e-05
0.155322     3.07711000e-06
0.155374     3.88535000e-05
0.155426     4.05013000e-05
0.155477     3.66993000e-05
0.155529     3.80814000e-05
0.155581     2.71165000e-06
0.155633     3.69563000e-05
0.155685     1.51522000e-05
0.155737     4.12717000e-05
0.155789     2.82532000e-05
0.155841     4.08224000e-05
0.155893     3.52305000e-05
0.155944     2.87994000e-05
0.155996     4.06349000e-05
0.156048     3.59077000e-05
0.156100     4.06496000e-05
0.156153     1.07068000e-08
0.156205     3.92170000e-05
0.156257     4.02166000e-05
0.156309     4.15784000e-05
0.156361     4.06994000e-05
0.156413     4.15494000e-05
0.156465     4.09449000e-05
0.156517     4.05381000e-05
0.156569     3.15783000e-05
0.156622     3.99112000e-05
0.156674     3.67884000e-05
0.156726     3.66732000e-05
0.156778     4.08139000e-05
0.156831     2.83404000e-05
0.156883     3.44317000e-05
0.156935     4.04185000e-05
0.156987     3.90091000e-05
0.157040     3.09743000e-05
0.157092     3.89231000e-05
0.157144     4.15170000e-05
0.157197     3.74256000e-05
0.157249     4.12779000e-05
0.157302     2.36829000e-05
0.157354     4.08919000e-05
0.157407     3.95670000e-05
0.157459     3.05900000e-05
0.157511     4.04611000e-05
0.157564     3.28618000e-05
0.157617     1.32136000e-08
0.157669     4.09478000e-05
0.157722     4.07160000e-05
0.157774     2.69189000e-05
0.157827     4.11280000e-05
0.157879     3.92105000e-05
0.157932     3.98036000e-05
0.157985     7.39039000e-08
0.158037     4.03920000e-05
0.158090     4.52427000e-07
0.158143     3.89956000e-05
0.158195     4.03646000e-05
0.158248     4.76370000e-06
0.158301     4.10246000e-05
0.158354     4.08275000e-05
0.158406     4.12866000e-05
0.158459     3.99864000e-05
0.158512     3.65853000e-05
0.158565     3.22036000e-06
0.158618     3.17314000e-05
0.158671     3.25298000e-05
0.158724     4.10737000e-05
0.158776     4.09619000e-05
0.158829     3.85774000e-05
0.158882     3.96339000e-05
0.158935     4.07069000e-05
0.158988     4.02717000e-05
0.159041     3.87926000e-05
0.159094     3.97778000e-05
0.159147     3.93652000e-05
0.159200     3.54754000e-05
0.159253     3.80889000e-05
0.159306     3.84835000e-05
0.159360     3.36574000e-05
0.159413     3.98681000e-05
0.159466     3.98413000e-05
0.159519     3.92992000e-05
0.159572     3.38575000e-05
0.159625     3.62070000e-05
0.159679     3.89330000e-05
0.159732     3.84140000e-05
0.159785     2.87605000e-05
0.159838     3.49562000e-05
0.159892     4.42146000e-08
0.159945     3.29080000e-05
0.159998     3.61299000e-05
0.160052     3.39086000e-05
0.160105     1.81849000e-08
0.160158     3.37562000e-05
0.160212     3.47584000e-05
0.160265     1.98206000e-05
0.160318     1.09783000e-07
0.160372     3.04080000e-05
0.160425     1.49436000e-06
0.160479     1.77950000e-08
0.160532     3.06434000e-05
0.160586     2.51406000e-05
0.160639     7.32830000e-10
0.160693     1.89196000e-05
0.160746     2.41893000e-05
0.160800     7.40942000e-07
0.160854     7.73057000e-09
0.160907     1.05013000e-05
0.160961     6.73048000e-07
0.161015     1.86755000e-06
0.161068     1.25670000e-05
0.161122     1.49554000e-05
0.161176     2.50351000e-08
0.161229     2.84921000e-05
0.161283     3.10775000e-05
0.161337     2.96922000e-05
0.161391     2.15574000e-06
0.161444     3.33471000e-05
0.161498     2.99190000e-05
0.161552     3.41142000e-05
0.161606     3.31794000e-05
0.161660     3.31278000e-05
0.161714     2.03601000e-05
0.161768     3.53257000e-05
0.161822     3.22762000e-05
0.161875     3.04897000e-05
0.161929     2.91494000e-05
0.161983     3.49237000e-05
0.162037     6.03854000e-07
0.162091     5.79022000e-09
0.162145     1.93945000e-05
0.162199     1.37005000e-05
0.162254     2.87092000e-08
0.162308     3.24582000e-05
0.162362     3.41176000e-05
0.162416     3.47441000e-05
0.162470     2.29343000e-08
0.162524     1.24590000e-05
0.162578     2.33206000e-06
0.162633     3.09838000e-05
0.162687     4.37175000e-08
0.162741     3.24021000e-05
0.162795     3.35343000e-05
0.162849     3.27707000e-05
0.162904     3.22845000e-05
0.162958     1.01650000e-08
0.163012     2.36129000e-08
0.163067     3.00583000e-05
0.163121     2.89639000e-05
0.163175     2.86061000e-09
0.163230     2.22654000e-06
0.163284     5.02172000e-06
0.163339     2.09776000e-05
0.163393     1.54284000e-05
0.163448     1.42147000e-05
0.163502     9.54165000e-06
0.163557     1.95146000e-06
0.163611     1.07192000e-06
0.163666     3.63018000e-07
0.163720     3.80472000e-08
0.163775     7.85520000e-06
0.163829     1.32449000e-05
0.163884     5.98469000e-07
0.163939     1.97727000e-05
0.163993     3.74645000e-08
0.164048     2.50037000e-05
0.164103     2.26803000e-05
0.164157     2.76269000e-05
0.164212     2.10911000e-05
0.164267     2.92046000e-05
0.164321     3.05447000e-05
0.164376     3.07642000e-05
0.164431     1.40966000e-05
0.164486     1.85482000e-05
0.164541     3.12233000e-05
0.164596     1.61717000e-05
0.164650     2.99160000e-05
0.164705     1.07156000e-05
0.164760     2.51217000e-05
0.164815     3.20060000e-05
0.164870     3.23774000e-05
0.164925     3.43729000e-05
0.164980     3.18565000e-05
0.165035     3.32214000e-05
0.165090     3.54368000e-05
0.165145     2.89925000e-05
0.165200     3.64769000e-05
0.165255     3.69524000e-05
0.165310     3.73762000e-05
0.165365     3.44697000e-05
0.165420     5.14916000e-08
0.165476     2.15576000e-05
0.165531     3.72612000e-05
0.165586     7.17861000e-06
0.165641     1.29894000e-05
0.165696     3.78845000e-05
0.165752     3.75090000e-05
0.165807     3.59810000e-05
0.165862     2.13672000e-05
0.165917     3.56595000e-05
0.165973     3.21339000e-05
0.166028     3.84690000e-05
0.166083     3.84113000e-05
0.166139     3.73733000e-07
0.166194     1.44817000e-07
0.166249     3.72884000e-05
0.166305     3.56147000e-05
0.166360     3.54190000e-05
0.166416     3.13019000e-05
0.166471     3.71897000e-05
0.166527     7.65630000e-06
0.166582     3.81459000e-05
0.166638     3.18086000e-05
0.166693     3.82552000e-05
0.166749     2.22680000e-05
0.166804     3.83653000e-05
0.166860     3.81920000e-05
0.166916     3.74320000e-05
0.166971     3.36145000e-05
0.167027     2.49566000e-05
0.167083     3.55803000e-05
0.167138     3.22360000e-05
0.167194     3.14266000e-05
0.167250     3.97301000e-08
0.167306     3.40105000e-05
0.167361     2.59516000e-05
0.167417     1.17331000e-07
0.167473     2.39780000e-05
0.167529     2.80964000e-06
0.167585     2.77989000e-07
0.167640     2.68253000e-05
0.167696     2.05733000e-06
0.167752     2.29297000e-05
0.167808     2.31676000e-05
0.167864     2.06809000e-06
0.167920     5.29044000e-06
0.167976     8.52834000e-06
0.168032     1.19198000e-05
0.168088     1.08401000e-06
0.168144     3.55116000e-07
0.168200     5.70696000e-09
0.168256     2.53228000e-05
0.168312     2.86503000e-05
0.168368     2.52357000e-05
0.168424     2.12997000e-05
0.168481     1.07698000e-05
0.168537     3.15461000e-05
0.168593     1.47445000e-05
0.168649     3.28709000e-05
0.168705     2.36532000e-07
0.168762     8.75023000e-08
0.168818     3.37695000e-05
0.168874     2.95132000e-05
0.168930     3.18912000e-05
0.168987     3.04943000e-05
0.169043     3.36822000e-05
0.169099     3.24423000e-05
0.169156     2.93305000e-05
0.169212     3.27019000e-05
0.169269     3.19032000e-05
0.169325     2.23124000e-05
0.169381     3.82594000e-05
0.169438     9.90502000e-08
0.169494     4.18703000e-08
0.169551     3.81787000e-05
0.169607     3.71334000e-05
0.169664     3.89849000e-05
0.169720     3.79526000e-05
0.169777     3.70431000e-05
0.169834     3.77607000e-05
0.169890     3.64376000e-05
0.169947     3.64705000e-05
0.170004     3.09915000e-05
0.170060     3.17242000e-05
0.170117     2.70224000e-07
0.170174     2.99748000e-05
0.170230     1.61282000e-06
0.170287     9.73874000e-06
0.170344     7.08408000e-09
0.170401     7.45622000e-06
0.170457     1.09702000e-05
0.170514     2.25404000e-05
0.170571     3.02630000e-05
0.170628     1.77995000e-05
0.170685     3.28488000e-05
0.170742     2.72569000e-05
0.170799     1.60474000e-05
0.170856     3.41566000e-05
0.170912     3.18179000e-05
0.170969     5.81971000e-08
0.171026     9.57225000e-06
0.171083     2.91419000e-05
0.171140     9.72061000e-06
0.171198     2.75918000e-05
0.171255     2.21946000e-05
0.171312     2.89893000e-05
0.171369     3.27195000e-05
0.171426     6.22926000e-06
0.171483     1.42132000e-06
0.171540     4.30067000e-10
0.171597     3.88952000e-06
0.171655     2.72994000e-06
0.171712     3.02647000e-05
0.171769     1.97799000e-06
0.171826     2.21697000e-05
0.171884     3.05368000e-05
0.171941     2.27134000e-05
0.171998     1.37198000e-05
0.172055     2.98451000e-05
0.172113     3.06217000e-05
0.172170     2.50598000e-05
0.172228     8.36523000e-06
0.172285     1.72662000e-05
0.172342     6.13237000e-06
0.172400     1.89060000e-05
0.172457     2.93094000e-05
0.172515     3.17477000e-05
0.172572     3.38008000e-05
0.172630     2.98028000e-05
0.172687     2.43366000e-05
0.172745     3.33207000e-05
0.172803     3.31586000e-05
0.172860     3.39203000e-05
0.172918     3.57647000e-05
0.172975     2.95330000e-05
0.173033     3.43710000e-05
0.173091     2.70884000e-05
0.173148     2.75861000e-05
0.173206     3.03399000e-05
0.173264     3.01700000e-06
0.173322     2.90984000e-05
0.173379     3.49548000e-05
0.173437     3.74733000e-05
0.173495     3.73967000e-05
0.173553     1.98024000e-05
0.173611     2.98629000e-05
0.173669     2.90170000e-05
0.173726     2.92597000e-05
0.173784     2.40742000e-05
0.173842     3.84848000e-05
0.173900     2.64835000e-05
0.173958     3.82485000e-05
0.174016     3.95014000e-05
0.174074     3.80499000e-05
0.174132     1.30143000e-05
0.174190     3.94775000e-05
0.174248     3.80286000e-05
0.174306     3.86292000e-05
0.174365     3.71355000e-05
0.174423     3.52865000e-06
0.174481     3.86309000e-05
0.174539     1.88981000e-05
0.174597     3.88938000e-05
0.174655     3.93407000e-05
0.174714     3.81038000e-05
0.174772     1.86923000e-05
0.174830     3.67664000e-05
0.174888     3.52037000e-05
0.174947     2.87053000e-05
0.175005     3.10656000e-05
0.175063     3.56407000e-05
0.175122     3.90173000e-05
0.175180     3.93827000e-05
0.175238     2.31469000e-05
0.175297     3.65258000e-05
0.175355     1.30658000e-08
0.175414     3.23661000e-05
0.175472     3.45419000e-05
0.175531     3.84532000e-05
0.175589     8.55804000e-06
0.175648     3.13354000e-05
0.175706     8.15962000e-06
0.175765     2.85478000e-05
0.175823     1.87241000e-05
0.175882     2.48710000e-05
0.175941     2.60034000e-05
0.175999     3.75825000e-05
0.176058     3.70038000e-05
0.176117     2.53402000e-05
0.176175     2.14982000e-05
0.176234     2.69856000e-05
0.176293     1.08287000e-05
0.176352     2.85684000e-05
0.176410     2.08137000e-05
0.176469     3.44115000e-05
0.176528     2.41713000e-09
0.176587     3.64715000e-05
0.176646     3.16101000e-05
0.176705     3.86608000e-05
0.176763     3.67340000e-05
0.176822     1.06031000e-05
0.176881     2.95224000e-05
0.176940     2.73228000e-05
0.176999     3.27222000e-05
0.177058     1.98834000e-05
0.177117     2.19641000e-05
0.177176     3.86182000e-05
0.177235     3.96964000e-05
0.177294     4.03781000e-05
0.177354     3.94511000e-05
0.177413     3.61697000e-05
0.177472     3.76110000e-05
0.177531     3.90557000e-05
0.177590     4.03502000e-05
0.177649     4.05941000e-05
0.177709     3.90256000e-05
0.177768     4.05844000e-05
0.177827     3.98654000e-05
0.177886     4.09471000e-05
0.177946     4.07860000e-05
0.178005     3.83287000e-05
0.178064     4.09059000e-05
0.178124     4.02702000e-05
0.178183     4.02663000e-05
0.178242     4.09571000e-05
0.178302     4.04546000e-05
0.178361     4.09181000e-05
0.178421     4.07671000e-05
0.178480     4.08872000e-05
0.178540     3.96185000e-05
0.178599     4.09212000e-05
0.178659     4.02712000e-05
0.178718     4.09434000e-05
0.178778     4.09197000e-05
0.178837     3.91149000e-05
0.178897     4.04716000e-05
0.178957     4.08762000e-05
0.179016     4.08752000e-05
0.179076     4.08812000e-05
0.179136     4.08592000e-05
0.179195     4.08726000e-05
0.179255     4.08857000e-05
0.179315     4.08019000e-05
0.179375     4.08646000e-05
0.179434     4.08564000e-05
0.179494     4.08426000e-05
0.179554     4.07512000e-05
0.179614     4.02786000e-05
0.179674     4.06989000e-05
0.179734     4.07478000e-05
0.179794     3.80975000e-05
0.179854     4.06733000e-05
0.179914     3.97422000e-05
0.179973     4.07055000e-05
0.180033     4.06762000e-05
0.180093     4.03420000e-05
0.180154     3.92855000e-05
0.180214     2.77672000e-08
0.180274     3.98294000e-05
0.180334     4.00664000e-05
0.180394     3.56925000e-05
0.180454     3.96731000e-05
0.180514     2.66666000e-05
0.180574     4.01374000e-05
0.180634     4.04530000e-05
0.180695     4.04016000e-05
0.180755     3.41382000e-05
0.180815     4.04182000e-05
0.180875     2.82457000e-05
0.180936     4.03884000e-05
0.180996     4.03543000e-05
0.181056     4.03174000e-05
0.181117     4.01744000e-05
0.181177     3.94121000e-05
0.181238     4.02081000e-05
0.181298     4.01767000e-05
0.181358     3.99959000e-05
0.181419     3.94565000e-05
0.181479     3.99421000e-05
0.181540     3.90256000e-05
0.181600     3.99915000e-05
0.181661     3.98365000e-05
0.181721     3.67674000e-05
0.181782     3.98241000e-05
0.181843     3.98026000e-05
0.181903     3.96774000e-05
0.181964     3.83142000e-05
0.182024     3.95230000e-05
0.182085     3.94164000e-05
0.182146     3.69871000e-05
0.182207     3.91554000e-05
0.182267     3.89443000e-05
0.182328     3.86963000e-05
0.182389     3.83532000e-05
0.182450     3.77582000e-05
0.182510     3.54255000e-05
0.182571     3.60943000e-05
0.182632     3.38767000e-05
0.182693     3.01114000e-05
0.182754     1.78036000e-05
0.182815     8.82448000e-06
0.182876     2.78494000e-05
0.182937     3.31499000e-05
0.182998     3.54096000e-05
0.183059     3.65731000e-05
0.183120     3.72173000e-05
0.183181     3.75101000e-05
0.183242     3.76085000e-05
0.183303     2.70228000e-05
0.183364     3.79686000e-05
0.183425     3.79713000e-05
0.183486     3.79223000e-05
0.183547     3.77918000e-05
0.183609     3.77222000e-05
0.183670     3.74517000e-05
0.183731     3.72286000e-05
0.183792     3.65080000e-05
0.183854     3.62810000e-05
0.183915     3.39200000e-05
0.183976     1.60073000e-05
0.184037     3.39950000e-05
0.184099     2.98415000e-05
0.184160     1.42818000e-06
0.184222     2.79302000e-05
0.184283     3.38331000e-05
0.184344     3.29278000e-05
0.184406     3.28845000e-05
0.184467     3.38846000e-05
0.184529     3.30489000e-05
0.184590     3.25307000e-05
0.184652     3.15585000e-05
0.184713     2.50351000e-05
0.184775     1.92861000e-05
0.184837     1.28195000e-05
0.184898     2.60034000e-05
0.184960     2.35507000e-05
0.185021     1.90619000e-05
0.185083     1.09820000e-05
0.185145     9.91625000e-07
0.185207     2.58679000e-06
0.185268     1.32023000e-05
0.185330     1.81737000e-05
0.185392     1.64450000e-06
0.185454     1.36337000e-05
0.185515     1.17650000e-05
0.185577     6.12635000e-06
0.185639     1.34315000e-05
0.185701     2.12595000e-05
0.185763     3.24010000e-07
0.185825     2.30153000e-05
0.185887     2.61556000e-05
0.185949     2.32799000e-05
0.186011     2.63440000e-05
0.186073     2.42739000e-05
0.186135     1.83001000e-05
0.186197     6.39371000e-06
0.186259     3.55934000e-06
0.186321     1.60756000e-05
0.186383     4.42499000e-06
0.186445     1.12349000e-05
0.186507     2.94563000e-06
0.186569     4.69994000e-06
0.186632     4.77050000e-06
0.186694     2.64397000e-06
0.186756     2.05507000e-05
0.186818     2.47849000e-05
0.186881     2.52875000e-05
0.186943     1.93897000e-05
0.187005     1.64564000e-06
0.187068     1.52139000e-05
0.187130     1.93530000e-05
0.187192     8.89300000e-07
0.187255     3.49849000e-06
0.187317     9.33465000e-07
0.187380     1.32298000e-05
0.187442     2.28577000e-05
0.187504     1.99953000e-05
0.187567     2.19307000e-05
0.187630     6.08995000e-06
0.187692     2.15598000e-05
0.187755     2.53708000e-05
0.187817     9.88678000e-06
0.187880     1.47441000e-06
0.187942     2.49596000e-05
0.188005     2.29352000e-05
0.188068     2.81187000e-05
0.188130     3.92658000e-08
0.188193     2.61692000e-05
0.188256     2.48012000e-05
0.188319     1.63608000e-05
0.188381     1.30734000e-07
0.188444     1.76059000e-05
0.188507     2.34888000e-05
0.188570     1.94891000e-05
0.188633     2.41530000e-05
0.188696     2.03406000e-05
0.188758     4.24032000e-06
0.188821     4.36825000e-06
0.188884     1.79046000e-05
0.188947     2.32666000e-05
0.189010     2.82272000e-05
0.189073     3.18632000e-05
0.189136     3.15941000e-05
0.189199     3.01272000e-05
0.189262     2.87086000e-05
0.189326     3.25560000e-05
0.189389     3.50899000e-05
0.189452     3.32666000e-05
0.189515     3.59389000e-05
0.189578     3.64399000e-05
0.189641     3.65572000e-05
0.189704     3.64411000e-05
0.189768     3.64848000e-05
0.189831     3.56967000e-05
0.189894     2.94900000e-05
0.189958     3.18789000e-05
0.190021     3.60491000e-05
0.190084     3.64593000e-05
0.190148     3.68219000e-05
0.190211     3.57874000e-05
0.190274     3.47048000e-05
0.190338     1.06009000e-06
0.190401     2.98282000e-05
0.190465     2.71517000e-05
0.190528     3.60711000e-05
0.190592     3.70701000e-05
0.190655     3.73087000e-05
0.190719     3.73498000e-05
0.190782     3.74168000e-05
0.190846     3.73624000e-05
0.190910     3.71947000e-05
0.190973     3.65185000e-05
0.191037     2.83292000e-05
0.191101     3.53432000e-05
0.191164     3.67447000e-05
0.191228     2.94961000e-05
0.191292     3.53795000e-05
0.191355     3.40414000e-05
0.191419     3.43540000e-05
0.191483     2.85378000e-05
0.191547     2.34927000e-05
0.191611     3.40263000e-05
0.191675     3.28198000e-05
0.191738     2.42364000e-05
0.191802     3.64221000e-05
0.191866     2.60366000e-05
0.191930     3.64466000e-05
0.191994     3.63582000e-05
0.192058     3.62065000e-05
0.192122     3.60540000e-05
0.192186     3.54048000e-05
0.192250     3.55060000e-05
0.192314     3.51113000e-05
0.192379     3.28011000e-05
0.192443     2.89444000e-05
0.192507     3.41145000e-05
0.192571     3.41332000e-05
0.192635     3.36208000e-05
0.192699     3.28116000e-05
0.192764     2.70036000e-05
0.192828     3.20034000e-05
0.192892     3.13544000e-05
0.192956     2.80483000e-05
0.193021     1.41412000e-05
0.193085     2.61209000e-05
0.193149     2.58339000e-05
0.193214     2.32302000e-05
0.193278     1.93179000e-05
0.193343     1.30101000e-05
0.193407     3.09765000e-06
0.193472     4.32878000e-07
0.193536     8.93403000e-06
0.193601     1.65937000e-05
0.193665     1.98256000e-05
0.193730     4.76940000e-07
0.193794     2.34719000e-05
0.193859     2.50562000e-05
0.193924     2.37691000e-05
0.193988     1.81101000e-05
0.194053     1.20345000e-06
0.194117     1.32381000e-05
0.194182     2.27071000e-05
0.194247     2.60443000e-05
0.194312     2.75743000e-05
0.194376     2.74486000e-05
0.194441     2.50889000e-05
0.194506     7.20896000e-06
0.194571     1.77389000e-05
0.194636     9.72439000e-06
0.194701     4.49546000e-08
0.194766     1.79746000e-05
0.194830     2.32287000e-05
0.194895     2.17213000e-05
0.194960     5.84913000e-09
0.195025     7.04167000e-08
0.195090     1.42612000e-05
0.195155     5.41880000e-08
0.195220     1.17209000e-06
0.195286     5.88096000e-06
0.195351     1.93796000e-05
0.195416     2.44934000e-05
0.195481     2.46938000e-05
0.195546     1.59561000e-05
0.195611     2.74121000e-07
0.195676     2.02269000e-05
0.195742     1.42442000e-05
0.195807     6.40874000e-06
0.195872     4.87412000e-07
0.195937     1.52209000e-05
0.196003     6.69877000e-07
0.196068     1.08358000e-05
0.196133     3.19122000e-06
0.196199     1.30913000e-06
0.196264     1.26803000e-05
0.196330     1.36066000e-05
0.196395     5.26547000e-06
0.196461     2.33381000e-05
0.196526     2.80704000e-05
0.196592     3.05558000e-05
0.196657     7.88422000e-08
0.196723     3.25467000e-05
0.196788     3.31062000e-05
0.196854     3.36838000e-05
0.196919     3.40193000e-05
0.196985     3.43674000e-05
0.197051     3.46062000e-05
0.197116     3.48242000e-05
0.197182     3.49917000e-05
0.197248     3.51244000e-05
0.197314     3.52225000e-05
0.197379     3.51384000e-05
0.197445     3.49827000e-05
0.197511     2.12451000e-05
0.197577     3.39540000e-05
0.197643     3.55098000e-05
0.197709     3.56562000e-05
0.197774     3.57315000e-05
0.197840     3.57734000e-05
0.197906     3.57993000e-05
0.197972     3.57868000e-05
0.198038     3.54918000e-05
0.198104     3.50968000e-05
0.198170     3.57888000e-05
0.198236     3.57785000e-05
0.198302     3.54636000e-05
0.198369     3.58173000e-05
0.198435     3.53395000e-05
0.198501     3.58192000e-05
0.198567     3.58003000e-05
0.198633     3.56727000e-05
0.198699     3.57465000e-05
0.198766     3.56772000e-05
0.198832     3.56579000e-05
0.198898     3.56308000e-05
0.198964     3.55749000e-05
0.199031     3.54347000e-05
0.199097     3.51867000e-05
0.199163     3.03353000e-05
0.199230     3.29370000e-05
0.199296     3.43181000e-05
0.199363     3.51370000e-05
0.199429     3.51514000e-05
0.199496     3.51095000e-05
0.199562     3.50259000e-05
0.199629     3.48141000e-05
0.199695     3.45698000e-05
0.199762     3.18376000e-05
0.199828     3.26451000e-05
0.199895     3.39568000e-05
0.199962     3.34674000e-05
0.200028     3.43580000e-05
0.200095     3.43117000e-05
0.200162     3.42141000e-05
0.200228     3.40650000e-05
0.200295     3.12857000e-05
0.200362     3.36783000e-05
0.200429     3.21186000e-05
0.200495     3.30557000e-05
0.200562     3.31883000e-05
0.200629     3.30377000e-05
0.200696     8.91654000e-06
0.200763     2.98622000e-05
0.200830     3.19864000e-05
0.200897     3.14090000e-05
0.200964     3.17969000e-05
0.201031     3.17285000e-05
0.201098     2.15745000e-05
0.201165     3.12207000e-05
0.201232     3.08905000e-05
0.201299     3.05138000e-05
0.201366     3.00855000e-05
0.201433     2.96514000e-05
0.201500     5.53859000e-06
0.201567     2.85645000e-05
0.201635     2.58568000e-05
0.201702     2.72088000e-05
0.201769     2.53951000e-05
0.201836     2.55297000e-05
0.201904     2.45830000e-05
0.201971     2.34145000e-05
0.202038     2.20368000e-05
0.202106     1.96855000e-05
0.202173     1.84612000e-05
0.202240     1.64042000e-05
0.202308     1.38427000e-05
0.202375     1.07698000e-05
0.202443     7.29218000e-06
0.202510     3.79348000e-06
0.202578     1.12235000e-06
0.202645     1.61045000e-09
0.202713     9.76977000e-07
0.202780     3.53132000e-06
0.202848     6.79542000e-06
0.202915     1.04135000e-05
0.202983     1.34189000e-05
0.203051     1.56257000e-05
0.203118     1.80375000e-05
0.203186     1.99043000e-05
0.203254     2.15341000e-05
0.203322     2.27974000e-05
0.203389     2.31181000e-05
0.203457     2.38905000e-05
0.203525     4.22566000e-06
0.203593     2.56967000e-05
0.203661     2.07800000e-05
0.203729     2.74332000e-05
0.203797     2.75555000e-05
0.203864     2.83016000e-05
0.203932     2.86301000e-05
0.204000     2.54118000e-05
0.204068     2.91409000e-05
0.204136     2.94676000e-05
0.204204     2.96723000e-05
0.204273     2.98344000e-05
0.204341     2.99658000e-05
0.204409     3.00696000e-05
0.204477     3.01510000e-05
0.204545     3.02100000e-05
0.204613     3.00989000e-05
0.204681     3.02422000e-05
0.204750     3.00643000e-05
0.204818     2.64467000e-05
0.204886     3.01559000e-05
0.204954     2.98941000e-05
0.205023     3.01652000e-05
0.205091     3.00893000e-05
0.205159     2.99017000e-05
0.205228     2.76862000e-05
0.205296     2.91754000e-05
0.205365     2.83299000e-05
0.205433     2.96412000e-05
0.205502     2.95465000e-05
0.205570     2.94217000e-05
0.205639     2.92806000e-05
0.205707     2.89409000e-05
0.205776     2.88479000e-05
0.205844     2.87758000e-05
0.205913     2.85783000e-05
0.205982     2.81627000e-05
0.206050     2.79510000e-05
0.206119     2.79378000e-05
0.206188     2.77006000e-05
0.206256     2.74519000e-05
0.206325     2.71845000e-05
0.206394     2.69008000e-05
0.206463     2.65981000e-05
0.206532     2.62652000e-05
0.206600     2.59126000e-05
0.206669     2.54483000e-05
0.206738     2.51882000e-05
0.206807     2.25955000e-05
0.206876     2.43754000e-05
0.206945     2.38360000e-05
0.207014     2.34268000e-05
0.207083     2.27171000e-05
0.207152     2.23429000e-05
0.207221     2.17491000e-05
0.207290     2.10844000e-05
0.207359     2.03430000e-05
0.207428     1.96212000e-05
0.207497     1.87669000e-05
0.207567     1.77107000e-05
0.207636     1.66101000e-05
0.207705     1.48112000e-05
0.207774     7.37384000e-06
0.207844     9.98074000e-06
0.207913     1.16538000e-05
0.207982     1.04326000e-05
0.208051     8.73970000e-06
0.208121     6.79761000e-06
0.208190     4.70363000e-06
0.208260     2.67188000e-06
0.208329     1.12208000e-06
0.208398     3.12131000e-07
0.208468     1.00721000e-08
0.208537     1.76587000e-07
0.208607     7.63331000e-07
0.208676     1.70331000e-06
0.208746     1.56154000e-06
0.208816     4.11051000e-09
0.208885     1.90795000e-06
0.208955     5.28807000e-06
0.209024     6.92344000e-06
0.209094     3.01373000e-06
0.209164     3.40585000e-07
0.209234     7.14971000e-06
0.209303     7.29785000e-06
0.209373     2.72360000e-06
0.209443     5.30795000e-08
0.209513     4.21098000e-06
0.209583     9.00452000e-06
0.209652     1.13376000e-05
0.209722     1.21631000e-05
0.209792     1.14471000e-05
0.209862     8.18059000e-06
0.209932     1.80178000e-06
0.210002     2.44162000e-06
0.210072     1.01821000e-07
0.210142     5.01337000e-08
0.210212     1.96208000e-06
0.210282     1.39176000e-07
0.210352     1.65217000e-07
0.210422     4.12985000e-06
0.210493     7.61608000e-06
0.210563     9.57239000e-06
0.210633     7.01699000e-06
0.210703     2.67599000e-08
0.210773     6.32296000e-06
0.210844     6.59309000e-06
0.210914     1.32109000e-06
0.210984     9.11812000e-07
0.211054     1.00833000e-05
0.211125     1.37619000e-05
0.211195     4.31794000e-06
0.211266     1.41877000e-05
0.211336     4.41803000e-06
0.211406     7.68475000e-06
0.211477     9.30836000e-06
0.211547     2.25733000e-06
0.211618     4.57560000e-06
0.211688     1.47944000e-05
0.211759     1.43960000e-05
0.211830     2.09721000e-05
0.211900     2.21862000e-05
0.211971     1.67422000e-05
0.212042     2.35727000e-05
0.212112     2.42771000e-05
0.212183     2.13287000e-05
0.212254     2.15247000e-05
0.212324     2.52470000e-05
0.212395     2.55187000e-05
0.212466     2.56776000e-05
0.212537     2.57172000e-05
0.212608     2.29020000e-05
0.212679     2.08835000e-05
0.212749     1.19106000e-08
0.212820     2.00478000e-05
0.212891     2.57127000e-05
0.212962     2.56042000e-05
0.213033     2.45537000e-05
0.213104     2.45585000e-05
0.213175     2.26652000e-05
0.213246     1.02864000e-05
0.213317     1.80213000e-05
0.213389     2.28156000e-05
0.213460     2.29020000e-05
0.213531     2.28910000e-05
0.213602     2.20536000e-05
0.213673     2.07403000e-05
0.213744     1.87889000e-05
0.213816     1.57877000e-05
0.213887     9.67266000e-06
0.213958     4.43058000e-06
0.214030     5.50146000e-08
0.214101     3.61590000e-06
0.214172     9.24874000e-06
0.214244     8.56585000e-06
0.214315     1.71126000e-05
0.214386     1.79958000e-05
0.214458     8.93426000e-06
0.214529     9.59473000e-06
0.214601     7.66704000e-07
0.214672     1.32582000e-05
0.214744     3.71141000e-06
0.214816     1.54621000e-05
0.214887     2.00212000e-05
0.214959     2.05635000e-05
0.215031     4.17790000e-06
0.215102     1.78196000e-05
0.215174     3.39995000e-07
0.215246     1.60913000e-05
0.215317     1.25818000e-05
0.215389     4.85071000e-06
0.215461     1.58692000e-05
0.215533     1.65147000e-05
0.215605     1.38111000e-05
0.215676     1.47722000e-05
0.215748     1.17439000e-05
0.215820     2.61165000e-06
0.215892     3.47804000e-06
0.215964     1.09429000e-07
0.216036     3.49387000e-07
0.216108     8.71285000e-06
0.216180     7.92190000e-06
0.216252     5.31252000e-06
0.216324     6.90421000e-06
0.216396     5.14229000e-06
0.216469     1.83399000e-06
0.216541     1.27061000e-06
0.216613     6.83707000e-07
0.216685     1.48136000e-07
0.216757     1.00217000e-08
0.216830     2.75679000e-07
0.216902     9.93197000e-07
0.216974     2.36141000e-06
0.217047     4.08021000e-06
0.217119     5.53906000e-06
0.217191     4.89110000e-07
0.217264     5.32788000e-06
0.217336     1.29848000e-06
0.217408     5.21872000e-06
0.217481     9.32305000e-06
0.217553     8.95040000e-06
0.217626     7.46832000e-06
0.217699     4.80641000e-06
0.217771     1.54853000e-06
0.217844     1.73214000e-07
0.217916     2.51110000e-07
0.217989     2.24882000e-06
0.218062     5.51330000e-06
0.218134     7.16886000e-06
0.218207     9.68061000e-06
0.218280     1.10985000e-05
0.218352     1.14043000e-05
0.218425     9.66189000e-06
0.218498     9.29242000e-06
0.218571     6.32685000e-06
0.218644     1.99886000e-06
0.218717     2.09348000e-12
0.218790     4.77338000e-09
0.218862     3.19461000e-06
0.218935     7.21596000e-06
0.219008     9.04720000e-06
0.219081     8.50801000e-06
0.219154     4.96204000e-06
0.219227     3.15857000e-07
0.219301     1.27030000e-06
0.219374     6.72239000e-06
0.219447     9.88277000e-06
0.219520     1.00107000e-05
0.219593     5.99239000e-06
0.219666     5.14828000e-08
0.219740     4.78770000e-06
0.219813     1.04123000e-05
0.219886     1.28780000e-05
0.219959     1.21997000e-05
0.220033     7.42386000e-06
0.220106     1.02869000e-08
0.220179     6.68574000e-08
0.220253     1.17553000e-05
0.220326     1.58974000e-05
0.220400     1.83609000e-05
0.220473     2.00113000e-05
0.220547     2.12074000e-05
0.220620     2.21138000e-05
0.220694     2.27574000e-05
0.220767     1.70611000e-05
0.220841     2.37303000e-05
0.220914     2.36590000e-05
0.220988     2.40717000e-05
0.221062     1.09105000e-05
0.221135     8.13098000e-07
0.221209     1.79570000e-05
0.221283     2.50127000e-05
0.221357     2.55284000e-05
0.221430     2.58440000e-05
0.221504     2.58826000e-05
0.221578     2.61839000e-05
0.221652     2.63075000e-05
0.221726     2.64080000e-05
0.221800     2.60734000e-05
0.221874     2.56153000e-05
0.221948     2.67449000e-05
0.222022     2.25656000e-05
0.222096     2.69834000e-05
0.222170     2.51772000e-05
0.222244     2.71598000e-05
0.222318     2.72387000e-05
0.222392     2.72555000e-05
0.222466     2.72799000e-05
0.222540     2.72720000e-05
0.222614     2.72053000e-05
0.222689     2.70026000e-05
0.222763     2.63462000e-05
0.222837     2.25948000e-05
0.222911     1.66507000e-05
0.222986     1.33247000e-05
0.223060     2.47953000e-05
0.223134     2.02753000e-05
0.223209     8.73325000e-06
0.223283     2.39183000e-05
0.223357     2.63313000e-05
0.223432     2.70720000e-05
0.223506     2.73851000e-05
0.223581     2.75394000e-05
0.223655     2.76140000e-05
0.223730     2.76107000e-05
0.223805     2.74855000e-05
0.223879     2.33857000e-05
0.223954     2.71511000e-05
0.224028     2.74655000e-05
0.224103     2.71644000e-05
0.224178     2.67685000e-05
0.224253     2.48842000e-05
0.224327     4.60967000e-10
0.224402     2.43856000e-05
0.224477     2.19914000e-05
0.224552     2.49481000e-05
0.224627     6.37592000e-06
0.224701     2.42227000e-05
0.224776     2.61184000e-05
0.224851     2.63222000e-05
0.224926     2.60974000e-05
0.225001     2.53480000e-05
0.225076     2.24055000e-05
0.225151     1.84052000e-07
0.225226     1.86024000e-05
0.225301     2.17773000e-05
0.225376     2.47187000e-05
0.225452     2.49152000e-05
0.225527     2.45972000e-05
0.225602     2.39605000e-05
0.225677     1.02094000e-05
0.225752     2.12754000e-05
0.225828     1.84918000e-05
0.225903     1.34068000e-05
0.225978     2.85897000e-06
0.226053     2.25988000e-06
0.226129     1.27571000e-05
0.226204     1.78892000e-05
0.226280     2.03856000e-05
0.226355     2.10456000e-05
0.226430     1.33021000e-05
0.226506     2.09117000e-05
0.226581     5.15511000e-06
0.226657     1.95217000e-05
0.226733     1.26544000e-05
0.226808     8.40350000e-06
0.226884     1.54099000e-05
0.226959     3.69944000e-06
0.227035     1.18005000e-05
0.227111     1.64673000e-05
0.227186     1.40756000e-05
0.227262     1.37241000e-06
0.227338     1.11265000e-05
0.227414     1.45887000e-05
0.227489     1.05395000e-05
0.227565     4.38239000e-06
0.227641     8.54533000e-07
0.227717     1.89590000e-06
0.227793     9.55983000e-06
0.227869     1.35750000e-05
0.227945     3.43656000e-06
0.228021     1.03325000e-05
0.228097     8.18146000e-06
0.228173     1.43814000e-05
0.228249     5.28108000e-06
0.228325     1.00436000e-05
0.228401     9.09655000e-12
0.228477     1.52647000e-08
0.228553     6.23145000e-06
0.228630     1.39875000e-05
0.228706     1.58517000e-05
0.228782     4.53857000e-06
0.228858     1.50680000e-05
0.228935     1.18171000e-05
0.229011     1.36252000e-05
0.229087     1.66289000e-05
0.229164     1.61838000e-05
0.229240     9.46821000e-06
0.229316     3.10959000e-06
0.229393     1.21347000e-05
0.229469     6.56833000e-06
0.229546     8.07407000e-06
0.229622     6.81431000e-06
0.229699     3.94179000e-06
0.229775     1.15662000e-06
0.229852     8.15925000e-09
0.229929     1.59992000e-07
0.230005     8.14859000e-07
0.230082     6.29790000e-07
0.230159     6.97456000e-06
0.230235     4.35272000e-07
0.230312     1.09304000e-05
0.230389     1.17757000e-05
0.230466     1.29485000e-05
0.230542     1.53466000e-05
0.230619     1.63186000e-05
0.230696     1.68684000e-05
0.230773     1.69002000e-05
0.230850     1.56799000e-05
0.230927     9.07209000e-06
0.231004     6.74518000e-06
0.231081     1.50266000e-05
0.231158     1.57883000e-05
0.231235     1.37054000e-05
0.231312     7.63365000e-06
0.231389     1.09357000e-07
0.231466     9.34579000e-06
0.231543     1.45475000e-05
0.231621     1.66736000e-05
0.231698     1.72847000e-05
0.231775     1.68590000e-05
0.231852     1.53941000e-05
0.231930     1.25123000e-05
0.232007     7.32669000e-06
0.232084     3.86179000e-07
0.232162     2.76846000e-06
0.232239     9.86358000e-06
0.232316     1.41558000e-05
0.232394     1.67166000e-05
0.232471     1.83850000e-05
0.232549     1.95629000e-05
0.232626     1.95600000e-05
0.232704     2.11138000e-05
0.232781     2.16104000e-05
0.232859     2.18745000e-05
0.232937     2.17542000e-05
0.233014     1.53870000e-05
0.233092     2.10000000e-05
0.233170     2.24926000e-05
0.233247     2.27968000e-05
0.233325     2.28151000e-05
0.233403     2.30330000e-05
0.233481     2.30416000e-05
0.233559     2.31383000e-05
0.233636     2.31650000e-05
0.233714     2.31814000e-05
0.233792     2.31875000e-05
0.233870     2.31872000e-05
0.233948     2.31640000e-05
0.234026     2.29590000e-05
0.234104     2.26066000e-05
0.234182     2.29980000e-05
0.234260     2.28231000e-05
0.234338     2.30540000e-05
0.234416     2.30246000e-05
0.234494     2.29596000e-05
0.234573     2.27754000e-05
0.234651     2.18941000e-05
0.234729     1.94926000e-05
0.234807     2.25640000e-05
0.234886     2.26679000e-05
0.234964     2.25604000e-05
0.235042     2.19459000e-05
0.235121     7.96244000e-06
0.235199     2.20412000e-05
0.235277     2.18860000e-05
0.235356     2.23167000e-05
0.235434     2.21395000e-05
0.235513     2.14353000e-05
0.235591     1.03344000e-05
0.235670     1.19316000e-05
0.235748     2.16723000e-05
0.235827     2.19393000e-05
0.235905     2.18821000e-05
0.235984     9.04765000e-06
0.236063     2.17849000e-05
0.236141     2.18443000e-05
0.236220     2.17597000e-05
0.236299     2.07669000e-05
0.236378     2.16662000e-05
0.236456     2.16147000e-05
0.236535     2.15452000e-05
0.236614     2.14700000e-05
0.236693     2.13896000e-05
0.236772     2.13042000e-05
0.236851     2.12091000e-05
0.236930     2.10923000e-05
0.237009     1.98857000e-05
0.237088     2.06936000e-05
0.237167     1.94047000e-05
0.237246     1.76058000e-05
0.237325     1.95891000e-05
0.237404     1.39462000e-05
0.237483     1.67620000e-05
0.237562     1.95780000e-05
0.237641     2.01418000e-05
0.237721     2.02043000e-05
0.237800     2.01741000e-05
0.237879     2.01074000e-05
0.237959     2.00160000e-05
0.238038     1.98900000e-05
0.238117     1.96586000e-05
0.238197     1.85825000e-05
0.238276     1.33583000e-05
0.238355     1.91749000e-05
0.238435     1.94005000e-05
0.238514     1.93794000e-05
0.238594     1.93073000e-05
0.238673     1.92144000e-05
0.238753     1.91050000e-05
0.238832     1.89683000e-05
0.238912     1.87508000e-05
0.238992     1.80349000e-05
0.239071     6.16101000e-08
0.239151     1.79034000e-05
0.239231     1.83668000e-05
0.239311     1.83752000e-05
0.239390     1.83088000e-05
0.239470     1.82072000e-05
0.239550     1.81133000e-05
0.239630     1.80070000e-05
0.239710     1.79029000e-05
0.239790     1.77931000e-05
0.239869     1.76835000e-05
0.239949     1.75714000e-05
0.240029     1.74580000e-05
0.240109     1.73427000e-05
0.240189     1.72266000e-05
0.240270     1.71091000e-05
0.240350     1.69901000e-05
0.240430     1.68701000e-05
0.240510     1.67486000e-05
0.240590     1.66258000e-05
0.240670     1.65016000e-05
0.240750     1.63759000e-05
0.240831     1.62491000e-05
0.240911     1.61204000e-05
0.240991     1.59909000e-05
0.241072     1.58598000e-05
0.241152     1.57274000e-05
0.241232     1.55879000e-05
0.241313     1.54573000e-05
0.241393     1.53203000e-05
0.241474     1.45745000e-05
0.241554     1.50417000e-05
0.241635     1.48999000e-05
0.241715     1.47566000e-05
0.241796     1.46115000e-05
0.241876     1.44640000e-05
0.241957     1.43148000e-05
0.242038     1.41649000e-05
0.242118     1.40100000e-05
0.242199     1.38584000e-05
0.242280     1.37020000e-05
0.242361     1.35435000e-05
0.242441     1.33829000e-05
0.242522     1.32200000e-05
0.242603     1.30548000e-05
0.242684     1.28872000e-05
0.242765     1.27170000e-05
0.242846     1.25442000e-05
0.242927     1.23685000e-05
0.243008     1.21898000e-05
0.243089     1.20081000e-05
0.243170     1.18299000e-05
0.243251     1.16409000e-05
0.243332     1.14480000e-05
0.243413     1.12508000e-05
0.243494     1.10492000e-05
0.243575     1.08421000e-05
0.243656     1.06293000e-05
0.243738     1.04096000e-05
0.243819     1.01820000e-05
0.243900     9.93308000e-06
0.243981     9.69643000e-06
0.244063     9.43308000e-06
0.244144     9.14960000e-06
0.244226     8.83858000e-06
0.244307     8.48711000e-06
0.244388     8.07178000e-06
0.244470     7.54629000e-06
0.244551     6.82346000e-06
0.244633     5.68084000e-06
0.244714     3.62800000e-06
0.244796     5.84271000e-07
0.244878     2.45936000e-07
0.244959     2.87036000e-06
0.245041     4.68654000e-06
0.245122     5.32885000e-06
0.245204     5.45491000e-06
0.245286     5.34633000e-06
0.245368     5.11269000e-06
0.245449     4.79960000e-06
0.245531     4.42644000e-06
0.245613     3.99968000e-06
0.245695     3.52044000e-06
0.245777     2.98701000e-06
0.245859     2.40192000e-06
0.245941     1.77726000e-06
0.246023     1.15360000e-06
0.246105     6.15871000e-07
0.246187     2.51432000e-07
0.246269     4.71708000e-08
0.246351     3.55178000e-09
0.246433     1.09880000e-07
0.246515     3.40395000e-07
0.246597     6.73344000e-07
0.246680     9.98398000e-07
0.246762     1.20541000e-06
0.246844     1.26025000e-06
0.246926     1.17696000e-06
0.247009     9.81289000e-07
0.247091     7.12079000e-07
0.247173     4.16271000e-07
0.247256     1.64155000e-07
0.247338     1.52052000e-08
0.247421     5.42619000e-08
0.247503     2.20978000e-07
0.247586     3.58474000e-07
0.247668     3.91286000e-07
0.247751     3.46599000e-07
0.247833     2.67117000e-07
0.247916     1.73559000e-07
0.247999     6.20131000e-08
0.248081     2.47360000e-08
0.248164     6.31615000e-08
0.248247     3.52952000e-08
0.248329     1.04484000e-08
0.248412     3.61088000e-10
0.248495     2.11899000e-10
0.248578     3.79350000e-08
0.248661     6.07738000e-08
0.248744     5.38972000e-08
0.248826     1.88371000e-08
0.248909     3.13733000e-09
0.248992     3.19827000e-08
0.249075     2.02503000e-08
0.249158     5.42028000e-09
0.249241     3.87487000e-08
0.249324     1.26007000e-07
0.249408     2.27368000e-07
0.249491     3.41162000e-07
0.249574     4.64053000e-07
0.249657     5.85867000e-07
0.249740     6.86747000e-07
0.249824     7.33701000e-07
0.249907     6.78516000e-07
0.249990     4.84598000e-07
0.250073     2.16084000e-07
0.250157     2.45709000e-08
0.250240     5.55478000e-08
0.250324     2.94420000e-07
0.250407     6.66110000e-07
0.250491     1.05050000e-06
0.250574     1.34610000e-06
0.250658     1.51871000e-06
0.250741     1.55259000e-06
0.250825     1.42510000e-06
0.250908     1.10775000e-06
0.250992     6.22797000e-07
0.251076     1.82039000e-07
0.251159     3.92396000e-14
0.251243     1.81583000e-07
0.251327     5.89011000e-07
0.251411     9.60195000e-07
0.251494     1.10573000e-06
0.251578     1.04266000e-06
0.251662     8.25206000e-07
0.251746     4.96959000e-07
0.251830     1.35066000e-07
0.251914     4.33274000e-08
0.251998     2.34376000e-07
0.252082     2.01387000e-07
0.252166     1.12265000e-07
0.252250     4.26133000e-08
0.252334     4.18592000e-09
0.252418     1.40549000e-08
0.252502     2.31975000e-09
0.252586     1.10984000e-07
0.252671     1.37680000e-07
0.252755     5.39639000e-08
0.252839     8.19441000e-09
0.252923     8.70969000e-08
0.253008     2.32652000e-08
0.253092     1.76902000e-07
0.253176     5.81525000e-07
0.253261     9.60114000e-07
0.253345     1.28637000e-06
0.253430     1.45507000e-06
0.253514     1.18140000e-06
0.253599     1.99053000e-07
0.253683     2.80796000e-07
0.253768     1.48193000e-06
0.253852     2.07270000e-06
0.253937     2.02242000e-06
0.254021     1.34628000e-06
0.254106     3.13455000e-07
0.254191     2.75039000e-08
0.254276     6.89046000e-07
0.254360     1.54991000e-06
0.254445     1.59463000e-06
0.254530     8.96574000e-07
0.254615     1.65397000e-07
0.254700     3.65773000e-08
0.254785     4.86391000e-07
0.254869     7.46940000e-07
0.254954     2.57049000e-07
0.255039     2.90597000e-10
0.255124     2.90302000e-07
0.255209     1.23189000e-06
0.255295     2.45858000e-06
0.255380     3.53186000e-06
0.255465     4.40379000e-06
0.255550     5.11302000e-06
0.255635     5.70109000e-06
0.255720     6.19883000e-06
0.255806     6.62778000e-06
0.255891     7.00354000e-06
0.255976     7.33788000e-06
0.256061     7.63826000e-06
0.256147     7.91136000e-06
0.256232     8.16135000e-06
0.256318     8.39131000e-06
0.256403     8.60669000e-06
0.256489     8.80784000e-06
0.256574     8.99602000e-06
0.256660     9.17333000e-06
0.256745     9.34084000e-06
0.256831     9.49971000e-06
0.256916     9.65054000e-06
0.257002     9.79391000e-06
0.257088     9.93139000e-06
0.257173     1.00629000e-05
0.257259     1.01885000e-05
0.257345     1.03089000e-05
0.257431     1.04244000e-05
0.257516     1.05351000e-05
0.257602     1.06415000e-05
0.257688     1.07420000e-05
0.257774     1.08315000e-05
0.257860     1.09374000e-05
0.257946     1.10289000e-05
0.258032     1.11167000e-05
0.258118     1.12002000e-05
0.258204     1.12843000e-05
0.258290     1.13630000e-05
0.258376     1.14380000e-05
0.258462     1.15031000e-05
0.258548     1.14471000e-05
0.258634     1.16462000e-05
0.258721     1.17143000e-05
0.258807     1.17779000e-05
0.258893     1.18386000e-05
0.258979     1.18963000e-05
0.259066     1.19524000e-05
0.259152     1.19999000e-05
0.259239     1.20574000e-05
0.259325     1.21065000e-05
0.259411     1.21497000e-05
0.259498     1.21580000e-05
0.259584     1.22417000e-05
0.259671     1.22835000e-05
0.259757     1.23240000e-05
0.259844     1.23611000e-05
0.259931     1.23956000e-05
0.260017     1.23972000e-05
0.260104     5.79481000e-06
0.260191     1.24888000e-05
0.260277     1.25152000e-05
0.260364     1.25361000e-05
0.260451     1.25609000e-05
0.260538     1.25775000e-05
0.260625     1.25900000e-05
0.260712     1.25897000e-05
0.260798     1.25809000e-05
0.260885     1.25715000e-05
0.260972     1.24937000e-05
0.261059     1.21301000e-05
0.261146     1.95411000e-06
0.261233     1.15214000e-05
0.261320     8.06638000e-06
0.261408     9.96239000e-06
0.261495     1.21471000e-05
0.261582     1.24278000e-05
0.261669     1.24423000e-05
0.261756     1.22576000e-05
0.261844     1.13795000e-05
0.261931     3.00640000e-06
0.262018     1.00620000e-05
0.262105     1.20318000e-05
0.262193     1.23439000e-05
0.262280     1.22373000e-05
0.262368     1.03229000e-05
0.262455     9.71089000e-06
0.262543     1.22590000e-05
0.262630     1.25207000e-05
0.262718     1.25778000e-05
0.262805     1.25684000e-05
0.262893     1.24853000e-05
0.262980     1.18393000e-05
0.263068     1.07008000e-05
0.263156     1.20979000e-05
0.263244     1.12607000e-05
0.263331     5.33235000e-07
0.263419     1.08783000e-05
0.263507     1.21170000e-05
0.263595     1.23578000e-05
0.263683     1.24198000e-05
0.263770     1.24497000e-05
0.263858     1.24485000e-05
0.263946     1.24350000e-05
0.264034     1.24135000e-05
0.264122     1.23851000e-05
0.264210     1.23468000e-05
0.264298     1.23004000e-05
0.264387     1.22336000e-05
0.264475     1.18625000e-05
0.264563     1.15035000e-05
0.264651     1.00953000e-05
0.264739     1.06936000e-05
0.264827     4.65373000e-07
0.264916     1.03042000e-05
0.265004     1.16105000e-05
0.265092     1.18564000e-05
0.265181     1.19199000e-05
0.265269     1.19274000e-05
0.265358     1.19143000e-05
0.265446     1.18882000e-05
0.265534     1.18564000e-05
0.265623     1.18204000e-05
0.265712     1.17813000e-05
0.265800     1.17399000e-05
0.265889     1.16965000e-05
0.265977     1.16515000e-05
0.266066     1.16047000e-05
0.266155     1.15563000e-05
0.266243     1.15059000e-05
0.266332     1.14544000e-05
0.266421     1.14007000e-05
0.266510     1.13429000e-05
0.266599     1.12773000e-05
0.266687     1.11874000e-05
0.266776     8.66617000e-06
0.266865     1.95015000e-06
0.266954     1.08029000e-05
0.267043     1.09566000e-05
0.267132     1.09346000e-05
0.267221     1.08863000e-05
0.267310     1.08300000e-05
0.267399     1.03893000e-05
0.267489     1.07068000e-05
0.267578     1.06419000e-05
0.267667     1.05752000e-05
0.267756     1.05067000e-05
0.267845     1.04360000e-05
0.267935     1.03573000e-05
0.268024     1.02735000e-05
0.268113     3.12438000e-11
0.268203     1.01332000e-05
0.268292     1.00609000e-05
0.268382     9.98085000e-06
0.268471     9.89725000e-06
0.268560     9.80843000e-06
0.268650     9.71738000e-06
0.268740     9.61631000e-06
0.268829     9.49655000e-06
0.268919     9.31610000e-06
0.269008     8.62584000e-06
0.269098     2.26681000e-06
0.269188     8.79076000e-06
0.269277     8.95994000e-06
0.269367     8.90311000e-06
0.269457     8.71537000e-06
0.269547     8.59259000e-06
0.269637     8.58980000e-06
0.269727     8.47449000e-06
0.269816     8.34538000e-06
0.269906     8.20717000e-06
0.269996     8.01219000e-06
0.270086     7.90505000e-06
0.270176     7.73960000e-06
0.270266     7.56302000e-06
0.270357     7.37384000e-06
0.270447     7.17037000e-06
0.270537     6.95072000e-06
0.270627     6.71241000e-06
0.270717     6.44542000e-06
0.270807     6.16773000e-06
0.270898     5.85511000e-06
0.270988     5.50851000e-06
0.271078     5.12280000e-06
0.271169     4.69194000e-06
0.271259     4.20728000e-06
0.271350     3.66517000e-06
0.271440     3.05493000e-06
0.271530     2.37605000e-06
0.271621     1.61252000e-06
0.271712     9.28401000e-07
0.271802     3.72596000e-07
0.271893     9.13666000e-08
0.271983     5.63223000e-15
0.272074     7.84014000e-08
0.272165     3.33977000e-09
0.272255     2.41196000e-07
0.272346     6.10948000e-07
0.272437     9.29609000e-10
0.272528     1.16200000e-06
0.272619     2.16022000e-06
0.272709     3.02280000e-06
0.272800     3.55568000e-06
0.272891     3.95160000e-06
0.272982     2.68909000e-06
0.273073     4.48574000e-06
0.273164     4.64640000e-06
0.273255     4.73568000e-06
0.273346     4.74364000e-06
0.273438     1.80423000e-06
0.273529     4.38651000e-06
0.273620     3.73234000e-06
0.273711     2.24470000e-06
0.273802     2.75606000e-08
0.273894     1.66261000e-06
0.273985     3.17589000e-06
0.274076     3.26535000e-06
0.274168     2.40707000e-06
0.274259     5.53407000e-07
0.274350     1.11674000e-07
0.274442     9.27140000e-07
0.274533     8.55007000e-07
0.274625     3.10980000e-06
0.274716     3.50876000e-06
0.274808     3.33729000e-06
0.274900     2.62021000e-06
0.274991     1.14525000e-06
0.275083     1.87992000e-08
0.275175     6.63546000e-07
0.275266     2.29399000e-06
0.275358     3.22642000e-06
0.275450     1.52419000e-06
0.275542     3.61783000e-06
0.275633     2.62609000e-06
0.275725     9.18898000e-08
0.275817     3.13215000e-06
0.275909     3.90256000e-06
0.276001     4.10850000e-06
0.276093     4.16831000e-06
0.276185     4.17288000e-06
0.276277     4.13044000e-06
0.276369     4.11281000e-06
0.276461     4.06537000e-06
0.276554     4.01067000e-06
0.276646     3.95012000e-06
0.276738     3.88391000e-06
0.276830     3.68931000e-06
0.276923     3.72852000e-06
0.277015     3.62399000e-06
0.277107     3.45285000e-06
0.277200     2.93680000e-06
0.277292     3.14134000e-10
0.277384     2.82272000e-06
0.277477     3.20377000e-06
0.277569     3.23292000e-06
0.277662     3.19856000e-06
0.277754     3.14502000e-06
0.277847     3.08374000e-06
0.277940     3.01827000e-06
0.278032     2.95276000e-06
0.278125     2.88554000e-06
0.278218     2.81774000e-06
0.278310     2.74974000e-06
0.278403     2.68178000e-06
0.278496     2.61393000e-06
0.278589     2.54629000e-06
0.278682     2.47897000e-06
0.278775     2.41196000e-06
0.278867     2.34326000e-06
0.278960     2.27926000e-06
0.279053     2.21405000e-06
0.279146     2.14911000e-06
0.279239     2.08465000e-06
0.279333     2.02059000e-06
0.279426     1.95647000e-06
0.279519     1.88457000e-06
0.279612     1.78216000e-06
0.279705     1.77116000e-06
0.279798     1.71325000e-06
0.279892     1.65463000e-06
0.279985     1.59655000e-06
0.280078     1.53931000e-06
0.280172     1.48291000e-06
0.280265     1.42740000e-06
0.280358     1.37183000e-06
0.280452     1.31883000e-06
0.280545     1.26655000e-06
0.280639     1.21493000e-06
0.280732     1.16142000e-06
0.280826     1.06054000e-06
0.280920     1.06641000e-06
0.281013     1.02053000e-06
0.281107     9.74760000e-07
0.281201     9.29956000e-07
0.281294     8.86265000e-07
0.281388     8.43673000e-07
0.281482     8.02304000e-07
0.281576     7.62025000e-07
0.281670     7.22880000e-07
0.281764     6.84900000e-07
0.281857     6.48078000e-07
0.281951     6.12340000e-07
0.282045     5.77706000e-07
0.282139     5.41175000e-07
0.282233     5.11715000e-07
0.282328     4.80736000e-07
0.282422     4.50482000e-07
0.282516     4.20836000e-07
0.282610     3.84412000e-07
0.282704     3.61597000e-07
0.282798     3.40489000e-07
0.282893     3.15427000e-07
0.282987     2.92380000e-07
0.283081     2.69592000e-07
0.283176     2.47772000e-07
0.283270     2.26897000e-07
0.283364     2.06970000e-07
0.283459     1.87901000e-07
0.283553     1.69059000e-07
0.283648     1.39568000e-07
0.283742     1.36727000e-07
0.283837     1.21763000e-07
0.283932     1.07504000e-07
0.284026     9.40748000e-08
0.284121     6.05254000e-08
0.284216     6.99823000e-08
0.284310     5.92735000e-08
0.284405     4.93834000e-08
0.284500     4.03083000e-08
0.284595     3.21724000e-08
0.284690     2.48288000e-08
0.284785     1.83298000e-08
0.284880     1.26777000e-08
0.284974     7.89425000e-09
0.285069     4.03688000e-09
0.285164     1.27446000e-09
0.285260     6.23184000e-11
0.285355     1.83804000e-10
0.285450     1.76873000e-09
0.285545     4.77422000e-09
0.285640     8.78120000e-09
0.285735     1.36500000e-08
0.285831     1.93384000e-08
0.285926     2.58030000e-08
0.286021     3.30511000e-08
0.286116     4.10711000e-08
0.286212     4.98448000e-08
0.286307     5.93869000e-08
0.286403     6.96264000e-08
0.286498     8.01512000e-08
0.286594     9.25480000e-08
0.286689     1.05156000e-07
0.286785     1.18474000e-07
0.286880     1.32405000e-07
0.286976     1.43744000e-07
0.287072     1.60947000e-07
0.287167     1.79138000e-07
0.287263     1.96290000e-07
0.287359     2.13304000e-07
0.287455     2.18416000e-07
0.287550     2.36694000e-07
0.287646     2.71101000e-07
0.287742     2.93500000e-07
0.287838     3.15752000e-07
0.287934     3.38573000e-07
0.288030     3.62086000e-07
0.288126     3.86362000e-07
0.288222     4.11405000e-07
0.288318     4.37262000e-07
0.288414     4.63877000e-07
0.288510     4.91326000e-07
0.288607     5.19563000e-07
0.288703     5.48589000e-07
0.288799     5.78429000e-07
0.288895     6.09255000e-07
0.288992     6.40743000e-07
0.289088     6.73006000e-07
0.289184     7.06040000e-07
0.289281     7.39898000e-07
0.289377     7.74508000e-07
0.289473     8.09794000e-07
0.289570     8.46029000e-07
0.289666     8.82891000e-07
0.289763     9.20421000e-07
0.289860     9.58640000e-07
0.289956     9.97520000e-07
0.290053     1.03699000e-06
0.290150     1.07704000e-06
0.290246     1.11757000e-06
0.290343     1.15854000e-06
0.290440     1.19983000e-06
0.290537     1.24124000e-06
0.290633     1.28247000e-06
0.290730     1.32295000e-06
0.290827     1.36146000e-06
0.290924     1.39517000e-06
0.291021     1.41568000e-06
0.291118     1.38954000e-06
0.291215     1.08910000e-06
0.291312     4.53509000e-08
0.291409     1.29144000e-06
0.291507     1.57476000e-06
0.291604     1.68224000e-06
0.291701     1.75106000e-06
0.291798     1.81092000e-06
0.291895     1.86388000e-06
0.291993     1.91378000e-06
0.292090     1.96162000e-06
0.292187     2.00762000e-06
0.292285     2.05154000e-06
0.292382     2.09275000e-06
0.292480     2.12944000e-06
0.292577     2.15839000e-06
0.292675     2.17036000e-06
0.292772     2.13656000e-06
0.292870     1.89753000e-06
0.292967     1.82310000e-07
0.293065     1.58368000e-06
0.293163     2.13151000e-06
0.293261     2.21205000e-06
0.293358     2.16415000e-06
0.293456     1.98926000e-06
0.293554     1.58780000e-06
0.293652     7.74972000e-07
0.293750     3.75030000e-08
0.293848     2.56973000e-07
0.293946     1.22641000e-06
0.294044     1.85788000e-06
0.294142     1.92773000e-06
0.294240     4.92224000e-07
0.294338     2.36792000e-06
0.294436     2.54581000e-06
0.294534     2.51182000e-06
0.294632     2.26954000e-06
0.294730     1.58269000e-06
0.294829     2.11248000e-07
0.294927     2.97169000e-07
0.295025     1.68413000e-06
0.295123     2.34817000e-06
0.295222     2.53182000e-06
0.295320     2.28184000e-06
0.295419     9.23244000e-07
0.295517     3.41392000e-07
0.295616     2.08906000e-06
0.295714     2.23982000e-06
0.295813     6.25616000e-08
0.295911     2.16160000e-06
0.296010     2.78158000e-06
0.296109     2.84222000e-06
0.296207     2.72763000e-06
0.296306     2.47859000e-06
0.296405     2.06713000e-06
0.296504     1.42482000e-06
0.296603     9.60267000e-08
0.296701     1.19606000e-07
0.296800     1.48984000e-08
0.296899     3.40652000e-07
0.296998     9.49178000e-07
0.297097     5.92882000e-12
0.297196     1.37094000e-06
0.297295     8.21242000e-07
0.297394     8.54637000e-09
0.297494     5.26112000e-07
0.297593     1.69297000e-06
0.297692     2.30887000e-06
0.297791     2.54668000e-06
0.297890     2.54023000e-06
0.297990     2.32990000e-06
0.298089     1.90874000e-06
0.298188     1.24602000e-06
0.298288     4.95116000e-07
0.298387     5.87792000e-08
0.298487     3.46586000e-08
0.298586     4.00269000e-07
0.298686     1.15621000e-06
0.298785     1.82978000e-06
0.298885     2.27422000e-06
0.298984     2.49101000e-06
0.299084     2.48365000e-06
0.299184     2.22617000e-06
0.299284     1.65717000e-06
0.299383     7.53055000e-07
0.299483     6.78767000e-08
0.299583     8.54043000e-08
0.299683     7.98493000e-07
0.299783     1.61276000e-06
0.299883     1.93592000e-06
0.299983     1.64164000e-06
0.300083     6.25123000e-07
0.300183     8.05644000e-14
0.300283     6.43350000e-07
0.300383     1.79298000e-06
0.300483     2.41334000e-06
0.300583     2.60569000e-06
0.300683     2.40095000e-06
0.300783     1.52302000e-06
0.300884     4.38622000e-08
0.300984     9.32024000e-07
0.301084     2.05083000e-06
0.301185     2.30788000e-06
0.301285     2.23271000e-06
0.301386     2.00642000e-06
0.301486     1.69195000e-06
0.301586     1.31832000e-06
0.301687     9.10011000e-07
0.301788     4.71809000e-07
0.301888     2.05846000e-07
0.301989     9.44374000e-08
0.302089     1.67951000e-08
0.302190     9.98189000e-10
0.302291     5.55759000e-08
0.302392     1.83078000e-07
0.302492     2.06693000e-09
0.302593     4.60588000e-07
0.302694     7.10997000e-08
0.302795     1.09259000e-06
0.302896     1.71968000e-06
0.302997     2.15776000e-06
0.303098     2.50510000e-06
0.303199     2.77838000e-06
0.303300     2.96772000e-06
0.303401     3.03994000e-06
0.303502     2.91749000e-06
0.303603     2.43501000e-06
0.303705     1.29241000e-06
0.303806     3.81646000e-08
0.303907     6.01525000e-07
0.304008     2.14442000e-06
0.304110     3.04362000e-06
0.304211     3.49477000e-06
0.304313     3.63784000e-06
0.304414     3.52064000e-06
0.304515     3.10166000e-06
0.304617     2.29104000e-06
0.304719     1.00776000e-06
0.304820     4.16155000e-08
0.304922     2.77865000e-07
0.305023     1.62446000e-06
0.305125     2.76120000e-06
0.305227     3.48035000e-06
0.305328     3.86987000e-06
0.305430     3.97976000e-06
0.305532     3.81537000e-06
0.305634     3.34198000e-06
0.305736     2.49771000e-06
0.305838     1.09727000e-06
0.305940     1.30850000e-07
0.306042     7.49945000e-08
0.306144     1.07008000e-06
0.306246     2.43314000e-06
0.306348     3.50356000e-06
0.306450     4.31580000e-06
0.306552     4.93883000e-06
0.306654     5.42523000e-06
0.306756     5.78950000e-06
0.306859     6.08241000e-06
0.306961     6.40025000e-06
0.307063     6.63115000e-06
0.307166     6.82876000e-06
0.307268     7.00183000e-06
0.307370     7.15553000e-06
0.307473     7.29276000e-06
0.307575     7.40877000e-06
0.307678     7.21482000e-06
0.307780     7.63760000e-06
0.307883     7.74305000e-06
0.307986     7.83823000e-06
0.308088     7.92735000e-06
0.308191     8.01147000e-06
0.308294     8.09054000e-06
0.308397     8.15593000e-06
0.308499     8.19442000e-06
0.308602     8.31037000e-06
0.308705     8.38092000e-06
0.308808     8.44752000e-06
0.308911     8.51167000e-06
0.309014     8.57368000e-06
0.309117     8.63292000e-06
0.309220     8.64932000e-06
0.309323     8.74516000e-06
0.309426     8.80620000e-06
0.309529     8.86162000e-06
0.309632     8.91522000e-06
0.309736     8.96705000e-06
0.309839     9.01618000e-06
0.309942     9.05728000e-06
0.310045     8.96737000e-06
0.310149     7.69206000e-06
0.310252     9.19067000e-06
0.310356     9.26012000e-06
0.310459     9.31175000e-06
0.310563     9.35992000e-06
0.310666     9.40659000e-06
0.310770     9.45230000e-06
0.310873     9.49729000e-06
0.310977     9.54164000e-06
0.311080     9.58546000e-06
0.311184     9.62872000e-06
0.311288     9.67149000e-06
0.311392     9.71375000e-06
0.311495     9.40636000e-06
0.311599     9.79667000e-06
0.311703     9.83374000e-06
0.311807     9.87483000e-06
0.311911     9.91858000e-06
0.312015     9.95879000e-06
0.312119     9.99840000e-06
0.312223     1.00376000e-05
0.312327     1.00764000e-05
0.312431     1.01147000e-05
0.312535     1.01521000e-05
0.312640     1.01208000e-05
0.312744     1.02264000e-05
0.312848     1.02656000e-05
0.312952     1.03031000e-05
0.313057     1.03399000e-05
0.313161     1.03765000e-05
0.313265     1.04127000e-05
0.313370     1.04480000e-05
0.313474     1.04607000e-05
0.313579     1.05172000e-05
0.313683     1.05551000e-05
0.313788     1.05898000e-05
0.313892     1.06250000e-05
0.313997     1.06595000e-05
0.314102     1.06939000e-05
0.314206     1.07278000e-05
0.314311     1.07599000e-05
0.314416     5.24806000e-10
0.314521     1.08274000e-05
0.314626     1.08626000e-05
0.314730     1.08961000e-05
0.314835     1.09440000e-05
0.314940     1.09770000e-05
0.315045     1.10134000e-05
0.315150     1.10456000e-05
0.315255     1.10604000e-05
0.315360     1.11095000e-05
0.315466     1.11436000e-05
0.315571     1.11756000e-05
0.315676     1.12073000e-05
0.315781     1.12388000e-05
0.315886     1.12702000e-05
0.315992     1.13015000e-05
0.316097     1.13325000e-05
0.316202     1.13634000e-05
0.316308     1.13942000e-05
0.316413     1.14248000e-05
0.316519     1.14552000e-05
0.316624     1.14855000e-05
0.316730     1.15156000e-05
0.316835     1.15456000e-05
0.316941     1.15754000e-05
0.317047     1.16051000e-05
0.317152     1.16346000e-05
0.317258     1.16576000e-05
0.317364     1.16942000e-05
0.317469     1.17232000e-05
0.317575     1.17521000e-05
0.317681     1.17807000e-05
0.317787     1.18091000e-05
0.317893     1.17754000e-05
0.317999     1.18654000e-05
0.318105     1.18782000e-05
0.318211     1.18869000e-05
0.318317     1.19452000e-05
0.318423     1.19665000e-05
0.318529     1.18937000e-05
0.318635     1.19259000e-05
0.318742     1.20451000e-05
0.318848     1.20755000e-05
0.318954     1.20945000e-05
0.319061     1.20952000e-05
0.319167     1.19495000e-05
0.319273     7.87098000e-06
0.319380     1.13022000e-05
0.319486     1.19991000e-05
0.319593     1.22139000e-05
0.319699     1.21970000e-05
0.319806     9.73655000e-06
0.319912     1.22984000e-05
0.320019     1.22495000e-05
0.320126     1.23439000e-05
0.320232     1.24059000e-05
0.320339     1.24607000e-05
0.320446     1.24907000e-05
0.320553     1.25182000e-05
0.320660     1.25448000e-05
0.320766     1.25709000e-05
0.320873     1.25967000e-05
0.320980     1.26220000e-05
0.321087     1.26470000e-05
0.321194     1.26711000e-05
0.321301     1.26931000e-05
0.321409     1.27036000e-05
0.321516     1.17601000e-05
0.321623     1.27346000e-05
0.321730     1.27885000e-05
0.321837     1.27961000e-05
0.321945     1.28440000e-05
0.322052     1.27248000e-05
0.322159     1.28937000e-05
0.322267     1.29187000e-05
0.322374     1.29425000e-05
0.322481     1.29477000e-05
0.322589     1.29870000e-05
0.322696     1.29927000e-05
0.322804     1.29748000e-05
0.322912     1.30341000e-05
0.323019     1.22211000e-05
0.323127     1.30851000e-05
0.323235     1.31132000e-05
0.323342     1.31186000e-05
0.323450     1.30393000e-05
0.323558     2.23077000e-06
0.323666     1.27942000e-05
0.323774     1.29797000e-05
0.323882     1.32271000e-05
0.323990     1.32745000e-05
0.324098     1.33049000e-05
0.324206     1.33304000e-05
0.324314     1.33535000e-05
0.324422     1.33736000e-05
0.324530     1.33841000e-05
0.324638     1.32596000e-05
0.324746     1.32573000e-05
0.324855     1.34501000e-05
0.324963     1.34855000e-05
0.325071     1.35110000e-05
0.325180     1.35342000e-05
0.325288     1.35566000e-05
0.325396     1.35785000e-05
0.325505     1.36000000e-05
0.325613     1.36213000e-05
0.325722     1.36425000e-05
0.325830     1.36625000e-05
0.325939     1.36840000e-05
0.326048     1.37042000e-05
0.326156     1.37237000e-05
0.326265     1.37415000e-05
0.326374     1.37542000e-05
0.326483     1.37348000e-05
0.326592     7.82547000e-06
0.326700     1.37579000e-05
0.326809     1.38327000e-05
0.326918     1.37409000e-05
0.327027     1.38852000e-05
0.327136     1.39063000e-05
0.327245     1.39266000e-05
0.327354     1.39170000e-05
0.327463     1.39658000e-05
0.327573     1.39850000e-05
0.327682     1.40038000e-05
0.327791     1.40224000e-05
0.327900     1.40407000e-05
0.328010     1.40568000e-05
0.328119     1.40761000e-05
0.328228     1.40932000e-05
0.328338     1.41098000e-05
0.328447     1.41239000e-05
0.328557     1.41410000e-05
0.328666     1.41555000e-05
0.328776     1.41671000e-05
0.328885     1.41804000e-05
0.328995     1.41902000e-05
0.329105     1.41974000e-05
0.329214     1.42010000e-05
0.329324     1.41992000e-05
0.329434     1.41896000e-05
0.329544     1.41676000e-05
0.329653     1.41251000e-05
0.329763     1.40458000e-05
0.329873     1.38942000e-05
0.329983     1.35776000e-05
0.330093     1.28021000e-05
0.330203     1.02920000e-05
0.330313     9.02231000e-07
0.330423     3.26393000e-06
0.330534     1.13638000e-05
0.330644     1.31720000e-05
0.330754     1.38029000e-05
0.330864     1.40968000e-05
0.330975     1.42610000e-05
0.331085     1.43655000e-05
0.331195     1.44386000e-05
0.331306     1.44938000e-05
0.331416     1.45378000e-05
0.331526     1.45747000e-05
0.331637     1.46068000e-05
0.331748     1.46354000e-05
0.331858     1.46614000e-05
0.331969     1.46857000e-05
0.332079     1.47085000e-05
0.332190     1.47302000e-05
0.332301     1.47509000e-05
0.332412     1.47710000e-05
0.332522     1.47905000e-05
0.332633     1.48095000e-05
0.332744     1.48280000e-05
0.332855     1.48461000e-05
0.332966     1.48638000e-05
0.333077     1.48814000e-05
0.333188     1.48986000e-05
0.333299     1.49157000e-05
0.333410     1.49325000e-05
0.333521     1.49491000e-05
0.333632     1.49656000e-05
0.333744     1.49819000e-05
0.333855     1.49980000e-05
0.333966     1.50132000e-05
0.334078     1.50294000e-05
0.334189     1.50452000e-05
0.334300     1.50607000e-05
0.334412     1.50760000e-05
0.334523     1.50912000e-05
0.334635     1.51063000e-05
0.334746     1.51207000e-05
0.334858     1.51359000e-05
0.334969     1.51505000e-05
0.335081     1.51649000e-05
0.335193     1.51794000e-05
0.335305     1.51936000e-05
0.335416     1.52075000e-05
0.335528     1.52213000e-05
0.335640     1.52313000e-05
0.335752     1.52474000e-05
0.335864     1.52623000e-05
0.335976     1.52750000e-05
0.336088     1.52871000e-05
0.336200     1.53016000e-05
0.336312     1.53144000e-05
0.336424     1.53268000e-05
0.336536     1.53393000e-05
0.336648     1.53514000e-05
0.336760     1.53635000e-05
0.336873     1.53751000e-05
0.336985     1.53868000e-05
0.337097     1.53981000e-05
0.337210     1.54091000e-05
0.337322     1.54199000e-05
0.337435     1.54301000e-05
0.337547     1.54378000e-05
0.337660     1.54504000e-05
0.337772     1.54604000e-05
0.337885     1.54697000e-05
0.337997     1.54689000e-05
0.338110     1.54872000e-05
0.338223     1.54956000e-05
0.338335     1.55034000e-05
0.338448     1.55108000e-05
0.338561     1.55173000e-05
0.338674     1.55240000e-05
0.338787     1.55299000e-05
0.338900     1.55352000e-05
0.339013     1.55398000e-05
0.339126     1.55438000e-05
0.339239     1.55469000e-05
0.339352     1.55491000e-05
0.339465     1.55507000e-05
0.339578     1.55509000e-05
0.339691     1.55479000e-05
0.339804     1.52856000e-05
0.339918     1.55431000e-05
0.340031     1.27446000e-05
0.340144     1.55289000e-05
0.340258     1.45871000e-05
0.340371     1.55139000e-05
0.340485     1.55042000e-05
0.340598     1.54937000e-05
0.340712     1.54786000e-05
0.340825     1.54595000e-05
0.340939     1.54370000e-05
0.341052     1.54116000e-05
0.341166     1.53671000e-05
0.341280     1.53451000e-05
0.341394     1.53044000e-05
0.341507     1.52566000e-05
0.341621     1.52015000e-05
0.341735     1.51372000e-05
0.341849     1.50599000e-05
0.341963     1.49758000e-05
0.342077     1.48744000e-05
0.342191     1.47554000e-05
0.342305     1.46156000e-05
0.342419     1.44500000e-05
0.342533     1.42532000e-05
0.342648     1.40170000e-05
0.342762     1.35566000e-05
0.342876     1.33944000e-05
0.342990     1.29811000e-05
0.343105     1.24733000e-05
0.343219     1.18488000e-05
0.343333     1.10782000e-05
0.343448     1.01264000e-05
0.343562     8.95948000e-06
0.343677     7.54872000e-06
0.343791     5.89030000e-06
0.343906     4.00181000e-06
0.344021     1.88015000e-06
0.344135     4.61222000e-08
0.344250     5.75861000e-07
0.344365     1.57252000e-06
0.344480     6.58057000e-08
0.344594     4.87094000e-06
0.344709     7.19839000e-06
0.344824     8.67298000e-06
0.344939     1.00347000e-05
0.345054     1.09940000e-05
0.345169     1.17518000e-05
0.345284     1.23400000e-05
0.345399     1.28216000e-05
0.345514     1.31950000e-05
0.345630     1.34743000e-05
0.345745     1.36703000e-05
0.345860     1.37823000e-05
0.345975     1.38006000e-05
0.346091     1.36835000e-05
0.346206     1.33634000e-05
0.346321     1.26517000e-05
0.346437     1.10850000e-05
0.346552     7.52897000e-06
0.346668     5.52075000e-07
0.346783     5.77125000e-06
0.346899     1.01050000e-05
0.347015     1.17617000e-05
0.347130     1.20909000e-05
0.347246     1.15409000e-05
0.347362     9.99593000e-06
0.347477     6.96077000e-06
0.347593     2.00387000e-06
0.347709     2.36093000e-06
0.347825     4.25741000e-06
0.347941     9.05461000e-06
0.348057     1.13503000e-05
0.348173     1.25486000e-05
0.348289     1.31464000e-05
0.348405     1.31917000e-05
0.348521     1.32362000e-05
0.348637     1.27305000e-05
0.348754     1.16772000e-05
0.348870     9.74990000e-06
0.348986     6.45863000e-06
0.349103     1.73857000e-06
0.349219     2.05344000e-06
0.349335     6.66934000e-06
0.349452     9.78400000e-06
0.349568     1.13354000e-05
0.349685     1.11726000e-05
0.349801     7.04415000e-06
0.349918     2.93467000e-06
0.350035     1.07715000e-05
0.350151     1.34740000e-05
0.350268     1.45710000e-05
0.350385     1.51409000e-05
0.350502     1.54883000e-05
0.350618     1.57232000e-05
0.350735     1.58933000e-05
0.350852     1.60424000e-05
0.350969     1.61425000e-05
0.351086     1.54234000e-05
0.351203     1.62771000e-05
0.351320     1.62956000e-05
0.351437     1.57911000e-05
0.351554     1.61655000e-05
0.351672     1.63934000e-05
0.351789     1.64170000e-05
0.351906     1.64008000e-05
0.352023     1.63403000e-05
0.352141     1.61539000e-05
0.352258     1.54287000e-05
0.352376     1.54750000e-05
0.352493     1.40910000e-05
0.352611     9.28005000e-06
0.352728     2.19806000e-06
0.352846     1.19548000e-05
0.352963     1.48839000e-05
0.353081     1.58677000e-05
0.353199     1.63062000e-05
0.353316     1.65330000e-05
0.353434     1.66696000e-05
0.353552     1.67604000e-05
0.353670     1.68256000e-05
0.353788     1.68749000e-05
0.353906     1.69139000e-05
0.354024     1.69448000e-05
0.354142     1.69213000e-05
0.354260     1.69966000e-05
0.354378     1.70231000e-05
0.354496     1.70427000e-05
0.354614     1.70599000e-05
0.354732     1.70758000e-05
0.354850     1.70901000e-05
0.354969     1.71031000e-05
0.355087     1.20554000e-05
0.355205     1.71255000e-05
0.355324     1.71340000e-05
0.355442     1.71293000e-05
0.355561     1.71173000e-05
0.355679     1.71506000e-05
0.355798     1.71368000e-05
0.355916     1.66765000e-05
0.356035     1.71927000e-05
0.356154     1.72810000e-05
0.356272     1.72762000e-05
0.356391     1.72335000e-05
0.356510     1.70067000e-05
0.356629     1.00009000e-05
0.356748     1.68458000e-05
0.356867     1.69253000e-05
0.356986     1.61876000e-05
0.357105     4.28830000e-06
0.357224     9.63956000e-06
0.357343     1.68890000e-05
0.357462     1.70542000e-05
0.357581     1.70498000e-05
0.357700     1.69176000e-05
0.357819     1.66872000e-05
0.357939     1.61009000e-05
0.358058     1.45021000e-05
0.358177     8.21595000e-06
0.358297     1.09232000e-05
0.358416     1.50614000e-05
0.358536     1.60121000e-05
0.358655     1.18628000e-05
0.358775     1.49550000e-05
0.358894     1.68322000e-05
0.359014     4.62062000e-07
0.359134     1.72401000e-05
0.359253     1.73626000e-05
0.359373     1.74139000e-05
0.359493     1.74457000e-05
0.359613     1.74687000e-05
0.359733     1.74983000e-05
0.359852     1.75109000e-05
0.359972     1.75200000e-05
0.360092     1.75260000e-05
0.360212     1.75286000e-05
0.360332     1.75270000e-05
0.360453     1.75182000e-05
0.360573     1.74955000e-05
0.360693     1.74360000e-05
0.360813     1.72196000e-05
0.360933     1.52965000e-05
0.361054     1.57348000e-05
0.361174     1.72390000e-05
0.361294     1.74354000e-05
0.361415     1.74711000e-05
0.361535     1.74615000e-05
0.361656     1.73852000e-05
0.361776     1.71504000e-05
0.361897     1.57154000e-05
0.362018     1.28108000e-05
0.362138     1.69003000e-05
0.362259     1.73179000e-05
0.362380     1.74201000e-05
0.362501     1.74527000e-05
0.362621     1.74485000e-05
0.362742     1.74162000e-05
0.362863     1.73349000e-05
0.362984     1.71290000e-05
0.363105     1.63719000e-05
0.363226     9.25020000e-06
0.363347     1.54138000e-05
0.363468     1.69202000e-05
0.363590     1.72237000e-05
0.363711     1.73180000e-05
0.363832     1.73447000e-05
0.363953     1.73407000e-05
0.364075     1.73238000e-05
0.364196     1.72850000e-05
0.364317     1.72167000e-05
0.364439     1.71021000e-05
0.364560     1.68725000e-05
0.364682     1.62963000e-05
0.364803     1.39382000e-05
0.364925     9.83506000e-06
0.365047     2.16712000e-06
0.365168     1.50709000e-05
0.365290     1.64478000e-05
0.365412     1.67915000e-05
0.365534     1.69099000e-05
0.365655     1.69445000e-05
0.365777     1.69429000e-05
0.365899     1.69161000e-05
0.366021     1.68734000e-05
0.366143     1.68156000e-05
0.366265     1.67447000e-05
0.366387     1.66593000e-05
0.366509     1.65539000e-05
0.366632     1.64312000e-05
0.366754     1.62807000e-05
0.366876     1.60946000e-05
0.366998     1.58605000e-05
0.367121     1.55584000e-05
0.367243     1.51557000e-05
0.367366     1.46035000e-05
0.367488     1.38086000e-05
0.367610     1.26147000e-05
0.367733     1.07492000e-05
0.367856     7.82625000e-06
0.367978     3.72653000e-06
0.368101     7.93470000e-09
0.368224     4.00952000e-06
0.368346     6.02712000e-06
0.368469     6.74755000e-06
0.368592     1.12715000e-05
0.368715     1.25323000e-05
0.368838     7.31051000e-06
0.368961     1.33656000e-05
0.369084     1.38377000e-05
0.369207     1.39118000e-05
0.369330     1.38460000e-05
0.369453     1.36843000e-05
0.369576     1.34384000e-05
0.369699     1.31064000e-05
0.369822     1.26771000e-05
0.369946     1.21201000e-05
0.370069     1.13838000e-05
0.370192     1.03695000e-05
0.370316     8.88162000e-06
0.370439     6.56626000e-06
0.370563     3.02368000e-06
0.370686     3.02480000e-07
0.370810     4.06540000e-06
0.370933     4.57703000e-06
0.371057     6.47582000e-06
0.371181     6.92317000e-06
0.371304     6.33692000e-06
0.371428     5.46729000e-06
0.371552     4.44700000e-06
0.371676     3.34429000e-06
0.371800     2.18834000e-06
0.371924     9.80389000e-07
0.372048     5.79111000e-08
0.372172     1.28718000e-07
0.372296     9.15398000e-07
0.372420     1.33501000e-06
0.372544     3.03516000e-06
0.372668     4.14099000e-06
0.372792     4.99584000e-06
0.372917     5.54960000e-06
0.373041     5.82764000e-06
0.373165     5.55172000e-06
0.373290     4.44157000e-06
0.373414     7.65227000e-07
0.373539     2.61325000e-06
0.373663     1.69281000e-06
0.373788     6.51088000e-08
0.373912     7.80346000e-07
0.374037     2.55511000e-06
0.374162     3.88256000e-06
0.374286     4.45277000e-06
0.374411     3.88430000e-06
0.374536     2.14676000e-06
0.374661     6.10664000e-10
0.374786     1.70333000e-06
0.374910     2.67136000e-07
0.375035     2.46692000e-06
0.375160     5.28091000e-06
0.375286     7.20403000e-06
0.375411     8.64733000e-06
0.375536     9.77171000e-06
0.375661     1.06348000e-05
0.375786     1.10984000e-05
0.375911     6.48162000e-06
0.376037     1.17413000e-05
0.376162     1.28274000e-05
0.376287     1.32431000e-05
0.376413     1.26216000e-05
0.376538     1.20684000e-05
0.376664     1.39847000e-05
0.376789     1.21191000e-05
0.376915     1.41791000e-05
0.377041     1.49826000e-05
0.377166     1.52667000e-05
0.377292     1.54670000e-05
0.377418     1.56347000e-05
0.377544     1.57796000e-05
0.377669     1.59080000e-05
0.377795     1.60230000e-05
0.377921     1.61258000e-05
0.378047     1.62159000e-05
0.378173     1.62994000e-05
0.378299     1.63705000e-05
0.378425     1.64316000e-05
0.378552     1.64759000e-05
0.378678     1.64794000e-05
0.378804     1.61792000e-05
0.378930     1.45754000e-05
0.379057     1.65130000e-05
0.379183     1.47594000e-05
0.379309     1.66311000e-05
0.379436     1.65116000e-05
0.379562     1.47568000e-05
0.379689     1.58584000e-05
0.379815     1.62619000e-05
0.379942     1.07618000e-05
0.380069     5.76327000e-06
0.380195     1.62199000e-05
0.380322     1.65056000e-05
0.380449     1.65289000e-05
0.380576     1.64887000e-05
0.380702     1.64134000e-05
0.380829     1.63067000e-05
0.380956     1.61656000e-05
0.381083     1.59839000e-05
0.381210     1.57435000e-05
0.381337     1.54319000e-05
0.381464     1.50189000e-05
0.381592     1.44490000e-05
0.381719     1.33593000e-05
0.381846     1.25651000e-05
0.381973     1.07043000e-05
0.382101     6.24585000e-06
0.382228     6.53113000e-06
0.382355     4.80897000e-06
0.382483     1.30217000e-06
0.382610     9.45719000e-07
0.382738     4.11891000e-06
0.382865     7.52558000e-06
0.382993     9.95827000e-06
0.383121     1.15747000e-05
0.383248     1.25488000e-05
0.383376     1.27885000e-05
0.383504     8.05510000e-06
0.383632     1.26097000e-05
0.383760     1.37857000e-05
0.383888     1.39347000e-05
0.384016     1.36091000e-05
0.384144     5.55465000e-06
0.384272     1.31275000e-05
0.384400     1.31866000e-05
0.384528     1.28308000e-05
0.384656     1.23121000e-05
0.384784     1.16573000e-05
0.384913     1.08487000e-05
0.385041     9.72529000e-06
0.385169     8.66478000e-06
0.385298     7.46975000e-06
0.385426     5.91171000e-06
0.385555     4.01929000e-06
0.385683     1.37419000e-06
0.385812     1.25477000e-06
0.385940     1.22942000e-06
0.386069     3.72380000e-08
0.386198     5.29158000e-07
0.386326     2.07509000e-06
0.386455     3.59103000e-06
0.386584     5.07239000e-06
0.386713     6.43268000e-06
0.386842     7.73218000e-06
0.386971     8.78671000e-06
0.387100     9.60539000e-06
0.387229     1.01254000e-05
0.387358     2.15537000e-06
0.387487     1.01440000e-05
0.387616     9.49079000e-06
0.387745     7.47018000e-06
0.387874     3.39563000e-06
0.388004     1.08347000e-06
0.388133     5.72055000e-06
0.388262     7.43838000e-06
0.388392     6.72943000e-06
0.388521     4.50192000e-06
0.388651     1.55763000e-06
0.388780     4.57643000e-07
0.388910     3.52092000e-06
0.389040     6.31578000e-06
0.389169     8.42284000e-06
0.389299     9.57718000e-06
0.389429     9.40456000e-06
0.389559     6.40748000e-06
0.389688     3.62539000e-07
0.389818     6.69830000e-06
0.389948     5.46579000e-06
0.390078     7.06468000e-09
0.390208     5.48948000e-06
0.390338     9.71317000e-06
0.390468     1.16426000e-05
0.390599     1.13545000e-05
0.390729     3.17789000e-06
0.390859     9.71694000e-06
0.390989     1.35263000e-05
0.391120     1.44973000e-05
0.391250     1.47990000e-05
0.391380     1.47915000e-05
0.391511     1.45303000e-05
0.391641     1.39567000e-05
0.391772     1.28469000e-05
0.391903     1.08164000e-05
0.392033     6.32594000e-06
0.392164     1.54690000e-06
0.392295     3.84152000e-06
0.392425     4.81863000e-07
0.392556     5.61517000e-06
0.392687     7.24697000e-06
0.392818     3.86674000e-06
0.392949     1.94663000e-06
0.393080     2.22777000e-06
0.393211     2.68357000e-06
0.393342     7.80356000e-06
0.393473     1.11341000e-05
0.393604     1.31558000e-05
0.393735     1.44405000e-05
0.393867     1.53052000e-05
0.393998     1.59128000e-05
0.394129     1.63281000e-05
0.394261     1.66550000e-05
0.394392     1.69698000e-05
0.394524     1.71889000e-05
0.394655     1.73645000e-05
0.394787     1.75104000e-05
0.394918     1.76342000e-05
0.395050     1.77396000e-05
0.395181     1.78296000e-05
0.395313     1.79098000e-05
0.395445     1.79806000e-05
0.395577     1.80433000e-05
0.395709     1.80929000e-05
0.395841     1.81498000e-05
0.395973     1.81958000e-05
0.396105     1.82345000e-05
0.396237     1.82760000e-05
0.396369     1.83104000e-05
0.396501     1.83412000e-05
0.396633     1.83663000e-05
0.396765     1.83944000e-05
0.396897     1.84139000e-05
0.397030     1.59815000e-05
0.397162     1.84534000e-05
0.397294     1.84595000e-05
0.397427     1.85133000e-05
0.397559     1.85363000e-05
0.397692     1.85549000e-05
0.397824     1.85719000e-05
0.397957     1.85795000e-05
0.398090     1.86054000e-05
0.398222     1.80931000e-05
0.398355     1.86342000e-05
0.398488     1.86436000e-05
0.398621     1.86619000e-05
0.398754     1.86752000e-05
0.398886     1.86860000e-05
0.399019     1.86958000e-05
0.399152     1.87075000e-05
0.399286     1.87209000e-05
0.399419     1.87290000e-05
0.399552     1.87407000e-05
0.399685     1.87477000e-05
0.399818     1.87598000e-05
0.399951     1.87688000e-05
0.400085     1.87767000e-05
0.400218     1.87826000e-05
0.400352     1.87916000e-05
0.400485     1.87955000e-05
0.400618     1.84121000e-05
0.400752     1.88040000e-05
0.400886     1.88204000e-05
0.401019     1.88301000e-05
0.401153     1.88374000e-05
0.401287     1.88439000e-05
0.401420     1.88504000e-05
0.401554     1.88574000e-05
0.401688     1.88556000e-05
0.401822     1.88622000e-05
0.401956     1.88719000e-05
0.402090     1.88781000e-05
0.402224     1.88837000e-05
0.402358     1.88758000e-05
0.402492     1.88932000e-05
0.402626     1.88967000e-05
0.402760     1.89003000e-05
0.402895     1.89027000e-05
0.403029     1.89002000e-05
0.403163     1.88522000e-05
0.403298     1.89084000e-05
0.403432     1.87164000e-05
0.403567     1.89036000e-05
0.403701     1.88950000e-05
0.403836     1.88759000e-05
0.403970     1.88480000e-05
0.404105     1.87785000e-05
0.404240     1.86050000e-05
0.404374     1.78591000e-05
0.404509     5.33094000e-06
0.404644     1.64579000e-05
0.404779     1.53480000e-05
0.404914     1.69224000e-05
0.405049     1.85769000e-05
0.405184     1.88056000e-05
0.405319     1.88838000e-05
0.405454     1.89227000e-05
0.405589     1.89459000e-05
0.405724     1.89606000e-05
0.405860     1.89709000e-05
0.405995     1.89780000e-05
0.406130     1.89805000e-05
0.406266     1.89744000e-05
0.406401     1.88357000e-05
0.406537     1.87791000e-05
0.406672     1.89867000e-05
0.406808     1.90050000e-05
0.406943     1.90112000e-05
0.407079     1.90086000e-05
0.407215     1.89329000e-05
0.407350     1.88953000e-05
0.407486     1.90041000e-05
0.407622     1.90301000e-05
0.407758     1.90240000e-05
0.407894     1.90403000e-05
0.408030     1.90414000e-05
0.408166     1.90462000e-05
0.408302     1.90433000e-05
0.408438     1.90518000e-05
0.408574     1.90526000e-05
0.408710     1.90566000e-05
0.408846     1.90592000e-05
0.408983     1.90552000e-05
0.409119     1.90634000e-05
0.409255     1.90653000e-05
0.409392     1.90677000e-05
0.409528     1.90697000e-05
0.409665     1.90721000e-05
0.409801     1.90738000e-05
0.409938     1.90750000e-05
0.410075     1.90778000e-05
0.410211     1.90773000e-05
0.410348     1.90812000e-05
0.410485     1.90818000e-05
0.410622     1.90842000e-05
0.410758     1.90813000e-05
0.410895     1.90875000e-05
0.411032     1.90877000e-05
0.411169     1.90907000e-05
0.411306     1.90932000e-05
0.411444     1.90944000e-05
0.411581     1.90957000e-05
0.411718     1.90975000e-05
0.411855     1.90988000e-05
0.411992     1.90999000e-05
0.412130     1.91012000e-05
0.412267     1.91019000e-05
0.412405     1.91039000e-05
0.412542     1.91045000e-05
0.412679     1.91044000e-05
0.412817     1.91070000e-05
0.412955     1.91078000e-05
0.413092     1.91058000e-05
0.413230     1.90916000e-05
0.413368     1.90353000e-05
0.413506     1.91065000e-05
0.413643     1.91111000e-05
0.413781     1.91119000e-05
0.413919     1.91154000e-05
0.414057     1.91156000e-05
0.414195     1.91144000e-05
0.414333     1.91076000e-05
0.414471     1.88123000e-05
0.414610     1.90901000e-05
0.414748     1.91137000e-05
0.414886     1.33469000e-05
0.415024     1.91121000e-05
0.415163     1.91235000e-05
0.415301     1.91217000e-05
0.415439     1.91248000e-05
0.415578     1.91260000e-05
0.415716     1.91235000e-05
0.415855     1.91333000e-05
0.415994     1.91238000e-05
0.416132     1.91338000e-05
0.416271     1.91363000e-05
0.416410     1.91343000e-05
0.416549     1.91369000e-05
0.416687     1.91278000e-05
0.416826     1.91266000e-05
0.416965     1.91389000e-05
0.417104     1.91389000e-05
0.417243     1.91388000e-05
0.417382     1.91033000e-05
0.417521     1.91320000e-05
0.417661     1.91391000e-05
0.417800     1.91402000e-05
0.417939     1.91383000e-05
0.418078     1.91423000e-05
0.418218     1.91419000e-05
0.418357     1.91258000e-05
0.418497     1.91425000e-05
0.418636     1.91428000e-05
0.418776     1.91426000e-05
0.418915     1.91417000e-05
0.419055     1.91402000e-05
0.419195     1.91419000e-05
0.419334     1.91444000e-05
0.419474     1.91413000e-05
0.419614     1.91346000e-05
0.419754     1.91412000e-05
0.419894     1.91431000e-05
0.420034     1.90288000e-05
0.420174     1.91202000e-05
0.420314     1.53342000e-05
0.420454     1.91137000e-05
0.420594     1.91385000e-05
0.420734     1.91400000e-05
0.420874     1.91437000e-05
0.421015     1.91451000e-05
0.421155     1.90160000e-05
0.421295     1.91437000e-05
0.421436     1.91407000e-05
0.421576     1.91450000e-05
0.421717     1.90410000e-05
0.421858     1.91422000e-05
0.421998     1.91455000e-05
0.422139     1.91460000e-05
0.422279     1.91462000e-05
0.422420     1.91466000e-05
0.422561     1.91478000e-05
0.422702     1.91490000e-05
0.422843     1.91521000e-05
0.422984     1.91462000e-05
0.423125     1.91471000e-05
0.423266     1.91465000e-05
0.423407     1.91458000e-05
0.423548     1.91452000e-05
0.423689     1.91432000e-05
0.423830     1.91237000e-05
0.423972     1.91432000e-05
0.424113     1.91256000e-05
0.424254     1.91431000e-05
0.424396     1.91428000e-05
0.424537     1.91405000e-05
0.424679     1.91386000e-05
0.424820     1.91400000e-05
0.424962     1.83665000e-05
0.425104     1.91098000e-05
0.425245     1.90200000e-05
0.425387     1.91331000e-05
0.425529     1.91393000e-05
0.425671     1.91240000e-05
0.425813     1.91369000e-05
0.425955     1.36828000e-05
0.426097     1.91336000e-05
0.426239     1.91237000e-05
0.426381     1.91332000e-05
0.426523     1.91302000e-05
0.426665     1.91215000e-05
0.426807     1.91202000e-05
0.426949     1.91059000e-05
0.427092     1.90532000e-05
0.427234     1.48041000e-05
0.427377     1.86531000e-05
0.427519     1.90647000e-05
0.427661     1.91072000e-05
0.427804     1.91052000e-05
0.427947     1.91193000e-05
0.428089     1.91233000e-05
0.428232     1.91244000e-05
0.428375     1.91229000e-05
0.428518     1.91232000e-05
0.428660     1.91225000e-05
0.428803     1.91224000e-05
0.428946     1.91212000e-05
0.429089     1.91259000e-05
0.429232     1.91167000e-05
0.429375     1.91165000e-05
0.429518     1.87020000e-05
0.429662     1.91119000e-05
0.429805     1.91165000e-05
0.429948     1.91137000e-05
0.430091     1.91143000e-05
0.430235     1.91130000e-05
0.430378     1.91098000e-05
0.430522     1.91004000e-05
0.430665     1.90041000e-05
0.430809     1.89447000e-05
0.430952     1.82286000e-05
0.431096     1.90575000e-05
0.431240     1.90923000e-05
0.431383     1.91010000e-05
0.431527     1.91018000e-05
0.431671     1.91027000e-05
0.431815     1.91015000e-05
0.431959     1.91009000e-05
0.432103     1.90997000e-05
0.432247     1.90953000e-05
0.432391     1.90887000e-05
0.432535     1.90573000e-05
0.432679     1.71376000e-05
0.432823     1.90281000e-05
0.432968     1.90811000e-05
0.433112     1.90861000e-05
0.433256     1.90901000e-05
0.433401     1.90901000e-05
0.433545     1.90906000e-05
0.433690     1.90883000e-05
0.433834     1.89120000e-05
0.433979     1.90877000e-05
0.434124     1.90879000e-05
0.434268     1.89656000e-05
0.434413     1.90845000e-05
0.434558     1.90833000e-05
0.434703     1.90817000e-05
0.434848     6.08382000e-07
0.434993     1.90770000e-05
0.435138     1.90761000e-05
0.435283     1.90775000e-05
0.435428     1.90717000e-05
0.435573     1.90745000e-05
0.435718     1.90719000e-05
0.435863     1.90701000e-05
0.436009     1.90700000e-05
0.436154     1.90683000e-05
0.436299     1.90644000e-05
0.436445     1.90567000e-05
0.436590     1.90634000e-05
0.436736     1.90564000e-05
0.436881     1.89415000e-05
0.437027     1.90577000e-05
0.437173     1.90565000e-05
0.437318     1.90535000e-05
0.437464     1.90472000e-05
0.437610     1.90195000e-05
0.437756     1.88417000e-05
0.437902     1.90276000e-05
0.438048     1.90262000e-05
0.438194     1.90009000e-05
0.438340     1.88576000e-05
0.438486     1.13640000e-05
0.438632     1.88863000e-05
0.438778     1.89996000e-05
0.438925     1.90196000e-05
0.439071     1.90214000e-05
0.439217     1.89917000e-05
0.439364     1.90254000e-05
0.439510     1.90247000e-05
0.439657     1.90292000e-05
0.439803     1.90271000e-05
0.439950     1.90198000e-05
0.440096     1.90178000e-05
0.440243     1.90155000e-05
0.440390     1.90026000e-05
0.440537     1.88106000e-05
0.440684     1.89065000e-05
0.440830     1.89904000e-05
0.440977     1.90044000e-05
0.441124     1.90082000e-05
0.441271     1.89995000e-05
0.441418     1.90004000e-05
0.441566     1.89745000e-05
0.441713     1.89773000e-05
0.441860     1.89992000e-05
0.442007     1.90020000e-05
0.442155     1.89958000e-05
0.442302     1.89976000e-05
0.442449     1.64741000e-05
0.442597     1.89724000e-05
0.442745     1.85593000e-05
0.442892     1.88071000e-05
0.443040     1.88758000e-05
0.443187     1.65957000e-05
0.443335     1.87875000e-05
0.443483     1.89533000e-05
0.443631     1.89387000e-05
0.443779     1.89618000e-05
0.443927     1.89733000e-05
0.444075     1.89755000e-05
0.444223     1.89654000e-05
0.444371     1.89423000e-05
0.444519     1.89692000e-05
0.444667     1.89089000e-05
0.444815     1.89095000e-05
0.444963     1.89641000e-05
0.445112     1.89630000e-05
0.445260     1.89560000e-05
0.445409     1.89559000e-05
0.445557     1.89513000e-05
0.445705     1.89434000e-05
0.445854     1.89485000e-05
0.446003     1.89436000e-05
0.446151     1.89392000e-05
0.446300     1.79128000e-05
0.446449     1.89292000e-05
0.446598     1.89400000e-05
0.446747     1.88861000e-05
0.446895     1.89329000e-05
0.447044     1.89292000e-05
0.447193     1.88657000e-05
0.447342     1.88822000e-05
0.447492     1.89274000e-05
0.447641     1.88960000e-05
0.447790     1.89230000e-05
0.447939     1.89193000e-05
0.448089     1.89099000e-05
0.448238     1.89153000e-05
0.448387     1.88933000e-05
0.448537     1.88558000e-05
0.448686     1.87502000e-05
0.448836     1.85692000e-05
0.448985     1.89030000e-05
0.449135     1.87317000e-05
0.449285     1.88976000e-05
0.449435     1.88951000e-05
0.449584     1.67629000e-05
0.449734     1.85836000e-05
0.449884     1.88882000e-05
0.450034     1.88856000e-05
0.450184     1.87912000e-05
0.450334     1.88825000e-05
0.450484     1.88794000e-05
0.450634     1.88740000e-05
0.450785     1.88777000e-05
0.450935     1.88011000e-05
0.451085     1.85451000e-05
0.451236     1.88663000e-05
0.451386     1.88554000e-05
0.451537     1.88650000e-05
0.451687     1.88566000e-05
0.451838     1.87583000e-05
0.451988     1.88407000e-05
0.452139     1.88519000e-05
0.452290     1.88280000e-05
0.452440     1.88528000e-05
0.452591     1.88470000e-05
0.452742     1.88379000e-05
0.452893     1.88405000e-05
0.453044     1.85689000e-05
0.453195     1.88187000e-05
0.453346     1.88309000e-05
0.453497     1.88363000e-05
0.453648     1.88186000e-05
0.453799     1.88215000e-05
0.453951     1.88228000e-05
0.454102     1.87963000e-05
0.454253     1.88209000e-05
0.454405     1.88180000e-05
0.454556     1.88151000e-05
0.454708     1.88070000e-05
0.454859     1.88096000e-05
0.455011     1.88088000e-05
0.455163     1.84992000e-05
0.455314     1.88017000e-05
0.455466     1.87951000e-05
0.455618     1.87981000e-05
0.455770     1.87931000e-05
0.455922     1.87895000e-05
0.456074     1.87898000e-05
0.456226     1.87329000e-05
0.456378     1.87847000e-05
0.456530     1.87463000e-05
0.456682     1.86878000e-05
0.456834     1.87758000e-05
0.456987     1.87730000e-05
0.457139     1.87580000e-05
0.457291     1.87741000e-05
0.457444     1.87660000e-05
0.457596     1.87689000e-05
0.457749     1.87732000e-05
0.457901     1.86650000e-05
0.458054     1.87690000e-05
0.458207     1.87350000e-05
0.458359     1.87543000e-05
0.458512     1.87569000e-05
0.458665     1.87589000e-05
0.458818     1.87532000e-05
0.458971     1.87507000e-05
0.459124     1.87476000e-05
0.459277     1.87399000e-05
0.459430     1.87310000e-05
0.459583     1.87371000e-05
0.459736     1.87327000e-05
0.459890     1.87336000e-05
0.460043     1.87281000e-05
0.460196     1.87286000e-05
0.460350     1.87184000e-05
0.460503     1.87240000e-05
0.460657     1.87208000e-05
0.460810     1.87221000e-05
0.460964     1.87150000e-05
0.461117     1.87164000e-05
0.461271     1.86147000e-05
0.461425     1.87019000e-05
0.461579     1.87002000e-05
0.461733     1.87090000e-05
0.461886     1.87018000e-05
0.462040     1.87014000e-05
0.462194     1.86952000e-05
0.462349     1.86921000e-05
0.462503     1.86920000e-05
0.462657     1.86891000e-05
0.462811     1.86864000e-05
0.462965     1.86801000e-05
0.463120     1.86744000e-05
0.463274     1.86721000e-05
0.463428     1.85816000e-05
0.463583     1.86679000e-05
0.463737     1.86612000e-05
0.463892     1.86637000e-05
0.464047     1.86534000e-05
0.464201     1.86544000e-05
0.464356     1.86489000e-05
0.464511     1.86475000e-05
0.464666     1.86450000e-05
0.464821     1.86274000e-05
0.464975     1.86308000e-05
0.465130     1.86304000e-05
0.465286     1.86338000e-05
0.465441     1.86259000e-05
0.465596     1.85962000e-05
0.465751     1.86207000e-05
0.465906     1.86024000e-05
0.466062     1.86085000e-05
0.466217     1.86119000e-05
0.466372     1.86034000e-05
0.466528     1.86057000e-05
0.466683     1.85975000e-05
0.466839     1.85421000e-05
0.466994     1.85777000e-05
0.467150     1.85875000e-05
0.467306     1.85774000e-05
0.467462     1.85786000e-05
0.467617     1.85585000e-05
0.467773     1.85677000e-05
0.467929     1.85707000e-05
0.468085     1.85705000e-05
0.468241     1.85613000e-05
0.468397     1.85611000e-05
0.468553     1.85525000e-05
0.468710     1.84974000e-05
0.468866     1.84191000e-05
0.469022     1.85396000e-05
0.469178     1.85417000e-05
0.469335     1.85252000e-05
0.469491     1.85133000e-05
0.469648     1.84406000e-05
0.469804     1.84829000e-05
0.469961     1.84678000e-05
0.470118     1.84713000e-05
0.470274     1.84513000e-05
0.470431     1.84893000e-05
0.470588     1.85078000e-05
0.470745     1.84801000e-05
0.470902     1.84616000e-05
0.471059     1.84676000e-05
0.471216     1.84930000e-05
0.471373     1.84862000e-05
0.471530     1.83957000e-05
0.471687     1.84570000e-05
0.471844     1.84787000e-05
0.472002     1.84709000e-05
0.472159     1.84551000e-05
0.472316     1.84520000e-05
0.472474     1.84581000e-05
0.472631     1.84504000e-05
0.472789     1.84102000e-05
0.472946     1.84316000e-05
0.473104     1.84389000e-05
0.473262     1.84196000e-05
0.473419     1.84236000e-05
0.473577     1.84298000e-05
0.473735     1.83969000e-05
0.473893     1.84162000e-05
0.474051     1.83639000e-05
0.474209     1.83690000e-05
0.474367     1.84213000e-05
0.474525     1.83994000e-05
0.474683     1.82007000e-05
0.474842     1.84056000e-05
0.475000     1.84017000e-05
0.475158     1.83884000e-05
0.475317     1.39932000e-05
0.475475     1.83533000e-05
0.475633     1.83684000e-05
0.475792     1.83726000e-05
0.475951     1.83787000e-05
0.476109     1.83595000e-05
0.476268     1.83643000e-05
0.476427     1.83524000e-05
0.476586     1.83458000e-05
0.476744     1.83409000e-05
0.476903     1.83464000e-05
0.477062     1.83210000e-05
0.477221     1.83074000e-05
0.477380     1.82792000e-05
0.477540     1.83341000e-05
0.477699     1.83272000e-05
0.477858     1.83236000e-05
0.478017     1.83155000e-05
0.478177     1.83187000e-05
0.478336     1.83103000e-05
0.478495     1.83126000e-05
0.478655     1.83160000e-05
0.478814     1.79500000e-05
0.478974     1.83024000e-05
0.479134     1.82995000e-05
0.479293     1.83015000e-05
0.479453     1.82931000e-05
0.479613     1.82880000e-05
0.479773     1.82602000e-05
0.479933     1.82815000e-05
0.480093     1.82243000e-05
0.480253     1.82658000e-05
0.480413     1.82571000e-05
0.480573     1.82511000e-05
0.480733     1.82458000e-05
0.480893     1.82493000e-05
0.481054     1.82497000e-05
0.481214     1.82242000e-05
0.481375     1.82274000e-05
0.481535     1.82398000e-05
0.481695     1.82333000e-05
0.481856     1.82252000e-05
0.482017     1.82075000e-05
0.482177     1.81837000e-05
0.482338     1.82026000e-05
0.482499     1.82105000e-05
0.482660     1.82100000e-05
0.482821     1.81931000e-05
0.482982     1.81993000e-05
0.483143     1.81850000e-05
0.483304     1.81685000e-05
0.483465     1.81831000e-05
0.483626     1.81619000e-05
0.483787     1.81729000e-05
0.483948     1.81638000e-05
0.484110     1.81599000e-05
0.484271     1.81636000e-05
0.484432     1.81333000e-05
0.484594     1.81527000e-05
0.484755     1.81378000e-05
0.484917     1.81380000e-05
0.485079     1.80622000e-05
0.485240     1.80759000e-05
0.485402     1.81231000e-05
0.485564     1.81196000e-05
0.485726     1.81177000e-05
0.485888     1.80622000e-05
0.486050     1.81089000e-05
0.486212     1.81037000e-05
0.486374     1.80900000e-05
0.486536     1.80922000e-05
0.486698     1.80816000e-05
0.486860     1.80525000e-05
0.487022     1.80671000e-05
0.487185     1.80748000e-05
0.487347     1.79615000e-05
0.487510     1.80580000e-05
0.487672     1.80631000e-05
0.487835     1.80469000e-05
0.487997     1.80353000e-05
0.488160     1.80378000e-05
0.488323     1.80480000e-05
0.488486     1.80389000e-05
0.488648     1.80361000e-05
0.488811     1.80243000e-05
0.488974     1.80242000e-05
0.489137     1.79903000e-05
0.489300     1.80141000e-05
0.489463     1.79910000e-05
0.489626     1.79987000e-05
0.489790     1.79900000e-05
0.489953     1.79864000e-05
0.490116     1.79821000e-05
0.490280     1.79784000e-05
0.490443     1.79773000e-05
0.490607     1.79752000e-05
0.490770     1.79273000e-05
0.490934     1.79606000e-05
0.491097     1.79573000e-05
0.491261     1.79312000e-05
0.491425     1.79253000e-05
0.491589     1.78883000e-05
0.491752     1.79089000e-05
0.491916     1.79346000e-05
0.492080     1.79251000e-05
0.492244     1.79318000e-05
0.492408     1.79138000e-05
0.492573     1.79065000e-05
0.492737     1.78899000e-05
0.492901     1.79044000e-05
0.493065     1.78547000e-05
0.493230     1.78744000e-05
0.493394     1.78731000e-05
0.493559     1.78708000e-05
0.493723     1.78651000e-05
0.493888     1.78272000e-05
0.494052     1.74713000e-05
0.494217     1.77487000e-05
0.494382     1.78274000e-05
0.494546     1.78233000e-05
0.494711     1.78399000e-05
0.494876     1.77524000e-05
0.495041     1.78304000e-05
0.495206     1.78238000e-05
0.495371     1.77741000e-05
0.495536     1.78143000e-05
0.495702     1.78075000e-05
0.495867     1.54052000e-05
0.496032     1.78022000e-05
0.496197     1.77320000e-05
0.496363     1.77517000e-05
0.496528     1.77022000e-05
0.496694     1.77703000e-05
0.496859     1.77641000e-05
0.497025     1.77488000e-05
0.497191     1.77113000e-05
0.497356     1.77295000e-05
0.497522     1.76976000e-05
0.497688     1.77086000e-05
0.497854     1.77208000e-05
0.498020     1.77099000e-05
0.498186     1.77063000e-05
0.498352     1.77266000e-05
0.498518     1.74868000e-05
0.498684     1.76859000e-05
0.498850     1.76869000e-05
0.499017     1.76806000e-05
0.499183     1.75325000e-05
0.499349     1.76095000e-05
0.499516     1.69199000e-05
0.499682     1.74856000e-05
0.499849     1.76319000e-05
0.500016     1.76362000e-05
0.500182     1.75925000e-05
0.500349     1.76451000e-05
0.500516     1.76117000e-05
0.500683     1.76157000e-05
0.500849     1.73794000e-05
0.501016     1.73723000e-05
0.501183     1.73694000e-05
0.501351     3.57750000e-06
0.501518     1.70629000e-05
0.501685     1.75401000e-05
0.501852     1.72848000e-05
0.502019     1.74995000e-05
0.502187     1.74735000e-05
0.502354     1.72434000e-05
0.502521     1.65648000e-05
0.502689     1.75276000e-05
0.502857     1.75428000e-05
0.503024     1.65157000e-05
0.503192     1.74888000e-05
0.503360     1.75072000e-05
0.503527     1.49238000e-05
0.503695     1.73119000e-05
0.503863     1.74502000e-05
0.504031     1.74237000e-05
0.504199     1.71922000e-05
0.504367     1.72933000e-05
0.504535     1.53959000e-05
0.504703     1.73507000e-05
0.504872     1.69105000e-05
0.505040     1.73102000e-05
0.505208     1.71366000e-05
0.505377     1.59422000e-05
0.505545     1.73027000e-05
0.505714     1.72480000e-05
0.505882     1.65603000e-05
0.506051     1.72945000e-05
0.506220     1.73151000e-05
0.506388     1.73207000e-05
0.506557     1.74097000e-05
0.506726     1.73551000e-05
0.506895     1.73321000e-05
0.507064     1.66862000e-05
0.507233     1.70204000e-05
0.507402     1.73541000e-05
0.507571     1.72000000e-05
0.507740     1.71114000e-05
0.507910     1.71392000e-05
0.508079     1.62307000e-05
0.508248     1.72675000e-05
0.508418     1.70195000e-05
0.508587     1.71787000e-05
0.508757     1.71732000e-05
0.508926     1.72206000e-05
0.509096     1.72003000e-05
0.509266     1.72701000e-05
0.509435     1.72705000e-05
0.509605     1.71256000e-05
0.509775     1.71715000e-05
0.509945     1.71463000e-05
0.510115     1.72288000e-05
0.510285     1.71889000e-05
0.510455     1.72003000e-05
0.510625     1.61294000e-05
0.510795     1.71489000e-05
0.510966     1.71443000e-05
0.511136     1.71686000e-05
0.511306     1.71497000e-05
0.511477     1.71658000e-05
0.511647     1.71267000e-05
0.511818     1.68709000e-05
0.511988     1.70289000e-05
0.512159     1.66412000e-05
0.512330     1.69567000e-05
0.512501     1.54522000e-05
0.512671     1.67662000e-05
0.512842     1.57529000e-05
0.513013     1.66698000e-05
0.513184     1.69958000e-05
0.513355     1.70933000e-05
0.513526     1.69785000e-05
0.513698     1.70832000e-05
0.513869     1.69562000e-05
0.514040     1.69681000e-05
0.514211     1.64185000e-05
0.514383     1.68204000e-05
0.514554     1.69028000e-05
0.514726     1.70504000e-05
0.514897     1.69641000e-05
0.515069     1.70199000e-05
0.515241     1.51882000e-05
0.515412     1.68631000e-05
0.515584     1.70062000e-05
0.515756     1.69377000e-05
0.515928     1.68395000e-05
0.516100     1.67053000e-05
0.516272     1.69597000e-05
0.516444     1.69246000e-05
0.516616     1.69524000e-05
0.516789     1.69222000e-05
0.516961     1.67693000e-05
0.517133     1.69060000e-05
0.517305     2.51470000e-06
0.517478     1.66908000e-05
0.517650     1.68704000e-05
0.517823     1.65698000e-05
0.517996     1.68680000e-05
0.518168     1.68877000e-05
0.518341     1.69066000e-05
0.518514     1.65143000e-05
0.518687     1.68753000e-05
0.518859     1.68133000e-05
0.519032     1.68115000e-05
0.519205     1.67961000e-05
0.519379     1.34484000e-05
0.519552     1.65714000e-05
0.519725     1.68207000e-05
0.519898     1.65731000e-05
0.520071     1.67188000e-05
0.520245     1.67444000e-05
0.520418     1.67404000e-05
0.520592     1.67663000e-05
0.520765     1.67823000e-05
0.520939     1.67054000e-05
0.521112     1.67206000e-05
0.521286     1.67096000e-05
0.521460     1.66578000e-05
0.521634     1.65811000e-05
0.521808     1.66385000e-05
0.521981     1.64348000e-05
0.522155     1.66152000e-05
0.522330     1.66354000e-05
0.522504     1.66048000e-05
0.522678     1.62761000e-05
0.522852     1.63398000e-05
0.523026     1.65714000e-05
0.523201     1.65495000e-05
0.523375     1.65789000e-05
0.523550     1.65807000e-05
0.523724     1.65284000e-05
0.523899     1.65357000e-05
0.524073     1.65430000e-05
0.524248     1.64505000e-05
0.524423     1.64994000e-05
0.524597     1.64914000e-05
0.524772     1.64978000e-05
0.524947     1.64620000e-05
0.525122     1.64523000e-05
0.525297     1.63886000e-05
0.525472     1.63944000e-05
0.525648     1.63142000e-05
0.525823     1.63822000e-05
0.525998     1.63068000e-05
0.526173     1.63696000e-05
0.526349     1.63537000e-05
0.526524     1.62018000e-05
0.526700     1.61780000e-05
0.526875     1.56001000e-05
0.527051     1.07202000e-05
0.527227     1.46369000e-05
0.527402     1.59559000e-05
0.527578     1.61621000e-05
0.527754     1.61486000e-05
0.527930     1.61176000e-05
0.528106     1.58828000e-05
0.528282     1.62363000e-05
0.528458     1.62083000e-05
0.528634     1.61503000e-05
0.528810     1.60133000e-05
0.528987     1.61943000e-05
0.529163     1.61681000e-05
0.529339     1.61487000e-05
0.529516     1.61742000e-05
0.529692     1.61425000e-05
0.529869     1.61537000e-05
0.530046     1.60950000e-05
0.530222     1.61214000e-05
0.530399     1.61104000e-05
0.530576     1.60912000e-05
0.530753     1.59033000e-05
0.530930     1.59393000e-05
0.531106     1.60435000e-05
0.531284     1.60386000e-05
0.531461     1.60309000e-05
0.531638     1.60152000e-05
0.531815     1.59921000e-05
0.531992     1.58717000e-05
0.532170     1.59356000e-05
0.532347     1.59345000e-05
0.532524     1.57617000e-05
0.532702     1.55996000e-05
0.532879     1.38667000e-05
0.533057     1.48029000e-05
0.533235     1.57174000e-05
0.533413     1.58249000e-05
0.533590     1.58509000e-05
0.533768     1.58277000e-05
0.533946     1.58249000e-05
0.534124     1.58060000e-05
0.534302     1.58054000e-05
0.534480     1.57458000e-05
0.534658     1.57709000e-05
0.534837     1.57881000e-05
0.535015     1.57041000e-05
0.535193     1.56432000e-05
0.535372     1.56007000e-05
0.535550     1.56943000e-05
0.535729     1.55050000e-05
0.535907     1.56544000e-05
0.536086     1.56366000e-05
0.536265     1.55372000e-05
0.536443     1.56428000e-05
0.536622     1.55944000e-05
0.536801     1.55840000e-05
0.536980     1.55326000e-05
0.537159     1.52158000e-05
0.537338     1.28161000e-05
0.537517     1.53548000e-05
0.537696     1.54786000e-05
0.537875     1.54272000e-05
0.538055     1.53494000e-05
0.538234     1.54337000e-05
0.538414     1.54346000e-05
0.538593     1.53333000e-05
0.538773     1.54205000e-05
0.538952     1.52731000e-05
0.539132     1.53142000e-05
0.539311     1.53390000e-05
0.539491     1.52657000e-05
0.539671     1.51335000e-05
0.539851     7.77920000e-06
0.540031     1.50898000e-05
0.540211     1.52176000e-05
0.540391     1.51326000e-05
0.540571     1.51002000e-05
0.540751     1.19327000e-05
0.540932     1.46966000e-05
0.541112     1.48880000e-05
0.541292     1.51371000e-05
0.541473     1.48225000e-05
0.541653     1.51128000e-05
0.541834     1.47998000e-05
0.542014     1.42488000e-05
0.542195     1.50414000e-05
0.542376     1.50234000e-05
0.542557     1.48954000e-05
0.542737     1.49439000e-05
0.542918     1.48560000e-05
0.543099     1.06144000e-05
0.543280     1.47781000e-05
0.543461     1.48120000e-05
0.543643     1.40624000e-05
0.543824     1.45403000e-05
0.544005     1.46231000e-05
0.544186     1.47403000e-05
0.544368     1.47421000e-05
0.544549     1.44903000e-05
0.544731     1.43900000e-05
0.544912     1.40391000e-05
0.545094     1.41556000e-05
0.545276     1.46717000e-05
0.545457     1.46415000e-05
0.545639     1.43680000e-05
0.545821     1.45101000e-05
0.546003     1.33453000e-05
0.546185     1.44607000e-05
0.546367     1.45497000e-05
0.546549     1.44548000e-05
0.546731     1.44414000e-05
0.546914     1.40771000e-05
0.547096     1.43492000e-05
0.547278     1.43813000e-05
0.547461     1.34594000e-05
0.547643     1.43565000e-05
0.547826     1.31745000e-05
0.548008     1.41757000e-05
0.548191     1.41364000e-05
0.548374     1.42699000e-05
0.548557     1.41554000e-05
0.548739     1.42568000e-05
0.548922     1.42170000e-05
0.549105     1.41438000e-05
0.549288     1.39928000e-05
0.549471     1.32576000e-05
0.549655     1.40895000e-05
0.549838     1.23146000e-05
0.550021     1.40415000e-05
0.550204     1.40077000e-05
0.550388     1.39383000e-05
0.550571     1.38136000e-05
0.550755     1.38024000e-05
0.550938     1.35996000e-05
0.551122     1.38402000e-05
0.551306     1.37640000e-05
0.551490     1.36712000e-05
0.551673     1.36192000e-05
0.551857     1.37598000e-05
0.552041     1.36524000e-05
0.552225     1.35417000e-05
0.552409     1.33445000e-05
0.552593     1.33070000e-05
0.552778     1.36051000e-05
0.552962     1.34991000e-05
0.553146     1.34253000e-05
0.553331     1.35029000e-05
0.553515     1.32907000e-05
0.553700     1.33686000e-05
0.553884     1.31278000e-05
0.554069     1.32259000e-05
0.554253     1.33183000e-05
0.554438     1.32809000e-05
0.554623     1.32583000e-05
0.554808     1.32042000e-05
0.554993     1.31607000e-05
0.555178     1.31034000e-05
0.555363     1.30301000e-05
0.555548     1.29932000e-05
0.555733     1.28426000e-05
0.555918     1.25855000e-05
0.556104     1.29220000e-05
0.556289     1.28654000e-05
0.556475     1.27762000e-05
0.556660     1.27916000e-05
0.556846     1.26907000e-05
0.557031     1.26849000e-05
0.557217     1.27040000e-05
0.557403     1.26246000e-05
0.557588     1.25917000e-05
0.557774     1.23517000e-05
0.557960     1.24848000e-05
0.558146     1.24961000e-05
0.558332     1.24179000e-05
0.558518     1.23394000e-05
0.558705     1.23438000e-05
0.558891     1.22319000e-05
0.559077     1.22563000e-05
0.559263     1.20197000e-05
0.559450     1.21829000e-05
0.559636     1.20927000e-05
0.559823     1.20501000e-05
0.560009     1.20752000e-05
0.560196     1.19967000e-05
0.560383     1.19112000e-05
0.560570     1.18176000e-05
0.560757     1.17679000e-05
0.560943     1.16984000e-05
0.561130     1.16932000e-05
0.561317     1.16723000e-05
0.561505     1.15625000e-05
0.561692     1.15835000e-05
0.561879     1.15156000e-05
0.562066     1.14652000e-05
0.562254     1.13603000e-05
0.562441     1.12518000e-05
0.562629     1.12810000e-05
0.562816     1.12152000e-05
0.563004     1.11611000e-05
0.563191     1.11151000e-05
0.563379     1.10092000e-05
0.563567     1.09849000e-05
0.563755     1.09272000e-05
0.563943     1.08590000e-05
0.564131     1.08094000e-05
0.564319     1.07474000e-05
0.564507     1.06802000e-05
0.564695     1.05275000e-05
0.564883     1.05563000e-05
0.565071     1.04904000e-05
0.565260     1.04258000e-05
0.565448     1.03602000e-05
0.565637     1.02900000e-05
0.565825     1.02285000e-05
0.566014     1.01631000e-05
0.566203     1.00337000e-05
0.566391     1.00167000e-05
0.566580     9.91413000e-06
0.566769     9.84656000e-06
0.566958     9.71093000e-06
0.567147     9.67375000e-06
0.567336     9.66068000e-06
0.567525     9.56476000e-06
0.567714     9.47193000e-06
0.567903     9.38688000e-06
0.568093     9.30532000e-06
0.568282     9.19699000e-06
0.568472     9.18087000e-06
0.568661     8.13142000e-06
0.568851     9.01846000e-06
0.569040     8.95462000e-06
0.569230     8.85808000e-06
0.569420     8.74690000e-06
0.569609     8.66188000e-06
0.569799     8.32334000e-06
0.569989     8.49538000e-06
0.570179     8.34144000e-06
0.570369     8.34708000e-06
0.570559     8.25910000e-06
0.570750     8.05729000e-06
0.570940     8.07769000e-06
0.571130     7.96883000e-06
0.571321     7.89301000e-06
0.571511     7.80913000e-06
0.571701     7.71941000e-06
0.571892     7.62277000e-06
0.572083     7.46854000e-06
0.572273     7.40175000e-06
0.572464     7.34431000e-06
0.572655     7.24069000e-06
0.572846     5.74609000e-06
0.573037     6.85669000e-06
0.573228     6.95790000e-06
0.573419     6.63705000e-06
0.573610     6.73587000e-06
0.573801     6.63854000e-06
0.573992     6.56058000e-06
0.574184     6.44995000e-06
0.574375     6.28376000e-06
0.574567     6.24833000e-06
0.574758     6.13260000e-06
0.574950     5.97457000e-06
0.575141     5.93068000e-06
0.575333     5.82174000e-06
0.575525     5.70250000e-06
0.575717     5.61466000e-06
0.575909     5.51014000e-06
0.576101     5.35597000e-06
0.576293     5.27301000e-06
0.576485     4.88309000e-06
0.576677     5.08033000e-06
0.576869     4.96535000e-06
0.577061     4.85515000e-06
0.577254     4.73476000e-06
0.577446     4.62833000e-06
0.577639     4.53547000e-06
0.577831     4.35529000e-06
0.578024     4.30672000e-06
0.578217     4.20241000e-06
0.578409     4.08173000e-06
0.578602     3.97408000e-06
0.578795     3.87951000e-06
0.578988     3.76741000e-06
0.579181     3.60100000e-06
0.579374     3.54591000e-06
0.579567     3.43693000e-06
0.579760     3.32466000e-06
0.579953     3.20826000e-06
0.580147     3.10997000e-06
0.580340     2.89545000e-06
0.580534     2.89908000e-06
0.580727     2.78894000e-06
0.580921     2.68755000e-06
0.581114     2.58694000e-06
0.581308     2.48265000e-06
0.581502     2.37743000e-06
0.581696     2.27424000e-06
0.581890     2.18074000e-06
0.582084     2.08053000e-06
0.582278     1.98004000e-06
0.582472     1.88856000e-06
0.582666     1.79469000e-06
0.582860     1.70263000e-06
0.583054     1.61129000e-06
0.583249     1.50318000e-06
0.583443     1.43104000e-06
0.583638     1.34740000e-06
0.583832     1.26531000e-06
0.584027     1.18387000e-06
0.584221     1.10401000e-06
0.584416     1.01082000e-06
0.584611     9.51648000e-07
0.584806     8.78207000e-07
0.585001     8.08484000e-07
0.585196     7.40523000e-07
0.585391     6.75083000e-07
0.585586     6.12116000e-07
0.585781     5.51835000e-07
0.585976     4.95040000e-07
0.586172     4.38230000e-07
0.586367     3.88767000e-07
0.586563     3.40053000e-07
0.586758     2.87936000e-07
0.586954     2.51544000e-07
0.587149     2.08629000e-07
0.587345     1.75378000e-07
0.587541     1.41939000e-07
0.587737     1.11084000e-07
0.587933     8.48199000e-08
0.588129     6.11896000e-08
0.588325     4.11210000e-08
0.588521     2.46510000e-08
0.588717     1.20941000e-08
0.588913     3.83198000e-09
0.589109     1.58790000e-10
0.589306     1.35626000e-09
0.589502     4.07007000e-09
0.589699     4.15371000e-10
0.589895     2.37741000e-09
0.590092     1.19645000e-08
0.590289     2.63689000e-08
0.590485     4.48724000e-08
0.590682     6.65174000e-08
0.590879     9.12770000e-08
0.591076     1.19000000e-07
0.591273     1.49480000e-07
0.591470     1.82866000e-07
0.591667     2.18736000e-07
0.591865     2.55888000e-07
0.592062     2.98283000e-07
0.592259     3.43171000e-07
0.592457     3.90194000e-07
0.592654     4.36502000e-07
0.592852     4.90646000e-07
0.593049     5.44063000e-07
0.593247     6.00804000e-07
0.593445     6.47011000e-07
0.593643     7.18789000e-07
0.593840     7.81456000e-07
0.594038     8.43757000e-07
0.594236     9.10562000e-07
0.594434     9.66819000e-07
0.594633     1.04792000e-06
0.594831     1.11705000e-06
0.595029     1.18590000e-06
0.595227     1.26469000e-06
0.595426     1.33640000e-06
0.595624     1.41374000e-06
0.595823     1.48957000e-06
0.596021     1.57092000e-06
0.596220     1.65487000e-06
0.596419     1.73427000e-06
0.596618     1.80407000e-06
0.596817     1.90607000e-06
0.597015     1.95221000e-06
0.597214     1.83611000e-06
0.597414     2.14543000e-06
0.597613     2.23322000e-06
0.597812     2.33319000e-06
0.598011     2.41955000e-06
0.598211     2.50154000e-06
0.598410     2.59902000e-06
0.598609     2.69593000e-06
0.598809     2.76714000e-06
0.599009     2.86216000e-06
0.599208     2.66234000e-06
0.599408     3.04075000e-06
0.599608     2.80205000e-06
0.599808     2.16589000e-06
0.600008     3.32094000e-06
0.600208     3.40688000e-06
0.600408     3.46546000e-06
0.600608     3.56408000e-06
0.600808     3.58086000e-06
0.601008     3.71272000e-06
0.601209     3.84186000e-06
0.601409     3.92497000e-06
0.601609     3.98157000e-06
0.601810     4.10970000e-06
0.602011     4.16172000e-06
0.602211     4.29775000e-06
0.602412     3.90678000e-06
0.602613     4.47735000e-06
0.602814     4.35589000e-06
0.603015     4.10215000e-06
0.603216     4.73286000e-06
0.603417     4.35585000e-06
0.603618     4.90009000e-06
0.603819     4.87461000e-06
0.604020     5.06249000e-06
0.604222     5.05359000e-06
0.604423     5.24258000e-06
0.604624     5.26495000e-06
0.604826     4.92546000e-06
0.605028     4.38788000e-06
0.605229     5.42414000e-06
0.605431     5.63738000e-06
0.605633     5.68249000e-06
0.605835     5.82217000e-06
0.606037     5.86437000e-06
0.606239     5.96900000e-06
0.606441     5.99619000e-06
0.606643     6.11891000e-06
0.606845     6.12040000e-06
0.607047     5.86429000e-06
0.607250     5.54301000e-06
0.607452     6.38815000e-06
0.607655     6.45467000e-06
0.607857     4.34954000e-06
0.608060     6.57221000e-06
0.608263     6.63765000e-06
0.608465     6.70417000e-06
0.608668     6.75284000e-06
0.608871     6.79831000e-06
0.609074     6.48995000e-06
0.609277     6.97864000e-06
0.609480     7.07948000e-06
0.609683     7.06386000e-06
0.609886     7.17094000e-06
0.610090     7.18619000e-06
0.610293     7.32162000e-06
0.610497     7.52543000e-06
0.610700     7.50292000e-06
0.610904     7.59637000e-06
0.611107     7.62111000e-06
0.611311     7.38681000e-06
0.611515     7.38758000e-06
0.611719     7.60136000e-06
0.611922     7.67309000e-06
0.612126     7.94742000e-06
0.612330     7.94597000e-06
0.612535     7.77664000e-06
0.612739     8.05292000e-06
0.612943     7.90792000e-06
0.613147     8.21326000e-06
0.613352     8.15778000e-06
0.613556     7.75948000e-06
0.613761     8.34014000e-06
0.613965     8.12670000e-06
0.614170     8.23668000e-06
0.614375     8.03402000e-06
0.614579     7.84909000e-06
0.614784     8.63189000e-06
0.614989     8.41241000e-06
0.615194     8.40891000e-06
0.615399     8.75128000e-06
0.615604     8.79680000e-06
0.615810     8.90656000e-06
0.616015     8.88677000e-06
0.616220     8.27585000e-06
0.616426     9.19977000e-06
0.616631     8.62271000e-06
0.616837     8.97989000e-06
0.617042     8.69251000e-06
0.617248     9.13162000e-06
0.617454     9.16710000e-06
0.617660     9.03768000e-06
0.617865     9.21036000e-06
0.618071     9.33475000e-06
0.618277     9.28250000e-06
0.618483     9.35951000e-06
0.618690     9.48324000e-06
0.618896     9.40339000e-06
0.619102     9.51722000e-06
0.619309     9.47344000e-06
0.619515     9.63970000e-06
0.619721     9.66919000e-06
0.619928     9.66160000e-06
0.620135     9.36490000e-06
0.620341     9.62687000e-06
0.620548     9.49397000e-06
0.620755     9.61926000e-06
0.620962     9.70881000e-06
0.621169     9.76543000e-06
0.621376     9.69973000e-06
0.621583     9.66915000e-06
0.621790     9.66312000e-06
0.621998     1.00697000e-05
0.622205     9.42214000e-06
0.622412     1.00868000e-05
0.622620     1.00104000e-05
0.622827     1.01120000e-05
0.623035     1.00506000e-05
0.623243     8.34256000e-06
0.623450     1.02538000e-05
0.623658     1.03031000e-05
0.623866     1.03571000e-05
0.624074     1.01675000e-05
0.624282     1.03020000e-05
0.624490     1.02668000e-05
0.624698     1.04703000e-05
0.624907     1.03362000e-05
0.625115     1.02780000e-05
0.625323     1.05550000e-05
0.625532     1.05230000e-05
0.625740     9.71626000e-06
0.625949     8.77662000e-06
0.626157     1.06518000e-05
0.626366     1.07072000e-05
0.626575     1.06083000e-05
0.626784     1.06462000e-05
0.626993     1.07062000e-05
0.627202     9.89756000e-06
0.627411     8.35433000e-06
0.627620     1.02160000e-05
0.627829     1.07446000e-05
0.628038     1.03611000e-05
0.628248     1.07951000e-05
0.628457     1.07573000e-05
0.628667     1.08494000e-05
0.628876     1.09135000e-05
0.629086     1.03198000e-05
0.629295     1.09498000e-05
0.629505     1.02436000e-05
0.629715     1.09299000e-05
0.629925     1.08958000e-05
0.630135     1.09906000e-05
0.630345     1.10143000e-05
0.630555     1.07455000e-05
0.630765     1.10175000e-05
0.630976     1.10443000e-05
0.631186     1.10537000e-05
0.631396     1.02618000e-05
0.631607     1.08572000e-05
0.631817     1.08588000e-05
0.632028     1.13025000e-05
0.632239     1.09748000e-05
0.632449     1.12123000e-05
0.632660     1.12807000e-05
0.632871     1.07620000e-05
0.633082     1.12859000e-05
0.633293     1.10073000e-05
0.633504     1.13344000e-05
0.633715     1.11080000e-05
0.633927     1.12103000e-05
0.634138     1.11928000e-05
0.634349     1.11885000e-05
0.634561     1.14402000e-05
0.634772     1.10058000e-05
0.634984     1.05369000e-05
0.635195     1.10293000e-05
0.635407     1.12708000e-05
0.635619     1.13561000e-05
0.635831     1.13038000e-05
0.636043     1.97105000e-06
0.636255     1.16131000e-05
0.636467     1.14750000e-05
0.636679     1.15428000e-05
0.636891     1.16509000e-05
0.637104     1.14518000e-05
0.637316     1.12726000e-05
0.637528     1.13450000e-05
0.637741     1.15680000e-05
0.637953     1.10768000e-05
0.638166     1.15866000e-05
0.638379     1.10865000e-05
0.638592     1.15014000e-05
0.638804     1.15405000e-05
0.639017     1.10180000e-05
0.639230     1.16975000e-05
0.639444     1.17642000e-05
0.639657     1.15172000e-05
0.639870     1.17029000e-05
0.640083     1.17848000e-05
0.640297     1.10645000e-05
0.640510     1.12975000e-05
0.640723     1.16726000e-05
0.640937     1.13930000e-05
0.641151     1.09723000e-05
0.641364     1.18666000e-05
0.641578     1.17671000e-05
0.641792     1.10193000e-05
0.642006     1.15767000e-05
0.642220     1.16395000e-05
0.642434     1.16755000e-05
0.642648     1.19185000e-05
0.642862     1.12334000e-05
0.643077     1.14186000e-05
0.643291     1.11144000e-05
0.643505     1.15595000e-05
0.643720     1.19314000e-05
0.643935     1.19914000e-05
0.644149     1.13371000e-05
0.644364     1.19055000e-05
0.644579     9.54784000e-06
0.644794     1.18607000e-05
0.645008     1.16627000e-05
0.645223     1.18984000e-05
0.645439     5.03134000e-06
0.645654     1.05987000e-05
0.645869     9.22332000e-06
0.646084     1.10174000e-05
0.646300     1.20755000e-05
0.646515     1.11325000e-05
0.646731     7.38387000e-06
0.646946     1.07358000e-05
0.647162     1.14118000e-05
0.647377     1.19150000e-05
0.647593     9.84977000e-06
0.647809     1.09106000e-05
0.648025     9.98281000e-06
0.648241     1.04497000e-05
0.648457     9.40344000e-06
0.648673     1.10515000e-05
0.648890     1.17379000e-05
0.649106     1.14662000e-05
0.649322     1.17026000e-05
0.649539     1.19276000e-05
0.649755     1.15803000e-05
0.649972     1.14911000e-05
0.650188     1.14935000e-05
0.650405     1.15467000e-05
0.650622     1.17778000e-05
0.650839     1.16837000e-05
0.651056     1.06056000e-05
0.651273     1.18749000e-05
0.651490     8.44677000e-06
0.651707     1.19172000e-05
0.651924     1.09753000e-05
0.652142     1.09978000e-05
0.652359     1.08083000e-05
0.652576     1.00679000e-05
0.652794     8.84769000e-06
0.653012     1.19520000e-05
0.653229     1.18495000e-05
0.653447     1.16038000e-05
0.653665     1.20579000e-05
0.653883     1.18846000e-05
0.654101     1.19966000e-05
0.654319     1.13768000e-05
0.654537     1.19992000e-05
0.654755     1.02198000e-05
0.654973     1.20832000e-05
0.655191     1.21211000e-05
0.655410     1.17566000e-05
0.655628     1.21540000e-05
0.655847     1.18390000e-05
0.656066     1.15221000e-05
0.656284     1.16948000e-05
0.656503     1.01872000e-05
0.656722     1.15798000e-05
0.656941     1.17096000e-05
0.657160     1.18411000e-05
0.657379     1.11797000e-05
0.657598     1.13573000e-05
0.657817     9.86398000e-06
0.658036     1.23373000e-05
0.658256     9.22778000e-06
0.658475     1.20193000e-05
0.658695     1.21849000e-05
0.658914     1.20340000e-05
0.659134     1.05101000e-05
0.659354     1.18902000e-05
0.659573     1.22150000e-05
0.659793     7.00370000e-06
0.660013     1.20235000e-05
0.660233     1.23318000e-05
0.660453     1.08547000e-05
0.660673     1.20832000e-05
0.660894     9.15716000e-06
0.661114     1.20350000e-05
0.661334     1.19271000e-05
0.661555     1.20450000e-05
0.661775     1.21621000e-05
0.661996     1.05152000e-05
0.662216     8.10094000e-06
0.662437     1.22302000e-05
0.662658     1.11298000e-05
0.662879     1.22281000e-05
0.663100     1.12344000e-05
0.663321     1.23418000e-05
0.663542     1.01009000e-05
0.663763     1.23124000e-05
0.663984     1.21352000e-05
0.664206     1.18614000e-05
0.664427     1.21411000e-05
0.664649     1.23581000e-05
0.664870     1.24548000e-05
0.665092     1.22322000e-05
0.665313     9.63834000e-06
0.665535     1.18865000e-05
0.665757     1.23021000e-05
0.665979     1.11284000e-05
0.666201     1.21828000e-05
0.666423     1.21395000e-05
0.666645     1.23003000e-05
0.666867     8.96350000e-06
0.667090     1.22964000e-05
0.667312     1.24558000e-05
0.667535     1.18539000e-05
0.667757     1.24563000e-05
0.667980     1.17107000e-05
0.668202     1.23738000e-05
0.668425     1.11561000e-05
0.668648     1.16945000e-05
0.668871     1.21511000e-05
0.669094     4.43923000e-06
0.669317     1.15866000e-05
0.669540     1.24561000e-05
0.669763     1.16766000e-05
0.669986     1.02671000e-05
0.670210     1.21211000e-05
0.670433     1.23527000e-05
0.670656     1.15618000e-05
0.670880     1.27939000e-05
0.671104     1.25196000e-05
0.671327     1.23574000e-05
0.671551     1.24970000e-05
0.671775     1.15872000e-05
0.671999     1.22335000e-05
0.672223     1.11248000e-05
0.672447     1.19317000e-05
0.672671     1.22349000e-05
0.672895     1.19086000e-05
0.673120     1.20383000e-05
0.673344     1.24474000e-05
0.673568     1.23059000e-05
0.673793     1.22612000e-05
0.674018     1.18190000e-05
0.674242     1.25168000e-05
0.674467     1.16970000e-05
0.674692     1.24271000e-05
0.674917     1.24032000e-05
0.675142     1.20316000e-05
0.675367     1.22537000e-05
0.675592     1.22358000e-05
0.675817     1.07064000e-05
0.676042     1.21718000e-05
0.676268     1.21739000e-05
0.676493     1.22990000e-05
0.676719     1.16647000e-05
0.676944     1.27236000e-05
0.677170     1.23950000e-05
0.677396     1.21914000e-05
0.677621     1.17208000e-05
0.677847     1.12159000e-05
0.678073     1.15319000e-05
0.678299     1.15957000e-05
0.678525     1.20348000e-05
0.678751     1.19035000e-05
0.678978     1.24534000e-05
0.679204     1.22357000e-05
0.679430     1.24217000e-05
0.679657     1.23927000e-05
0.679883     1.19532000e-05
0.680110     1.25897000e-05
0.680337     1.27140000e-05
0.680564     1.23597000e-05
0.680790     1.26096000e-05
0.681017     1.27010000e-05
0.681244     1.12677000e-05
0.681471     1.19750000e-05
0.681699     1.25762000e-05
0.681926     1.17940000e-05
0.682153     1.24723000e-05
0.682381     1.23805000e-05
0.682608     1.24910000e-05
0.682836     1.25632000e-05
0.683063     1.24346000e-05
0.683291     1.25274000e-05
0.683519     1.24779000e-05
0.683746     1.25059000e-05
0.683974     1.19149000e-05
0.684202     1.22987000e-05
0.684430     1.26930000e-05
0.684659     1.25915000e-05
0.684887     1.23017000e-05
0.685115     1.28192000e-05
0.685343     1.19276000e-05
0.685572     1.24286000e-05
0.685800     1.26643000e-05
0.686029     1.26987000e-05
0.686258     1.23032000e-05
0.686486     1.16527000e-05
0.686715     1.26873000e-05
0.686944     1.23010000e-05
0.687173     1.27500000e-05
0.687402     1.26146000e-05
0.687631     1.21686000e-05
0.687861     1.18496000e-05
0.688090     1.19488000e-05
0.688319     1.09465000e-05
0.688549     1.28611000e-05
0.688778     1.21990000e-05
0.689008     1.26154000e-05
0.689237     1.25536000e-05
0.689467     1.26827000e-05
0.689697     1.21795000e-05
0.689927     1.19246000e-05
0.690157     1.23362000e-05
0.690387     5.70438000e-06
0.690617     1.25118000e-05
0.690847     6.31213000e-06
0.691078     1.22229000e-05
0.691308     1.17368000e-05
0.691538     8.31485000e-06
0.691769     1.20461000e-05
0.691999     1.02031000e-05
0.692230     5.09060000e-06
0.692461     7.72298000e-06
0.692692     1.08338000e-05
0.692923     1.18951000e-05
0.693154     8.52230000e-06
0.693385     8.25559000e-06
0.693616     1.07049000e-05
0.693847     1.22238000e-05
0.694078     1.17099000e-05
0.694310     3.43472000e-06
0.694541     1.17589000e-05
0.694772     8.71865000e-06
0.695004     1.10761000e-05
0.695236     1.22185000e-05
0.695467     1.21306000e-05
0.695699     1.22382000e-05
0.695931     9.74120000e-06
0.696163     9.42439000e-06
0.696395     1.11278000e-05
0.696627     1.06606000e-05
0.696860     1.01400000e-05
0.697092     8.94048000e-06
0.697324     1.03532000e-05
0.697557     1.08224000e-05
0.697789     8.85749000e-06
0.698022     1.15033000e-05
0.698254     1.06842000e-05
0.698487     1.25368000e-05
0.698720     1.01151000e-05
0.698953     1.14828000e-05
0.699186     1.15318000e-05
0.699419     1.15978000e-05
0.699652     8.43673000e-06
0.699885     1.16267000e-05
0.700119     7.08908000e-06
0.700352     1.18477000e-05
0.700585     1.21276000e-05
0.700819     6.94316000e-06
0.701053     1.00576000e-05
0.701286     4.95261000e-06
0.701520     1.15747000e-05
0.701754     1.12349000e-05
0.701988     8.96130000e-06
0.702222     1.01586000e-05
0.702456     1.18901000e-05
0.702690     1.13238000e-05
0.702924     7.21584000e-06
0.703159     1.08626000e-05
0.703393     1.19498000e-05
0.703627     1.18413000e-05
0.703862     1.23393000e-05
0.704097     1.17649000e-05
0.704331     1.15291000e-05
0.704566     7.56897000e-07
0.704801     1.19727000e-05
0.705036     1.05431000e-05
0.705271     9.86946000e-06
0.705506     1.18667000e-05
0.705741     1.23857000e-05
0.705976     1.16483000e-05
0.706212     1.18053000e-05
0.706447     1.16020000e-05
0.706683     1.00581000e-05
0.706918     1.12333000e-05
0.707154     1.19651000e-05
0.707390     4.20833000e-06
0.707625     1.15709000e-05
0.707861     7.71141000e-06
0.708097     1.09698000e-05
0.708333     8.09228000e-06
0.708569     1.07791000e-05
0.708805     1.19783000e-05
0.709042     6.93646000e-06
0.709278     1.04960000e-05
0.709515     1.10290000e-05
0.709751     8.23534000e-06
0.709988     1.18987000e-05
0.710224     1.09465000e-05
0.710461     1.07398000e-05
0.710698     4.49327000e-06
0.710935     6.74015000e-06
0.711172     5.23100000e-06
0.711409     1.12707000e-05
0.711646     1.16461000e-05
0.711883     1.22743000e-05
0.712120     8.30196000e-06
0.712358     6.14126000e-06
0.712595     7.97079000e-06
0.712833     1.17652000e-05
0.713070     1.17056000e-05
0.713308     1.12934000e-05
0.713546     7.95998000e-06
0.713784     8.29255000e-06
0.714022     8.94957000e-06
0.714260     1.05738000e-05
0.714498     6.11545000e-06
0.714736     1.06315000e-05
0.714974     6.59669000e-06
0.715212     3.15558000e-06
0.715451     8.84931000e-06
0.715689     9.70981000e-06
0.715928     4.69447000e-06
0.716167     6.05873000e-06
0.716405     8.54764000e-07
0.716644     2.46333000e-06
0.716883     7.20884000e-06
0.717122     7.67431000e-06
0.717361     5.65648000e-06
0.717600     8.19371000e-06
0.717839     7.04961000e-06
0.718079     6.64901000e-06
0.718318     7.29134000e-06
0.718557     9.03134000e-06
0.718797     9.48692000e-06
0.719036     8.49646000e-06
0.719276     8.82192000e-06
0.719516     1.00375000e-05
0.719756     6.57254000e-06
0.719996     1.05960000e-05
0.720236     7.35401000e-07
0.720476     9.67357000e-06
0.720716     4.31401000e-06
0.720956     7.95328000e-06
0.721196     3.62635000e-06
0.721437     2.67316000e-06
0.721677     1.02288000e-05
0.721918     8.97439000e-06
0.722159     1.04471000e-05
0.722399     9.22640000e-06
0.722640     8.53378000e-06
0.722881     4.40346000e-06
0.723122     1.03449000e-05
0.723363     5.64639000e-06
0.723604     9.76493000e-06
0.723845     9.34608000e-07
0.724087     1.01228000e-05
0.724328     2.81888000e-06
0.724569     5.07372000e-08
0.724811     8.22928000e-06
0.725052     8.58802000e-06
0.725294     9.18284000e-06
0.725536     4.96065000e-06
0.725778     6.37818000e-06
0.726020     7.15558000e-06
0.726262     6.29675000e-06
0.726504     7.49373000e-06
0.726746     5.16931000e-06
0.726988     7.86242000e-06
0.727231     5.04527000e-06
0.727473     5.31123000e-06
0.727715     8.62980000e-06
0.727958     5.91941000e-06
0.728201     1.01828000e-05
0.728443     7.99175000e-06
0.728686     7.94568000e-06
0.728929     6.08716000e-06
0.729172     7.88690000e-06
0.729415     8.61782000e-07
0.729658     9.12960000e-06
0.729901     1.00143000e-05
0.730145     4.63931000e-06
0.730388     1.01995000e-05
0.730632     5.89248000e-06
0.730875     9.28446000e-06
0.731119     7.77609000e-06
0.731362     8.02886000e-06
0.731606     3.98396000e-06
0.731850     5.56469000e-06
0.732094     8.05371000e-06
0.732338     6.07867000e-06
0.732582     8.48661000e-06
0.732826     1.13606000e-05
0.733071     9.41201000e-06
0.733315     9.03705000e-06
0.733560     4.30860000e-06
0.733804     6.37221000e-06
0.734049     8.69830000e-06
0.734293     7.61818000e-06
0.734538     1.00186000e-05
0.734783     1.00622000e-05
0.735028     2.82189000e-06
0.735273     9.93476000e-06
0.735518     5.69886000e-06
0.735763     1.03733000e-05
0.736008     4.15726000e-06
0.736254     8.99434000e-06
0.736499     8.30211000e-06
0.736745     4.69522000e-06
0.736990     4.20565000e-06
0.737236     8.64219000e-06
0.737482     9.62725000e-06
0.737727     4.12401000e-06
0.737973     3.76579000e-06
0.738219     8.56882000e-06
0.738465     3.59592000e-06
0.738712     8.03569000e-06
0.738958     9.82723000e-06
0.739204     9.54298000e-06
0.739451     5.07932000e-06
0.739697     1.13843000e-05
0.739944     5.97430000e-06
0.740190     1.01923000e-05
0.740437     6.22805000e-06
0.740684     1.01650000e-05
0.740931     2.17103000e-06
0.741178     9.27194000e-06
0.741425     8.66551000e-06
0.741672     5.96307000e-06
0.741919     6.89625000e-06
0.742166     5.73155000e-06
0.742414     9.34704000e-06
0.742661     8.57280000e-06
0.742909     8.51852000e-06
0.743156     5.92418000e-07
0.743404     9.99471000e-06
0.743652     7.94535000e-06
0.743900     8.11630000e-06
0.744148     8.29415000e-06
0.744396     5.06475000e-06
0.744644     9.87847000e-06
0.744892     1.06017000e-05
0.745140     1.05047000e-05
0.745389     1.02559000e-05
0.745637     5.57519000e-06
0.745886     9.55922000e-06
0.746135     1.61262000e-06
0.746383     7.32349000e-06
0.746632     4.50749000e-06
0.746881     1.05317000e-05
0.747130     9.14263000e-06
0.747379     4.93423000e-06
0.747628     8.83590000e-06
0.747877     8.49448000e-06
0.748127     8.57345000e-06
0.748376     5.55973000e-06
0.748625     5.19551000e-06
0.748875     9.82157000e-06
0.749125     6.41576000e-06
0.749374     9.87711000e-06
0.749624     1.04883000e-05
0.749874     1.05789000e-05
0.750124     8.70360000e-06
0.750374     7.93870000e-06
0.750624     8.33920000e-06
0.750874     5.80275000e-06
0.751125     9.63229000e-06
0.751375     5.13347000e-06
0.751625     6.25911000e-06
0.751876     8.57600000e-06
0.752127     8.99498000e-06
0.752377     2.92459000e-06
0.752628     7.86532000e-06
0.752879     7.54125000e-06
0.753130     7.71566000e-06
0.753381     9.13794000e-06
0.753632     8.03990000e-06
0.753883     6.35580000e-06
0.754135     8.87774000e-06
0.754386     5.10507000e-06
0.754637     8.34256000e-06
0.754889     6.17819000e-06
0.755141     8.54146000e-06
0.755392     8.16778000e-06
0.755644     7.42214000e-06
0.755896     8.21810000e-06
0.756148     8.27781000e-06
0.756400     5.46754000e-06
0.756652     7.27852000e-06
0.756904     7.27047000e-06
0.757157     6.36828000e-06
0.757409     5.37388000e-06
0.757661     6.50531000e-06
0.757914     7.95897000e-06
0.758167     7.88970000e-06
0.758419     7.52484000e-06
0.758672     7.61578000e-06
0.758925     7.70742000e-06
0.759178     7.32688000e-06
0.759431     6.79046000e-06
0.759684     6.47112000e-06
0.759937     7.07741000e-06
0.760191     5.99314000e-06
0.760444     6.43532000e-06
0.760698     5.74579000e-06
0.760951     5.19632000e-06
0.761205     5.52850000e-06
0.761459     5.43292000e-06
0.761712     4.99280000e-06
0.761966     4.90809000e-06
0.762220     4.41597000e-06
0.762474     4.31945000e-06
0.762729     3.96965000e-06
0.762983     3.71837000e-06
0.763237     3.11286000e-06
0.763492     2.63285000e-06
0.763746     2.71222000e-06
0.764001     2.34619000e-06
0.764255     1.99408000e-06
0.764510     1.66076000e-06
0.764765     1.28944000e-06
0.765020     1.00818000e-06
0.765275     7.54988000e-07
0.765530     5.23635000e-07
0.765785     3.29562000e-07
0.766040     1.81337000e-07
0.766296     7.59110000e-08
0.766551     1.14482000e-08
0.766807     5.43608000e-09
0.767062     6.17319000e-08
0.767318     1.55785000e-07
0.767574     2.88370000e-07
0.767830     4.43031000e-07
0.768085     5.90504000e-07
0.768342     7.24698000e-07
0.768598     7.73118000e-07
0.768854     7.18321000e-07
0.769110     5.72096000e-07
0.769366     3.76328000e-07
0.769623     1.80719000e-07
0.769879     4.94823000e-08
0.770136     6.70023000e-10
0.770393     7.22524000e-08
0.770650     2.24368000e-07
0.770907     4.58991000e-07
0.771163     7.54921000e-07
0.771421     1.12839000e-06
0.771678     1.55441000e-06
0.771935     1.93233000e-06
0.772192     2.28421000e-06
0.772450     2.77792000e-06
0.772707     3.23928000e-06
0.772965     3.74960000e-06
0.773222     4.06844000e-06
0.773480     4.11482000e-06
0.773738     4.68445000e-06
0.773996     5.20339000e-06
0.774254     5.51910000e-06
0.774512     5.66300000e-06
0.774770     6.00909000e-06
0.775028     5.40528000e-06
0.775287     6.71655000e-06
0.775545     6.92612000e-06
0.775804     6.71367000e-06
0.776062     7.20687000e-06
0.776321     6.96371000e-06
0.776580     7.37254000e-06
0.776839     7.35426000e-06
0.777097     7.57324000e-06
0.777356     8.38847000e-06
0.777616     6.48097000e-06
0.777875     7.39887000e-06
0.778134     9.06000000e-06
0.778393     8.14956000e-06
0.778653     8.25670000e-06
0.778913     9.52448000e-06
0.779172     7.81638000e-06
0.779432     7.65800000e-06
0.779692     8.98485000e-06
0.779952     9.86855000e-06
0.780212     9.69292000e-06
0.780472     9.44414000e-06
0.780732     6.79737000e-06
0.780992     8.39510000e-06
0.781252     1.02630000e-05
0.781513     9.90892000e-06
0.781773     7.90861000e-06
0.782034     9.49263000e-06
0.782295     9.72596000e-06
0.782555     8.11835000e-06
0.782816     1.08613000e-05
0.783077     1.03360000e-05
0.783338     1.12782000e-05
0.783599     1.02424000e-05
0.783860     1.02823000e-05
0.784122     1.05943000e-05
0.784383     9.67449000e-06
0.784645     1.09987000e-05
0.784906     1.12988000e-05
0.785168     1.06170000e-05
0.785429     9.16550000e-06
0.785691     8.84292000e-06
0.785953     1.01856000e-05
0.786215     9.32730000e-06
0.786477     9.86464000e-06
0.786739     1.13171000e-05
0.787002     1.11258000e-05
0.787264     1.85679000e-06
0.787526     1.08082000e-05
0.787789     1.12854000e-05
0.788051     1.14815000e-05
0.788314     1.13315000e-05
0.788577     9.13827000e-06
0.788840     9.98666000e-06
0.789103     1.14726000e-05
0.789366     1.16823000e-05
0.789629     1.17151000e-05
0.789892     1.05542000e-05
0.790155     1.16790000e-05
0.790419     1.09440000e-05
0.790682     8.89268000e-06
0.790946     1.20487000e-05
0.791209     1.20247000e-05
0.791473     9.84372000e-06
0.791737     1.16677000e-05
0.792001     1.19319000e-05
0.792265     1.18999000e-05
0.792529     1.08204000e-05
0.792793     1.06926000e-05
0.793057     8.06891000e-06
0.793322     1.20656000e-05
0.793586     1.10113000e-05
0.793851     1.21592000e-05
0.794115     1.08605000e-05
0.794380     1.10935000e-05
0.794645     1.26024000e-05
0.794910     1.24920000e-05
0.795175     1.27636000e-05
0.795440     9.93284000e-06
0.795705     1.22364000e-05
0.795970     1.25446000e-05
0.796236     1.23090000e-05
0.796501     4.66702000e-06
0.796766     1.25381000e-05
0.797032     1.65708000e-06
0.797298     1.05342000e-05
0.797563     1.16777000e-05
0.797829     1.12299000e-05
0.798095     1.22150000e-05
0.798361     8.25024000e-06
0.798627     1.17523000e-05
0.798894     1.04002000e-05
0.799160     1.25967000e-05
0.799426     9.28952000e-06
0.799693     1.02167000e-05
0.799959     1.10544000e-05
0.800226     1.29960000e-05
0.800493     1.28559000e-05
0.800760     1.09524000e-05
0.801027     1.30455000e-05
0.801294     1.09057000e-05
0.801561     6.60660000e-06
0.801828     1.17256000e-05
0.802095     1.30043000e-05
0.802362     9.75443000e-06
0.802630     8.80319000e-06
0.802897     9.53768000e-06
0.803165     6.10963000e-06
0.803433     1.09836000e-05
0.803701     1.32769000e-05
0.803969     1.30873000e-05
0.804237     8.49440000e-06
0.804505     1.09462000e-05
0.804773     6.18431000e-06
0.805041     1.22546000e-05
0.805309     9.71534000e-06
0.805578     1.22055000e-05
0.805846     5.53369000e-06
0.806115     1.17656000e-05
0.806384     9.81103000e-06
0.806652     1.15896000e-05
0.806921     1.09322000e-05
0.807190     7.92539000e-06
0.807459     9.78002000e-06
0.807729     8.71170000e-06
0.807998     1.30137000e-05
0.808267     1.11556000e-05
0.808537     8.64455000e-06
0.808806     7.87679000e-06
0.809076     8.02440000e-06
0.809345     3.60099000e-06
0.809615     7.98177000e-06
0.809885     1.62899000e-06
0.810155     8.48719000e-06
0.810425     4.49690000e-06
0.810695     3.68600000e-07
0.810965     4.75690000e-06
0.811236     2.72939000e-06
0.811506     6.93538000e-06
0.811777     9.78658000e-06
0.812047     9.24460000e-06
0.812318     9.08875000e-06
0.812589     3.77644000e-06
0.812859     8.18347000e-06
0.813130     8.08309000e-06
0.813401     4.90194000e-06
0.813673     8.14435000e-06
0.813944     5.80364000e-06
0.814215     1.08710000e-05
0.814487     4.29844000e-06
0.814758     1.09212000e-05
0.815030     1.00061000e-06
0.815301     1.91568000e-06
0.815573     1.18391000e-05
0.815845     1.07739000e-05
0.816117     9.03018000e-06
0.816389     8.40634000e-06
0.816661     3.29136000e-06
0.816933     6.03823000e-06
0.817206     8.02658000e-06
0.817478     4.95117000e-06
0.817750     1.08146000e-05
0.818023     6.61488000e-06
0.818296     6.65621000e-06
0.818569     3.94525000e-06
0.818841     8.23967000e-06
0.819114     1.03837000e-05
0.819387     1.20294000e-05
0.819660     5.15711000e-06
0.819934     5.16428000e-06
0.820207     9.46447000e-06
0.820480     1.03881000e-05
0.820754     9.16774000e-06
0.821028     1.20758000e-05
0.821301     1.03036000e-05
0.821575     9.45982000e-06
0.821849     8.14998000e-06
0.822123     1.23599000e-05
0.822397     7.59875000e-06
0.822671     4.08949000e-08
0.822945     9.51201000e-06
0.823219     9.80819000e-06
0.823494     1.04772000e-05
0.823768     9.97648000e-06
0.824043     8.48068000e-06
0.824318     7.40741000e-06
0.824592     8.60774000e-06
0.824867     1.07179000e-05
0.825142     2.06714000e-06
0.825417     1.10155000e-05
0.825692     8.12679000e-06
0.825968     1.20761000e-05
0.826243     1.22175000e-05
0.826518     1.17418000e-05
0.826794     1.15611000e-05
0.827069     3.19265000e-06
0.827345     1.14231000e-05
0.827621     1.17379000e-05
0.827897     2.90469000e-07
0.828173     8.58273000e-06
0.828449     2.60516000e-06
0.828725     1.24538000e-05
0.829001     4.28347000e-07
0.829278     8.04790000e-06
0.829554     5.96817000e-06
0.829831     1.86184000e-07
0.830107     1.14217000e-05
0.830384     1.20436000e-05
0.830661     7.67983000e-07
0.830938     9.20902000e-06
0.831215     5.42560000e-06
0.831492     1.16618000e-05
0.831769     1.27098000e-05
0.832046     4.58699000e-07
0.832323     1.00648000e-05
0.832601     3.96351000e-06
0.832878     1.08987000e-05
0.833156     3.78451000e-06
0.833434     9.78279000e-06
0.833711     9.03387000e-06
0.833989     1.20359000e-05
0.834267     1.27597000e-05
0.834545     7.86527000e-06
0.834824     1.11716000e-05
0.835102     1.21773000e-05
0.835380     1.29099000e-05
0.835659     2.68571000e-06
0.835937     1.50924000e-06
0.836216     9.19370000e-06
0.836495     8.00958000e-06
0.836774     9.45071000e-06
0.837052     1.32741000e-05
0.837331     9.86359000e-06
0.837611     7.34767000e-06
0.837890     3.33470000e-06
0.838169     4.98026000e-06
0.838448     7.41391000e-06
0.838728     8.45329000e-06
0.839008     1.42148000e-06
0.839287     7.49174000e-06
0.839567     1.31082000e-05
0.839847     8.46496000e-06
0.840127     9.55738000e-06
0.840407     1.13521000e-05
0.840687     1.07525000e-05
0.840967     7.17718000e-06
0.841247     1.25605000e-05
0.841528     1.23649000e-05
0.841808     3.46278000e-06
0.842089     1.59482000e-06
0.842370     8.67361000e-06
0.842650     1.30349000e-05
0.842931     1.42042000e-05
0.843212     7.55205000e-06
0.843493     7.40033000e-06
0.843775     1.26669000e-05
0.844056     1.34101000e-05
0.844337     2.16802000e-06
0.844619     3.17528000e-06
0.844900     1.11097000e-05
0.845182     5.22097000e-06
0.845464     1.15100000e-05
0.845745     1.24195000e-05
0.846027     1.37588000e-05
0.846309     8.81090000e-06
0.846591     1.07758000e-05
0.846874     1.08087000e-05
0.847156     9.04808000e-06
0.847438     1.18346000e-05
0.847721     1.22496000e-05
0.848003     1.00570000e-05
0.848286     8.64065000e-06
0.848569     1.95526000e-06
0.848852     5.79859000e-06
0.849135     1.06671000e-05
0.849418     1.29765000e-05
0.849701     9.93413000e-06
0.849984     2.82358000e-06
0.850267     1.12617000e-05
0.850551     1.01254000e-05
0.850834     1.05601000e-05
0.851118     1.05584000e-05
0.851402     1.21716000e-05
0.851685     1.08639000e-05
0.851969     9.76146000e-06
0.852253     1.02587000e-05
0.852537     5.23195000e-06
0.852822     1.26686000e-05
0.853106     1.31941000e-05
0.853390     2.88510000e-06
0.853675     1.07966000e-05
0.853959     1.26445000e-05
0.854244     1.05534000e-05
0.854529     1.89623000e-05
0.854813     1.44925000e-05
0.855098     1.33775000e-05
0.855383     1.27390000e-05
0.855669     9.71462000e-06
0.855954     1.48619000e-05
0.856239     1.35589000e-05
0.856524     1.46658000e-05
0.856810     8.29800000e-06
0.857096     1.29506000e-05
0.857381     1.33302000e-05
0.857667     5.92316000e-06
0.857953     1.37305000e-05
0.858239     1.14725000e-05
0.858525     7.20003000e-06
0.858811     1.06498000e-05
0.859097     1.16802000e-05
0.859384     1.18711000e-05
0.859670     6.95747000e-06
0.859957     9.54179000e-06
0.860244     1.23401000e-05
0.860530     1.07706000e-05
0.860817     1.04619000e-05
0.861104     9.48943000e-06
0.861391     1.50870000e-05
0.861678     1.09870000e-05
0.861965     1.05074000e-05
0.862253     1.45959000e-05
0.862540     1.15850000e-05
0.862828     1.09925000e-05
0.863115     1.41274000e-05
0.863403     1.48135000e-05
0.863691     1.45351000e-05
0.863979     1.24773000e-05
0.864267     1.36901000e-05
0.864555     1.51988000e-05
0.864843     1.31076000e-05
0.865131     1.48500000e-05
0.865420     1.48364000e-05
0.865708     1.49987000e-05
0.865997     1.44315000e-05
0.866285     1.51283000e-05
0.866574     1.91789000e-05
0.866863     1.19636000e-05
0.867152     1.46421000e-05
0.867441     1.23188000e-05
0.867730     9.93540000e-06
0.868019     8.11422000e-06
0.868309     1.33526000e-05
0.868598     1.14411000e-05
0.868888     1.58979000e-05
0.869177     1.76556000e-05
0.869467     1.51841000e-05
0.869757     1.30745000e-05
0.870047     1.09790000e-05
0.870337     1.28123000e-05
0.870627     1.28263000e-05
0.870917     1.07799000e-05
0.871207     1.35627000e-05
0.871498     1.13058000e-05
0.871788     1.22808000e-05
0.872079     1.31313000e-05
0.872370     1.64124000e-05
0.872660     1.42642000e-05
0.872951     1.55387000e-05
0.873242     1.40273000e-05
0.873533     1.40373000e-05
0.873825     1.50573000e-05
0.874116     1.46070000e-05
0.874407     1.52506000e-05
0.874699     1.41753000e-05
0.874990     1.57263000e-05
0.875282     1.23576000e-05
0.875574     1.37440000e-05
0.875865     1.45262000e-05
0.876157     1.65137000e-05
0.876449     1.60667000e-05
0.876742     1.46636000e-05
0.877034     1.39848000e-05
0.877326     1.42654000e-05
0.877619     1.72744000e-05
0.877911     1.21286000e-05
0.878204     1.45034000e-05
0.878497     1.48870000e-05
0.878789     1.43459000e-05
0.879082     1.55459000e-05
0.879375     1.26333000e-05
0.879668     1.57040000e-05
0.879962     1.70907000e-05
0.880255     1.47575000e-05
0.880548     1.49145000e-05
0.880842     2.07501000e-05
0.881136     1.76396000e-05
0.881429     4.59833000e-06
0.881723     1.62196000e-05
0.882017     1.49228000e-05
0.882311     1.35220000e-05
0.882605     1.54540000e-05
0.882899     1.40930000e-05
0.883194     1.45042000e-05
0.883488     1.57370000e-05
0.883783     1.46549000e-05
0.884077     1.68642000e-05
0.884372     1.38123000e-05
0.884667     1.59260000e-05
0.884961     1.41478000e-05
0.885256     1.52580000e-05
0.885552     1.44996000e-05
0.885847     1.35756000e-05
0.886142     1.40611000e-05
0.886437     1.49432000e-05
0.886733     1.39992000e-05
0.887028     1.47762000e-05
0.887324     1.31423000e-05
0.887620     1.29344000e-05
0.887916     1.31644000e-05
0.888212     1.26723000e-05
0.888508     1.24189000e-05
0.888804     4.31675000e-06
0.889100     4.32266000e-06
0.889397     1.24203000e-05
0.889693     9.38453000e-06
0.889990     1.20459000e-05
0.890286     8.12110000e-06
0.890583     5.41681000e-06
0.890880     4.55576000e-06
0.891177     9.83760000e-06
0.891474     9.10633000e-06
0.891771     2.20109000e-06
0.892068     5.71219000e-06
0.892366     7.06889000e-06
0.892663     1.31625000e-05
0.892961     5.27292000e-06
0.893258     6.38069000e-06
0.893556     1.09885000e-05
0.893854     9.31151000e-06
0.894152     1.32603000e-05
0.894450     1.32405000e-05
0.894748     1.48973000e-05
0.895046     9.23627000e-06
0.895345     1.21636000e-05
0.895643     1.05958000e-05
0.895942     1.31041000e-05
0.896240     1.47491000e-05
0.896539     1.13728000e-05
0.896838     3.07858000e-06
0.897137     5.60572000e-06
0.897436     7.57205000e-06
0.897735     1.20004000e-05
0.898034     1.34357000e-05
0.898334     7.37199000e-06
0.898633     4.45339000e-06
0.898933     1.76757000e-06
0.899232     9.82861000e-06
0.899532     4.40192000e-06
0.899832     6.91700000e-06
0.900132     4.92072000e-06
0.900432     1.01165000e-05
0.900732     1.03096000e-05
0.901032     9.27808000e-08
0.901333     1.15581000e-05
0.901633     8.09633000e-07
0.901934     2.33636000e-06
0.902234     1.55946000e-05
0.902535     1.15637000e-06
0.902836     7.38239000e-08
0.903137     5.86940000e-06
0.903438     1.54850000e-05
0.903739     4.10611000e-07
0.904040     1.13449000e-05
0.904342     1.21895000e-05
0.904643     1.20911000e-05
0.904945     1.23346000e-05
0.905246     1.03436000e-05
0.905548     2.53812000e-07
0.905850     5.53794000e-06
0.906152     1.44428000e-05
0.906454     1.48607000e-05
0.906756     1.23922000e-05
0.907058     1.23404000e-05
0.907361     1.39916000e-05
0.907663     6.58460000e-06
0.907966     1.50926000e-05
0.908268     7.15384000e-06
0.908571     1.18245000e-05
0.908874     1.42629000e-05
0.909177     1.38319000e-05
0.909480     9.42073000e-06
0.909783     3.56620000e-08
0.910086     1.50927000e-05
0.910390     1.20610000e-05
0.910693     1.72851000e-05
0.910997     2.32752000e-06
0.911300     2.02984000e-06
0.911604     1.31491000e-05
0.911908     1.22349000e-05
0.912212     1.53559000e-05
0.912516     1.65761000e-05
0.912820     9.52869000e-06
0.913124     5.75460000e-06
0.913429     3.08405000e-06
0.913733     7.45135000e-07
0.914038     1.57752000e-05
0.914343     2.57033000e-06
0.914647     8.95290000e-06
0.914952     8.19984000e-06
0.915257     3.92434000e-06
0.915562     1.49145000e-06
0.915868     5.16711000e-06
0.916173     5.59150000e-06
0.916478     5.23901000e-06
0.916784     1.58841000e-05
0.917089     1.52547000e-05
0.917395     1.13984000e-05
0.917701     9.95491000e-06
0.918007     1.37236000e-05
0.918313     1.41063000e-05
0.918619     3.82368000e-06
0.918925     5.79887000e-07
0.919231     1.61939000e-05
0.919538     2.76787000e-06
0.919844     5.59255000e-06
0.920151     1.41525000e-05
0.920458     3.08715000e-06
0.920764     1.24372000e-05
0.921071     1.42938000e-05
0.921378     1.15044000e-05
0.921685     7.98482000e-06
0.921993     3.78092000e-08
0.922300     1.41885000e-05
0.922607     6.17519000e-06
0.922915     4.26333000e-07
0.923223     1.62864000e-05
0.923530     7.24732000e-08
0.923838     1.01298000e-05
0.924146     4.47459000e-08
0.924454     1.33799000e-05
0.924762     1.01645000e-05
0.925071     8.84679000e-06
0.925379     9.31388000e-06
0.925687     3.70580000e-07
0.925996     7.26548000e-06
0.926305     9.14021000e-06
0.926613     3.83408000e-06
0.926922     9.64215000e-06
0.927231     1.14866000e-06
0.927540     2.82472000e-06
0.927850     3.09489000e-06
0.928159     9.47177000e-08
0.928468     8.96034000e-08
0.928778     5.95199000e-06
0.929087     2.19247000e-08
0.929397     4.85555000e-07
0.929707     3.68760000e-06
0.930017     1.58841000e-06
0.930327     4.15465000e-07
0.930637     6.03560000e-09
0.930947     3.19799000e-07
0.931257     7.01723000e-06
0.931568     5.87823000e-06
0.931878     1.69001000e-09
0.932189     2.59470000e-07
0.932500     7.85827000e-08
0.932810     1.06004000e-08
0.933121     3.78485000e-07
0.933432     1.08442000e-05
0.933744     6.87820000e-06
0.934055     7.69312000e-07
0.934366     8.08796000e-06
0.934678     1.18044000e-07
0.934989     5.70848000e-07
0.935301     1.08008000e-08
0.935613     1.69767000e-07
0.935924     1.38419000e-06
0.936236     1.57183000e-07
0.936549     7.63409000e-06
0.936861     9.80754000e-06
0.937173     6.83415000e-06
0.937485     6.03504000e-06
0.937798     3.00434000e-06
0.938110     6.11639000e-06
0.938423     4.76120000e-06
0.938736     7.53932000e-06
0.939049     4.93905000e-06
0.939362     1.78878000e-06
0.939675     2.26952000e-07
0.939988     9.69819000e-06
0.940302     7.31446000e-06
0.940615     8.33770000e-07
0.940929     2.53418000e-06
0.941242     5.15179000e-06
0.941556     8.12571000e-06
0.941870     3.44837000e-07
0.942184     2.17870000e-06
0.942498     2.20777000e-06
0.942812     4.29598000e-06
0.943126     3.75888000e-06
0.943441     6.01295000e-07
0.943755     1.49433000e-07
0.944070     1.89540000e-08
0.944384     1.80938000e-06
0.944699     9.28374000e-09
0.945014     5.34464000e-06
0.945329     2.50829000e-06
0.945644     4.04308000e-06
0.945959     1.36126000e-06
0.946275     4.53828000e-06
0.946590     1.02730000e-05
0.946906     4.20040000e-06
0.947221     6.80531000e-06
0.947537     1.18906000e-05
0.947853     4.56438000e-08
0.948169     3.64636000e-06
0.948485     7.84784000e-06
0.948801     3.66584000e-06
0.949117     1.30979000e-05
0.949434     7.18369000e-06
0.949750     5.97594000e-06
0.950067     7.51040000e-06
0.950383     7.55412000e-06
0.950700     3.22985000e-07
0.951017     1.78167000e-06
0.951334     2.35552000e-08
0.951651     4.51251000e-06
0.951969     4.89277000e-07
0.952286     1.13702000e-05
0.952603     6.88216000e-06
0.952921     1.06692000e-05
0.953238     5.36818000e-06
0.953556     1.34085000e-07
0.953874     6.17042000e-08
0.954192     3.92483000e-06
0.954510     4.04688000e-06
0.954828     1.14055000e-05
0.955146     2.75313000e-06
0.955465     6.86761000e-07
0.955783     9.41402000e-06
0.956102     1.51422000e-08
0.956421     9.33771000e-06
0.956739     3.41866000e-06
0.957058     1.01462000e-05
0.957377     6.12402000e-06
0.957697     5.26031000e-07
0.958016     1.26681000e-05
0.958335     5.19868000e-06
0.958655     1.03384000e-05
0.958974     9.73389000e-09
0.959294     2.24612000e-06
0.959614     2.05985000e-06
0.959933     6.10309000e-06
0.960253     1.28014000e-05
0.960573     6.43188000e-06
0.960894     7.42333000e-06
0.961214     4.79887000e-06
0.961534     2.53086000e-06
0.961855     1.71326000e-06
0.962175     6.04694000e-06
0.962496     2.81724000e-08
0.962817     2.25840000e-06
0.963138     1.50655000e-07
0.963459     1.76079000e-05
0.963780     9.29438000e-06
0.964101     2.03671000e-06
0.964423     5.39675000e-06
0.964744     2.35788000e-06
0.965066     1.65783000e-06
0.965388     2.77533000e-06
0.965709     4.35690000e-07
0.966031     8.20979000e-06
0.966353     1.46372000e-07
0.966675     5.45601000e-06
0.966998     8.07162000e-09
0.967320     1.07980000e-06
0.967642     1.15994000e-05
0.967965     9.74614000e-06
0.968288     1.34902000e-07
0.968610     1.05480000e-05
0.968933     7.68809000e-06
0.969256     7.73435000e-06
0.969579     7.29609000e-06
0.969902     1.10452000e-05
0.970226     3.20408000e-06
0.970549     3.59967000e-07
0.970873     1.44502000e-06
0.971196     5.80356000e-07
0.971520     1.26640000e-08
0.971844     5.47372000e-06
0.972168     2.68303000e-06
0.972492     2.26533000e-07
0.972816     9.73150000e-06
0.973140     4.96014000e-07
0.973465     1.56226000e-05
0.973789     3.08450000e-06
0.974114     1.45545000e-06
0.974438     2.61325000e-06
0.974763     4.22475000e-07
0.975088     1.22464000e-05
0.975413     9.28917000e-07
0.975738     9.05174000e-06
0.976064     5.96407000e-06
0.976389     5.11926000e-07
0.976714     4.26453000e-06
0.977040     4.67837000e-06
0.977366     4.30028000e-06
0.977691     4.51874000e-06
0.978017     7.90080000e-06
0.978343     8.66603000e-06
0.978670     8.99190000e-06
0.978996     8.84973000e-06
0.979322     3.82673000e-07
0.979649     7.96140000e-08
0.979975     1.45912000e-05
0.980302     3.08915000e-06
0.980628     7.67522000e-06
0.980955     9.23103000e-06
0.981282     1.38174000e-05
0.981609     1.56830000e-06
0.981937     6.56044000e-06
0.982264     1.15692000e-05
0.982591     7.91054000e-06
0.982919     2.27296000e-06
0.983247     1.37614000e-05
0.983574     6.23094000e-06
0.983902     4.00961000e-06
0.984230     1.17765000e-05
0.984558     1.15141000e-05
0.984886     7.56160000e-06
0.985215     4.74295000e-06
0.985543     2.82666000e-06
0.985872     7.85737000e-06
0.986200     6.29858000e-07
0.986529     1.28914000e-05
0.986858     7.00565000e-06
0.987187     2.94247000e-06
0.987516     1.10986000e-05
0.987845     1.45738000e-05
0.988174     1.23402000e-05
0.988504     6.78578000e-06
0.988833     2.64036000e-06
0.989163     7.61765000e-06
0.989492     3.37079000e-06
0.989822     8.19384000e-06
0.990152     1.07572000e-05
0.990482     1.44163000e-05
0.990812     1.77138000e-05
0.991143     9.42865000e-06
0.991473     7.18234000e-07
0.991804     2.62750000e-06
0.992134     4.34695000e-06
0.992465     1.08346000e-05
0.992796     1.63501000e-05
0.993127     1.14790000e-05
0.993458     4.39486000e-06
0.993789     1.19592000e-05
0.994120     1.18111000e-05
0.994452     1.27157000e-05
0.994783     1.13650000e-05
0.995115     1.67951000e-05
0.995446     2.69975000e-06
0.995778     2.87755000e-06
0.996110     3.78332000e-06
0.996442     7.46969000e-06
0.996774     3.80792000e-06
0.997106     6.61012000e-06
0.997439     1.50849000e-05
0.997771     4.85846000e-06
0.998104     5.93413000e-06
0.998437     8.27715000e-06
0.998769     2.10796000e-05
0.999102     3.47435000e-07
0.999435     7.64608000e-06
0.999769     6.08790000e-06
1.000102     8.99035000e-06
1.000435     1.94452000e-06
1.000769     1.65069000e-05
1.001102     5.21731000e-06
1.001436     2.95572000e-06
1.001770     1.96965000e-05
1.002104     1.63258000e-05
1.002438     1.45229000e-05
1.002772     7.21904000e-06
1.003106     1.38019000e-05
1.003440     2.88300000e-06
1.003775     6.25030000e-06
1.004110     1.02293000e-05
1.004444     9.22153000e-06
1.004779     1.74322000e-05
1.005114     1.81616000e-05
1.005449     9.20723000e-06
1.005784     2.74624000e-06
1.006119     1.35249000e-05
1.006455     5.92147000e-06
1.006790     8.10466000e-06
1.007126     1.33980000e-05
1.007462     1.79560000e-05
1.007797     1.77757000e-05
1.008133     6.21566000e-06
1.008469     1.86948000e-05
1.008806     1.72060000e-05
1.009142     1.98465000e-05
1.009478     2.34894000e-05
1.009815     6.99060000e-06
1.010151     1.83635000e-05
1.010488     6.66845000e-06
1.010825     8.38657000e-06
1.011162     5.83588000e-06
1.011499     5.63895000e-06
1.011836     7.35940000e-06
1.012173     1.72030000e-05
1.012511     2.57359000e-05
1.012848     1.44876000e-05
1.013186     4.51347000e-06
1.013524     1.66764000e-05
1.013861     4.97244000e-06
1.014199     1.68362000e-05
1.014537     1.85562000e-06
1.014876     1.34880000e-05
1.015214     4.19900000e-06
1.015552     3.69081000e-06
1.015891     8.27934000e-06
1.016229     2.09466000e-05
1.016568     1.76674000e-05
1.016907     1.63401000e-05
1.017246     4.72002000e-06
1.017585     1.03446000e-05
1.017924     1.27453000e-05
1.018264     9.19965000e-06
1.018603     1.17660000e-05
1.018943     1.64642000e-05
1.019282     5.52202000e-06
1.019622     1.18634000e-05
1.019962     1.84365000e-05
1.020302     1.38197000e-05
1.020642     2.16429000e-05
1.020982     1.90668000e-05
1.021322     1.84221000e-05
1.021663     1.38086000e-05
1.022003     8.80300000e-06
1.022344     5.31192000e-06
1.022685     1.37314000e-05
1.023026     5.93793000e-06
1.023367     1.80906000e-05
1.023708     2.46943000e-05
1.024049     1.21121000e-05
1.024390     2.37324000e-05
1.024732     1.97527000e-05
1.025074     1.69998000e-05
1.025415     2.76171000e-05
1.025757     8.46177000e-06
1.026099     2.04326000e-05
1.026441     2.61648000e-05
1.026783     1.47113000e-05
1.027125     1.70165000e-05
1.027468     1.89774000e-05
1.027810     2.55250000e-05
1.028153     1.70901000e-05
1.028496     2.67215000e-05
1.028838     2.16292000e-05
1.029181     2.64142000e-05
1.029524     2.54396000e-05
1.029868     2.44240000e-05
1.030211     1.41356000e-05
1.030554     1.54138000e-05
1.030898     2.42505000e-05
1.031241     2.31966000e-05
1.031585     1.20726000e-05
1.031929     2.67030000e-05
1.032273     1.62596000e-05
1.032617     2.63582000e-05
1.032961     2.37609000e-05
1.033306     2.56095000e-05
1.033650     2.54645000e-05
1.033995     2.65741000e-05
1.034339     1.80233000e-05
1.034684     1.93930000e-05
1.035029     2.90618000e-05
1.035374     2.36024000e-05
1.035719     2.04560000e-05
1.036064     2.61441000e-05
1.036410     1.90570000e-05
1.036755     2.88128000e-05
1.037101     2.95470000e-05
1.037446     3.03679000e-05
1.037792     2.39602000e-05
1.038138     3.13675000e-05
1.038484     2.85018000e-05
1.038830     1.81186000e-05
1.039177     2.57322000e-05
1.039523     1.80771000e-05
1.039870     3.29922000e-05
1.040216     2.29340000e-05
1.040563     2.84173000e-05
1.040910     2.65181000e-05
1.041257     1.91147000e-05
1.041604     3.12236000e-05
1.041951     2.33855000e-05
1.042298     2.75253000e-05
1.042646     2.37719000e-05
1.042993     2.28976000e-05
1.043341     2.93265000e-05
1.043689     3.05765000e-05
1.044037     2.73378000e-05
1.044385     2.75798000e-05
1.044733     2.46735000e-05
1.045081     2.84753000e-05
1.045429     2.33181000e-05
1.045778     2.64308000e-05
1.046126     3.36492000e-05
1.046475     3.35778000e-05
1.046824     3.39632000e-05
1.047173     2.66097000e-05
1.047522     2.73278000e-05
1.047871     3.23055000e-05
1.048220     1.57922000e-05
1.048570     1.73310000e-05
1.048919     3.34611000e-05
1.049269     2.54602000e-05
1.049619     3.45997000e-05
1.049969     3.55261000e-05
1.050319     2.90962000e-05
1.050669     2.48601000e-05
1.051019     2.97999000e-05
1.051369     3.04312000e-05
1.051720     3.39715000e-05
1.052070     3.12320000e-05
1.052421     2.48049000e-05
1.052772     2.83966000e-05
1.053123     3.03228000e-05
1.053474     3.65070000e-05
1.053825     3.19133000e-05
1.054176     3.03836000e-05
1.054528     3.83756000e-05
1.054879     3.10724000e-05
1.055231     3.32668000e-05
1.055583     3.70809000e-05
1.055934     3.40165000e-05
1.056286     3.45239000e-05
1.056638     3.60367000e-05
1.056991     3.56498000e-05
1.057343     3.75798000e-05
1.057695     3.49896000e-05
1.058048     3.53796000e-05
1.058401     3.66929000e-05
1.058754     3.40271000e-05
1.059106     1.75360000e-05
1.059459     3.17947000e-05
1.059813     2.93043000e-05
1.060166     3.60866000e-05
1.060519     3.39194000e-05
1.060873     2.31830000e-05
1.061226     3.46464000e-05
1.061580     3.69224000e-05
1.061934     3.74088000e-05
1.062288     3.68143000e-05
1.062642     3.24683000e-05
1.062996     2.91965000e-05
1.063351     3.45434000e-05
1.063705     3.03687000e-05
1.064060     3.80688000e-05
1.064414     3.71046000e-05
1.064769     3.78701000e-05
1.065124     3.52584000e-05
1.065479     7.59550000e-06
1.065834     2.77742000e-05
1.066190     3.35367000e-05
1.066545     3.84021000e-05
1.066900     1.55321000e-05
1.067256     3.53026000e-05
1.067612     2.48624000e-05
1.067968     3.95790000e-05
1.068324     2.81327000e-05
1.068680     2.65166000e-05
1.069036     3.92227000e-05
1.069392     1.31668000e-05
1.069749     3.17988000e-05
1.070105     3.09979000e-05
1.070462     3.99795000e-05
1.070819     3.63479000e-05
1.071176     2.20606000e-05
1.071533     3.72955000e-05
1.071890     3.48198000e-05
1.072247     3.51614000e-05
1.072605     2.27153000e-05
1.072962     3.70972000e-05
1.073320     4.06008000e-05
1.073678     4.14036000e-05
1.074036     3.75674000e-05
1.074394     3.86712000e-05
1.074752     2.06776000e-05
1.075110     3.98420000e-05
1.075468     4.19653000e-05
1.075827     3.74343000e-05
1.076186     3.69214000e-05
1.076544     3.20280000e-05
1.076903     1.98791000e-05
1.077262     3.27460000e-05
1.077621     4.03810000e-05
1.077980     3.51913000e-05
1.078340     2.17369000e-05
1.078699     1.73971000e-05
1.079059     3.93398000e-05
1.079418     3.72338000e-05
1.079778     3.72946000e-05
1.080138     2.83308000e-05
1.080498     3.43774000e-05
1.080858     2.87023000e-05
1.081219     4.28590000e-05
1.081579     3.52284000e-05
1.081940     3.82405000e-05
1.082300     2.57934000e-05
1.082661     3.77709000e-05
1.083022     3.53987000e-05
1.083383     3.72495000e-05
1.083744     3.93177000e-05
1.084105     1.29361000e-05
1.084467     4.04569000e-05
1.084828     3.78650000e-05
1.085190     3.42447000e-05
1.085551     3.05317000e-05
1.085913     2.86420000e-05
1.086275     1.97887000e-06
1.086637     8.52764000e-06
1.087000     3.42133000e-05
1.087362     4.13717000e-05
1.087724     3.92107000e-05
1.088087     3.86167000e-05
1.088450     2.32771000e-05
1.088812     2.71853000e-05
1.089175     1.04507000e-05
1.089538     2.52444000e-05
1.089902     3.21449000e-05
1.090265     9.58900000e-06
1.090628     1.41928000e-05
1.090992     3.37044000e-05
1.091356     2.36676000e-05
1.091719     2.20207000e-05
1.092083     1.20466000e-05
1.092447     2.53045000e-05
1.092811     2.84595000e-05
1.093176     4.33569000e-06
1.093540     8.09218000e-06
1.093905     1.61367000e-05
1.094269     7.11350000e-07
1.094634     3.14880000e-05
1.094999     1.27361000e-05
1.095364     2.33698000e-05
1.095729     1.77221000e-06
1.096094     1.02436000e-05
1.096460     2.27036000e-06
1.096825     1.52267000e-05
1.097191     2.11887000e-05
1.097556     1.32782000e-05
1.097922     3.14663000e-06
1.098288     1.30421000e-05
1.098654     7.92044000e-06
1.099021     1.35350000e-05
1.099387     5.41442000e-06
1.099753     1.31883000e-05
1.100120     1.21103000e-05
1.100487     4.28531000e-06
1.100853     1.51925000e-05
1.101220     4.08657000e-06
1.101588     1.72046000e-05
1.101955     2.23006000e-05
1.102322     2.74439000e-05
1.102689     2.70872000e-05
1.103057     6.32730000e-06
1.103425     1.78562000e-07
1.103793     1.30953000e-05
1.104160     1.45904000e-05
1.104529     1.90220000e-05
1.104897     2.21228000e-05
1.105265     9.62922000e-06
1.105633     5.49678000e-06
1.106002     2.19696000e-05
1.106371     1.95429000e-05
1.106739     1.69212000e-05
1.107108     2.04129000e-05
1.107477     1.28519000e-07
1.107847     1.26943000e-05
1.108216     8.12114000e-06
1.108585     1.72181000e-06
1.108955     2.63787000e-05
1.109324     1.06495000e-05
1.109694     3.87033000e-06
1.110064     5.73887000e-06
1.110434     8.27959000e-06
1.110804     2.11670000e-05
1.111174     6.71152000e-07
1.111545     8.89973000e-07
1.111915     1.44168000e-06
1.112286     1.11748000e-06
1.112657     1.69915000e-06
1.113028     6.00450000e-06
1.113399     1.58981000e-05
1.113770     8.76174000e-06
1.114141     8.07169000e-07
1.114512     3.30940000e-06
1.114884     8.39364000e-06
1.115256     7.93314000e-06
1.115627     1.25963000e-05
1.115999     1.78873000e-05
1.116371     1.45223000e-08
1.116743     1.19292000e-05
1.117116     3.22310000e-06
1.117488     1.22420000e-06
1.117860     1.64232000e-06
1.118233     1.68781000e-05
1.118606     1.38897000e-05
1.118979     7.22057000e-06
1.119352     2.57945000e-06
1.119725     1.88786000e-06
1.120098     1.14485000e-05
1.120471     5.45137000e-06
1.120845     5.39188000e-06
1.121219     1.63097000e-05
1.121592     1.00087000e-05
1.121966     1.14677000e-07
1.122340     5.91201000e-07
1.122714     6.84046000e-07
1.123088     1.61002000e-06
1.123463     6.01230000e-06
1.123837     2.71385000e-07
1.124212     4.56042000e-06
1.124587     1.03470000e-05
1.124962     3.84872000e-06
1.125337     3.80956000e-07
1.125712     1.15680000e-05
1.126087     1.53675000e-05
1.126462     9.99468000e-06
1.126838     4.81475000e-07
1.127213     5.82617000e-07
1.127589     2.05784000e-05
1.127965     5.18823000e-06
1.128341     6.90151000e-06
1.128717     1.68684000e-05
1.129093     1.88515000e-06
1.129470     1.96675000e-05
1.129846     1.73801000e-07
1.130223     9.65451000e-06
1.130599     4.95653000e-06
1.130976     1.01668000e-05
1.131353     9.05154000e-06
1.131730     7.81389000e-07
1.132108     1.72408000e-06
1.132485     6.03751000e-06
1.132863     3.33278000e-07
1.133240     1.71963000e-06
1.133618     9.56924000e-06
1.133996     1.04615000e-05
1.134374     3.82907000e-08
1.134752     3.08717000e-06
1.135130     2.20799000e-08
1.135509     1.92726000e-06
1.135887     1.35370000e-07
1.136266     4.31984000e-06
1.136644     1.40832000e-06
1.137023     8.65492000e-06
1.137402     1.17897000e-05
1.137781     1.24075000e-05
1.138161     1.22530000e-07
1.138540     2.16152000e-08
1.138920     1.10643000e-05
1.139299     7.82668000e-06
1.139679     4.93680000e-06
1.140059     7.29307000e-07
1.140439     1.00009000e-05
1.140819     1.76386000e-05
1.141199     2.61047000e-07
1.141580     1.45654000e-06
1.141960     1.87237000e-07
1.142341     4.28147000e-06
1.142722     2.16798000e-06
1.143103     2.38854000e-06
1.143484     7.31254000e-06
1.143865     1.81888000e-06
1.144246     3.41094000e-06
1.144628     7.38894000e-06
1.145009     1.13713000e-05
1.145391     6.92809000e-07
1.145773     8.64095000e-06
1.146154     3.61042000e-06
1.146537     2.01744000e-06
1.146919     7.92337000e-06
1.147301     5.28818000e-06
1.147683     3.96576000e-07
1.148066     5.11049000e-06
1.148449     2.71714000e-06
1.148832     6.54241000e-06
1.149214     1.29889000e-05
1.149598     8.41754000e-06
1.149981     5.96407000e-06
1.150364     2.84803000e-06
1.150748     5.72361000e-06
1.151131     2.73014000e-06
1.151515     8.75410000e-06
1.151899     1.43655000e-06
1.152283     4.21188000e-06
1.152667     1.39453000e-06
1.153051     5.30350000e-06
1.153435     3.38993000e-06
1.153820     2.25414000e-06
1.154204     3.53378000e-06
1.154589     4.84150000e-07
1.154974     2.10465000e-06
1.155359     4.63345000e-07
1.155744     3.55214000e-08
1.156129     9.27868000e-07
1.156515     2.09790000e-06
1.156900     2.69513000e-06
1.157286     2.44316000e-06
1.157672     8.06374000e-07
1.158057     7.45611000e-07
1.158443     4.64250000e-06
1.158830     1.23222000e-06
1.159216     2.01652000e-07
1.159602     4.19981000e-06
1.159989     8.66770000e-06
1.160376     5.60393000e-06
1.160762     1.94158000e-07
1.161149     1.12263000e-05
1.161536     1.28798000e-05
1.161923     1.09069000e-06
1.162311     1.20857000e-06
1.162698     1.39141000e-06
1.163086     1.04106000e-06
1.163473     8.58543000e-07
1.163861     7.26542000e-06
1.164249     3.17373000e-06
1.164637     1.57987000e-05
1.165026     1.09947000e-05
1.165414     2.44530000e-06
1.165802     3.99679000e-06
1.166191     1.11913000e-05
1.166580     9.83713000e-06
1.166969     1.54483000e-05
1.167358     9.67825000e-06
1.167747     6.60957000e-06
1.168136     1.17148000e-05
1.168525     1.99411000e-06
1.168915     4.37750000e-06
1.169304     1.13856000e-05
1.169694     1.55424000e-06
1.170084     7.06338000e-06
1.170474     6.83203000e-06
1.170864     9.07325000e-06
1.171255     4.78201000e-06
1.171645     2.44324000e-06
1.172036     9.30487000e-06
1.172426     2.67974000e-06
1.172817     6.96911000e-06
1.173208     3.08389000e-07
1.173599     8.85222000e-07
1.173990     1.52390000e-07
1.174382     3.42719000e-06
1.174773     7.85980000e-06
1.175165     7.29313000e-06
1.175556     2.49461000e-06
1.175948     5.54751000e-06
1.176340     6.42980000e-06
1.176732     1.65873000e-06
1.177125     4.17416000e-06
1.177517     1.05529000e-05
1.177909     9.90576000e-06
1.178302     4.53027000e-06
1.178695     6.21123000e-06
1.179088     3.09928000e-07
1.179481     5.49310000e-06
1.179874     2.59778000e-06
1.180267     6.34053000e-06
1.180661     4.61853000e-06
1.181054     2.05559000e-06
1.181448     1.43572000e-05
1.181842     4.10252000e-06
1.182236     9.25437000e-06
1.182630     2.51260000e-06
1.183024     7.63846000e-07
1.183418     8.17117000e-06
1.183813     2.61731000e-06
1.184207     1.71403000e-05
1.184602     1.03773000e-05
1.184997     1.40990000e-05
1.185392     5.75060000e-06
1.185787     1.41994000e-05
1.186182     2.46222000e-06
1.186578     1.51998000e-06
1.186973     9.37448000e-06
1.187369     2.69058000e-06
1.187765     7.24683000e-06
1.188161     1.49485000e-05
1.188557     2.07478000e-05
1.188953     2.80824000e-06
1.189349     2.12128000e-05
1.189746     3.37736000e-06
1.190142     8.80304000e-06
1.190539     1.08572000e-05
1.190936     2.99667000e-06
1.191333     2.02406000e-05
1.191730     6.61744000e-06
1.192127     1.42228000e-06
1.192524     1.34743000e-06
1.192922     4.21912000e-06
1.193320     2.08280000e-05
1.193717     8.46620000e-06
1.194115     1.70292000e-05
1.194513     1.53024000e-05
1.194911     1.03541000e-05
1.195310     2.03381000e-06
1.195708     1.21607000e-05
1.196107     1.78655000e-05
1.196506     1.25212000e-05
1.196904     2.32311000e-05
1.197303     1.07546000e-05
1.197702     1.27417000e-05
1.198102     3.14692000e-06
1.198501     2.32951000e-05
1.198901     1.11000000e-05
1.199300     2.48947000e-06
1.199700     1.92373000e-05
1.200100     1.83690000e-05
1.200500     1.36751000e-05
1.200900     1.14754000e-05
1.201300     2.49220000e-05
1.201701     4.49930000e-06
1.202101     1.14136000e-05
1.202502     2.10557000e-05
1.202903     2.20439000e-05
1.203304     1.80611000e-05
1.203705     4.50190000e-06
1.204106     8.21027000e-06
1.204508     5.51018000e-06
1.204909     2.49193000e-05
1.205311     3.05772000e-05
1.205712     2.95024000e-05
1.206114     5.77825000e-06
1.206516     1.04712000e-06
1.206919     1.58380000e-05
1.207321     1.50749000e-05
1.207723     1.69296000e-05
1.208126     5.19555000e-07
1.208529     4.25075000e-07
1.208931     3.89597000e-05
1.209334     5.07399000e-06
1.209738     1.71074000e-05
1.210141     3.86619000e-05
1.210544     6.58979000e-06
1.210948     9.81144000e-06
1.211351     2.20080000e-07
1.211755     2.65060000e-05
1.212159     2.71468000e-05
1.212563     2.92767000e-05
1.212967     7.93376000e-06
1.213372     1.40754000e-05
1.213776     2.64891000e-05
1.214181     2.96724000e-05
1.214585     3.24080000e-05
1.214990     1.86974000e-05
1.215395     3.37500000e-05
1.215800     1.60776000e-05
1.216206     1.32270000e-05
1.216611     2.97130000e-05
1.217017     2.44486000e-05
1.217422     3.46805000e-05
1.217828     3.32603000e-05
1.218234     4.54193000e-06
1.218640     1.53434000e-05
1.219046     2.55543000e-05
1.219453     3.34337000e-05
1.219859     3.01519000e-05
1.220266     2.17510000e-05
1.220672     1.35342000e-05
1.221079     2.36997000e-05
1.221486     3.97352000e-05
1.221894     2.58295000e-05
1.222301     4.61600000e-05
1.222708     1.45486000e-05
1.223116     3.01688000e-05
1.223524     9.14616000e-06
1.223931     4.74556000e-05
1.224339     3.19137000e-05
1.224747     5.08501000e-05
1.225156     1.71513000e-05
1.225564     1.75019000e-05
1.225973     4.32377000e-05
1.226381     2.81188000e-05
1.226790     3.34624000e-05
1.227199     4.21629000e-05
1.227608     1.53140000e-05
1.228017     3.20956000e-05
1.228427     4.40297000e-05
1.228836     3.88895000e-05
1.229246     3.43816000e-05
1.229655     5.06252000e-05
1.230065     2.68462000e-05
1.230475     1.68255000e-05
1.230886     2.94977000e-05
1.231296     5.15753000e-05
1.231706     2.36360000e-05
1.232117     2.91885000e-05
1.232528     4.22931000e-05
1.232938     3.90903000e-05
1.233349     3.95990000e-05
1.233760     1.70248000e-05
1.234172     4.93481000e-05
1.234583     5.39775000e-05
1.234995     5.27213000e-05
1.235406     2.61247000e-05
1.235818     6.81690000e-06
1.236230     6.27516000e-05
1.236642     5.10165000e-05
1.237054     4.89004000e-05
1.237467     4.89231000e-05
1.237879     3.73537000e-05
1.238292     3.30368000e-05
1.238705     5.88534000e-05
1.239117     3.91379000e-05
1.239531     2.94417000e-05
1.239944     1.87060000e-05
1.240357     2.30131000e-05
1.240770     4.29561000e-05
1.241184     5.25390000e-05
1.241598     3.18175000e-05
1.242012     5.13204000e-05
1.242426     3.08930000e-05
1.242840     6.26743000e-05
1.243254     2.32392000e-05
1.243668     1.42564000e-05
1.244083     3.53245000e-05
1.244498     3.25159000e-05
1.244913     5.90952000e-05
1.245328     5.26247000e-05
1.245743     4.91193000e-05
1.246158     3.22509000e-05
1.246573     4.58635000e-05
1.246989     5.44722000e-05
1.247404     5.82167000e-05
1.247820     3.01936000e-05
1.248236     5.11864000e-05
1.248652     4.41010000e-05
1.249068     4.85480000e-05
1.249485     5.70751000e-05
1.249901     4.85608000e-05
1.250318     3.67263000e-05
1.250735     4.97646000e-05
1.251152     5.49987000e-05
1.251569     2.27913000e-05
1.251986     3.39506000e-05
1.252403     5.73140000e-05
1.252821     4.54867000e-05
1.253238     6.16782000e-05
1.253656     3.00447000e-05
1.254074     4.05849000e-05
1.254492     5.96754000e-05
1.254910     6.36160000e-05
1.255328     4.53607000e-05
1.255747     7.36455000e-05
1.256165     3.89395000e-05
1.256584     4.65542000e-05
1.257003     5.31050000e-05
1.257422     6.09784000e-05
1.257841     6.32539000e-05
1.258260     6.64122000e-05
1.258680     5.89342000e-05
1.259099     4.84779000e-05
1.259519     5.26103000e-05
1.259939     3.17082000e-05
1.260359     5.23570000e-05
1.260779     4.10638000e-05
1.261199     4.82482000e-05
1.261620     7.18802000e-05
1.262040     5.82260000e-05
1.262461     2.81243000e-06
1.262882     4.94313000e-05
1.263303     6.63375000e-05
1.263724     4.47104000e-05
1.264145     6.81076000e-05
1.264566     6.06591000e-05
1.264988     4.55367000e-05
1.265410     6.21061000e-05
1.265831     2.50821000e-05
1.266253     2.68080000e-05
1.266675     3.75782000e-05
1.267098     5.26771000e-05
1.267520     6.61988000e-05
1.267943     5.89132000e-05
1.268365     7.62579000e-05
1.268788     6.62427000e-05
1.269211     6.91889000e-05
1.269634     5.41964000e-05
1.270057     5.75280000e-05
1.270481     6.62063000e-05
1.270904     4.39900000e-05
1.271328     3.77357000e-05
1.271751     6.25128000e-05
1.272175     6.17651000e-05
1.272599     6.39080000e-05
1.273024     6.20676000e-05
1.273448     1.75368000e-06
1.273872     6.22714000e-05
1.274297     5.02225000e-05
1.274722     5.53827000e-05
1.275147     7.18875000e-05
1.275572     4.11437000e-05
1.275997     1.30645000e-05
1.276422     7.60974000e-05
1.276848     3.26292000e-05
1.277273     4.43068000e-05
1.277699     5.69753000e-05
1.278125     6.34531000e-05
1.278551     6.52003000e-05
1.278977     7.36471000e-05
1.279404     7.34559000e-05
1.279830     1.39690000e-05
1.280257     1.33592000e-05
1.280683     6.99589000e-05
1.281110     1.20877000e-05
1.281537     7.28542000e-05
1.281965     8.01777000e-05
1.282392     8.42982000e-05
1.282819     9.22451000e-07
1.283247     2.71205000e-05
1.283675     5.54237000e-05
1.284103     1.95143000e-05
1.284531     3.46371000e-05
1.284959     4.55895000e-05
1.285387     6.99015000e-05
1.285816     7.42733000e-05
1.286244     1.13703000e-05
1.286673     5.87579000e-05
1.287102     2.45084000e-05
1.287531     3.86994000e-05
1.287960     5.75793000e-05
1.288389     4.76769000e-05
1.288819     6.69153000e-05
1.289248     6.44246000e-05
1.289678     5.98860000e-05
1.290108     7.53833000e-05
1.290538     7.18088000e-05
1.290968     6.33175000e-05
1.291399     1.53516000e-05
1.291829     4.74302000e-05
1.292260     5.48120000e-05
1.292690     1.11387000e-05
1.293121     6.69695000e-05
1.293552     6.84144000e-05
1.293984     7.75723000e-07
1.294415     7.79216000e-05
1.294846     4.28164000e-05
1.295278     7.46348000e-05
1.295710     2.30340000e-05
1.296142     5.59047000e-05
1.296574     6.67295000e-05
1.297006     5.57497000e-05
1.297438     2.06693000e-06
1.297871     6.73720000e-05
1.298303     2.37090000e-05
1.298736     1.10544000e-05
1.299169     5.41218000e-05
1.299602     5.93059000e-05
1.300035     5.27682000e-05
1.300469     2.66148000e-05
1.300902     2.95531000e-05
1.301336     3.60039000e-05
1.301770     3.92417000e-06
1.302203     6.58191000e-05
1.302638     5.50143000e-05
1.303072     5.46431000e-05
1.303506     1.89951000e-05
1.303941     6.19711000e-05
1.304375     3.21455000e-05
1.304810     6.62234000e-05
1.305245     4.88236000e-05
1.305680     3.44113000e-06
1.306115     5.42396000e-05
1.306551     4.61579000e-05
1.306986     2.96914000e-05
1.307422     9.98723000e-06
1.307858     5.22206000e-05
1.308294     3.61922000e-05
1.308730     3.48191000e-05
1.309166     3.24725000e-05
1.309602     3.05432000e-05
1.310039     2.37002000e-05
1.310476     6.53874000e-05
1.310912     8.67451000e-06
1.311349     1.10688000e-05
1.311786     5.16740000e-05
1.312224     2.88431000e-05
1.312661     6.80012000e-05
1.313099     5.53188000e-06
1.313536     7.22808000e-05
1.313974     2.77728000e-05
1.314412     2.95914000e-05
1.314850     4.98544000e-05
1.315289     5.45132000e-05
1.315727     2.26073000e-05
1.316166     4.05305000e-05
1.316604     4.54455000e-06
1.317043     5.36290000e-05
1.317482     4.65298000e-05
1.317921     2.93936000e-05
1.318361     3.60842000e-05
1.318800     1.85121000e-06
1.319240     5.29637000e-05
1.319679     4.54326000e-05
1.320119     2.17647000e-06
1.320559     2.62767000e-05
1.321000     3.96380000e-05
1.321440     1.28863000e-05
1.321880     3.53033000e-05
1.322321     2.38884000e-05
1.322762     3.46841000e-05
1.323203     5.79444000e-06
1.323644     1.98615000e-05
1.324085     2.95256000e-06
1.324526     4.76932000e-05
1.324968     3.02239000e-05
1.325410     4.89954000e-07
1.325851     5.56167000e-05
1.326293     2.11425000e-05
1.326735     2.38076000e-05
1.327178     1.77780000e-06
1.327620     9.43202000e-06
1.328063     8.78798000e-06
1.328505     2.53484000e-05
1.328948     1.93345000e-05
1.329391     1.65714000e-05
1.329834     2.84693000e-05
1.330278     2.42306000e-05
1.330721     1.17080000e-05
1.331165     6.11683000e-06
1.331608     1.89627000e-05
1.332052     1.02449000e-05
1.332496     1.35496000e-07
1.332940     1.48440000e-05
1.333385     1.04828000e-05
1.333829     8.60878000e-06
1.334274     1.62102000e-05
1.334718     5.34234000e-06
1.335163     2.69567000e-06
1.335608     8.55799000e-06
1.336054     9.48717000e-06
1.336499     1.15501000e-05
1.336944     4.50856000e-06
1.337390     3.30122000e-06
1.337836     1.18290000e-05
1.338282     2.08838000e-06
1.338728     3.93115000e-06
1.339174     1.20593000e-05
1.339621     1.17874000e-05
1.340067     6.55467000e-07
1.340514     1.14073000e-07
1.340961     8.04472000e-06
1.341408     1.47151000e-05
1.341855     7.43227000e-08
1.342302     3.23814000e-06
1.342749     1.20530000e-06
1.343197     9.30251000e-06
1.343645     1.02620000e-05
1.344093     1.22239000e-05
1.344541     1.15825000e-07
1.344989     8.78518000e-06
1.345437     1.09777000e-05
1.345886     7.31171000e-06
1.346334     3.53679000e-06
1.346783     2.84141000e-07
1.347232     5.51552000e-06
1.347681     4.07344000e-08
1.348130     3.16367000e-06
1.348580     1.51406000e-05
1.349029     2.04093000e-07
1.349479     9.48838000e-06
1.349929     7.70543000e-08
1.350379     7.97051000e-07
1.350829     1.47299000e-06
1.351279     4.23182000e-06
1.351730     1.37779000e-07
1.352180     6.23750000e-06
1.352631     7.97191000e-06
1.353082     7.90520000e-06
1.353533     7.63026000e-06
1.353984     4.12589000e-06
1.354435     6.69357000e-06
1.354887     6.81376000e-06
1.355338     1.65738000e-06
1.355790     1.82291000e-07
1.356242     1.19517000e-05
1.356694     3.94276000e-06
1.357146     3.43715000e-08
1.357599     6.04637000e-06
1.358051     2.54151000e-06
1.358504     6.67080000e-06
1.358957     3.77801000e-06
1.359410     1.82137000e-06
1.359863     1.56699000e-06
1.360316     2.20484000e-06
1.360770     6.29079000e-06
1.361223     3.20498000e-06
1.361677     1.45859000e-07
1.362131     5.62730000e-06
1.362585     4.20683000e-06
1.363039     4.39347000e-06
1.363493     2.49675000e-06
1.363948     1.79994000e-06
1.364403     1.66487000e-06
1.364857     3.11709000e-07
1.365312     7.99550000e-06
1.365767     1.57082000e-06
1.366223     1.02721000e-07
1.366678     6.33057000e-07
1.367134     9.22124000e-07
1.367589     1.18375000e-06
1.368045     7.12854000e-06
1.368501     8.37773000e-07
1.368957     1.14962000e-05
1.369414     1.27178000e-06
1.369870     6.80063000e-07
1.370327     1.18267000e-07
1.370784     9.74285000e-06
1.371241     2.52769000e-06
1.371698     3.59301000e-06
1.372155     1.94312000e-06
1.372612     6.19163000e-06
1.373070     4.09547000e-06
1.373527     1.03833000e-06
1.373985     1.39694000e-06
1.374443     9.18010000e-08
1.374901     2.63633000e-06
1.375360     8.39253000e-06
1.375818     2.07421000e-06
1.376277     1.92824000e-06
1.376736     4.12763000e-06
1.377195     2.89078000e-06
1.377654     4.05717000e-07
1.378113     3.68580000e-06
1.378572     1.00695000e-07
1.379032     5.72882000e-07
1.379491     1.26728000e-06
1.379951     4.03572000e-06
1.380411     6.98387000e-06
1.380871     1.02131000e-05
1.381332     4.55429000e-06
1.381792     5.85400000e-06
1.382253     7.29011000e-07
1.382713     9.36519000e-08
1.383174     2.60910000e-07
1.383635     7.94258000e-06
1.384097     6.44835000e-07
1.384558     1.52052000e-07
1.385019     1.81350000e-06
1.385481     5.53566000e-06
1.385943     3.28077000e-06
1.386405     1.02383000e-07
1.386867     2.00432000e-06
1.387329     5.03444000e-07
1.387792     3.86913000e-07
1.388254     5.20910000e-06
1.388717     5.06031000e-06
1.389180     1.60685000e-06
1.389643     5.15266000e-07
1.390106     5.25684000e-06
1.390570     2.04427000e-06
1.391033     8.09037000e-06
1.391497     5.64937000e-06
1.391961     1.85341000e-07
1.392425     4.51343000e-06
1.392889     4.92517000e-07
1.393353     2.53173000e-06
1.393818     1.66112000e-06
1.394282     1.30934000e-06
1.394747     3.63948000e-06
1.395212     1.51724000e-07
1.395677     1.43630000e-06
1.396142     1.27601000e-05
1.396608     1.03316000e-07
1.397073     3.53219000e-07
1.397539     1.73720000e-07
1.398005     4.27768000e-07
1.398471     3.05830000e-06
1.398937     6.13931000e-07
1.399403     4.62888000e-06
1.399870     4.99263000e-07
1.400336     7.94747000e-06
1.400803     3.04474000e-06
1.401270     4.67944000e-06
1.401737     4.27604000e-06
1.402204     2.52839000e-06
1.402672     2.81632000e-06
1.403139     7.40112000e-06
1.403607     6.94284000e-06
1.404075     1.62982000e-06
1.404543     3.22352000e-06
1.405011     1.74115000e-07
1.405479     2.23083000e-07
1.405948     4.89199000e-06
1.406416     4.34104000e-06
1.406885     2.25988000e-06
1.407354     2.29929000e-06
1.407823     1.39600000e-06
1.408293     7.60598000e-07
1.408762     4.62350000e-06
1.409232     3.22470000e-06
1.409701     6.35903000e-06
1.410171     8.18808000e-06
1.410641     1.34626000e-07
1.411112     6.31812000e-06
1.411582     4.75001000e-06
1.412052     2.77239000e-06
1.412523     7.86559000e-06
1.412994     1.19390000e-05
1.413465     7.85006000e-06
1.413936     5.72965000e-07
1.414407     1.01007000e-05
1.414879     4.83315000e-07
1.415351     6.99266000e-06
1.415822     5.76746000e-06
1.416294     4.19822000e-06
1.416766     9.84980000e-06
1.417239     1.05166000e-06
1.417711     9.87809000e-07
1.418184     4.74955000e-07
1.418656     5.38396000e-06
1.419129     6.29313000e-06
1.419602     1.34864000e-06
1.420075     2.37604000e-06
1.420549     2.04741000e-07
1.421022     7.74889000e-06
1.421496     2.28605000e-07
1.421970     8.56966000e-07
1.422444     8.59657000e-07
1.422918     7.37703000e-06
1.423392     4.20272000e-06
1.423867     3.38405000e-06
1.424341     2.66605000e-06
1.424816     3.74840000e-06
1.425291     4.24719000e-07
1.425766     8.20523000e-06
1.426241     4.15873000e-06
1.426717     1.65704000e-06
1.427192     6.48118000e-07
1.427668     1.50868000e-06
1.428144     1.47233000e-06
1.428620     4.44714000e-07
1.429096     4.79266000e-06
1.429573     1.09997000e-05
1.430049     8.38595000e-06
1.430526     5.69078000e-06
1.431003     1.54029000e-05
1.431480     4.63653000e-07
1.431957     6.34825000e-06
1.432434     1.42618000e-07
1.432912     3.17582000e-06
1.433389     7.67188000e-06
1.433867     1.05424000e-05
1.434345     2.53372000e-07
1.434823     9.98699000e-06
1.435301     3.35251000e-06
1.435780     1.11060000e-05
1.436258     8.86841000e-06
1.436737     2.69067000e-06
1.437216     6.45377000e-07
1.437695     4.21378000e-06
1.438174     2.80797000e-06
1.438654     1.23191000e-06
1.439133     5.15191000e-06
1.439613     5.45918000e-06
1.440093     1.74946000e-05
1.440573     4.55906000e-06
1.441053     3.82036000e-06
1.441534     9.43263000e-06
1.442014     1.08919000e-05
1.442495     1.03286000e-05
1.442976     5.17890000e-06
1.443457     8.08355000e-06
1.443938     1.64351000e-06
1.444419     3.78109000e-07
1.444900     2.51412000e-06
1.445382     6.22484000e-06
1.445864     4.56539000e-06
1.446346     1.36009000e-05
1.446828     1.45043000e-06
1.447310     3.49359000e-06
1.447793     8.36028000e-06
1.448275     2.36751000e-05
1.448758     1.15782000e-06
1.449241     1.13514000e-05
1.449724     3.85986000e-06
1.450207     4.07089000e-06
1.450691     4.93793000e-07
1.451174     2.96041000e-07
1.451658     2.05998000e-05
1.452142     4.58231000e-06
1.452626     2.39177000e-06
1.453110     1.60971000e-05
1.453595     9.57138000e-07
1.454079     1.86538000e-06
1.454564     2.54685000e-05
1.455049     2.91836000e-05
1.455534     2.90652000e-07
1.456019     8.28163000e-06
1.456504     1.47037000e-06
1.456990     1.50369000e-06
1.457475     1.01561000e-05
1.457961     5.40253000e-06
1.458447     1.63850000e-05
1.458933     1.70092000e-05
1.459420     2.72908000e-06
1.459906     1.98648000e-06
1.460393     2.23007000e-05
1.460879     1.39746000e-06
1.461366     3.47420000e-06
1.461854     1.50607000e-05
1.462341     1.62380000e-05
1.462828     1.65306000e-05
1.463316     1.83485000e-05
1.463804     8.72032000e-06
1.464292     1.63865000e-05
1.464780     1.33668000e-05
1.465268     3.01118000e-07
1.465756     1.09868000e-05
1.466245     1.86856000e-05
1.466734     2.94806000e-05
1.467223     1.80681000e-05
1.467712     9.96300000e-06
1.468201     1.28754000e-06
1.468690     1.82877000e-05
1.469180     5.04534000e-06
1.469670     7.13104000e-07
1.470160     9.28809000e-06
1.470650     1.36097000e-05
1.471140     1.87680000e-05
1.471630     9.18520000e-06
1.472121     2.63805000e-06
1.472611     2.32152000e-07
1.473102     5.73628000e-06
1.473593     1.59765000e-05
1.474085     1.09961000e-05
1.474576     1.07123000e-05
1.475067     8.97221000e-07
1.475559     2.45974000e-05
1.476051     3.62360000e-05
1.476543     2.80846000e-06
1.477035     8.80358000e-06
1.477527     1.80682000e-05
1.478020     6.37696000e-06
1.478513     4.83066000e-05
1.479006     1.62574000e-05
1.479499     2.05230000e-05
1.479992     5.01774000e-07
1.480485     1.95207000e-05
1.480978     6.90266000e-07
1.481472     1.99983000e-05
1.481966     3.82284000e-06
1.482460     2.22109000e-05
1.482954     9.31974000e-06
1.483448     6.75911000e-06
1.483943     2.94511000e-05
1.484438     2.77739000e-06
1.484932     1.48718000e-05
1.485427     2.86386000e-05
1.485923     9.81462000e-06
1.486418     3.13304000e-05
1.486913     3.51100000e-05
1.487409     1.91562000e-05
1.487905     3.95250000e-07
1.488401     1.06940000e-05
1.488897     2.25242000e-05
1.489393     2.38558000e-05
1.489890     3.66332000e-06
1.490386     2.69974000e-05
1.490883     3.47606000e-06
1.491380     1.85347000e-05
1.491877     3.70604000e-07
1.492374     1.51482000e-05
1.492872     4.25299000e-06
1.493369     1.35777000e-05
1.493867     1.62456000e-05
1.494365     1.43687000e-05
1.494863     2.99562000e-06
1.495362     8.58916000e-06
1.495860     4.31386000e-06
1.496359     1.38531000e-05
1.496857     5.72399000e-07
1.497356     2.82285000e-05
1.497856     1.96014000e-05
1.498355     3.14519000e-05
1.498854     2.22841000e-05
1.499354     2.49024000e-05
1.499854     2.06818000e-05
1.500354     6.55368000e-06
1.500854     4.08125000e-05
1.501354     6.80793000e-06
1.501855     6.93748000e-06
1.502355     7.07065000e-07
1.502856     7.59483000e-07
1.503357     2.43316000e-05
1.503858     1.38138000e-06
1.504359     3.33345000e-05
1.504861     4.43179000e-05
1.505362     9.32388000e-07
1.505864     3.99456000e-06
1.506366     3.62352000e-05
1.506868     2.61282000e-05
1.507370     1.44430000e-05
1.507873     2.12787000e-06
1.508376     3.51794000e-05
1.508878     3.04285000e-05
1.509381     2.47374000e-05
1.509884     3.99767000e-05
1.510388     3.23633000e-05
1.510891     1.03483000e-05
1.511395     2.39292000e-05
1.511899     1.77539000e-05
1.512403     2.00909000e-06
1.512907     9.63799000e-06
1.513411     1.93552000e-05
1.513916     5.85019000e-06
1.514420     2.36757000e-05
1.514925     2.49812000e-05
1.515430     1.07275000e-05
1.515935     2.06550000e-05
1.516440     3.84377000e-06
1.516946     8.56324000e-06
1.517452     1.69251000e-05
1.517957     3.03120000e-05
1.518463     9.55502000e-06
1.518969     5.55569000e-05
1.519476     1.80238000e-05
1.519982     3.51760000e-05
1.520489     1.26849000e-05
1.520996     4.62276000e-05
1.521503     3.33112000e-05
1.522010     4.66469000e-06
1.522517     9.94854000e-06
1.523025     1.44018000e-05
1.523532     2.98706000e-05
1.524040     5.12209000e-05
1.524548     9.21976000e-06
1.525057     2.53733000e-06
1.525565     1.36746000e-05
1.526073     2.98549000e-06
1.526582     3.81790000e-05
1.527091     2.98437000e-06
1.527600     4.30682000e-05
1.528109     3.43265000e-05
1.528619     6.06628000e-05
1.529128     3.09220000e-05
1.529638     4.41032000e-05
1.530148     1.98088000e-05
1.530658     3.72503000e-05
1.531168     2.33090000e-05
1.531678     1.13099000e-05
1.532189     8.91304000e-07
1.532700     5.25729000e-05
1.533211     4.59730000e-05
1.533722     3.03966000e-05
1.534233     2.03198000e-05
1.534744     2.83821000e-05
1.535256     1.66770000e-05
1.535768     1.83105000e-05
1.536279     8.02131000e-06
1.536792     5.66561000e-05
1.537304     2.17795000e-06
1.537816     3.57171000e-05
1.538329     1.75982000e-05
1.538842     6.86181000e-05
1.539355     4.29775000e-05
1.539868     4.70806000e-05
1.540381     3.88048000e-05
1.540894     1.18757000e-05
1.541408     3.33581000e-05
1.541922     1.90625000e-05
1.542436     3.29079000e-05
1.542950     1.55170000e-05
1.543464     1.86797000e-05
1.543979     5.29042000e-05
1.544493     1.21206000e-05
1.545008     6.41330000e-05
1.545523     5.46280000e-05
1.546039     2.32121000e-05
1.546554     2.85049000e-05
1.547069     2.96957000e-05
1.547585     2.62426000e-05
1.548101     4.01187000e-05
1.548617     2.25358000e-05
1.549133     2.08273000e-05
1.549650     5.54016000e-05
1.550166     4.67437000e-05
1.550683     5.62809000e-05
1.551200     5.17986000e-05
1.551717     5.40371000e-05
1.552234     3.85758000e-05
1.552751     4.50593000e-05
1.553269     2.88598000e-05
1.553787     4.45620000e-05
1.554305     6.24833000e-05
1.554823     4.08531000e-05
1.555341     4.36056000e-06
1.555860     3.59182000e-05
1.556378     5.91443000e-05
1.556897     3.22703000e-05
1.557416     4.47901000e-05
1.557935     4.65027000e-05
1.558454     3.81886000e-05
1.558974     2.06496000e-05
1.559493     2.70412000e-05
1.560013     5.05413000e-05
1.560533     3.49069000e-05
1.561053     1.46049000e-05
1.561574     5.79392000e-05
1.562094     4.49779000e-05
1.562615     3.58866000e-05
1.563136     1.47692000e-05
1.563657     4.46894000e-05
1.564178     2.59263000e-05
1.564700     4.77376000e-05
1.565221     4.13647000e-05
1.565743     1.84025000e-05
1.566265     3.77028000e-05
1.566787     5.83018000e-05
1.567309     7.54184000e-06
1.567832     6.54467000e-05
1.568354     7.24027000e-05
1.568877     6.21142000e-05
1.569400     6.38539000e-05
1.569923     5.80945000e-06
1.570446     6.84184000e-05
1.570970     3.81304000e-05
1.571494     5.26309000e-05
1.572017     5.16516000e-05
1.572541     3.96288000e-05
1.573066     6.12912000e-05
1.573590     9.22086000e-06
1.574114     2.88344000e-05
1.574639     4.68243000e-05
1.575164     3.25815000e-05
1.575689     7.75236000e-05
1.576214     2.23591000e-05
1.576740     5.86520000e-05
1.577265     1.65497000e-05
1.577791     5.92850000e-05
1.578317     4.39922000e-05
1.578843     2.82027000e-05
1.579369     4.61794000e-05
1.579896     1.39849000e-05
1.580422     3.73551000e-05
1.580949     5.50156000e-05
1.581476     5.70538000e-05
1.582003     3.09720000e-05
1.582531     6.75367000e-05
1.583058     3.28274000e-05
1.583586     1.60386000e-05
1.584114     2.81501000e-05
1.584642     5.35689000e-05
1.585170     3.50980000e-05
1.585698     3.86603000e-05
1.586227     7.52963000e-05
1.586756     4.67742000e-05
1.587285     7.91816000e-05
1.587814     6.49782000e-05
1.588343     3.94249000e-05
1.588872     6.35578000e-05
1.589402     1.56650000e-05
1.589932     2.63792000e-05
1.590462     3.63838000e-05
1.590992     1.43098000e-05
1.591522     5.09966000e-05
1.592053     3.99547000e-05
1.592584     3.87763000e-05
1.593114     6.14306000e-05
1.593645     4.37642000e-05
1.594177     5.22883000e-05
1.594708     6.06157000e-05
1.595240     4.72877000e-05
1.595771     4.69187000e-05
1.596303     2.64390000e-05
1.596835     3.75702000e-05
1.597368     2.83430000e-05
1.597900     5.23837000e-05
1.598433     2.37793000e-05
1.598966     6.75307000e-05
1.599499     4.14733000e-05
1.600032     2.53856000e-05
1.600565     6.28444000e-06
1.601099     4.66754000e-05
1.601632     3.19477000e-05
1.602166     3.76581000e-05
1.602700     3.55264000e-05
1.603234     4.76005000e-05
1.603769     5.33625000e-05
1.604303     8.21832000e-06
1.604838     3.24616000e-05
1.605373     3.05661000e-05
1.605908     3.66764000e-05
1.606444     2.93822000e-05
1.606979     1.11061000e-05
1.607515     3.05322000e-05
1.608051     3.84231000e-05
1.608587     3.38230000e-05
1.609123     8.51861000e-06
1.609659     3.51132000e-05
1.610196     1.80050000e-05
1.610732     8.24789000e-06
1.611269     2.72078000e-06
1.611806     3.72450000e-05
1.612344     2.57731000e-05
1.612881     2.33256000e-05
1.613419     6.39943000e-06
1.613957     2.84357000e-05
1.614495     1.78607000e-05
1.615033     2.02087000e-05
1.615571     1.13333000e-05
1.616110     3.31916000e-05
1.616648     5.78451000e-06
1.617187     3.03448000e-06
1.617726     1.82805000e-05
1.618266     3.40551000e-05
1.618805     2.51298000e-05
1.619345     2.01003000e-05
1.619884     1.42365000e-05
1.620424     3.45786000e-05
1.620964     2.82601000e-05
1.621505     2.03919000e-05
1.622045     3.29238000e-06
1.622586     2.87553000e-05
1.623127     2.51706000e-05
1.623668     3.19767000e-05
1.624209     8.11854000e-07
1.624750     3.14127000e-05
1.625292     1.58609000e-05
1.625834     3.58174000e-05
1.626376     2.08432000e-05
1.626918     2.19171000e-05
1.627460     1.26161000e-05
1.628003     1.60806000e-05
1.628545     2.01006000e-05
1.629088     2.24485000e-05
1.629631     9.66689000e-06
1.630174     1.29254000e-05
1.630718     1.30984000e-05
1.631261     8.78769000e-06
1.631805     1.54592000e-05
1.632349     1.24655000e-05
1.632893     1.71996000e-05
1.633438     2.00330000e-05
1.633982     1.20273000e-05
1.634527     1.94142000e-05
1.635071     8.54763000e-06
1.635617     4.54483000e-06
1.636162     1.40216000e-06
1.636707     1.95675000e-05
1.637253     2.57845000e-05
1.637798     1.39040000e-05
1.638344     1.55628000e-05
1.638890     1.53718000e-05
1.639437     2.77437000e-05
1.639983     1.27868000e-05
1.640530     5.21268000e-06
1.641077     3.14210000e-05
1.641624     2.47540000e-05
1.642171     1.59567000e-05
1.642718     1.32151000e-05
1.643266     1.74802000e-05
1.643814     1.81732000e-05
1.644362     2.11453000e-05
1.644910     2.58759000e-05
1.645458     1.40701000e-05
1.646007     2.88356000e-05
1.646555     1.95330000e-05
1.647104     6.74432000e-06
1.647653     2.67265000e-06
1.648202     5.78317000e-07
1.648752     4.42691000e-06
1.649301     3.15996000e-05
1.649851     1.52686000e-05
1.650401     3.33219000e-05
1.650951     4.55212000e-06
1.651501     2.36951000e-05
1.652052     3.05356000e-05
1.652603     2.11439000e-05
1.653154     3.64771000e-05
1.653705     1.18203000e-05
1.654256     3.76810000e-05
1.654807     2.83426000e-05
1.655359     1.02609000e-05
1.655911     2.44943000e-05
1.656463     1.46405000e-05
1.657015     3.16838000e-05
1.657567     9.69318000e-06
1.658120     2.60348000e-05
1.658672     4.26543000e-06
1.659225     6.39939000e-06
1.659778     6.37451000e-06
1.660332     1.84840000e-05
1.660885     6.16310000e-06
1.661439     1.87713000e-05
1.661992     1.05546000e-05
1.662546     1.06649000e-05
1.663101     1.34038000e-05
1.663655     1.40098000e-05
1.664210     2.61401000e-05
1.664764     1.35096000e-05
1.665319     1.92070000e-05
1.665874     3.00807000e-05
1.666430     4.24047000e-06
1.666985     1.97134000e-05
1.667541     9.63364000e-07
1.668097     1.99404000e-05
1.668653     3.60759000e-06
1.669209     1.19467000e-05
1.669765     6.58848000e-06
1.670322     1.24520000e-05
1.670879     7.96532000e-06
1.671436     1.88908000e-05
1.671993     7.20119000e-06
1.672550     5.24020000e-06
1.673108     2.84858000e-06
1.673665     8.69979000e-06
1.674223     1.14952000e-05
1.674781     6.48350000e-06
1.675339     7.14548000e-06
1.675898     3.37133000e-06
1.676457     3.06204000e-06
1.677015     9.66708000e-06
1.677574     1.20363000e-05
1.678134     6.79881000e-06
1.678693     4.27719000e-06
1.679252     9.71376000e-06
1.679812     9.14471000e-06
1.680372     3.69153000e-06
1.680932     2.09465000e-05
1.681493     7.06573000e-06
1.682053     1.86617000e-05
1.682614     2.24208000e-05
1.683175     1.59810000e-05
1.683736     2.28904000e-05
1.684297     1.09074000e-05
1.684858     5.02365000e-06
1.685420     1.71364000e-05
1.685982     1.52785000e-05
1.686544     1.46816000e-05
1.687106     2.51094000e-05
1.687668     1.91885000e-05
1.688231     1.10981000e-05
1.688794     2.06686000e-05
1.689357     6.18732000e-06
1.689920     1.56728000e-05
1.690483     7.61156000e-06
1.691047     9.92509000e-06
1.691610     9.55068000e-06
1.692174     9.37682000e-06
1.692738     1.92953000e-05
1.693302     3.79557000e-06
1.693867     7.29110000e-06
1.694431     6.79301000e-06
1.694996     1.45069000e-05
1.695561     1.02364000e-05
1.696126     5.43500000e-06
1.696692     3.28180000e-06
1.697257     5.99095000e-06
1.697823     9.26752000e-06
1.698389     2.58016000e-05
1.698955     1.30644000e-05
1.699522     6.38987000e-06
1.700088     1.85336000e-05
1.700655     1.95933000e-05
1.701222     1.00275000e-05
1.701789     2.28977000e-05
1.702356     8.07320000e-06
1.702923     8.09659000e-06
1.703491     4.32785000e-06
1.704059     6.95656000e-06
1.704627     1.32150000e-05
1.705195     1.16148000e-05
1.705763     1.58498000e-05
1.706332     1.61668000e-05
1.706901     2.62687000e-06
1.707470     1.51108000e-05
1.708039     1.15754000e-05
1.708608     1.22592000e-06
1.709178     2.34423000e-05
1.709748     2.73727000e-05
1.710317     2.45806000e-05
1.710888     1.11959000e-05
1.711458     2.41726000e-05
1.712028     3.04951000e-06
1.712599     2.24970000e-06
1.713170     1.17219000e-06
1.713741     1.62567000e-05
1.714312     1.35595000e-06
1.714884     1.99174000e-05
1.715455     2.94342000e-06
1.716027     2.52722000e-05
1.716599     4.21502000e-06
1.717171     1.78034000e-05
1.717744     4.17668000e-06
1.718316     4.91428000e-06
1.718889     1.57157000e-05
1.719462     2.16037000e-05
1.720035     1.82582000e-05
1.720609     2.27696000e-05
1.721182     7.00080000e-06
1.721756     1.54761000e-05
1.722330     1.75012000e-05
1.722904     8.77306000e-06
1.723478     1.75789000e-05
1.724053     1.52805000e-05
1.724627     1.31347000e-05
1.725202     2.68880000e-05
1.725777     2.06100000e-05
1.726352     2.13179000e-05
1.726928     6.86368000e-06
1.727504     1.90357000e-05
1.728079     2.84055000e-06
1.728655     6.01616000e-06
1.729232     1.90328000e-05
1.729808     4.53353000e-06
1.730385     2.41092000e-05
1.730961     1.79602000e-05
1.731538     1.44176000e-05
1.732116     1.25418000e-05
1.732693     3.49926000e-06
1.733271     1.05898000e-05
1.733848     2.01675000e-05
1.734426     1.11899000e-05
1.735004     8.81476000e-06
1.735583     1.63600000e-05
1.736161     5.04891000e-06
1.736740     9.07696000e-06
1.737319     1.68163000e-05
1.737898     5.97696000e-06
1.738477     2.77873000e-06
1.739057     1.25320000e-05
1.739637     8.24213000e-06
1.740216     1.96984000e-05
1.740796     1.78470000e-05
1.741377     1.80259000e-05
1.741957     1.58447000e-05
1.742538     7.64130000e-06
1.743119     1.68945000e-05
1.743700     1.68778000e-05
1.744281     9.65727000e-06
1.744862     2.16014000e-05
1.745444     2.57744000e-05
1.746026     7.63542000e-06
1.746608     1.61062000e-05
1.747190     2.00389000e-06
1.747772     1.57234000e-05
1.748355     1.60347000e-05
1.748938     1.81666000e-05
1.749521     1.03970000e-05
1.750104     2.90032000e-05
1.750687     5.08430000e-06
1.751271     7.35830000e-06
1.751855     1.82350000e-05
1.752439     2.59644000e-05
1.753023     1.18964000e-05
1.753607     2.31831000e-05
1.754192     1.64985000e-05
1.754776     3.42112000e-05
1.755361     2.39616000e-05
1.755946     1.23142000e-05
1.756532     8.26524000e-06
1.757117     2.49639000e-05
1.757703     1.29624000e-05
1.758289     1.81726000e-05
1.758875     1.87925000e-05
1.759461     1.49764000e-05
1.760048     3.37979000e-06
1.760634     7.23407000e-06
1.761221     1.75223000e-05
1.761808     2.50923000e-05
1.762396     2.57914000e-05
1.762983     2.35809000e-05
1.763571     5.80769000e-06
1.764159     1.47632000e-05
1.764747     1.07160000e-05
1.765335     2.06614000e-05
1.765923     1.75493000e-05
1.766512     1.80266000e-05
1.767101     1.58495000e-05
1.767690     1.40242000e-05
1.768279     9.85100000e-06
1.768869     3.01691000e-05
1.769458     9.23310000e-06
1.770048     1.58096000e-05
1.770638     9.03957000e-06
1.771228     2.56929000e-05
1.771819     1.93951000e-05
1.772409     9.12787000e-06
1.773000     1.13116000e-05
1.773591     1.47472000e-05
1.774182     1.04321000e-05
1.774774     7.23638000e-06
1.775365     9.08159000e-06
1.775957     1.45737000e-05
1.776549     1.53405000e-05
1.777141     1.57190000e-05
1.777734     4.66810000e-06
1.778326     1.86210000e-05
1.778919     2.00295000e-05
1.779512     1.17200000e-05
1.780105     2.78433000e-05
1.780698     3.91993000e-05
1.781292     1.62650000e-05
1.781886     1.28607000e-05
1.782480     1.15675000e-05
1.783074     3.10140000e-05
1.783668     1.36649000e-05
1.784263     6.10233000e-06
1.784857     1.05644000e-05
1.785452     1.30719000e-05
1.786048     4.78938000e-06
1.786643     4.83260000e-06
1.787238     4.79464000e-06
1.787834     1.03117000e-05
1.788430     2.17257000e-05
1.789026     2.30602000e-05
1.789623     3.32051000e-06
1.790219     2.17753000e-05
1.790816     2.32471000e-06
1.791413     1.32269000e-06
1.792010     1.54613000e-05
1.792607     9.52000000e-06
1.793205     1.36795000e-05
1.793803     2.20358000e-05
1.794401     1.85458000e-05
1.794999     1.04182000e-05
1.795597     2.39511000e-05
1.796196     6.51566000e-06
1.796794     8.70745000e-06
1.797393     1.36455000e-05
1.797992     3.41949000e-05
1.798592     2.18302000e-05
1.799191     1.54392000e-05
1.799791     8.51322000e-06
1.800391     1.72280000e-05
1.800991     1.58591000e-06
1.801591     2.02820000e-05
1.802192     9.97330000e-06
1.802793     7.54029000e-06
1.803394     2.37860000e-05
1.803995     1.73007000e-05
1.804596     1.14820000e-05
1.805198     1.34012000e-05
1.805799     2.04258000e-05
1.806401     1.92889000e-05
1.807003     1.95529000e-05
1.807606     1.73992000e-06
1.808208     7.87559000e-06
1.808811     1.03701000e-05
1.809414     4.05916000e-05
1.810017     2.83971000e-05
1.810620     1.02224000e-05
1.811224     7.95683000e-07
1.811828     5.08524000e-05
1.812432     3.39980000e-05
1.813036     2.34854000e-05
1.813640     8.68510000e-06
1.814245     9.95303000e-06
1.814849     3.86852000e-06
1.815454     2.77126000e-05
1.816059     2.88480000e-05
1.816665     2.71255000e-05
1.817270     1.13567000e-05
1.817876     9.82038000e-06
1.818482     1.35746000e-05
1.819088     4.67987000e-05
1.819695     2.88420000e-06
1.820301     6.72118000e-06
1.820908     1.17503000e-05
1.821515     8.27133000e-06
1.822122     2.13700000e-06
1.822729     1.37473000e-05
1.823337     3.06411000e-05
1.823945     3.85257000e-05
1.824553     1.68546000e-05
1.825161     4.50545000e-05
1.825769     4.19669000e-05
1.826378     1.37089000e-06
1.826987     1.92290000e-05
1.827596     2.08276000e-05
1.828205     2.88361000e-05
1.828814     1.32588000e-05
1.829424     1.07531000e-05
1.830034     3.58259000e-05
1.830644     1.58117000e-06
1.831254     7.60237000e-06
1.831864     3.09078000e-05
1.832475     2.95053000e-05
1.833086     2.89141000e-05
1.833697     4.02832000e-05
1.834308     4.99008000e-05
1.834920     8.14076000e-06
1.835531     3.80549000e-06
1.836143     1.42853000e-05
1.836755     1.01180000e-05
1.837367     2.19693000e-05
1.837980     1.32615000e-05
1.838592     4.31621000e-06
1.839205     1.24509000e-05
1.839818     1.41697000e-05
1.840432     9.24125000e-06
1.841045     4.81156000e-05
1.841659     2.94623000e-05
1.842273     3.80169000e-05
1.842887     3.48916000e-05
1.843501     9.53865000e-06
1.844116     4.05797000e-06
1.844730     4.21601000e-05
1.845345     1.00695000e-05
1.845960     2.37993000e-05
1.846576     2.22759000e-05
1.847191     2.08486000e-05
1.847807     3.87030000e-05
1.848423     1.71063000e-05
1.849039     4.21036000e-05
1.849655     6.50444000e-06
1.850272     1.40174000e-05
1.850889     1.53546000e-05
1.851506     2.06408000e-05
1.852123     3.73630000e-05
1.852740     2.31923000e-05
1.853358     1.03382000e-05
1.853975     1.31251000e-05
1.854593     3.12136000e-05
1.855212     5.39654000e-05
1.855830     3.49327000e-05
1.856449     1.51988000e-05
1.857068     4.30169000e-05
1.857687     3.77954000e-05
1.858306     1.50975000e-05
1.858925     2.76736000e-05
1.859545     3.07778000e-05
1.860165     2.55212000e-05
1.860785     2.39011000e-05
1.861405     1.56238000e-06
1.862025     1.86910000e-05
1.862646     2.14559000e-05
1.863267     8.37530000e-06
1.863888     3.84018000e-05
1.864509     2.26901000e-05
1.865131     1.98993000e-06
1.865753     1.40379000e-05
1.866375     3.31407000e-05
1.866997     4.50712000e-05
1.867619     2.73166000e-05
1.868242     8.62884000e-07
1.868864     2.08686000e-05
1.869487     3.65749000e-05
1.870110     1.95795000e-06
1.870734     3.77340000e-05
1.871357     4.16107000e-05
1.871981     4.72477000e-05
1.872605     4.61163000e-05
1.873229     1.78438000e-05
1.873854     3.01284000e-05
1.874478     4.84181000e-05
1.875103     1.07927000e-05
1.875728     4.59335000e-05
1.876353     2.84266000e-06
1.876979     1.92647000e-05
1.877605     2.27785000e-05
1.878230     4.74800000e-05
1.878857     1.47603000e-05
1.879483     1.93530000e-06
1.880109     2.74477000e-05
1.880736     5.33543000e-05
1.881363     2.49693000e-05
1.881990     2.02154000e-05
1.882617     6.00950000e-05
1.883245     4.15053000e-05
1.883873     5.30709000e-05
1.884501     4.23879000e-05
1.885129     2.85550000e-05
1.885757     3.93968000e-05
1.886386     6.03644000e-05
1.887015     3.63622000e-05
1.887644     4.26237000e-05
1.888273     6.30954000e-05
1.888902     2.19413000e-05
1.889532     5.74403000e-05
1.890162     3.59840000e-05
1.890792     5.17317000e-05
1.891422     6.15961000e-05
1.892052     4.47314000e-05
1.892683     6.07599000e-05
1.893314     3.47363000e-05
1.893945     2.26081000e-05
1.894576     3.94696000e-05
1.895208     2.34402000e-05
1.895840     4.88302000e-05
1.896472     3.15842000e-05
1.897104     4.84513000e-05
1.897736     4.47015000e-05
1.898369     3.48880000e-05
1.899002     2.66467000e-05
1.899635     2.24155000e-05
1.900268     3.42904000e-05
1.900901     1.21673000e-05
1.901535     3.62405000e-05
1.902169     7.55636000e-05
1.902803     6.61092000e-05
1.903437     2.26098000e-05
1.904071     6.20137000e-06
1.904706     3.62863000e-05
1.905341     4.95532000e-06
1.905976     2.17802000e-05
1.906611     1.98956000e-05
1.907247     2.90430000e-05
1.907883     6.00360000e-05
1.908519     1.66028000e-05
1.909155     4.23794000e-05
1.909791     7.70970000e-05
1.910428     7.01065000e-05
1.911065     4.41269000e-05
1.911702     1.30508000e-05
1.912339     1.61929000e-05
1.912976     7.46394000e-05
1.913614     1.17964000e-05
1.914252     1.37030000e-05
1.914890     1.92852000e-05
1.915528     3.10514000e-05
1.916167     1.25063000e-06
1.916806     4.44917000e-05
1.917444     3.36255000e-05
1.918084     5.15526000e-06
1.918723     1.31083000e-05
1.919363     7.40230000e-05
1.920002     4.52634000e-05
1.920642     1.27305000e-05
1.921283     7.26212000e-05
1.921923     4.13106000e-05
1.922564     2.45215000e-05
1.923204     6.98351000e-05
1.923846     4.43488000e-05
1.924487     6.31853000e-06
1.925128     4.80025000e-05
1.925770     2.85459000e-05
1.926412     3.28107000e-05
1.927054     4.61121000e-05
1.927696     3.93630000e-05
1.928339     7.55912000e-05
1.928982     6.40702000e-05
1.929625     8.80041000e-05
1.930268     1.44144000e-06
1.930911     2.93936000e-06
1.931555     2.62278000e-05
1.932199     6.80720000e-05
1.932843     9.22982000e-06
1.933487     3.45538000e-06
1.934132     4.06734000e-05
1.934776     5.70777000e-05
1.935421     8.24180000e-05
1.936067     6.37933000e-05
1.936712     1.22443000e-05
1.937357     3.55309000e-05
1.938003     1.77668000e-06
1.938649     3.20393000e-05
1.939295     4.70251000e-05
1.939942     5.11583000e-05
1.940589     2.81618000e-05
1.941235     2.10799000e-05
1.941882     2.28820000e-05
1.942530     8.35462000e-06
1.943177     3.44245000e-06
1.943825     5.02547000e-05
1.944473     2.00625000e-05
1.945121     3.53775000e-06
1.945769     2.77674000e-05
1.946418     1.95148000e-05
1.947067     5.32394000e-05
1.947716     1.02314000e-05
1.948365     3.12071000e-05
1.949015     1.31420000e-05
1.949664     7.24845000e-05
1.950314     6.16539000e-05
1.950964     7.51965000e-05
1.951615     4.00743000e-06
1.952265     6.03863000e-05
1.952916     5.18192000e-05
1.953567     5.75243000e-05
1.954218     8.28480000e-06
1.954869     5.69310000e-05
1.955521     2.87030000e-05
1.956173     1.72447000e-05
1.956825     8.08531000e-05
1.957477     1.41402000e-05
1.958130     3.57754000e-05
1.958782     8.01848000e-05
1.959435     4.68011000e-05
1.960089     7.63830000e-05
1.960742     2.17081000e-05
1.961395     7.57485000e-05
1.962049     2.37193000e-05
1.962703     4.52049000e-05
1.963358     3.22505000e-06
1.964012     7.39621000e-05
1.964667     1.68156000e-05
1.965322     4.93456000e-05
1.965977     3.88691000e-05
1.966632     6.78888000e-06
1.967288     4.45164000e-05
1.967943     1.90539000e-06
1.968599     3.17889000e-05
1.969255     8.27970000e-05
1.969912     8.76416000e-05
1.970569     7.61464000e-05
1.971225     5.70377000e-05
1.971882     1.94174000e-05
1.972540     8.93780000e-05
1.973197     5.94290000e-06
1.973855     4.17356000e-05
1.974513     9.17834000e-05
1.975171     7.57977000e-05
1.975829     5.75451000e-05
1.976488     6.55933000e-06
1.977147     2.37339000e-05
1.977806     2.58994000e-05
1.978465     9.98335000e-05
1.979125     4.75659000e-05
1.979784     8.39744000e-05
1.980444     4.22398000e-06
1.981105     1.41236000e-05
1.981765     1.30380000e-05
1.982425     2.22473000e-05
1.983086     4.32621000e-05
1.983747     9.70654000e-05
1.984409     5.47067000e-05
1.985070     5.19337000e-05
1.985732     2.45583000e-05
1.986394     4.08843000e-05
1.987056     6.07809000e-05
1.987718     4.28795000e-05
1.988381     3.40307000e-05
1.989043     2.21183000e-05
1.989707     1.24206000e-05
1.990370     1.31858000e-05
1.991033     8.13412000e-05
1.991697     4.03712000e-05
1.992361     1.12922000e-04
1.993025     1.23041000e-04
1.993689     2.50354000e-05
1.994354     6.03338000e-05
1.995019     1.11298000e-05
1.995684     8.35971000e-05
1.996349     9.08327000e-05
1.997014     3.04145000e-05
1.997680     2.36100000e-05
1.998346     5.39556000e-05
1.999012     8.83730000e-05
1.999678     2.36892000e-05
2.000345     7.50058000e-05
2.001012     1.13666000e-05
2.001679     3.27894000e-05
2.002346     3.62673000e-05
2.003013     8.61292000e-05
2.003681     1.21909000e-04
2.004349     5.70678000e-06
2.005017     1.01427000e-04
2.005685     9.29456000e-05
2.006354     1.44974000e-05
2.007023     6.99039000e-05
2.007692     5.84915000e-05
2.008361     9.68929000e-05
2.009030     9.46240000e-05
2.009700     4.84580000e-05
2.010370     8.59611000e-05
2.011040     5.72050000e-05
2.011710     3.86392000e-05
2.012381     8.06112000e-05
2.013052     3.18303000e-05
2.013723     6.63599000e-05
2.014394     5.10370000e-05
2.015065     1.34764000e-05
2.015737     4.56417000e-05
2.016409     8.53654000e-05
2.017081     1.30901000e-05
2.017754     1.03140000e-04
2.018426     9.66605000e-05
2.019099     1.06784000e-04
2.019772     2.98707000e-05
2.020445     8.35387000e-05
2.021119     7.46574000e-05
2.021792     4.41970000e-05
2.022466     1.03951000e-04
2.023141     1.13473000e-04
2.023815     1.31503000e-04
2.024490     6.47837000e-05
2.025164     1.11838000e-04
2.025839     6.04211000e-05
2.026515     9.21761000e-05
2.027190     8.57122000e-05
2.027866     1.73197000e-05
2.028542     1.30939000e-04
2.029218     6.58722000e-06
2.029894     6.45904000e-05
2.030571     8.73163000e-06
2.031248     3.58207000e-05
2.031925     5.17605000e-05
2.032602     1.10385000e-04
2.033280     1.02770000e-04
2.033958     5.98755000e-05
2.034636     6.96027000e-05
2.035314     7.54736000e-05
2.035992     7.89281000e-05
2.036671     1.13773000e-04
2.037350     3.57694000e-05
2.038029     5.48661000e-05
2.038708     5.52575000e-05
2.039388     5.45946000e-05
2.040068     5.47588000e-06
2.040748     2.53055000e-05
2.041428     5.08087000e-05
2.042108     9.42607000e-05
2.042789     1.30645000e-04
2.043470     1.07043000e-04
2.044151     8.67686000e-05
2.044833     8.21040000e-05
2.045514     1.14964000e-04
2.046196     1.09051000e-04
2.046878     8.73526000e-05
2.047560     4.65980000e-05
2.048243     1.29931000e-04
2.048926     3.48451000e-05
2.049609     1.08137000e-04
2.050292     9.48990000e-05
2.050975     1.18305000e-04
2.051659     6.70197000e-05
2.052343     1.13391000e-04
2.053027     1.39263000e-04
2.053711     1.15878000e-04
2.054396     5.69241000e-05
2.055081     1.36753000e-04
2.055766     1.01868000e-04
2.056451     1.02244000e-04
2.057136     8.15895000e-05
2.057822     9.64314000e-05
2.058508     1.03270000e-04
2.059194     5.92671000e-05
2.059881     5.30337000e-05
2.060567     1.15365000e-04
2.061254     1.03683000e-04
2.061941     1.09439000e-04
2.062629     1.40734000e-04
2.063316     1.35829000e-04
2.064004     8.55311000e-05
2.064692     1.30705000e-04
2.065380     5.32080000e-05
2.066069     1.17750000e-04
2.066757     1.05121000e-04
2.067446     1.36252000e-04
2.068135     1.30413000e-04
2.068825     1.49560000e-05
2.069514     9.30523000e-05
2.070204     1.29556000e-04
2.070894     9.56588000e-05
2.071584     1.31195000e-04
2.072275     1.18610000e-04
2.072966     1.35802000e-04
2.073657     5.15747000e-05
2.074348     8.89618000e-05
2.075039     7.15037000e-05
2.075731     1.34994000e-05
2.076423     1.23005000e-04
2.077115     7.02324000e-05
2.077808     5.76588000e-05
2.078500     1.35469000e-04
2.079193     9.97580000e-05
2.079886     1.25511000e-04
2.080579     1.21996000e-04
2.081273     9.53798000e-05
2.081967     1.29847000e-04
2.082661     1.17511000e-04
2.083355     4.64788000e-05
2.084049     1.45284000e-04
2.084744     9.43725000e-05
2.085439     1.15376000e-04
2.086134     1.07956000e-04
2.086829     8.31926000e-05
2.087525     2.01377000e-05
2.088221     1.40033000e-04
2.088917     8.63128000e-05
2.089613     1.21627000e-04
2.090310     7.72495000e-05
2.091007     8.68839000e-05
2.091704     1.15575000e-04
2.092401     1.56576000e-04
2.093098     6.14932000e-05
2.093796     1.09879000e-04
2.094494     1.23243000e-04
2.095192     1.16026000e-04
2.095890     1.29712000e-04
2.096589     1.37771000e-04
2.097288     1.10962000e-04
2.097987     1.02047000e-04
2.098686     1.08973000e-04
2.099386     6.98072000e-05
2.100086     5.47667000e-05
2.100786     1.25193000e-04
2.101486     1.05399000e-05
2.102186     9.84235000e-05
2.102887     1.45719000e-04
2.103588     1.31083000e-04
2.104289     7.38291000e-05
2.104991     7.49791000e-05
2.105692     5.58835000e-05
2.106394     9.95379000e-05
2.107096     1.08821000e-04
2.107799     1.24363000e-04
2.108501     9.33329000e-05
2.109204     1.09641000e-04
2.109907     4.91822000e-05
2.110611     8.48127000e-05
2.111314     1.15249000e-04
2.112018     1.17388000e-04
2.112722     1.29410000e-04
2.113426     1.22873000e-04
2.114131     1.11563000e-04
2.114835     1.14197000e-04
2.115540     9.36183000e-05
2.116246     1.12190000e-04
2.116951     5.85970000e-05
2.117657     9.90187000e-05
2.118362     1.12923000e-04
2.119069     8.57045000e-05
2.119775     1.04041000e-04
2.120482     8.77894000e-05
2.121188     9.97410000e-05
2.121895     9.48053000e-05
2.122603     1.20805000e-04
2.123310     3.85338000e-05
2.124018     1.06208000e-04
2.124726     1.05362000e-04
2.125434     9.47144000e-05
2.126143     9.56432000e-05
2.126851     1.18149000e-04
2.127560     3.12698000e-05
2.128270     1.14007000e-04
2.128979     1.03526000e-04
2.129689     1.02919000e-04
2.130399     7.26631000e-05
2.131109     7.15320000e-05
2.131819     1.03711000e-04
2.132530     9.84591000e-05
2.133241     8.23985000e-05
2.133952     7.60770000e-06
2.134663     6.08582000e-05
2.135374     9.98125000e-05
2.136086     1.10387000e-04
2.136798     8.10984000e-05
2.137511     8.71491000e-06
2.138223     1.16324000e-04
2.138936     6.24074000e-05
2.139649     2.43793000e-05
2.140362     1.10048000e-04
2.141075     9.47494000e-05
2.141789     1.00567000e-04
2.142503     8.38657000e-05
2.143217     8.81007000e-05
2.143932     1.10230000e-04
2.144646     6.28126000e-05
2.145361     8.57618000e-05
2.146076     6.08010000e-05
2.146792     9.63810000e-05
2.147507     4.92057000e-05
2.148223     1.23732000e-04
2.148939     7.49397000e-05
2.149655     4.17462000e-05
2.150372     8.85930000e-05
2.151089     7.93785000e-05
2.151806     6.40417000e-05
2.152523     9.05703000e-05
2.153241     6.45734000e-05
2.153958     8.51030000e-05
2.154676     8.15941000e-05
2.155395     3.48393000e-05
2.156113     3.80447000e-05
2.156832     5.36480000e-05
2.157551     6.70626000e-05
2.158270     9.35588000e-05
2.158989     5.19211000e-05
2.159709     9.63932000e-05
2.160429     6.48176000e-05
2.161149     8.42139000e-05
2.161869     7.27000000e-05
2.162590     9.56993000e-05
2.163311     5.83992000e-05
2.164032     7.51584000e-05
2.164753     9.63431000e-05
2.165475     5.26815000e-05
2.166197     7.89348000e-05
2.166919     3.58147000e-05
2.167641     8.39524000e-05
2.168364     8.04729000e-05
2.169086     6.34850000e-05
2.169809     7.94656000e-05
2.170533     7.25792000e-05
2.171256     6.51173000e-05
2.171980     8.31991000e-05
2.172704     8.53843000e-06
2.173428     5.08807000e-05
2.174153     7.88873000e-05
2.174877     6.79539000e-05
2.175602     5.71580000e-05
2.176328     3.09278000e-05
2.177053     5.06947000e-05
2.177779     4.04443000e-05
2.178505     6.69960000e-05
2.179231     5.64826000e-05
2.179957     4.87163000e-05
2.180684     3.31515000e-05
2.181411     4.75934000e-05
2.182138     2.42667000e-05
2.182865     6.56578000e-05
2.183593     5.01726000e-05
2.184321     2.43196000e-05
2.185049     5.90969000e-05
2.185777     2.18577000e-05
2.186506     2.65508000e-05
2.187235     1.77548000e-05
2.187964     4.32905000e-05
2.188693     1.74583000e-05
2.189423     1.73465000e-05
2.190152     3.03305000e-05
2.190882     6.98398000e-05
2.191613     4.39490000e-05
2.192343     4.90366000e-05
2.193074     3.07129000e-05
2.193805     2.89685000e-05
2.194536     2.54488000e-05
2.195268     1.62082000e-05
2.196000     3.85612000e-05
2.196732     2.43259000e-05
2.197464     2.11404000e-05
2.198196     2.62253000e-05
2.198929     3.23583000e-05
2.199662     2.28316000e-05
2.200395     2.75739000e-05
2.201129     1.60944000e-05
2.201862     1.00014000e-05
2.202596     1.69949000e-05
2.203331     1.30133000e-05
2.204065     3.10322000e-05
2.204800     1.18026000e-05
2.205535     1.81677000e-05
2.206270     1.46666000e-05
2.207005     1.83314000e-05
2.207741     1.58369000e-05
2.208477     1.85913000e-05
2.209213     2.77899000e-05
2.209949     1.06592000e-05
2.210686     2.46117000e-05
2.211423     2.38050000e-05
2.212160     2.19059000e-05
2.212898     1.88550000e-05
2.213635     1.32875000e-05
2.214373     2.48755000e-05
2.215111     3.38077000e-05
2.215850     3.56834000e-05
2.216588     3.15952000e-05
2.217327     1.88841000e-05
2.218066     3.02393000e-05
2.218805     1.98266000e-05
2.219545     2.71636000e-05
2.220285     4.06588000e-05
2.221025     1.65557000e-05
2.221765     3.21144000e-05
2.222506     2.12158000e-05
2.223247     1.92100000e-05
2.223988     2.85910000e-05
2.224729     2.37986000e-05
2.225471     1.90660000e-05
2.226213     2.20511000e-05
2.226955     3.87891000e-05
2.227697     2.85999000e-05
2.228440     1.20819000e-05
2.229182     2.35087000e-05
2.229925     1.19751000e-05
2.230669     2.52712000e-05
2.231412     9.27828000e-06
2.232156     3.51286000e-05
2.232900     2.63465000e-05
2.233644     1.33981000e-05
2.234389     1.61695000e-05
2.235134     2.59553000e-05
2.235879     2.75149000e-05
2.236624     1.14659000e-05
2.237370     2.27086000e-05
2.238115     1.37788000e-05
2.238862     2.12439000e-05
2.239608     2.02676000e-05
2.240354     2.79341000e-05
2.241101     1.97379000e-05
2.241848     1.46971000e-05
2.242595     2.06909000e-05
2.243343     2.39445000e-05
2.244091     3.11874000e-05
2.244839     2.31315000e-05
2.245587     2.65997000e-05
2.246336     9.16236000e-06
2.247084     1.01123000e-05
2.247833     2.68242000e-05
2.248583     2.40557000e-05
2.249332     1.51991000e-05
2.250082     1.81476000e-05
2.250832     2.00243000e-05
2.251582     2.00959000e-05
2.252333     1.44968000e-05
2.253084     1.83928000e-05
2.253835     9.77554000e-06
2.254586     1.83784000e-05
2.255337     2.62115000e-05
2.256089     1.58638000e-05
2.256841     2.31713000e-05
2.257594     1.81663000e-05
2.258346     1.37435000e-05
2.259099     1.83271000e-05
2.259852     1.07347000e-05
2.260605     3.28376000e-05
2.261359     1.49618000e-05
2.262112     1.98192000e-05
2.262866     2.65352000e-05
2.263621     1.73124000e-05
2.264375     2.26259000e-05
2.265130     1.13717000e-05
2.265885     2.04270000e-05
2.266640     1.57893000e-05
2.267396     2.80362000e-05
2.268152     1.33303000e-05
2.268908     1.40203000e-05
2.269664     1.87795000e-05
2.270421     1.25934000e-05
2.271178     2.10765000e-05
2.271935     1.91962000e-05
2.272692     2.74734000e-05
2.273449     1.97715000e-05
2.274207     2.41896000e-05
2.274965     2.62535000e-05
2.275724     1.58324000e-05
2.276482     3.58151000e-05
2.277241     2.07192000e-05
2.278000     1.39549000e-05
2.278759     1.40642000e-05
2.279519     2.04840000e-05
2.280279     1.99295000e-05
2.281039     1.26444000e-05
2.281799     1.37683000e-05
2.282560     2.09886000e-05
2.283321     1.47885000e-05
2.284082     2.46856000e-05
2.284843     2.23368000e-05
2.285605     1.43567000e-05
2.286367     1.95101000e-05
2.287129     1.48616000e-05
2.287891     2.44300000e-05
2.288654     1.82701000e-05
2.289417     2.04457000e-05
2.290180     1.11464000e-05
2.290943     1.93075000e-05
2.291707     1.07196000e-05
2.292471     1.29525000e-05
2.293235     1.59520000e-05
2.293999     1.72402000e-05
2.294764     1.68234000e-05
2.295529     1.96807000e-05
2.296294     1.12275000e-05
2.297060     3.80123000e-05
2.297825     2.29556000e-05
2.298591     1.59488000e-05
2.299357     2.07859000e-05
2.300124     1.17251000e-05
2.300891     2.50184000e-05
2.301658     1.26666000e-05
2.302425     2.34439000e-05
2.303192     2.14186000e-05
2.303960     2.26412000e-05
2.304728     2.21247000e-05
2.305496     2.37099000e-05
2.306265     3.05042000e-05
2.307033     2.31303000e-05
2.307802     2.59864000e-05
2.308572     2.09410000e-05
2.309341     3.52905000e-05
2.310111     3.27730000e-05
2.310881     2.85096000e-05
2.311651     1.37756000e-05
2.312422     2.52706000e-05
2.313193     3.28107000e-05
2.313964     2.44466000e-05
2.314735     3.22184000e-05
2.315507     3.72782000e-05
2.316279     1.04750000e-05
2.317051     8.28629000e-06
2.317823     2.14118000e-05
2.318596     1.21807000e-05
2.319368     3.03610000e-05
2.320142     1.99301000e-05
2.320915     1.85099000e-05
2.321689     2.59943000e-05
2.322462     2.81794000e-05
2.323237     1.81557000e-05
2.324011     2.65233000e-05
2.324786     1.30204000e-05
2.325561     2.06621000e-05
2.326336     2.36852000e-05
2.327111     2.41696000e-05
2.327887     2.50688000e-05
2.328663     1.80861000e-05
2.329439     1.63586000e-05
2.330216     1.86998000e-05
2.330992     1.67133000e-05
2.331769     1.36672000e-05
2.332547     1.93477000e-05
2.333324     2.23409000e-05
2.334102     1.84257000e-05
2.334880     2.05998000e-05
2.335658     1.79024000e-05
2.336437     1.27279000e-05
2.337216     1.78155000e-05
2.337995     2.49517000e-05
2.338774     2.66195000e-05
2.339554     2.21429000e-05
2.340333     1.88362000e-05
2.341114     2.20187000e-05
2.341894     2.16672000e-05
2.342675     1.15754000e-05
2.343455     1.21578000e-05
2.344237     2.45548000e-05
2.345018     1.54286000e-05
2.345800     1.87266000e-05
2.346582     2.20446000e-05
2.347364     2.46570000e-05
2.348146     1.63275000e-05
2.348929     2.01813000e-05
2.349712     1.27219000e-05
2.350495     1.01783000e-05
2.351279     2.17515000e-05
2.352062     2.28133000e-05
2.352846     4.32579000e-05
2.353631     1.81201000e-05
2.354415     2.79684000e-05
2.355200     3.48735000e-05
2.355985     2.55310000e-05
2.356771     2.47955000e-05
2.357556     3.06577000e-05
2.358342     2.99707000e-05
2.359128     3.51457000e-05
2.359914     2.90256000e-05
2.360701     1.90791000e-05
2.361488     2.71366000e-05
2.362275     2.30226000e-05
2.363063     3.63970000e-05
2.363850     3.08295000e-05
2.364638     2.79251000e-05
2.365426     2.99346000e-05
2.366215     2.14223000e-05
2.367004     2.27652000e-05
2.367793     3.01488000e-05
2.368582     3.30522000e-05
2.369371     2.80258000e-05
2.370161     1.63755000e-05
2.370951     3.88865000e-05
2.371742     3.15386000e-05
2.372532     2.63532000e-05
2.373323     2.45550000e-05
2.374114     3.40975000e-05
2.374906     3.12030000e-05
2.375697     2.35637000e-05
2.376489     2.96568000e-05
2.377281     2.10190000e-05
2.378074     2.09114000e-05
2.378866     1.58372000e-05
2.379659     2.01988000e-05
2.380452     1.21353000e-05
2.381246     1.57289000e-05
2.382040     2.93892000e-05
2.382834     2.46233000e-05
2.383628     3.00155000e-05
2.384423     2.38486000e-05
2.385217     2.64033000e-05
2.386012     3.33092000e-05
2.386808     1.87665000e-05
2.387603     2.63806000e-05
2.388399     2.91100000e-05
2.389195     2.54704000e-05
2.389992     2.86551000e-05
2.390788     2.10306000e-05
2.391585     3.82225000e-05
2.392383     2.08922000e-05
2.393180     2.65609000e-05
2.393978     3.16545000e-05
2.394776     2.20930000e-05
2.395574     3.08904000e-05
2.396373     2.23425000e-05
2.397171     3.22633000e-05
2.397970     3.50870000e-05
2.398770     2.80582000e-05
2.399569     2.97174000e-05
2.400369     2.15208000e-05
2.401169     3.71214000e-05
2.401970     4.12597000e-05
2.402770     1.92161000e-05
2.403571     3.91566000e-05
2.404372     2.94616000e-05
2.405174     1.98659000e-05
2.405976     3.82454000e-05
2.406778     1.81672000e-05
2.407580     3.67970000e-05
2.408382     3.89461000e-05
2.409185     2.37694000e-05
2.409988     3.65958000e-05
2.410792     2.20772000e-05
2.411595     1.86626000e-05
2.412399     4.15031000e-05
2.413203     1.60218000e-05
2.414008     2.72278000e-05
2.414812     4.83185000e-05
2.415617     2.04897000e-05
2.416422     2.99310000e-05
2.417228     2.31296000e-05
2.418034     3.85048000e-05
2.418840     2.67481000e-05
2.419646     2.67656000e-05
2.420452     2.69112000e-05
2.421259     5.69789000e-05
2.422066     1.79163000e-05
2.422874     4.50075000e-05
2.423681     4.01599000e-05
2.424489     2.20021000e-05
2.425297     3.26461000e-05
2.426106     6.26870000e-05
2.426915     5.66490000e-05
2.427723     1.54759000e-05
2.428533     3.51121000e-05
2.429342     3.00842000e-05
2.430152     1.90649000e-05
2.430962     4.44439000e-05
2.431772     5.05252000e-05
2.432583     5.79731000e-05
2.433394     4.31805000e-05
2.434205     2.13404000e-05
2.435016     3.37946000e-05
2.435828     3.67768000e-05
2.436640     5.11998000e-05
2.437452     3.06475000e-05
2.438265     5.09490000e-05
2.439077     3.88436000e-05
2.439890     3.86958000e-05
2.440704     2.98125000e-05
2.441517     3.50994000e-05
2.442331     4.31119000e-05
2.443145     2.33036000e-05
2.443960     4.88298000e-05
2.444774     6.20561000e-05
2.445589     4.34941000e-05
2.446404     3.10702000e-05
2.447220     2.90846000e-05
2.448036     2.36670000e-05
2.448852     4.65199000e-05
2.449668     3.46044000e-05
2.450484     2.68165000e-05
2.451301     4.59979000e-05
2.452118     2.42343000e-05
2.452936     4.39633000e-05
2.453753     5.72615000e-05
2.454571     4.26503000e-05
2.455390     7.41416000e-05
2.456208     3.06732000e-05
2.457027     5.09342000e-05
2.457846     5.63856000e-05
2.458665     5.66662000e-05
2.459485     1.86006000e-05
2.460304     4.22441000e-05
2.461125     3.21492000e-05
2.461945     4.72228000e-05
2.462766     4.20730000e-05
2.463586     2.40455000e-05
2.464408     2.48657000e-05
2.465229     6.47203000e-05
2.466051     4.82794000e-05
2.466873     8.08689000e-05
2.467695     4.48863000e-05
2.468518     4.65786000e-05
2.469341     4.94768000e-05
2.470164     3.95493000e-05
2.470987     6.22036000e-05
2.471811     5.90450000e-05
2.472635     6.12828000e-05
2.473459     2.64902000e-05
2.474283     6.55983000e-05
2.475108     3.72750000e-05
2.475933     5.70542000e-05
2.476758     6.03572000e-05
2.477584     4.93648000e-05
2.478410     3.88239000e-05
2.479236     3.40771000e-05
2.480062     2.37449000e-05
2.480889     7.14701000e-05
2.481716     5.11238000e-05
2.482543     4.85384000e-05
2.483371     1.32443000e-05
2.484199     4.61222000e-05
2.485027     7.51475000e-05
2.485855     5.31424000e-05
2.486684     4.59298000e-05
2.487513     4.90359000e-05
2.488342     4.17174000e-05
2.489171     8.80528000e-05
2.490001     4.02112000e-05
2.490831     5.24795000e-05
2.491661     1.01708000e-04
2.492492     6.99200000e-05
2.493323     4.70069000e-05
2.494154     6.33587000e-05
2.494985     7.30354000e-05
2.495817     1.90427000e-05
2.496649     7.03316000e-05
2.497481     7.22495000e-05
2.498313     5.89374000e-05
2.499146     3.34333000e-05
2.499979     5.47201000e-05
2.500813     8.37483000e-05
2.501646     5.47057000e-05
2.502480     5.88892000e-05
2.503314     7.05704000e-05
2.504149     7.82596000e-05
2.504983     1.01836000e-04
2.505818     8.13596000e-06
2.506654     4.01631000e-05
2.507489     9.66943000e-05
2.508325     5.81171000e-05
2.509161     6.20721000e-05
2.509998     7.02078000e-05
2.510834     2.07189000e-05
2.511671     7.06553000e-05
2.512508     8.52537000e-05
2.513346     6.48221000e-05
2.514184     3.42061000e-05
2.515022     5.34316000e-05
2.515860     3.02559000e-05
2.516699     7.38192000e-05
2.517538     1.58090000e-05
2.518377     9.15450000e-05
2.519216     7.13272000e-05
2.520056     1.05056000e-04
2.520896     7.85016000e-05
2.521736     7.19346000e-05
2.522577     9.14874000e-05
2.523418     5.11047000e-05
2.524259     6.23928000e-05
2.525100     7.75008000e-05
2.525942     8.55949000e-05
2.526784     9.36377000e-05
2.527626     6.46195000e-05
2.528469     5.25598000e-05
2.529312     6.09133000e-05
2.530155     1.99143000e-05
2.530998     4.85689000e-05
2.531842     7.62761000e-05
2.532686     6.31466000e-05
2.533530     7.66564000e-05
2.534374     8.91471000e-05
2.535219     4.54721000e-05
2.536064     6.86813000e-05
2.536910     9.61864000e-05
2.537755     6.43358000e-05
2.538601     8.65557000e-05
2.539447     6.54141000e-05
2.540294     9.08018000e-05
2.541141     2.73665000e-05
2.541988     8.36099000e-05
2.542835     3.23391000e-05
2.543683     4.36064000e-05
2.544530     2.29844000e-05
2.545379     7.84716000e-05
2.546227     8.14834000e-05
2.547076     1.86874000e-05
2.547925     8.09037000e-05
2.548774     1.78375000e-05
2.549624     1.01503000e-04
2.550474     8.96480000e-05
2.551324     1.12092000e-04
2.552174     1.13558000e-04
2.553025     7.25079000e-05
2.553876     7.69688000e-05
2.554727     7.98026000e-05
2.555579     2.74568000e-05
2.556431     6.74445000e-05
2.557283     8.91798000e-05
2.558135     5.02607000e-05
2.558988     4.05131000e-05
2.559841     2.51057000e-05
2.560694     8.72228000e-05
2.561548     7.25472000e-05
2.562402     6.95741000e-05
2.563256     8.40199000e-05
2.564110     8.92826000e-05
2.564965     1.01717000e-04
2.565820     5.69145000e-05
2.566675     8.44353000e-05
2.567531     1.16162000e-04
2.568387     1.25821000e-04
2.569243     3.75348000e-05
2.570099     7.05518000e-05
2.570956     5.11595000e-05
2.571813     1.13609000e-04
2.572670     4.03704000e-05
2.573528     2.99137000e-05
2.574386     6.47613000e-05
2.575244     8.45310000e-05
2.576102     8.61301000e-05
2.576961     7.79287000e-05
2.577820     8.17886000e-05
2.578679     9.69218000e-05
2.579539     3.35935000e-05
2.580398     5.83351000e-05
2.581259     8.27247000e-05
2.582119     8.68908000e-05
2.582980     1.04738000e-05
2.583841     3.35137000e-05
2.584702     7.02780000e-05
2.585564     5.80954000e-05
2.586425     8.17984000e-05
2.587288     3.26392000e-05
2.588150     2.24984000e-05
2.589013     2.02078000e-05
2.589876     4.00937000e-05
2.590739     1.46612000e-04
2.591603     7.84509000e-05
2.592466     7.17247000e-05
2.593331     3.49140000e-05
2.594195     8.30904000e-05
2.595060     4.36389000e-05
2.595925     3.60093000e-05
2.596790     1.40153000e-04
2.597656     2.47957000e-05
2.598522     5.11693000e-05
2.599388     5.28111000e-05
2.600254     1.00457000e-04
2.601121     1.14581000e-04
2.601988     1.16511000e-04
2.602855     8.61637000e-05
2.603723     4.68713000e-05
2.604591     8.25272000e-05
2.605459     7.22599000e-05
2.606328     1.03569000e-04
2.607196     1.06208000e-04
2.608065     1.15365000e-04
2.608935     8.74220000e-05
2.609804     1.34788000e-05
2.610674     1.07506000e-04
2.611545     8.29985000e-05
2.612415     1.12809000e-04
2.613286     6.90180000e-05
2.614157     8.59949000e-05
2.615028     8.10647000e-05
2.615900     6.68186000e-05
2.616772     8.65551000e-05
2.617644     9.79806000e-05
2.618517     8.08564000e-05
2.619390     1.10910000e-04
2.620263     8.58196000e-05
2.621136     9.22834000e-05
2.622010     6.35846000e-05
2.622884     6.75329000e-05
2.623758     1.44725000e-04
2.624633     1.13442000e-04
2.625508     4.82948000e-05
2.626383     3.90744000e-05
2.627258     3.79042000e-05
2.628134     1.33439000e-04
2.629010     4.96751000e-05
2.629886     1.26796000e-04
2.630763     6.87119000e-05
2.631640     3.96138000e-05
2.632517     7.01376000e-05
2.633395     6.53859000e-05
2.634272     4.04173000e-05
2.635151     1.28693000e-04
2.636029     1.32314000e-04
2.636908     5.68083000e-05
2.637787     9.23456000e-05
2.638666     7.54105000e-05
2.639545     1.61355000e-04
2.640425     7.17038000e-05
2.641305     6.71046000e-05
2.642186     1.05004000e-04
2.643067     1.53531000e-04
2.643948     7.30533000e-05
2.644829     6.94651000e-05
2.645711     8.03312000e-05
2.646592     8.50527000e-05
2.647475     9.38783000e-05
2.648357     1.26095000e-04
2.649240     1.34510000e-04
2.650123     1.10217000e-04
2.651006     1.57244000e-04
2.651890     1.43464000e-04
2.652774     9.75663000e-05
2.653658     1.58901000e-04
2.654543     3.08741000e-05
2.655428     5.77407000e-05
2.656313     3.14458000e-05
2.657198     4.64103000e-05
2.658084     1.33983000e-04
2.658970     1.23516000e-04
2.659856     1.24158000e-04
2.660743     1.11382000e-04
2.661630     1.25441000e-04
2.662517     1.92439000e-04
2.663405     1.26273000e-04
2.664292     1.24422000e-04
2.665180     6.25533000e-05
2.666069     2.82241000e-05
2.666958     1.82044000e-05
2.667847     1.51203000e-04
2.668736     8.33015000e-05
2.669625     1.45200000e-04
2.670515     3.88420000e-05
2.671405     1.21519000e-04
2.672296     5.84156000e-05
2.673187     3.58873000e-05
2.674078     1.34992000e-04
2.674969     6.41854000e-05
2.675861     1.02869000e-04
2.676753     9.62359000e-05
2.677645     1.60353000e-05
2.678537     9.91667000e-05
2.679430     1.06079000e-05
2.680323     1.86579000e-04
2.681217     1.51916000e-04
2.682111     3.15319000e-05
2.683005     9.21009000e-05
2.683899     8.95616000e-05
2.684794     8.75305000e-05
2.685689     8.24720000e-05
2.686584     2.80741000e-05
2.687479     1.77483000e-04
2.688375     7.98933000e-05
2.689271     1.45406000e-04
2.690168     8.61405000e-05
2.691064     3.02552000e-05
2.691961     4.01023000e-05
2.692859     1.20033000e-04
2.693756     5.91283000e-05
2.694654     7.76766000e-05
2.695553     6.20547000e-05
2.696451     3.12246000e-05
2.697350     1.74802000e-04
2.698249     1.52446000e-04
2.699148     1.75569000e-04
2.700048     9.41244000e-05
2.700948     1.40695000e-04
2.701848     3.79874000e-05
2.702749     1.00008000e-04
2.703650     5.78194000e-05
2.704551     6.80505000e-05
2.705453     8.92671000e-05
2.706355     6.79318000e-05
2.707257     2.35944000e-05
2.708159     1.37818000e-04
2.709062     1.50319000e-05
2.709965     9.56609000e-05
2.710868     1.13177000e-04
2.711772     4.11133000e-05
2.712676     1.22661000e-04
2.713580     1.45353000e-04
2.714484     3.39422000e-05
2.715389     1.55047000e-04
2.716294     8.19495000e-05
2.717200     1.88446000e-04
2.718106     1.25530000e-04
2.719012     1.38230000e-04
2.719918     1.12469000e-04
2.720825     5.85922000e-05
2.721732     1.34014000e-04
2.722639     1.63066000e-04
2.723546     1.61549000e-04
2.724454     9.01349000e-05
2.725362     1.49893000e-04
2.726271     9.16998000e-05
2.727180     1.39041000e-04
2.728089     4.84510000e-05
2.728998     8.04446000e-05
2.729908     2.04311000e-04
2.730818     4.02695000e-05
2.731728     6.26406000e-05
2.732638     1.77332000e-04
2.733549     1.80109000e-04
2.734460     1.78763000e-04
2.735372     7.77110000e-05
2.736284     4.24736000e-05
2.737196     2.02654000e-04
2.738108     1.68292000e-04
2.739021     3.90722000e-05
2.739934     5.22318000e-05
2.740847     4.83693000e-05
2.741761     1.00296000e-04
2.742675     1.06219000e-04
2.743589     2.53378000e-04
2.744504     1.35590000e-04
2.745418     1.48104000e-04
2.746334     1.90065000e-04
2.747249     1.75216000e-04
2.748165     1.30145000e-04
2.749081     1.46333000e-04
2.749997     5.88856000e-05
2.750914     1.01720000e-04
2.751831     8.61600000e-05
2.752748     8.72262000e-05
2.753666     9.39834000e-05
2.754584     1.46965000e-04
2.755502     8.88697000e-05
2.756420     1.44033000e-04
2.757339     1.24089000e-04
2.758258     1.29013000e-04
2.759178     1.41588000e-04
2.760097     1.21025000e-04
2.761017     9.00630000e-05
2.761938     1.98805000e-04
2.762858     5.92039000e-05
2.763779     3.29673000e-05
2.764701     3.91627000e-05
2.765622     2.11691000e-05
2.766544     9.00851000e-05
2.767466     1.54502000e-04
2.768389     1.28873000e-04
2.769311     8.23618000e-05
2.770235     3.71275000e-05
2.771158     1.61635000e-04
2.772082     4.10160000e-05
2.773006     1.10474000e-04
2.773930     1.48923000e-04
2.774855     1.17201000e-04
2.775780     1.13120000e-04
2.776705     1.21019000e-04
2.777630     3.82073000e-05
2.778556     3.54842000e-05
2.779483     2.06509000e-04
2.780409     1.08789000e-04
2.781336     6.67812000e-05
2.782263     1.80380000e-04
2.783190     5.27875000e-05
2.784118     9.96311000e-05
2.785046     7.61167000e-05
2.785974     1.54309000e-04
2.786903     1.28675000e-04
2.787832     7.02660000e-05
2.788761     1.54763000e-04
2.789691     2.08896000e-04
2.790621     1.74525000e-04
2.791551     1.60026000e-04
2.792482     2.66654000e-05
2.793412     1.02827000e-04
2.794344     3.33140000e-05
2.795275     1.96874000e-04
2.796207     2.30543000e-04
2.797139     1.16720000e-04
2.798071     3.49222000e-05
2.799004     4.05846000e-05
2.799937     2.89459000e-04
2.800870     3.49781000e-05
2.801804     1.31900000e-04
2.802738     1.66294000e-05
2.803672     1.31196000e-05
2.804607     9.68398000e-05
2.805541     1.40968000e-04
2.806477     4.50387000e-05
2.807412     1.41803000e-04
2.808348     1.12175000e-04
2.809284     1.17785000e-04
2.810220     7.32529000e-05
2.811157     1.95810000e-04
2.812094     1.96647000e-04
2.813032     3.37902000e-05
2.813969     5.31811000e-05
2.814907     1.25960000e-04
2.815846     2.55470000e-04
2.816784     1.41634000e-04
2.817723     2.35620000e-04
2.818662     1.96305000e-04
2.819602     1.25370000e-04
2.820542     1.02328000e-04
2.821482     1.05343000e-04
2.822422     4.90123000e-05
2.823363     2.53602000e-04
2.824304     4.03189000e-05
2.825246     5.49100000e-05
2.826188     3.40779000e-05
2.827130     2.90710000e-05
2.828072     1.54741000e-04
2.829015     3.42615000e-04
2.829958     2.67331000e-04
2.830901     2.76436000e-04
2.831845     8.54180000e-05
2.832789     4.51678000e-05
2.833733     1.00738000e-04
2.834677     1.53858000e-04
2.835622     3.84759000e-05
2.836568     1.31578000e-04
2.837513     8.76936000e-05
2.838459     8.73487000e-05
2.839405     2.54834000e-04
2.840352     2.25898000e-04
2.841298     2.43029000e-04
2.842245     1.68901000e-04
2.843193     5.26595000e-05
2.844141     3.02531000e-04
2.845089     4.36478000e-05
2.846037     2.45577000e-04
2.846986     1.21362000e-04
2.847935     2.05835000e-04
2.848884     2.12022000e-04
2.849834     9.23298000e-05
2.850784     4.82045000e-05
2.851734     2.02965000e-04
2.852684     1.44706000e-04
2.853635     6.48189000e-05
2.854586     7.12061000e-05
2.855538     1.40076000e-04
2.856490     1.80330000e-04
2.857442     1.25900000e-04
2.858394     2.03663000e-04
2.859347     1.94360000e-04
2.860300     1.75994000e-04
2.861254     1.53106000e-04
2.862208     1.47914000e-04
2.863162     1.97744000e-04
2.864116     1.28404000e-04
2.865071     2.35663000e-04
2.866026     1.90485000e-04
2.866981     8.10728000e-05
2.867937     1.45911000e-04
2.868893     9.08399000e-05
2.869849     1.97349000e-04
2.870806     2.44796000e-04
2.871763     9.14282000e-05
2.872720     1.53075000e-04
2.873677     1.86524000e-04
2.874635     3.70557000e-05
2.875594     3.26194000e-04
2.876552     2.05051000e-04
2.877511     5.48311000e-05
2.878470     1.64076000e-04
2.879430     7.11991000e-05
2.880389     1.08733000e-04
2.881350     9.60601000e-05
2.882310     2.56766000e-04
2.883271     1.58572000e-04
2.884232     4.73533000e-05
2.885193     5.02553000e-05
2.886155     1.44005000e-04
2.887117     2.81754000e-04
2.888079     4.75101000e-05
2.889042     3.73976000e-05
2.890005     6.67194000e-05
2.890968     1.83632000e-04
2.891932     2.38024000e-04
2.892896     4.65149000e-05
2.893860     5.52992000e-05
2.894825     1.04041000e-04
2.895790     1.12516000e-04
2.896755     2.23912000e-04
2.897721     2.90818000e-04
2.898687     1.39309000e-04
2.899653     3.27990000e-05
2.900619     1.15778000e-04
2.901586     2.75224000e-04
2.902554     5.10652000e-05
2.903521     3.04486000e-04
2.904489     1.60676000e-04
2.905457     1.95087000e-04
2.906426     2.21752000e-04
2.907394     1.95200000e-04
2.908363     1.23651000e-04
2.909333     1.95394000e-04
2.910303     1.19780000e-04
2.911273     1.57569000e-04
2.912243     1.00103000e-04
2.913214     2.95810000e-04
2.914185     2.09189000e-04
2.915156     1.70146000e-04
2.916128     2.50703000e-04
2.917100     1.15862000e-04
2.918073     1.70621000e-04
2.919045     2.46747000e-04
2.920018     2.82383000e-04
2.920992     1.61796000e-04
2.921965     4.98867000e-05
2.922939     1.23576000e-04
2.923914     1.83243000e-04
2.924888     1.99720000e-04
2.925863     7.80314000e-05
2.926838     2.85811000e-04
2.927814     4.15707000e-05
2.928790     1.93593000e-04
2.929766     8.04024000e-05
2.930743     1.79809000e-04
2.931720     2.19539000e-04
2.932697     1.43515000e-04
2.933675     2.97831000e-04
2.934652     1.18069000e-04
2.935631     1.92323000e-04
2.936609     2.21280000e-04
2.937588     4.41245000e-05
2.938567     3.23345000e-04
2.939547     2.07386000e-04
2.940527     1.46340000e-04
2.941507     1.75417000e-04
2.942487     1.74614000e-04
2.943468     5.00699000e-05
2.944449     2.17833000e-04
2.945431     3.43608000e-04
2.946413     1.75390000e-04
2.947395     1.61942000e-04
2.948377     8.28979000e-05
2.949360     2.20077000e-04
2.950343     3.07577000e-04
2.951327     2.58743000e-04
2.952310     2.05206000e-04
2.953294     2.30143000e-04
2.954279     1.74462000e-04
2.955264     7.35359000e-05
2.956249     8.20925000e-05
2.957234     1.22322000e-04
2.958220     2.23262000e-04
2.959206     2.41767000e-04
2.960192     2.04785000e-04
2.961179     4.82680000e-05
2.962166     2.54105000e-04
2.963154     2.37165000e-04
2.964141     1.87493000e-04
2.965129     3.19563000e-04
2.966118     2.37779000e-04
2.967106     9.34160000e-05
2.968095     4.52679000e-05
2.969085     2.50078000e-04
2.970075     3.37534000e-04
2.971065     1.26012000e-04
2.972055     1.12538000e-04
2.973046     1.47481000e-04
2.974037     1.64119000e-04
2.975028     9.61952000e-05
2.976020     6.99885000e-05
2.977012     2.64397000e-04
2.978004     9.49744000e-05
2.978997     1.70609000e-04
2.979990     4.70546000e-05
2.980983     1.01737000e-04
2.981977     3.32025000e-04
2.982971     3.23441000e-04
2.983965     6.21005000e-05
2.984960     2.39647000e-04
2.985955     2.51797000e-04
2.986950     1.33071000e-04
2.987946     6.30419000e-05
2.988942     1.07462000e-04
2.989938     1.46153000e-04
2.990934     2.51009000e-04
2.991931     1.36119000e-04
2.992929     2.13804000e-04
2.993926     2.62582000e-04
2.994924     5.28384000e-05
2.995923     1.91589000e-04
2.996921     1.56787000e-04
2.997920     3.01256000e-04
2.998920     1.48820000e-04
2.999919     2.82440000e-04
3.000919     1.88436000e-04
3.001920     8.64144000e-05
3.002920     3.41575000e-04
3.003921     2.51477000e-04
3.004922     1.45640000e-04
3.005924     1.84253000e-04
3.006926     5.48731000e-05
3.007928     5.34995000e-05
3.008931     2.20987000e-04
3.009934     1.51153000e-04
3.010937     9.20970000e-05
3.011941     9.11888000e-05
3.012945     1.04469000e-04
3.013949     1.36065000e-04
3.014954     1.12713000e-04
3.015959     2.62602000e-04
3.016964     1.30043000e-04
3.017970     1.03865000e-04
3.018976     8.09523000e-05
3.019982     2.31756000e-04
3.020989     2.21978000e-04
3.021996     2.01194000e-04
3.023003     2.29811000e-04
3.024011     2.58988000e-04
3.025019     7.14412000e-05
3.026027     1.87892000e-04
3.027036     1.29708000e-04
3.028045     1.76348000e-04
3.029054     1.86419000e-04
3.030064     1.61528000e-04
3.031074     1.09285000e-04
3.032084     1.14898000e-04
3.033095     2.68182000e-04
3.034106     1.29632000e-04
3.035117     1.08156000e-04
3.036129     1.05625000e-04
3.037141     1.96915000e-04
3.038154     2.33623000e-04
3.039166     1.31267000e-04
3.040179     1.15201000e-04
3.041193     1.37243000e-04
3.042206     1.60991000e-04
3.043220     1.00902000e-04
3.044235     1.60177000e-04
3.045250     1.36531000e-04
3.046265     2.06136000e-04
3.047280     2.20872000e-04
3.048296     1.19289000e-04
3.049312     1.70631000e-04
3.050328     2.37457000e-04
3.051345     6.34270000e-05
3.052362     1.92888000e-04
3.053380     1.96882000e-04
3.054398     1.25128000e-04
3.055416     1.89618000e-04
3.056434     1.23608000e-04
3.057453     1.64179000e-04
3.058472     9.15798000e-05
3.059492     1.94964000e-04
3.060511     1.00292000e-04
3.061532     1.54141000e-04
3.062552     1.43420000e-04
3.063573     1.36692000e-04
3.064594     1.34077000e-04
3.065616     1.77000000e-04
3.066638     1.72214000e-04
3.067660     1.02146000e-04
3.068682     1.38431000e-04
3.069705     1.28218000e-04
3.070728     1.59445000e-04
3.071752     1.68294000e-04
3.072776     1.15190000e-04
3.073800     1.10781000e-04
3.074825     1.26035000e-04
3.075850     1.90547000e-04
3.076875     1.60482000e-04
3.077901     7.30795000e-05
3.078927     1.06492000e-04
3.079953     1.10778000e-04
3.080980     1.50862000e-04
3.082007     6.13270000e-05
3.083034     1.72930000e-04
3.084062     6.54786000e-05
3.085090     1.57618000e-04
3.086118     1.94767000e-04
3.087147     1.56629000e-04
3.088176     1.43689000e-04
3.089205     1.14307000e-04
3.090235     1.45671000e-04
3.091265     1.57374000e-04
3.092295     6.08135000e-05
3.093326     6.47798000e-05
3.094357     1.17965000e-04
3.095389     1.40770000e-04
3.096420     1.03382000e-04
3.097453     9.07241000e-05
3.098485     1.42256000e-04
3.099518     1.34921000e-04
3.100551     1.24308000e-04
3.101585     1.50885000e-04
3.102619     1.12323000e-04
3.103653     9.05222000e-05
3.104687     1.12207000e-04
3.105722     1.16322000e-04
3.106757     1.15314000e-04
3.107793     1.01210000e-04
3.108829     7.33869000e-05
3.109865     8.95337000e-05
3.110902     1.06895000e-04
3.111939     7.58704000e-05
3.112976     8.30069000e-05
3.114014     1.22637000e-04
3.115052     8.39680000e-05
3.116090     6.33326000e-05
3.117129     9.98472000e-05
3.118168     1.09255000e-04
3.119207     9.84728000e-05
3.120247     8.22517000e-05
3.121287     7.73184000e-05
3.122327     1.06192000e-04
3.123368     1.17176000e-04
3.124409     5.26352000e-05
3.125451     1.04173000e-04
3.126493     1.20611000e-04
3.127535     1.10557000e-04
3.128577     7.16923000e-05
3.129620     7.71274000e-05
3.130663     1.26424000e-04
3.131707     9.43261000e-05
3.132751     7.62909000e-05
3.133795     1.24956000e-04
3.134840     1.04711000e-04
3.135885     1.17043000e-04
3.136930     9.02923000e-05
3.137976     7.74955000e-05
3.139022     8.91728000e-05
3.140068     9.03816000e-05
3.141115     9.09054000e-05
3.142162     7.90329000e-05
3.143209     8.91791000e-05
3.144257     8.73906000e-05
3.145305     9.79048000e-05
3.146353     7.92682000e-05
3.147402     9.76993000e-05
3.148451     9.37978000e-05
3.149501     1.00179000e-04
3.150551     9.90191000e-05
3.151601     7.54938000e-05
3.152651     1.03815000e-04
3.153702     7.69712000e-05
3.154753     6.95777000e-05
3.155805     7.52822000e-05
3.156857     8.79759000e-05
3.157909     4.13945000e-05
3.158962     9.08452000e-05
3.160015     1.07453000e-04
3.161068     9.29777000e-05
3.162122     9.81292000e-05
3.163176     1.09944000e-04
3.164230     1.02592000e-04
3.165285     8.86715000e-05
3.166340     9.61005000e-05
3.167396     9.07256000e-05
3.168451     9.09259000e-05
3.169507     8.12793000e-05
3.170564     9.28139000e-05
3.171621     1.00095000e-04
3.172678     1.11851000e-04
3.173736     9.91285000e-05
3.174794     1.06752000e-04
3.175852     1.00269000e-04
3.176910     9.56683000e-05
3.177969     1.22043000e-04
3.179029     8.50809000e-05
3.180088     1.03266000e-04
3.181148     1.24503000e-04
3.182209     9.36224000e-05
3.183270     1.15170000e-04
3.184331     6.37223000e-05
3.185392     9.39621000e-05
3.186454     8.25444000e-05
3.187516     6.52478000e-05
3.188579     9.56004000e-05
3.189641     1.02451000e-04
3.190705     8.81043000e-05
3.191768     6.98646000e-05
3.192832     8.88578000e-05
3.193896     7.73278000e-05
3.194961     8.17830000e-05
3.196026     9.27113000e-05
3.197091     6.68864000e-05
3.198157     7.97530000e-05
3.199223     6.94029000e-05
3.200289     1.01043000e-04
3.201356     1.18928000e-04
3.202423     4.10622000e-05
3.203491     7.32095000e-05
3.204559     9.28029000e-05
3.205627     1.03910000e-04
3.206695     1.15454000e-04
3.207764     1.10911000e-04
3.208834     8.52330000e-05
3.209903     1.04272000e-04
3.210973     9.65213000e-05
3.212043     8.94722000e-05
3.213114     8.08890000e-05
3.214185     1.04516000e-04
3.215257     1.00688000e-04
3.216328     9.24398000e-05
3.217400     8.33984000e-05
3.218473     9.10555000e-05
3.219546     1.01485000e-04
3.220619     7.74445000e-05
3.221692     1.11919000e-04
3.222766     8.97797000e-05
3.223841     8.58454000e-05
3.224915     6.14912000e-05
3.225990     8.69407000e-05
3.227066     6.66360000e-05
3.228141     9.95622000e-05
3.229217     1.12271000e-04
3.230294     1.09270000e-04
3.231370     8.08588000e-05
3.232448     8.90906000e-05
3.233525     1.14918000e-04
3.234603     5.93724000e-05
3.235681     1.38145000e-04
3.236760     1.00206000e-04
3.237839     1.00479000e-04
3.238918     7.24537000e-05
3.239997     1.34232000e-04
3.241077     1.00404000e-04
3.242158     9.58555000e-05
3.243239     9.42245000e-05
3.244320     1.13366000e-04
3.245401     1.29318000e-04
3.246483     1.19544000e-04
3.247565     1.02634000e-04
3.248648     1.13114000e-04
3.249730     8.97608000e-05
3.250814     8.79274000e-05
3.251897     1.15742000e-04
3.252981     1.14329000e-04
3.254066     1.10715000e-04
3.255150     1.00731000e-04
3.256235     1.09869000e-04
3.257321     1.33997000e-04
3.258406     1.39194000e-04
3.259493     1.26605000e-04
3.260579     9.55556000e-05
3.261666     1.12524000e-04
3.262753     8.64186000e-05
3.263841     9.28076000e-05
3.264929     1.05636000e-04
3.266017     1.01543000e-04
3.267106     7.32199000e-05
3.268195     1.16865000e-04
3.269284     1.22924000e-04
3.270374     9.70626000e-05
3.271464     1.30633000e-04
3.272555     1.14090000e-04
3.273645     1.08061000e-04
3.274737     1.16327000e-04
3.275828     8.83337000e-05
3.276920     1.06563000e-04
3.278012     1.08086000e-04
3.279105     1.06883000e-04
3.280198     1.06442000e-04
3.281292     1.41329000e-04
3.282385     1.40306000e-04
3.283479     1.42392000e-04
3.284574     1.16868000e-04
3.285669     7.24355000e-05
3.286764     9.76984000e-05
3.287860     1.04790000e-04
3.288956     1.19188000e-04
3.290052     1.13051000e-04
3.291149     7.40434000e-05
3.292246     9.22476000e-05
3.293343     1.27410000e-04
3.294441     1.08285000e-04
3.295539     1.00838000e-04
3.296637     1.27054000e-04
3.297736     8.68044000e-05
3.298836     1.11823000e-04
3.299935     1.31756000e-04
3.301035     1.16411000e-04
3.302135     1.15056000e-04
3.303236     1.06325000e-04
3.304337     1.31793000e-04
3.305439     1.24368000e-04
3.306541     1.17140000e-04
3.307643     1.06137000e-04
3.308745     1.09041000e-04
3.309848     7.96939000e-05
3.310951     8.80852000e-05
3.312055     8.74380000e-05
3.313159     9.95993000e-05
3.314264     5.28003000e-05
3.315368     1.08990000e-04
3.316473     1.00744000e-04
3.317579     1.00882000e-04
3.318685     5.42058000e-05
3.319791     8.83687000e-05
3.320898     1.19956000e-04
3.322005     7.07817000e-05
3.323112     5.97885000e-05
3.324220     8.09521000e-05
3.325328     7.66176000e-05
3.326436     1.00391000e-04
3.327545     7.83541000e-05
3.328654     9.27374000e-05
3.329764     7.30113000e-05
3.330874     8.10229000e-05
3.331984     9.35495000e-05
3.333095     6.82958000e-05
3.334206     7.82428000e-05
3.335317     8.48153000e-05
3.336429     1.02375000e-04
3.337541     9.15085000e-05
3.338653     9.83065000e-05
3.339766     9.28142000e-05
3.340880     1.07023000e-04
3.341993     9.92305000e-05
3.343107     9.57989000e-05
3.344222     1.09971000e-04
3.345336     9.83273000e-05
3.346451     8.86958000e-05
3.347567     9.88874000e-05
3.348683     1.04577000e-04
3.349799     1.11702000e-04
3.350916     1.10307000e-04
3.352033     1.08436000e-04
3.353150     1.10587000e-04
3.354268     1.16780000e-04
3.355386     1.04733000e-04
3.356504     1.12371000e-04
3.357623     1.17419000e-04
3.358742     1.18018000e-04
3.359862     1.12552000e-04
3.360982     1.23446000e-04
3.362102     1.22834000e-04
3.363223     1.25990000e-04
3.364344     1.06226000e-04
3.365465     1.04860000e-04
3.366587     1.14528000e-04
3.367709     1.17910000e-04
3.368832     1.12206000e-04
3.369955     1.26887000e-04
3.371078     1.19494000e-04
3.372202     1.23993000e-04
3.373326     7.90831000e-05
3.374450     1.04856000e-04
3.375575     1.42069000e-04
3.376700     1.16465000e-04
3.377826     1.25674000e-04
3.378952     1.42017000e-04
3.380078     7.98219000e-05
3.381205     1.41776000e-04
3.382332     9.32706000e-05
3.383459     1.22253000e-04
3.384587     1.32670000e-04
3.385715     1.45259000e-04
3.386844     1.30042000e-04
3.387973     1.44162000e-04
3.389102     1.28639000e-04
3.390232     9.83444000e-05
3.391362     1.22188000e-04
3.392492     1.10705000e-04
3.393623     1.42660000e-04
3.394754     1.00898000e-04
3.395886     1.55651000e-04
3.397018     1.43949000e-04
3.398150     1.50523000e-04
3.399283     1.73309000e-04
3.400416     1.46294000e-04
3.401550     1.59253000e-04
3.402683     1.16843000e-04
3.403818     5.88005000e-05
3.404952     1.08892000e-04
3.406087     1.11719000e-04
3.407223     9.01754000e-05
3.408358     1.53921000e-04
3.409495     1.16971000e-04
3.410631     1.43246000e-04
3.411768     1.54927000e-04
3.412905     1.63808000e-04
3.414043     1.14095000e-04
3.415181     1.27248000e-04
3.416319     1.07515000e-04
3.417458     1.20563000e-04
3.418597     7.39822000e-05
3.419737     1.27405000e-04
3.420877     1.22568000e-04
3.422017     1.16600000e-04
3.423158     1.26016000e-04
3.424299     1.60946000e-04
3.425440     1.45712000e-04
3.426582     1.28185000e-04
3.427724     1.55217000e-04
3.428867     8.42434000e-05
3.430010     1.30413000e-04
3.431153     1.63145000e-04
3.432297     1.07696000e-04
3.433441     1.44658000e-04
3.434585     1.15095000e-04
3.435730     1.22386000e-04
3.436875     1.37563000e-04
3.438021     1.43907000e-04
3.439167     1.30893000e-04
3.440313     1.05290000e-04
3.441460     1.18586000e-04
3.442607     1.42574000e-04
3.443755     1.70122000e-04
3.444903     1.25214000e-04
3.446051     1.00826000e-04
3.447200     1.18682000e-04
3.448349     1.22805000e-04
3.449498     1.44734000e-04
3.450648     1.05545000e-04
3.451798     1.44584000e-04
3.452949     1.52920000e-04
3.454100     1.21227000e-04
3.455251     1.28764000e-04
3.456403     1.50134000e-04
3.457555     1.39767000e-04
3.458708     1.37379000e-04
3.459861     1.43261000e-04
3.461014     1.37598000e-04
3.462167     1.22416000e-04
3.463322     1.44826000e-04
3.464476     1.03919000e-04
3.465631     1.58653000e-04
3.466786     1.75278000e-04
3.467942     1.44601000e-04
3.469098     1.63813000e-04
3.470254     1.33059000e-04
3.471411     1.20582000e-04
3.472568     1.25654000e-04
3.473725     1.09524000e-04
3.474883     1.11985000e-04
3.476042     1.21856000e-04
3.477200     1.29055000e-04
3.478359     1.10236000e-04
3.479519     1.47287000e-04
3.480679     1.15358000e-04
3.481839     1.71848000e-04
3.482999     1.29920000e-04
3.484160     1.15750000e-04
3.485322     1.30043000e-04
3.486484     1.51766000e-04
3.487646     1.21502000e-04
3.488808     1.77176000e-04
3.489971     1.87274000e-04
3.491135     8.10367000e-05
3.492298     1.07797000e-04
3.493462     1.52647000e-04
3.494627     1.28149000e-04
3.495792     1.46079000e-04
3.496957     1.63400000e-04
3.498123     1.80112000e-04
3.499289     1.83178000e-04
3.500455     1.93356000e-04
3.501622     1.66435000e-04
3.502789     1.56896000e-04
3.503957     1.16463000e-04
3.505125     1.26232000e-04
3.506293     1.49688000e-04
3.507462     1.71953000e-04
3.508631     1.56537000e-04
3.509801     1.24276000e-04
3.510970     1.39551000e-04
3.512141     1.58741000e-04
3.513312     1.67797000e-04
3.514483     1.61172000e-04
3.515654     1.33824000e-04
3.516826     1.33799000e-04
3.517998     1.30593000e-04
3.519171     1.34724000e-04
3.520344     1.71939000e-04
3.521517     1.33145000e-04
3.522691     1.85302000e-04
3.523866     1.56538000e-04
3.525040     1.31707000e-04
3.526215     1.61012000e-04
3.527391     1.97868000e-04
3.528566     1.73589000e-04
3.529743     1.19494000e-04
3.530919     9.17913000e-05
3.532096     9.16280000e-05
3.533273     1.54490000e-04
3.534451     1.52215000e-04
3.535629     1.61498000e-04
3.536808     1.84517000e-04
3.537987     1.55572000e-04
3.539166     1.82922000e-04
3.540346     1.78691000e-04
3.541526     1.71777000e-04
3.542707     1.54743000e-04
3.543887     1.80010000e-04
3.545069     1.27560000e-04
3.546250     1.79020000e-04
3.547433     1.75415000e-04
3.548615     2.08192000e-04
3.549798     1.34039000e-04
3.550981     1.61593000e-04
3.552165     1.96401000e-04
3.553349     1.68971000e-04
3.554533     1.16598000e-04
3.555718     2.00982000e-04
3.556903     1.55931000e-04
3.558089     1.46775000e-04
3.559275     1.66166000e-04
3.560461     1.71603000e-04
3.561648     1.46066000e-04
3.562835     1.59323000e-04
3.564023     1.68363000e-04
3.565211     1.76037000e-04
3.566400     1.84484000e-04
3.567588     1.55080000e-04
3.568778     9.90867000e-05
3.569967     1.20104000e-04
3.571157     1.21527000e-04
3.572347     2.03486000e-04
3.573538     1.17159000e-04
3.574729     2.24522000e-04
3.575921     2.01363000e-04
3.577113     2.03752000e-04
3.578305     1.39407000e-04
3.579498     2.05682000e-04
3.580691     1.97405000e-04
3.581885     2.05850000e-04
3.583079     1.78582000e-04
3.584273     1.59073000e-04
3.585468     1.91492000e-04
3.586663     1.95378000e-04
3.587859     1.82712000e-04
3.589055     1.41765000e-04
3.590251     1.62064000e-04
3.591448     1.95304000e-04
3.592645     1.44611000e-04
3.593842     1.68487000e-04
3.595040     2.11712000e-04
3.596239     1.96460000e-04
3.597437     1.40710000e-04
3.598637     2.21536000e-04
3.599836     1.58625000e-04
3.601036     1.42610000e-04
3.602236     1.75567000e-04
3.603437     1.81795000e-04
3.604638     2.16185000e-04
3.605840     1.77875000e-04
3.607042     1.86970000e-04
3.608244     1.36400000e-04
3.609447     1.37194000e-04
3.610650     1.68925000e-04
3.611854     1.97377000e-04
3.613058     1.39330000e-04
3.614262     2.05316000e-04
3.615467     2.10164000e-04
3.616672     1.97287000e-04
3.617877     2.25456000e-04
3.619083     1.97206000e-04
3.620290     1.67584000e-04
3.621496     2.37813000e-04
3.622704     2.12592000e-04
3.623911     1.43698000e-04
3.625119     1.75296000e-04
3.626328     1.68204000e-04
3.627536     1.51355000e-04
3.628745     2.09713000e-04
3.629955     2.02499000e-04
3.631165     2.08361000e-04
3.632375     1.96225000e-04
3.633586     1.64915000e-04
3.634797     1.75007000e-04
3.636009     2.07310000e-04
3.637221     2.29775000e-04
3.638433     1.95346000e-04
3.639646     1.93497000e-04
3.640859     2.07681000e-04
3.642073     2.66165000e-04
3.643287     2.16793000e-04
3.644502     2.04064000e-04
3.645716     2.30621000e-04
3.646932     2.16346000e-04
3.648147     2.00351000e-04
3.649363     2.11614000e-04
3.650580     2.79219000e-04
3.651797     2.53833000e-04
3.653014     2.77308000e-04
3.654232     2.65580000e-04
3.655450     2.26855000e-04
3.656668     1.92696000e-04
3.657887     2.33880000e-04
3.659106     2.33821000e-04
3.660326     2.17277000e-04
3.661546     1.80683000e-04
3.662767     2.12569000e-04
3.663988     2.02763000e-04
3.665209     1.64471000e-04
3.666431     2.31046000e-04
3.667653     1.70231000e-04
3.668875     2.81508000e-04
3.670098     2.95247000e-04
3.671322     2.10638000e-04
3.672545     2.03702000e-04
3.673770     2.38744000e-04
3.674994     1.68351000e-04
3.676219     2.63536000e-04
3.677445     2.44611000e-04
3.678670     2.53175000e-04
3.679897     2.47243000e-04
3.681123     2.88922000e-04
3.682350     2.31419000e-04
3.683578     2.41683000e-04
3.684806     2.23783000e-04
3.686034     2.93347000e-04
3.687263     1.23741000e-04
3.688492     2.55574000e-04
3.689721     1.97699000e-04
3.690951     2.43156000e-04
3.692181     2.61034000e-04
3.693412     2.43192000e-04
3.694643     2.10930000e-04
3.695875     3.61485000e-04
3.697107     2.07380000e-04
3.698339     2.81979000e-04
3.699572     2.35954000e-04
3.700805     1.72062000e-04
3.702039     2.69998000e-04
3.703273     3.04482000e-04
3.704507     2.61431000e-04
3.705742     2.99216000e-04
3.706977     1.60803000e-04
3.708213     1.97418000e-04
3.709449     3.05048000e-04
3.710685     2.92038000e-04
3.711922     2.71623000e-04
3.713160     1.69801000e-04
3.714397     2.43210000e-04
3.715635     2.97553000e-04
3.716874     3.29031000e-04
3.718113     3.60812000e-04
3.719352     2.47086000e-04
3.720592     2.01413000e-04
3.721832     3.24510000e-04
3.723073     3.17152000e-04
3.724314     3.67095000e-04
3.725555     2.63701000e-04
3.726797     3.07347000e-04
3.728040     1.46827000e-04
3.729282     3.35978000e-04
3.730525     3.07764000e-04
3.731769     2.16928000e-04
3.733013     2.63097000e-04
3.734257     3.82370000e-04
3.735502     2.72480000e-04
3.736747     1.99318000e-04
3.737993     4.33673000e-04
3.739239     2.12200000e-04
3.740485     3.27121000e-04
3.741732     2.47698000e-04
3.742979     2.92603000e-04
3.744227     2.15428000e-04
3.745475     3.00048000e-04
3.746723     4.19195000e-04
3.747972     4.04403000e-04
3.749221     3.14637000e-04
3.750471     3.17740000e-04
3.751721     3.47632000e-04
3.752972     3.54375000e-04
3.754223     3.96093000e-04
3.755474     2.90000000e-04
3.756726     3.22349000e-04
3.757978     3.06615000e-04
3.759231     2.87532000e-04
3.760484     2.69948000e-04
3.761738     3.25468000e-04
3.762992     3.42007000e-04
3.764246     2.77302000e-04
3.765501     2.16991000e-04
3.766756     3.23857000e-04
3.768011     2.82924000e-04
3.769267     2.31855000e-04
3.770524     2.50092000e-04
3.771781     3.52189000e-04
3.773038     3.84499000e-04
3.774296     1.98222000e-04
3.775554     2.54265000e-04
3.776812     5.01108000e-04
3.778071     2.30853000e-04
3.779331     3.71461000e-04
3.780590     2.92382000e-04
3.781851     2.46585000e-04
3.783111     2.24196000e-04
3.784372     2.32149000e-04
3.785634     3.25092000e-04
3.786895     2.30516000e-04
3.788158     3.17664000e-04
3.789421     2.82869000e-04
3.790684     3.48380000e-04
3.791947     1.60723000e-04
3.793211     2.55869000e-04
3.794476     3.33182000e-04
3.795740     2.79943000e-04
3.797006     4.07759000e-04
3.798271     1.59485000e-04
3.799537     3.83542000e-04
3.800804     3.64892000e-04
3.802071     3.82710000e-04
3.803338     3.44312000e-04
3.804606     2.81334000e-04
3.805874     3.17059000e-04
3.807143     4.37788000e-04
3.808412     2.53949000e-04
3.809681     4.94075000e-04
3.810951     3.80893000e-04
3.812222     2.33301000e-04
3.813492     4.36910000e-04
3.814763     4.16751000e-04
3.816035     3.42812000e-04
3.817307     5.12319000e-04
3.818580     2.99880000e-04
3.819852     4.38461000e-04
3.821126     1.82909000e-04
3.822399     3.11933000e-04
3.823673     3.52566000e-04
3.824948     4.82955000e-04
3.826223     4.41545000e-04
3.827498     3.55294000e-04
3.828774     4.46953000e-04
3.830051     4.85640000e-04
3.831327     3.88754000e-04
3.832604     2.93856000e-04
3.833882     3.86882000e-04
3.835160     4.99348000e-04
3.836438     3.40124000e-04
3.837717     4.83159000e-04
3.838996     4.02436000e-04
3.840276     5.33289000e-04
3.841556     2.85347000e-04
3.842837     4.11223000e-04
3.844117     2.65806000e-04
3.845399     4.76775000e-04
3.846681     4.55239000e-04
3.847963     4.82492000e-04
3.849246     6.42025000e-04
3.850529     3.86956000e-04
3.851812     3.51123000e-04
3.853096     5.53682000e-04
3.854380     5.22342000e-04
3.855665     5.56216000e-04
3.856950     3.57656000e-04
3.858236     6.21473000e-04
3.859522     3.61135000e-04
3.860809     4.49812000e-04
3.862096     4.08976000e-04
3.863383     4.66299000e-04
3.864671     5.10211000e-04
3.865959     3.85306000e-04
3.867248     3.23664000e-04
3.868537     3.65935000e-04
3.869826     3.37581000e-04
3.871116     4.36619000e-04
3.872407     4.92374000e-04
3.873697     5.03899000e-04
3.874989     4.55164000e-04
3.876280     4.88503000e-04
3.877572     5.08775000e-04
3.878865     4.58781000e-04
3.880158     6.39995000e-04
3.881451     3.31693000e-04
3.882745     2.84919000e-04
3.884039     3.13981000e-04
3.885334     4.78289000e-04
3.886629     2.58297000e-04
3.887925     4.52586000e-04
3.889221     3.70494000e-04
3.890517     3.48098000e-04
3.891814     2.48763000e-04
3.893111     4.08433000e-04
3.894409     2.91762000e-04
3.895707     5.82672000e-04
3.897006     3.14833000e-04
3.898305     4.73106000e-04
3.899604     3.28287000e-04
3.900904     3.28207000e-04
3.902204     5.58348000e-04
3.903505     1.97687000e-04
3.904806     5.19519000e-04
3.906108     3.51873000e-04
3.907410     7.31229000e-04
3.908712     3.35472000e-04
3.910015     3.96143000e-04
3.911318     4.21015000e-04
3.912622     4.89640000e-04
3.913926     3.74484000e-04
3.915231     4.87130000e-04
3.916536     2.93105000e-04
3.917842     3.09953000e-04
3.919148     4.33739000e-04
3.920454     6.63713000e-04
3.921761     2.93583000e-04
3.923068     5.48409000e-04
3.924376     6.16879000e-04
3.925684     4.33087000e-04
3.926992     3.69968000e-04
3.928301     5.45599000e-04
3.929611     6.39174000e-04
3.930921     3.94783000e-04
3.932231     4.67574000e-04
3.933542     4.52999000e-04
3.934853     4.68944000e-04
3.936165     7.45458000e-04
3.937477     5.36621000e-04
3.938789     3.33473000e-04
3.940102     4.97653000e-04
3.941415     4.42487000e-04
3.942729     7.70281000e-04
3.944043     6.14278000e-04
3.945358     4.02854000e-04
3.946673     5.45456000e-04
3.947989     6.47066000e-04
3.949305     5.34434000e-04
3.950621     6.65562000e-04
3.951938     4.94122000e-04
3.953255     4.06731000e-04
3.954573     4.02279000e-04
3.955891     5.84084000e-04
3.957210     5.17568000e-04
3.958529     6.59233000e-04
3.959849     2.52634000e-04
3.961168     3.18311000e-04
3.962489     5.00149000e-04
3.963810     5.37884000e-04
3.965131     6.41976000e-04
3.966453     4.79305000e-04
3.967775     3.91561000e-04
3.969097     3.42099000e-04
3.970420     4.64318000e-04
3.971744     5.71792000e-04
3.973068     6.45279000e-04
3.974392     4.72375000e-04
3.975717     8.35120000e-04
3.977042     6.10542000e-04
3.978368     5.57419000e-04
3.979694     2.05734000e-04
3.981021     5.93247000e-04
3.982348     4.32834000e-04
3.983675     3.42500000e-04
3.985003     4.53979000e-04
3.986331     8.91606000e-04
3.987660     5.60343000e-04
3.988989     5.36247000e-04
3.990319     7.80956000e-04
3.991649     4.80795000e-04
3.992980     7.55374000e-04
3.994311     4.75845000e-04
3.995642     5.79538000e-04
3.996974     6.27909000e-04
3.998306     7.62313000e-04
3.999639     6.72147000e-04
4.000972     3.46096000e-04
4.002306     4.37821000e-04
4.003640     5.03987000e-04
4.004975     3.07509000e-04
4.006310     7.41509000e-04
4.007645     7.39710000e-04
4.008981     4.44986000e-04
4.010317     5.31463000e-04
4.011654     5.78318000e-04
4.012991     7.39453000e-04
4.014329     6.85868000e-04
4.015667     5.92252000e-04
4.017005     6.81618000e-04
4.018344     6.31239000e-04
4.019684     2.28237000e-04
4.021024     8.23841000e-04
4.022364     8.66516000e-04
4.023705     5.75362000e-04
4.025046     4.01911000e-04
4.026388     4.83427000e-04
4.027730     4.97698000e-04
4.029073     7.28722000e-04
4.030416     6.84564000e-04
4.031759     6.89064000e-04
4.033103     4.54064000e-04
4.034447     6.28202000e-04
4.035792     8.57643000e-04
4.037137     7.45066000e-04
4.038483     7.70152000e-04
4.039829     8.94440000e-04
4.041176     7.86972000e-04
4.042523     7.10213000e-04
4.043870     7.21235000e-04
4.045218     3.64393000e-04
4.046567     2.94781000e-04
4.047916     8.60747000e-04
4.049265     3.28546000e-04
4.050615     7.00675000e-04
4.051965     5.09429000e-04
4.053316     1.01925000e-03
4.054667     4.96835000e-04
4.056018     8.58937000e-04
4.057370     2.77803000e-04
4.058723     7.09147000e-04
4.060076     8.03603000e-04
4.061429     8.04167000e-04
4.062783     3.48896000e-04
4.064137     8.12923000e-04
4.065492     7.21780000e-04
4.066847     7.77988000e-04
4.068203     6.66871000e-04
4.069559     6.62263000e-04
4.070915     8.88566000e-04
4.072272     8.08478000e-04
4.073630     9.16968000e-04
4.074987     5.20884000e-04
4.076346     6.52015000e-04
4.077705     4.40199000e-04
4.079064     7.98625000e-04
4.080423     9.02807000e-04
4.081784     5.73069000e-04
4.083144     5.68149000e-04
4.084505     8.82294000e-04
4.085867     9.31249000e-04
4.087229     5.66510000e-04
4.088591     6.64279000e-04
4.089954     9.86819000e-04
4.091317     4.38331000e-04
4.092681     1.00167000e-03
4.094045     6.39247000e-04
4.095410     3.73870000e-04
4.096775     1.03370000e-03
4.098141     4.70471000e-04
4.099507     9.37766000e-04
4.100873     6.75406000e-04
4.102240     6.45364000e-04
4.103608     9.27871000e-04
4.104976     8.67620000e-04
4.106344     9.88116000e-04
4.107713     2.77345000e-04
4.109082     8.15428000e-04
4.110452     7.19068000e-04
4.111822     1.16409000e-03
4.113192     5.19107000e-04
4.114563     1.04248000e-03
4.115935     3.26963000e-04
4.117307     9.97698000e-04
4.118679     6.98405000e-04
4.120052     5.62773000e-04
4.121426     4.87737000e-04
4.122799     9.61887000e-04
4.124174     7.97059000e-04
4.125548     3.46777000e-04
4.126924     7.78217000e-04
4.128299     9.02460000e-04
4.129675     5.21060000e-04
4.131052     1.02322000e-03
4.132429     6.96812000e-04
4.133806     4.59199000e-04
4.135184     1.11283000e-03
4.136563     7.79945000e-04
4.137942     8.55746000e-04
4.139321     3.07806000e-04
4.140701     8.48304000e-04
4.142081     4.66007000e-04
4.143462     9.71634000e-04
4.144843     8.10212000e-04
4.146224     1.24662000e-03
4.147606     5.13675000e-04
4.148989     3.86382000e-04
4.150372     1.06545000e-03
4.151755     3.83161000e-04
4.153139     1.01403000e-03
4.154524     8.59003000e-04
4.155908     9.88328000e-04
4.157294     7.12855000e-04
4.158680     7.89657000e-04
4.160066     6.29241000e-04
4.161452     9.55401000e-04
4.162840     6.94528000e-04
4.164227     4.11052000e-04
4.165615     7.53299000e-04
4.167004     1.08192000e-03
4.168393     1.00328000e-03
4.169782     9.62081000e-04
4.171172     2.87872000e-04
4.172563     5.29688000e-04
4.173953     8.36367000e-04
4.175345     8.84184000e-04
4.176737     7.52814000e-04
4.178129     7.29798000e-04
4.179522     1.07126000e-03
4.180915     1.16206000e-03
4.182308     9.41833000e-04
4.183702     8.36637000e-04
4.185097     8.81569000e-04
4.186492     3.44981000e-04
4.187888     8.84335000e-04
4.189284     8.64124000e-04
4.190680     7.92321000e-04
4.192077     9.26978000e-04
4.193474     4.45720000e-04
4.194872     6.96890000e-04
4.196270     7.88564000e-04
4.197669     8.58641000e-04
4.199068     5.00586000e-04
4.200468     5.66942000e-04
4.201868     9.42330000e-04
4.203269     9.10334000e-04
4.204670     1.04553000e-03
4.206071     9.07483000e-04
4.207473     4.95487000e-04
4.208876     7.86958000e-04
4.210279     9.59504000e-04
4.211682     5.49257000e-04
4.213086     4.87373000e-04
4.214491     1.02231000e-03
4.215895     7.79236000e-04
4.217301     5.24389000e-04
4.218706     7.82923000e-04
4.220113     7.03569000e-04
4.221519     6.88091000e-04
4.222927     7.94190000e-04
4.224334     6.59031000e-04
4.225742     2.60066000e-04
4.227151     9.02535000e-04
4.228560     5.82769000e-04
4.229969     4.89264000e-04
4.231379     8.68888000e-04
4.232790     8.65884000e-04
4.234201     7.96514000e-04
4.235612     8.97634000e-04
4.237024     4.29935000e-04
4.238436     7.99444000e-04
4.239849     4.56557000e-04
4.241263     7.16380000e-04
4.242676     7.30437000e-04
4.244091     7.39935000e-04
4.245505     1.63862000e-04
4.246920     5.47260000e-04
4.248336     6.55783000e-04
4.249752     2.85893000e-04
4.251169     5.41820000e-04
4.252586     5.30042000e-04
4.254003     5.59975000e-04
4.255421     2.63758000e-04
4.256840     7.30876000e-04
4.258259     9.33955000e-04
4.259678     5.92743000e-04
4.261098     3.49443000e-04
4.262518     7.03577000e-04
4.263939     2.77975000e-04
4.265361     3.76698000e-04
4.266782     4.94650000e-04
4.268205     4.95268000e-04
4.269627     4.45193000e-04
4.271051     8.63105000e-04
4.272474     8.20493000e-04
4.273898     6.10237000e-04
4.275323     5.79081000e-04
4.276748     4.10798000e-04
4.278174     4.63458000e-04
4.279600     3.61578000e-04
4.281026     3.21235000e-04
4.282453     7.37693000e-04
4.283881     7.56743000e-04
4.285309     6.92211000e-04
4.286737     3.40236000e-04
4.288166     7.32685000e-04
4.289596     3.29641000e-04
4.291025     2.81974000e-04
4.292456     9.95280000e-04
4.293887     6.19884000e-04
4.295318     4.91719000e-04
4.296750     8.34415000e-04
4.298182     3.09340000e-04
4.299615     8.34353000e-04
4.301048     5.73343000e-04
4.302481     7.68459000e-04
4.303916     7.10996000e-04
4.305350     7.19614000e-04
4.306785     4.38957000e-04
4.308221     2.05590000e-04
4.309657     6.32553000e-04
4.311094     9.80020000e-04
4.312531     3.02852000e-04
4.313968     5.54022000e-04
4.315406     5.72007000e-04
4.316845     5.04443000e-04
4.318284     8.54642000e-04
4.319723     5.09623000e-04
4.321163     8.89816000e-04
4.322603     3.40039000e-04
4.324044     2.96084000e-04
4.325486     7.84692000e-04
4.326927     1.81735000e-04
4.328370     6.12746000e-04
4.329812     6.50416000e-04
4.331256     2.80337000e-04
4.332699     8.81281000e-04
4.334144     4.63900000e-04
4.335588     7.85655000e-04
4.337034     6.33644000e-04
4.338479     9.02192000e-04
4.339925     6.84636000e-04
4.341372     8.24265000e-04
4.342819     1.52728000e-04
4.344267     5.51497000e-04
4.345715     3.06519000e-04
4.347163     4.60990000e-04
4.348613     8.66367000e-04
4.350062     5.35939000e-04
4.351512     5.71062000e-04
4.352963     8.59203000e-04
4.354414     6.57835000e-04
4.355865     5.37084000e-04
4.357317     6.12157000e-04
4.358769     9.40356000e-04
4.360222     7.61563000e-04
4.361676     9.53313000e-04
4.363130     5.86611000e-04
4.364584     5.18909000e-04
4.366039     6.49591000e-04
4.367494     4.42784000e-04
4.368950     5.45618000e-04
4.370406     2.56204000e-04
4.371863     9.51153000e-04
4.373320     3.05133000e-04
4.374778     8.39311000e-04
4.376237     8.34494000e-04
4.377695     6.54841000e-04
4.379155     7.79241000e-04
4.380614     7.80553000e-04
4.382074     4.34675000e-04
4.383535     8.51033000e-04
4.384996     7.64730000e-04
4.386458     7.28725000e-04
4.387920     5.26851000e-04
4.389383     8.35279000e-04
4.390846     7.07112000e-04
4.392309     8.77429000e-04
4.393774     6.47590000e-04
4.395238     3.18193000e-04
4.396703     2.74775000e-04
4.398169     4.53572000e-04
4.399635     9.07162000e-04
4.401101     3.41478000e-04
4.402568     4.92934000e-04
4.404036     8.77188000e-04
4.405504     7.46654000e-04
4.406973     5.46425000e-04
4.408442     4.31842000e-04
4.409911     8.80651000e-04
4.411381     6.37346000e-04
4.412851     1.04337000e-03
4.414322     6.46695000e-04
4.415794     7.19866000e-04
4.417266     9.38878000e-04
4.418738     7.49626000e-04
4.420211     4.70913000e-04
4.421684     4.64165000e-04
4.423158     3.16936000e-04
4.424633     6.73552000e-04
4.426108     8.73057000e-04
4.427583     6.38251000e-04
4.429059     5.70111000e-04
4.430535     7.20565000e-04
4.432012     9.60906000e-04
4.433489     7.99034000e-04
4.434967     3.57130000e-04
4.436446     9.31355000e-04
4.437924     9.02385000e-04
4.439404     5.81613000e-04
4.440883     8.02945000e-04
4.442364     7.15965000e-04
4.443845     6.01969000e-04
4.445326     5.45911000e-04
4.446808     6.40451000e-04
4.448290     7.85067000e-04
4.449773     7.40624000e-04
4.451256     7.71966000e-04
4.452740     4.07181000e-04
4.454224     3.88202000e-04
4.455709     4.96501000e-04
4.457194     5.15503000e-04
4.458680     7.29350000e-04
4.460166     7.20321000e-04
4.461653     7.42407000e-04
4.463140     5.71888000e-04
4.464627     8.65516000e-04
4.466116     6.41580000e-04
4.467604     7.97457000e-04
4.469094     5.68110000e-04
4.470583     9.01727000e-04
4.472073     5.05401000e-04
4.473564     7.61793000e-04
4.475055     9.73746000e-04
4.476547     7.82084000e-04
4.478039     6.56278000e-04
4.479532     8.87420000e-04
4.481025     8.21940000e-04
4.482519     7.01518000e-04
4.484013     7.00016000e-04
4.485508     8.41917000e-04
4.487003     8.97933000e-04
4.488498     6.77987000e-04
4.489995     6.77829000e-04
4.491491     7.66906000e-04
4.492988     7.44123000e-04
4.494486     6.34237000e-04
4.495984     7.45778000e-04
4.497483     9.35153000e-04
4.498982     8.40010000e-04
4.500482     6.02919000e-04
4.501982     7.27812000e-04
4.503483     7.66055000e-04
4.504984     7.88129000e-04
4.506485     6.82392000e-04
4.507988     6.11567000e-04
4.509490     8.57815000e-04
4.510993     2.39696000e-04
4.512497     7.09774000e-04
4.514001     4.79404000e-04
4.515506     7.15079000e-04
4.517011     8.98507000e-04
4.518517     7.69359000e-04
4.520023     6.08232000e-04
4.521530     3.35061000e-04
4.523037     8.40467000e-04
4.524544     7.81414000e-04
4.526053     4.42263000e-04
4.527561     6.55636000e-04
4.529070     9.35688000e-04
4.530580     8.25100000e-04
4.532090     5.53829000e-04
4.533601     7.59681000e-04
4.535112     8.36271000e-04
4.536624     8.85404000e-04
4.538136     7.02515000e-04
4.539649     6.98496000e-04
4.541162     8.04144000e-04
4.542676     8.98361000e-04
4.544190     8.22923000e-04
4.545705     4.11405000e-04
4.547220     8.70318000e-04
4.548736     8.26601000e-04
4.550252     8.81404000e-04
4.551769     5.05960000e-04
4.553286     7.02256000e-04
4.554804     8.94721000e-04
4.556322     8.92785000e-04
4.557841     7.62725000e-04
4.559360     4.21038000e-04
4.560880     7.88569000e-04
4.562400     9.67439000e-04
4.563921     7.22286000e-04
4.565442     6.93096000e-04
4.566964     7.27895000e-04
4.568486     8.40390000e-04
4.570009     9.37872000e-04
4.571533     8.30660000e-04
4.573056     4.40389000e-04
4.574581     7.62637000e-04
4.576106     5.86940000e-04
4.577631     8.39089000e-04
4.579157     8.34015000e-04
4.580683     5.17369000e-04
4.582210     3.96743000e-04
4.583738     9.28024000e-04
4.585265     9.60811000e-04
4.586794     7.30721000e-04
4.588323     7.22606000e-04
4.589852     9.97619000e-04
4.591382     9.49252000e-04
4.592913     9.13205000e-04
4.594444     6.72061000e-04
4.595975     4.05775000e-04
4.597507     8.94464000e-04
4.599040     1.03831000e-03
4.600573     8.91925000e-04
4.602106     5.12731000e-04
4.603640     8.13940000e-04
4.605175     9.95636000e-04
4.606710     9.37732000e-04
4.608245     9.66747000e-04
4.609781     5.14039000e-04
4.611318     8.19194000e-04
4.612855     3.88088000e-04
4.614393     9.93724000e-04
4.615931     4.61196000e-04
4.617470     4.78143000e-04
4.619009     8.33938000e-04
4.620548     8.38212000e-04
4.622089     8.08874000e-04
4.623629     5.91884000e-04
4.625170     5.44643000e-04
4.626712     7.21021000e-04
4.628254     8.13513000e-04
4.629797     7.42933000e-04
4.631340     7.28086000e-04
4.632884     6.51157000e-04
4.634429     8.63872000e-04
4.635973     1.03975000e-03
4.637519     5.26251000e-04
4.639064     1.09380000e-03
4.640611     7.87873000e-04
4.642158     8.77507000e-04
4.643705     9.51066000e-04
4.645253     8.52175000e-04
4.646801     7.87637000e-04
4.648350     5.05911000e-04
4.649900     8.67798000e-04
4.651450     9.20802000e-04
4.653000     8.23439000e-04
4.654551     1.08358000e-03
4.656103     1.11361000e-03
4.657655     6.38257000e-04
4.659207     8.19232000e-04
4.660760     1.09932000e-03
4.662314     8.84257000e-04
4.663868     1.22545000e-03
4.665423     8.16745000e-04
4.666978     4.88402000e-04
4.668534     1.12275000e-03
4.670090     7.46352000e-04
4.671646     1.22367000e-03
4.673204     9.12390000e-04
4.674761     8.99536000e-04
4.676320     1.04828000e-03
4.677878     1.12658000e-03
4.679438     8.45069000e-04
4.680998     8.84655000e-04
4.682558     4.44340000e-04
4.684119     9.75590000e-04
4.685680     1.18879000e-03
4.687242     1.17135000e-03
4.688804     1.06104000e-03
4.690367     8.73189000e-04
4.691931     8.40921000e-04
4.693495     9.40448000e-04
4.695059     9.03080000e-04
4.696624     1.11007000e-03
4.698190     7.87796000e-04
4.699756     5.51375000e-04
4.701322     9.63350000e-04
4.702890     9.94935000e-04
4.704457     5.44556000e-04
4.706025     1.07534000e-03
4.707594     7.78652000e-04
4.709163     5.24192000e-04
4.710733     5.48829000e-04
4.712303     1.08849000e-03
4.713874     1.12853000e-03
4.715445     9.47637000e-04
4.717017     6.09813000e-04
4.718589     6.34666000e-04
4.720162     8.60626000e-04
4.721736     1.12518000e-03
4.723310     1.12222000e-03
4.724884     9.31465000e-04
4.726459     5.90653000e-04
4.728034     5.28269000e-04
4.729610     8.39737000e-04
4.731187     1.00721000e-03
4.732764     8.66663000e-04
4.734342     9.29239000e-04
4.735920     4.03108000e-04
4.737498     9.22583000e-04
4.739078     1.03120000e-03
4.740657     4.68812000e-04
4.742237     6.91038000e-04
4.743818     8.48308000e-04
4.745399     5.40995000e-04
4.746981     9.59832000e-04
4.748564     4.01776000e-04
4.750146     7.74920000e-04
4.751730     1.10096000e-03
4.753314     8.17995000e-04
4.754898     6.34799000e-04
4.756483     1.00189000e-03
4.758069     1.03325000e-03
4.759655     7.03188000e-04
4.761241     9.98232000e-04
4.762828     7.53082000e-04
4.764416     6.36434000e-04
4.766004     7.95864000e-04
4.767593     8.27063000e-04
4.769182     8.52554000e-04
4.770772     4.54994000e-04
4.772362     8.15231000e-04
4.773953     5.91884000e-04
4.775544     9.39586000e-04
4.777136     7.19775000e-04
4.778728     1.09999000e-03
4.780321     1.10981000e-03
4.781915     8.70077000e-04
4.783509     5.00132000e-04
4.785103     8.01385000e-04
4.786698     1.08578000e-03
4.788294     1.10950000e-03
4.789890     1.00038000e-03
4.791486     8.54865000e-04
4.793084     4.44255000e-04
4.794681     8.53109000e-04
4.796279     1.05377000e-03
4.797878     1.03183000e-03
4.799478     9.86193000e-04
4.801077     1.03476000e-03
4.802678     6.68009000e-04
4.804279     8.38740000e-04
4.805880     9.99071000e-04
4.807482     1.15403000e-03
4.809084     1.06405000e-03
4.810688     9.52887000e-04
4.812291     7.81885000e-04
4.813895     8.34220000e-04
4.815500     8.45726000e-04
4.817105     1.10602000e-03
4.818711     1.18398000e-03
4.820317     7.47126000e-04
4.821924     8.73574000e-04
4.823531     5.91950000e-04
4.825139     4.25964000e-04
4.826747     9.94259000e-04
4.828356     1.02078000e-03
4.829966     1.09084000e-03
4.831576     9.99737000e-04
4.833186     6.90654000e-04
4.834797     8.37531000e-04
4.836409     9.19953000e-04
4.838021     1.14154000e-03
4.839634     1.10776000e-03
4.841247     8.94312000e-04
4.842861     6.02815000e-04
4.844475     6.89783000e-04
4.846090     1.04186000e-03
4.847705     8.09122000e-04
4.849321     4.31450000e-04
4.850937     1.11606000e-03
4.852554     9.29351000e-04
4.854172     7.18410000e-04
4.855790     7.68475000e-04
4.857408     1.02981000e-03
4.859028     1.10638000e-03
4.860647     9.22356000e-04
4.862268     1.04149000e-03
4.863888     7.83861000e-04
4.865510     6.50483000e-04
4.867131     9.66565000e-04
4.868754     9.88415000e-04
4.870377     1.13407000e-03
4.872000     9.81307000e-04
4.873624     8.88624000e-04
4.875249     8.66883000e-04
4.876874     5.74294000e-04
4.878499     1.15155000e-03
4.880126     1.06824000e-03
4.881752     1.13075000e-03
4.883380     1.11560000e-03
4.885007     5.46767000e-04
4.886636     6.45882000e-04
4.888265     8.85234000e-04
4.889894     1.15306000e-03
4.891524     1.00770000e-03
4.893154     9.89335000e-04
4.894785     3.51834000e-04
4.896417     9.58196000e-04
4.898049     5.04840000e-04
4.899682     9.56783000e-04
4.901315     1.07341000e-03
4.902949     1.23190000e-03
4.904583     9.75966000e-04
4.906218     1.05593000e-03
4.907853     8.65319000e-04
4.909489     5.43397000e-04
4.911126     1.10040000e-03
4.912763     1.17918000e-03
4.914401     1.13936000e-03
4.916039     6.33058000e-04
4.917677     1.12635000e-03
4.919317     1.03439000e-03
4.920956     8.48331000e-04
4.922597     3.99852000e-04
4.924238     9.69968000e-04
4.925879     1.02825000e-03
4.927521     1.19248000e-03
4.929163     1.11777000e-03
4.930806     9.60325000e-04
4.932450     8.83988000e-04
4.934094     1.05264000e-03
4.935739     9.46904000e-04
4.937384     1.04846000e-03
4.939030     6.27687000e-04
4.940676     1.18780000e-03
4.942323     9.80206000e-04
4.943971     9.09134000e-04
4.945619     1.15373000e-03
4.947267     1.22239000e-03
4.948916     7.65709000e-04
4.950566     3.66906000e-04
4.952216     1.04925000e-03
4.953867     4.55697000e-04
4.955518     8.56161000e-04
4.957170     1.01276000e-03
4.958822     9.93291000e-04
4.960475     9.44162000e-04
4.962129     1.15900000e-03
4.963783     1.04569000e-03
4.965437     5.50501000e-04
4.967093     7.54743000e-04
4.968748     1.13918000e-03
4.970405     1.02057000e-03
4.972061     1.11145000e-03
4.973719     6.91914000e-04
4.975377     9.94498000e-04
4.977035     4.91182000e-04
4.978694     5.88740000e-04
4.980354     1.03407000e-03
4.982014     1.00262000e-03
4.983674     9.73859000e-04
4.985336     6.06885000e-04
4.986997     1.13076000e-03
4.988660     1.22013000e-03
4.990323     1.00725000e-03
4.991986     1.14353000e-03
4.993650     1.20145000e-03
4.995315     4.43827000e-04
4.996980     5.86235000e-04
4.998645     1.26161000e-03
5.000312     8.87024000e-04
5.001978     1.07642000e-03
5.003646     7.79669000e-04
5.005314     1.06738000e-03
5.006982     7.25644000e-04
5.008651     1.19624000e-03
5.010321     1.20492000e-03
5.011991     9.34043000e-04
5.013661     9.23138000e-04
5.015333     5.58974000e-04
5.017004     5.09511000e-04
5.018677     8.68330000e-04
5.020350     2.47165000e-04
5.022023     1.11249000e-03
5.023697     1.14156000e-03
5.025372     8.54115000e-04
5.027047     1.00188000e-03
5.028722     9.12672000e-04
5.030399     6.07307000e-04
5.032075     1.20293000e-03
5.033753     1.21427000e-03
5.035431     1.10018000e-03
5.037109     1.39199000e-03
5.038788     6.16975000e-04
5.040468     2.89972000e-04
5.042148     1.17739000e-03
5.043829     1.30211000e-03
5.045510     1.11287000e-03
5.047192     7.06571000e-04
5.048874     1.05132000e-03
5.050557     9.81241000e-04
5.052241     1.13061000e-03
5.053925     5.62306000e-04
5.055609     5.75891000e-04
5.057295     1.26806000e-03
5.058980     9.91488000e-04
5.060667     1.19246000e-03
5.062354     6.38433000e-04
5.064041     1.08006000e-03
5.065729     1.07360000e-03
5.067418     1.04698000e-03
5.069107     1.15306000e-03
5.070796     7.40959000e-04
5.072487     8.60158000e-04
5.074178     1.02341000e-03
5.075869     1.09338000e-03
5.077561     6.02440000e-04
5.079253     7.66878000e-04
5.080947     7.84531000e-04
5.082640     3.55700000e-04
5.084334     9.22713000e-04
5.086029     7.67857000e-04
5.087724     1.25482000e-03
5.089420     1.22170000e-03
5.091117     1.14501000e-03
5.092814     1.08719000e-03
5.094512     1.19159000e-03
5.096210     1.26523000e-03
5.097908     1.26944000e-03
5.099608     9.41633000e-04
5.101308     1.33381000e-03
5.103008     5.56222000e-04
5.104709     1.20633000e-03
5.106411     1.13194000e-03
5.108113     5.34667000e-04
5.109815     1.16892000e-03
5.111519     1.08552000e-03
5.113223     1.35140000e-03
5.114927     8.75160000e-04
5.116632     1.24142000e-03
5.118337     8.37122000e-04
5.120044     1.33202000e-03
5.121750     1.43606000e-03
5.123458     1.49253000e-03
5.125165     1.28047000e-03
5.126874     1.19538000e-03
5.128583     5.92009000e-04
5.130292     4.95845000e-04
5.132002     1.15555000e-03
5.133713     1.27535000e-03
5.135424     5.00928000e-04
5.137136     7.85596000e-04
5.138848     5.20092000e-04
5.140561     6.32500000e-04
5.142275     8.36539000e-04
5.143989     9.13036000e-04
5.145704     1.09933000e-03
5.147419     6.79423000e-04
5.149135     7.71136000e-04
5.150851     8.47291000e-04
5.152568     7.26586000e-04
5.154286     1.02866000e-03
5.156004     1.11019000e-03
5.157722     1.21262000e-03
5.159442     1.18837000e-03
5.161161     1.18921000e-03
5.162882     1.01517000e-03
5.164603     8.50748000e-04
5.166324     1.07619000e-03
5.168046     1.15060000e-03
5.169769     9.58976000e-04
5.171492     9.56347000e-04
5.173216     4.67435000e-04
5.174941     1.17244000e-03
5.176665     9.00861000e-04
5.178391     1.27417000e-03
5.180117     7.90147000e-04
5.181844     1.01496000e-03
5.183571     1.15432000e-03
5.185299     6.46823000e-04
5.187027     6.97298000e-04
5.188756     4.93142000e-04
5.190486     1.13459000e-03
5.192216     1.32419000e-03
5.193947     7.93480000e-04
5.195678     6.98797000e-04
5.197410     1.19338000e-03
5.199143     1.13923000e-03
5.200876     6.32675000e-04
5.202609     1.00602000e-03
5.204344     1.28668000e-03
5.206078     9.06679000e-04
5.207814     9.17048000e-04
5.209550     7.51919000e-04
5.211286     9.89579000e-04
5.213023     1.04017000e-03
5.214761     6.83740000e-04
5.216499     1.28685000e-03
5.218238     1.25477000e-03
5.219977     1.13366000e-03
5.221717     9.14964000e-04
5.223458     8.81479000e-04
5.225199     1.22895000e-03
5.226941     1.32283000e-03
5.228683     1.19500000e-03
5.230426     1.45747000e-03
5.232170     1.03654000e-03
5.233914     1.33063000e-03
5.235658     5.76485000e-04
5.237403     7.35200000e-04
5.239149     6.72364000e-04
5.240896     5.83433000e-04
5.242643     9.53499000e-04
5.244390     1.06911000e-03
5.246138     8.02259000e-04
5.247887     1.52510000e-03
5.249636     9.94153000e-04
5.251386     8.70989000e-04
5.253137     1.23544000e-03
5.254888     1.03342000e-03
5.256639     1.06580000e-03
5.258391     7.07321000e-04
5.260144     7.26292000e-04
5.261898     6.22748000e-04
5.263652     5.60111000e-04
5.265406     1.18197000e-03
5.267161     1.18656000e-03
5.268917     5.39332000e-04
5.270673     7.62682000e-04
5.272430     1.34347000e-03
5.274188     1.16833000e-03
5.275946     4.41964000e-04
5.277704     5.83829000e-04
5.279464     1.13603000e-03
5.281223     1.15082000e-03
5.282984     7.93713000e-04
5.284745     1.07490000e-03
5.286506     5.58002000e-04
5.288269     1.12616000e-03
5.290031     1.13558000e-03
5.291795     8.45174000e-04
5.293559     8.36907000e-04
5.295323     6.01796000e-04
5.297088     1.04922000e-03
5.298854     1.31304000e-03
5.300620     1.15333000e-03
5.302387     6.63822000e-04
5.304155     4.40572000e-04
5.305923     9.92264000e-04
5.307691     5.83946000e-04
5.309461     7.66705000e-04
5.311230     9.71313000e-04
5.313001     1.27737000e-03
5.314772     1.25435000e-03
5.316543     6.44350000e-04
5.318316     1.14462000e-03
5.320088     8.65433000e-04
5.321862     5.62106000e-04
5.323636     1.16561000e-03
5.325410     1.37540000e-03
5.327185     7.75029000e-04
5.328961     8.42816000e-04
5.330737     5.61971000e-04
5.332514     1.26996000e-03
5.334292     1.15599000e-03
5.336070     5.48541000e-04
5.337849     9.93571000e-04
5.339628     1.26521000e-03
5.341408     6.36928000e-04
5.343188     1.22606000e-03
5.344969     7.61235000e-04
5.346751     1.22347000e-03
5.348533     1.06220000e-03
5.350316     7.50460000e-04
5.352099     8.46516000e-04
5.353883     7.76658000e-04
5.355668     1.32817000e-03
5.357453     1.02910000e-03
5.359239     1.16753000e-03
5.361026     7.43914000e-04
5.362813     1.23623000e-03
5.364600     5.40664000e-04
5.366388     1.22977000e-03
5.368177     6.95614000e-04
5.369967     1.26121000e-03
5.371757     7.86496000e-04
5.373547     7.89372000e-04
5.375338     1.19740000e-03
5.377130     5.71284000e-04
5.378922     1.15199000e-03
5.380715     7.19652000e-04
5.382509     1.13486000e-03
5.384303     1.10358000e-03
5.386098     1.46476000e-03
5.387893     1.14715000e-03
5.389689     6.12491000e-04
5.391486     1.02603000e-03
5.393283     1.00666000e-03
5.395081     8.40536000e-04
5.396879     1.01764000e-03
5.398678     8.64525000e-04
5.400478     1.18403000e-03
5.402278     5.32702000e-04
5.404079     1.19044000e-03
5.405880     1.15100000e-03
5.407682     1.06017000e-03
5.409484     8.83637000e-04
5.411288     1.05567000e-03
5.413091     5.06241000e-04
5.414896     9.76939000e-04
5.416701     9.42474000e-04
5.418506     9.46902000e-04
5.420312     1.04439000e-03
5.422119     7.85079000e-04
5.423927     8.55669000e-04
5.425735     1.09104000e-03
5.427543     9.05132000e-04
5.429352     1.02329000e-03
5.431162     7.48973000e-04
5.432972     1.26408000e-03
5.434783     9.96165000e-04
5.436595     9.45689000e-04
5.438407     1.14223000e-03
5.440220     7.00545000e-04
5.442033     1.25512000e-03
5.443847     1.20366000e-03
5.445662     1.10052000e-03
5.447477     1.33491000e-03
5.449293     1.15375000e-03
5.451110     8.20779000e-04
5.452927     1.20031000e-03
5.454744     4.06993000e-04
5.456562     1.00044000e-03
5.458381     9.27230000e-04
5.460201     6.55965000e-04
5.462021     8.47301000e-04
5.463842     5.87719000e-04
5.465663     1.26881000e-03
5.467485     1.01241000e-03
5.469307     8.77365000e-04
5.471130     1.12923000e-03
5.472954     1.09226000e-03
5.474778     1.16600000e-03
5.476603     9.69632000e-04
5.478429     3.93849000e-04
5.480255     7.09845000e-04
5.482082     1.17020000e-03
5.483909     8.78025000e-04
5.485737     5.26449000e-04
5.487566     9.41783000e-04
5.489395     1.21736000e-03
5.491225     9.44917000e-04
5.493055     1.14742000e-03
5.494886     8.65581000e-04
5.496718     8.59123000e-04
5.498550     1.20933000e-03
5.500383     1.01789000e-03
5.502216     3.20991000e-04
5.504050     9.56325000e-04
5.505885     1.20507000e-03
5.507720     8.47437000e-04
5.509556     1.15144000e-03
5.511393     5.77930000e-04
5.513230     1.12758000e-03
5.515068     8.56231000e-04
5.516906     1.05408000e-03
5.518745     9.21625000e-04
5.520584     6.40453000e-04
5.522425     9.36825000e-04
5.524265     6.32603000e-04
5.526107     6.99716000e-04
5.527949     8.25240000e-04
5.529792     6.08431000e-04
5.531635     8.44331000e-04
5.533479     1.07813000e-03
5.535323     9.67538000e-04
5.537168     1.00664000e-03
5.539014     9.88441000e-04
5.540860     9.07499000e-04
5.542707     1.11032000e-03
5.544555     1.12749000e-03
5.546403     7.77977000e-04
5.548252     7.69801000e-04
5.550101     8.95549000e-04
5.551951     8.09982000e-04
5.553802     9.29513000e-04
5.555653     9.34254000e-04
5.557505     9.67737000e-04
5.559358     1.01924000e-03
5.561211     8.27152000e-04
5.563064     1.13176000e-03
5.564919     7.70046000e-04
5.566774     9.09608000e-04
5.568629     7.66413000e-04
5.570486     7.85606000e-04
5.572342     8.52238000e-04
5.574200     1.09244000e-03
5.576058     7.31625000e-04
5.577917     8.04978000e-04
5.579776     9.34038000e-04
5.581636     9.99240000e-04
5.583496     6.41676000e-04
5.585358     5.76617000e-04
5.587219     4.34784000e-04
5.589082     9.73647000e-04
5.590945     4.43124000e-04
5.592808     5.96230000e-04
5.594673     8.80882000e-04
5.596538     1.18596000e-03
5.598403     1.00315000e-03
5.600269     8.63235000e-04
5.602136     6.70522000e-04
5.604003     1.01579000e-03
5.605871     5.89036000e-04
5.607740     7.77265000e-04
5.609609     1.14664000e-03
5.611479     9.98129000e-04
5.613350     7.23601000e-04
5.615221     8.26032000e-04
5.617092     1.01233000e-03
5.618965     9.11215000e-04
5.620838     3.76187000e-04
5.622711     7.97773000e-04
5.624586     6.92564000e-04
5.626461     1.11685000e-03
5.628336     1.12108000e-03
5.630212     1.09202000e-03
5.632089     8.50939000e-04
5.633966     7.35947000e-04
5.635844     1.20072000e-03
5.637723     1.21226000e-03
5.639602     8.51645000e-04
5.641482     8.06510000e-04
5.643362     7.96279000e-04
5.645244     8.47159000e-04
5.647125     9.30262000e-04
5.649008     9.46697000e-04
5.650891     6.92197000e-04
5.652774     6.78408000e-04
5.654659     7.55149000e-04
5.656543     8.14918000e-04
5.658429     7.94034000e-04
5.660315     8.68389000e-04
5.662202     5.95782000e-04
5.664089     6.82357000e-04
5.665977     8.52096000e-04
5.667866     8.59021000e-04
5.669755     9.11817000e-04
5.671645     1.34144000e-03
5.673536     7.74596000e-04
5.675427     7.29873000e-04
5.677319     9.28088000e-04
5.679211     8.40403000e-04
5.681104     1.20916000e-03
5.682998     1.04474000e-03
5.684892     9.30890000e-04
5.686787     7.81522000e-04
5.688683     1.20899000e-03
5.690579     7.49085000e-04
5.692476     8.39040000e-04
5.694373     1.04965000e-03
5.696272     9.02773000e-04
5.698170     1.31505000e-03
5.700070     6.67100000e-04
5.701970     1.21282000e-03
5.703870     9.52316000e-04
5.705772     1.10136000e-03
5.707674     7.58462000e-04
5.709576     6.05032000e-04
5.711479     5.64557000e-04
5.713383     9.33591000e-04
5.715288     9.42727000e-04
5.717193     1.07629000e-03
5.719098     6.78641000e-04
5.721005     7.45684000e-04
5.722912     1.07167000e-03
5.724819     1.00117000e-03
5.726728     1.08750000e-03
5.728637     7.30753000e-04
5.730546     8.55565000e-04
5.732456     1.00799000e-03
5.734367     9.97613000e-04
5.736279     9.78827000e-04
5.738191     1.05838000e-03
5.740103     1.26470000e-03
5.742017     1.13077000e-03
5.743931     6.08968000e-04
5.745845     1.26195000e-03
5.747761     6.83542000e-04
5.749677     9.58511000e-04
5.751593     1.16517000e-03
5.753510     9.77499000e-04
5.755428     9.62422000e-04
5.757347     1.23459000e-03
5.759266     7.99446000e-04
5.761186     1.10814000e-03
5.763106     9.42816000e-04
5.765027     7.15425000e-04
5.766949     6.37291000e-04
5.768871     6.71833000e-04
5.770794     8.26022000e-04
5.772718     1.21489000e-03
5.774642     1.12276000e-03
5.776567     9.77364000e-04
5.778492     1.16028000e-03
5.780418     8.82439000e-04
5.782345     8.29890000e-04
5.784273     9.92731000e-04
5.786201     8.17833000e-04
5.788129     1.04693000e-03
5.790059     9.18040000e-04
5.791989     8.71285000e-04
5.793920     9.06483000e-04
5.795851     5.58431000e-04
5.797783     1.20033000e-03
5.799715     7.13370000e-04
5.801649     8.12995000e-04
5.803583     7.51148000e-04
5.805517     1.06300000e-03
5.807452     1.11875000e-03
5.809388     9.79633000e-04
5.811324     8.39935000e-04
5.813262     1.07538000e-03
5.815199     8.09884000e-04
5.817138     7.87451000e-04
5.819077     9.61250000e-04
5.821016     8.06687000e-04
5.822957     7.01291000e-04
5.824898     8.33871000e-04
5.826839     6.38349000e-04
5.828782     8.56301000e-04
5.830725     8.44122000e-04
5.832668     8.39130000e-04
5.834612     8.70052000e-04
5.836557     6.55733000e-04
5.838503     7.52196000e-04
5.840449     8.05124000e-04
5.842396     9.30933000e-04
5.844343     7.13061000e-04
5.846291     8.32278000e-04
5.848240     9.45241000e-04
5.850190     7.79075000e-04
5.852140     9.65612000e-04
5.854090     8.09976000e-04
5.856042     1.11989000e-03
5.857994     9.54315000e-04
5.859946     9.85421000e-04
5.861900     9.06198000e-04
5.863854     1.17081000e-03
5.865808     1.02110000e-03
5.867764     9.42437000e-04
5.869720     8.13935000e-04
5.871676     9.38873000e-04
5.873633     9.82762000e-04
5.875591     7.74847000e-04
5.877550     7.67248000e-04
5.879509     7.42362000e-04
5.881469     1.00770000e-03
5.883429     8.87590000e-04
5.885390     1.13656000e-03
5.887352     7.03315000e-04
5.889315     8.85569000e-04
5.891278     9.85744000e-04
5.893241     9.12282000e-04
5.895206     1.06360000e-03
5.897171     8.66883000e-04
5.899137     1.09235000e-03
5.901103     9.41530000e-04
5.903070     4.71050000e-04
5.905038     1.02263000e-03
5.907006     1.18896000e-03
5.908975     8.72539000e-04
5.910945     8.87117000e-04
5.912915     8.14037000e-04
5.914886     1.09217000e-03
5.916858     8.83297000e-04
5.918830     1.10258000e-03
5.920803     9.68573000e-04
5.922777     6.79161000e-04
5.924751     9.05267000e-04
5.926726     9.62593000e-04
5.928701     8.51562000e-04
5.930678     1.34143000e-03
5.932654     1.08838000e-03
5.934632     9.36114000e-04
5.936610     9.26665000e-04
5.938589     8.17248000e-04
5.940569     1.02318000e-03
5.942549     1.04041000e-03
5.944530     9.05267000e-04
5.946511     7.87064000e-04
5.948493     5.09452000e-04
5.950476     8.31116000e-04
5.952460     1.04846000e-03
5.954444     6.14618000e-04
5.956429     1.10554000e-03
5.958414     1.22569000e-03
5.960400     7.99143000e-04
5.962387     9.33775000e-04
5.964374     1.17118000e-03
5.966363     8.67947000e-04
5.968351     6.77859000e-04
5.970341     1.04048000e-03
5.972331     1.05436000e-03
5.974322     1.19082000e-03
5.976313     8.10527000e-04
5.978305     6.43481000e-04
5.980298     1.16100000e-03
5.982291     1.02114000e-03
5.984286     8.15108000e-04
5.986280     9.58812000e-04
5.988276     1.22255000e-03
5.990272     7.00733000e-04
5.992269     9.57315000e-04
5.994266     7.58106000e-04
5.996264     6.96039000e-04
5.998263     1.45173000e-03
6.000262     9.69952000e-04
6.002262     7.23523000e-04
6.004263     8.16869000e-04
6.006265     1.14085000e-03
6.008267     1.18062000e-03
6.010269     1.05771000e-03
6.012273     1.16697000e-03
6.014277     9.52969000e-04
6.016282     8.96128000e-04
6.018287     9.83794000e-04
6.020293     1.19809000e-03
6.022300     9.62635000e-04
6.024307     1.17145000e-03
6.026315     1.05070000e-03
6.028324     6.61765000e-04
6.030334     6.88895000e-04
6.032344     7.40112000e-04
6.034355     9.97005000e-04
6.036366     1.05519000e-03
6.038378     1.33211000e-03
6.040391     1.16223000e-03
6.042404     8.48124000e-04
6.044419     7.35631000e-04
6.046433     1.11386000e-03
6.048449     7.74845000e-04
6.050465     9.83819000e-04
6.052482     1.00187000e-03
6.054499     6.56692000e-04
6.056517     1.11639000e-03
6.058536     1.05857000e-03
6.060556     1.04626000e-03
6.062576     8.55060000e-04
6.064597     1.11164000e-03
6.066618     5.91892000e-04
6.068641     1.08909000e-03
6.070663     9.19415000e-04
6.072687     9.36184000e-04
6.074711     8.47337000e-04
6.076736     9.37943000e-04
6.078762     1.07353000e-03
6.080788     1.14941000e-03
6.082815     1.06169000e-03
6.084843     1.15722000e-03
6.086871     1.39982000e-03
6.088900     9.21312000e-04
6.090929     1.24313000e-03
6.092960     1.20166000e-03
6.094991     8.03614000e-04
6.097022     1.22457000e-03
6.099055     7.31659000e-04
6.101088     8.05880000e-04
6.103121     1.02240000e-03
6.105156     1.07339000e-03
6.107191     1.11904000e-03
6.109227     1.10693000e-03
6.111263     8.80411000e-04
6.113300     8.75584000e-04
6.115338     1.05714000e-03
6.117376     9.45473000e-04
6.119415     1.20776000e-03
6.121455     6.93999000e-04
6.123496     9.00664000e-04
6.125537     9.44941000e-04
6.127579     8.92648000e-04
6.129621     9.21248000e-04
6.131664     1.04965000e-03
6.133708     1.16470000e-03
6.135753     9.13450000e-04
6.137798     8.44742000e-04
6.139844     1.27386000e-03
6.141891     9.89253000e-04
6.143938     9.94290000e-04
6.145986     9.31978000e-04
6.148035     1.17015000e-03
6.150084     1.07003000e-03
6.152134     1.06464000e-03
6.154185     1.14929000e-03
6.156236     1.01055000e-03
6.158288     6.04111000e-04
6.160341     1.03253000e-03
6.162394     8.20555000e-04
6.164449     1.24849000e-03
6.166503     8.07911000e-04
6.168559     5.47150000e-04
6.170615     9.50281000e-04
6.172672     1.03139000e-03
6.174729     8.69937000e-04
6.176788     9.75463000e-04
6.178847     1.42268000e-03
6.180906     1.16338000e-03
6.182967     9.61748000e-04
6.185028     9.30105000e-04
6.187089     6.50245000e-04
6.189152     1.22880000e-03
6.191215     8.67080000e-04
6.193278     1.18079000e-03
6.195343     9.50901000e-04
6.197408     1.14195000e-03
6.199474     1.11631000e-03
6.201540     1.36274000e-03
6.203607     9.89228000e-04
6.205675     1.17144000e-03
6.207744     1.22094000e-03
6.209813     1.28441000e-03
6.211883     1.11007000e-03
6.213954     1.17541000e-03
6.216025     1.05392000e-03
6.218097     1.19465000e-03
6.220170     9.75217000e-04
6.222243     9.96021000e-04
6.224317     9.98821000e-04
6.226392     7.14134000e-04
6.228467     1.02354000e-03
6.230544     1.25667000e-03
6.232620     9.62013000e-04
6.234698     9.03255000e-04
6.236776     1.16571000e-03
6.238855     9.53340000e-04
6.240935     1.09236000e-03
6.243015     1.24237000e-03
6.245096     9.98393000e-04
6.247178     1.13788000e-03
6.249260     9.60926000e-04
6.251343     1.00303000e-03
6.253427     1.24685000e-03
6.255511     9.48942000e-04
6.257597     1.16745000e-03
6.259682     1.07033000e-03
6.261769     1.15460000e-03
6.263856     9.06144000e-04
6.265944     1.18370000e-03
6.268033     1.18825000e-03
6.270122     1.07465000e-03
6.272212     1.14105000e-03
6.274303     1.13794000e-03
6.276394     1.26099000e-03
6.278487     1.01612000e-03
6.280579     1.04604000e-03
6.282673     7.10029000e-04
6.284767     9.26881000e-04
6.286862     1.20810000e-03
6.288958     1.27070000e-03
6.291054     1.37992000e-03
6.293151     1.01528000e-03
6.295249     1.03959000e-03
6.297347     1.32713000e-03
6.299446     8.84798000e-04
6.301546     8.24203000e-04
6.303647     8.17783000e-04
6.305748     1.06413000e-03
6.307850     1.07972000e-03
6.309952     1.21251000e-03
6.312056     1.16791000e-03
6.314160     1.33898000e-03
6.316264     1.26068000e-03
6.318370     1.19950000e-03
6.320476     1.07161000e-03
6.322583     1.20328000e-03
6.324690     9.73846000e-04
6.326799     9.15113000e-04
6.328907     1.36144000e-03
6.331017     9.05711000e-04
6.333127     1.18179000e-03
6.335238     9.19748000e-04
6.337350     1.30931000e-03
6.339463     1.12833000e-03
6.341576     1.18337000e-03
6.343690     1.08029000e-03
6.345804     1.12618000e-03
6.347920     1.27180000e-03
6.350036     9.44746000e-04
6.352152     1.23197000e-03
6.354270     1.12617000e-03
6.356388     1.24997000e-03
6.358506     1.15403000e-03
6.360626     1.12805000e-03
6.362746     1.02867000e-03
6.364867     8.13316000e-04
6.366989     1.02298000e-03
6.369111     9.34501000e-04
6.371234     9.98578000e-04
6.373358     9.01345000e-04
6.375482     9.11104000e-04
6.377607     8.75023000e-04
6.379733     1.27421000e-03
6.381860     9.27545000e-04
6.383987     1.15652000e-03
6.386115     8.28820000e-04
6.388244     8.26995000e-04
6.390373     8.94002000e-04
6.392503     9.15611000e-04
6.394634     1.24367000e-03
6.396766     1.00379000e-03
6.398898     9.18832000e-04
6.401031     7.56605000e-04
6.403165     1.17099000e-03
6.405299     8.02146000e-04
6.407434     8.65066000e-04
6.409570     9.15257000e-04
6.411707     8.60445000e-04
6.413844     1.04133000e-03
6.415982     8.92987000e-04
6.418120     1.06230000e-03
6.420260     9.13396000e-04
6.422400     1.04460000e-03
6.424541     8.13313000e-04
6.426682     8.76990000e-04
6.428824     9.90919000e-04
6.430967     8.34822000e-04
6.433111     9.10621000e-04
6.435255     1.08036000e-03
6.437400     1.02905000e-03
6.439546     8.35486000e-04
6.441693     1.17084000e-03
6.443840     8.17365000e-04
6.445988     7.07478000e-04
6.448137     1.21281000e-03
6.450286     9.21316000e-04
6.452436     9.07573000e-04
6.454587     8.03544000e-04
6.456738     9.55580000e-04
6.458891     1.04573000e-03
6.461044     9.37458000e-04
6.463197     1.04129000e-03
6.465352     1.20098000e-03
6.467507     1.02529000e-03
6.469663     8.51273000e-04
6.471819     4.34560000e-04
6.473976     8.72444000e-04
6.476134     9.76709000e-04
6.478293     9.95072000e-04
6.480453     7.88958000e-04
6.482613     1.02852000e-03
6.484774     8.88560000e-04
6.486935     9.48860000e-04
6.489098     9.15908000e-04
6.491261     8.53668000e-04
6.493424     1.00188000e-03
6.495589     1.08842000e-03
6.497754     8.29498000e-04
6.499920     1.12497000e-03
6.502087     1.12361000e-03
6.504254     8.65340000e-04
6.506422     9.96824000e-04
6.508591     1.10264000e-03
6.510760     8.15637000e-04
6.512931     9.30743000e-04
6.515102     7.89356000e-04
6.517273     8.53982000e-04
6.519446     9.04281000e-04
6.521619     1.12915000e-03
6.523793     8.99319000e-04
6.525967     9.88629000e-04
6.528143     8.43057000e-04
6.530319     1.11094000e-03
6.532495     1.24412000e-03
6.534673     1.15551000e-03
6.536851     1.05485000e-03
6.539030     1.03823000e-03
6.541210     1.11692000e-03
6.543390     9.84770000e-04
6.545571     1.06338000e-03
6.547753     9.39897000e-04
6.549936     8.60970000e-04
6.552119     1.05857000e-03
6.554303     9.54439000e-04
6.556488     1.00096000e-03
6.558673     1.15556000e-03
6.560860     7.17704000e-04
6.563047     9.96187000e-04
6.565234     1.31987000e-03
6.567423     8.28796000e-04
6.569612     1.06687000e-03
6.571802     1.13397000e-03
6.573992     9.64624000e-04
6.576184     1.13870000e-03
6.578376     8.35860000e-04
6.580568     1.32298000e-03
6.582762     1.21919000e-03
6.584956     8.90270000e-04
6.587151     1.24407000e-03
6.589347     1.21175000e-03
6.591543     1.23903000e-03
6.593741     1.07651000e-03
6.595938     8.73017000e-04
6.598137     6.82437000e-04
6.600336     9.52508000e-04
6.602537     1.22516000e-03
6.604737     1.46428000e-03
6.606939     1.34559000e-03
6.609141     1.39078000e-03
6.611344     1.15206000e-03
6.613548     1.15125000e-03
6.615753     1.05039000e-03
6.617958     1.24955000e-03
6.620164     6.61578000e-04
6.622371     1.04336000e-03
6.624578     4.74925000e-04
6.626786     1.23717000e-03
6.628995     9.07258000e-04
6.631205     4.99046000e-04
6.633415     8.83623000e-04
6.635626     8.65809000e-04
6.637838     1.08267000e-03
6.640051     8.28510000e-04
6.642264     8.02662000e-04
6.644478     1.20087000e-03
6.646693     1.23452000e-03
6.648909     1.48938000e-03
6.651125     1.54203000e-03
6.653342     1.47410000e-03
6.655560     1.25346000e-03
6.657778     1.13147000e-03
6.659998     1.20933000e-03
6.662218     1.49365000e-03
6.664438     9.26314000e-04
6.666660     8.32413000e-04
6.668882     1.40836000e-03
6.671105     7.16563000e-04
6.673329     8.25951000e-04
6.675553     1.33893000e-03
6.677778     1.31785000e-03
6.680004     1.47302000e-03
6.682231     1.15552000e-03
6.684458     1.18076000e-03
6.686687     5.80218000e-04
6.688915     1.02880000e-03
6.691145     1.10557000e-03
6.693375     9.35335000e-04
6.695607     1.37640000e-03
6.697838     9.14225000e-04
6.700071     1.32907000e-03
6.702304     1.21190000e-03
6.704538     1.23375000e-03
6.706773     1.13118000e-03
6.709009     1.25572000e-03
6.711245     1.03081000e-03
6.713482     1.20049000e-03
6.715720     7.34340000e-04
6.717959     1.25826000e-03
6.720198     1.30710000e-03
6.722438     1.13944000e-03
6.724679     1.12565000e-03
6.726921     1.35337000e-03
6.729163     1.07734000e-03
6.731406     1.49872000e-03
6.733650     9.93091000e-04
6.735894     1.29917000e-03
6.738140     1.24222000e-03
6.740386     1.15563000e-03
6.742632     9.70305000e-04
6.744880     1.22073000e-03
6.747128     1.24181000e-03
6.749377     1.13027000e-03
6.751627     1.14620000e-03
6.753878     9.20838000e-04
6.756129     1.29293000e-03
6.758381     1.02551000e-03
6.760634     1.08074000e-03
6.762887     1.12353000e-03
6.765142     1.09516000e-03
6.767397     1.40788000e-03
6.769652     1.12825000e-03
6.771909     1.07435000e-03
6.774166     1.05565000e-03
6.776424     1.05461000e-03
6.778683     1.38333000e-03
6.780943     1.13296000e-03
6.783203     1.16392000e-03
6.785464     1.03754000e-03
6.787726     9.76320000e-04
6.789988     9.73969000e-04
6.792252     1.01200000e-03
6.794516     1.22502000e-03
6.796781     1.01127000e-03
6.799046     1.14099000e-03
6.801313     1.04781000e-03
6.803580     1.24789000e-03
6.805848     1.31394000e-03
6.808116     1.26758000e-03
6.810386     9.08240000e-04
6.812656     1.16982000e-03
6.814927     1.22110000e-03
6.817198     1.25387000e-03
6.819471     1.10743000e-03
6.821744     1.11087000e-03
6.824018     1.36432000e-03
6.826292     8.69843000e-04
6.828568     9.82900000e-04
6.830844     1.24448000e-03
6.833121     1.14367000e-03
6.835399     1.23452000e-03
6.837677     1.18778000e-03
6.839956     1.24105000e-03
6.842236     1.20854000e-03
6.844517     6.96592000e-04
6.846799     1.11347000e-03
6.849081     1.11182000e-03
6.851364     1.07758000e-03
6.853648     1.19128000e-03
6.855932     1.13563000e-03
6.858218     1.07778000e-03
6.860504     1.27738000e-03
6.862790     1.00157000e-03
6.865078     1.10779000e-03
6.867366     1.08377000e-03
6.869656     9.12008000e-04
6.871945     1.04809000e-03
6.874236     1.23450000e-03
6.876527     7.83476000e-04
6.878820     1.16545000e-03
6.881113     1.38751000e-03
6.883406     1.18056000e-03
6.885701     1.14823000e-03
6.887996     1.24505000e-03
6.890292     1.28397000e-03
6.892589     8.81783000e-04
6.894886     1.11052000e-03
6.897185     1.44696000e-03
6.899484     1.23739000e-03
6.901783     1.24580000e-03
6.904084     1.42545000e-03
6.906385     8.09615000e-04
6.908688     9.25296000e-04
6.910990     9.42147000e-04
6.913294     1.04546000e-03
6.915599     1.23538000e-03
6.917904     1.21494000e-03
6.920210     1.13932000e-03
6.922516     1.40401000e-03
6.924824     1.40914000e-03
6.927132     1.12998000e-03
6.929441     8.35518000e-04
6.931751     1.18928000e-03
6.934062     1.28539000e-03
6.936373     7.91659000e-04
6.938685     1.03562000e-03
6.940998     9.26672000e-04
6.943312     9.84764000e-04
6.945626     1.33585000e-03
6.947941     1.13766000e-03
6.950257     8.05287000e-04
6.952574     1.24649000e-03
6.954892     1.40896000e-03
6.957210     1.30097000e-03
6.959529     8.95937000e-04
6.961849     1.04043000e-03
6.964169     1.36766000e-03
6.966491     1.34148000e-03
6.968813     1.29617000e-03
6.971136     9.07053000e-04
6.973460     1.46870000e-03
6.975784     1.28233000e-03
6.978109     1.02398000e-03
6.980435     1.37985000e-03
6.982762     1.06417000e-03
6.985090     1.18480000e-03
6.987418     9.69415000e-04
6.989747     1.30545000e-03
6.992077     1.27444000e-03
6.994408     1.33870000e-03
6.996739     1.06702000e-03
6.999072     1.24168000e-03
7.001405     8.04025000e-04
7.003738     1.44430000e-03
7.006073     1.14016000e-03
7.008408     1.21434000e-03
7.010745     1.21440000e-03
7.013081     1.20783000e-03
7.015419     1.10527000e-03
7.017758     1.23644000e-03
7.020097     9.93378000e-04
7.022437     9.58092000e-04
7.024778     8.11375000e-04
7.027119     1.23097000e-03
7.029462     1.26331000e-03
7.031805     1.11970000e-03
7.034149     1.10158000e-03
7.036494     1.13736000e-03
7.038839     1.28420000e-03
7.041185     8.76657000e-04
7.043532     1.18665000e-03
7.045880     1.04155000e-03
7.048229     1.00532000e-03
7.050578     9.13151000e-04
7.052928     1.15605000e-03
7.055279     1.11315000e-03
7.057631     1.30187000e-03
7.059984     8.47091000e-04
7.062337     1.06857000e-03
7.064691     1.23886000e-03
7.067046     8.85868000e-04
7.069402     9.91295000e-04
7.071758     9.66269000e-04
7.074115     1.16331000e-03
7.076473     1.19900000e-03
7.078832     1.08521000e-03
7.081192     1.16933000e-03
7.083552     1.24994000e-03
7.085914     1.25269000e-03
7.088275     1.39642000e-03
7.090638     1.32487000e-03
7.093002     1.22690000e-03
7.095366     9.27250000e-04
7.097731     1.31995000e-03
7.100097     1.07244000e-03
7.102464     1.09449000e-03
7.104831     1.13498000e-03
7.107200     9.25138000e-04
7.109569     1.20407000e-03
7.111939     8.60798000e-04
7.114309     1.12417000e-03
7.116681     1.19387000e-03
7.119053     1.20903000e-03
7.121426     1.13591000e-03
7.123800     1.28216000e-03
7.126174     1.20815000e-03
7.128550     1.09353000e-03
7.130926     8.02574000e-04
7.133303     1.28016000e-03
7.135681     1.20573000e-03
7.138059     6.42657000e-04
7.140438     8.81905000e-04
7.142819     1.06335000e-03
7.145200     1.00402000e-03
7.147581     1.05136000e-03
7.149964     9.27254000e-04
7.152347     1.08239000e-03
7.154731     1.04295000e-03
7.157116     1.11172000e-03
7.159502     1.32743000e-03
7.161888     1.13745000e-03
7.164276     7.48531000e-04
7.166664     1.12741000e-03
7.169053     1.15097000e-03
7.171442     8.06192000e-04
7.173833     9.64064000e-04
7.176224     9.21275000e-04
7.178616     9.34003000e-04
7.181009     1.04671000e-03
7.183403     1.12265000e-03
7.185797     9.19235000e-04
7.188192     1.05355000e-03
7.190589     9.09063000e-04
7.192985     1.20844000e-03
7.195383     1.09074000e-03
7.197782     1.04602000e-03
7.200181     1.09930000e-03
7.202581     9.52410000e-04
7.204982     6.79589000e-04
7.207383     1.01005000e-03
7.209786     9.66947000e-04
7.212189     1.06351000e-03
7.214593     1.24319000e-03
7.216998     1.08581000e-03
7.219404     1.09108000e-03
7.221810     1.13325000e-03
7.224217     9.32573000e-04
7.226625     9.62576000e-04
7.229034     1.26347000e-03
7.231444     1.03324000e-03
7.233855     1.17505000e-03
7.236266     9.75180000e-04
7.238678     1.03242000e-03
7.241091     1.03853000e-03
7.243504     1.10394000e-03
7.245919     1.11570000e-03
7.248334     9.44394000e-04
7.250750     1.07250000e-03
7.253167     1.20231000e-03
7.255585     1.14799000e-03
7.258004     9.04842000e-04
7.260423     9.28165000e-04
7.262843     1.10608000e-03
7.265264     1.06215000e-03
7.267686     1.01468000e-03
7.270108     7.62050000e-04
7.272532     1.12486000e-03
7.274956     1.09977000e-03
7.277381     1.00101000e-03
7.279807     8.37842000e-04
7.282233     1.07370000e-03
7.284661     1.04063000e-03
7.287089     9.66292000e-04
7.289518     9.65569000e-04
7.291948     1.02400000e-03
7.294378     1.01908000e-03
7.296810     1.08561000e-03
7.299242     9.28145000e-04
7.301675     7.19980000e-04
7.304109     1.07864000e-03
7.306544     9.84357000e-04
7.308979     1.08338000e-03
7.311416     9.53107000e-04
7.313853     1.11402000e-03
7.316291     1.10595000e-03
7.318729     9.78212000e-04
7.321169     9.08538000e-04
7.323609     8.92917000e-04
7.326051     1.03635000e-03
7.328493     1.04538000e-03
7.330935     1.06646000e-03
7.333379     9.11737000e-04
7.335824     8.62199000e-04
7.338269     9.97571000e-04
7.340715     9.90529000e-04
7.343162     9.12412000e-04
7.345610     7.36271000e-04
7.348058     9.26197000e-04
7.350507     1.07453000e-03
7.352958     9.52823000e-04
7.355409     1.18192000e-03
7.357860     1.17618000e-03
7.360313     1.05877000e-03
7.362767     1.09713000e-03
7.365221     1.02786000e-03
7.367676     1.00710000e-03
7.370132     1.05828000e-03
7.372588     1.10527000e-03
7.375046     1.10327000e-03
7.377504     9.10402000e-04
7.379963     9.49961000e-04
7.382423     1.09385000e-03
7.384884     1.07096000e-03
7.387346     1.02393000e-03
7.389808     9.94498000e-04
7.392272     1.07168000e-03
7.394736     1.00956000e-03
7.397201     1.08818000e-03
7.399666     8.54915000e-04
7.402133     9.40574000e-04
7.404600     8.41428000e-04
7.407068     1.00219000e-03
7.409538     1.14980000e-03
7.412007     8.60318000e-04
7.414478     9.56969000e-04
7.416950     1.12228000e-03
7.419422     1.06231000e-03
7.421895     1.01998000e-03
7.424369     8.33991000e-04
7.426844     1.16849000e-03
7.429319     1.03964000e-03
7.431796     1.03326000e-03
7.434273     1.10816000e-03
7.436751     1.05621000e-03
7.439230     9.86193000e-04
7.441710     1.03176000e-03
7.444190     9.30882000e-04
7.446672     1.07382000e-03
7.449154     1.14649000e-03
7.451637     1.07721000e-03
7.454121     1.06514000e-03
7.456606     1.11759000e-03
7.459091     9.72169000e-04
7.461578     1.06298000e-03
7.464065     8.76075000e-04
7.466553     1.05338000e-03
7.469042     1.07203000e-03
7.471531     1.14329000e-03
7.474022     9.24037000e-04
7.476513     1.14335000e-03
7.479005     1.20761000e-03
7.481498     1.04025000e-03
7.483992     1.10402000e-03
7.486487     1.00367000e-03
7.488982     9.81738000e-04
7.491479     1.10191000e-03
7.493976     1.06012000e-03
7.496474     1.05228000e-03
7.498973     1.19371000e-03
7.501472     1.18369000e-03
7.503973     1.05517000e-03
7.506474     1.08795000e-03
7.508976     1.19979000e-03
7.511479     1.17995000e-03
7.513983     1.17010000e-03
7.516488     8.36910000e-04
7.518993     1.03673000e-03
7.521500     1.25719000e-03
7.524007     1.17711000e-03
7.526515     1.14062000e-03
7.529024     1.07113000e-03
7.531533     1.05953000e-03
7.534044     1.05456000e-03
7.536555     9.52981000e-04
7.539067     1.03945000e-03
7.541580     1.05474000e-03
7.544094     8.93608000e-04
7.546609     9.40737000e-04
7.549124     1.13390000e-03
7.551641     1.18115000e-03
7.554158     1.29683000e-03
7.556676     7.38969000e-04
7.559195     1.10619000e-03
7.561715     1.22193000e-03
7.564235     1.33284000e-03
7.566757     1.22322000e-03
7.569279     1.16104000e-03
7.571802     1.30342000e-03
7.574326     1.08337000e-03
7.576851     1.07117000e-03
7.579376     1.06318000e-03
7.581903     6.42027000e-04
7.584430     1.27114000e-03
7.586958     1.02415000e-03
7.589487     6.92765000e-04
7.592017     1.21376000e-03
7.594548     1.00057000e-03
7.597079     1.25057000e-03
7.599612     8.64620000e-04
7.602145     1.02057000e-03
7.604679     1.29080000e-03
7.607214     1.17439000e-03
7.609749     1.18984000e-03
7.612286     1.24165000e-03
7.614823     8.36343000e-04
7.617362     1.05711000e-03
7.619901     8.56109000e-04
7.622441     8.87005000e-04
7.624982     1.16615000e-03
7.627523     1.14054000e-03
7.630066     1.23539000e-03
7.632609     1.35362000e-03
7.635153     1.40724000e-03
7.637698     1.14153000e-03
7.640244     1.21664000e-03
7.642791     1.18935000e-03
7.645339     1.30386000e-03
7.647887     1.23055000e-03
7.650436     1.24818000e-03
7.652987     1.15819000e-03
7.655538     1.29254000e-03
7.658089     1.05085000e-03
7.660642     7.65535000e-04
7.663196     1.09849000e-03
7.665750     9.30284000e-04
7.668305     1.17360000e-03
7.670861     8.69659000e-04
7.673418     1.10189000e-03
7.675976     1.14888000e-03
7.678535     1.30841000e-03
7.681094     9.98449000e-04
7.683655     8.04479000e-04
7.686216     1.13562000e-03
7.688778     8.08901000e-04
7.691341     1.02462000e-03
7.693905     9.73668000e-04
7.696469     1.09695000e-03
7.699035     1.00043000e-03
7.701601     1.04579000e-03
7.704168     1.04982000e-03
7.706736     1.16512000e-03
7.709305     8.68985000e-04
7.711875     1.04350000e-03
7.714446     1.00725000e-03
7.717017     1.20624000e-03
7.719590     1.02376000e-03
7.722163     1.04188000e-03
7.724737     1.01451000e-03
7.727312     1.17872000e-03
7.729887     8.91703000e-04
7.732464     1.04351000e-03
7.735042     8.82618000e-04
7.737620     9.94051000e-04
7.740199     1.02033000e-03
7.742779     1.04360000e-03
7.745360     1.02869000e-03
7.747942     1.04351000e-03
7.750525     9.19293000e-04
7.753108     1.12127000e-03
7.755692     1.05111000e-03
7.758278     1.05781000e-03
7.760864     1.22591000e-03
7.763451     1.03784000e-03
7.766039     1.13348000e-03
7.768627     9.93530000e-04
7.771217     9.95292000e-04
7.773807     1.01841000e-03
7.776398     1.09375000e-03
7.778991     9.79776000e-04
7.781584     1.03479000e-03
7.784177     1.09053000e-03
7.786772     1.07944000e-03
7.789368     1.00195000e-03
7.791964     1.00717000e-03
7.794562     1.08984000e-03
7.797160     1.07268000e-03
7.799759     1.10991000e-03
7.802359     1.07562000e-03
7.804959     8.92181000e-04
7.807561     1.07432000e-03
7.810164     1.06931000e-03
7.812767     1.01350000e-03
7.815371     1.07674000e-03
7.817976     1.13837000e-03
7.820582     1.08284000e-03
7.823189     1.14384000e-03
7.825797     1.15746000e-03
7.828406     9.08867000e-04
7.831015     1.19678000e-03
7.833625     9.33227000e-04
7.836237     1.06021000e-03
7.838849     1.04372000e-03
7.841462     1.10406000e-03
7.844075     1.17245000e-03
7.846690     1.07648000e-03
7.849306     1.08994000e-03
7.851922     1.09702000e-03
7.854539     1.25647000e-03
7.857158     1.15047000e-03
7.859777     1.13348000e-03
7.862397     1.21887000e-03
7.865017     1.22038000e-03
7.867639     1.12541000e-03
7.870262     1.14386000e-03
7.872885     1.15956000e-03
7.875509     1.23888000e-03
7.878134     1.07714000e-03
7.880761     7.98527000e-04
7.883387     1.20685000e-03
7.886015     1.17073000e-03
7.888644     1.16673000e-03
7.891273     1.12103000e-03
7.893904     1.16655000e-03
7.896535     1.15808000e-03
7.899167     1.26351000e-03
7.901800     1.10943000e-03
7.904434     9.18923000e-04
7.907069     1.16467000e-03
7.909705     1.07244000e-03
7.912341     1.26857000e-03
7.914979     1.27825000e-03
7.917617     1.17833000e-03
7.920256     1.17799000e-03
7.922897     1.19180000e-03
7.925537     1.23453000e-03
7.928179     1.07019000e-03
7.930822     1.13455000e-03
7.933466     1.17228000e-03
7.936110     1.25498000e-03
7.938756     1.21088000e-03
7.941402     1.22979000e-03
7.944049     1.13444000e-03
7.946697     1.13171000e-03
7.949346     1.12756000e-03
7.951996     1.33932000e-03
7.954646     1.19432000e-03
7.957298     1.38782000e-03
7.959950     1.29654000e-03
7.962604     1.20260000e-03
7.965258     1.23192000e-03
7.967913     1.23578000e-03
7.970569     1.30046000e-03
7.973226     1.10991000e-03
7.975883     1.18207000e-03
7.978542     1.31263000e-03
7.981202     1.07406000e-03
7.983862     1.15355000e-03
7.986523     1.22703000e-03
7.989185     1.07022000e-03
7.991848     1.06289000e-03
7.994512     1.27537000e-03
7.997177     1.25501000e-03
7.999843     1.21541000e-03
8.002510     1.30546000e-03
8.005177     1.23664000e-03
8.007845     1.29720000e-03
8.010515     1.18854000e-03
8.013185     1.12718000e-03
8.015856     1.14223000e-03
8.018528     1.32672000e-03
8.021201     1.26442000e-03
8.023875     1.21761000e-03
8.026549     1.50319000e-03
8.029225     1.12722000e-03
8.031901     1.26638000e-03
8.034578     1.28396000e-03
8.037257     1.24717000e-03
8.039936     1.30899000e-03
8.042616     1.34560000e-03
8.045297     1.14952000e-03
8.047978     1.02602000e-03
8.050661     9.72211000e-04
8.053344     1.17590000e-03
8.056029     1.19334000e-03
8.058714     1.04049000e-03
8.061401     1.22684000e-03
8.064088     1.53970000e-03
8.066776     1.02737000e-03
8.069465     1.22476000e-03
8.072154     1.12324000e-03
8.074845     1.22845000e-03
8.077537     1.33586000e-03
8.080229     1.22178000e-03
8.082923     9.03010000e-04
8.085617     1.06206000e-03
8.088312     1.26452000e-03
8.091008     1.12093000e-03
8.093705     1.19854000e-03
8.096403     1.21658000e-03
8.099102     1.31651000e-03
8.101802     1.20138000e-03
8.104502     1.23231000e-03
8.107204     1.17511000e-03
8.109906     1.37933000e-03
8.112610     1.20364000e-03
8.115314     1.14141000e-03
8.118019     1.49606000e-03
8.120725     1.57322000e-03
8.123432     1.14316000e-03
8.126140     1.26939000e-03
8.128848     1.30661000e-03
8.131558     9.62943000e-04
8.134268     1.21788000e-03
8.136980     1.24159000e-03
8.139692     1.39161000e-03
8.142405     1.29266000e-03
8.145120     1.33072000e-03
8.147835     1.44703000e-03
8.150550     1.23089000e-03
8.153267     1.37130000e-03
8.155985     1.25093000e-03
8.158704     1.26606000e-03
8.161423     1.40424000e-03
8.164144     1.32725000e-03
8.166865     1.37814000e-03
8.169587     1.47100000e-03
8.172311     1.14168000e-03
8.175035     1.38231000e-03
8.177760     1.06708000e-03
8.180486     9.93685000e-04
8.183213     1.36962000e-03
8.185940     1.43949000e-03
8.188669     1.15404000e-03
8.191398     1.14717000e-03
8.194129     1.41325000e-03
8.196860     1.39153000e-03
8.199593     1.19984000e-03
8.202326     1.03226000e-03
8.205060     1.09595000e-03
8.207795     1.16974000e-03
8.210531     1.28877000e-03
8.213268     1.08003000e-03
8.216005     1.24626000e-03
8.218744     1.37859000e-03
8.221484     1.47645000e-03
8.224224     1.25365000e-03
8.226966     1.41990000e-03
8.229708     1.19909000e-03
8.232451     1.41909000e-03
8.235195     1.03094000e-03
8.237940     1.08664000e-03
8.240686     1.52822000e-03
8.243433     1.20876000e-03
8.246181     1.28552000e-03
8.248930     1.34367000e-03
8.251679     8.94102000e-04
8.254430     1.21416000e-03
8.257181     1.33006000e-03
8.259934     1.26625000e-03
8.262687     1.36375000e-03
8.265441     1.40896000e-03
8.268197     1.36355000e-03
8.270953     1.44294000e-03
8.273710     1.17526000e-03
8.276468     1.29281000e-03
8.279226     1.08628000e-03
8.281986     1.26719000e-03
8.284747     1.15109000e-03
8.287508     1.25577000e-03
8.290271     1.47008000e-03
8.293034     1.31210000e-03
8.295799     1.35142000e-03
8.298564     1.12074000e-03
8.301330     1.26046000e-03
8.304097     1.45008000e-03
8.306865     1.08866000e-03
8.309634     1.31687000e-03
8.312404     1.27704000e-03
8.315175     1.37561000e-03
8.317947     1.36761000e-03
8.320719     1.21259000e-03
8.323493     1.34225000e-03
8.326267     1.33960000e-03
8.329043     1.42595000e-03
8.331819     1.51697000e-03
8.334596     1.26245000e-03
8.337375     1.46739000e-03
8.340154     1.20610000e-03
8.342934     1.48425000e-03
8.345715     1.08889000e-03
8.348497     1.37598000e-03
8.351279     1.28934000e-03
8.354063     1.55385000e-03
8.356848     1.42705000e-03
8.359633     1.45512000e-03
8.362420     1.41632000e-03
8.365207     1.34981000e-03
8.367996     1.35689000e-03
8.370785     1.45146000e-03
8.373575     1.25437000e-03
8.376367     1.37227000e-03
8.379159     1.30915000e-03
8.381952     1.54245000e-03
8.384746     1.40066000e-03
8.387541     1.25115000e-03
8.390337     1.46299000e-03
8.393133     1.41169000e-03
8.395931     1.16611000e-03
8.398730     1.42660000e-03
8.401529     1.51238000e-03
8.404330     1.24583000e-03
8.407131     1.44678000e-03
8.409934     1.10404000e-03
8.412737     1.30203000e-03
8.415541     1.32951000e-03
8.418346     1.38144000e-03
8.421152     1.42778000e-03
8.423960     1.29614000e-03
8.426768     1.46942000e-03
8.429576     1.22164000e-03
8.432386     1.12985000e-03
8.435197     1.30485000e-03
8.438009     1.49934000e-03
8.440822     1.19554000e-03
8.443635     1.36879000e-03
8.446450     1.61824000e-03
8.449265     1.66470000e-03
8.452082     1.33488000e-03
8.454899     1.41486000e-03
8.457717     1.07519000e-03
8.460536     1.61415000e-03
8.463357     1.62721000e-03
8.466178     1.68832000e-03
8.469000     1.46500000e-03
8.471823     1.28873000e-03
8.474647     1.44927000e-03
8.477472     1.66299000e-03
8.480297     1.27227000e-03
8.483124     1.46783000e-03
8.485952     1.41374000e-03
8.488781     1.59051000e-03
8.491610     1.41946000e-03
8.494441     1.51981000e-03
8.497272     1.21294000e-03
8.500105     1.67244000e-03
8.502938     1.31998000e-03
8.505772     1.50831000e-03
8.508608     1.59093000e-03
8.511444     1.65541000e-03
8.514281     1.23161000e-03
8.517119     1.47711000e-03
8.519958     1.23391000e-03
8.522798     1.57418000e-03
8.525639     1.19612000e-03
8.528481     1.52577000e-03
8.531324     1.43714000e-03
8.534167     1.40791000e-03
8.537012     1.32594000e-03
8.539858     1.26918000e-03
8.542704     1.50955000e-03
8.545552     1.25815000e-03
8.548401     1.35324000e-03
8.551250     1.55360000e-03
8.554100     1.60676000e-03
8.556952     1.45733000e-03
8.559804     1.63534000e-03
8.562657     1.47357000e-03
8.565512     1.26603000e-03
8.568367     1.23160000e-03
8.571223     1.44145000e-03
8.574080     1.54822000e-03
8.576938     1.46847000e-03
8.579797     1.57247000e-03
8.582657     1.45597000e-03
8.585518     1.53513000e-03
8.588380     1.14042000e-03
8.591242     1.81504000e-03
8.594106     1.43237000e-03
8.596971     1.44645000e-03
8.599837     1.80795000e-03
8.602703     1.51340000e-03
8.605571     1.63454000e-03
8.608439     1.31358000e-03
8.611309     1.78655000e-03
8.614179     1.49482000e-03
8.617051     1.59697000e-03
8.619923     1.09108000e-03
8.622796     1.43077000e-03
8.625670     1.26293000e-03
8.628546     1.36805000e-03
8.631422     1.31330000e-03
8.634299     1.34407000e-03
8.637177     1.40205000e-03
8.640056     1.45481000e-03
8.642936     1.30028000e-03
8.645817     1.25633000e-03
8.648699     1.73572000e-03
8.651582     1.71340000e-03
8.654466     1.31383000e-03
8.657351     1.54701000e-03
8.660236     1.54874000e-03
8.663123     1.65462000e-03
8.666011     1.32183000e-03
8.668900     1.65090000e-03
8.671789     1.51767000e-03
8.674680     1.77316000e-03
8.677571     1.55136000e-03
8.680464     1.70054000e-03
8.683357     1.62130000e-03
8.686252     1.58040000e-03
8.689147     1.52738000e-03
8.692044     1.35795000e-03
8.694941     1.51578000e-03
8.697839     1.70417000e-03
8.700739     1.09241000e-03
8.703639     1.52457000e-03
8.706540     1.52634000e-03
8.709442     1.30687000e-03
8.712345     1.51306000e-03
8.715249     1.53579000e-03
8.718155     1.96482000e-03
8.721061     1.70434000e-03
8.723968     1.85280000e-03
8.726876     1.85667000e-03
8.729785     1.75892000e-03
8.732695     1.60875000e-03
8.735605     1.56199000e-03
8.738517     1.43805000e-03
8.741430     1.55430000e-03
8.744344     1.76923000e-03
8.747259     1.54460000e-03
8.750174     1.80875000e-03
8.753091     1.71318000e-03
8.756009     1.24092000e-03
8.758928     1.75156000e-03
8.761847     1.80594000e-03
8.764768     2.05324000e-03
8.767689     1.80864000e-03
8.770612     1.84075000e-03
8.773536     1.51036000e-03
8.776460     1.71713000e-03
8.779386     1.29714000e-03
8.782312     1.56114000e-03
8.785239     1.21820000e-03
8.788168     1.40767000e-03
8.791097     1.93240000e-03
8.794028     1.48386000e-03
8.796959     1.31372000e-03
8.799891     1.34163000e-03
8.802825     1.68914000e-03
8.805759     1.52496000e-03
8.808694     2.08859000e-03
8.811630     1.55497000e-03
8.814568     2.08328000e-03
8.817506     1.30528000e-03
8.820445     1.41447000e-03
8.823385     1.76843000e-03
8.826326     1.99409000e-03
8.829268     1.84980000e-03
8.832211     1.93213000e-03
8.835155     1.45489000e-03
8.838100     1.61889000e-03
8.841046     1.94039000e-03
8.843994     1.85215000e-03
8.846942     1.28466000e-03
8.849890     1.91102000e-03
8.852840     1.31503000e-03
8.855791     2.01578000e-03
8.858743     1.95460000e-03
8.861696     1.75392000e-03
8.864650     1.93313000e-03
8.867605     1.89231000e-03
8.870561     1.91814000e-03
8.873518     1.81958000e-03
8.876476     1.26610000e-03
8.879434     1.95834000e-03
8.882394     1.42370000e-03
8.885355     1.78551000e-03
8.888317     1.61534000e-03
8.891280     1.43569000e-03
8.894243     2.14863000e-03
8.897208     1.63943000e-03
8.900174     1.77912000e-03
8.903141     1.37704000e-03
8.906108     1.55493000e-03
8.909077     1.91994000e-03
8.912047     1.60802000e-03
8.915017     1.53563000e-03
8.917989     1.99734000e-03
8.920962     1.48941000e-03
8.923935     1.99302000e-03
8.926910     2.15151000e-03
8.929886     1.77571000e-03
8.932862     1.48451000e-03
8.935840     1.59670000e-03
8.938818     2.01157000e-03
8.941798     1.35970000e-03
8.944779     1.79715000e-03
8.947760     1.66857000e-03
8.950743     1.86329000e-03
8.953726     1.59808000e-03
8.956711     1.86164000e-03
8.959697     2.05494000e-03
8.962683     1.44449000e-03
8.965671     1.57626000e-03
8.968659     1.39893000e-03
8.971649     1.79216000e-03
8.974639     1.55639000e-03
8.977631     1.94141000e-03
8.980623     1.72238000e-03
8.983617     1.83712000e-03
8.986612     1.68241000e-03
8.989607     1.79424000e-03
8.992604     1.83249000e-03
8.995601     1.99508000e-03
8.998600     1.68794000e-03
9.001599     2.07926000e-03
9.004600     1.54452000e-03
9.007601     1.53364000e-03
9.010604     1.98742000e-03
9.013607     2.00655000e-03
9.016612     1.92361000e-03
9.019617     1.86038000e-03
9.022624     1.55625000e-03
9.025631     1.98087000e-03
9.028640     2.13974000e-03
9.031650     1.88399000e-03
9.034660     1.84692000e-03
9.037672     1.94780000e-03
9.040684     1.75012000e-03
9.043698     2.33686000e-03
9.046712     2.06227000e-03
9.049728     2.18086000e-03
9.052745     2.16716000e-03
9.055762     1.72631000e-03
9.058781     1.29943000e-03
9.061800     1.96040000e-03
9.064821     1.99436000e-03
9.067842     2.22192000e-03
9.070865     1.69056000e-03
9.073889     2.12711000e-03
9.076913     2.39092000e-03
9.079939     1.73801000e-03
9.082966     1.69397000e-03
9.085993     2.30344000e-03
9.089022     2.05046000e-03
9.092052     1.93972000e-03
9.095082     1.63781000e-03
9.098114     2.25060000e-03
9.101147     1.95805000e-03
9.104180     2.33939000e-03
9.107215     1.42432000e-03
9.110251     2.36751000e-03
9.113288     1.43273000e-03
9.116325     2.33921000e-03
9.119364     2.28829000e-03
9.122404     1.84326000e-03
9.125445     1.33567000e-03
9.128487     1.47906000e-03
9.131529     2.18053000e-03
9.134573     1.97211000e-03
9.137618     1.63465000e-03
9.140664     2.46710000e-03
9.143711     2.10719000e-03
9.146759     1.80577000e-03
9.149808     2.25744000e-03
9.152858     2.03742000e-03
9.155909     2.10556000e-03
9.158961     2.14449000e-03
9.162014     2.31860000e-03
9.165068     1.81809000e-03
9.168123     2.28138000e-03
9.171179     2.12024000e-03
9.174236     1.49957000e-03
9.177294     2.41114000e-03
9.180353     1.73215000e-03
9.183413     1.66605000e-03
9.186474     2.28951000e-03
9.189536     2.47503000e-03
9.192599     1.94885000e-03
9.195664     2.25059000e-03
9.198729     2.29874000e-03
9.201795     2.56561000e-03
9.204862     2.22242000e-03
9.207931     2.55599000e-03
9.211000     2.19580000e-03
9.214070     2.15924000e-03
9.217142     2.49053000e-03
9.220214     1.69711000e-03
9.223287     2.52726000e-03
9.226362     1.35287000e-03
9.229437     2.20051000e-03
9.232514     2.38940000e-03
9.235591     2.39610000e-03
9.238670     2.33151000e-03
9.241749     1.98375000e-03
9.244830     2.39683000e-03
9.247912     1.93914000e-03
9.250994     1.50714000e-03
9.254078     2.06887000e-03
9.257163     1.63111000e-03
9.260248     1.80425000e-03
9.263335     1.42169000e-03
9.266423     2.20938000e-03
9.269512     2.70651000e-03
9.272601     2.38423000e-03
9.275692     1.90639000e-03
9.278784     2.05013000e-03
9.281877     2.13095000e-03
9.284971     2.32734000e-03
9.288066     2.22259000e-03
9.291162     2.06150000e-03
9.294259     2.29125000e-03
9.297357     2.24927000e-03
9.300456     2.45615000e-03
9.303557     2.50848000e-03
9.306658     2.35547000e-03
9.309760     2.05931000e-03
9.312863     1.63868000e-03
9.315968     2.49081000e-03
9.319073     2.02196000e-03
9.322179     2.43826000e-03
9.325287     2.52374000e-03
9.328395     2.69448000e-03
9.331504     1.84659000e-03
9.334615     2.31291000e-03
9.337727     1.74354000e-03
9.340839     2.42849000e-03
9.343953     2.43252000e-03
9.347067     1.97549000e-03
9.350183     2.52316000e-03
9.353300     2.23289000e-03
9.356418     2.76312000e-03
9.359536     2.40650000e-03
9.362656     1.97042000e-03
9.365777     2.28047000e-03
9.368899     2.36158000e-03
9.372022     2.21210000e-03
9.375146     2.53594000e-03
9.378271     2.37549000e-03
9.381397     2.30347000e-03
9.384524     1.39410000e-03
9.387652     2.17900000e-03
9.390782     2.27033000e-03
9.393912     2.78310000e-03
9.397043     2.13106000e-03
9.400176     2.37366000e-03
9.403309     2.13557000e-03
9.406443     2.12965000e-03
9.409579     2.45130000e-03
9.412715     2.68516000e-03
9.415853     2.46338000e-03
9.418992     2.40132000e-03
9.422131     2.33312000e-03
9.425272     2.40052000e-03
9.428414     1.62347000e-03
9.431557     2.54979000e-03
9.434700     2.37963000e-03
9.437845     1.76604000e-03
9.440991     1.90801000e-03
9.444138     1.88168000e-03
9.447286     2.33300000e-03
9.450435     2.35343000e-03
9.453586     2.17526000e-03
9.456737     1.68613000e-03
9.459889     2.57434000e-03
9.463042     2.28686000e-03
9.466197     2.62024000e-03
9.469352     2.06794000e-03
9.472508     2.42889000e-03
9.475666     2.45755000e-03
9.478824     2.15882000e-03
9.481984     1.96629000e-03
9.485145     2.70010000e-03
9.488306     2.09918000e-03
9.491469     1.79391000e-03
9.494633     2.40027000e-03
9.497798     2.69482000e-03
9.500964     2.62923000e-03
9.504131     2.39630000e-03
9.507299     2.54203000e-03
9.510468     2.67556000e-03
9.513638     1.73599000e-03
9.516809     2.12340000e-03
9.519982     2.27486000e-03
9.523155     2.04873000e-03
9.526329     2.48262000e-03
9.529505     1.46009000e-03
9.532681     2.38517000e-03
9.535859     2.50214000e-03
9.539037     2.74157000e-03
9.542217     2.86104000e-03
9.545398     2.96291000e-03
9.548580     2.65540000e-03
9.551763     2.73357000e-03
9.554946     2.60410000e-03
9.558131     2.52327000e-03
9.561318     2.76957000e-03
9.564505     2.00842000e-03
9.567693     2.42503000e-03
9.570882     2.51044000e-03
9.574072     2.88736000e-03
9.577264     2.84508000e-03
9.580456     1.86508000e-03
9.583650     2.16192000e-03
9.586844     2.04975000e-03
9.590040     2.90109000e-03
9.593236     2.61111000e-03
9.596434     1.90834000e-03
9.599633     2.45646000e-03
9.602833     2.22708000e-03
9.606034     2.79255000e-03
9.609236     2.51929000e-03
9.612439     2.66204000e-03
9.615643     2.78251000e-03
9.618848     2.41428000e-03
9.622055     2.42038000e-03
9.625262     2.15004000e-03
9.628470     1.93917000e-03
9.631680     1.64508000e-03
9.634890     2.73138000e-03
9.638102     2.25532000e-03
9.641315     2.93378000e-03
9.644528     1.99359000e-03
9.647743     2.39963000e-03
9.650959     2.76697000e-03
9.654176     2.79997000e-03
9.657394     2.14094000e-03
9.660613     2.60031000e-03
9.663834     2.77274000e-03
9.667055     2.81505000e-03
9.670277     3.02466000e-03
9.673501     1.39946000e-03
9.676725     2.64764000e-03
9.679951     2.54107000e-03
9.683177     1.87736000e-03
9.686405     2.89911000e-03
9.689634     2.80121000e-03
9.692864     2.55498000e-03
9.696095     2.87262000e-03
9.699327     2.49884000e-03
9.702560     2.73534000e-03
9.705794     2.73926000e-03
9.709029     2.60193000e-03
9.712266     2.68713000e-03
9.715503     2.92737000e-03
9.718742     2.69358000e-03
9.721981     2.14238000e-03
9.725222     2.42476000e-03
9.728464     2.88188000e-03
9.731706     2.98297000e-03
9.734950     2.79056000e-03
9.738195     2.65274000e-03
9.741441     2.32398000e-03
9.744688     2.20324000e-03
9.747937     2.92083000e-03
9.751186     2.70739000e-03
9.754436     2.51554000e-03
9.757688     1.80363000e-03
9.760940     3.06310000e-03
9.764194     2.77335000e-03
9.767449     2.84715000e-03
9.770705     2.76482000e-03
9.773962     2.89608000e-03
9.777220     2.82581000e-03
9.780479     2.70202000e-03
9.783739     1.82106000e-03
9.787000     2.90110000e-03
9.790262     2.92410000e-03
9.793526     2.89744000e-03
9.796790     2.71194000e-03
9.800056     2.31680000e-03
9.803323     2.76433000e-03
9.806590     2.68742000e-03
9.809859     2.89436000e-03
9.813129     2.06193000e-03
9.816400     1.99623000e-03
9.819672     2.33747000e-03
9.822946     2.56114000e-03
9.826220     2.29641000e-03
9.829495     2.72075000e-03
9.832772     3.04441000e-03
9.836049     2.56123000e-03
9.839328     2.76879000e-03
9.842608     3.01716000e-03
9.845889     3.15994000e-03
9.849171     2.74189000e-03
9.852454     2.61195000e-03
9.855738     2.69679000e-03
9.859023     2.64696000e-03
9.862309     2.87903000e-03
9.865597     3.00990000e-03
9.868885     2.61124000e-03
9.872175     2.95888000e-03
9.875466     2.76827000e-03
9.878758     2.80139000e-03
9.882051     2.65626000e-03
9.885345     1.83212000e-03
9.888640     2.31325000e-03
9.891936     1.98959000e-03
9.895233     1.93810000e-03
9.898532     2.35669000e-03
9.901831     2.69038000e-03
9.905132     2.50984000e-03
9.908433     2.67517000e-03
9.911736     2.07412000e-03
9.915040     2.49823000e-03
9.918345     2.98972000e-03
9.921651     2.77653000e-03
9.924958     2.30714000e-03
9.928267     1.87786000e-03
9.931576     2.82492000e-03
9.934887     2.92788000e-03
9.938198     3.10530000e-03
9.941511     2.75983000e-03
9.944825     3.03597000e-03
9.948140     2.99120000e-03
9.951456     2.19171000e-03
9.954773     3.10025000e-03
9.958091     2.71722000e-03
9.961411     3.11963000e-03
9.964731     2.80433000e-03
9.968053     3.08740000e-03
9.971375     2.06442000e-03
9.974699     2.69915000e-03
9.978024     3.20159000e-03
9.981350     2.67370000e-03
9.984677     2.75546000e-03
9.988005     2.58691000e-03
9.991335     2.87372000e-03
9.994665     3.04482000e-03
9.997997     2.40357000e-03
10.001330     3.25548000e-03
10.004663     3.08842000e-03
10.007998     3.07748000e-03
10.011334     2.18005000e-03
10.014671     2.69047000e-03
10.018009     3.09031000e-03
10.021349     2.24263000e-03
10.024689     2.80690000e-03
10.028031     2.40867000e-03
10.031374     2.81456000e-03
10.034717     2.94243000e-03
10.038062     3.09009000e-03
10.041408     2.73879000e-03
10.044755     2.01063000e-03
10.048104     1.80205000e-03
10.051453     2.59195000e-03
10.054804     2.56673000e-03
10.058155     2.30115000e-03
10.061508     2.96574000e-03
10.064862     2.95334000e-03
10.068217     2.91268000e-03
10.071573     2.50544000e-03
10.074930     2.80915000e-03
10.078288     2.66792000e-03
10.081648     2.62174000e-03
10.085008     2.79149000e-03
10.088370     2.24471000e-03
10.091733     2.13392000e-03
10.095097     2.94407000e-03
10.098462     3.03130000e-03
10.101828     2.78707000e-03
10.105195     2.88850000e-03
10.108563     3.05119000e-03
10.111933     2.49581000e-03
10.115303     2.83751000e-03
10.118675     3.04990000e-03
10.122048     3.23958000e-03
10.125422     2.96440000e-03
10.128797     2.78603000e-03
10.132174     3.10990000e-03
10.135551     3.20260000e-03
10.138929     3.30612000e-03
10.142309     3.04431000e-03
10.145690     2.77963000e-03
10.149072     2.79386000e-03
10.152455     3.07287000e-03
10.155839     3.01383000e-03
10.159224     3.17681000e-03
10.162611     2.44776000e-03
10.165998     2.74505000e-03
10.169387     2.65367000e-03
10.172777     2.27746000e-03
10.176168     3.10183000e-03
10.179560     3.17493000e-03
10.182953     2.85581000e-03
10.186347     2.73202000e-03
10.189743     2.35770000e-03
10.193139     2.98389000e-03
10.196537     3.25763000e-03
10.199936     2.83682000e-03
10.203336     3.23695000e-03
10.206737     2.85289000e-03
10.210139     3.07135000e-03
10.213543     2.83946000e-03
10.216947     2.83375000e-03
10.220353     3.02844000e-03
10.223759     3.23859000e-03
10.227167     2.71187000e-03
10.230576     2.05485000e-03
10.233987     3.15575000e-03
10.237398     1.88085000e-03
10.240810     2.00321000e-03
10.244224     2.63705000e-03
10.247639     3.12615000e-03
10.251055     2.85588000e-03
10.254472     3.32533000e-03
10.257890     3.32476000e-03
10.261309     2.93978000e-03
10.264729     2.53355000e-03
10.268151     2.87059000e-03
10.271574     2.73986000e-03
10.274998     1.87846000e-03
10.278423     2.96539000e-03
10.281849     2.73487000e-03
10.285276     2.79442000e-03
10.288704     2.95117000e-03
10.292134     2.31463000e-03
10.295565     2.13157000e-03
10.298997     3.19877000e-03
10.302430     2.57003000e-03
10.305864     2.77045000e-03
10.309299     3.16878000e-03
10.312736     3.16007000e-03
10.316173     2.95309000e-03
10.319612     2.24877000e-03
10.323052     3.15810000e-03
10.326493     2.98162000e-03
10.329935     2.52402000e-03
10.333378     1.53780000e-03
10.336823     1.78227000e-03
10.340268     2.90991000e-03
10.343715     2.98344000e-03
10.347163     3.08516000e-03
10.350612     2.89128000e-03
10.354062     2.58174000e-03
10.357513     2.63354000e-03
10.360966     2.52003000e-03
10.364420     2.82802000e-03
10.367874     2.80258000e-03
10.371330     3.16822000e-03
10.374788     2.17068000e-03
10.378246     1.86434000e-03
10.381705     2.27226000e-03
10.385166     2.35254000e-03
10.388628     3.06574000e-03
10.392090     2.26429000e-03
10.395554     2.81738000e-03
10.399020     2.82097000e-03
10.402486     2.67418000e-03
10.405954     2.19781000e-03
10.409422     2.33050000e-03
10.412892     2.57352000e-03
10.416363     1.94453000e-03
10.419835     2.90286000e-03
10.423308     2.47786000e-03
10.426783     2.54073000e-03
10.430258     2.70180000e-03
10.433735     2.98411000e-03
10.437213     2.99575000e-03
10.440692     3.03698000e-03
10.444172     3.22057000e-03
10.447654     3.18198000e-03
10.451136     2.71953000e-03
10.454620     2.16444000e-03
10.458105     2.02231000e-03
10.461591     2.11655000e-03
10.465078     2.76303000e-03
10.468566     2.76778000e-03
10.472056     2.49512000e-03
10.475547     1.87162000e-03
10.479038     2.41807000e-03
10.482532     2.94451000e-03
10.486026     2.83075000e-03
10.489521     2.41528000e-03
10.493018     2.44048000e-03
10.496515     2.14659000e-03
10.500014     1.77227000e-03
10.503514     3.08432000e-03
10.507015     2.45145000e-03
10.510518     3.03691000e-03
10.514021     3.08512000e-03
10.517526     3.27492000e-03
10.521031     2.47053000e-03
10.524539     3.15138000e-03
10.528047     2.18490000e-03
10.531556     1.43541000e-03
10.535067     2.27780000e-03
10.538578     2.94107000e-03
10.542091     3.02485000e-03
10.545605     1.40783000e-03
10.549120     2.37363000e-03
10.552637     2.79504000e-03
10.556154     2.50621000e-03
10.559673     2.77311000e-03
10.563193     2.82983000e-03
10.566714     1.99538000e-03
10.570236     2.88012000e-03
10.573760     2.65742000e-03
10.577284     1.67022000e-03
10.580810     2.98690000e-03
10.584337     2.66261000e-03
10.587865     2.93187000e-03
10.591394     2.52989000e-03
10.594925     1.69685000e-03
10.598456     3.18211000e-03
10.601989     3.14178000e-03
10.605523     2.75676000e-03
10.609058     2.94019000e-03
10.612595     2.85655000e-03
10.616132     3.01098000e-03
10.619671     2.58588000e-03
10.623211     2.06327000e-03
10.626752     1.44224000e-03
10.630294     2.74230000e-03
10.633838     3.02278000e-03
10.637382     2.75176000e-03
10.640928     2.23198000e-03
10.644475     2.79200000e-03
10.648023     3.23007000e-03
10.651573     2.95260000e-03
10.655123     2.88166000e-03
10.658675     3.12331000e-03
10.662228     2.95282000e-03
10.665782     3.12126000e-03
10.669337     1.73376000e-03
10.672893     1.97160000e-03
10.676451     3.08937000e-03
10.680010     3.14983000e-03
10.683570     3.10100000e-03
10.687131     2.71524000e-03
10.690693     3.33707000e-03
10.694257     3.14063000e-03
10.697822     3.29765000e-03
10.701388     3.29060000e-03
10.704955     3.12453000e-03
10.708523     2.18008000e-03
10.712093     2.14720000e-03
10.715663     2.46751000e-03
10.719235     3.06430000e-03
10.722808     2.56229000e-03
10.726383     2.00735000e-03
10.729958     3.13684000e-03
10.733535     2.99327000e-03
10.737113     2.88090000e-03
10.740692     3.16193000e-03
10.744272     2.64186000e-03
10.747853     2.10576000e-03
10.751436     2.72989000e-03
10.755020     2.83080000e-03
10.758605     2.03356000e-03
10.762191     2.57291000e-03
10.765778     2.64051000e-03
10.769367     1.68080000e-03
10.772957     3.02813000e-03
10.776548     3.08101000e-03
10.780140     2.76958000e-03
10.783733     1.59467000e-03
10.787328     2.58923000e-03
10.790924     3.27552000e-03
10.794521     3.23573000e-03
10.798119     3.01758000e-03
10.801718     3.20567000e-03
10.805319     2.61539000e-03
10.808920     3.34432000e-03
10.812523     3.31413000e-03
10.816128     3.28489000e-03
10.819733     2.85042000e-03
10.823339     3.14293000e-03
10.826947     3.18414000e-03
10.830556     2.85342000e-03
10.834167     3.00916000e-03
10.837778     2.87519000e-03
10.841390     3.27384000e-03
10.845004     2.53132000e-03
10.848619     3.09309000e-03
10.852236     2.53224000e-03
10.855853     2.44641000e-03
10.859471     3.32653000e-03
10.863091     3.29658000e-03
10.866712     2.76445000e-03
10.870335     1.58155000e-03
10.873958     3.12894000e-03
10.877583     3.10379000e-03
10.881208     2.61269000e-03
10.884836     2.56512000e-03
10.888464     2.54069000e-03
10.892093     3.16977000e-03
10.895724     2.54828000e-03
10.899356     3.13483000e-03
10.902989     2.72103000e-03
10.906623     2.64398000e-03
10.910259     3.08043000e-03
10.913896     2.32896000e-03
10.917534     2.98276000e-03
10.921173     2.95786000e-03
10.924813     2.52689000e-03
10.928455     3.07031000e-03
10.932098     2.68543000e-03
10.935742     2.93381000e-03
10.939387     2.90373000e-03
10.943033     2.45190000e-03
10.946681     3.28927000e-03
10.950330     3.12007000e-03
10.953980     2.99538000e-03
10.957631     3.17162000e-03
10.961284     3.27772000e-03
10.964938     3.21392000e-03
10.968593     2.93776000e-03
10.972249     2.70983000e-03
10.975906     2.51596000e-03
10.979565     2.33972000e-03
10.983225     2.46718000e-03
10.986886     2.50766000e-03
10.990548     2.79341000e-03
10.994212     2.32038000e-03
10.997876     2.41710000e-03
11.001542     1.86050000e-03
11.005210     2.76263000e-03
11.008878     3.14339000e-03
11.012548     2.54083000e-03
11.016219     2.90586000e-03
11.019891     2.55974000e-03
11.023564     2.96265000e-03
11.027238     2.58345000e-03
11.030914     2.68495000e-03
11.034591     1.79097000e-03
11.038269     2.63136000e-03
11.041949     2.92981000e-03
11.045629     2.90323000e-03
11.049311     2.90018000e-03
11.052994     2.60340000e-03
11.056679     3.10637000e-03
11.060364     2.92921000e-03
11.064051     3.12575000e-03
11.067739     1.50356000e-03
11.071428     3.12366000e-03
11.075119     3.19557000e-03
11.078810     2.84815000e-03
11.082503     2.37014000e-03
11.086198     2.74285000e-03
11.089893     2.97060000e-03
11.093590     2.64023000e-03
11.097287     3.28952000e-03
11.100986     2.42114000e-03
11.104687     2.90625000e-03
11.108388     2.80359000e-03
11.112091     3.32287000e-03
11.115795     2.60767000e-03
11.119500     2.67274000e-03
11.123207     3.08363000e-03
11.126915     3.17341000e-03
11.130624     3.28565000e-03
11.134334     2.04513000e-03
11.138045     2.99919000e-03
11.141758     3.14824000e-03
11.145472     3.16234000e-03
11.149187     3.26700000e-03
11.152904     3.35809000e-03
11.156621     3.37505000e-03
11.160340     3.18725000e-03
11.164060     2.78768000e-03
11.167782     2.48129000e-03
11.171504     3.19819000e-03
11.175228     3.04237000e-03
11.178953     1.61167000e-03
11.182679     2.77180000e-03
11.186407     2.15047000e-03
11.190136     3.25574000e-03
11.193866     2.85743000e-03
11.197597     2.99524000e-03
11.201330     3.11232000e-03
11.205063     2.74857000e-03
11.208798     1.82951000e-03
11.212535     2.97756000e-03
11.216272     3.22362000e-03
11.220011     2.82439000e-03
11.223751     2.47747000e-03
11.227492     3.06931000e-03
11.231235     2.42166000e-03
11.234978     2.18588000e-03
11.238723     2.98432000e-03
11.242470     3.20125000e-03
11.246217     3.20443000e-03
11.249966     3.26370000e-03
11.253716     2.42732000e-03
11.257467     3.11876000e-03
11.261220     1.67926000e-03
11.264973     2.75147000e-03
11.268728     1.49064000e-03
11.272484     3.04940000e-03
11.276242     3.06262000e-03
11.280001     3.28001000e-03
11.283761     3.28989000e-03
11.287522     3.39662000e-03
11.291285     3.36750000e-03
11.295048     2.76761000e-03
11.298813     2.71523000e-03
11.302580     3.27967000e-03
11.306347     3.19368000e-03
11.310116     3.09986000e-03
11.313886     2.58281000e-03
11.317657     2.42939000e-03
11.321430     2.41194000e-03
11.325204     2.50735000e-03
11.328979     2.54696000e-03
11.332755     2.61274000e-03
11.336533     2.24246000e-03
11.340311     2.75761000e-03
11.344091     3.15477000e-03
11.347873     3.46106000e-03
11.351655     3.33528000e-03
11.355439     2.62620000e-03
11.359225     2.87990000e-03
11.363011     2.27511000e-03
11.366799     3.10874000e-03
11.370588     3.26742000e-03
11.374378     3.23278000e-03
11.378169     3.30608000e-03
11.381962     2.15329000e-03
11.385756     3.21632000e-03
11.389551     2.57779000e-03
11.393348     3.30045000e-03
11.397146     3.41282000e-03
11.400944     3.41163000e-03
11.404745     3.36355000e-03
11.408546     3.00057000e-03
11.412349     3.33801000e-03
11.416153     1.86684000e-03
11.419959     3.23224000e-03
11.423765     3.45059000e-03
11.427573     3.13939000e-03
11.431382     3.22572000e-03
11.435193     3.15145000e-03
11.439005     2.69142000e-03
11.442818     2.71074000e-03
11.446632     3.39136000e-03
11.450447     2.95916000e-03
11.454264     2.50901000e-03
11.458082     2.58054000e-03
11.461902     2.31234000e-03
11.465722     3.36629000e-03
11.469544     2.82955000e-03
11.473368     2.82187000e-03
11.477192     2.95784000e-03
11.481018     2.74701000e-03
11.484845     3.35894000e-03
11.488673     3.17848000e-03
11.492503     3.24041000e-03
11.496333     2.52584000e-03
11.500165     3.52849000e-03
11.503999     3.36156000e-03
11.507834     3.53507000e-03
11.511669     3.52727000e-03
11.515507     3.52103000e-03
11.519345     3.00557000e-03
11.523185     3.04192000e-03
11.527026     3.01520000e-03
11.530868     2.93739000e-03
11.534712     3.12608000e-03
11.538557     3.37162000e-03
11.542403     3.05728000e-03
11.546251     2.90998000e-03
11.550099     2.54043000e-03
11.553949     2.49802000e-03
11.557801     3.00685000e-03
11.561653     2.59621000e-03
11.565507     2.20353000e-03
11.569362     2.73346000e-03
11.573219     2.23924000e-03
11.577077     3.29447000e-03
11.580936     3.04253000e-03
11.584796     2.98100000e-03
11.588658     3.40420000e-03
11.592520     3.21746000e-03
11.596384     3.07384000e-03
11.600250     3.16951000e-03
11.604117     3.37807000e-03
11.607985     3.35355000e-03
11.611854     3.21612000e-03
11.615725     2.54815000e-03
11.619597     2.96342000e-03
11.623470     3.14338000e-03
11.627344     2.52539000e-03
11.631220     2.62970000e-03
11.635097     2.71023000e-03
11.638976     3.02312000e-03
11.642855     3.01288000e-03
11.646736     2.13828000e-03
11.650618     2.71782000e-03
11.654502     2.45073000e-03
11.658387     3.22259000e-03
11.662273     3.07592000e-03
11.666160     2.98539000e-03
11.670049     3.27731000e-03
11.673939     2.81479000e-03
11.677830     2.98125000e-03
11.681723     3.35137000e-03
11.685617     3.33966000e-03
11.689512     3.33852000e-03
11.693409     3.16496000e-03
11.697306     3.27822000e-03
11.701206     2.24872000e-03
11.705106     3.24294000e-03
11.709008     3.38062000e-03
11.712911     3.05215000e-03
11.716815     2.50082000e-03
11.720721     2.68058000e-03
11.724627     1.33318000e-03
11.728536     2.61732000e-03
11.732445     2.66368000e-03
11.736356     2.23682000e-03
11.740268     3.03117000e-03
11.744181     2.94577000e-03
11.748096     2.57727000e-03
11.752012     2.51355000e-03
11.755930     2.85837000e-03
11.759848     2.76256000e-03
11.763768     2.83316000e-03
11.767689     2.83535000e-03
11.771612     2.91403000e-03
11.775536     3.33562000e-03
11.779461     3.02802000e-03
11.783388     3.23783000e-03
11.787315     3.24071000e-03
11.791244     3.44045000e-03
11.795175     3.03380000e-03
11.799107     3.23277000e-03
11.803040     3.08747000e-03
11.806974     3.45416000e-03
11.810910     3.51766000e-03
11.814847     1.81602000e-03
11.818785     2.93658000e-03
11.822724     2.71141000e-03
11.826665     2.69083000e-03
11.830608     3.06964000e-03
11.834551     3.17984000e-03
11.838496     2.78512000e-03
11.842442     3.54202000e-03
11.846390     3.50185000e-03
11.850338     3.21203000e-03
11.854289     2.76793000e-03
11.858240     1.89317000e-03
11.862193     3.25702000e-03
11.866147     3.13640000e-03
11.870102     3.50283000e-03
11.874059     3.19111000e-03
11.878017     3.18323000e-03
11.881976     1.88387000e-03
11.885937     3.06318000e-03
11.889899     2.65535000e-03
11.893862     3.04031000e-03
11.897827     3.06479000e-03
11.901793     2.80407000e-03
11.905760     2.67470000e-03
11.909729     2.13108000e-03
11.913699     3.05202000e-03
11.917670     3.37690000e-03
11.921642     2.73524000e-03
11.925616     3.22042000e-03
11.929591     3.37584000e-03
11.933568     2.70851000e-03
11.937546     3.50946000e-03
11.941525     2.79844000e-03
11.945505     3.49271000e-03
11.949487     3.41110000e-03
11.953470     2.99862000e-03
11.957455     2.87984000e-03
11.961441     2.66120000e-03
11.965428     2.83606000e-03
11.969416     2.12858000e-03
11.973406     2.77098000e-03
11.977397     3.13112000e-03
11.981390     3.24960000e-03
11.985384     3.05755000e-03
11.989379     3.30365000e-03
11.993375     3.12023000e-03
11.997373     3.12409000e-03
12.001372     2.16327000e-03
12.005373     2.53345000e-03
12.009374     3.06814000e-03
12.013378     3.22780000e-03
12.017382     3.00155000e-03
12.021388     3.24943000e-03
12.025395     3.15532000e-03
12.029403     3.08664000e-03
12.033413     3.39877000e-03
12.037424     2.38705000e-03
12.041437     3.40575000e-03
12.045450     3.44882000e-03
12.049466     3.48890000e-03
12.053482     2.97105000e-03
12.057500     3.51748000e-03
12.061519     2.87656000e-03
12.065540     2.82344000e-03
12.069562     3.16952000e-03
12.073585     3.27405000e-03
12.077609     2.96653000e-03
12.081635     1.80476000e-03
12.085662     2.96129000e-03
12.089691     2.46877000e-03
12.093721     3.08873000e-03
12.097752     3.41863000e-03
12.101785     3.25560000e-03
12.105818     2.98948000e-03
12.109854     3.00475000e-03
12.113890     3.17441000e-03
12.117928     3.24020000e-03
12.121968     3.11753000e-03
12.126008     2.31517000e-03
12.130050     2.71971000e-03
12.134094     2.49511000e-03
12.138138     3.45494000e-03
12.142184     2.95378000e-03
12.146232     3.09283000e-03
12.150281     3.17075000e-03
12.154331     2.97059000e-03
12.158382     3.40960000e-03
12.162435     3.02914000e-03
12.166489     3.47727000e-03
12.170545     3.68276000e-03
12.174601     3.48612000e-03
12.178660     3.69596000e-03
12.182719     3.53654000e-03
12.186780     2.48231000e-03
12.190842     3.30162000e-03
12.194906     3.30634000e-03
12.198971     3.05848000e-03
12.203037     3.25972000e-03
12.207105     3.46905000e-03
12.211174     3.52450000e-03
12.215244     3.29664000e-03
12.219316     2.91953000e-03
12.223389     3.47212000e-03
12.227464     3.61306000e-03
12.231540     3.39688000e-03
12.235617     3.31748000e-03
12.239695     2.69101000e-03
12.243775     2.93051000e-03
12.247856     2.16203000e-03
12.251939     2.91529000e-03
12.256023     3.26296000e-03
12.260108     2.92996000e-03
12.264195     2.13500000e-03
12.268283     2.62570000e-03
12.272372     3.18034000e-03
12.276463     2.48351000e-03
12.280555     2.91678000e-03
12.284649     2.82593000e-03
12.288744     1.67849000e-03
12.292840     3.36672000e-03
12.296938     3.47868000e-03
12.301037     3.33692000e-03
12.305137     2.63982000e-03
12.309239     3.22756000e-03
12.313342     2.52166000e-03
12.317446     3.04281000e-03
12.321552     2.73033000e-03
12.325659     2.98138000e-03
12.329768     3.58201000e-03
12.333878     2.65000000e-03
12.337989     2.56826000e-03
12.342102     3.09209000e-03
12.346216     3.29929000e-03
12.350331     3.06292000e-03
12.354448     3.44380000e-03
12.358566     3.23499000e-03
12.362686     3.29404000e-03
12.366806     2.79351000e-03
12.370929     2.85760000e-03
12.375052     2.17243000e-03
12.379177     2.79626000e-03
12.383304     2.91803000e-03
12.387432     3.03665000e-03
12.391561     2.98978000e-03
12.395691     2.17648000e-03
12.399823     2.86209000e-03
12.403956     2.01378000e-03
12.408091     2.49107000e-03
12.412227     3.06700000e-03
12.416365     2.83793000e-03
12.420503     3.15280000e-03
12.424643     2.96662000e-03
12.428785     1.97588000e-03
12.432928     3.12784000e-03
12.437072     3.11402000e-03
12.441218     2.74984000e-03
12.445365     1.78005000e-03
12.449514     2.90381000e-03
12.453663     1.90061000e-03
12.457814     3.01326000e-03
12.461967     3.19985000e-03
12.466121     3.36596000e-03
12.470277     3.33663000e-03
12.474433     3.31087000e-03
12.478591     2.40438000e-03
12.482751     3.25540000e-03
12.486912     3.43863000e-03
12.491074     2.93741000e-03
12.495238     2.87730000e-03
12.499403     3.13662000e-03
12.503569     3.38680000e-03
12.507737     3.14890000e-03
12.511907     2.92073000e-03
12.516077     2.60997000e-03
12.520249     2.25346000e-03
12.524423     2.84999000e-03
12.528597     3.02439000e-03
12.532774     3.22659000e-03
12.536951     2.91217000e-03
12.541130     3.22195000e-03
12.545310     2.98538000e-03
12.549492     3.34965000e-03
12.553675     2.61319000e-03
12.557860     2.96987000e-03
12.562046     3.08156000e-03
12.566233     2.96658000e-03
12.570422     2.92134000e-03
12.574612     3.53542000e-03
12.578804     2.91011000e-03
12.582997     3.16516000e-03
12.587191     3.21200000e-03
12.591387     2.69392000e-03
12.595584     2.09552000e-03
12.599782     2.58989000e-03
12.603982     2.87138000e-03
12.608184     3.37054000e-03
12.612386     3.32845000e-03
12.616590     2.28395000e-03
12.620796     2.75174000e-03
12.625003     2.92988000e-03
12.629211     2.95779000e-03
12.633421     2.64027000e-03
12.637632     3.27944000e-03
12.641845     1.95308000e-03
12.646059     3.21347000e-03
12.650274     2.77143000e-03
12.654491     2.95922000e-03
12.658709     2.62032000e-03
12.662928     2.88717000e-03
12.667150     3.21048000e-03
12.671372     3.01493000e-03
12.675596     2.88477000e-03
12.679821     3.05419000e-03
12.684048     1.55242000e-03
12.688275     3.27014000e-03
12.692505     3.33888000e-03
12.696736     3.31711000e-03
12.700968     2.98601000e-03
12.705202     3.46469000e-03
12.709437     3.55461000e-03
12.713673     3.34217000e-03
12.717911     1.76861000e-03
12.722150     3.13771000e-03
12.726391     3.08291000e-03
12.730633     2.24643000e-03
12.734877     3.26012000e-03
12.739122     2.10072000e-03
12.743368     3.34462000e-03
12.747616     1.56788000e-03
12.751865     2.64805000e-03
12.756116     2.87752000e-03
12.760368     2.69593000e-03
12.764621     3.13868000e-03
12.768876     3.10069000e-03
12.773132     2.76535000e-03
12.777390     3.00732000e-03
12.781649     3.10863000e-03
12.785910     2.45831000e-03
12.790172     2.67512000e-03
12.794435     2.84090000e-03
12.798700     3.31283000e-03
12.802966     3.48775000e-03
12.807234     2.53742000e-03
12.811503     2.78371000e-03
12.815773     2.93451000e-03
12.820045     3.29763000e-03
12.824319     2.85451000e-03
12.828594     2.73766000e-03
12.832870     2.73089000e-03
12.837147     3.22204000e-03
12.841426     2.71139000e-03
12.845707     3.32957000e-03
12.849989     2.87273000e-03
12.854272     2.83004000e-03
12.858557     3.39360000e-03
12.862843     3.25265000e-03
12.867131     3.21510000e-03
12.871420     2.72747000e-03
12.875710     3.34175000e-03
12.880002     3.54294000e-03
12.884295     3.38598000e-03
12.888590     3.24553000e-03
12.892886     2.89349000e-03
12.897184     3.02783000e-03
12.901483     2.27802000e-03
12.905784     2.95074000e-03
12.910085     3.03255000e-03
12.914389     2.93351000e-03
12.918694     2.94728000e-03
12.923000     2.95419000e-03
12.927307     2.02210000e-03
12.931617     2.98380000e-03
12.935927     3.28356000e-03
12.940239     3.23711000e-03
12.944553     2.85484000e-03
12.948867     3.01220000e-03
12.953184     3.11042000e-03
12.957501     2.40858000e-03
12.961820     2.98032000e-03
12.966141     3.20791000e-03
12.970463     3.30420000e-03
12.974787     3.30666000e-03
12.979112     3.11478000e-03
12.983438     2.68279000e-03
12.987766     2.90954000e-03
12.992095     2.74525000e-03
12.996426     3.51793000e-03
13.000758     3.54793000e-03
13.005092     3.05102000e-03
13.009427     3.33804000e-03
13.013763     3.08102000e-03
13.018101     3.05588000e-03
13.022440     2.99526000e-03
13.026781     2.60973000e-03
13.031123     2.56499000e-03
13.035467     2.32639000e-03
13.039812     2.78536000e-03
13.044159     2.73471000e-03
13.048507     3.20388000e-03
13.052856     3.15750000e-03
13.057207     3.42024000e-03
13.061560     3.51215000e-03
13.065914     2.92597000e-03
13.070269     3.37784000e-03
13.074626     3.14673000e-03
13.078984     2.88191000e-03
13.083343     3.55844000e-03
13.087705     2.40572000e-03
13.092067     2.93323000e-03
13.096431     3.07088000e-03
13.100797     2.99612000e-03
13.105164     2.88430000e-03
13.109532     3.58925000e-03
13.113902     3.36056000e-03
13.118273     2.53714000e-03
13.122646     3.02065000e-03
13.127020     3.00039000e-03
13.131396     2.45198000e-03
13.135773     2.90503000e-03
13.140151     2.86847000e-03
13.144532     3.31546000e-03
13.148913     2.11811000e-03
13.153296     2.46398000e-03
13.157680     2.27076000e-03
13.162066     3.35245000e-03
13.166454     3.20208000e-03
13.170842     3.13245000e-03
13.175233     3.15924000e-03
13.179625     2.40714000e-03
13.184018     2.89521000e-03
13.188413     2.74131000e-03
13.192809     3.57274000e-03
13.197206     3.25206000e-03
13.201605     3.12610000e-03
13.206006     2.33409000e-03
13.210408     2.29998000e-03
13.214811     3.01296000e-03
13.219216     1.99165000e-03
13.223623     2.99280000e-03
13.228030     1.97871000e-03
13.232440     2.49761000e-03
13.236851     2.04619000e-03
13.241263     2.87423000e-03
13.245677     2.70725000e-03
13.250092     2.87205000e-03
13.254509     3.02436000e-03
13.258927     2.33931000e-03
13.263346     2.64835000e-03
13.267767     2.58614000e-03
13.272190     2.31375000e-03
13.276614     2.69749000e-03
13.281040     2.96636000e-03
13.285467     2.46798000e-03
13.289895     2.73475000e-03
13.294325     2.34765000e-03
13.298757     2.65275000e-03
13.303190     3.03320000e-03
13.307624     2.91967000e-03
13.312060     2.13163000e-03
13.316497     2.58887000e-03
13.320936     2.28200000e-03
13.325376     2.95733000e-03
13.329818     2.59032000e-03
13.334261     2.89390000e-03
13.338706     2.71008000e-03
13.343152     3.21107000e-03
13.347600     3.41340000e-03
13.352049     3.51030000e-03
13.356500     3.21457000e-03
13.360952     3.24736000e-03
13.365406     3.19357000e-03
13.369861     2.73146000e-03
13.374318     3.46414000e-03
13.378776     3.36453000e-03
13.383235     3.11192000e-03
13.387696     3.43646000e-03
13.392159     2.89765000e-03
13.396623     3.32793000e-03
13.401089     3.13822000e-03
13.405556     2.72299000e-03
13.410024     2.91930000e-03
13.414494     3.01023000e-03
13.418966     2.34356000e-03
13.423438     2.66359000e-03
13.427913     2.50934000e-03
13.432389     2.93503000e-03
13.436866     1.98897000e-03
13.441345     2.79585000e-03
13.445826     1.89668000e-03
13.450308     2.84617000e-03
13.454791     2.82804000e-03
13.459276     2.84514000e-03
13.463763     3.19560000e-03
13.468250     2.63790000e-03
13.472740     2.71082000e-03
13.477231     2.18203000e-03
13.481723     2.98661000e-03
13.486217     2.11970000e-03
13.490713     2.32098000e-03
13.495209     3.17492000e-03
13.499708     2.97761000e-03
13.504208     2.43835000e-03
13.508709     3.13134000e-03
13.513212     3.25339000e-03
13.517717     3.14824000e-03
13.522222     3.25628000e-03
13.526730     2.99514000e-03
13.531239     3.20870000e-03
13.535749     3.07258000e-03
13.540261     2.96538000e-03
13.544774     3.13823000e-03
13.549289     1.85442000e-03
13.553806     2.16781000e-03
13.558324     3.10817000e-03
13.562843     3.28397000e-03
13.567364     3.23509000e-03
13.571887     2.96576000e-03
13.576410     3.03337000e-03
13.580936     3.17986000e-03
13.585463     3.35440000e-03
13.589992     3.35902000e-03
13.594522     3.36224000e-03
13.599053     2.10753000e-03
13.603586     2.58924000e-03
13.608121     2.73404000e-03
13.612657     2.97855000e-03
13.617194     3.19045000e-03
13.621733     3.15744000e-03
13.626274     3.06293000e-03
13.630816     2.56755000e-03
13.635359     2.58699000e-03
13.639905     3.10057000e-03
13.644451     3.44636000e-03
13.648999     3.05320000e-03
13.653549     2.85641000e-03
13.658100     3.23259000e-03
13.662653     3.46935000e-03
13.667207     3.43413000e-03
13.671763     3.46164000e-03
13.676320     2.72581000e-03
13.680879     2.78810000e-03
13.685439     2.83217000e-03
13.690001     2.60511000e-03
13.694564     1.88673000e-03
13.699129     2.57140000e-03
13.703696     3.15128000e-03
13.708263     2.83640000e-03
13.712833     2.56445000e-03
13.717404     2.55993000e-03
13.721976     3.09144000e-03
13.726550     2.65142000e-03
13.731126     2.26940000e-03
13.735703     3.05475000e-03
13.740281     3.34952000e-03
13.744862     3.04888000e-03
13.749443     2.62265000e-03
13.754026     3.36567000e-03
13.758611     3.07909000e-03
13.763197     2.43089000e-03
13.767785     2.84260000e-03
13.772374     2.96959000e-03
13.776965     3.06297000e-03
13.781557     3.20208000e-03
13.786151     3.09528000e-03
13.790746     3.55298000e-03
13.795343     3.39348000e-03
13.799942     3.27912000e-03
13.804542     3.17235000e-03
13.809143     2.57980000e-03
13.813746     2.03419000e-03
13.818351     3.36701000e-03
13.822957     2.76432000e-03
13.827565     2.79822000e-03
13.832174     2.83690000e-03
13.836785     2.74981000e-03
13.841397     2.50969000e-03
13.846011     3.02418000e-03
13.850626     2.96111000e-03
13.855243     1.65862000e-03
13.859861     2.82870000e-03
13.864481     2.57794000e-03
13.869103     3.14955000e-03
13.873726     2.99320000e-03
13.878350     3.17013000e-03
13.882976     3.32508000e-03
13.887604     2.52171000e-03
13.892233     1.92764000e-03
13.896864     3.16749000e-03
13.901496     2.80075000e-03
13.906130     2.76297000e-03
13.910766     2.98834000e-03
13.915403     2.25892000e-03
13.920041     2.98335000e-03
13.924681     3.36884000e-03
13.929323     3.31082000e-03
13.933966     3.40550000e-03
13.938610     3.04517000e-03
13.943257     2.61472000e-03
13.947904     2.61794000e-03
13.952554     2.73510000e-03
13.957204     2.74673000e-03
13.961857     2.55523000e-03
13.966511     2.38445000e-03
13.971166     3.13267000e-03
13.975823     2.42737000e-03
13.980482     3.35793000e-03
13.985142     3.03227000e-03
13.989804     2.03998000e-03
13.994467     3.10017000e-03
13.999132     2.96258000e-03
14.003798     2.73498000e-03
14.008466     2.50850000e-03
14.013136     2.89077000e-03
14.017807     2.91351000e-03
14.022479     1.87695000e-03
14.027154     2.92359000e-03
14.031829     3.26481000e-03
14.036506     3.24683000e-03
14.041185     2.52156000e-03
14.045866     1.87814000e-03
14.050548     3.31466000e-03
14.055231     2.91054000e-03
14.059916     3.24148000e-03
14.064603     3.15698000e-03
14.069291     3.27025000e-03
14.073981     3.11008000e-03
14.078672     3.22121000e-03
14.083365     3.34508000e-03
14.088060     2.83880000e-03
14.092756     3.17143000e-03
14.097453     1.97787000e-03
14.102152     2.58977000e-03
14.106853     2.84613000e-03
14.111555     2.92053000e-03
14.116259     2.57767000e-03
14.120965     2.83993000e-03
14.125672     2.96607000e-03
14.130380     2.93236000e-03
14.135090     2.25173000e-03
14.139802     2.94501000e-03
14.144515     3.09281000e-03
14.149230     3.01601000e-03
14.153946     3.15853000e-03
14.158665     2.68405000e-03
14.163384     2.89709000e-03
14.168105     2.26933000e-03
14.172828     2.84474000e-03
14.177552     2.16600000e-03
14.182278     2.94589000e-03
14.187005     3.22885000e-03
14.191734     2.96973000e-03
14.196465     2.91770000e-03
14.201197     2.88851000e-03
14.205931     2.65817000e-03
14.210666     1.91396000e-03
14.215403     2.81887000e-03
14.220142     3.03068000e-03
14.224882     3.21471000e-03
14.229623     3.19910000e-03
14.234367     2.91847000e-03
14.239111     2.46608000e-03
14.243858     3.00515000e-03
14.248606     2.62411000e-03
14.253355     2.77520000e-03
14.258106     2.86180000e-03
14.262859     3.44513000e-03
14.267613     3.01426000e-03
14.272369     2.73144000e-03
14.277126     3.30103000e-03
14.281886     3.23097000e-03
14.286646     3.41281000e-03
14.291408     3.05303000e-03
14.296172     2.71768000e-03
14.300938     3.50585000e-03
14.305705     3.39259000e-03
14.310473     2.91455000e-03
14.315243     3.27351000e-03
14.320015     2.22933000e-03
14.324788     2.86351000e-03
14.329563     2.42921000e-03
14.334340     2.61467000e-03
14.339118     2.77596000e-03
14.343898     2.67814000e-03
14.348679     2.81723000e-03
14.353462     3.06570000e-03
14.358246     3.01623000e-03
14.363032     2.44101000e-03
14.367820     3.43712000e-03
14.372609     3.03065000e-03
14.377400     2.52469000e-03
14.382193     2.66319000e-03
14.386987     3.01782000e-03
14.391782     3.16004000e-03
14.396580     2.72995000e-03
14.401379     2.84196000e-03
14.406179     2.46824000e-03
14.410981     2.90434000e-03
14.415785     3.14022000e-03
14.420590     2.96914000e-03
14.425397     2.58866000e-03
14.430205     2.67009000e-03
14.435015     3.05213000e-03
14.439827     3.15147000e-03
14.444640     2.89395000e-03
14.449455     3.25142000e-03
14.454272     2.94307000e-03
14.459090     3.22247000e-03
14.463909     2.21812000e-03
14.468731     2.53291000e-03
14.473554     2.32363000e-03
14.478378     3.08149000e-03
14.483204     1.97116000e-03
14.488032     1.53556000e-03
14.492861     2.69444000e-03
14.497692     2.54148000e-03
14.502525     3.15013000e-03
14.507359     2.63498000e-03
14.512195     2.30056000e-03
14.517032     1.91506000e-03
14.521871     3.02763000e-03
14.526712     2.62777000e-03
14.531554     2.55507000e-03
14.536398     2.61730000e-03
14.541244     3.01108000e-03
14.546091     2.20684000e-03
14.550939     2.96322000e-03
14.555790     2.60231000e-03
14.560641     3.24083000e-03
14.565495     2.85417000e-03
14.570350     3.52199000e-03
14.575207     3.38140000e-03
14.580065     3.23227000e-03
14.584926     2.24956000e-03
14.589787     2.47190000e-03
14.594650     3.04191000e-03
14.599515     3.20325000e-03
14.604382     2.52275000e-03
14.609250     2.87119000e-03
14.614120     2.14488000e-03
14.618991     3.28074000e-03
14.623864     2.96693000e-03
14.628739     3.32876000e-03
14.633615     2.42568000e-03
14.638493     3.13973000e-03
14.643372     2.22571000e-03
14.648253     2.38495000e-03
14.653136     2.68361000e-03
14.658020     2.60104000e-03
14.662907     2.25557000e-03
14.667794     2.89630000e-03
14.672683     2.76201000e-03
14.677574     3.31491000e-03
14.682467     2.92929000e-03
14.687361     2.38448000e-03
14.692257     2.99233000e-03
14.697154     2.64159000e-03
14.702053     2.39676000e-03
14.706954     3.22279000e-03
14.711856     3.05583000e-03
14.716760     3.13178000e-03
14.721666     2.69308000e-03
14.726573     3.29496000e-03
14.731482     2.35215000e-03
14.736392     2.74885000e-03
14.741305     2.47395000e-03
14.746218     2.83540000e-03
14.751134     1.97178000e-03
14.756051     3.48493000e-03
14.760969     3.16843000e-03
14.765890     3.25636000e-03
14.770812     3.47922000e-03
14.775735     2.57156000e-03
14.780660     2.26482000e-03
14.785587     2.73633000e-03
14.790516     2.27449000e-03
14.795446     2.95496000e-03
14.800378     2.61627000e-03
14.805311     3.18448000e-03
14.810246     3.33699000e-03
14.815183     2.51153000e-03
14.820122     2.87733000e-03
14.825062     1.64920000e-03
14.830003     2.91836000e-03
14.834947     2.82737000e-03
14.839892     3.01476000e-03
14.844838     2.79214000e-03
14.849787     3.25372000e-03
14.854736     3.17162000e-03
14.859688     2.74458000e-03
14.864641     2.65190000e-03
14.869596     1.87082000e-03
14.874553     2.84117000e-03
14.879511     2.89820000e-03
14.884471     2.34023000e-03
14.889432     2.28234000e-03
14.894395     2.16398000e-03
14.899360     2.51773000e-03
14.904327     2.98558000e-03
14.909295     2.96558000e-03
14.914264     2.54180000e-03
14.919236     2.37119000e-03
14.924209     2.39927000e-03
14.929184     2.57742000e-03
14.934160     1.91141000e-03
14.939138     2.98476000e-03
14.944118     2.75380000e-03
14.949099     2.20339000e-03
14.954082     1.99579000e-03
14.959067     1.89773000e-03
14.964053     2.94657000e-03
14.969041     2.91845000e-03
14.974031     2.45725000e-03
14.979022     2.17485000e-03
14.984015     2.75456000e-03
14.989010     3.02514000e-03
14.994006     2.07459000e-03
14.999004     2.99551000e-03
15.004004     2.66975000e-03
15.009005     3.07806000e-03
15.014008     3.37589000e-03
15.019013     2.02771000e-03
15.024019     2.70798000e-03
15.029027     2.15374000e-03
15.034037     2.91374000e-03
15.039048     2.98274000e-03
15.044061     2.93214000e-03
15.049076     2.57746000e-03
15.054092     2.70417000e-03
15.059110     2.85792000e-03
15.064130     3.25547000e-03
15.069152     3.36354000e-03
15.074175     3.50543000e-03
15.079199     3.30352000e-03
15.084226     2.26943000e-03
15.089254     2.51300000e-03
15.094284     2.43147000e-03
15.099315     3.17421000e-03
15.104348     3.43037000e-03
15.109383     3.11238000e-03
15.114419     3.34494000e-03
15.119457     3.19944000e-03
15.124497     2.41043000e-03
15.129539     3.24657000e-03
15.134582     3.26582000e-03
15.139627     3.10632000e-03
15.144673     2.86255000e-03
15.149722     2.90766000e-03
15.154772     2.97201000e-03
15.159823     3.11905000e-03
15.164876     2.63398000e-03
15.169931     2.50636000e-03
15.174988     2.45132000e-03
15.180046     2.52936000e-03
15.185106     2.80745000e-03
15.190168     3.06133000e-03
15.195232     2.56741000e-03
15.200297     3.03913000e-03
15.205363     3.20841000e-03
15.210432     3.35898000e-03
15.215502     2.49371000e-03
15.220574     3.34210000e-03
15.225647     2.88523000e-03
15.230723     2.33235000e-03
15.235799     3.26472000e-03
15.240878     3.30138000e-03
15.245958     2.93625000e-03
15.251040     2.84009000e-03
15.256124     2.20303000e-03
15.261209     3.37062000e-03
15.266296     3.19464000e-03
15.271385     3.33228000e-03
15.276476     3.23530000e-03
15.281568     3.48812000e-03
15.286662     2.73071000e-03
15.291757     3.03621000e-03
15.296855     3.27505000e-03
15.301953     3.31687000e-03
15.307054     2.24561000e-03
15.312156     3.21944000e-03
15.317260     3.14122000e-03
15.322366     2.11112000e-03
15.327474     2.52662000e-03
15.332583     2.90166000e-03
15.337694     3.12361000e-03
15.342806     2.50427000e-03
15.347921     2.34458000e-03
15.353036     3.08904000e-03
15.358154     3.24280000e-03
15.363274     2.98283000e-03
15.368395     2.89650000e-03
15.373518     3.16851000e-03
15.378642     2.45741000e-03
15.383768     2.95087000e-03
15.388896     2.92796000e-03
15.394026     3.01725000e-03
15.399157     3.16094000e-03
15.404290     3.18390000e-03
15.409425     3.06154000e-03
15.414561     2.72040000e-03
15.419700     2.71250000e-03
15.424839     3.00430000e-03
15.429981     2.83579000e-03
15.435124     3.13204000e-03
15.440269     3.13131000e-03
15.445416     2.70359000e-03
15.450565     2.70334000e-03
15.455715     2.45173000e-03
15.460867     2.75651000e-03
15.466020     3.21160000e-03
15.471176     3.17339000e-03
15.476333     2.79840000e-03
15.481492     2.94146000e-03
15.486652     3.12931000e-03
15.491814     2.45330000e-03
15.496978     2.92364000e-03
15.502144     2.99510000e-03
15.507311     2.53631000e-03
15.512480     3.21660000e-03
15.517651     2.89823000e-03
15.522824     2.55003000e-03
15.527998     2.91843000e-03
15.533174     3.06367000e-03
15.538352     3.32149000e-03
15.543531     2.97482000e-03
15.548712     2.83045000e-03
15.553895     2.30058000e-03
15.559080     2.57891000e-03
15.564266     2.85017000e-03
15.569454     2.55096000e-03
15.574644     2.53554000e-03
15.579836     2.21676000e-03
15.585029     2.95558000e-03
15.590224     3.12101000e-03
15.595421     3.30390000e-03
15.600619     2.61732000e-03
15.605819     2.70641000e-03
15.611021     3.08621000e-03
15.616225     2.27672000e-03
15.621430     2.71951000e-03
15.626638     2.31195000e-03
15.631846     2.78180000e-03
15.637057     3.12103000e-03
15.642269     2.71179000e-03
15.647483     2.50846000e-03
15.652699     3.24742000e-03
15.657917     2.97368000e-03
15.663136     3.32604000e-03
15.668357     2.77707000e-03
15.673580     2.91390000e-03
15.678805     3.42612000e-03
15.684031     3.29182000e-03
15.689259     2.76681000e-03
15.694489     3.40621000e-03
15.699720     3.30087000e-03
15.704953     3.15810000e-03
15.710188     3.18595000e-03
15.715425     3.10707000e-03
15.720664     2.63063000e-03
15.725904     2.48377000e-03
15.731146     2.88405000e-03
15.736389     2.52135000e-03
15.741635     2.72867000e-03
15.746882     2.78521000e-03
15.752131     2.83236000e-03
15.757382     2.30324000e-03
15.762634     2.79546000e-03
15.767888     2.72634000e-03
15.773144     2.54616000e-03
15.778402     2.66790000e-03
15.783662     3.05467000e-03
15.788923     2.74742000e-03
15.794186     2.57453000e-03
15.799451     2.16824000e-03
15.804717     2.51511000e-03
15.809985     2.65925000e-03
15.815255     3.07683000e-03
15.820527     2.09953000e-03
15.825800     3.12661000e-03
15.831076     2.24167000e-03
15.836353     2.77535000e-03
15.841632     2.62201000e-03
15.846912     3.34619000e-03
15.852194     3.13449000e-03
15.857478     2.37344000e-03
15.862764     2.77282000e-03
15.868052     2.56931000e-03
15.873341     2.89143000e-03
15.878632     3.48319000e-03
15.883925     2.94447000e-03
15.889220     3.44366000e-03
15.894516     3.58789000e-03
15.899814     3.25124000e-03
15.905114     3.42285000e-03
15.910416     3.60132000e-03
15.915720     2.50293000e-03
15.921025     3.61627000e-03
15.926332     3.05737000e-03
15.931641     3.38102000e-03
15.936951     2.54200000e-03
15.942263     3.51143000e-03
15.947577     3.03462000e-03
15.952893     3.29390000e-03
15.958211     2.81652000e-03
15.963530     2.77747000e-03
15.968852     2.77795000e-03
15.974175     3.09433000e-03
15.979499     1.82574000e-03
15.984826     2.85714000e-03
15.990154     2.84217000e-03
15.995484     2.29221000e-03
16.000816     2.75483000e-03
16.006150     2.47719000e-03
16.011485     2.22880000e-03
16.016822     2.94926000e-03
16.022161     2.56093000e-03
16.027502     2.24773000e-03
16.032844     2.92736000e-03
16.038189     2.15652000e-03
16.043535     3.09042000e-03
16.048883     2.71570000e-03
16.054232     2.36120000e-03
16.059583     2.83425000e-03
16.064937     3.34739000e-03
16.070292     3.30933000e-03
16.075648     2.36317000e-03
16.081007     3.32017000e-03
16.086367     3.06788000e-03
16.091729     3.29333000e-03
16.097093     2.85113000e-03
16.102459     2.78912000e-03
16.107827     2.75529000e-03
16.113196     2.29784000e-03
16.118567     2.77199000e-03
16.123940     2.97232000e-03
16.129314     3.07242000e-03
16.134691     3.01117000e-03
16.140069     2.98144000e-03
16.145449     3.32835000e-03
16.150831     3.21705000e-03
16.156215     2.77794000e-03
16.161600     3.26465000e-03
16.166987     2.97224000e-03
16.172376     3.36157000e-03
16.177767     2.99117000e-03
16.183159     3.38394000e-03
16.188554     3.45547000e-03
16.193950     3.36679000e-03
16.199348     3.36296000e-03
16.204748     3.23379000e-03
16.210149     2.98373000e-03
16.215553     2.93579000e-03
16.220958     2.39734000e-03
16.226365     2.83816000e-03
16.231774     2.23631000e-03
16.237184     2.30096000e-03
16.242597     3.05041000e-03
16.248011     2.99532000e-03
16.253427     3.01165000e-03
16.258845     2.90984000e-03
16.264264     2.95154000e-03
16.269686     2.54209000e-03
16.275109     2.66341000e-03
16.280534     3.05693000e-03
16.285961     3.22181000e-03
16.291390     3.21554000e-03
16.296820     3.24256000e-03
16.302252     3.17663000e-03
16.307686     2.61810000e-03
16.313122     3.02137000e-03
16.318560     2.80480000e-03
16.323999     2.38616000e-03
16.329441     2.83498000e-03
16.334884     3.10939000e-03
16.340329     3.26607000e-03
16.345776     3.27864000e-03
16.351224     3.38859000e-03
16.356675     2.16501000e-03
16.362127     3.41439000e-03
16.367581     3.31668000e-03
16.373037     3.25402000e-03
16.378494     3.25988000e-03
16.383954     2.88550000e-03
16.389415     3.06828000e-03
16.394879     2.94700000e-03
16.400343     2.43492000e-03
16.405810     2.72936000e-03
16.411279     2.30727000e-03
16.416749     3.21888000e-03
16.422221     3.15316000e-03
16.427695     3.03838000e-03
16.433171     2.12189000e-03
16.438649     3.04938000e-03
16.444129     2.45412000e-03
16.449610     3.14847000e-03
16.455093     3.29115000e-03
16.460578     2.84098000e-03
16.466065     3.16770000e-03
16.471554     2.19160000e-03
16.477044     2.69495000e-03
16.482537     2.32398000e-03
16.488031     3.04239000e-03
16.493527     3.16596000e-03
16.499025     3.01970000e-03
16.504524     2.35299000e-03
16.510026     2.88711000e-03
16.515529     3.26457000e-03
16.521034     3.24637000e-03
16.526542     3.27603000e-03
16.532050     2.23568000e-03
16.537561     3.21389000e-03
16.543073     2.52814000e-03
16.548588     3.12320000e-03
16.554104     3.07603000e-03
16.559622     2.82312000e-03
16.565142     3.37591000e-03
16.570664     3.03279000e-03
16.576187     3.19755000e-03
16.581713     3.03046000e-03
16.587240     2.99092000e-03
16.592769     2.72018000e-03
16.598300     2.74826000e-03
16.603833     2.22734000e-03
16.609367     2.51772000e-03
16.614904     2.93325000e-03
16.620442     2.78197000e-03
16.625982     3.09788000e-03
16.631524     3.16899000e-03
16.637068     2.98081000e-03
16.642614     2.79106000e-03
16.648161     2.27265000e-03
16.653711     2.20133000e-03
16.659262     2.67616000e-03
16.664815     2.30389000e-03
16.670370     2.88526000e-03
16.675927     2.22047000e-03
16.681485     3.09277000e-03
16.687046     2.59327000e-03
16.692608     3.32648000e-03
16.698172     2.73570000e-03
16.703738     3.12002000e-03
16.709306     3.21101000e-03
16.714876     3.05287000e-03
16.720448     2.79847000e-03
16.726021     2.16380000e-03
16.731597     2.86524000e-03
16.737174     3.12093000e-03
16.742753     2.46535000e-03
16.748334     2.53575000e-03
16.753916     3.15628000e-03
16.759501     3.07879000e-03
16.765088     2.88184000e-03
16.770676     2.12656000e-03
16.776266     3.57726000e-03
16.781858     3.01789000e-03
16.787452     3.54912000e-03
16.793048     3.62574000e-03
16.798646     3.52296000e-03
16.804245     3.32931000e-03
16.809847     2.89145000e-03
16.815450     3.53869000e-03
16.821055     3.37914000e-03
16.826662     3.25458000e-03
16.832271     2.74740000e-03
16.837882     2.37521000e-03
16.843494     3.20656000e-03
16.849109     3.33397000e-03
16.854725     3.47468000e-03
16.860344     3.50897000e-03
16.865964     2.90101000e-03
16.871586     2.15931000e-03
16.877209     3.28203000e-03
16.882835     3.11211000e-03
16.888463     2.43909000e-03
16.894092     2.87391000e-03
16.899724     2.46303000e-03
16.905357     3.07481000e-03
16.910992     3.13674000e-03
16.916629     3.38626000e-03
16.922268     3.28200000e-03
16.927909     2.98084000e-03
16.933551     2.90281000e-03
16.939196     2.75834000e-03
16.944842     3.18759000e-03
16.950491     3.24833000e-03
16.956141     3.35280000e-03
16.961793     3.28567000e-03
16.967447     3.14382000e-03
16.973102     3.04220000e-03
16.978760     2.80707000e-03
16.984420     2.21085000e-03
16.990081     2.82295000e-03
16.995745     3.03587000e-03
17.001410     2.90167000e-03
17.007077     3.03590000e-03
17.012746     3.32933000e-03
17.018417     3.41472000e-03
17.024090     3.42928000e-03
17.029764     3.35884000e-03
17.035441     2.67716000e-03
17.041120     3.44363000e-03
17.046800     1.97827000e-03
17.052482     3.33359000e-03
17.058166     3.42963000e-03
17.063852     3.43295000e-03
17.069540     3.36631000e-03
17.075230     3.18805000e-03
17.080922     3.10842000e-03
17.086616     2.37167000e-03
17.092311     3.00816000e-03
17.098009     2.01582000e-03
17.103708     2.36082000e-03
17.109409     2.79584000e-03
17.115112     2.49816000e-03
17.120817     2.68675000e-03
17.126524     2.93275000e-03
17.132233     3.00692000e-03
17.137944     2.82072000e-03
17.143656     2.80645000e-03
17.149371     3.20973000e-03
17.155088     3.29699000e-03
17.160806     3.27917000e-03
17.166526     3.03208000e-03
17.172248     3.44724000e-03
17.177972     3.33728000e-03
17.183698     2.99820000e-03
17.189426     3.08293000e-03
17.195156     2.86866000e-03
17.200888     2.82560000e-03
17.206621     2.94563000e-03
17.212357     2.85146000e-03
17.218094     2.56737000e-03
17.223834     2.58956000e-03
17.229575     2.38682000e-03
17.235318     2.34334000e-03
17.241063     2.91598000e-03
17.246810     3.14850000e-03
17.252559     3.17237000e-03
17.258310     3.07675000e-03
17.264063     3.35778000e-03
17.269818     3.16695000e-03
17.275574     3.36951000e-03
17.281333     3.41363000e-03
17.287093     3.37277000e-03
17.292856     3.32363000e-03
17.298620     3.29241000e-03
17.304386     3.09773000e-03
17.310154     2.62011000e-03
17.315924     3.00455000e-03
17.321696     2.65898000e-03
17.327470     2.70471000e-03
17.333246     3.08310000e-03
17.339024     2.94962000e-03
17.344803     3.11007000e-03
17.350585     2.98266000e-03
17.356368     2.45722000e-03
17.362154     2.79575000e-03
17.367941     2.78164000e-03
17.373731     2.20968000e-03
17.379522     2.76719000e-03
17.385315     2.60556000e-03
17.391110     2.94619000e-03
17.396907     2.88424000e-03
17.402706     2.49818000e-03
17.408507     2.63917000e-03
17.414310     2.96123000e-03
17.420115     3.07700000e-03
17.425921     3.20452000e-03
17.431730     3.06047000e-03
17.437541     3.31216000e-03
17.443353     3.25745000e-03
17.449168     3.02673000e-03
17.454984     2.67154000e-03
17.460802     3.21896000e-03
17.466622     2.88489000e-03
17.472445     2.47111000e-03
17.478269     3.05027000e-03
17.484095     3.25646000e-03
17.489923     3.26251000e-03
17.495753     3.05281000e-03
17.501585     2.64196000e-03
17.507419     2.65391000e-03
17.513255     2.84811000e-03
17.519092     3.25998000e-03
17.524932     2.80218000e-03
17.530774     2.82930000e-03
17.536617     3.15937000e-03
17.542463     3.12738000e-03
17.548310     3.51940000e-03
17.554160     3.39169000e-03
17.560011     3.35124000e-03
17.565864     2.63420000e-03
17.571720     3.08542000e-03
17.577577     3.32556000e-03
17.583436     3.42925000e-03
17.589297     3.03943000e-03
17.595160     2.81600000e-03
17.601025     3.19966000e-03
17.606893     3.27051000e-03
17.612761     2.63478000e-03
17.618632     2.81203000e-03
17.624505     3.24062000e-03
17.630380     2.49717000e-03
17.636257     3.23311000e-03
17.642136     3.04423000e-03
17.648016     3.41071000e-03
17.653899     2.23084000e-03
17.659784     2.71746000e-03
17.665670     3.25488000e-03
17.671559     3.00385000e-03
17.677449     2.81235000e-03
17.683342     3.00237000e-03
17.689236     3.17046000e-03
17.695133     3.01482000e-03
17.701031     2.87249000e-03
17.706931     2.92165000e-03
17.712834     2.68531000e-03
17.718738     2.38319000e-03
17.724644     2.82413000e-03
17.730552     2.61951000e-03
17.736463     3.18363000e-03
17.742375     3.28514000e-03
17.748289     3.35103000e-03
17.754205     1.99097000e-03
17.760123     3.37729000e-03
17.766043     2.71746000e-03
17.771965     3.35698000e-03
17.777889     3.18556000e-03
17.783815     3.33442000e-03
17.789743     3.28430000e-03
17.795673     2.97402000e-03
17.801605     2.88686000e-03
17.807539     2.75798000e-03
17.813475     3.26832000e-03
17.819412     3.06430000e-03
17.825352     2.87397000e-03
17.831294     2.83100000e-03
17.837238     2.45138000e-03
17.843183     2.18309000e-03
17.849131     3.15683000e-03
17.855081     3.30909000e-03
17.861033     3.33387000e-03
17.866986     3.40671000e-03
17.872942     3.01671000e-03
17.878900     3.33674000e-03
17.884859     3.44104000e-03
17.890821     2.91106000e-03
17.896784     3.39880000e-03
17.902750     3.08000000e-03
17.908718     3.19116000e-03
17.914687     3.06231000e-03
17.920659     2.52822000e-03
17.926632     2.84186000e-03
17.932608     2.40210000e-03
17.938585     2.57793000e-03
17.944565     2.72769000e-03
17.950546     2.87775000e-03
17.956530     3.13099000e-03
17.962515     3.17004000e-03
17.968503     3.25119000e-03
17.974492     3.37204000e-03
17.980484     3.44300000e-03
17.986477     3.24432000e-03
17.992473     3.49914000e-03
17.998470     3.48285000e-03
18.004470     3.44104000e-03
18.010471     3.24545000e-03
18.016475     3.22375000e-03
18.022480     3.02495000e-03
18.028488     2.50152000e-03
18.034497     2.05126000e-03
18.040509     3.01998000e-03
18.046522     3.11924000e-03
18.052538     3.14986000e-03
18.058555     3.23241000e-03
18.064575     3.19872000e-03
18.070596     3.09210000e-03
18.076620     2.67265000e-03
18.082646     3.19925000e-03
18.088673     3.34857000e-03
18.094703     2.27203000e-03
18.100734     3.42599000e-03
18.106768     3.11830000e-03
18.112803     3.08836000e-03
18.118841     3.23435000e-03
18.124881     3.32509000e-03
18.130922     3.15498000e-03
18.136966     3.12949000e-03
18.143012     2.84865000e-03
18.149059     2.90736000e-03
18.155109     2.63594000e-03
18.161161     2.39862000e-03
18.167214     2.73247000e-03
18.173270     2.49573000e-03
18.179328     2.43187000e-03
18.185388     2.78833000e-03
18.191449     2.84585000e-03
18.197513     2.99272000e-03
18.203579     3.20597000e-03
18.209647     2.44552000e-03
18.215717     3.03428000e-03
18.221789     2.82273000e-03
18.227863     3.28282000e-03
18.233939     3.31472000e-03
18.240016     3.34549000e-03
18.246097     3.15205000e-03
18.252178     2.70512000e-03
18.258263     2.92829000e-03
18.264349     3.26960000e-03
18.270437     2.96041000e-03
18.276527     2.75560000e-03
18.282619     3.40924000e-03
18.288713     3.24279000e-03
18.294810     3.21449000e-03
18.300908     2.95173000e-03
18.307008     2.92330000e-03
18.313111     3.01935000e-03
18.319215     3.38615000e-03
18.325321     3.51908000e-03
18.331430     3.41572000e-03
18.337540     2.90977000e-03
18.343653     3.29133000e-03
18.349767     3.42110000e-03
18.355884     3.30966000e-03
18.362002     2.95243000e-03
18.368123     2.89054000e-03
18.374246     2.37172000e-03
18.380371     2.54837000e-03
18.386497     3.15161000e-03
18.392626     3.02908000e-03
18.398757     3.28292000e-03
18.404890     2.91115000e-03
18.411025     3.41464000e-03
18.417162     3.34074000e-03
18.423301     3.13173000e-03
18.429442     2.77440000e-03
18.435585     2.72597000e-03
18.441730     3.29777000e-03
18.447878     3.34764000e-03
18.454027     3.45786000e-03
18.460178     3.39975000e-03
18.466332     3.23201000e-03
18.472487     2.83649000e-03
18.478645     2.66366000e-03
18.484804     2.86815000e-03
18.490966     3.29164000e-03
18.497129     2.84139000e-03
18.503295     3.17379000e-03
18.509463     2.85470000e-03
18.515633     2.80088000e-03
18.521805     2.90569000e-03
18.527979     2.61219000e-03
18.534155     2.37870000e-03
18.540333     2.78950000e-03
18.546513     2.77532000e-03
18.552695     3.02122000e-03
18.558879     2.58490000e-03
18.565065     3.21391000e-03
18.571254     2.94412000e-03
18.577444     2.97078000e-03
18.583637     2.81194000e-03
18.589831     2.50032000e-03
18.596028     2.83185000e-03
18.602227     2.85081000e-03
18.608427     2.99517000e-03
18.614630     2.80658000e-03
18.620835     2.61237000e-03
18.627042     2.61297000e-03
18.633251     2.86197000e-03
18.639462     2.68565000e-03
18.645675     3.01507000e-03
18.651890     2.41726000e-03
18.658108     2.60919000e-03
18.664327     3.26751000e-03
18.670548     3.04118000e-03
18.676772     3.32780000e-03
18.682998     3.28687000e-03
18.689225     3.25564000e-03
18.695455     3.18341000e-03
18.701687     2.96999000e-03
18.707921     2.87869000e-03
18.714157     2.53277000e-03
18.720395     2.53894000e-03
18.726635     2.87747000e-03
18.732877     2.99293000e-03
18.739121     3.13561000e-03
18.745368     3.10178000e-03
18.751616     2.82278000e-03
18.757867     2.79626000e-03
18.764119     3.03579000e-03
18.770374     3.27868000e-03
18.776631     2.85611000e-03
18.782890     2.43567000e-03
18.789151     3.49119000e-03
18.795414     3.31096000e-03
18.801679     3.47942000e-03
18.807946     3.55272000e-03
18.814215     2.18736000e-03
18.820487     3.48608000e-03
18.826760     2.47474000e-03
18.833036     3.54101000e-03
18.839314     3.47234000e-03
18.845593     3.62472000e-03
18.851875     3.68530000e-03
18.858159     3.65431000e-03
18.864445     3.62885000e-03
18.870733     3.64254000e-03
18.877024     3.53134000e-03
18.883316     2.96803000e-03
18.889610     2.46911000e-03
18.895907     3.22492000e-03
18.902206     3.32958000e-03
18.908506     3.13465000e-03
18.914809     3.30624000e-03
18.921114     3.18384000e-03
18.927421     2.64546000e-03
18.933730     3.04091000e-03
18.940041     3.16776000e-03
18.946355     3.10066000e-03
18.952670     3.36035000e-03
18.958988     3.05158000e-03
18.965308     3.28170000e-03
18.971629     3.09399000e-03
18.977953     2.86090000e-03
18.984279     2.99084000e-03
18.990607     2.65327000e-03
18.996938     2.45252000e-03
19.003270     2.58736000e-03
19.009604     2.64987000e-03
19.015941     2.71153000e-03
19.022279     3.03521000e-03
19.028620     3.18139000e-03
19.034963     2.49520000e-03
19.041308     2.80377000e-03
19.047655     3.37242000e-03
19.054004     3.34983000e-03
19.060356     3.24960000e-03
19.066709     3.43474000e-03
19.073065     3.50297000e-03
19.079422     3.39474000e-03
19.085782     2.21781000e-03
19.092144     3.53874000e-03
19.098508     3.49630000e-03
19.104874     3.15195000e-03
19.111243     3.00070000e-03
19.117613     3.37469000e-03
19.123986     3.14452000e-03
19.130360     2.39988000e-03
19.136737     2.94563000e-03
19.143116     3.41437000e-03
19.149497     3.49323000e-03
19.155880     3.52557000e-03
19.162265     3.59583000e-03
19.168653     3.19744000e-03
19.175042     3.38671000e-03
19.181434     3.35040000e-03
19.187828     3.32001000e-03
19.194224     3.38870000e-03
19.200622     3.10319000e-03
19.207022     2.87515000e-03
19.213424     3.08044000e-03
19.219829     3.19387000e-03
19.226236     2.76780000e-03
19.232644     3.12584000e-03
19.239055     2.69061000e-03
19.245468     2.35575000e-03
19.251883     2.82416000e-03
19.258301     2.88205000e-03
19.264720     2.82486000e-03
19.271142     2.46199000e-03
19.277565     3.02271000e-03
19.283991     2.97665000e-03
19.290419     2.49101000e-03
19.296849     3.06089000e-03
19.303282     3.19487000e-03
19.309716     2.97017000e-03
19.316153     2.76535000e-03
19.322591     3.19082000e-03
19.329032     2.99226000e-03
19.335475     2.61205000e-03
19.341920     3.00194000e-03
19.348368     2.50876000e-03
19.354817     2.82481000e-03
19.361269     2.58715000e-03
19.367722     3.22327000e-03
19.374178     3.21715000e-03
19.380637     2.59086000e-03
19.387097     3.05270000e-03
19.393559     3.14875000e-03
19.400024     2.62509000e-03
19.406490     2.86578000e-03
19.412959     2.51231000e-03
19.419430     2.55202000e-03
19.425903     2.49553000e-03
19.432378     2.68914000e-03
19.438856     2.61371000e-03
19.445336     2.43420000e-03
19.451817     2.74369000e-03
19.458301     2.95270000e-03
19.464787     3.05414000e-03
19.471276     3.03781000e-03
19.477766     2.48889000e-03
19.484259     3.02706000e-03
19.490753     3.18211000e-03
19.497250     3.19986000e-03
19.503749     3.02917000e-03
19.510251     3.36295000e-03
19.516754     3.37712000e-03
19.523260     3.06130000e-03
19.529767     3.14661000e-03
19.536277     3.18846000e-03
19.542789     3.02810000e-03
19.549304     3.32832000e-03
19.555820     3.26383000e-03
19.562339     3.04063000e-03
19.568859     3.02426000e-03
19.575382     2.98135000e-03
19.581908     2.75064000e-03
19.588435     2.52308000e-03
19.594964     2.53549000e-03
19.601496     2.79807000e-03
19.608030     3.01474000e-03
19.614566     3.11038000e-03
19.621104     3.18893000e-03
19.627644     3.12519000e-03
19.634187     3.17758000e-03
19.640732     3.28637000e-03
19.647279     2.41298000e-03
19.653828     3.12120000e-03
19.660379     3.27708000e-03
19.666933     3.22451000e-03
19.673488     3.17679000e-03
19.680046     2.97024000e-03
19.686606     2.50218000e-03
19.693168     2.81622000e-03
19.699732     3.10584000e-03
19.706299     3.09146000e-03
19.712868     3.31482000e-03
19.719439     3.23814000e-03
19.726012     2.52245000e-03
19.732587     3.11869000e-03
19.739165     3.04029000e-03
19.745745     3.28950000e-03
19.752326     3.49559000e-03
19.758911     3.44894000e-03
19.765497     2.61820000e-03
19.772085     3.39216000e-03
19.778676     3.43752000e-03
19.785269     3.46941000e-03
19.791864     3.20872000e-03
19.798461     3.08175000e-03
19.805061     3.16102000e-03
19.811663     3.17962000e-03
19.818266     2.93608000e-03
19.824873     2.50014000e-03
19.831481     2.81732000e-03
19.838091     3.04230000e-03
19.844704     3.10599000e-03
19.851319     3.06091000e-03
19.857936     3.29451000e-03
19.864555     2.66756000e-03
19.871177     3.02345000e-03
19.877801     2.91203000e-03
19.884427     2.54570000e-03
19.891055     3.05127000e-03
19.897685     3.01945000e-03
19.904318     2.18357000e-03
19.910952     2.41122000e-03
19.917589     2.84433000e-03
19.924229     2.87222000e-03
19.930870     2.67460000e-03
19.937514     2.05450000e-03
19.944159     2.70659000e-03
19.950807     2.49162000e-03
19.957458     3.06118000e-03
19.964110     3.02019000e-03
19.970765     3.17007000e-03
19.977422     3.12900000e-03
19.984081     3.09336000e-03
19.990742     3.36506000e-03
19.997406     3.14979000e-03
20.004072     2.49897000e-03
20.010740     3.46588000e-03
20.017410     3.40103000e-03
20.024082     3.47796000e-03
20.030757     3.33874000e-03
20.037434     2.70983000e-03
20.044113     2.92175000e-03
20.050795     3.49745000e-03
20.057478     2.91685000e-03
20.064164     3.52093000e-03
20.070852     3.07881000e-03
20.077542     3.01541000e-03
20.084235     3.37814000e-03
20.090930     3.57127000e-03
20.097627     3.06412000e-03
20.104326     3.22616000e-03
20.111027     2.40743000e-03
20.117731     3.30191000e-03
20.124437     3.48478000e-03
20.131145     3.48587000e-03
20.137855     3.39120000e-03
20.144568     2.97229000e-03
20.151283     2.91491000e-03
20.158000     3.01770000e-03
20.164719     3.07648000e-03
20.171441     3.27353000e-03
20.178165     3.28050000e-03
20.184891     3.10035000e-03
20.191619     1.95430000e-03
20.198349     3.10191000e-03
20.205082     3.19291000e-03
20.211817     3.24874000e-03
20.218555     3.06887000e-03
20.225294     3.01694000e-03
20.232036     2.67399000e-03
20.238780     2.50102000e-03
20.245526     2.86912000e-03
20.252275     3.09835000e-03
20.259025     3.17940000e-03
20.265778     3.30345000e-03
20.272534     3.03626000e-03
20.279291     3.30664000e-03
20.286051     2.82429000e-03
20.292813     3.30778000e-03
20.299577     2.99756000e-03
20.306344     3.21185000e-03
20.313112     3.08422000e-03
20.319884     2.79234000e-03
20.326657     2.85024000e-03
20.333432     2.66762000e-03
20.340210     2.46031000e-03
20.346990     2.63897000e-03
20.353773     2.93232000e-03
20.360557     3.08333000e-03
20.367344     3.19069000e-03
20.374133     3.23068000e-03
20.380925     2.94968000e-03
20.387718     3.22688000e-03
20.394514     3.23842000e-03
20.401312     3.34481000e-03
20.408113     3.26371000e-03
20.414915     3.17557000e-03
20.421720     2.84441000e-03
20.428528     2.71618000e-03
20.435337     3.09225000e-03
20.442149     3.24277000e-03
20.448963     3.32340000e-03
20.455779     3.24936000e-03
20.462598     2.88414000e-03
20.469419     2.38825000e-03
20.476242     2.78179000e-03
20.483067     3.16392000e-03
20.489895     3.07197000e-03
20.496725     3.05549000e-03
20.503557     3.27020000e-03
20.510392     3.19220000e-03
20.517229     3.34858000e-03
20.524068     3.32277000e-03
20.530909     3.12910000e-03
20.537753     3.20004000e-03
20.544598     3.09823000e-03
20.551447     3.01701000e-03
20.558297     2.86596000e-03
20.565150     2.62673000e-03
20.572005     2.45972000e-03
20.578862     2.74790000e-03
20.585722     2.76771000e-03
20.592584     3.09106000e-03
20.599448     3.09549000e-03
20.606315     3.25458000e-03
20.613183     3.34274000e-03
20.620054     3.36968000e-03
20.626928     3.35011000e-03
20.633803     3.26217000e-03
20.640681     3.05369000e-03
20.647561     3.13183000e-03
20.654444     3.38121000e-03
20.661329     2.58807000e-03
20.668216     3.37415000e-03
20.675105     3.53313000e-03
20.681997     3.50147000e-03
20.688891     3.40565000e-03
20.695787     3.50202000e-03
20.702686     3.51964000e-03
20.709587     3.15200000e-03
20.716490     3.43609000e-03
20.723396     3.57152000e-03
20.730303     3.52380000e-03
20.737213     3.28369000e-03
20.744126     3.40275000e-03
20.751041     3.13559000e-03
20.757958     2.96208000e-03
20.764877     3.26997000e-03
20.771798     3.16750000e-03
20.778723     2.65409000e-03
20.785649     2.59363000e-03
20.792577     2.72682000e-03
20.799508     2.92547000e-03
20.806441     3.10405000e-03
20.813377     2.42266000e-03
20.820315     3.09350000e-03
20.827255     2.97029000e-03
20.834197     3.45879000e-03
20.841142     3.39206000e-03
20.848089     3.47932000e-03
20.855038     2.37257000e-03
20.861990     3.59079000e-03
20.868944     3.37589000e-03
20.875900     3.46424000e-03
20.882859     3.25790000e-03
20.889820     3.41126000e-03
20.896783     3.30385000e-03
20.903749     3.36093000e-03
20.910717     3.20570000e-03
20.917687     2.99493000e-03
20.924659     3.37542000e-03
20.931634     2.84901000e-03
20.938612     3.17889000e-03
20.945591     3.05856000e-03
20.952573     3.17724000e-03
20.959557     3.17836000e-03
20.966544     3.08038000e-03
20.973533     2.94994000e-03
20.980524     2.76492000e-03
20.987517     2.50000000e-03
20.994513     2.60404000e-03
21.001511     2.82163000e-03
21.008512     2.67737000e-03
21.015514     3.04320000e-03
21.022520     2.82579000e-03
21.029527     2.93325000e-03
21.036537     3.21863000e-03
21.043549     3.23114000e-03
21.050564     2.93012000e-03
21.057581     3.34901000e-03
21.064600     3.20919000e-03
21.071621     3.23265000e-03
21.078645     2.89506000e-03
21.085671     3.08904000e-03
21.092700     3.27129000e-03
21.099731     2.80525000e-03
21.106764     2.96789000e-03
21.113800     2.84560000e-03
21.120838     3.13197000e-03
21.127878     2.88942000e-03
21.134920     3.26201000e-03
21.141966     2.92657000e-03
21.149013     2.88913000e-03
21.156063     2.84361000e-03
21.163114     3.14541000e-03
21.170169     3.09994000e-03
21.177226     2.74890000e-03
21.184285     3.06725000e-03
21.191346     2.96481000e-03
21.198410     3.16688000e-03
21.205476     3.25693000e-03
21.212544     3.30614000e-03
21.219615     3.04023000e-03
21.226689     3.15526000e-03
21.233764     2.55844000e-03
21.240842     2.85899000e-03
21.247922     2.84032000e-03
21.255005     2.54095000e-03
21.262090     3.01672000e-03
21.269177     3.20813000e-03
21.276267     3.20741000e-03
21.283359     3.22350000e-03
21.290454     2.65811000e-03
21.297550     3.26076000e-03
21.304650     3.21344000e-03
21.311751     3.13346000e-03
21.318855     3.01138000e-03
21.325961     2.79007000e-03
21.333070     2.41653000e-03
21.340181     2.77944000e-03
21.347294     2.93968000e-03
21.354410     2.92980000e-03
21.361528     2.78684000e-03
21.368649     2.29869000e-03
21.375772     2.59236000e-03
21.382897     2.84407000e-03
21.390025     2.99153000e-03
21.397155     3.11926000e-03
21.404287     3.01325000e-03
21.411422     3.26263000e-03
21.418559     3.28805000e-03
21.425698     3.13896000e-03
21.432840     3.36163000e-03
21.439985     3.37608000e-03
21.447131     3.43398000e-03
21.454280     3.51132000e-03
21.461432     3.54068000e-03
21.468585     3.52452000e-03
21.475742     2.93269000e-03
21.482900     3.48876000e-03
21.490061     3.54895000e-03
21.497225     3.59271000e-03
21.504390     3.57578000e-03
21.511558     3.04003000e-03
21.518729     3.25548000e-03
21.525902     3.27904000e-03
21.533077     2.47250000e-03
21.540255     3.22368000e-03
21.547435     3.33143000e-03
21.554617     3.40924000e-03
21.561802     3.26416000e-03
21.568990     3.13937000e-03
21.576179     2.98697000e-03
21.583371     2.55565000e-03
21.590566     2.73517000e-03
21.597763     3.14195000e-03
21.604962     3.25328000e-03
21.612164     3.08423000e-03
21.619368     3.18226000e-03
21.626574     3.13001000e-03
21.633783     3.16686000e-03
21.640994     2.85408000e-03
21.648208     3.01376000e-03
21.655424     2.87719000e-03
21.662642     2.61192000e-03
21.669863     2.47026000e-03
21.677087     2.65137000e-03
21.684312     2.86542000e-03
21.691540     2.98986000e-03
21.698771     2.99910000e-03
21.706004     3.10976000e-03
21.713239     3.10124000e-03
21.720477     3.31048000e-03
21.727717     3.20945000e-03
21.734960     3.34111000e-03
21.742205     3.20221000e-03
21.749452     2.60945000e-03
21.756702     3.23794000e-03
21.763954     2.97845000e-03
21.771209     3.00369000e-03
21.778466     3.32044000e-03
21.785725     3.41365000e-03
21.792987     3.28609000e-03
21.800252     3.09825000e-03
21.807518     3.06324000e-03
21.814787     3.07773000e-03
21.822059     3.19871000e-03
21.829333     2.82679000e-03
21.836610     2.70255000e-03
21.843888     2.55363000e-03
21.851170     2.53166000e-03
21.858453     2.99528000e-03
21.865740     3.15108000e-03
21.873028     3.17150000e-03
21.880319     3.30487000e-03
21.887613     2.54819000e-03
21.894908     3.32803000e-03
21.902207     3.17299000e-03
21.909508     2.91904000e-03
21.916811     3.30099000e-03
21.924116     3.21632000e-03
21.931424     3.35873000e-03
21.938735     3.24361000e-03
21.946048     2.99495000e-03
21.953363     2.49419000e-03
21.960681     2.95068000e-03
21.968001     3.22025000e-03
21.975324     3.21195000e-03
21.982649     3.13121000e-03
21.989976     2.96022000e-03
21.997306     3.36115000e-03
22.004639     3.25070000e-03
22.011974     3.39306000e-03
22.019311     3.26591000e-03
22.026651     3.26955000e-03
22.033993     2.83580000e-03
22.041338     3.01307000e-03
22.048685     3.31609000e-03
22.056034     3.33100000e-03
22.063386     3.19953000e-03
22.070741     3.01524000e-03
22.078098     2.65060000e-03
22.085457     2.74642000e-03
22.092819     3.01798000e-03
22.100183     3.23994000e-03
22.107550     3.23103000e-03
22.114919     3.00089000e-03
22.122291     3.23756000e-03
22.129665     2.94678000e-03
22.137041     2.52502000e-03
22.144420     2.98030000e-03
22.151802     3.24405000e-03
22.159186     3.36731000e-03
22.166572     2.65842000e-03
22.173961     3.36182000e-03
22.181352     3.52553000e-03
22.188746     3.46707000e-03
22.196142     3.49040000e-03
22.203541     3.08531000e-03
22.210942     3.36142000e-03
22.218346     3.16014000e-03
22.225752     2.86199000e-03
22.233161     2.65350000e-03
22.240572     2.67453000e-03
22.247985     3.09137000e-03
22.255401     3.07448000e-03
22.262820     3.19130000e-03
22.270241     3.31189000e-03
22.277664     2.53213000e-03
22.285090     2.56767000e-03
22.292518     3.49554000e-03
22.299949     3.10632000e-03
22.307382     3.11708000e-03
22.314818     3.39156000e-03
22.322257     3.18897000e-03
22.329697     3.27546000e-03
22.337141     3.09687000e-03
22.344586     2.72377000e-03
22.352034     2.62276000e-03
22.359485     2.93811000e-03
22.366938     2.78102000e-03
22.374394     2.46074000e-03
22.381852     2.75453000e-03
22.389313     2.92596000e-03
22.396776     2.86961000e-03
22.404241     2.51056000e-03
22.411709     2.70989000e-03
22.419180     2.83328000e-03
22.426653     3.07248000e-03
22.434129     3.14202000e-03
22.441607     3.26220000e-03
22.449087     3.31839000e-03
22.456570     3.08812000e-03
22.464056     3.32067000e-03
22.471544     3.22560000e-03
22.479034     2.62025000e-03
22.486527     3.22764000e-03
22.494023     3.24836000e-03
22.501521     3.19195000e-03
22.509021     3.11526000e-03
22.516524     3.01242000e-03
22.524030     2.86656000e-03
22.531538     2.66769000e-03
22.539048     2.52214000e-03
22.546561     2.73365000e-03
22.554077     2.91621000e-03
22.561595     3.05026000e-03
22.569115     3.07588000e-03
22.576639     3.18983000e-03
22.584164     3.19690000e-03
22.591692     3.27889000e-03
22.599223     3.14764000e-03
22.606756     3.16233000e-03
22.614291     2.81260000e-03
22.621829     2.93557000e-03
22.629370     2.85084000e-03
22.636913     3.18242000e-03
22.644459     3.35066000e-03
22.652007     3.40814000e-03
22.659558     3.23081000e-03
22.667111     3.14853000e-03
22.674667     3.48348000e-03
22.682225     2.43098000e-03
22.689785     3.60037000e-03
22.697349     3.59854000e-03
22.704915     3.25905000e-03
22.712483     3.48913000e-03
22.720054     3.19374000e-03
22.727627     3.37327000e-03
22.735203     3.07309000e-03
22.742781     3.33906000e-03
22.750362     3.56509000e-03
22.757946     2.91623000e-03
22.765532     3.51656000e-03
22.773120     3.53529000e-03
22.780711     3.35026000e-03
22.788305     2.64398000e-03
22.795901     2.72549000e-03
22.803499     3.30726000e-03
22.811101     3.37204000e-03
22.818704     3.47417000e-03
22.826311     3.10502000e-03
22.833919     3.24614000e-03
22.841531     3.41679000e-03
22.849145     3.35397000e-03
22.856761     2.99996000e-03
22.864380     3.27817000e-03
22.872001     3.04022000e-03
22.879625     3.10761000e-03
22.887252     2.99654000e-03
22.894881     2.91457000e-03
22.902513     2.77419000e-03
22.910147     2.56093000e-03
22.917783     2.45747000e-03
22.925423     2.80261000e-03
22.933064     2.95238000e-03
22.940709     3.04815000e-03
22.948356     3.12183000e-03
22.956005     3.16716000e-03
22.963657     3.05944000e-03
22.971312     2.75787000e-03
22.978969     3.09648000e-03
22.986628     2.99585000e-03
22.994291     2.72761000e-03
23.001955     2.64868000e-03
23.009623     2.97186000e-03
23.017293     3.03076000e-03
23.024965     3.27575000e-03
23.032640     3.30577000e-03
23.040318     3.39932000e-03
23.047998     3.44256000e-03
23.055680     3.35616000e-03
23.063366     3.45188000e-03
23.071053     2.50468000e-03
23.078744     2.79400000e-03
23.086437     3.51677000e-03
23.094132     3.61986000e-03
23.101830     3.54607000e-03
23.109531     3.25752000e-03
23.117234     3.28096000e-03
23.124940     3.03738000e-03
23.132648     2.74699000e-03
23.140359     3.52564000e-03
23.148072     3.62952000e-03
23.155788     3.08932000e-03
23.163507     3.52052000e-03
23.171228     3.52815000e-03
23.178952     3.71990000e-03
23.186678     2.97749000e-03
23.194407     2.85304000e-03
23.202139     3.44712000e-03
23.209873     2.59054000e-03
23.217609     3.55935000e-03
23.225348     3.54188000e-03
23.233090     2.99221000e-03
23.240835     3.17090000e-03
23.248582     3.12593000e-03
23.256331     2.66223000e-03
23.264083     3.25989000e-03
23.271838     3.64684000e-03
23.279595     3.60855000e-03
23.287355     2.62947000e-03
23.295117     3.42424000e-03
23.302882     3.60616000e-03
23.310650     3.56249000e-03
23.318420     2.62934000e-03
23.326193     3.55462000e-03
23.333969     3.39260000e-03
23.341746     3.38813000e-03
23.349527     3.46211000e-03
23.357310     3.30078000e-03
23.365096     2.47804000e-03
23.372884     3.40429000e-03
23.380675     3.29853000e-03
23.388469     3.54098000e-03
23.396265     3.09550000e-03
23.404064     3.60531000e-03
23.411865     3.31610000e-03
23.419669     3.48274000e-03
23.427476     3.43627000e-03
23.435285     3.53447000e-03
23.443097     3.49975000e-03
23.450911     3.44082000e-03
23.458728     3.03488000e-03
23.466548     3.32573000e-03
23.474370     3.15687000e-03
23.482194     3.15438000e-03
23.490022     3.03798000e-03
23.497852     2.78860000e-03
23.505685     2.60762000e-03
23.513520     2.60334000e-03
23.521358     2.82899000e-03
23.529198     3.01366000e-03
23.537041     2.76784000e-03
23.544887     3.10506000e-03
23.552735     3.19971000e-03
23.560586     2.66233000e-03
23.568440     3.24909000e-03
23.576296     3.28091000e-03
23.584155     3.24221000e-03
23.592016     3.14593000e-03
23.599880     2.82860000e-03
23.607747     2.70392000e-03
23.615616     3.01847000e-03
23.623488     2.88674000e-03
23.631362     2.65692000e-03
23.639239     2.63569000e-03
23.647119     2.65766000e-03
23.655001     2.84232000e-03
23.662886     3.01909000e-03
23.670774     3.11797000e-03
23.678664     3.20655000e-03
23.686557     3.25930000e-03
23.694453     3.18069000e-03
23.702351     3.34330000e-03
23.710252     3.34931000e-03
23.718155     3.34860000e-03
23.726061     3.33818000e-03
23.733970     3.26989000e-03
23.741881     3.09308000e-03
23.749795     2.35859000e-03
23.757712     2.98886000e-03
23.765631     3.22710000e-03
23.773553     3.21567000e-03
23.781477     2.99284000e-03
23.789404     3.18150000e-03
23.797334     3.21263000e-03
23.805267     3.09136000e-03
23.813202     2.81586000e-03
23.821140     2.82702000e-03
23.829080     3.02320000e-03
23.837023     2.97859000e-03
23.844969     2.85776000e-03
23.852917     2.64317000e-03
23.860868     2.53642000e-03
23.868821     2.14899000e-03
23.876778     2.87431000e-03
23.884737     2.93330000e-03
23.892698     2.69976000e-03
23.900662     2.62875000e-03
23.908629     2.95676000e-03
23.916599     3.01793000e-03
23.924571     2.81464000e-03
23.932546     2.71353000e-03
23.940524     2.63824000e-03
23.948504     2.76791000e-03
23.956487     2.63148000e-03
23.964472     3.06991000e-03
23.972460     3.13877000e-03
23.980451     3.31283000e-03
23.988444     3.35568000e-03
23.996441     2.60568000e-03
24.004439     3.44485000e-03
24.012441     3.42262000e-03
24.020445     3.16783000e-03
24.028452     3.52217000e-03
24.036461     3.50580000e-03
24.044473     3.52593000e-03
24.052488     3.17746000e-03
24.060506     3.19300000e-03
24.068526     3.52962000e-03
24.076549     3.26729000e-03
24.084574     2.68991000e-03
24.092603     3.27244000e-03
24.100633     2.81251000e-03
24.108667     3.30759000e-03
24.116703     3.42699000e-03
24.124742     3.61049000e-03
24.132784     3.58097000e-03
24.140828     3.05967000e-03
24.148875     3.34205000e-03
24.156924     2.68526000e-03
24.164977     3.49290000e-03
24.173032     3.43563000e-03
24.181089     3.26080000e-03
24.189150     3.68039000e-03
24.197213     3.60079000e-03
24.205279     3.63133000e-03
24.213347     3.07238000e-03
24.221418     3.58537000e-03
24.229492     3.73213000e-03
24.237568     3.73022000e-03
24.245648     3.51846000e-03
24.253729     2.60630000e-03
24.261814     3.39176000e-03
24.269901     3.68002000e-03
24.277991     3.72302000e-03
24.286084     3.33443000e-03
24.294179     3.66560000e-03
24.302277     3.27576000e-03
24.310378     3.14970000e-03
24.318482     3.39275000e-03
24.326588     2.84237000e-03
24.334697     3.44961000e-03
24.342808     2.73682000e-03
24.350922     3.05795000e-03
24.359040     3.12845000e-03
24.367159     3.01244000e-03
24.375281     2.66919000e-03
24.383407     3.57594000e-03
24.391534     3.27601000e-03
24.399665     3.43897000e-03
24.407798     3.48555000e-03
24.415934     3.16495000e-03
24.424073     3.20292000e-03
24.432214     3.38736000e-03
24.440358     3.42537000e-03
24.448505     2.99051000e-03
24.456654     3.52545000e-03
24.464807     2.90408000e-03
24.472962     3.37969000e-03
24.481119     3.13987000e-03
24.489280     2.42450000e-03
24.497443     3.22556000e-03
24.505609     3.38801000e-03
24.513777     3.28431000e-03
24.521948     2.96816000e-03
24.530122     3.06923000e-03
24.538299     2.63406000e-03
24.546478     3.27283000e-03
24.554661     3.25931000e-03
24.562846     3.52332000e-03
24.571033     3.52456000e-03
24.579224     3.49258000e-03
24.587416     3.53613000e-03
24.595612     3.31126000e-03
24.603811     3.20397000e-03
24.612012     3.08809000e-03
24.620216     2.45147000e-03
24.628423     2.94673000e-03
24.636632     3.62732000e-03
24.644845     2.60865000e-03
24.653060     3.44587000e-03
24.661277     2.71586000e-03
24.669498     3.58469000e-03
24.677721     3.36534000e-03
24.685947     3.22902000e-03
24.694175     3.47094000e-03
24.702407     3.38375000e-03
24.710641     2.94181000e-03
24.718878     3.04948000e-03
24.727117     3.03876000e-03
24.735360     3.47022000e-03
24.743605     3.02821000e-03
24.751853     3.05353000e-03
24.760103     2.89659000e-03
24.768357     2.22448000e-03
24.776613     3.07873000e-03
24.784872     3.54439000e-03
24.793133     3.63540000e-03
24.801398     3.54074000e-03
24.809665     3.53341000e-03
24.817935     2.66159000e-03
24.826207     3.52952000e-03
24.834483     3.56484000e-03
24.842761     3.13071000e-03
24.851042     3.44729000e-03
24.859326     3.52980000e-03
24.867612     3.55320000e-03
24.875901     3.48645000e-03
24.884193     3.30308000e-03
24.892488     3.12639000e-03
24.900785     3.28979000e-03
24.909086     2.96616000e-03
24.917389     2.87903000e-03
24.925694     3.18917000e-03
24.934003     3.14380000e-03
24.942314     2.87878000e-03
24.950629     2.67073000e-03
24.958945     2.97417000e-03
24.967265     2.69618000e-03
24.975587     2.82946000e-03
24.983913     2.74307000e-03
24.992241     2.92732000e-03
25.000571     2.66225000e-03
25.008905     3.14575000e-03
25.017241     3.12673000e-03
25.025580     2.83640000e-03
25.033922     2.82692000e-03
25.042267     2.98105000e-03
25.050614     2.85426000e-03
25.058964     2.69602000e-03
25.067317     2.60151000e-03
25.075673     2.69875000e-03
25.084032     2.93978000e-03
25.092393     3.03140000e-03
25.100757     3.10479000e-03
25.109124     3.10321000e-03
25.117494     3.07105000e-03
25.125866     3.03188000e-03
25.134242     2.88594000e-03
25.142620     2.68220000e-03
25.151000     2.71641000e-03
25.159384     2.85765000e-03
25.167771     2.60149000e-03
25.176160     2.90711000e-03
25.184552     3.09613000e-03
25.192947     3.17263000e-03
25.201345     2.99286000e-03
25.209745     3.21069000e-03
25.218148     3.15018000e-03
25.226554     2.74920000e-03
25.234963     2.83522000e-03
25.243375     3.34988000e-03
25.251789     3.22470000e-03
25.260206     3.41161000e-03
25.268626     3.38382000e-03
25.277049     3.30553000e-03
25.285475     3.34715000e-03
25.293904     3.31982000e-03
25.302335     3.25682000e-03
25.310769     3.16667000e-03
25.319206     2.77006000e-03
25.327646     2.80509000e-03
25.336088     3.03826000e-03
25.344534     2.92738000e-03
25.352982     2.81951000e-03
25.361433     2.67750000e-03
25.369886     2.66370000e-03
25.378343     2.80625000e-03
25.386803     2.93657000e-03
25.395265     3.04598000e-03
25.403730     3.13535000e-03
25.412198     3.21656000e-03
25.420669     3.27981000e-03
25.429142     2.79480000e-03
25.437619     3.34798000e-03
25.446098     3.38899000e-03
25.454580     3.42982000e-03
25.463065     3.18160000e-03
25.471552     3.37450000e-03
25.480043     3.38675000e-03
25.488536     3.43258000e-03
25.497032     3.15110000e-03
25.505531     3.39931000e-03
25.514033     3.58128000e-03
25.522538     3.56278000e-03
25.531045     3.40517000e-03
25.539556     3.41920000e-03
25.548069     3.13793000e-03
25.556585     3.21254000e-03
25.565104     3.03745000e-03
25.573626     3.02954000e-03
25.582150     2.82293000e-03
25.590678     2.61977000e-03
25.599208     2.91502000e-03
25.607741     2.71289000e-03
25.616277     3.11043000e-03
25.624815     3.32651000e-03
25.633357     3.43235000e-03
25.641901     3.50540000e-03
25.650449     3.49733000e-03
25.658999     3.40544000e-03
25.667552     3.50017000e-03
25.676108     3.58364000e-03
25.684666     3.42591000e-03
25.693228     2.72582000e-03
25.701792     2.88593000e-03
25.710360     3.50051000e-03
25.718930     3.25870000e-03
25.727503     2.73469000e-03
25.736079     3.30904000e-03
25.744657     3.40234000e-03
25.753239     2.66129000e-03
25.761823     3.60065000e-03
25.770411     3.08088000e-03
25.779001     3.72785000e-03
25.787594     3.73011000e-03
25.796190     3.80160000e-03
25.804788     3.70144000e-03
25.813390     3.59007000e-03
25.821994     3.47011000e-03
25.830602     3.37694000e-03
25.839212     3.50850000e-03
25.847825     3.36210000e-03
25.856441     3.46272000e-03
25.865060     3.54877000e-03
25.873681     3.25452000e-03
25.882306     3.66523000e-03
25.890933     3.69975000e-03
25.899564     3.49845000e-03
25.908197     2.42660000e-03
25.916833     3.06553000e-03
25.925472     3.35018000e-03
25.934114     3.22452000e-03
25.942759     3.01548000e-03
25.951406     3.53220000e-03
25.960057     3.41203000e-03
25.968710     2.62904000e-03
25.977366     3.18660000e-03
25.986025     2.74582000e-03
25.994687     3.17265000e-03
26.003352     2.98675000e-03
26.012020     2.68362000e-03
26.020691     3.01536000e-03
26.029364     2.95238000e-03
26.038041     3.18099000e-03
26.046720     2.96045000e-03
26.055402     2.68750000e-03
26.064087     3.06428000e-03
26.072775     3.27019000e-03
26.081466     3.40725000e-03
26.090160     3.50986000e-03
26.098857     3.48812000e-03
26.107556     3.48230000e-03
26.116259     3.49031000e-03
26.124964     3.61834000e-03
26.133673     3.49821000e-03
26.142384     3.44244000e-03
26.151098     3.28788000e-03
26.159815     3.62424000e-03
26.168535     3.50055000e-03
26.177258     3.41701000e-03
26.185984     3.10192000e-03
26.194712     3.25154000e-03
26.203444     2.82866000e-03
26.212178     3.17798000e-03
26.220916     3.59339000e-03
26.229656     2.99501000e-03
26.238399     2.64627000e-03
26.247145     3.19615000e-03
26.255894     2.67844000e-03
26.264646     3.20340000e-03
26.273401     3.48404000e-03
26.282159     2.92236000e-03
26.290920     3.66330000e-03
26.299683     3.57585000e-03
26.308450     3.51936000e-03
26.317220     3.62956000e-03
26.325992     2.57707000e-03
26.334767     3.65866000e-03
26.343546     3.52861000e-03
26.352327     3.33159000e-03
26.361111     3.58618000e-03
26.369898     3.52893000e-03
26.378688     3.39864000e-03
26.387481     3.66367000e-03
26.396276     3.57894000e-03
26.405075     3.30349000e-03
26.413877     3.29171000e-03
26.422682     3.23799000e-03
26.431489     2.87314000e-03
26.440300     3.39992000e-03
26.449113     3.47122000e-03
26.457929     3.36027000e-03
26.466749     3.31580000e-03
26.475571     3.42911000e-03
26.484396     3.43102000e-03
26.493224     3.38139000e-03
26.502055     3.31037000e-03
26.510889     3.12731000e-03
26.519726     2.83062000e-03
26.528566     2.67936000e-03
26.537409     2.99853000e-03
26.546255     3.07882000e-03
26.555104     3.00033000e-03
26.563955     2.83500000e-03
26.572810     2.73134000e-03
26.581668     2.65119000e-03
26.590528     2.81887000e-03
26.599392     2.10730000e-03
26.608258     2.92973000e-03
26.617128     3.04894000e-03
26.626000     3.03521000e-03
26.634875     2.90718000e-03
26.643754     2.67379000e-03
26.652635     2.92841000e-03
26.661519     2.93170000e-03
26.670406     3.03000000e-03
26.679296     2.93416000e-03
26.688190     2.82167000e-03
26.697086     2.72306000e-03
26.705985     2.69554000e-03
26.714887     2.83213000e-03
26.723792     2.93098000e-03
26.732699     3.04300000e-03
26.741610     3.09932000e-03
26.750524     2.94479000e-03
26.759441     2.96141000e-03
26.768361     3.13960000e-03
26.777284     2.87363000e-03
26.786209     2.98716000e-03
26.795138     2.98046000e-03
26.804070     2.96325000e-03
26.813005     3.26156000e-03
26.821942     3.37908000e-03
26.830883     3.44637000e-03
26.839827     3.47627000e-03
26.848773     3.49398000e-03
26.857723     3.05702000e-03
26.866675     3.48358000e-03
26.875631     3.53481000e-03
26.884589     3.48223000e-03
26.893551     3.43079000e-03
26.902515     3.15709000e-03
26.911483     2.86778000e-03
26.920453     3.38202000e-03
26.929427     3.52432000e-03
26.938403     3.52218000e-03
26.947383     3.64750000e-03
26.956365     3.64027000e-03
26.965351     3.64091000e-03
26.974339     3.61262000e-03
26.983331     3.48911000e-03
26.992325     3.63835000e-03
27.001323     3.28543000e-03
27.010323     3.44835000e-03
27.019326     3.28385000e-03
27.028333     2.75987000e-03
27.037342     2.88972000e-03
27.046355     3.38846000e-03
27.055370     3.05381000e-03
27.064389     3.15354000e-03
27.073410     2.78700000e-03
27.082435     3.01702000e-03
27.091462     3.18006000e-03
27.100493     3.19011000e-03
27.109526     3.43574000e-03
27.118563     3.21232000e-03
27.127602     3.07096000e-03
27.136645     3.10612000e-03
27.145690     3.45957000e-03
27.154739     3.54720000e-03
27.163790     3.47353000e-03
27.172845     3.52472000e-03
27.181902     2.67741000e-03
27.190963     2.85035000e-03
27.200027     3.46811000e-03
27.209094     3.67669000e-03
27.218163     3.71160000e-03
27.227236     3.04093000e-03
27.236312     3.52279000e-03
27.245390     3.40984000e-03
27.254472     3.23501000e-03
27.263557     3.68624000e-03
27.272645     3.62286000e-03
27.281736     3.43560000e-03
27.290830     3.30443000e-03
27.299927     3.54290000e-03
27.309027     3.54169000e-03
27.318130     3.70645000e-03
27.327236     2.81682000e-03
27.336345     3.36447000e-03
27.345457     3.20698000e-03
27.354572     3.67943000e-03
27.363690     3.82725000e-03
27.372811     3.92946000e-03
27.381936     3.21561000e-03
27.391063     3.09278000e-03
27.400193     3.61130000e-03
27.409327     3.91493000e-03
27.418463     3.74405000e-03
27.427603     3.53085000e-03
27.436745     3.74053000e-03
27.445891     3.84593000e-03
27.455040     3.41746000e-03
27.464191     2.75710000e-03
27.473346     3.56609000e-03
27.482504     3.70072000e-03
27.491664     3.59109000e-03
27.500828     3.69796000e-03
27.509995     2.57060000e-03
27.519165     3.60991000e-03
27.528338     3.71059000e-03
27.537515     2.62109000e-03
27.546694     3.21905000e-03
27.555876     3.66753000e-03
27.565061     3.23985000e-03
27.574250     2.65726000e-03
27.583441     3.54996000e-03
27.592635     3.12794000e-03
27.601833     3.77830000e-03
27.611034     3.82724000e-03
27.620237     3.45949000e-03
27.629444     3.73238000e-03
27.638654     3.64364000e-03
27.647867     3.78082000e-03
27.657083     3.65440000e-03
27.666302     3.49328000e-03
27.675524     3.52089000e-03
27.684749     3.75216000e-03
27.693977     3.58093000e-03
27.703208     3.49324000e-03
27.712443     3.39896000e-03
27.721680     3.53240000e-03
27.730921     3.34616000e-03
27.740165     3.54235000e-03
27.749411     3.18517000e-03
27.758661     3.67953000e-03
27.767914     3.71818000e-03
27.777170     3.54602000e-03
27.786429     3.62337000e-03
27.795691     3.20153000e-03
27.804956     3.57274000e-03
27.814225     3.34102000e-03
27.823496     3.43873000e-03
27.832771     3.29679000e-03
27.842048     2.93893000e-03
27.851329     3.08111000e-03
27.860613     2.65838000e-03
27.869900     3.19455000e-03
27.879189     3.05524000e-03
27.888483     2.83475000e-03
27.897779     2.74986000e-03
27.907078     2.97458000e-03
27.916380     3.11455000e-03
27.925686     3.27204000e-03
27.934994     3.35872000e-03
27.944306     3.36407000e-03
27.953621     2.99412000e-03
27.962939     3.43792000e-03
27.972260     3.23514000e-03
27.981584     3.20303000e-03
27.990911     2.72172000e-03
28.000241     2.68674000e-03
28.009575     3.37952000e-03
28.018911     3.44248000e-03
28.028251     3.41699000e-03
28.037594     2.89988000e-03
28.046940     2.74077000e-03
28.056289     3.13929000e-03
28.065641     2.13901000e-03
28.074996     2.77288000e-03
28.084354     3.09994000e-03
28.093715     2.75924000e-03
28.103080     3.13025000e-03
28.112448     2.90554000e-03
28.121819     2.94661000e-03
28.131193     3.20990000e-03
28.140570     3.29279000e-03
28.149950     3.12486000e-03
28.159333     3.24756000e-03
28.168720     3.19474000e-03
28.178109     2.97406000e-03
28.187502     2.95916000e-03
28.196898     2.78674000e-03
28.206297     2.78361000e-03
28.215699     2.93722000e-03
28.225104     2.95397000e-03
28.234512     2.80787000e-03
28.243924     2.80764000e-03
28.253339     3.01493000e-03
28.262756     3.14656000e-03
28.272177     2.87294000e-03
28.281601     3.26825000e-03
28.291028     2.98052000e-03
28.300459     3.13932000e-03
28.309892     3.29191000e-03
28.319329     2.64290000e-03
28.328769     2.94489000e-03
28.338212     3.28124000e-03
28.347658     3.19550000e-03
28.357107     3.00195000e-03
28.366559     2.84130000e-03
28.376015     3.09321000e-03
28.385473     3.00973000e-03
28.394935     2.96136000e-03
28.404400     2.81970000e-03
28.413868     2.80103000e-03
28.423340     2.75491000e-03
28.432814     2.78160000e-03
28.442292     2.92198000e-03
28.451773     3.04294000e-03
28.461256     3.00390000e-03
28.470744     3.17756000e-03
28.480234     3.23997000e-03
28.489727     3.20480000e-03
28.499224     3.21045000e-03
28.508723     3.24642000e-03
28.518226     2.95200000e-03
28.527732     3.16194000e-03
28.537242     3.19865000e-03
28.546754     3.14830000e-03
28.556270     3.02488000e-03
28.565789     2.98745000e-03
28.575310     2.88364000e-03
28.584836     2.28928000e-03
28.594364     2.73258000e-03
28.603895     2.85188000e-03
28.613430     2.91594000e-03
28.622968     3.05999000e-03
28.632509     3.10419000e-03
28.642053     3.20830000e-03
28.651600     3.27632000e-03
28.661151     3.31951000e-03
28.670704     3.27615000e-03
28.680261     3.33073000e-03
28.689821     3.38873000e-03
28.699385     3.11926000e-03
28.708951     2.95193000e-03
28.718521     3.46324000e-03
28.728094     3.44824000e-03
28.737670     3.10576000e-03
28.747249     3.46078000e-03
28.756831     3.43669000e-03
28.766417     3.27455000e-03
28.776006     2.81299000e-03
28.785598     3.17389000e-03
28.795193     3.41467000e-03
28.804791     3.21310000e-03
28.814393     3.59429000e-03
28.823998     3.53980000e-03
28.833606     3.62729000e-03
28.843217     3.69047000e-03
28.852831     3.55114000e-03
28.862449     3.74868000e-03
28.872070     3.64448000e-03
28.881694     3.53975000e-03
28.891321     3.02526000e-03
28.900952     3.43789000e-03
28.910585     3.47833000e-03
28.920222     3.47509000e-03
28.929862     3.80977000e-03
28.939505     3.77953000e-03
28.949152     3.79407000e-03
28.958802     2.89344000e-03
28.968454     3.70253000e-03
28.978111     3.45719000e-03
28.987770     3.18610000e-03
28.997433     3.68676000e-03
29.007098     3.59611000e-03
29.016768     3.52553000e-03
29.026440     3.15411000e-03
29.036115     3.02566000e-03
29.045794     3.46719000e-03
29.055476     3.46877000e-03
29.065161     3.55326000e-03
29.074849     3.48060000e-03
29.084541     3.33231000e-03
29.094236     3.47204000e-03
29.103934     3.41323000e-03
29.113635     3.24973000e-03
29.123340     2.73491000e-03
29.133048     2.82492000e-03
29.142759     2.89227000e-03
29.152473     3.17599000e-03
29.162190     3.33310000e-03
29.171911     3.45275000e-03
29.181635     3.42870000e-03
29.191362     3.50883000e-03
29.201093     3.05037000e-03
29.210826     3.60288000e-03
29.220563     3.46554000e-03
29.230304     3.37687000e-03
29.240047     3.49891000e-03
29.249794     3.58135000e-03
29.259544     3.49233000e-03
29.269297     3.30806000e-03
29.279053     3.66955000e-03
29.288813     3.62039000e-03
29.298576     3.58494000e-03
29.308342     3.60468000e-03
29.318111     3.35294000e-03
29.327884     3.46613000e-03
29.337660     3.18899000e-03
29.347439     3.34883000e-03
29.357222     3.00975000e-03
29.367007     2.84916000e-03
29.376797     3.25636000e-03
29.386589     3.40200000e-03
29.396384     3.53757000e-03
29.406183     3.58320000e-03
29.415985     3.56711000e-03
29.425791     3.56856000e-03
29.435599     3.09539000e-03
29.445411     3.43583000e-03
29.455226     3.50709000e-03
29.465045     3.41815000e-03
29.474866     3.43420000e-03
29.484691     3.24822000e-03
29.494519     2.88470000e-03
29.504351     2.77526000e-03
29.514186     2.96028000e-03
29.524024     2.91920000e-03
29.533865     3.12899000e-03
29.543710     2.76480000e-03
29.553558     3.22517000e-03
29.563409     3.12411000e-03
29.573263     2.93060000e-03
29.583121     2.95420000e-03
29.592982     3.23415000e-03
29.602846     3.39559000e-03
29.612714     3.45841000e-03
29.622585     3.42238000e-03
29.632459     3.57414000e-03
29.642337     3.48502000e-03
29.652217     3.49957000e-03
29.662101     3.70033000e-03
29.671989     3.23050000e-03
29.681880     3.17407000e-03
29.691773     3.76068000e-03
29.701671     3.59871000e-03
29.711571     3.33827000e-03
29.721475     3.53248000e-03
29.731382     3.26566000e-03
29.741293     3.71513000e-03
29.751206     3.60416000e-03
29.761124     3.76561000e-03
29.771044     3.74275000e-03
29.780968     3.51681000e-03
29.790895     3.18116000e-03
29.800825     3.21543000e-03
29.810758     3.35319000e-03
29.820695     2.49944000e-03
29.830636     3.01522000e-03
29.840579     2.91678000e-03
29.850526     2.91298000e-03
29.860476     3.26513000e-03
29.870430     3.29043000e-03
29.880387     3.32215000e-03
29.890347     3.36427000e-03
29.900310     3.46292000e-03
29.910277     3.36601000e-03
29.920247     3.06279000e-03
29.930220     2.97528000e-03
29.940197     3.33447000e-03
29.950177     3.48415000e-03
29.960161     3.18439000e-03
29.970147     3.68871000e-03
29.980137     3.35354000e-03
29.990131     3.55626000e-03
30.000128     3.07281000e-03
30.010127     3.71863000e-03
30.020131     3.67953000e-03
30.030138     3.67843000e-03
30.040148     3.66408000e-03
30.050161     3.61906000e-03
30.060178     3.74029000e-03
30.070198     3.61073000e-03
30.080221     2.54809000e-03
30.090248     3.61778000e-03
30.100278     3.41278000e-03
30.110311     3.33378000e-03
30.120348     3.53010000e-03
30.130388     3.47072000e-03
30.140432     2.88932000e-03
30.150479     3.16216000e-03
30.160529     3.22826000e-03
30.170582     3.24718000e-03
30.180639     2.91682000e-03
30.190699     3.03377000e-03
30.200763     3.29139000e-03
30.210830     3.44544000e-03
30.220900     3.40872000e-03
30.230974     3.19822000e-03
30.241051     3.58015000e-03
30.251131     2.94674000e-03
30.261215     3.67287000e-03
30.271302     3.65160000e-03
30.281392     3.18688000e-03
30.291486     3.47693000e-03
30.301583     3.53724000e-03
30.311684     3.35457000e-03
30.321788     3.19074000e-03
30.331895     3.52813000e-03
30.342006     3.59270000e-03
30.352120     3.55833000e-03
30.362237     3.58829000e-03
30.372358     3.55260000e-03
30.382482     3.48709000e-03
30.392609     3.43094000e-03
30.402740     3.19966000e-03
30.412874     3.24278000e-03
30.423012     3.36944000e-03
30.433153     3.30658000e-03
30.443297     3.00547000e-03
30.453445     3.02210000e-03
30.463596     2.95475000e-03
30.473751     2.79710000e-03
30.483909     2.96699000e-03
30.494070     2.99164000e-03
30.504235     2.16286000e-03
30.514403     2.86915000e-03
30.524574     2.64500000e-03
30.534749     2.83574000e-03
30.544927     2.94240000e-03
30.555109     3.03041000e-03
30.565294     3.13155000e-03
30.575483     3.20858000e-03
30.585674     3.26848000e-03
30.595870     3.29770000e-03
30.606068     3.29811000e-03
30.616270     3.36869000e-03
30.626476     3.18404000e-03
30.636685     3.11598000e-03
30.646897     3.00005000e-03
30.657112     3.36085000e-03
30.667331     3.33513000e-03
30.677554     3.35237000e-03
30.687780     3.01627000e-03
30.698009     2.95468000e-03
30.708242     3.23680000e-03
30.718478     3.31005000e-03
30.728717     3.35542000e-03
30.738960     3.48248000e-03
30.749206     2.92005000e-03
30.759456     3.26844000e-03
30.769709     3.34885000e-03
30.779966     2.89401000e-03
30.790226     3.31428000e-03
30.800489     3.39177000e-03
30.810756     3.37791000e-03
30.821026     3.32572000e-03
30.831300     3.24888000e-03
30.841577     3.13737000e-03
30.851858     2.88508000e-03
30.862142     2.88747000e-03
30.872429     2.78438000e-03
30.882720     2.90773000e-03
30.893014     2.98048000e-03
30.903312     2.92665000e-03
30.913613     3.13124000e-03
30.923917     3.21601000e-03
30.934225     2.80054000e-03
30.944537     3.42778000e-03
30.954852     3.40491000e-03
30.965170     3.49987000e-03
30.975492     3.54345000e-03
30.985817     3.54456000e-03
30.996145     3.43917000e-03
31.006477     3.58315000e-03
31.016813     3.59698000e-03
31.027152     3.54326000e-03
31.037494     3.48773000e-03
31.047840     3.02800000e-03
31.058189     3.39942000e-03
31.068542     3.18180000e-03
31.078898     3.14931000e-03
31.089258     3.06900000e-03
31.099621     3.34152000e-03
31.109987     3.30551000e-03
31.120358     3.27109000e-03
31.130731     3.10164000e-03
31.141108     2.77530000e-03
31.151488     2.93869000e-03
31.161872     3.08803000e-03
31.172259     2.81454000e-03
31.182650     3.09848000e-03
31.193044     3.11855000e-03
31.203442     2.97330000e-03
31.213843     2.89776000e-03
31.224248     3.07270000e-03
31.234656     3.25358000e-03
31.245067     2.92280000e-03
31.255482     3.21156000e-03
31.265901     3.10172000e-03
31.276323     3.43274000e-03
31.286748     3.57617000e-03
31.297177     3.60358000e-03
31.307610     3.67738000e-03
31.318046     3.70208000e-03
31.328485     3.73736000e-03
31.338928     3.29645000e-03
31.349374     3.76695000e-03
31.359824     3.74305000e-03
31.370277     3.09588000e-03
31.380734     3.08587000e-03
31.391194     3.65216000e-03
31.401658     3.86372000e-03
31.412125     3.38268000e-03
31.422596     2.83542000e-03
31.433070     3.70916000e-03
31.443548     2.91203000e-03
31.454029     3.77622000e-03
31.464513     3.73311000e-03
31.475002     3.46764000e-03
31.485493     3.74672000e-03
31.495988     2.88483000e-03
31.506487     3.34507000e-03
31.516989     3.22754000e-03
31.527495     3.62446000e-03
31.538004     3.64700000e-03
31.548517     3.53631000e-03
31.559033     3.72921000e-03
31.569553     3.71916000e-03
31.580076     2.96185000e-03
31.590602     3.68752000e-03
31.601133     3.83715000e-03
31.611666     3.87256000e-03
31.622204     3.67271000e-03
31.632744     3.75482000e-03
31.643289     3.48876000e-03
31.653836     3.52857000e-03
31.664388     3.38269000e-03
31.674943     3.68762000e-03
31.685501     3.53070000e-03
31.696063     3.02770000e-03
31.706628     2.74096000e-03
31.717197     3.28857000e-03
31.727769     3.04640000e-03
31.738345     2.21576000e-03
31.748925     3.06826000e-03
31.759508     3.29427000e-03
31.770094     3.11604000e-03
31.780684     3.49182000e-03
31.791278     3.61985000e-03
31.801875     3.66986000e-03
31.812475     3.34265000e-03
31.823080     3.20883000e-03
31.833687     3.04987000e-03
31.844299     3.76966000e-03
31.854913     3.57119000e-03
31.865532     3.78992000e-03
31.876153     3.73295000e-03
31.886779     3.67513000e-03
31.897408     3.56587000e-03
31.908040     3.39376000e-03
31.918676     3.15876000e-03
31.929316     3.10958000e-03
31.939959     3.37474000e-03
31.950606     2.86950000e-03
31.961256     3.37947000e-03
31.971909     3.03672000e-03
31.982567     3.59781000e-03
31.993228     3.23115000e-03
32.003892     3.43168000e-03
32.014560     3.59645000e-03
32.025231     3.46961000e-03
32.035907     3.54002000e-03
32.046585     2.96980000e-03
32.057267     3.24824000e-03
32.067953     3.12175000e-03
32.078643     2.71795000e-03
32.089335     3.08274000e-03
32.100032     3.19651000e-03
32.110732     3.45085000e-03
32.121435     3.53480000e-03
32.132143     3.34440000e-03
32.142853     2.93925000e-03
32.153568     3.58840000e-03
32.164285     3.38976000e-03
32.175007     3.72907000e-03
32.185732     3.24637000e-03
32.196460     3.35756000e-03
32.207193     3.73579000e-03
32.217928     3.81581000e-03
32.228668     3.54555000e-03
32.239410     3.35215000e-03
32.250157     3.44725000e-03
32.260907     3.50049000e-03
32.271661     2.51302000e-03
32.282418     3.04632000e-03
32.293179     3.58170000e-03
32.303943     3.61734000e-03
32.314711     3.09528000e-03
32.325483     3.57243000e-03
32.336258     3.23577000e-03
32.347037     3.73996000e-03
32.357819     3.61785000e-03
32.368605     3.33260000e-03
32.379394     3.61899000e-03
32.390188     2.59506000e-03
32.400984     2.88044000e-03
32.411785     2.53018000e-03
32.422589     3.51338000e-03
32.433396     2.94632000e-03
32.444207     3.58747000e-03
32.455022     3.71812000e-03
32.465840     3.62828000e-03
32.476662     3.01487000e-03
32.487488     3.44754000e-03
32.498317     3.22966000e-03
32.509150     3.63732000e-03
32.519986     2.99365000e-03
32.530826     3.60021000e-03
32.541670     3.47701000e-03
32.552517     3.14234000e-03
32.563368     3.68417000e-03
32.574222     3.77979000e-03
32.585080     3.75306000e-03
32.595942     3.76818000e-03
32.606807     3.70193000e-03
32.617676     3.74337000e-03
32.628549     3.21572000e-03
32.639425     3.62708000e-03
32.650305     3.63599000e-03
32.661188     3.63613000e-03
32.672075     3.31981000e-03
32.682966     3.43811000e-03
32.693860     3.67012000e-03
32.704758     3.45268000e-03
32.715660     3.54273000e-03
32.726565     3.25249000e-03
32.737474     3.53412000e-03
32.748386     3.47967000e-03
32.759302     3.47999000e-03
32.770222     3.24149000e-03
32.781146     3.31216000e-03
32.792073     2.81855000e-03
32.803003     2.94684000e-03
32.813938     3.14257000e-03
32.824876     2.97755000e-03
32.835817     2.97558000e-03
32.846763     3.22513000e-03
32.857712     3.31875000e-03
32.868664     3.29327000e-03
32.879620     3.34678000e-03
32.890580     2.87348000e-03
32.901544     3.30322000e-03
32.912511     3.25156000e-03
32.923482     2.85030000e-03
32.934456     3.13870000e-03
32.945434     3.05622000e-03
32.956416     2.93962000e-03
32.967402     2.89443000e-03
32.978391     2.92942000e-03
32.989384     2.82691000e-03
33.000380     2.85623000e-03
33.011380     2.86492000e-03
33.022384     2.46105000e-03
33.033391     2.73798000e-03
33.044403     2.88684000e-03
33.055417     3.04823000e-03
33.066436     3.13342000e-03
33.077458     3.14790000e-03
33.088484     3.19709000e-03
33.099513     3.10624000e-03
33.110546     3.09886000e-03
33.121583     2.92926000e-03
33.132624     2.71867000e-03
33.143668     3.07807000e-03
33.154716     3.04720000e-03
33.165768     3.19483000e-03
33.176823     2.81143000e-03
33.187882     3.29185000e-03
33.198944     3.03385000e-03
33.210011     3.18868000e-03
33.221081     2.90550000e-03
33.232154     3.18784000e-03
33.243232     3.37475000e-03
33.254313     3.43413000e-03
33.265398     3.42251000e-03
33.276486     3.24677000e-03
33.287578     2.93522000e-03
33.298674     3.34468000e-03
33.309774     3.50192000e-03
33.320877     3.51808000e-03
33.331984     3.37509000e-03
33.343094     3.48007000e-03
33.354209     3.32326000e-03
33.365327     3.20273000e-03
33.376449     3.52291000e-03
33.387574     3.61000000e-03
33.398703     3.60782000e-03
33.409836     3.63889000e-03
33.420973     3.60656000e-03
33.432113     3.54791000e-03
33.443257     2.84998000e-03
33.454405     3.27638000e-03
33.465556     3.45621000e-03
33.476712     2.69520000e-03
33.487871     3.24111000e-03
33.499033     3.05701000e-03
33.510199     2.75025000e-03
33.521370     3.04308000e-03
33.532543     3.07704000e-03
33.543721     3.33316000e-03
33.554902     3.38251000e-03
33.566087     3.45314000e-03
33.577276     3.60652000e-03
33.588468     3.55061000e-03
33.599664     3.35223000e-03
33.610864     2.90502000e-03
33.622068     3.57857000e-03
33.633275     3.32815000e-03
33.644486     3.38646000e-03
33.655701     3.77004000e-03
33.666920     3.83878000e-03
33.678142     3.17430000e-03
33.689368     2.61706000e-03
33.700598     3.43332000e-03
33.711831     3.74248000e-03
33.723069     3.51237000e-03
33.734310     3.52439000e-03
33.745554     3.83185000e-03
33.756803     3.21202000e-03
33.768055     3.70193000e-03
33.779311     3.51572000e-03
33.790571     3.25344000e-03
33.801835     2.98548000e-03
33.813102     3.67786000e-03
33.824373     3.78740000e-03
33.835648     3.37660000e-03
33.846926     3.69769000e-03
33.858209     3.89768000e-03
33.869495     3.75796000e-03
33.880784     3.83612000e-03
33.892078     3.69085000e-03
33.903375     3.89696000e-03
33.914676     3.83418000e-03
33.925981     3.47972000e-03
33.937290     3.91004000e-03
33.948602     3.63444000e-03
33.959919     3.62290000e-03
33.971239     3.39924000e-03
33.982562     3.23094000e-03
33.993890     3.48900000e-03
34.005221     3.78858000e-03
34.016556     3.71862000e-03
34.027895     3.40120000e-03
34.039238     3.78094000e-03
34.050584     3.18446000e-03
34.061934     3.88657000e-03
34.073288     3.86692000e-03
34.084646     3.65160000e-03
34.096008     3.43346000e-03
34.107373     3.42223000e-03
34.118742     3.06837000e-03
34.130115     3.64887000e-03
34.141492     3.65232000e-03
34.152872     3.15577000e-03
34.164257     3.62436000e-03
34.175645     3.82976000e-03
34.187036     3.83749000e-03
34.198432     3.84997000e-03
34.209832     3.84038000e-03
34.221235     3.64044000e-03
34.232642     3.57561000e-03
34.244053     3.37685000e-03
34.255468     3.64260000e-03
34.266886     3.61960000e-03
34.278308     3.70311000e-03
34.289735     3.62976000e-03
34.301164     3.45945000e-03
34.312598     2.66842000e-03
34.324036     3.43360000e-03
34.335477     3.49734000e-03
34.346922     3.04299000e-03
34.358371     3.38331000e-03
34.369824     3.42004000e-03
34.381281     3.25273000e-03
34.392741     2.95757000e-03
34.404205     3.05608000e-03
34.415673     3.24992000e-03
34.427145     3.42925000e-03
34.438621     3.53161000e-03
34.450100     3.54026000e-03
34.461584     3.45582000e-03
34.473071     3.47655000e-03
34.484562     3.36065000e-03
34.496057     3.22508000e-03
34.507556     2.92789000e-03
34.519058     3.10399000e-03
34.530564     3.13878000e-03
34.542075     2.96363000e-03
34.553589     2.92623000e-03
34.565106     3.12871000e-03
34.576628     3.29738000e-03
34.588154     3.40690000e-03
34.599683     3.49945000e-03
34.611216     3.55238000e-03
34.622753     3.54686000e-03
34.634294     3.56640000e-03
34.645839     3.67098000e-03
34.657388     3.65958000e-03
34.668940     3.57154000e-03
34.680496     3.13332000e-03
34.692057     3.43827000e-03
34.703621     3.02733000e-03
34.715189     3.47741000e-03
34.726760     3.22855000e-03
34.738336     2.92624000e-03
34.749915     3.21082000e-03
34.761499     3.40699000e-03
34.773086     3.31411000e-03
34.784677     3.64039000e-03
34.796272     3.69307000e-03
34.807870     3.70376000e-03
34.819473     3.56943000e-03
34.831080     3.59557000e-03
34.842690     3.45085000e-03
34.854304     2.95685000e-03
34.865922     3.37789000e-03
34.877544     3.15684000e-03
34.889170     3.60840000e-03
34.900800     3.65067000e-03
34.912433     3.36045000e-03
34.924071     3.37109000e-03
34.935712     3.56309000e-03
34.947358     3.52993000e-03
34.959007     3.46859000e-03
34.970660     3.41070000e-03
34.982317     2.58557000e-03
34.993977     3.03405000e-03
