# wavelength(um)    fp/fs
0.100007     9.24477000e-05
0.100040     5.56897000e-05
0.100074     9.99637000e-05
0.100107     1.01162000e-04
0.100140     9.67231000e-05
0.100174     9.74117000e-05
0.100207     2.53126000e-05
0.100241     9.67352000e-05
0.100274     9.46471000e-05
0.100307     8.60110000e-05
0.100341     8.08856000e-05
0.100374     6.95242000e-05
0.100408     1.01502000e-04
0.100441     1.01087000e-04
0.100475     9.75489000e-05
0.100508     7.04752000e-05
0.100542     9.80794000e-05
0.100575     8.80415000e-05
0.100609     8.77282000e-05
0.100642     2.31465000e-05
0.100676     8.98268000e-05
0.100709     7.39658000e-05
0.100743     9.41662000e-05
0.100777     9.75152000e-05
0.100810     8.15151000e-05
0.100844     6.59104000e-08
0.100877     7.04674000e-05
0.100911     9.92896000e-05
0.100945     9.45762000e-05
0.100978     8.98972000e-05
0.101012     9.92142000e-05
0.101046     6.62812000e-05
0.101079     9.74393000e-05
0.101113     9.98736000e-05
0.101147     9.86811000e-05
0.101180     9.85531000e-05
0.101214     9.68931000e-05
0.101248     6.85395000e-05
0.101282     8.46518000e-05
0.101315     9.66445000e-05
0.101349     7.57911000e-05
0.101383     2.48192000e-05
0.101417     8.57893000e-05
0.101451     9.31741000e-05
0.101484     8.44849000e-05
0.101518     9.67287000e-05
0.101552     9.58381000e-05
0.101586     8.79236000e-05
0.101620     9.67689000e-05
0.101654     9.59443000e-05
0.101688     5.87863000e-05
0.101721     9.38865000e-05
0.101755     8.79562000e-05
0.101789     4.53207000e-05
0.101823     5.35955000e-08
0.101857     8.50671000e-05
0.101891     8.81153000e-05
0.101925     8.64667000e-05
0.101959     2.16908000e-05
0.101993     7.26672000e-05
0.102027     8.34861000e-05
0.102061     7.90355000e-05
0.102095     7.85085000e-05
0.102129     7.39770000e-05
0.102163     6.78466000e-05
0.102197     5.85573000e-05
0.102231     4.44176000e-05
0.102265     2.25952000e-05
0.102299     3.93082000e-07
0.102333     1.63181000e-05
0.102368     3.89618000e-05
0.102402     4.61212000e-05
0.102436     4.41730000e-05
0.102470     6.58040000e-05
0.102504     7.24684000e-05
0.102538     7.91609000e-05
0.102573     3.01894000e-05
0.102607     5.42317000e-05
0.102641     7.93413000e-05
0.102675     7.14555000e-05
0.102709     7.18738000e-05
0.102744     1.45901000e-05
0.102778     7.34095000e-05
0.102812     7.99988000e-05
0.102846     7.88022000e-05
0.102881     5.80114000e-05
0.102915     8.04263000e-05
0.102949     8.95974000e-05
0.102984     8.88737000e-05
0.103018     3.14622000e-06
0.103052     8.08015000e-05
0.103087     1.75482000e-05
0.103121     8.12846000e-05
0.103155     7.58716000e-05
0.103190     1.90070000e-07
0.103224     8.27956000e-05
0.103258     7.60147000e-05
0.103293     7.02611000e-05
0.103327     6.55547000e-05
0.103362     8.34735000e-05
0.103396     4.48319000e-08
0.103431     7.30081000e-08
0.103465     6.67185000e-05
0.103500     3.91316000e-05
0.103534     5.26382000e-07
0.103569     5.00977000e-05
0.103603     5.56047000e-05
0.103638     3.95268000e-05
0.103672     1.85687000e-05
0.103707     1.94253000e-05
0.103741     8.54653000e-06
0.103776     4.00664000e-05
0.103811     7.84431000e-09
0.103845     6.41730000e-05
0.103880     7.07197000e-05
0.103914     7.17239000e-05
0.103949     1.42700000e-06
0.103984     3.59730000e-05
0.104018     7.80812000e-05
0.104053     6.42401000e-05
0.104088     3.56790000e-05
0.104122     3.47041000e-05
0.104157     7.02702000e-05
0.104192     8.22839000e-05
0.104227     8.37486000e-05
0.104261     5.79025000e-05
0.104296     7.32748000e-05
0.104331     8.44856000e-05
0.104366     7.33147000e-05
0.104400     3.04113000e-05
0.104435     8.42241000e-05
0.104470     8.66202000e-05
0.104505     8.50628000e-05
0.104540     8.11035000e-05
0.104575     8.97827000e-05
0.104609     9.08100000e-05
0.104644     9.07396000e-05
0.104679     4.56441000e-05
0.104714     8.89486000e-05
0.104749     8.21442000e-05
0.104784     4.22907000e-05
0.104819     8.56180000e-05
0.104854     5.05857000e-08
0.104889     8.05104000e-05
0.104924     8.08767000e-05
0.104959     7.02372000e-05
0.104994     5.55700000e-05
0.105029     5.07065000e-05
0.105064     8.48897000e-05
0.105099     1.65400000e-05
0.105134     5.97744000e-05
0.105169     8.84759000e-05
0.105204     8.82171000e-05
0.105239     8.32438000e-05
0.105274     8.73749000e-05
0.105309     8.31060000e-05
0.105344     8.26095000e-05
0.105379     7.94272000e-05
0.105414     2.97410000e-08
0.105449     3.41895000e-08
0.105485     1.66879000e-05
0.105520     1.29335000e-06
0.105555     6.10811000e-05
0.105590     8.04893000e-05
0.105625     3.50894000e-08
0.105661     7.11755000e-05
0.105696     8.20682000e-05
0.105731     6.83430000e-05
0.105766     8.00221000e-05
0.105802     8.14422000e-05
0.105837     4.61295000e-08
0.105872     7.65130000e-05
0.105907     6.07699000e-05
0.105943     7.84611000e-05
0.105978     7.75849000e-05
0.106013     7.76024000e-05
0.106049     7.43156000e-05
0.106084     7.04955000e-05
0.106119     6.15951000e-05
0.106155     6.09975000e-05
0.106190     6.74857000e-05
0.106225     2.00417000e-05
0.106261     6.83031000e-05
0.106296     6.79111000e-05
0.106332     5.86787000e-05
0.106367     6.44711000e-05
0.106403     5.69680000e-05
0.106438     2.45936000e-05
0.106474     2.84849000e-05
0.106509     4.64792000e-05
0.106545     6.44354000e-06
0.106580     5.23233000e-05
0.106616     4.53737000e-05
0.106651     1.25158000e-05
0.106687     5.58315000e-06
0.106722     2.65861000e-05
0.106758     2.95301000e-05
0.106793     4.42257000e-05
0.106829     3.73284000e-05
0.106865     7.42770000e-06
0.106900     3.16476000e-07
0.106936     1.74454000e-07
0.106972     9.85409000e-07
0.107007     2.90799000e-06
0.107043     7.63849000e-09
0.107079     9.87916000e-06
0.107114     1.73490000e-05
0.107150     1.21640000e-05
0.107186     1.88510000e-08
0.107221     2.48204000e-06
0.107257     4.08900000e-07
0.107293     8.63020000e-09
0.107329     8.40033000e-07
0.107364     3.05570000e-06
0.107400     7.82296000e-09
0.107436     3.55986000e-06
0.107472     9.33771000e-06
0.107508     8.10090000e-08
0.107543     6.40014000e-06
0.107579     3.38726000e-07
0.107615     4.35469000e-06
0.107651     9.68604000e-06
0.107687     2.13372000e-08
0.107723     8.45308000e-09
0.107759     2.57990000e-07
0.107795     1.70717000e-06
0.107831     7.15761000e-07
0.107867     2.79669000e-08
0.107903     5.53026000e-06
0.107938     1.28092000e-06
0.107974     3.23077000e-06
0.108010     1.24401000e-05
0.108046     1.16363000e-07
0.108082     3.00062000e-06
0.108118     7.25560000e-06
0.108155     3.81508000e-06
0.108191     1.29129000e-05
0.108227     1.06971000e-05
0.108263     1.29479000e-06
0.108299     3.63196000e-06
0.108335     2.54567000e-06
0.108371     3.14028000e-06
0.108407     1.60797000e-06
0.108443     3.42082000e-05
0.108479     1.93817000e-07
0.108516     3.39175000e-05
0.108552     3.65766000e-05
0.108588     2.59124000e-05
0.108624     2.86897000e-05
0.108660     9.18348000e-07
0.108697     1.64643000e-08
0.108733     3.03656000e-07
0.108769     2.80224000e-05
0.108805     5.74322000e-07
0.108842     1.55423000e-08
0.108878     3.40688000e-08
0.108914     4.09359000e-07
0.108950     8.83258000e-07
0.108987     1.21059000e-05
0.109023     1.03320000e-05
0.109059     1.67436000e-08
0.109096     1.03417000e-06
0.109132     4.61135000e-06
0.109169     1.37600000e-06
0.109205     2.14530000e-06
0.109241     1.04815000e-06
0.109278     6.08223000e-06
0.109314     2.39115000e-05
0.109351     5.51473000e-08
0.109387     1.00239000e-05
0.109424     5.43158000e-06
0.109460     5.25876000e-06
0.109496     1.57509000e-05
0.109533     8.78877000e-09
0.109569     1.71822000e-05
0.109606     3.38551000e-05
0.109643     5.44749000e-05
0.109679     2.04560000e-08
0.109716     4.34507000e-06
0.109752     9.80708000e-06
0.109789     6.89460000e-07
0.109825     1.43184000e-08
0.109862     1.60235000e-07
0.109899     3.60407000e-05
0.109935     8.03911000e-06
0.109972     4.64086000e-05
0.110009     2.34365000e-05
0.110045     1.89089000e-06
0.110082     6.14095000e-06
0.110119     3.79752000e-05
0.110155     2.08920000e-05
0.110192     3.04284000e-06
0.110229     4.25358000e-05
0.110266     6.24355000e-05
0.110302     5.68995000e-05
0.110339     3.02280000e-08
0.110376     7.21271000e-05
0.110413     7.46776000e-05
0.110449     3.40946000e-07
0.110486     6.59908000e-05
0.110523     6.58892000e-05
0.110560     8.00207000e-05
0.110597     8.24994000e-05
0.110634     4.81821000e-05
0.110670     1.68372000e-05
0.110707     7.19152000e-05
0.110744     1.08401000e-07
0.110781     8.00592000e-05
0.110818     3.69549000e-07
0.110855     7.53683000e-05
0.110892     3.91807000e-05
0.110929     7.66561000e-05
0.110966     7.66645000e-05
0.111003     3.77381000e-05
0.111040     1.93301000e-08
0.111077     7.47645000e-05
0.111114     8.56604000e-05
0.111151     8.33426000e-05
0.111188     6.29014000e-05
0.111225     6.99411000e-05
0.111262     5.90054000e-05
0.111299     8.55561000e-05
0.111336     8.29022000e-05
0.111374     6.12804000e-05
0.111411     7.25637000e-05
0.111448     8.85327000e-05
0.111485     7.81523000e-05
0.111522     8.69990000e-05
0.111559     1.39011000e-08
0.111596     8.62841000e-05
0.111634     7.96537000e-05
0.111671     4.00166000e-05
0.111708     7.96411000e-05
0.111745     8.62021000e-05
0.111783     5.15265000e-05
0.111820     7.70410000e-05
0.111857     7.31134000e-06
0.111894     4.18027000e-05
0.111932     8.87905000e-05
0.111969     8.10249000e-05
0.112006     8.08740000e-05
0.112044     8.59930000e-05
0.112081     6.42426000e-05
0.112118     8.61129000e-05
0.112156     4.82657000e-07
0.112193     1.30137000e-08
0.112231     8.79977000e-05
0.112268     8.76067000e-05
0.112305     7.04442000e-07
0.112343     9.13631000e-05
0.112380     8.62263000e-05
0.112418     9.12681000e-05
0.112455     8.98729000e-05
0.112493     8.56384000e-05
0.112530     8.71421000e-05
0.112568     9.05740000e-05
0.112605     7.56508000e-05
0.112643     2.77856000e-07
0.112680     7.66421000e-05
0.112718     8.91458000e-05
0.112755     9.94360000e-06
0.112793     8.70713000e-05
0.112831     9.04975000e-05
0.112868     9.02643000e-05
0.112906     8.83248000e-05
0.112943     8.64974000e-05
0.112981     8.87991000e-05
0.113019     8.71955000e-05
0.113056     1.76051000e-05
0.113094     7.44712000e-05
0.113132     1.05171000e-07
0.113170     7.72019000e-05
0.113207     6.15095000e-05
0.113245     8.07648000e-05
0.113283     1.15238000e-06
0.113320     7.08056000e-05
0.113358     7.31670000e-05
0.113396     5.82119000e-05
0.113434     8.07057000e-06
0.113472     5.04137000e-05
0.113509     3.48780000e-08
0.113547     3.13040000e-06
0.113585     1.31106000e-05
0.113623     3.96941000e-05
0.113661     5.54426000e-05
0.113699     9.16954000e-07
0.113737     2.57780000e-05
0.113775     7.83106000e-06
0.113813     6.32411000e-08
0.113850     8.02548000e-05
0.113888     7.73408000e-09
0.113926     7.91730000e-05
0.113964     7.54748000e-05
0.114002     7.90137000e-08
0.114040     1.71245000e-08
0.114078     8.64796000e-05
0.114116     4.58672000e-05
0.114154     1.13045000e-06
0.114192     3.91934000e-07
0.114231     1.72019000e-05
0.114269     7.33856000e-05
0.114307     7.58167000e-05
0.114345     6.74571000e-05
0.114383     7.71292000e-05
0.114421     2.99677000e-07
0.114459     5.35631000e-05
0.114497     8.20626000e-05
0.114536     4.38830000e-05
0.114574     6.50608000e-09
0.114612     4.14342000e-07
0.114650     8.38893000e-05
0.114688     7.98003000e-05
0.114727     2.06083000e-05
0.114765     1.37630000e-06
0.114803     8.39935000e-05
0.114841     2.87677000e-07
0.114880     3.97259000e-06
0.114918     5.01963000e-05
0.114956     6.92965000e-05
0.114994     2.98796000e-05
0.115033     7.41626000e-05
0.115071     2.83530000e-08
0.115110     8.91742000e-05
0.115148     7.76880000e-05
0.115186     3.94856000e-05
0.115225     3.20571000e-05
0.115263     4.68654000e-06
0.115301     8.68248000e-05
0.115340     8.08377000e-05
0.115378     7.94256000e-05
0.115417     2.90609000e-05
0.115455     8.82413000e-05
0.115494     8.90385000e-05
0.115532     7.94089000e-05
0.115571     7.73701000e-05
0.115609     1.99853000e-05
0.115648     8.43090000e-05
0.115686     8.56786000e-05
0.115725     8.09171000e-05
0.115764     1.70936000e-06
0.115802     7.69582000e-05
0.115841     8.09861000e-05
0.115879     8.33682000e-05
0.115918     1.64707000e-07
0.115957     8.07497000e-05
0.115995     7.24282000e-05
0.116034     3.45545000e-05
0.116073     7.82816000e-05
0.116111     7.89339000e-05
0.116150     7.55013000e-05
0.116189     2.39710000e-08
0.116227     7.02388000e-05
0.116266     1.92195000e-07
0.116305     9.82555000e-08
0.116344     2.82485000e-05
0.116383     5.34979000e-09
0.116421     3.13703000e-05
0.116460     5.19243000e-05
0.116499     6.15144000e-05
0.116538     5.92902000e-05
0.116577     3.53963000e-05
0.116615     6.64856000e-05
0.116654     1.20842000e-07
0.116693     1.88260000e-05
0.116732     5.80078000e-05
0.116771     6.31136000e-05
0.116810     6.04361000e-05
0.116849     5.17413000e-05
0.116888     5.45736000e-05
0.116927     4.33295000e-05
0.116966     7.47326000e-07
0.117005     4.09510000e-05
0.117044     3.61088000e-05
0.117083     2.93059000e-05
0.117122     2.13953000e-05
0.117161     9.81191000e-07
0.117200     5.36445000e-06
0.117239     5.68303000e-07
0.117278     8.02770000e-07
0.117317     5.85295000e-06
0.117356     1.35679000e-05
0.117395     2.13923000e-05
0.117434     1.15362000e-05
0.117474     3.12156000e-05
0.117513     3.72001000e-05
0.117552     3.85325000e-05
0.117591     3.59458000e-05
0.117630     3.68441000e-05
0.117670     5.68301000e-07
0.117709     2.40968000e-05
0.117748     5.78598000e-06
0.117787     5.75328000e-06
0.117827     1.73046000e-08
0.117866     4.03071000e-06
0.117905     1.15617000e-05
0.117944     2.40457000e-05
0.117984     3.11358000e-05
0.118023     9.32088000e-09
0.118062     2.46432000e-05
0.118102     3.35633000e-05
0.118141     2.57413000e-05
0.118180     7.92097000e-07
0.118220     1.24019000e-06
0.118259     1.98969000e-07
0.118299     2.57699000e-06
0.118338     2.57858000e-06
0.118378     8.56166000e-08
0.118417     2.52018000e-05
0.118457     3.77918000e-06
0.118496     4.34244000e-07
0.118535     1.49444000e-06
0.118575     3.59651000e-06
0.118615     3.33518000e-07
0.118654     1.60815000e-05
0.118694     3.05227000e-05
0.118733     2.51822000e-05
0.118773     3.84325000e-05
0.118812     4.28319000e-05
0.118852     4.95105000e-05
0.118892     5.91007000e-05
0.118931     5.17856000e-08
0.118971     4.67416000e-05
0.119011     7.50528000e-06
0.119050     5.33179000e-05
0.119090     2.89630000e-05
0.119130     1.99733000e-05
0.119169     2.34317000e-06
0.119209     1.62858000e-05
0.119249     3.81307000e-05
0.119288     5.50674000e-05
0.119328     4.08350000e-05
0.119368     1.02873000e-07
0.119408     8.13528000e-06
0.119448     5.74957000e-05
0.119487     5.86621000e-05
0.119527     9.03590000e-08
0.119567     1.67958000e-05
0.119607     1.68953000e-05
0.119647     3.66459000e-05
0.119687     5.88971000e-05
0.119727     5.52364000e-06
0.119767     2.17122000e-05
0.119806     1.99974000e-05
0.119846     1.02556000e-06
0.119886     3.50280000e-09
0.119926     4.76312000e-05
0.119966     2.02400000e-05
0.120006     5.02333000e-05
0.120046     5.00640000e-05
0.120086     6.03187000e-05
0.120126     3.08802000e-05
0.120166     1.14739000e-05
0.120206     4.67150000e-06
0.120246     7.34794000e-05
0.120287     6.32938000e-09
0.120327     5.96527000e-05
0.120367     6.06373000e-05
0.120407     2.74929000e-05
0.120447     8.63890000e-07
0.120487     5.11752000e-05
0.120527     6.27195000e-05
0.120567     1.64678000e-07
0.120608     5.38249000e-05
0.120648     1.21760000e-05
0.120688     4.53107000e-05
0.120728     5.88063000e-06
0.120769     9.24027000e-08
0.120809     1.35823000e-06
0.120849     9.08463000e-06
0.120889     2.86001000e-08
0.120930     6.78342000e-05
0.120970     3.73506000e-05
0.121010     5.34573000e-05
0.121051     6.17810000e-06
0.121091     4.58949000e-05
0.121131     4.34966000e-05
0.121172     1.80324000e-08
0.121212     6.42326000e-05
0.121253     2.32817000e-08
0.121293     5.76347000e-09
0.121333     1.13237000e-06
0.121374     1.13042000e-07
0.121414     1.28309000e-08
0.121455     5.78622000e-05
0.121495     4.91064000e-06
0.121536     1.57604000e-08
0.121576     1.95917000e-07
0.121617     2.67255000e-05
0.121657     1.20857000e-08
0.121698     6.63029000e-05
0.121738     2.06162000e-05
0.121779     1.41669000e-07
0.121820     9.94524000e-09
0.121860     5.74924000e-05
0.121901     8.33593000e-06
0.121941     8.15046000e-07
0.121982     6.91327000e-05
0.122023     6.24263000e-07
0.122063     2.78003000e-05
0.122104     6.31791000e-05
0.122145     7.00691000e-05
0.122186     6.75003000e-05
0.122226     2.13614000e-08
0.122267     5.26396000e-08
0.122308     5.40645000e-05
0.122349     7.22199000e-06
0.122389     4.33719000e-07
0.122430     7.08199000e-05
0.122471     6.73741000e-05
0.122512     3.48503000e-07
0.122553     8.36084000e-08
0.122593     7.01629000e-05
0.122634     7.24165000e-05
0.122675     6.67131000e-05
0.122716     4.56546000e-05
0.122757     4.40754000e-05
0.122798     4.95457000e-05
0.122839     4.47910000e-05
0.122880     3.69882000e-05
0.122921     4.94622000e-06
0.122962     3.42640000e-05
0.123003     7.22370000e-06
0.123044     3.21994000e-05
0.123085     3.11545000e-09
0.123126     2.35909000e-06
0.123167     2.43854000e-05
0.123208     4.30842000e-05
0.123249     5.56678000e-05
0.123290     3.40899000e-05
0.123331     1.14653000e-05
0.123372     4.91386000e-05
0.123413     1.47076000e-05
0.123454     4.80756000e-05
0.123496     3.18377000e-05
0.123537     8.72301000e-06
0.123578     1.06592000e-07
0.123619     3.04282000e-09
0.123660     2.29805000e-07
0.123702     1.67262000e-05
0.123743     3.41325000e-05
0.123784     2.46986000e-05
0.123825     1.04322000e-05
0.123867     5.06153000e-05
0.123908     1.20085000e-05
0.123949     5.08706000e-05
0.123991     4.36891000e-05
0.124032     7.30474000e-09
0.124073     2.71249000e-05
0.124115     1.21528000e-06
0.124156     7.31085000e-07
0.124197     2.46895000e-05
0.124239     1.67598000e-05
0.124280     5.48743000e-05
0.124322     3.55022000e-07
0.124363     7.47172000e-07
0.124404     4.70950000e-06
0.124446     1.38567000e-05
0.124487     1.63643000e-05
0.124529     2.46051000e-09
0.124570     6.29821000e-06
0.124612     6.73652000e-06
0.124653     1.93747000e-08
0.124695     1.90492000e-06
0.124737     7.14017000e-06
0.124778     1.61290000e-05
0.124820     2.05180000e-05
0.124861     6.24759000e-06
0.124903     1.20285000e-05
0.124945     2.81510000e-08
0.124986     1.32416000e-05
0.125028     2.10105000e-06
0.125070     2.41698000e-06
0.125111     2.58318000e-08
0.125153     6.24834000e-06
0.125195     1.91867000e-06
0.125236     1.64718000e-05
0.125278     1.93229000e-06
0.125320     4.67762000e-06
0.125362     1.74990000e-08
0.125403     2.26664000e-05
0.125445     2.21709000e-05
0.125487     6.92454000e-06
0.125529     1.56496000e-06
0.125571     1.88625000e-07
0.125613     2.20299000e-07
0.125655     6.21141000e-06
0.125696     1.08017000e-06
0.125738     2.84283000e-06
0.125780     2.89592000e-09
0.125822     2.64939000e-08
0.125864     1.59066000e-06
0.125906     8.05773000e-06
0.125948     2.56131000e-07
0.125990     5.56078000e-06
0.126032     1.13985000e-06
0.126074     2.57765000e-06
0.126116     3.66919000e-06
0.126158     4.55788000e-09
0.126200     8.37098000e-07
0.126242     1.71827000e-07
0.126284     1.48978000e-08
0.126326     2.43579000e-07
0.126368     2.33000000e-07
0.126411     3.93190000e-07
0.126453     1.06149000e-06
0.126495     3.67669000e-08
0.126537     2.71673000e-06
0.126579     8.11674000e-07
0.126621     9.03594000e-08
0.126664     3.43606000e-07
0.126706     2.11663000e-06
0.126748     3.47017000e-09
0.126790     2.50068000e-07
0.126833     3.11398000e-06
0.126875     9.28799000e-09
0.126917     1.17695000e-07
0.126959     3.27133000e-07
0.127002     4.24027000e-08
0.127044     3.96282000e-08
0.127086     5.97574000e-08
0.127129     7.53763000e-08
0.127171     2.34474000e-08
0.127214     7.07417000e-07
0.127256     2.88860000e-09
0.127298     8.23272000e-06
0.127341     1.37325000e-05
0.127383     3.16458000e-09
0.127426     9.95686000e-08
0.127468     2.26785000e-09
0.127511     2.10738000e-05
0.127553     2.47634000e-06
0.127596     1.75120000e-06
0.127638     2.29162000e-09
0.127681     2.26385000e-06
0.127723     1.08744000e-05
0.127766     6.29394000e-07
0.127809     1.72734000e-05
0.127851     8.37590000e-06
0.127894     3.86063000e-07
0.127936     1.43278000e-07
0.127979     3.72631000e-07
0.128022     1.00415000e-05
0.128064     8.57439000e-09
0.128107     1.52581000e-05
0.128150     1.67723000e-05
0.128192     2.09806000e-05
0.128235     1.14621000e-06
0.128278     9.85874000e-06
0.128321     3.61154000e-07
0.128363     1.53560000e-05
0.128406     1.17370000e-05
0.128449     7.43075000e-06
0.128492     2.20168000e-05
0.128535     2.06420000e-05
0.128578     1.69232000e-05
0.128620     1.58398000e-05
0.128663     2.26963000e-07
0.128706     1.34882000e-08
0.128749     5.96009000e-08
0.128792     1.98936000e-05
0.128835     2.01144000e-05
0.128878     6.65797000e-06
0.128921     1.98961000e-08
0.128964     3.47643000e-08
0.129007     3.05713000e-06
0.129050     1.31297000e-05
0.129093     2.61674000e-05
0.129136     2.15078000e-05
0.129179     2.81114000e-09
0.129222     2.85937000e-05
0.129265     1.04697000e-07
0.129308     1.21984000e-05
0.129351     1.65532000e-05
0.129394     2.16655000e-06
0.129437     9.39776000e-06
0.129481     4.72074000e-08
0.129524     1.73664000e-08
0.129567     5.56076000e-09
0.129610     1.52453000e-05
0.129653     2.85657000e-06
0.129697     8.54506000e-06
0.129740     1.78436000e-06
0.129783     1.03155000e-05
0.129826     5.97622000e-08
0.129870     1.33722000e-05
0.129913     9.16610000e-06
0.129956     5.17579000e-09
0.129999     1.24699000e-05
0.130043     5.40458000e-07
0.130086     6.46806000e-06
0.130130     1.01689000e-07
0.130173     3.10281000e-09
0.130216     1.78072000e-06
0.130260     1.87543000e-05
0.130303     1.42141000e-05
0.130347     1.34742000e-05
0.130390     6.92226000e-09
0.130433     9.41645000e-08
0.130477     6.56999000e-06
0.130520     7.90623000e-06
0.130564     1.15019000e-05
0.130607     9.21413000e-06
0.130651     4.04951000e-09
0.130695     6.16298000e-06
0.130738     5.84811000e-06
0.130782     2.72741000e-07
0.130825     5.05322000e-06
0.130869     2.22684000e-06
0.130913     1.79878000e-09
0.130956     1.94750000e-06
0.131000     1.66654000e-06
0.131043     8.58207000e-07
0.131087     8.01074000e-08
0.131131     2.57129000e-07
0.131175     5.61234000e-08
0.131218     2.51351000e-09
0.131262     9.97626000e-08
0.131306     3.42381000e-07
0.131350     6.88039000e-07
0.131393     8.97323000e-07
0.131437     1.05167000e-07
0.131481     5.42216000e-07
0.131525     6.11345000e-07
0.131569     1.98352000e-07
0.131612     3.44418000e-08
0.131656     5.91291000e-07
0.131700     4.38977000e-07
0.131744     1.26218000e-06
0.131788     1.65929000e-06
0.131832     1.52151000e-09
0.131876     5.33919000e-07
0.131920     1.78199000e-07
0.131964     2.48788000e-07
0.132008     3.72214000e-07
0.132052     8.24645000e-07
0.132096     1.59599000e-08
0.132140     5.05649000e-07
0.132184     1.47369000e-06
0.132228     1.82238000e-07
0.132272     9.75892000e-07
0.132316     8.82486000e-07
0.132360     9.88933000e-07
0.132404     7.12164000e-08
0.132449     5.69105000e-07
0.132493     4.20886000e-06
0.132537     1.69979000e-06
0.132581     6.09531000e-06
0.132625     4.31781000e-06
0.132669     9.48444000e-09
0.132714     3.21316000e-07
0.132758     7.51685000e-06
0.132802     1.49901000e-09
0.132846     3.30436000e-06
0.132891     3.26857000e-06
0.132935     6.64152000e-06
0.132979     7.08015000e-08
0.133024     7.73409000e-06
0.133068     6.82373000e-06
0.133112     4.88339000e-06
0.133157     2.06087000e-06
0.133201     4.73260000e-08
0.133245     1.60510000e-06
0.133290     3.23354000e-06
0.133334     3.85685000e-06
0.133379     2.97916000e-06
0.133423     1.14687000e-06
0.133468     1.27781000e-07
0.133512     1.55476000e-07
0.133557     4.13780000e-09
0.133601     1.24628000e-08
0.133646     2.22512000e-06
0.133690     2.13159000e-06
0.133735     1.94710000e-06
0.133779     9.33138000e-08
0.133824     1.02549000e-06
0.133869     1.10518000e-07
0.133913     3.55338000e-07
0.133958     3.21985000e-07
0.134003     1.52675000e-08
0.134047     7.07264000e-08
0.134092     1.89529000e-09
0.134137     1.86653000e-06
0.134181     3.13904000e-06
0.134226     1.31300000e-06
0.134271     6.35710000e-09
0.134316     1.21021000e-06
0.134360     1.78858000e-09
0.134405     4.86137000e-06
0.134450     5.28718000e-06
0.134495     2.53959000e-06
0.134540     7.49836000e-08
0.134584     6.08799000e-07
0.134629     4.24776000e-07
0.134674     6.09717000e-08
0.134719     2.65405000e-09
0.134764     2.51514000e-06
0.134809     1.54120000e-07
0.134854     4.54704000e-06
0.134899     1.40171000e-07
0.134944     1.12223000e-06
0.134989     7.90088000e-08
0.135034     2.32807000e-06
0.135079     2.79730000e-06
0.135124     4.25624000e-06
0.135169     1.62092000e-05
0.135214     4.71023000e-06
0.135259     7.63166000e-06
0.135304     1.44322000e-05
0.135349     1.43353000e-05
0.135394     5.33645000e-06
0.135439     3.92151000e-08
0.135484     6.26915000e-06
0.135530     7.03773000e-06
0.135575     2.90265000e-06
0.135620     5.53406000e-07
0.135665     7.27004000e-07
0.135710     5.29768000e-08
0.135756     6.33805000e-07
0.135801     3.12564000e-08
0.135846     1.13249000e-06
0.135891     1.47342000e-06
0.135937     7.23109000e-07
0.135982     1.79496000e-09
0.136027     1.65108000e-07
0.136073     3.69342000e-07
0.136118     8.05642000e-09
0.136163     2.94490000e-07
0.136209     1.04723000e-06
0.136254     1.08245000e-06
0.136300     8.74203000e-07
0.136345     4.17607000e-07
0.136391     1.08799000e-07
0.136436     9.29176000e-07
0.136481     3.57454000e-07
0.136527     2.53848000e-07
0.136572     1.31295000e-08
0.136618     1.60631000e-08
0.136664     1.34328000e-06
0.136709     4.50121000e-07
0.136755     3.08206000e-08
0.136800     5.22182000e-08
0.136846     5.14069000e-07
0.136891     1.65986000e-07
0.136937     1.77149000e-07
0.136983     1.63985000e-08
0.137028     1.75300000e-06
0.137074     8.93078000e-07
0.137120     1.13634000e-07
0.137165     1.80630000e-08
0.137211     1.33992000e-06
0.137257     1.88434000e-08
0.137303     1.90684000e-06
0.137348     1.24629000e-06
0.137394     7.37073000e-07
0.137440     1.80493000e-06
0.137486     1.90352000e-07
0.137532     5.39256000e-07
0.137578     1.13100000e-05
0.137623     1.36681000e-05
0.137669     3.08597000e-07
0.137715     1.87793000e-05
0.137761     1.56918000e-09
0.137807     1.30792000e-05
0.137853     1.76500000e-05
0.137899     1.71461000e-08
0.137945     8.87429000e-09
0.137991     1.37628000e-05
0.138037     2.69520000e-05
0.138083     2.05537000e-05
0.138129     1.65760000e-06
0.138175     2.80663000e-05
0.138221     1.95495000e-05
0.138267     3.11870000e-05
0.138313     1.76711000e-06
0.138359     2.43362000e-05
0.138405     6.31087000e-06
0.138451     5.16413000e-06
0.138498     6.31308000e-06
0.138544     3.51914000e-06
0.138590     2.47973000e-08
0.138636     1.60619000e-05
0.138682     8.30750000e-07
0.138729     1.94531000e-05
0.138775     2.13118000e-05
0.138821     2.86190000e-05
0.138867     2.85205000e-05
0.138914     3.70250000e-05
0.138960     1.20415000e-05
0.139006     2.18367000e-07
0.139053     2.91895000e-05
0.139099     1.21872000e-05
0.139145     2.63562000e-05
0.139192     7.15806000e-07
0.139238     2.74552000e-06
0.139285     1.36279000e-05
0.139331     3.09295000e-05
0.139377     1.55297000e-05
0.139424     1.57631000e-05
0.139470     2.98664000e-05
0.139517     2.29953000e-05
0.139563     1.22122000e-07
0.139610     1.76758000e-05
0.139656     2.49189000e-05
0.139703     3.02589000e-05
0.139750     8.84811000e-06
0.139796     1.11650000e-05
0.139843     1.53099000e-05
0.139889     5.46867000e-06
0.139936     3.05750000e-05
0.139983     2.81649000e-05
0.140029     1.66481000e-09
0.140076     4.53149000e-05
0.140123     2.57073000e-05
0.140169     3.86315000e-05
0.140216     2.64785000e-05
0.140263     2.36245000e-05
0.140310     2.31550000e-06
0.140356     4.55942000e-05
0.140403     1.88812000e-05
0.140450     5.02181000e-05
0.140497     1.52073000e-05
0.140544     1.73732000e-05
0.140590     3.89753000e-05
0.140637     2.77859000e-05
0.140684     1.00268000e-05
0.140731     4.31469000e-05
0.140778     5.32574000e-05
0.140825     3.91003000e-05
0.140872     7.90180000e-06
0.140919     1.11773000e-05
0.140966     4.76994000e-06
0.141013     2.30264000e-05
0.141060     4.42443000e-05
0.141107     4.92234000e-05
0.141154     5.32680000e-05
0.141201     3.56996000e-05
0.141248     6.39988000e-06
0.141295     5.35599000e-08
0.141342     2.43921000e-05
0.141389     4.79892000e-05
0.141436     5.34112000e-05
0.141483     3.58527000e-05
0.141531     5.47760000e-05
0.141578     3.75820000e-05
0.141625     2.87777000e-05
0.141672     1.92950000e-05
0.141719     3.86705000e-06
0.141767     6.70082000e-06
0.141814     4.26457000e-05
0.141861     2.44067000e-05
0.141909     4.62132000e-05
0.141956     2.25950000e-06
0.142003     5.84391000e-05
0.142050     3.78278000e-05
0.142098     5.00822000e-05
0.142145     1.63449000e-06
0.142193     2.39579000e-05
0.142240     1.88344000e-05
0.142287     4.78278000e-05
0.142335     3.07711000e-05
0.142382     5.54952000e-05
0.142430     5.55058000e-05
0.142477     3.44572000e-07
0.142525     3.99763000e-05
0.142572     4.49479000e-06
0.142620     6.22956000e-05
0.142667     3.74588000e-05
0.142715     5.03271000e-05
0.142762     4.93255000e-06
0.142810     2.86354000e-07
0.142858     1.44082000e-05
0.142905     4.53883000e-05
0.142953     5.76476000e-05
0.143000     5.42998000e-05
0.143048     4.54866000e-05
0.143096     6.58392000e-06
0.143144     2.85665000e-09
0.143191     5.29311000e-06
0.143239     3.22405000e-05
0.143287     3.12033000e-05
0.143334     2.56076000e-06
0.143382     2.37834000e-06
0.143430     1.63162000e-06
0.143478     3.95961000e-05
0.143526     2.76711000e-05
0.143574     4.72239000e-05
0.143621     2.96329000e-05
0.143669     1.10514000e-05
0.143717     5.14112000e-07
0.143765     1.27209000e-05
0.143813     6.27664000e-07
0.143861     5.54689000e-05
0.143909     8.66317000e-06
0.143957     3.01020000e-08
0.144005     5.77779000e-06
0.144053     3.67958000e-09
0.144101     3.18704000e-05
0.144149     4.61495000e-05
0.144197     7.08114000e-06
0.144245     6.66201000e-06
0.144293     1.41330000e-05
0.144341     7.23696000e-06
0.144389     1.81423000e-05
0.144437     2.16265000e-08
0.144486     4.47524000e-05
0.144534     1.46034000e-05
0.144582     2.76867000e-05
0.144630     3.01135000e-05
0.144678     4.25206000e-05
0.144727     1.79403000e-08
0.144775     1.46811000e-08
0.144823     4.84662000e-05
0.144871     6.28649000e-05
0.144920     7.01887000e-06
0.144968     6.11563000e-05
0.145016     3.69977000e-05
0.145065     4.76644000e-06
0.145113     2.97476000e-05
0.145161     5.37382000e-05
0.145210     1.83432000e-05
0.145258     1.59456000e-05
0.145306     4.58540000e-05
0.145355     2.78868000e-05
0.145403     5.48003000e-05
0.145452     5.43917000e-09
0.145500     5.61393000e-05
0.145549     6.22044000e-05
0.145597     5.06865000e-06
0.145646     6.75982000e-05
0.145694     2.22969000e-05
0.145743     6.07886000e-05
0.145792     4.29776000e-05
0.145840     3.82047000e-05
0.145889     3.62239000e-05
0.145937     4.69057000e-05
0.145986     4.48197000e-05
0.146035     1.68396000e-05
0.146083     5.39935000e-09
0.146132     7.81132000e-06
0.146181     3.77266000e-05
0.146230     1.20044000e-05
0.146278     3.97378000e-05
0.146327     6.64669000e-05
0.146376     6.93232000e-05
0.146425     3.42686000e-05
0.146473     3.92010000e-05
0.146522     9.15570000e-07
0.146571     3.78254000e-05
0.146620     3.13970000e-05
0.146669     3.22348000e-05
0.146718     2.73208000e-05
0.146767     5.57502000e-05
0.146816     1.22800000e-08
0.146864     5.10623000e-06
0.146913     5.21503000e-05
0.146962     9.45026000e-06
0.147011     7.24837000e-09
0.147060     2.36350000e-06
0.147109     8.26131000e-06
0.147158     1.70473000e-05
0.147207     6.51875000e-05
0.147257     3.23646000e-05
0.147306     7.66285000e-07
0.147355     7.41929000e-05
0.147404     7.00647000e-05
0.147453     4.60213000e-05
0.147502     3.81237000e-05
0.147551     6.71504000e-05
0.147600     5.00508000e-06
0.147650     4.70071000e-05
0.147699     9.04756000e-08
0.147748     1.45900000e-05
0.147797     4.76536000e-05
0.147847     5.26101000e-05
0.147896     1.99472000e-05
0.147945     6.01730000e-05
0.147995     4.29364000e-05
0.148044     6.29287000e-05
0.148093     1.96259000e-08
0.148143     6.84464000e-05
0.148192     5.45774000e-06
0.148241     6.81411000e-05
0.148291     6.31530000e-05
0.148340     4.26409000e-05
0.148390     2.71558000e-05
0.148439     4.90234000e-08
0.148489     5.11463000e-05
0.148538     5.14442000e-06
0.148588     1.00261000e-05
0.148637     3.26830000e-05
0.148687     5.98895000e-06
0.148736     5.71498000e-08
0.148786     7.52082000e-05
0.148835     3.55419000e-05
0.148885     6.08041000e-05
0.148935     6.27347000e-05
0.148984     5.00765000e-05
0.149034     7.09541000e-05
0.149084     6.18562000e-05
0.149133     4.19648000e-05
0.149183     5.46383000e-05
0.149233     2.11789000e-07
0.149283     2.60246000e-08
0.149332     1.39793000e-05
0.149382     4.41612000e-05
0.149432     3.40427000e-05
0.149482     5.43709000e-08
0.149532     7.10895000e-05
0.149581     5.69635000e-05
0.149631     6.95801000e-05
0.149681     5.81713000e-05
0.149731     6.59517000e-05
0.149781     3.83877000e-09
0.149831     2.83929000e-05
0.149881     1.68388000e-07
0.149931     2.67998000e-05
0.149981     7.04032000e-08
0.150031     5.79272000e-05
0.150081     2.12464000e-05
0.150131     6.25992000e-05
0.150181     5.06449000e-05
0.150231     5.03983000e-05
0.150281     6.53109000e-05
0.150331     5.83139000e-09
0.150381     2.79967000e-05
0.150431     1.94924000e-05
0.150481     4.01258000e-05
0.150532     7.44774000e-05
0.150582     6.04591000e-06
0.150632     7.57509000e-05
0.150682     2.53957000e-05
0.150732     5.01083000e-05
0.150783     6.43386000e-05
0.150833     5.30672000e-05
0.150883     6.88119000e-05
0.150933     7.21602000e-05
0.150984     7.21075000e-05
0.151034     5.90828000e-05
0.151084     2.82171000e-05
0.151135     7.53231000e-05
0.151185     7.63421000e-05
0.151236     7.77102000e-05
0.151286     7.72777000e-05
0.151336     6.45236000e-05
0.151387     5.70535000e-05
0.151437     6.43182000e-05
0.151488     5.15806000e-05
0.151538     6.47362000e-05
0.151589     7.56032000e-05
0.151639     7.34733000e-05
0.151690     4.01456000e-06
0.151740     7.32158000e-05
0.151791     6.64167000e-05
0.151842     7.45291000e-05
0.151892     6.84088000e-05
0.151943     6.94512000e-05
0.151993     6.81710000e-05
0.152044     7.48390000e-05
0.152095     7.23574000e-05
0.152146     7.30131000e-05
0.152196     8.79739000e-06
0.152247     6.54009000e-05
0.152298     4.92162000e-05
0.152348     5.66549000e-05
0.152399     7.29771000e-05
0.152450     5.99217000e-05
0.152501     5.86281000e-05
0.152552     1.04843000e-05
0.152603     6.63667000e-05
0.152653     7.07136000e-05
0.152704     5.24776000e-05
0.152755     6.36114000e-05
0.152806     6.02422000e-05
0.152857     4.55694000e-05
0.152908     6.44605000e-05
0.152959     6.42573000e-05
0.153010     6.27940000e-05
0.153061     5.97362000e-05
0.153112     4.09059000e-05
0.153163     5.35145000e-05
0.153214     2.04534000e-05
0.153265     3.24070000e-05
0.153316     3.23007000e-05
0.153367     1.78026000e-05
0.153419     1.41680000e-08
0.153470     1.91980000e-06
0.153521     2.05520000e-05
0.153572     1.81949000e-05
0.153623     4.60922000e-06
0.153674     2.39124000e-07
0.153726     4.42115000e-06
0.153777     1.68625000e-06
0.153828     4.89526000e-07
0.153879     2.59173000e-06
0.153931     1.57946000e-05
0.153982     8.46791000e-06
0.154033     5.29414000e-06
0.154085     2.84578000e-09
0.154136     1.60594000e-05
0.154187     1.96643000e-06
0.154239     3.36160000e-06
0.154290     8.95315000e-06
0.154342     1.78903000e-05
0.154393     7.37071000e-06
0.154445     8.57686000e-08
0.154496     1.06661000e-06
0.154548     1.56882000e-08
0.154599     1.30709000e-06
0.154651     6.07559000e-06
0.154702     1.75470000e-08
0.154754     1.58392000e-05
0.154805     6.42051000e-09
0.154857     1.21970000e-05
0.154908     1.01304000e-05
0.154960     8.78965000e-09
0.155012     1.22162000e-05
0.155063     1.32036000e-07
0.155115     2.30490000e-06
0.155167     1.47016000e-05
0.155219     2.29447000e-09
0.155270     1.61865000e-05
0.155322     1.63992000e-08
0.155374     5.65562000e-06
0.155426     4.16213000e-05
0.155477     1.66048000e-05
0.155529     1.31574000e-05
0.155581     5.94361000e-08
0.155633     1.73628000e-05
0.155685     1.60295000e-07
0.155737     5.20719000e-05
0.155789     5.10883000e-07
0.155841     4.91028000e-05
0.155893     1.33308000e-05
0.155944     2.99268000e-06
0.155996     4.44727000e-05
0.156048     1.22811000e-05
0.156100     4.55569000e-05
0.156153     1.78002000e-09
0.156205     3.14614000e-05
0.156257     4.25776000e-05
0.156309     5.71427000e-05
0.156361     2.28623000e-05
0.156413     5.72086000e-05
0.156465     4.96704000e-05
0.156517     4.41853000e-05
0.156569     6.17581000e-06
0.156622     3.63690000e-05
0.156674     7.06431000e-06
0.156726     1.35667000e-05
0.156778     4.64900000e-05
0.156831     3.11020000e-06
0.156883     8.34898000e-06
0.156935     1.18932000e-05
0.156987     2.65198000e-05
0.157040     4.89625000e-06
0.157092     4.98496000e-06
0.157144     4.53902000e-05
0.157197     1.51509000e-06
0.157249     5.28517000e-05
0.157302     1.07763000e-06
0.157354     2.41866000e-05
0.157407     3.46330000e-05
0.157459     5.38475000e-06
0.157511     4.21402000e-05
0.157564     2.77721000e-06
0.157617     1.47562000e-09
0.157669     4.80810000e-05
0.157722     4.51046000e-05
0.157774     2.56466000e-07
0.157827     4.23642000e-05
0.157879     3.03972000e-05
0.157932     3.46993000e-05
0.157985     1.26533000e-09
0.158037     4.07409000e-05
0.158090     7.78627000e-09
0.158143     3.14625000e-05
0.158195     4.21867000e-05
0.158248     1.04287000e-07
0.158301     5.04159000e-05
0.158354     4.89049000e-05
0.158406     5.48518000e-05
0.158459     3.94196000e-05
0.158512     5.91321000e-06
0.158565     6.29720000e-09
0.158618     4.99570000e-06
0.158671     4.77694000e-06
0.158724     4.30631000e-05
0.158776     4.91832000e-05
0.158829     2.52837000e-05
0.158882     3.46522000e-05
0.158935     1.95832000e-05
0.158988     4.21452000e-05
0.159041     9.17681000e-06
0.159094     1.16373000e-05
0.159147     3.43707000e-05
0.159200     1.07105000e-05
0.159253     2.57505000e-06
0.159306     6.92646000e-06
0.159360     1.00509000e-05
0.159413     3.92610000e-05
0.159466     3.15141000e-05
0.159519     3.46930000e-05
0.159572     2.34652000e-06
0.159625     2.50207000e-06
0.159679     2.88221000e-05
0.159732     2.83801000e-05
0.159785     4.16823000e-07
0.159838     5.61852000e-06
0.159892     8.97507000e-10
0.159945     8.59903000e-06
0.159998     1.68471000e-05
0.160052     1.03027000e-05
0.160105     1.34426000e-08
0.160158     9.44453000e-06
0.160212     1.15385000e-05
0.160265     1.18685000e-06
0.160318     1.61246000e-09
0.160372     4.64497000e-06
0.160425     3.86212000e-08
0.160479     7.85391000e-10
0.160532     4.88669000e-06
0.160586     4.93005000e-07
0.160639     3.88616000e-08
0.160693     8.81758000e-07
0.160746     1.77425000e-06
0.160800     1.48117000e-08
0.160854     3.46095000e-09
0.160907     3.57229000e-07
0.160961     1.84842000e-08
0.161015     5.14542000e-08
0.161068     4.07630000e-07
0.161122     5.37121000e-07
0.161176     7.08814000e-10
0.161229     3.61328000e-06
0.161283     5.51618000e-06
0.161337     4.13168000e-06
0.161391     3.04755000e-08
0.161444     8.18247000e-06
0.161498     3.93294000e-06
0.161552     1.01411000e-05
0.161606     8.35940000e-06
0.161660     5.76504000e-06
0.161714     1.91949000e-07
0.161768     1.41704000e-05
0.161822     9.05431000e-07
0.161875     5.50812000e-06
0.161929     3.83333000e-06
0.161983     1.27740000e-05
0.162037     4.65064000e-09
0.162091     3.48366000e-09
0.162145     1.01204000e-06
0.162199     4.55703000e-07
0.162254     1.54849000e-09
0.162308     1.42863000e-06
0.162362     1.07191000e-05
0.162416     1.28247000e-05
0.162470     8.12255000e-10
0.162524     4.67058000e-08
0.162578     3.36703000e-08
0.162633     6.08689000e-06
0.162687     8.23447000e-10
0.162741     8.05350000e-06
0.162795     1.16109000e-05
0.162849     9.99018000e-06
0.162904     9.45671000e-06
0.162958     3.26590000e-09
0.163012     6.24500000e-10
0.163067     6.93642000e-06
0.163121     5.93052000e-06
0.163175     5.83469000e-09
0.163230     1.24513000e-08
0.163284     3.43987000e-08
0.163339     2.01394000e-06
0.163393     7.67489000e-07
0.163448     4.25727000e-07
0.163502     4.49857000e-07
0.163557     2.42971000e-08
0.163611     3.26212000e-08
0.163666     8.91219000e-09
0.163720     7.65019000e-10
0.163775     3.35649000e-07
0.163829     8.12411000e-07
0.163884     9.69666000e-09
0.163939     1.80534000e-06
0.163993     2.30830000e-09
0.164048     3.42729000e-06
0.164103     1.87202000e-06
0.164157     4.92162000e-06
0.164212     1.68623000e-06
0.164267     5.84363000e-06
0.164321     7.16397000e-06
0.164376     7.22687000e-06
0.164431     5.09400000e-07
0.164486     1.92219000e-07
0.164541     7.09510000e-06
0.164596     1.08243000e-06
0.164650     5.57463000e-06
0.164705     3.96063000e-07
0.164760     2.42555000e-06
0.164815     7.76294000e-06
0.164870     7.61624000e-06
0.164925     1.28122000e-05
0.164980     7.32444000e-06
0.165035     9.26128000e-06
0.165090     1.59824000e-05
0.165145     3.76694000e-06
0.165200     1.98743000e-05
0.165255     2.20115000e-05
0.165310     2.47659000e-05
0.165365     1.21169000e-05
0.165420     9.03692000e-10
0.165476     2.21166000e-07
0.165531     2.02163000e-05
0.165586     1.91530000e-07
0.165641     2.37580000e-07
0.165696     2.66321000e-05
0.165752     2.33511000e-05
0.165807     1.61235000e-05
0.165862     1.18674000e-06
0.165917     3.91676000e-06
0.165973     5.89492000e-06
0.166028     3.04683000e-05
0.166083     2.83557000e-05
0.166139     6.30796000e-09
0.166194     2.68402000e-09
0.166249     2.20007000e-05
0.166305     1.16882000e-05
0.166360     1.36001000e-05
0.166416     6.64663000e-06
0.166471     2.31782000e-05
0.166527     8.74994000e-08
0.166582     2.87190000e-05
0.166638     7.18814000e-06
0.166693     1.99403000e-05
0.166749     3.40930000e-07
0.166804     3.01856000e-05
0.166860     2.90359000e-05
0.166916     2.42573000e-05
0.166971     1.01870000e-05
0.167027     2.36161000e-06
0.167083     1.56391000e-05
0.167138     7.15642000e-06
0.167194     6.47120000e-06
0.167250     8.12298000e-10
0.167306     1.10968000e-05
0.167361     2.32420000e-06
0.167417     1.72356000e-09
0.167473     1.79102000e-06
0.167529     8.83794000e-08
0.167585     4.00101000e-09
0.167640     3.08298000e-06
0.167696     5.96531000e-08
0.167752     1.73597000e-06
0.167808     1.59337000e-06
0.167864     5.45914000e-08
0.167920     1.34935000e-07
0.167976     2.09406000e-07
0.168032     4.38835000e-07
0.168088     2.81398000e-08
0.168144     9.47747000e-09
0.168200     7.60340000e-09
0.168256     2.10005000e-06
0.168312     3.91453000e-06
0.168368     2.05917000e-06
0.168424     1.15921000e-06
0.168481     3.09799000e-07
0.168537     5.82626000e-06
0.168593     5.24390000e-07
0.168649     7.89901000e-06
0.168705     9.15235000e-09
0.168762     1.53758000e-09
0.168818     9.34399000e-06
0.168874     4.20034000e-06
0.168930     6.68152000e-06
0.168987     4.98528000e-06
0.169043     9.49901000e-06
0.169099     6.76504000e-06
0.169156     3.99644000e-06
0.169212     7.74472000e-06
0.169269     6.37611000e-06
0.169325     3.32166000e-07
0.169381     2.74465000e-05
0.169438     1.03233000e-09
0.169494     7.23352000e-10
0.169551     2.66447000e-05
0.169607     2.11677000e-05
0.169664     2.97781000e-05
0.169720     2.52470000e-05
0.169777     2.03187000e-05
0.169834     2.41791000e-05
0.169890     1.80148000e-05
0.169947     1.78402000e-05
0.170004     5.04084000e-06
0.170060     6.07917000e-06
0.170117     5.17641000e-09
0.170174     5.25878000e-06
0.170230     4.99510000e-08
0.170287     2.13701000e-07
0.170344     7.04027000e-10
0.170401     2.09505000e-07
0.170457     3.84251000e-07
0.170514     1.35275000e-06
0.170571     5.19495000e-06
0.170628     9.14556000e-07
0.170685     8.30956000e-06
0.170742     2.58046000e-06
0.170799     5.04860000e-07
0.170856     1.02055000e-05
0.170912     6.22994000e-06
0.170969     9.03008000e-10
0.171026     2.12687000e-07
0.171083     3.44198000e-06
0.171140     3.27116000e-07
0.171198     2.67386000e-06
0.171255     1.15350000e-06
0.171312     3.30452000e-06
0.171369     7.43404000e-06
0.171426     1.62663000e-07
0.171483     3.64416000e-08
0.171540     1.52544000e-08
0.171597     3.28198000e-08
0.171655     6.94897000e-08
0.171712     4.81119000e-06
0.171769     4.03071000e-08
0.171826     1.19121000e-06
0.171884     5.54565000e-06
0.171941     1.73679000e-06
0.171998     5.51112000e-07
0.172055     5.14834000e-06
0.172113     5.32525000e-06
0.172170     1.87256000e-06
0.172228     2.20113000e-07
0.172285     8.21018000e-07
0.172342     1.88116000e-07
0.172400     9.60355000e-07
0.172457     4.56603000e-06
0.172515     6.85355000e-06
0.172572     1.07094000e-05
0.172630     4.61884000e-06
0.172687     1.84084000e-06
0.172745     8.91961000e-06
0.172803     7.70290000e-06
0.172860     1.04435000e-05
0.172918     1.54653000e-05
0.172975     3.04536000e-06
0.173033     1.45762000e-06
0.173091     2.20290000e-06
0.173148     3.62890000e-06
0.173206     4.85906000e-06
0.173264     7.53043000e-08
0.173322     3.60063000e-06
0.173379     1.14420000e-05
0.173437     1.24703000e-05
0.173495     2.28491000e-05
0.173553     9.68221000e-07
0.173611     1.13774000e-06
0.173669     3.90250000e-06
0.173726     4.01944000e-06
0.173784     1.37003000e-06
0.173842     2.81890000e-05
0.173900     2.52855000e-06
0.173958     2.73471000e-05
0.174016     2.59995000e-05
0.174074     1.63444000e-05
0.174132     3.49458000e-07
0.174190     3.55210000e-05
0.174248     2.39137000e-06
0.174306     4.45787000e-06
0.174365     2.23107000e-05
0.174423     5.83475000e-09
0.174481     2.92615000e-05
0.174539     1.87256000e-07
0.174597     1.96180000e-05
0.174655     1.93138000e-05
0.174714     2.72144000e-05
0.174772     1.21213000e-06
0.174830     1.72271000e-05
0.174888     1.54795000e-05
0.174947     3.65909000e-06
0.175005     5.79240000e-06
0.175063     1.97160000e-06
0.175122     3.17344000e-05
0.175180     2.65709000e-05
0.175238     1.85774000e-06
0.175297     1.71151000e-05
0.175355     6.21317000e-10
0.175414     7.60356000e-06
0.175472     1.21099000e-05
0.175531     2.97347000e-05
0.175589     1.18098000e-07
0.175648     2.22334000e-06
0.175706     8.07954000e-08
0.175765     4.37826000e-06
0.175823     1.01053000e-06
0.175882     1.74527000e-06
0.175941     2.18587000e-06
0.175999     2.43453000e-05
0.176058     2.04312000e-05
0.176117     2.56267000e-06
0.176175     9.88620000e-07
0.176234     3.76220000e-07
0.176293     6.05734000e-08
0.176352     4.20277000e-06
0.176410     9.06799000e-07
0.176469     1.12777000e-05
0.176528     1.62087000e-08
0.176587     1.78259000e-05
0.176646     6.48425000e-06
0.176705     3.25511000e-05
0.176763     8.52947000e-06
0.176822     3.47525000e-07
0.176881     2.30972000e-06
0.176940     3.07153000e-06
0.176999     9.72476000e-06
0.177058     7.71103000e-08
0.177117     1.99714000e-07
0.177176     3.03024000e-05
0.177235     3.84600000e-05
0.177294     4.64751000e-05
0.177354     3.65244000e-05
0.177413     1.62988000e-05
0.177472     2.46822000e-05
0.177531     3.38987000e-05
0.177590     4.58403000e-05
0.177649     2.39945000e-05
0.177709     7.56774000e-06
0.177768     4.83153000e-05
0.177827     3.98762000e-05
0.177886     5.34053000e-05
0.177946     2.83689000e-05
0.178005     2.92990000e-05
0.178064     5.28926000e-05
0.178124     3.86306000e-05
0.178183     1.28960000e-05
0.178242     5.17377000e-05
0.178302     4.72575000e-05
0.178361     3.08195000e-05
0.178421     1.77145000e-05
0.178480     2.17861000e-05
0.178540     3.95285000e-05
0.178599     4.82641000e-05
0.178659     1.77388000e-05
0.178718     5.31574000e-05
0.178778     4.95735000e-05
0.178837     3.21476000e-05
0.178897     4.73482000e-05
0.178957     4.48577000e-05
0.179016     4.53389000e-05
0.179076     4.52334000e-05
0.179136     4.45591000e-05
0.179195     4.47229000e-05
0.179255     5.24901000e-05
0.179315     5.14723000e-05
0.179375     5.18181000e-05
0.179434     5.21655000e-05
0.179494     5.12354000e-05
0.179554     3.76861000e-05
0.179614     1.16752000e-05
0.179674     3.59978000e-05
0.179734     3.18670000e-05
0.179794     5.52319000e-06
0.179854     3.76172000e-05
0.179914     1.34549000e-05
0.179973     4.38891000e-05
0.180033     4.34594000e-05
0.180093     3.87413000e-05
0.180154     8.33093000e-06
0.180214     4.38038000e-10
0.180274     1.80947000e-05
0.180334     2.48720000e-05
0.180394     1.82756000e-05
0.180454     3.79677000e-05
0.180514     1.61132000e-07
0.180574     3.49355000e-05
0.180634     4.22456000e-05
0.180695     3.88370000e-05
0.180755     1.84558000e-06
0.180815     3.90759000e-05
0.180875     4.54810000e-07
0.180936     3.96670000e-05
0.180996     2.40091000e-05
0.181056     3.62921000e-05
0.181117     2.93110000e-05
0.181177     1.39222000e-05
0.181238     3.54882000e-05
0.181298     3.43192000e-05
0.181358     2.42669000e-05
0.181419     1.39250000e-05
0.181479     2.76079000e-05
0.181540     2.32646000e-05
0.181600     3.67673000e-05
0.181661     2.95635000e-05
0.181721     1.97324000e-05
0.181782     3.13363000e-05
0.181843     4.03298000e-05
0.181903     3.01675000e-05
0.181964     4.38423000e-06
0.182024     3.25020000e-05
0.182085     3.18732000e-05
0.182146     4.98402000e-06
0.182207     3.70255000e-05
0.182267     3.53888000e-05
0.182328     3.19931000e-05
0.182389     2.87823000e-05
0.182450     1.73018000e-05
0.182510     2.25092000e-06
0.182571     2.01791000e-05
0.182632     6.74936000e-06
0.182693     7.46051000e-06
0.182754     1.41404000e-06
0.182815     4.19311000e-07
0.182876     3.86925000e-06
0.182937     1.21325000e-05
0.182998     1.70290000e-05
0.183059     1.98286000e-05
0.183120     2.56369000e-05
0.183181     1.35528000e-05
0.183242     2.66732000e-05
0.183303     3.60085000e-07
0.183364     2.67112000e-05
0.183425     1.92892000e-05
0.183486     2.92935000e-05
0.183547     2.84587000e-05
0.183609     2.79850000e-05
0.183670     1.52571000e-05
0.183731     9.86852000e-06
0.183792     5.01586000e-06
0.183854     1.95305000e-05
0.183915     1.30422000e-05
0.183976     7.27922000e-07
0.184037     1.30995000e-05
0.184099     6.38597000e-07
0.184160     4.28906000e-08
0.184222     4.09341000e-06
0.184283     1.25244000e-05
0.184344     7.93917000e-06
0.184406     7.43663000e-06
0.184467     1.25357000e-05
0.184529     9.94724000e-06
0.184590     9.55399000e-06
0.184652     7.98019000e-06
0.184713     2.48667000e-06
0.184775     9.58294000e-07
0.184837     3.43283000e-07
0.184898     2.57003000e-06
0.184960     2.08785000e-06
0.185021     1.09625000e-06
0.185083     3.68863000e-07
0.185145     2.99550000e-08
0.185207     7.52044000e-08
0.185268     4.94695000e-07
0.185330     9.20635000e-07
0.185392     4.00343000e-08
0.185454     4.37232000e-07
0.185515     3.21295000e-07
0.185577     1.54075000e-07
0.185639     4.28202000e-07
0.185701     1.31863000e-06
0.185763     6.27148000e-09
0.185825     9.85823000e-07
0.185887     2.81641000e-06
0.185949     1.90076000e-06
0.186011     2.88115000e-06
0.186073     1.43170000e-06
0.186135     8.05518000e-07
0.186197     1.48267000e-07
0.186259     8.24896000e-08
0.186321     6.25834000e-07
0.186383     8.83520000e-08
0.186445     2.98858000e-07
0.186507     8.21823000e-08
0.186569     1.19075000e-07
0.186632     1.08212000e-07
0.186694     5.50459000e-08
0.186756     1.04624000e-06
0.186818     2.14022000e-06
0.186881     2.32585000e-06
0.186943     9.57248000e-07
0.187005     4.04246000e-08
0.187068     1.10782000e-07
0.187130     9.10889000e-07
0.187192     2.18772000e-08
0.187255     7.13987000e-08
0.187317     2.17933000e-08
0.187380     3.53425000e-07
0.187442     1.47379000e-06
0.187504     8.98579000e-07
0.187567     1.28810000e-06
0.187630     1.11093000e-07
0.187692     1.11835000e-06
0.187755     2.10849000e-06
0.187817     2.32493000e-07
0.187880     2.92992000e-08
0.187942     1.95756000e-06
0.188005     1.47510000e-06
0.188068     1.13496000e-06
0.188130     4.61567000e-09
0.188193     2.70294000e-06
0.188256     2.34077000e-06
0.188319     7.08903000e-07
0.188381     3.26307000e-09
0.188444     8.33983000e-07
0.188507     1.82317000e-06
0.188570     6.49874000e-07
0.188633     1.85238000e-06
0.188696     1.03729000e-06
0.188758     9.57006000e-08
0.188821     8.78677000e-08
0.188884     7.51641000e-07
0.188947     1.52971000e-06
0.189010     3.78337000e-06
0.189073     7.58701000e-06
0.189136     6.86386000e-06
0.189199     4.96358000e-06
0.189262     3.65524000e-06
0.189326     8.03934000e-06
0.189389     1.40929000e-05
0.189452     1.43411000e-06
0.189515     1.71926000e-05
0.189578     2.03271000e-05
0.189641     2.11550000e-05
0.189704     2.01793000e-05
0.189768     2.05967000e-05
0.189831     1.33809000e-05
0.189894     4.57919000e-06
0.189958     7.33565000e-06
0.190021     1.85653000e-05
0.190084     2.10615000e-05
0.190148     2.26449000e-05
0.190211     3.31134000e-06
0.190274     1.42303000e-05
0.190338     2.59112000e-08
0.190401     4.91638000e-06
0.190465     2.91159000e-06
0.190528     1.94108000e-05
0.190592     2.30362000e-05
0.190655     2.48083000e-05
0.190719     1.33763000e-05
0.190782     2.60955000e-05
0.190846     1.66233000e-05
0.190910     2.42345000e-05
0.190973     2.01008000e-05
0.191037     3.44450000e-06
0.191101     1.52279000e-05
0.191164     2.25314000e-05
0.191228     8.06369000e-07
0.191292     1.71192000e-05
0.191355     1.24044000e-05
0.191419     1.09205000e-05
0.191483     5.00900000e-06
0.191547     2.16501000e-06
0.191611     1.38306000e-05
0.191675     1.09507000e-06
0.191738     1.84258000e-06
0.191802     2.16818000e-05
0.191866     2.15477000e-07
0.191930     2.21338000e-05
0.191994     2.20366000e-05
0.192058     1.83310000e-05
0.192122     2.07511000e-05
0.192186     1.46529000e-05
0.192250     1.48406000e-05
0.192314     1.66987000e-05
0.192379     7.52151000e-06
0.192443     5.37622000e-06
0.192507     1.40109000e-05
0.192571     1.42374000e-05
0.192635     7.13055000e-06
0.192699     6.59774000e-06
0.192764     2.12994000e-06
0.192828     9.42230000e-06
0.192892     8.41935000e-06
0.192956     4.33576000e-06
0.193021     4.13235000e-07
0.193085     3.10495000e-06
0.193149     3.20947000e-06
0.193214     2.12878000e-06
0.193278     1.18569000e-06
0.193343     4.85458000e-07
0.193407     8.51527000e-08
0.193472     1.27576000e-08
0.193536     2.67908000e-07
0.193601     8.01057000e-07
0.193665     1.26920000e-06
0.193730     1.40625000e-08
0.193794     2.15658000e-06
0.193859     2.67387000e-06
0.193924     2.07786000e-06
0.193988     8.44855000e-07
0.194053     2.95231000e-08
0.194117     4.13814000e-07
0.194182     1.69661000e-06
0.194247     2.94297000e-06
0.194312     3.87065000e-06
0.194376     3.75303000e-06
0.194441     2.42190000e-06
0.194506     1.54949000e-07
0.194571     7.80362000e-07
0.194636     2.96974000e-07
0.194701     1.02321000e-09
0.194766     9.52696000e-07
0.194830     1.96689000e-06
0.194895     8.02451000e-07
0.194960     2.66231000e-09
0.195025     1.42345000e-09
0.195090     4.54435000e-07
0.195155     1.07272000e-09
0.195220     2.33677000e-08
0.195286     1.27209000e-07
0.195351     9.77830000e-07
0.195416     2.15287000e-06
0.195481     2.16554000e-06
0.195546     5.05734000e-07
0.195611     6.03581000e-09
0.195676     2.66962000e-07
0.195742     5.55208000e-07
0.195807     1.69484000e-07
0.195872     6.17848000e-09
0.195937     6.19863000e-07
0.196003     2.00960000e-08
0.196068     3.33647000e-07
0.196133     6.22301000e-08
0.196199     2.77897000e-08
0.196264     3.73319000e-07
0.196330     3.74034000e-07
0.196395     9.99949000e-08
0.196461     1.74013000e-06
0.196526     4.05952000e-06
0.196592     6.52992000e-06
0.196657     1.07392000e-09
0.196723     9.06404000e-06
0.196788     1.08376000e-05
0.196854     1.23674000e-05
0.196919     1.27469000e-05
0.196985     1.44098000e-05
0.197051     1.51758000e-05
0.197116     1.60060000e-05
0.197182     1.50817000e-05
0.197248     1.64178000e-05
0.197314     1.71685000e-05
0.197379     1.66909000e-05
0.197445     1.66338000e-05
0.197511     1.63072000e-06
0.197577     1.40706000e-05
0.197643     1.81573000e-05
0.197709     1.93676000e-05
0.197774     1.90588000e-05
0.197840     1.90109000e-05
0.197906     1.97732000e-05
0.197972     2.00095000e-05
0.198038     1.87196000e-05
0.198104     1.65073000e-05
0.198170     1.59523000e-05
0.198236     2.01633000e-05
0.198302     1.90166000e-05
0.198369     1.81238000e-05
0.198435     2.63670000e-06
0.198501     2.02550000e-05
0.198567     2.01822000e-05
0.198633     1.27591000e-05
0.198699     1.99645000e-05
0.198766     1.93165000e-05
0.198832     1.96942000e-05
0.198898     1.92675000e-05
0.198964     1.95332000e-05
0.199031     1.50314000e-05
0.199097     1.62816000e-05
0.199163     6.70714000e-06
0.199230     1.13145000e-05
0.199296     1.45639000e-05
0.199363     1.81802000e-05
0.199429     1.76073000e-05
0.199496     1.33961000e-05
0.199562     1.77205000e-05
0.199629     5.35667000e-06
0.199695     1.61162000e-05
0.199762     7.34903000e-06
0.199828     1.15923000e-05
0.199895     1.45036000e-05
0.199962     1.27157000e-05
0.200028     1.58802000e-05
0.200095     1.54290000e-05
0.200162     1.54232000e-05
0.200228     1.50668000e-05
0.200295     7.98466000e-06
0.200362     1.39175000e-05
0.200429     9.31307000e-06
0.200495     1.23313000e-05
0.200562     1.28681000e-05
0.200629     1.22659000e-05
0.200696     1.45747000e-08
0.200763     7.21388000e-06
0.200830     1.05203000e-05
0.200897     9.22935000e-06
0.200964     9.81394000e-06
0.201031     1.01238000e-05
0.201098     1.83819000e-06
0.201165     9.03473000e-06
0.201232     8.62297000e-06
0.201299     8.38835000e-06
0.201366     7.81727000e-06
0.201433     7.29383000e-06
0.201500     6.43034000e-08
0.201567     6.18236000e-06
0.201635     3.70451000e-06
0.201702     5.03748000e-06
0.201769     3.76933000e-06
0.201836     2.20558000e-06
0.201904     3.45881000e-06
0.201971     2.92178000e-06
0.202038     2.44699000e-06
0.202106     1.70477000e-06
0.202173     1.49744000e-06
0.202240     1.16787000e-06
0.202308     8.34436000e-07
0.202375     5.47305000e-07
0.202443     3.13450000e-07
0.202510     1.42172000e-07
0.202578     3.69856000e-08
0.202645     3.58337000e-08
0.202713     3.17702000e-08
0.202780     1.31053000e-07
0.202848     2.73171000e-07
0.202915     5.18424000e-07
0.202983     7.85184000e-07
0.203051     1.03377000e-06
0.203118     1.43665000e-06
0.203186     1.47886000e-06
0.203254     2.28789000e-06
0.203322     2.68916000e-06
0.203389     8.74600000e-07
0.203457     2.97616000e-06
0.203525     1.09736000e-07
0.203593     3.95383000e-06
0.203661     1.54616000e-06
0.203729     5.14981000e-06
0.203797     5.03077000e-06
0.203864     5.81019000e-06
0.203932     4.88871000e-06
0.204000     2.59081000e-06
0.204068     6.58995000e-06
0.204136     6.28570000e-06
0.204204     7.19150000e-06
0.204273     7.36384000e-06
0.204341     7.49437000e-06
0.204409     7.61729000e-06
0.204477     7.70046000e-06
0.204545     7.75928000e-06
0.204613     3.80844000e-06
0.204681     7.75133000e-06
0.204750     7.44016000e-06
0.204818     3.69472000e-06
0.204886     7.40145000e-06
0.204954     2.69816000e-06
0.205023     7.57160000e-06
0.205091     7.46330000e-06
0.205159     7.17253000e-06
0.205228     4.49645000e-06
0.205296     6.25026000e-06
0.205365     5.27518000e-06
0.205433     6.61761000e-06
0.205502     6.75490000e-06
0.205570     6.60556000e-06
0.205639     6.44143000e-06
0.205707     1.95194000e-06
0.205776     5.92810000e-06
0.205844     5.87643000e-06
0.205913     5.67161000e-06
0.205982     5.21749000e-06
0.206050     5.03859000e-06
0.206119     5.08990000e-06
0.206188     4.85609000e-06
0.206256     4.68867000e-06
0.206325     4.47445000e-06
0.206394     4.27294000e-06
0.206463     4.06232000e-06
0.206532     3.83909000e-06
0.206600     3.61841000e-06
0.206669     3.36045000e-06
0.206738     3.21808000e-06
0.206807     8.82732000e-07
0.206876     2.82077000e-06
0.206945     2.56915000e-06
0.207014     2.40508000e-06
0.207083     2.15192000e-06
0.207152     2.04058000e-06
0.207221     1.85985000e-06
0.207290     1.67722000e-06
0.207359     1.49592000e-06
0.207428     1.33892000e-06
0.207497     1.17352000e-06
0.207567     6.90580000e-07
0.207636     8.48553000e-07
0.207705     6.47739000e-07
0.207774     1.99778000e-07
0.207844     3.08467000e-07
0.207913     4.00139000e-07
0.207982     3.30420000e-07
0.208051     2.51125000e-07
0.208121     1.79103000e-07
0.208190     1.17745000e-07
0.208260     6.84192000e-08
0.208329     3.19973000e-08
0.208398     9.14774000e-09
0.208468     1.17313000e-09
0.208537     4.92780000e-09
0.208607     2.23398000e-08
0.208676     4.45014000e-08
0.208746     3.79007000e-08
0.208816     3.75274000e-09
0.208885     4.32590000e-08
0.208955     1.17356000e-07
0.209024     1.59899000e-07
0.209094     6.10573000e-08
0.209164     7.46782000e-09
0.209234     1.54445000e-07
0.209303     1.64145000e-07
0.209373     5.71287000e-08
0.209443     1.18030000e-09
0.209513     8.63382000e-08
0.209583     2.20046000e-07
0.209652     3.20514000e-07
0.209722     3.57748000e-07
0.209792     3.07985000e-07
0.209862     1.68577000e-07
0.209932     3.23072000e-08
0.210002     4.34304000e-08
0.210072     2.09118000e-09
0.210142     1.01887000e-09
0.210212     4.03847000e-08
0.210282     3.21102000e-09
0.210352     3.23936000e-09
0.210422     7.96653000e-08
0.210493     1.63926000e-07
0.210563     2.25265000e-07
0.210633     1.37717000e-07
0.210703     6.78906000e-10
0.210773     1.18329000e-07
0.210844     1.24214000e-07
0.210914     2.46181000e-08
0.210984     1.78002000e-08
0.211054     2.19220000e-07
0.211125     4.08826000e-07
0.211195     7.04773000e-08
0.211266     4.30712000e-07
0.211336     6.93419000e-08
0.211406     1.37425000e-07
0.211477     1.91836000e-07
0.211547     3.94073000e-08
0.211618     8.05590000e-08
0.211688     4.99565000e-07
0.211759     9.43306000e-08
0.211830     1.38669000e-06
0.211900     1.71707000e-06
0.211971     7.51789000e-07
0.212042     2.21207000e-06
0.212112     2.50793000e-06
0.212183     1.49207000e-06
0.212254     1.87258000e-07
0.212324     3.03412000e-06
0.212395     3.19349000e-06
0.212466     3.30772000e-06
0.212537     3.35257000e-06
0.212608     2.09422000e-06
0.212679     9.38318000e-07
0.212749     6.87976000e-10
0.212820     1.22365000e-06
0.212891     3.42896000e-06
0.212962     3.41617000e-06
0.213033     2.78519000e-06
0.213104     2.33222000e-06
0.213175     1.92719000e-06
0.213246     3.27537000e-07
0.213317     1.09342000e-06
0.213389     2.26045000e-06
0.213460     2.25989000e-06
0.213531     2.30477000e-06
0.213602     1.97879000e-06
0.213673     1.57708000e-06
0.213744     1.23225000e-06
0.213816     7.79397000e-07
0.213887     2.95955000e-07
0.213958     1.08707000e-07
0.214030     1.39862000e-09
0.214101     8.83449000e-08
0.214172     2.60051000e-07
0.214244     2.13051000e-07
0.214315     9.16743000e-07
0.214386     1.03926000e-06
0.214458     1.53678000e-08
0.214529     2.45007000e-07
0.214601     1.84198000e-08
0.214672     4.40998000e-07
0.214744     6.52258000e-08
0.214816     9.77254000e-08
0.214887     1.36939000e-06
0.214959     1.52871000e-06
0.215031     5.50591000e-09
0.215102     9.34096000e-07
0.215174     7.43434000e-09
0.215246     6.20042000e-07
0.215317     3.77674000e-07
0.215389     8.66258000e-08
0.215461     6.88641000e-07
0.215533     4.77791000e-07
0.215605     4.79089000e-07
0.215676     6.11189000e-07
0.215748     3.66661000e-07
0.215820     5.33215000e-08
0.215892     6.66215000e-08
0.215964     2.52277000e-09
0.216036     7.06944000e-09
0.216108     2.11633000e-07
0.216180     1.84674000e-07
0.216252     1.03249000e-07
0.216324     1.72512000e-07
0.216396     1.20339000e-07
0.216469     3.82800000e-08
0.216541     3.10004000e-08
0.216613     1.81504000e-08
0.216685     4.14636000e-09
0.216757     1.11569000e-09
0.216830     8.09278000e-09
0.216902     2.78488000e-08
0.216974     5.85363000e-08
0.217047     9.71637000e-08
0.217119     1.31525000e-07
0.217191     1.10974000e-08
0.217264     1.07527000e-07
0.217336     1.38412000e-08
0.217408     9.53991000e-08
0.217481     2.37166000e-07
0.217553     2.29238000e-07
0.217626     1.71261000e-07
0.217699     9.57596000e-08
0.217771     3.18345000e-08
0.217844     4.15139000e-09
0.217916     6.14692000e-09
0.217989     4.60675000e-08
0.218062     1.13041000e-07
0.218134     1.51880000e-07
0.218207     2.49688000e-07
0.218280     3.19532000e-07
0.218352     3.34590000e-07
0.218425     2.36139000e-07
0.218498     2.29244000e-07
0.218571     1.30671000e-07
0.218644     4.08145000e-08
0.218717     1.09607000e-06
0.218790     8.84392000e-09
0.218862     5.76114000e-08
0.218935     1.47044000e-07
0.219008     1.98026000e-07
0.219081     1.83986000e-07
0.219154     8.75020000e-08
0.219227     6.88892000e-09
0.219301     2.45439000e-08
0.219374     1.26925000e-07
0.219447     2.28373000e-07
0.219520     2.27985000e-07
0.219593     1.01721000e-07
0.219666     1.02088000e-09
0.219740     7.70320000e-08
0.219813     2.40902000e-07
0.219886     3.70030000e-07
0.219959     3.27549000e-07
0.220033     1.35502000e-07
0.220106     5.50820000e-09
0.220179     8.65538000e-09
0.220253     3.02525000e-07
0.220326     6.11486000e-07
0.220400     9.37076000e-07
0.220473     1.24463000e-06
0.220547     1.53260000e-06
0.220620     1.79883000e-06
0.220694     2.02503000e-06
0.220767     9.40794000e-07
0.220841     2.42516000e-06
0.220914     2.38771000e-06
0.220988     2.61492000e-06
0.221062     3.49123000e-08
0.221135     2.26736000e-08
0.221209     9.27606000e-07
0.221283     3.11244000e-06
0.221357     3.41802000e-06
0.221430     3.61112000e-06
0.221504     3.65529000e-06
0.221578     3.85269000e-06
0.221652     3.94017000e-06
0.221726     4.01240000e-06
0.221800     3.73666000e-06
0.221874     2.31963000e-06
0.221948     4.27816000e-06
0.222022     4.63491000e-07
0.222096     4.49215000e-06
0.222170     3.30758000e-06
0.222244     4.65157000e-06
0.222318     4.72383000e-06
0.222392     4.75057000e-06
0.222466     4.77584000e-06
0.222540     4.77920000e-06
0.222614     4.73018000e-06
0.222689     4.57021000e-06
0.222763     4.08034000e-06
0.222837     2.16152000e-06
0.222911     8.22005000e-07
0.222986     4.09172000e-07
0.223060     3.12143000e-06
0.223134     1.49154000e-06
0.223209     2.13070000e-07
0.223283     2.72575000e-06
0.223357     4.11349000e-06
0.223432     4.68628000e-06
0.223506     4.95334000e-06
0.223581     5.00856000e-06
0.223655     5.17304000e-06
0.223730     5.15299000e-06
0.223805     5.02826000e-06
0.223879     2.25721000e-06
0.223954     4.69244000e-06
0.224028     4.18914000e-06
0.224103     4.78255000e-06
0.224178     4.27690000e-06
0.224253     1.63296000e-06
0.224327     4.18674000e-08
0.224402     2.89035000e-06
0.224477     1.96494000e-06
0.224552     3.19956000e-06
0.224627     1.18069000e-07
0.224701     2.77765000e-06
0.224776     4.03628000e-06
0.224851     4.10124000e-06
0.224926     3.91038000e-06
0.225001     3.66243000e-06
0.225076     2.36232000e-06
0.225151     5.26268000e-09
0.225226     1.08999000e-06
0.225301     1.78297000e-06
0.225376     3.27090000e-06
0.225452     3.44472000e-06
0.225527     3.30507000e-06
0.225602     3.00421000e-06
0.225677     3.26358000e-08
0.225752     1.98840000e-06
0.225828     1.28650000e-06
0.225903     5.65426000e-07
0.225978     6.30144000e-08
0.226053     5.39977000e-08
0.226129     3.65623000e-07
0.226204     1.17435000e-06
0.226280     1.72709000e-06
0.226355     1.90449000e-06
0.226430     5.65621000e-07
0.226506     1.15208000e-06
0.226581     1.02749000e-07
0.226657     1.38808000e-06
0.226733     4.37321000e-07
0.226808     2.00537000e-07
0.226884     6.65769000e-07
0.226959     6.21151000e-08
0.227035     3.45849000e-07
0.227111     8.24206000e-07
0.227186     5.70814000e-07
0.227262     2.89060000e-08
0.227338     3.40836000e-07
0.227414     6.40808000e-07
0.227489     3.03454000e-07
0.227565     7.81452000e-08
0.227641     2.32174000e-08
0.227717     4.59798000e-08
0.227793     2.92851000e-07
0.227869     5.62023000e-07
0.227945     6.31750000e-08
0.228021     2.70400000e-07
0.228097     1.75124000e-07
0.228173     5.60510000e-07
0.228249     9.31672000e-08
0.228325     2.46374000e-07
0.228401     8.21915000e-07
0.228477     1.70474000e-09
0.228553     1.28514000e-07
0.228630     5.46825000e-07
0.228706     7.48311000e-07
0.228782     7.78422000e-08
0.228858     6.50087000e-07
0.228935     3.59225000e-07
0.229011     5.08463000e-07
0.229087     9.13503000e-07
0.229164     7.73753000e-07
0.229240     2.25426000e-07
0.229316     5.96748000e-08
0.229393     4.40174000e-07
0.229469     1.34640000e-07
0.229546     2.01846000e-07
0.229622     1.70723000e-07
0.229699     8.78530000e-08
0.229775     2.85933000e-08
0.229852     3.05782000e-09
0.229929     4.42696000e-09
0.230005     1.89581000e-08
0.230082     1.34471000e-08
0.230159     1.74461000e-07
0.230235     8.20572000e-09
0.230312     3.56991000e-07
0.230389     3.97436000e-07
0.230466     4.84053000e-07
0.230542     7.38754000e-07
0.230619     9.02932000e-07
0.230696     9.70055000e-07
0.230773     9.48210000e-07
0.230850     7.28170000e-07
0.230927     1.99599000e-07
0.231004     1.21595000e-07
0.231081     6.29464000e-07
0.231158     7.33622000e-07
0.231235     5.04481000e-07
0.231312     1.57635000e-07
0.231389     2.33812000e-09
0.231466     2.23236000e-07
0.231543     5.90607000e-07
0.231621     8.70448000e-07
0.231698     9.72139000e-07
0.231775     9.26391000e-07
0.231852     7.28387000e-07
0.231930     4.43971000e-07
0.232007     1.66040000e-07
0.232084     9.45019000e-09
0.232162     5.23087000e-08
0.232239     2.74624000e-07
0.232316     5.95201000e-07
0.232394     9.24345000e-07
0.232471     1.22629000e-06
0.232549     1.49514000e-06
0.232626     1.52602000e-06
0.232704     1.93704000e-06
0.232781     2.10370000e-06
0.232859     2.20844000e-06
0.232937     2.18661000e-06
0.233014     8.33143000e-07
0.233092     1.98159000e-06
0.233170     2.45540000e-06
0.233247     2.59121000e-06
0.233325     1.55962000e-06
0.233403     2.69484000e-06
0.233481     1.80279000e-06
0.233559     2.74421000e-06
0.233636     2.76430000e-06
0.233714     2.77354000e-06
0.233792     1.96307000e-06
0.233870     2.72868000e-06
0.233948     2.77541000e-06
0.234026     2.60737000e-06
0.234104     2.52780000e-06
0.234182     2.65291000e-06
0.234260     2.20871000e-06
0.234338     2.73705000e-06
0.234416     2.72561000e-06
0.234494     2.58312000e-06
0.234573     1.80642000e-06
0.234651     1.88249000e-06
0.234729     1.50825000e-06
0.234807     2.54033000e-06
0.234886     2.58665000e-06
0.234964     2.55520000e-06
0.235042     2.33032000e-06
0.235121     2.27676000e-07
0.235199     2.36589000e-06
0.235277     2.25505000e-06
0.235356     2.45704000e-06
0.235434     2.38397000e-06
0.235513     2.11636000e-06
0.235591     3.06707000e-07
0.235670     3.77015000e-07
0.235748     2.18893000e-06
0.235827     2.31859000e-06
0.235905     2.29491000e-06
0.235984     2.48789000e-07
0.236063     2.26367000e-06
0.236141     2.29598000e-06
0.236220     2.26368000e-06
0.236299     1.85484000e-06
0.236378     2.23794000e-06
0.236456     2.22339000e-06
0.236535     2.20083000e-06
0.236614     2.17235000e-06
0.236693     2.14579000e-06
0.236772     2.12160000e-06
0.236851     2.08911000e-06
0.236930     2.03617000e-06
0.237009     1.61225000e-06
0.237088     1.91303000e-06
0.237167     1.50612000e-06
0.237246     1.08654000e-06
0.237325     1.58620000e-06
0.237404     5.91938000e-07
0.237483     9.84108000e-07
0.237562     1.58727000e-06
0.237641     1.76828000e-06
0.237721     1.78963000e-06
0.237800     1.78610000e-06
0.237879     1.76706000e-06
0.237959     1.74272000e-06
0.238038     1.70554000e-06
0.238117     1.63311000e-06
0.238197     1.31799000e-06
0.238276     1.06968000e-05
0.238355     1.49978000e-06
0.238435     1.57985000e-06
0.238514     1.58134000e-06
0.238594     1.56361000e-06
0.238673     1.54487000e-06
0.238753     1.51864000e-06
0.238832     1.48218000e-06
0.238912     1.42919000e-06
0.238992     1.24921000e-06
0.239071     4.33767000e-08
0.239151     1.22755000e-06
0.239231     1.34866000e-06
0.239311     1.35667000e-06
0.239390     1.34269000e-06
0.239470     1.31250000e-06
0.239550     1.30613000e-06
0.239630     1.28745000e-06
0.239710     1.26524000e-06
0.239790     1.24131000e-06
0.239869     1.22297000e-06
0.239949     1.20168000e-06
0.240029     1.18075000e-06
0.240109     1.10224000e-06
0.240189     1.13631000e-06
0.240270     1.11640000e-06
0.240350     1.09707000e-06
0.240430     1.07649000e-06
0.240510     1.05270000e-06
0.240590     1.03564000e-06
0.240670     1.01535000e-06
0.240750     9.70261000e-07
0.240831     9.74862000e-07
0.240911     9.55103000e-07
0.240991     9.35639000e-07
0.241072     9.14889000e-07
0.241152     8.96744000e-07
0.241232     8.66545000e-07
0.241313     8.58130000e-07
0.241393     8.39310000e-07
0.241474     2.04298000e-07
0.241554     8.01892000e-07
0.241635     7.83468000e-07
0.241715     7.65168000e-07
0.241796     7.47011000e-07
0.241876     7.28902000e-07
0.241957     7.09876000e-07
0.242038     6.93236000e-07
0.242118     6.70808000e-07
0.242199     6.58608000e-07
0.242280     6.41417000e-07
0.242361     6.24361000e-07
0.242441     6.07531000e-07
0.242522     5.90819000e-07
0.242603     5.74264000e-07
0.242684     5.57332000e-07
0.242765     5.41633000e-07
0.242846     5.25541000e-07
0.242927     5.09600000e-07
0.243008     4.93697000e-07
0.243089     4.78134000e-07
0.243170     4.63170000e-07
0.243251     4.47767000e-07
0.243332     4.32455000e-07
0.243413     4.17278000e-07
0.243494     4.02221000e-07
0.243575     3.87217000e-07
0.243656     3.72276000e-07
0.243738     3.57350000e-07
0.243819     3.42336000e-07
0.243900     3.18156000e-07
0.243981     3.12198000e-07
0.244063     2.96863000e-07
0.244144     2.81058000e-07
0.244226     2.64473000e-07
0.244307     2.46713000e-07
0.244388     2.26985000e-07
0.244470     2.02775000e-07
0.244551     1.75060000e-07
0.244633     1.35567000e-07
0.244714     7.94233000e-08
0.244796     1.59958000e-08
0.244878     7.23888000e-09
0.244959     6.22180000e-08
0.245041     1.05344000e-07
0.245122     1.22945000e-07
0.245204     1.26225000e-07
0.245286     1.22588000e-07
0.245368     1.15461000e-07
0.245449     1.06413000e-07
0.245531     9.64910000e-08
0.245613     8.57333000e-08
0.245695     7.44600000e-08
0.245777     6.27673000e-08
0.245859     5.07645000e-08
0.245941     3.88645000e-08
0.246023     2.71175000e-08
0.246105     1.64107000e-08
0.246187     7.20843000e-09
0.246269     1.36369000e-09
0.246351     5.49135000e-09
0.246433     3.22297000e-09
0.246515     9.15927000e-09
0.246597     1.72744000e-08
0.246680     2.35395000e-08
0.246762     2.69741000e-08
0.246844     2.72326000e-08
0.246926     2.55351000e-08
0.247009     2.16220000e-08
0.247091     1.63277000e-08
0.247173     1.01097000e-08
0.247256     4.07249000e-09
0.247338     2.28860000e-09
0.247421     1.38258000e-09
0.247503     5.57562000e-09
0.247586     9.07085000e-09
0.247668     1.00010000e-08
0.247751     9.02470000e-09
0.247833     7.01925000e-09
0.247916     4.46687000e-09
0.247999     1.53483000e-09
0.248081     1.60145000e-09
0.248164     1.67791000e-09
0.248247     1.01325000e-09
0.248329     1.47410000e-09
0.248412     1.91985000e-07
0.248495     4.46680000e-06
0.248578     1.12976000e-09
0.248661     1.60563000e-09
0.248744     2.19790000e-07
0.248826     1.70362000e-09
0.248909     1.76791000e-08
0.248992     1.30728000e-09
0.249075     2.45132000e-09
0.249158     3.84240000e-08
0.249241     1.41041000e-09
0.249324     2.89940000e-09
0.249408     5.24413000e-09
0.249491     7.85166000e-09
0.249574     1.08592000e-08
0.249657     1.30643000e-08
0.249740     1.51963000e-08
0.249824     1.64586000e-08
0.249907     1.59278000e-08
0.249990     1.24914000e-08
0.250073     6.18407000e-09
0.250157     9.38293000e-10
0.250240     3.02090000e-09
0.250324     8.40313000e-09
0.250407     1.66222000e-08
0.250491     2.35831000e-08
0.250574     2.84799000e-08
0.250658     3.11280000e-08
0.250741     3.17756000e-08
0.250825     2.87469000e-08
0.250908     2.29286000e-08
0.250992     1.40606000e-08
0.251076     4.52304000e-09
0.251159     5.28950000e-06
0.251243     4.54204000e-09
0.251327     1.34420000e-08
0.251411     2.04370000e-08
0.251494     2.32074000e-08
0.251578     2.21622000e-08
0.251662     1.96458000e-08
0.251746     1.13941000e-08
0.251830     3.24411000e-09
0.251914     1.43665000e-09
0.251998     6.09329000e-09
0.252082     5.65471000e-09
0.252166     3.23602000e-09
0.252250     1.33389000e-09
0.252334     6.78685000e-09
0.252418     1.64018000e-09
0.252502     6.88428000e-08
0.252586     3.00133000e-09
0.252671     3.63156000e-09
0.252755     1.55922000e-09
0.252839     5.07318000e-09
0.252923     2.39925000e-09
0.253008     6.61245000e-09
0.253092     4.01828000e-09
0.253176     1.25667000e-08
0.253261     1.93555000e-08
0.253345     2.46421000e-08
0.253430     2.66444000e-08
0.253514     2.06805000e-08
0.253599     4.02736000e-09
0.253683     5.51054000e-09
0.253768     2.43626000e-08
0.253852     3.43677000e-08
0.253937     3.32406000e-08
0.254021     2.20686000e-08
0.254106     6.23973000e-09
0.254191     1.57670000e-09
0.254276     1.23184000e-08
0.254360     2.52605000e-08
0.254445     2.65428000e-08
0.254530     1.62595000e-08
0.254615     3.70402000e-09
0.254700     1.33895000e-09
0.254785     9.95675000e-09
0.254869     1.49274000e-08
0.254954     6.26378000e-09
0.255039     2.02847000e-06
0.255124     6.97999000e-09
0.255209     2.34019000e-08
0.255295     4.39074000e-08
0.255380     6.53354000e-08
0.255465     8.63187000e-08
0.255550     1.06523000e-07
0.255635     1.25564000e-07
0.255720     1.43608000e-07
0.255806     1.60721000e-07
0.255891     1.76973000e-07
0.255976     1.92504000e-07
0.256061     2.07367000e-07
0.256147     2.21565000e-07
0.256232     2.35262000e-07
0.256318     2.47718000e-07
0.256403     2.61314000e-07
0.256489     2.74389000e-07
0.256574     2.86721000e-07
0.256660     2.98741000e-07
0.256745     3.10466000e-07
0.256831     3.21940000e-07
0.256916     3.33078000e-07
0.257002     3.43681000e-07
0.257088     3.54653000e-07
0.257173     3.65604000e-07
0.257259     3.76060000e-07
0.257345     3.86274000e-07
0.257431     3.96333000e-07
0.257516     4.06126000e-07
0.257602     4.15601000e-07
0.257688     4.22963000e-07
0.257774     4.22551000e-07
0.257860     4.43314000e-07
0.257946     4.51809000e-07
0.258032     4.60464000e-07
0.258118     4.66645000e-07
0.258204     4.78957000e-07
0.258290     4.87177000e-07
0.258376     4.94316000e-07
0.258462     4.94267000e-07
0.258548     3.97514000e-07
0.258634     5.15204000e-07
0.258721     5.26195000e-07
0.258807     5.34446000e-07
0.258893     5.42049000e-07
0.258979     5.48941000e-07
0.259066     5.56226000e-07
0.259152     5.52427000e-07
0.259239     5.69616000e-07
0.259325     5.76370000e-07
0.259411     5.82382000e-07
0.259498     5.46956000e-07
0.259584     5.94668000e-07
0.259671     6.00639000e-07
0.259757     6.06398000e-07
0.259844     6.11631000e-07
0.259931     6.16236000e-07
0.260017     1.49845000e-05
0.260104     2.05582000e-08
0.260191     6.30873000e-07
0.260277     6.34899000e-07
0.260364     6.32529000e-07
0.260451     6.43499000e-07
0.260538     6.46364000e-07
0.260625     6.47153000e-07
0.260712     6.35312000e-07
0.260798     6.25770000e-07
0.260885     6.46409000e-07
0.260972     6.38946000e-07
0.261059     5.90237000e-07
0.261146     3.08987000e-08
0.261233     5.21205000e-07
0.261320     2.43317000e-07
0.261408     3.77583000e-07
0.261495     6.04058000e-07
0.261582     6.42482000e-07
0.261669     6.47578000e-07
0.261756     6.28607000e-07
0.261844     5.35039000e-07
0.261931     6.62842000e-08
0.262018     4.18515000e-07
0.262105     6.07608000e-07
0.262193     6.40312000e-07
0.262280     6.18941000e-07
0.262368     3.86339000e-07
0.262455     3.27073000e-07
0.262543     6.21806000e-07
0.262630     6.59581000e-07
0.262718     6.76197000e-07
0.262805     6.73378000e-07
0.262893     6.64312000e-07
0.262980     5.65786000e-07
0.263068     4.26862000e-07
0.263156     6.11685000e-07
0.263244     5.05890000e-07
0.263331     1.01261000e-08
0.263419     4.65729000e-07
0.263507     6.23242000e-07
0.263595     6.58584000e-07
0.263683     6.49462000e-07
0.263770     6.78648000e-07
0.263858     6.82101000e-07
0.263946     6.82511000e-07
0.264034     6.81471000e-07
0.264122     6.79179000e-07
0.264210     6.71129000e-07
0.264298     6.67008000e-07
0.264387     6.61949000e-07
0.264475     3.75805000e-07
0.264563     5.57652000e-07
0.264651     3.94503000e-07
0.264739     4.79161000e-07
0.264827     1.02955000e-08
0.264916     4.43385000e-07
0.265004     5.93696000e-07
0.265092     6.27810000e-07
0.265181     6.38900000e-07
0.265269     6.40172000e-07
0.265358     6.42593000e-07
0.265446     6.41180000e-07
0.265534     6.39041000e-07
0.265623     6.36277000e-07
0.265712     6.33115000e-07
0.265800     6.29466000e-07
0.265889     6.25989000e-07
0.265977     6.22051000e-07
0.266066     6.17833000e-07
0.266155     6.13180000e-07
0.266243     6.07650000e-07
0.266332     6.03460000e-07
0.266421     5.99441000e-07
0.266510     5.93927000e-07
0.266599     5.87042000e-07
0.266687     5.73838000e-07
0.266776     4.56672000e-08
0.266865     3.07063000e-08
0.266954     5.32351000e-07
0.267043     5.57102000e-07
0.267132     5.57329000e-07
0.267221     5.27642000e-07
0.267310     5.49146000e-07
0.267399     1.49442000e-07
0.267489     5.38543000e-07
0.267578     5.32505000e-07
0.267667     5.27018000e-07
0.267756     5.20835000e-07
0.267845     5.13900000e-07
0.267935     4.99104000e-07
0.268024     4.85252000e-07
0.268113     4.66107000e-11
0.268203     4.88656000e-07
0.268292     4.82645000e-07
0.268382     4.75889000e-07
0.268471     4.68796000e-07
0.268560     4.58509000e-07
0.268650     4.53505000e-07
0.268740     4.44282000e-07
0.268829     4.34450000e-07
0.268919     4.17726000e-07
0.269008     2.79736000e-07
0.269098     5.00210000e-08
0.269188     3.75336000e-07
0.269277     3.90900000e-07
0.269367     3.86666000e-07
0.269457     3.70021000e-07
0.269547     3.59781000e-07
0.269637     3.62368000e-07
0.269727     3.53970000e-07
0.269816     3.44226000e-07
0.269906     3.33707000e-07
0.269996     2.76354000e-07
0.270086     3.11695000e-07
0.270176     3.00022000e-07
0.270266     2.87700000e-07
0.270357     2.74716000e-07
0.270447     2.61206000e-07
0.270537     2.46945000e-07
0.270627     2.31875000e-07
0.270717     2.09333000e-07
0.270807     1.99656000e-07
0.270898     1.83095000e-07
0.270988     1.65378000e-07
0.271078     1.46788000e-07
0.271169     1.28022000e-07
0.271259     1.08047000e-07
0.271350     8.94983000e-08
0.271440     7.05532000e-08
0.271530     5.24413000e-08
0.271621     3.48438000e-08
0.271712     2.14550000e-08
0.271802     1.00782000e-08
0.271893     2.72371000e-09
0.271983     1.19524000e-05
0.272074     2.29017000e-09
0.272165     1.16054000e-08
0.272255     6.04866000e-09
0.272346     1.30102000e-08
0.272437     1.67543000e-06
0.272528     2.15670000e-08
0.272619     4.32442000e-08
0.272709     6.61022000e-08
0.272800     8.39547000e-08
0.272891     9.85162000e-08
0.272982     4.92650000e-08
0.273073     1.21704000e-07
0.273164     1.28251000e-07
0.273255     1.32565000e-07
0.273346     1.30643000e-07
0.273438     7.18726000e-07
0.273529     1.09971000e-07
0.273620     7.00969000e-08
0.273711     3.76982000e-08
0.273802     2.29292000e-09
0.273894     2.64988000e-08
0.273985     6.34536000e-08
0.274076     6.78018000e-08
0.274168     4.40852000e-08
0.274259     1.03227000e-08
0.274350     2.64677000e-09
0.274442     1.50781000e-08
0.274533     8.53238000e-08
0.274625     6.44662000e-08
0.274716     8.18906000e-08
0.274808     7.78846000e-08
0.274900     5.56742000e-08
0.274991     2.22555000e-08
0.275083     1.72366000e-09
0.275175     1.37077000e-08
0.275266     4.78314000e-08
0.275358     7.81195000e-08
0.275450     4.69671000e-08
0.275542     9.30719000e-08
0.275633     5.26840000e-08
0.275725     2.06729000e-09
0.275817     7.12764000e-08
0.275909     1.11787000e-07
0.276001     1.27423000e-07
0.276093     1.33918000e-07
0.276185     1.36790000e-07
0.276277     1.20627000e-07
0.276369     1.37258000e-07
0.276461     1.36414000e-07
0.276554     1.34870000e-07
0.276646     1.32853000e-07
0.276738     1.30293000e-07
0.276830     7.19583000e-08
0.276923     1.23743000e-07
0.277015     1.18577000e-07
0.277107     1.08645000e-07
0.277200     7.90049000e-08
0.277292     1.00580000e-06
0.277384     7.57648000e-08
0.277477     1.00691000e-07
0.277569     1.05337000e-07
0.277662     1.05529000e-07
0.277754     1.04265000e-07
0.277847     1.02269000e-07
0.277940     9.94618000e-08
0.278032     9.79731000e-08
0.278125     9.57469000e-08
0.278218     9.34009000e-08
0.278310     9.10354000e-08
0.278403     8.86900000e-08
0.278496     8.63308000e-08
0.278589     8.39809000e-08
0.278682     8.16417000e-08
0.278775     7.92638000e-08
0.278867     7.49413000e-08
0.278960     7.45584000e-08
0.279053     7.25851000e-08
0.279146     7.04235000e-08
0.279239     6.82786000e-08
0.279333     6.61849000e-08
0.279426     6.42163000e-08
0.279519     6.29954000e-08
0.279612     2.28475000e-07
0.279705     6.50848000e-08
0.279798     5.65346000e-08
0.279892     5.42553000e-08
0.279985     5.21885000e-08
0.280078     5.02882000e-08
0.280172     4.86101000e-08
0.280265     4.80142000e-08
0.280358     1.57324000e-06
0.280452     4.40396000e-08
0.280545     4.11928000e-08
0.280639     3.96774000e-08
0.280732     3.78632000e-08
0.280826     3.38695000e-08
0.280920     3.47774000e-08
0.281013     3.33265000e-08
0.281107     3.18430000e-08
0.281201     3.04038000e-08
0.281294     2.89644000e-08
0.281388     2.74839000e-08
0.281482     2.62230000e-08
0.281576     2.49134000e-08
0.281670     2.36309000e-08
0.281764     2.23860000e-08
0.281857     2.11759000e-08
0.281951     1.99973000e-08
0.282045     1.88492000e-08
0.282139     1.75824000e-08
0.282233     1.66587000e-08
0.282328     1.56353000e-08
0.282422     1.46092000e-08
0.282516     1.36328000e-08
0.282610     1.23694000e-08
0.282704     1.16293000e-08
0.282798     1.09472000e-08
0.282893     1.01111000e-08
0.282987     9.34466000e-09
0.283081     8.57996000e-09
0.283176     7.85161000e-09
0.283270     7.16072000e-09
0.283364     6.49568000e-09
0.283459     5.85757000e-09
0.283553     5.23181000e-09
0.283648     4.28528000e-09
0.283742     4.16495000e-09
0.283837     3.68056000e-09
0.283932     3.22813000e-09
0.284026     2.78010000e-09
0.284121     1.73444000e-09
0.284216     2.02802000e-09
0.284310     1.71548000e-09
0.284405     1.54473000e-09
0.284500     1.28672000e-09
0.284595     9.99972000e-10
0.284690     9.11374000e-10
0.284785     9.50722000e-10
0.284880     1.26479000e-09
0.284974     2.02420000e-09
0.285069     4.97788000e-09
0.285164     1.94662000e-08
0.285260     8.28620000e-07
0.285355     2.00595000e-07
0.285450     1.43097000e-08
0.285545     3.93810000e-09
0.285640     1.94729000e-09
0.285735     1.09764000e-09
0.285831     8.44182000e-10
0.285926     9.50482000e-10
0.286021     9.96567000e-10
0.286116     1.20320000e-09
0.286212     1.44441000e-09
0.286307     1.72023000e-09
0.286403     2.04408000e-09
0.286498     2.34489000e-09
0.286594     2.76009000e-09
0.286689     3.15579000e-09
0.286785     3.59692000e-09
0.286880     4.04565000e-09
0.286976     4.39793000e-09
0.287072     4.95886000e-09
0.287167     5.58136000e-09
0.287263     6.14987000e-09
0.287359     6.71618000e-09
0.287455     6.85849000e-09
0.287550     7.45322000e-09
0.287646     8.64918000e-09
0.287742     9.40039000e-09
0.287838     1.01461000e-08
0.287934     1.09131000e-08
0.288030     1.17285000e-08
0.288126     1.25161000e-08
0.288222     1.33738000e-08
0.288318     1.42121000e-08
0.288414     1.50828000e-08
0.288510     1.59884000e-08
0.288607     1.69187000e-08
0.288703     1.78743000e-08
0.288799     1.88545000e-08
0.288895     1.98637000e-08
0.288992     2.08891000e-08
0.289088     2.19379000e-08
0.289184     2.30086000e-08
0.289281     2.41031000e-08
0.289377     2.52204000e-08
0.289473     2.51445000e-08
0.289570     2.75259000e-08
0.289666     2.86972000e-08
0.289763     2.98965000e-08
0.289860     3.11147000e-08
0.289956     3.23529000e-08
0.290053     3.36056000e-08
0.290150     3.48740000e-08
0.290246     3.61559000e-08
0.290343     3.74479000e-08
0.290440     3.87445000e-08
0.290537     4.00389000e-08
0.290633     4.13134000e-08
0.290730     4.25425000e-08
0.290827     4.36674000e-08
0.290924     4.45496000e-08
0.291021     4.47897000e-08
0.291118     4.28785000e-08
0.291215     3.04663000e-08
0.291312     1.43257000e-09
0.291409     3.71871000e-08
0.291507     4.86902000e-08
0.291604     5.30700000e-08
0.291701     5.57329000e-08
0.291798     5.77969000e-08
0.291895     5.96038000e-08
0.291993     6.12496000e-08
0.292090     6.27898000e-08
0.292187     6.42302000e-08
0.292285     6.55532000e-08
0.292382     6.67242000e-08
0.292480     6.76337000e-08
0.292577     6.80882000e-08
0.292675     6.52624000e-08
0.292772     6.44642000e-08
0.292870     5.14940000e-08
0.292967     4.42564000e-09
0.293065     3.81164000e-08
0.293163     6.10453000e-08
0.293261     6.49630000e-08
0.293358     6.25984000e-08
0.293456     5.50203000e-08
0.293554     4.05141000e-08
0.293652     1.87075000e-08
0.293750     1.26896000e-09
0.293848     7.10670000e-09
0.293946     2.93269000e-08
0.294044     4.73810000e-08
0.294142     4.63318000e-08
0.294240     9.25313000e-09
0.294338     6.25601000e-08
0.294436     7.07319000e-08
0.294534     6.82559000e-08
0.294632     5.69336000e-08
0.294730     3.36331000e-08
0.294829     5.00301000e-09
0.294927     6.69481000e-09
0.295025     3.57758000e-08
0.295123     5.71289000e-08
0.295222     6.33125000e-08
0.295320     5.17454000e-08
0.295419     1.60659000e-08
0.295517     6.61192000e-09
0.295616     4.35944000e-08
0.295714     4.75137000e-08
0.295813     1.46108000e-09
0.295911     4.42824000e-08
0.296010     7.08520000e-08
0.296109     7.54346000e-08
0.296207     7.15814000e-08
0.296306     6.24057000e-08
0.296405     4.86038000e-08
0.296504     3.06419000e-08
0.296603     2.14628000e-09
0.296701     3.51526000e-09
0.296800     1.33448000e-09
0.296899     8.77217000e-09
0.296998     1.97066000e-08
0.297097     4.32650000e-06
0.297196     2.60095000e-08
0.297295     1.53347000e-08
0.297394     3.84774000e-09
0.297494     1.03436000e-08
0.297593     3.33293000e-08
0.297692     5.11996000e-08
0.297791     6.01127000e-08
0.297890     6.09393000e-08
0.297990     5.48421000e-08
0.298089     4.30021000e-08
0.298188     2.69930000e-08
0.298288     1.19305000e-08
0.298387     1.78276000e-09
0.298487     1.24777000e-09
0.298586     1.00206000e-08
0.298686     2.49617000e-08
0.298785     4.00758000e-08
0.298885     5.16452000e-08
0.298984     5.71116000e-08
0.299084     5.55072000e-08
0.299184     4.66743000e-08
0.299284     3.16420000e-08
0.299383     1.41403000e-08
0.299483     1.83342000e-09
0.299583     2.21294000e-09
0.299683     1.47664000e-08
0.299783     2.96568000e-08
0.299883     3.60669000e-08
0.299983     2.82404000e-08
0.300083     1.05967000e-08
0.300183     1.28364000e-05
0.300283     1.08494000e-08
0.300383     3.02416000e-08
0.300483     4.69030000e-08
0.300583     5.25876000e-08
0.300683     4.58458000e-08
0.300783     2.43259000e-08
0.300884     1.41645000e-09
0.300984     1.43141000e-08
0.301084     3.73033000e-08
0.301185     4.68279000e-08
0.301285     4.64599000e-08
0.301386     4.14067000e-08
0.301486     3.42503000e-08
0.301586     2.63295000e-08
0.301687     1.83822000e-08
0.301788     1.01155000e-08
0.301888     5.05508000e-09
0.301989     4.23403000e-09
0.302089     1.51492000e-09
0.302190     1.19863000e-07
0.302291     1.64723000e-09
0.302392     4.82975000e-09
0.302492     2.02588000e-07
0.302593     8.77201000e-09
0.302694     2.01711000e-09
0.302795     1.87255000e-08
0.302896     3.22521000e-08
0.302997     4.32026000e-08
0.303098     5.26641000e-08
0.303199     6.03362000e-08
0.303300     6.53913000e-08
0.303401     6.62756000e-08
0.303502     6.00360000e-08
0.303603     4.38661000e-08
0.303705     1.91582000e-08
0.303806     1.65651000e-09
0.303907     9.20600000e-09
0.304008     3.52366000e-08
0.304110     5.91579000e-08
0.304211     7.59090000e-08
0.304313     8.08400000e-08
0.304414     7.74310000e-08
0.304515     6.27939000e-08
0.304617     3.99546000e-08
0.304719     1.56125000e-08
0.304820     1.66345000e-09
0.304922     5.29762000e-09
0.305023     2.57807000e-08
0.305125     5.20862000e-08
0.305227     7.55518000e-08
0.305328     9.12594000e-08
0.305430     9.67448000e-08
0.305532     9.08881000e-08
0.305634     7.37613000e-08
0.305736     4.80217000e-08
0.305838     1.18719000e-08
0.305940     3.24372000e-09
0.306042     1.99132000e-09
0.306144     1.85330000e-08
0.306246     4.69836000e-08
0.306348     8.01431000e-08
0.306450     1.13160000e-07
0.306552     1.43427000e-07
0.306654     1.69182000e-07
0.306756     1.75210000e-07
0.306859     1.79627000e-07
0.306961     2.30112000e-07
0.307063     2.50031000e-07
0.307166     2.65964000e-07
0.307268     2.79819000e-07
0.307370     2.91954000e-07
0.307473     3.01699000e-07
0.307575     3.00353000e-07
0.307678     1.63992000e-07
0.307780     3.25399000e-07
0.307883     3.40694000e-07
0.307986     3.50549000e-07
0.308088     3.58733000e-07
0.308191     3.66331000e-07
0.308294     3.71891000e-07
0.308397     3.62546000e-07
0.308499     3.29349000e-07
0.308602     3.90379000e-07
0.308705     4.00230000e-07
0.308808     4.07496000e-07
0.308911     4.13779000e-07
0.309014     4.19358000e-07
0.309117     4.22825000e-07
0.309220     3.69380000e-07
0.309323     4.26662000e-07
0.309426     4.39896000e-07
0.309529     4.46887000e-07
0.309632     4.51752000e-07
0.309736     4.55426000e-07
0.309839     4.52937000e-07
0.309942     4.47025000e-07
0.310045     3.30348000e-07
0.310149     1.02979000e-07
0.310252     4.44531000e-07
0.310356     4.74763000e-07
0.310459     4.88851000e-07
0.310563     4.96418000e-07
0.310666     5.02585000e-07
0.310770     5.08129000e-07
0.310873     5.13350000e-07
0.310977     5.18368000e-07
0.311080     5.23259000e-07
0.311184     5.28046000e-07
0.311288     5.32744000e-07
0.311392     5.37339000e-07
0.311495     1.64370000e-07
0.311599     5.45728000e-07
0.311703     5.41953000e-07
0.311807     5.47350000e-07
0.311911     5.59234000e-07
0.312015     5.64339000e-07
0.312119     5.68916000e-07
0.312223     5.73324000e-07
0.312327     5.77601000e-07
0.312431     5.81575000e-07
0.312535     5.83996000e-07
0.312640     4.85588000e-07
0.312744     5.90118000e-07
0.312848     5.98494000e-07
0.312952     6.03370000e-07
0.313057     6.07697000e-07
0.313161     6.12087000e-07
0.313265     6.16056000e-07
0.313370     6.18883000e-07
0.313474     5.82539000e-07
0.313579     6.23098000e-07
0.313683     6.32457000e-07
0.313788     6.37288000e-07
0.313892     6.41570000e-07
0.313997     6.45941000e-07
0.314102     6.50177000e-07
0.314206     6.54289000e-07
0.314311     6.58230000e-07
0.314416     3.96148000e-08
0.314521     6.66804000e-07
0.314626     6.70904000e-07
0.314730     6.75005000e-07
0.314835     6.80910000e-07
0.314940     6.84953000e-07
0.315045     6.89602000e-07
0.315150     6.93666000e-07
0.315255     6.95140000e-07
0.315360     7.01747000e-07
0.315466     7.06114000e-07
0.315571     7.10219000e-07
0.315676     7.14296000e-07
0.315781     7.18299000e-07
0.315886     7.22365000e-07
0.315992     7.26596000e-07
0.316097     7.30519000e-07
0.316202     7.34559000e-07
0.316308     7.38648000e-07
0.316413     7.42550000e-07
0.316519     7.46617000e-07
0.316624     7.50618000e-07
0.316730     7.54610000e-07
0.316835     7.58614000e-07
0.316941     7.62685000e-07
0.317047     7.66541000e-07
0.317152     7.70559000e-07
0.317258     5.79172000e-07
0.317364     7.78668000e-07
0.317469     7.82636000e-07
0.317575     7.86557000e-07
0.317681     7.90579000e-07
0.317787     7.94380000e-07
0.317893     3.85235000e-07
0.317999     8.02400000e-07
0.318105     8.03063000e-07
0.318211     8.04181000e-07
0.318317     8.13450000e-07
0.318423     8.16356000e-07
0.318529     8.04595000e-07
0.318635     8.09140000e-07
0.318742     8.27468000e-07
0.318848     8.31733000e-07
0.318954     8.34606000e-07
0.319061     8.35063000e-07
0.319167     8.15809000e-07
0.319273     3.69783000e-07
0.319380     7.32237000e-07
0.319486     8.22991000e-07
0.319593     8.51953000e-07
0.319699     8.48234000e-07
0.319806     5.18131000e-07
0.319912     8.63110000e-07
0.320019     8.51042000e-07
0.320126     8.66368000e-07
0.320232     8.78806000e-07
0.320339     8.88003000e-07
0.320446     8.92530000e-07
0.320553     8.96707000e-07
0.320660     9.00800000e-07
0.320766     9.04682000e-07
0.320873     9.08637000e-07
0.320980     9.12058000e-07
0.321087     9.16309000e-07
0.321194     9.20107000e-07
0.321301     9.22681000e-07
0.321409     9.24479000e-07
0.321516     7.60099000e-07
0.321623     9.28372000e-07
0.321730     9.37954000e-07
0.321837     9.36543000e-07
0.321945     9.46664000e-07
0.322052     3.69804000e-07
0.322159     9.54387000e-07
0.322267     9.58506000e-07
0.322374     9.62161000e-07
0.322481     9.17517000e-07
0.322589     9.69115000e-07
0.322696     9.68059000e-07
0.322804     9.65061000e-07
0.322912     9.75557000e-07
0.323019     8.12972000e-07
0.323127     9.77788000e-07
0.323235     9.88952000e-07
0.323342     9.90064000e-07
0.323450     9.76035000e-07
0.323558     4.09792000e-08
0.323666     9.33141000e-07
0.323774     9.64759000e-07
0.323882     1.00764000e-06
0.323990     1.01626000e-06
0.324098     1.02093000e-06
0.324206     1.02503000e-06
0.324314     1.02904000e-06
0.324422     1.03243000e-06
0.324530     1.03237000e-06
0.324638     1.00179000e-06
0.324746     1.00061000e-06
0.324855     1.04440000e-06
0.324963     1.05137000e-06
0.325071     1.05556000e-06
0.325180     1.05783000e-06
0.325288     1.06357000e-06
0.325396     1.06731000e-06
0.325505     1.07171000e-06
0.325613     1.07460000e-06
0.325722     1.07832000e-06
0.325830     1.07925000e-06
0.325939     1.08548000e-06
0.326048     1.08908000e-06
0.326156     1.09242000e-06
0.326265     1.09552000e-06
0.326374     1.09748000e-06
0.326483     1.09257000e-06
0.326592     3.11817000e-07
0.326700     1.09589000e-06
0.326809     1.11115000e-06
0.326918     4.84601000e-07
0.327027     1.12023000e-06
0.327136     1.12487000e-06
0.327245     1.12902000e-06
0.327354     9.06132000e-07
0.327463     1.13606000e-06
0.327573     1.13935000e-06
0.327682     1.14280000e-06
0.327791     1.14653000e-06
0.327900     1.14971000e-06
0.328010     1.01418000e-06
0.328119     1.14217000e-06
0.328228     1.15972000e-06
0.328338     1.16290000e-06
0.328447     1.15136000e-06
0.328557     1.16156000e-06
0.328666     1.17108000e-06
0.328776     1.09131000e-06
0.328885     1.17622000e-06
0.328995     1.17502000e-06
0.329105     1.18030000e-06
0.329214     1.18057000e-06
0.329324     1.18213000e-06
0.329434     1.18110000e-06
0.329544     1.17838000e-06
0.329653     1.17240000e-06
0.329763     1.16171000e-06
0.329873     1.13956000e-06
0.329983     1.09428000e-06
0.330093     9.88573000e-07
0.330203     6.94998000e-07
0.330313     3.93514000e-08
0.330423     1.58111000e-07
0.330534     8.12802000e-07
0.330644     1.04053000e-06
0.330754     1.06427000e-06
0.330864     1.17539000e-06
0.330975     1.19491000e-06
0.331085     1.21789000e-06
0.331195     1.23019000e-06
0.331306     1.23925000e-06
0.331416     1.24724000e-06
0.331526     1.25462000e-06
0.331637     1.25973000e-06
0.331748     1.26452000e-06
0.331858     1.26931000e-06
0.331969     1.27351000e-06
0.332079     1.27818000e-06
0.332190     1.28216000e-06
0.332301     1.28667000e-06
0.332412     1.29095000e-06
0.332522     1.29419000e-06
0.332633     1.29737000e-06
0.332744     1.30126000e-06
0.332855     1.30479000e-06
0.332966     1.30887000e-06
0.333077     1.31319000e-06
0.333188     1.31486000e-06
0.333299     1.31895000e-06
0.333410     1.32201000e-06
0.333521     1.32560000e-06
0.333632     1.32971000e-06
0.333744     1.33455000e-06
0.333855     1.33618000e-06
0.333966     1.33878000e-06
0.334078     1.34282000e-06
0.334189     1.34522000e-06
0.334300     1.35052000e-06
0.334412     1.35171000e-06
0.334523     1.35511000e-06
0.334635     1.35822000e-06
0.334746     1.36152000e-06
0.334858     1.36455000e-06
0.334969     1.36872000e-06
0.335081     1.37427000e-06
0.335193     1.37325000e-06
0.335305     1.37659000e-06
0.335416     1.37944000e-06
0.335528     1.38274000e-06
0.335640     1.37200000e-06
0.335752     1.38420000e-06
0.335864     1.39126000e-06
0.335976     1.39735000e-06
0.336088     1.39991000e-06
0.336200     1.41170000e-06
0.336312     1.40554000e-06
0.336424     1.40573000e-06
0.336536     1.39393000e-06
0.336648     1.41162000e-06
0.336760     1.40757000e-06
0.336873     1.41734000e-06
0.336985     1.42173000e-06
0.337097     1.42654000e-06
0.337210     1.42867000e-06
0.337322     1.43205000e-06
0.337435     1.43028000e-06
0.337547     1.43314000e-06
0.337660     1.43243000e-06
0.337772     1.43528000e-06
0.337885     1.43758000e-06
0.337997     1.02706000e-06
0.338110     1.35686000e-06
0.338223     1.44531000e-06
0.338335     1.43456000e-06
0.338448     1.44827000e-06
0.338561     1.44680000e-06
0.338674     1.45104000e-06
0.338787     1.45152000e-06
0.338900     1.45469000e-06
0.339013     1.45423000e-06
0.339126     1.45475000e-06
0.339239     1.45791000e-06
0.339352     1.44416000e-06
0.339465     1.45783000e-06
0.339578     1.45559000e-06
0.339691     1.44661000e-06
0.339804     9.89939000e-07
0.339918     1.41826000e-06
0.340031     1.30363000e-07
0.340144     1.42990000e-06
0.340258     6.41890000e-07
0.340371     1.43599000e-06
0.340485     1.43273000e-06
0.340598     1.44397000e-06
0.340712     1.44345000e-06
0.340825     1.43998000e-06
0.340939     1.43663000e-06
0.341052     1.43269000e-06
0.341166     1.38220000e-06
0.341280     1.41613000e-06
0.341394     1.40100000e-06
0.341507     1.40112000e-06
0.341621     1.39359000e-06
0.341735     1.37733000e-06
0.341849     1.35376000e-06
0.341963     1.34122000e-06
0.342077     1.32580000e-06
0.342191     1.30520000e-06
0.342305     1.27812000e-06
0.342419     1.24897000e-06
0.342533     1.20295000e-06
0.342648     1.16447000e-06
0.342762     4.74015000e-07
0.342876     1.06168000e-06
0.342990     9.99441000e-07
0.343105     9.23355000e-07
0.343219     8.34664000e-07
0.343333     7.32987000e-07
0.343448     6.19267000e-07
0.343562     4.93123000e-07
0.343677     3.62313000e-07
0.343791     2.34553000e-07
0.343906     1.22068000e-07
0.344021     3.99072000e-08
0.344135     1.82711000e-09
0.344250     1.07378000e-08
0.344365     2.74973000e-08
0.344480     1.91816000e-09
0.344594     1.52839000e-07
0.344709     3.17180000e-07
0.344824     4.49090000e-07
0.344939     5.94800000e-07
0.345054     7.10406000e-07
0.345169     8.08493000e-07
0.345284     8.63457000e-07
0.345399     9.39366000e-07
0.345514     1.01692000e-06
0.345630     1.05997000e-06
0.345745     1.08852000e-06
0.345860     1.10250000e-06
0.345975     1.10035000e-06
0.346091     8.74115000e-07
0.346206     9.98079000e-07
0.346321     8.66332000e-07
0.346437     6.30030000e-07
0.346552     2.91991000e-07
0.346668     7.47373000e-09
0.346783     1.78839000e-07
0.346899     5.22249000e-07
0.347015     7.27896000e-07
0.347130     7.78265000e-07
0.347246     6.98205000e-07
0.347362     5.25009000e-07
0.347477     2.63785000e-07
0.347593     3.38126000e-08
0.347709     4.20616000e-08
0.347825     1.04483000e-07
0.347941     4.23577000e-07
0.348057     6.78292000e-07
0.348173     8.51476000e-07
0.348289     9.53150000e-07
0.348405     7.86112000e-07
0.348521     9.84596000e-07
0.348637     8.55076000e-07
0.348754     6.29640000e-07
0.348870     5.37436000e-07
0.348986     2.53507000e-07
0.349103     3.14475000e-08
0.349219     3.94672000e-08
0.349335     2.68490000e-07
0.349452     5.39311000e-07
0.349568     7.08450000e-07
0.349685     6.65723000e-07
0.349801     2.61016000e-07
0.349918     5.70324000e-08
0.350035     5.97969000e-07
0.350151     9.92194000e-07
0.350268     1.20367000e-06
0.350385     1.32807000e-06
0.350502     1.40927000e-06
0.350618     1.46654000e-06
0.350735     1.50714000e-06
0.350852     1.53985000e-06
0.350969     1.56407000e-06
0.351086     3.84204000e-07
0.351203     1.56603000e-06
0.351320     1.49754000e-06
0.351437     9.43673000e-07
0.351554     1.21802000e-06
0.351672     1.54484000e-06
0.351789     1.59436000e-06
0.351906     1.59741000e-06
0.352023     1.55871000e-06
0.352141     1.36578000e-06
0.352258     8.60933000e-07
0.352376     1.33697000e-06
0.352493     1.10312000e-06
0.352611     4.58290000e-07
0.352728     3.91340000e-08
0.352846     7.62148000e-07
0.352963     1.25400000e-06
0.353081     1.34665000e-06
0.353199     1.53062000e-06
0.353316     1.65834000e-06
0.353434     1.69892000e-06
0.353552     1.70879000e-06
0.353670     1.73191000e-06
0.353788     1.74852000e-06
0.353906     1.76183000e-06
0.354024     1.75279000e-06
0.354142     1.61393000e-06
0.354260     1.75862000e-06
0.354378     1.77526000e-06
0.354496     1.77817000e-06
0.354614     1.78453000e-06
0.354732     1.78105000e-06
0.354850     1.78773000e-06
0.354969     1.78198000e-06
0.355087     1.19983000e-07
0.355205     1.77288000e-06
0.355324     1.76116000e-06
0.355442     1.71717000e-06
0.355561     1.65559000e-06
0.355679     1.70668000e-06
0.355798     1.63278000e-06
0.355916     1.01855000e-06
0.356035     1.44950000e-06
0.356154     1.63051000e-06
0.356272     1.60404000e-06
0.356391     1.49783000e-06
0.356510     1.11216000e-06
0.356629     1.28971000e-07
0.356748     1.06634000e-06
0.356867     1.13047000e-06
0.356986     7.73459000e-07
0.357105     2.73204000e-08
0.357224     6.94048000e-08
0.357343     1.10155000e-06
0.357462     1.23710000e-06
0.357581     1.23790000e-06
0.357700     8.75098000e-07
0.357819     9.99212000e-07
0.357939     7.73448000e-07
0.358058     4.63911000e-07
0.358177     9.14834000e-08
0.358297     1.85879000e-07
0.358416     5.42841000e-07
0.358536     7.28320000e-07
0.358655     2.16951000e-07
0.358775     4.74576000e-07
0.358894     1.01590000e-06
0.359014     7.08293000e-07
0.359134     1.35828000e-06
0.359253     1.50959000e-06
0.359373     1.58694000e-06
0.359493     1.64470000e-06
0.359613     1.68438000e-06
0.359733     1.70684000e-06
0.359852     1.73061000e-06
0.359972     1.73529000e-06
0.360092     1.73948000e-06
0.360212     1.73821000e-06
0.360332     1.73552000e-06
0.360453     1.70006000e-06
0.360573     1.48825000e-06
0.360693     1.49608000e-06
0.360813     1.20309000e-06
0.360933     5.08568000e-07
0.361054     5.87858000e-07
0.361174     1.17701000e-06
0.361294     1.46595000e-06
0.361415     1.52640000e-06
0.361535     1.52609000e-06
0.361656     1.37887000e-06
0.361776     1.14658000e-06
0.361897     5.94894000e-07
0.362018     2.62541000e-07
0.362138     9.84245000e-07
0.362259     1.33556000e-06
0.362380     1.49106000e-06
0.362501     1.56217000e-06
0.362621     1.56153000e-06
0.362742     1.51451000e-06
0.362863     1.40422000e-06
0.362984     1.14702000e-06
0.363105     7.93470000e-07
0.363226     1.09809000e-07
0.363347     5.63025000e-07
0.363468     1.05465000e-06
0.363590     1.34901000e-06
0.363711     1.49302000e-06
0.363832     1.57081000e-06
0.363953     1.61197000e-06
0.364075     1.61070000e-06
0.364196     1.58937000e-06
0.364317     1.53145000e-06
0.364439     1.42715000e-06
0.364560     1.23844000e-06
0.364682     9.36146000e-07
0.364803     4.28321000e-07
0.364925     1.59715000e-07
0.365047     5.27843000e-08
0.365168     1.00911000e-06
0.365290     1.30808000e-06
0.365412     1.46958000e-06
0.365534     1.56710000e-06
0.365655     1.62453000e-06
0.365777     1.66437000e-06
0.365899     1.68647000e-06
0.366021     1.69544000e-06
0.366143     1.61804000e-06
0.366265     1.69893000e-06
0.366387     1.57753000e-06
0.366509     1.68135000e-06
0.366632     1.65614000e-06
0.366754     1.63225000e-06
0.366876     1.59770000e-06
0.366998     1.55997000e-06
0.367121     1.50523000e-06
0.367243     1.41699000e-06
0.367366     1.31958000e-06
0.367488     1.18799000e-06
0.367610     9.99770000e-07
0.367733     7.46656000e-07
0.367856     4.27809000e-07
0.367978     1.25396000e-07
0.368101     2.30361000e-09
0.368224     1.40953000e-07
0.368346     2.60322000e-07
0.368469     3.04905000e-07
0.368592     7.46188000e-07
0.368715     7.59822000e-07
0.368838     8.52763000e-08
0.368961     7.49130000e-07
0.369084     1.02801000e-06
0.369207     1.11307000e-06
0.369330     1.12938000e-06
0.369453     1.12704000e-06
0.369576     1.08717000e-06
0.369699     1.03546000e-06
0.369822     9.71533000e-07
0.369946     8.89965000e-07
0.370069     7.85377000e-07
0.370192     6.58805000e-07
0.370316     4.93584000e-07
0.370439     2.88810000e-07
0.370563     7.84871000e-08
0.370686     5.43253000e-09
0.370810     1.26883000e-07
0.370933     1.45405000e-07
0.371057     1.56627000e-07
0.371181     3.21062000e-07
0.371304     2.92257000e-07
0.371428     2.32952000e-07
0.371552     1.67360000e-07
0.371676     1.05960000e-07
0.371800     5.51190000e-08
0.371924     1.93926000e-08
0.372048     2.14157000e-09
0.372172     3.47502000e-09
0.372296     1.64536000e-08
0.372420     2.35810000e-08
0.372544     7.90043000e-08
0.372668     1.42542000e-07
0.372792     1.81029000e-07
0.372917     1.89382000e-07
0.373041     2.30634000e-07
0.373165     2.05966000e-07
0.373290     1.35020000e-07
0.373414     1.01704000e-08
0.373539     4.21433000e-08
0.373663     2.91465000e-08
0.373788     2.39461000e-09
0.373912     1.25734000e-08
0.374037     6.11535000e-08
0.374162     1.15268000e-07
0.374286     1.40410000e-07
0.374411     1.01053000e-07
0.374536     4.14907000e-08
0.374661     2.73950000e-05
0.374786     2.86944000e-08
0.374910     4.14954000e-09
0.375035     2.79755000e-08
0.375160     1.42161000e-07
0.375286     2.69040000e-07
0.375411     3.81975000e-07
0.375536     4.74386000e-07
0.375661     5.24333000e-07
0.375786     4.57919000e-07
0.375911     6.19141000e-08
0.376037     4.11621000e-07
0.376162     6.38923000e-07
0.376287     6.97329000e-07
0.376413     4.26468000e-07
0.376538     3.23779000e-07
0.376664     6.94737000e-07
0.376789     2.99519000e-07
0.376915     6.33931000e-07
0.377041     9.92906000e-07
0.377166     1.16035000e-06
0.377292     1.24416000e-06
0.377418     1.31115000e-06
0.377544     1.36636000e-06
0.377669     1.41023000e-06
0.377795     1.44512000e-06
0.377921     1.47892000e-06
0.378047     1.29458000e-06
0.378173     1.50549000e-06
0.378299     1.52034000e-06
0.378425     1.52417000e-06
0.378552     1.48572000e-06
0.378678     1.36090000e-06
0.378804     1.01361000e-06
0.378930     4.97592000e-07
0.379057     1.29448000e-06
0.379183     2.88826000e-07
0.379309     1.40198000e-06
0.379436     1.21945000e-06
0.379562     5.27443000e-07
0.379689     8.05815000e-07
0.379815     1.03186000e-06
0.379942     1.93586000e-07
0.380069     4.39261000e-08
0.380195     1.02208000e-06
0.380322     1.31072000e-06
0.380449     1.40017000e-06
0.380576     1.42610000e-06
0.380702     1.43164000e-06
0.380829     1.41791000e-06
0.380956     1.34918000e-06
0.381083     1.27872000e-06
0.381210     1.03390000e-06
0.381337     1.10228000e-06
0.381464     9.92217000e-07
0.381592     8.22241000e-07
0.381719     4.87542000e-07
0.381846     5.42331000e-07
0.381973     3.29454000e-07
0.382101     7.44600000e-08
0.382228     1.18171000e-07
0.382355     1.63143000e-07
0.382483     2.76593000e-08
0.382610     1.86016000e-08
0.382738     7.30037000e-08
0.382865     2.70668000e-07
0.382993     4.85793000e-07
0.383121     6.33572000e-07
0.383248     6.92914000e-07
0.383376     5.73008000e-07
0.383504     1.02400000e-07
0.383632     4.30798000e-07
0.383760     7.47351000e-07
0.383888     8.48566000e-07
0.384016     6.99487000e-07
0.384144     4.34147000e-08
0.384272     6.28132000e-07
0.384400     7.32806000e-07
0.384528     9.09117000e-07
0.384656     8.86425000e-07
0.384784     8.13663000e-07
0.384913     6.94028000e-07
0.385041     4.49692000e-07
0.385169     3.90962000e-07
0.385298     3.90133000e-07
0.385426     2.69861000e-07
0.385555     1.41983000e-07
0.385683     2.61309000e-08
0.385812     2.36596000e-08
0.385940     2.57934000e-08
0.386069     2.05065000e-09
0.386198     1.03031000e-08
0.386326     5.42478000e-08
0.386455     1.27578000e-07
0.386584     2.11881000e-07
0.386713     2.73172000e-07
0.386842     4.29009000e-07
0.386971     5.33064000e-07
0.387100     6.08012000e-07
0.387229     6.03201000e-07
0.387358     2.96285000e-07
0.387487     3.09858000e-07
0.387616     5.35537000e-07
0.387745     3.43026000e-07
0.387874     8.62705000e-08
0.388004     1.67147000e-08
0.388133     2.22793000e-07
0.388262     3.60016000e-07
0.388392     3.13713000e-07
0.388521     1.61137000e-07
0.388651     3.06582000e-08
0.388780     7.50764000e-09
0.388910     1.07170000e-07
0.389040     2.80131000e-07
0.389169     4.54272000e-07
0.389299     5.60004000e-07
0.389429     5.29881000e-07
0.389559     2.57918000e-07
0.389688     4.94180000e-09
0.389818     2.78633000e-07
0.389948     2.00955000e-07
0.390078     1.65231000e-07
0.390208     2.06065000e-07
0.390338     5.50499000e-07
0.390468     7.73846000e-07
0.390599     7.44315000e-07
0.390729     7.95752000e-08
0.390859     5.37595000e-07
0.390989     1.07777000e-06
0.391120     1.28218000e-06
0.391250     1.33691000e-06
0.391380     1.33044000e-06
0.391511     1.29687000e-06
0.391641     1.16176000e-06
0.391772     9.03420000e-07
0.391903     6.58150000e-07
0.392033     2.49505000e-07
0.392164     2.51661000e-08
0.392295     1.23488000e-07
0.392425     7.74865000e-09
0.392556     2.29927000e-07
0.392687     3.35439000e-07
0.392818     1.11822000e-07
0.392949     3.69050000e-08
0.393080     4.81185000e-08
0.393211     6.49777000e-08
0.393342     3.93657000e-07
0.393473     8.31201000e-07
0.393604     1.17701000e-06
0.393735     1.42665000e-06
0.393867     1.58119000e-06
0.393998     1.69036000e-06
0.394129     1.65843000e-06
0.394261     1.70885000e-06
0.394392     1.86608000e-06
0.394524     2.09994000e-06
0.394655     2.02870000e-06
0.394787     2.06276000e-06
0.394918     2.12709000e-06
0.395050     2.16084000e-06
0.395181     2.16969000e-06
0.395313     2.18691000e-06
0.395445     2.23354000e-06
0.395577     2.21510000e-06
0.395709     1.46775000e-06
0.395841     2.24690000e-06
0.395973     2.27789000e-06
0.396105     2.29821000e-06
0.396237     2.48978000e-06
0.396369     2.45980000e-06
0.396501     2.46339000e-06
0.396633     2.49249000e-06
0.396765     2.52169000e-06
0.396897     2.70153000e-06
0.397030     4.51793000e-07
0.397162     2.38577000e-06
0.397294     2.19679000e-06
0.397427     2.54798000e-06
0.397559     2.50229000e-06
0.397692     2.45352000e-06
0.397824     2.46773000e-06
0.397957     1.99785000e-06
0.398090     2.41710000e-06
0.398222     6.81263000e-07
0.398355     2.45820000e-06
0.398488     2.47464000e-06
0.398621     2.44183000e-06
0.398754     2.49529000e-06
0.398886     2.42616000e-06
0.399019     2.43316000e-06
0.399152     2.39772000e-06
0.399286     2.45973000e-06
0.399419     2.45213000e-06
0.399552     2.50625000e-06
0.399685     2.49057000e-06
0.399818     2.49666000e-06
0.399951     2.53336000e-06
0.400085     2.44862000e-06
0.400218     2.48206000e-06
0.400352     2.43718000e-06
0.400485     2.34897000e-06
0.400618     1.09620000e-06
0.400752     2.30933000e-06
0.400886     2.42912000e-06
0.401019     2.47948000e-06
0.401153     2.49361000e-06
0.401287     2.13176000e-06
0.401420     2.49924000e-06
0.401554     2.51797000e-06
0.401688     2.51740000e-06
0.401822     2.14989000e-06
0.401956     2.53040000e-06
0.402090     2.52800000e-06
0.402224     2.51903000e-06
0.402358     1.81060000e-06
0.402492     2.53566000e-06
0.402626     2.57169000e-06
0.402760     2.55096000e-06
0.402895     2.51869000e-06
0.403029     2.51454000e-06
0.403163     1.03147000e-06
0.403298     2.55461000e-06
0.403432     9.49615000e-07
0.403567     2.57504000e-06
0.403701     2.53130000e-06
0.403836     2.46982000e-06
0.403970     2.45218000e-06
0.404105     2.37565000e-06
0.404240     2.21126000e-06
0.404374     1.96654000e-06
0.404509     2.24711000e-07
0.404644     8.50463000e-07
0.404779     1.01797000e-06
0.404914     1.62462000e-06
0.405049     1.68467000e-06
0.405184     2.33791000e-06
0.405319     2.44600000e-06
0.405454     2.47437000e-06
0.405589     2.53521000e-06
0.405724     2.49417000e-06
0.405860     2.28250000e-06
0.405995     2.50729000e-06
0.406130     2.37950000e-06
0.406266     2.23464000e-06
0.406401     1.55448000e-06
0.406537     1.40856000e-06
0.406672     2.23576000e-06
0.406808     2.46393000e-06
0.406943     2.42851000e-06
0.407079     2.35642000e-06
0.407215     1.77516000e-06
0.407350     1.60058000e-06
0.407486     2.33071000e-06
0.407622     2.35304000e-06
0.407758     2.64779000e-06
0.407894     2.66845000e-06
0.408030     2.60239000e-06
0.408166     2.61150000e-06
0.408302     2.61664000e-06
0.408438     2.65297000e-06
0.408574     2.69324000e-06
0.408710     2.62838000e-06
0.408846     2.61709000e-06
0.408983     2.62514000e-06
0.409119     2.64232000e-06
0.409255     2.62318000e-06
0.409392     2.65201000e-06
0.409528     2.62624000e-06
0.409665     2.67383000e-06
0.409801     2.68675000e-06
0.409938     2.66085000e-06
0.410075     2.69408000e-06
0.410211     2.77022000e-06
0.410348     2.83043000e-06
0.410485     2.70775000e-06
0.410622     2.50703000e-06
0.410758     1.86849000e-06
0.410895     2.68925000e-06
0.411032     2.70082000e-06
0.411169     2.67234000e-06
0.411306     2.68526000e-06
0.411444     2.68274000e-06
0.411581     2.69942000e-06
0.411718     2.67509000e-06
0.411855     2.67098000e-06
0.411992     2.78533000e-06
0.412130     2.69346000e-06
0.412267     2.68316000e-06
0.412405     2.70861000e-06
0.412542     2.68367000e-06
0.412679     2.60467000e-06
0.412817     2.69270000e-06
0.412955     2.72688000e-06
0.413092     2.64008000e-06
0.413230     2.36347000e-06
0.413368     1.96635000e-06
0.413506     2.67415000e-06
0.413643     2.41078000e-06
0.413781     2.71651000e-06
0.413919     2.68850000e-06
0.414057     2.67814000e-06
0.414195     2.64198000e-06
0.414333     2.53246000e-06
0.414471     1.37146000e-06
0.414610     2.27678000e-06
0.414748     2.58472000e-06
0.414886     1.87672000e-07
0.415024     2.73901000e-06
0.415163     2.59637000e-06
0.415301     2.72624000e-06
0.415439     2.75058000e-06
0.415578     2.82419000e-06
0.415716     2.74316000e-06
0.415855     2.81716000e-06
0.415994     2.69623000e-06
0.416132     2.72221000e-06
0.416271     2.79304000e-06
0.416410     2.19199000e-06
0.416549     2.75903000e-06
0.416687     2.75460000e-06
0.416826     2.84080000e-06
0.416965     2.75596000e-06
0.417104     2.76064000e-06
0.417243     2.80859000e-06
0.417382     1.92426000e-06
0.417521     2.76100000e-06
0.417661     2.83313000e-06
0.417800     2.81900000e-06
0.417939     2.81182000e-06
0.418078     2.75925000e-06
0.418218     2.83356000e-06
0.418357     1.48330000e-06
0.418497     2.77182000e-06
0.418636     2.82088000e-06
0.418776     2.87081000e-06
0.418915     2.66406000e-06
0.419055     2.84498000e-06
0.419195     2.79471000e-06
0.419334     2.82086000e-06
0.419474     2.76025000e-06
0.419614     2.90283000e-06
0.419754     2.84275000e-06
0.419894     2.79294000e-06
0.420034     1.28238000e-06
0.420174     2.53343000e-06
0.420314     3.74155000e-07
0.420454     2.45496000e-06
0.420594     2.73458000e-06
0.420734     2.78388000e-06
0.420874     2.76023000e-06
0.421015     2.77901000e-06
0.421155     9.36215000e-07
0.421295     2.78508000e-06
0.421436     2.86123000e-06
0.421576     2.79114000e-06
0.421717     1.94235000e-06
0.421858     2.86801000e-06
0.421998     2.86831000e-06
0.422139     2.80396000e-06
0.422279     2.82656000e-06
0.422420     2.84839000e-06
0.422561     2.90733000e-06
0.422702     3.21479000e-06
0.422843     3.56370000e-06
0.422984     2.83483000e-06
0.423125     2.86430000e-06
0.423266     2.82951000e-06
0.423407     2.88651000e-06
0.423548     2.82267000e-06
0.423689     2.85466000e-06
0.423830     2.75416000e-06
0.423972     2.94022000e-06
0.424113     1.71038000e-06
0.424254     2.82285000e-06
0.424396     3.01938000e-06
0.424537     2.81460000e-06
0.424679     2.87272000e-06
0.424820     2.91227000e-06
0.424962     9.38908000e-07
0.425104     2.50921000e-06
0.425245     1.91380000e-06
0.425387     2.73181000e-06
0.425529     2.97603000e-06
0.425671     1.73010000e-06
0.425813     2.77659000e-06
0.425955     2.72574000e-07
0.426097     2.94242000e-06
0.426239     2.95264000e-06
0.426381     2.84185000e-06
0.426523     2.86704000e-06
0.426665     2.76384000e-06
0.426807     2.68741000e-06
0.426949     2.59276000e-06
0.427092     2.23002000e-06
0.427234     2.50382000e-07
0.427377     1.27584000e-06
0.427519     2.38198000e-06
0.427661     2.78620000e-06
0.427804     2.69476000e-06
0.427947     2.74701000e-06
0.428089     2.94408000e-06
0.428232     2.94364000e-06
0.428375     2.91014000e-06
0.428518     2.85298000e-06
0.428660     3.10986000e-06
0.428803     3.01238000e-06
0.428946     2.94714000e-06
0.429089     3.41688000e-06
0.429232     3.01942000e-06
0.429375     2.97454000e-06
0.429518     1.31984000e-06
0.429662     2.98725000e-06
0.429805     3.09537000e-06
0.429948     3.10423000e-06
0.430091     3.43079000e-06
0.430235     3.23456000e-06
0.430378     3.37743000e-06
0.430522     3.07010000e-06
0.430665     1.10922000e-06
0.430809     1.89243000e-06
0.430952     1.05421000e-06
0.431096     2.74567000e-06
0.431240     3.13436000e-06
0.431383     3.12759000e-06
0.431527     2.94599000e-06
0.431671     2.90896000e-06
0.431815     2.82853000e-06
0.431959     2.85576000e-06
0.432103     2.81966000e-06
0.432247     2.86292000e-06
0.432391     2.73488000e-06
0.432535     2.63149000e-06
0.432679     6.30503000e-07
0.432823     2.20837000e-06
0.432968     2.69442000e-06
0.433112     2.84639000e-06
0.433256     2.85181000e-06
0.433401     2.92254000e-06
0.433545     2.94439000e-06
0.433690     2.88827000e-06
0.433834     1.76010000e-06
0.433979     3.13576000e-06
0.434124     3.40838000e-06
0.434268     1.27706000e-06
0.434413     3.03248000e-06
0.434558     3.09028000e-06
0.434703     2.96815000e-06
0.434848     6.23659000e-09
0.434993     3.05063000e-06
0.435138     3.05115000e-06
0.435283     3.34749000e-06
0.435428     3.10832000e-06
0.435573     3.01535000e-06
0.435718     3.08774000e-06
0.435863     2.95432000e-06
0.436009     3.09985000e-06
0.436154     3.09648000e-06
0.436299     2.94545000e-06
0.436445     3.09575000e-06
0.436590     2.99003000e-06
0.436736     3.00279000e-06
0.436881     1.01522000e-06
0.437027     2.96358000e-06
0.437173     3.08267000e-06
0.437318     3.00505000e-06
0.437464     3.02893000e-06
0.437610     3.09320000e-06
0.437756     2.94609000e-06
0.437902     2.09346000e-06
0.438048     2.74963000e-06
0.438194     2.55059000e-06
0.438340     1.86757000e-06
0.438486     1.71821000e-07
0.438632     2.10150000e-06
0.438778     2.57985000e-06
0.438925     2.91903000e-06
0.439071     3.04707000e-06
0.439217     1.35795000e-06
0.439364     3.04768000e-06
0.439510     3.04500000e-06
0.439657     3.16818000e-06
0.439803     3.08723000e-06
0.439950     3.04209000e-06
0.440096     3.13560000e-06
0.440243     3.06712000e-06
0.440390     2.75990000e-06
0.440537     1.86740000e-06
0.440684     2.12643000e-06
0.440830     2.87013000e-06
0.440977     2.75954000e-06
0.441124     3.01641000e-06
0.441271     2.99076000e-06
0.441418     2.96886000e-06
0.441566     2.70542000e-06
0.441713     2.70905000e-06
0.441860     3.07488000e-06
0.442007     3.03155000e-06
0.442155     3.02627000e-06
0.442302     3.17422000e-06
0.442449     4.03440000e-07
0.442597     3.10401000e-06
0.442745     3.02911000e-06
0.442892     3.06878000e-06
0.443040     3.01274000e-06
0.443187     3.87427000e-07
0.443335     3.03446000e-06
0.443483     3.14852000e-06
0.443631     3.33355000e-06
0.443779     3.09802000e-06
0.443927     3.08571000e-06
0.444075     3.05181000e-06
0.444223     2.96425000e-06
0.444371     2.38070000e-06
0.444519     3.27158000e-06
0.444667     3.02109000e-06
0.444815     2.25555000e-06
0.444963     3.07089000e-06
0.445112     3.21568000e-06
0.445260     3.12282000e-06
0.445409     3.15980000e-06
0.445557     3.38480000e-06
0.445705     3.30934000e-06
0.445854     3.19195000e-06
0.446003     3.14051000e-06
0.446151     3.14786000e-06
0.446300     3.01554000e-06
0.446449     3.08361000e-06
0.446598     3.19310000e-06
0.446747     3.23726000e-06
0.446895     3.10216000e-06
0.447044     3.34116000e-06
0.447193     3.21647000e-06
0.447342     3.15449000e-06
0.447492     3.11739000e-06
0.447641     3.09942000e-06
0.447790     3.20052000e-06
0.447939     3.08442000e-06
0.448089     3.07775000e-06
0.448238     3.18706000e-06
0.448387     3.21535000e-06
0.448537     3.18553000e-06
0.448686     3.10860000e-06
0.448836     3.11454000e-06
0.448985     3.20241000e-06
0.449135     1.31535000e-06
0.449285     3.14077000e-06
0.449435     3.12722000e-06
0.449584     3.88907000e-07
0.449734     3.19665000e-06
0.449884     2.92244000e-06
0.450034     3.21212000e-06
0.450184     3.19492000e-06
0.450334     3.16954000e-06
0.450484     3.10106000e-06
0.450634     3.12231000e-06
0.450785     3.16141000e-06
0.450935     3.13193000e-06
0.451085     3.05360000e-06
0.451236     3.14423000e-06
0.451386     3.19016000e-06
0.451537     3.15880000e-06
0.451687     3.23184000e-06
0.451838     3.17432000e-06
0.451988     3.23938000e-06
0.452139     3.19594000e-06
0.452290     3.11023000e-06
0.452440     3.28696000e-06
0.452591     3.29568000e-06
0.452742     3.25776000e-06
0.452893     3.22064000e-06
0.453044     3.15553000e-06
0.453195     3.07463000e-06
0.453346     3.12965000e-06
0.453497     3.37299000e-06
0.453648     3.46249000e-06
0.453799     3.21355000e-06
0.453951     3.23533000e-06
0.454102     3.19223000e-06
0.454253     3.34597000e-06
0.454405     3.21052000e-06
0.454556     3.31847000e-06
0.454708     3.30050000e-06
0.454859     3.33445000e-06
0.455011     3.33054000e-06
0.455163     3.16986000e-06
0.455314     3.26829000e-06
0.455466     3.26624000e-06
0.455618     3.35131000e-06
0.455770     3.36167000e-06
0.455922     3.26306000e-06
0.456074     3.23215000e-06
0.456226     3.23434000e-06
0.456378     3.20498000e-06
0.456530     3.28330000e-06
0.456682     3.30356000e-06
0.456834     3.24698000e-06
0.456987     3.26670000e-06
0.457139     3.26286000e-06
0.457291     3.52919000e-06
0.457444     3.26206000e-06
0.457596     2.99821000e-06
0.457749     3.29395000e-06
0.457901     3.27533000e-06
0.458054     3.38530000e-06
0.458207     3.56361000e-06
0.458359     3.34193000e-06
0.458512     3.37282000e-06
0.458665     3.52012000e-06
0.458818     3.32509000e-06
0.458971     3.39318000e-06
0.459124     3.34809000e-06
0.459277     3.36684000e-06
0.459430     3.23913000e-06
0.459583     3.37125000e-06
0.459736     2.69007000e-06
0.459890     3.24677000e-06
0.460043     3.29023000e-06
0.460196     3.57385000e-06
0.460350     3.37889000e-06
0.460503     3.30195000e-06
0.460657     3.40122000e-06
0.460810     3.35885000e-06
0.460964     3.37296000e-06
0.461117     3.32112000e-06
0.461271     3.14233000e-06
0.461425     3.49300000e-06
0.461579     3.36391000e-06
0.461733     3.49679000e-06
0.461886     3.42662000e-06
0.462040     3.52723000e-06
0.462194     3.38531000e-06
0.462349     3.44285000e-06
0.462503     3.37199000e-06
0.462657     3.40548000e-06
0.462811     3.51230000e-06
0.462965     3.34075000e-06
0.463120     3.44690000e-06
0.463274     3.38384000e-06
0.463428     2.62055000e-06
0.463583     3.43993000e-06
0.463737     3.46043000e-06
0.463892     3.59235000e-06
0.464047     3.45574000e-06
0.464201     3.39413000e-06
0.464356     3.37816000e-06
0.464511     3.42075000e-06
0.464666     3.45853000e-06
0.464821     3.56188000e-06
0.464975     3.53734000e-06
0.465130     3.43187000e-06
0.465286     3.55635000e-06
0.465441     3.43129000e-06
0.465596     2.80448000e-06
0.465751     3.54458000e-06
0.465906     3.45723000e-06
0.466062     3.41640000e-06
0.466217     3.43971000e-06
0.466372     3.43769000e-06
0.466528     3.53520000e-06
0.466683     3.49796000e-06
0.466839     3.75485000e-06
0.466994     3.16086000e-06
0.467150     3.49206000e-06
0.467306     3.42536000e-06
0.467462     3.58871000e-06
0.467617     3.56452000e-06
0.467773     3.48107000e-06
0.467929     3.53027000e-06
0.468085     3.72102000e-06
0.468241     3.54990000e-06
0.468397     3.61203000e-06
0.468553     3.49916000e-06
0.468710     3.70116000e-06
0.468866     3.16017000e-06
0.469022     3.52255000e-06
0.469178     3.62679000e-06
0.469335     3.61817000e-06
0.469491     3.51471000e-06
0.469648     3.51814000e-06
0.469804     3.53850000e-06
0.469961     3.65215000e-06
0.470118     3.50866000e-06
0.470274     3.61259000e-06
0.470431     2.15976000e-06
0.470588     3.65876000e-06
0.470745     3.56633000e-06
0.470902     3.73451000e-06
0.471059     3.70256000e-06
0.471216     3.71272000e-06
0.471373     3.55701000e-06
0.471530     3.67864000e-06
0.471687     3.66264000e-06
0.471844     3.53679000e-06
0.472002     3.60438000e-06
0.472159     3.58626000e-06
0.472316     3.66918000e-06
0.472474     3.63121000e-06
0.472631     3.57254000e-06
0.472789     3.62837000e-06
0.472946     3.90556000e-06
0.473104     3.71088000e-06
0.473262     3.77701000e-06
0.473419     3.76745000e-06
0.473577     3.59074000e-06
0.473735     3.79379000e-06
0.473893     3.06700000e-06
0.474051     3.68187000e-06
0.474209     3.70586000e-06
0.474367     3.74727000e-06
0.474525     3.63222000e-06
0.474683     3.73636000e-06
0.474842     3.61751000e-06
0.475000     3.63567000e-06
0.475158     3.67585000e-06
0.475317     2.64847000e-07
0.475475     3.71520000e-06
0.475633     3.70577000e-06
0.475792     3.79801000e-06
0.475951     3.80048000e-06
0.476109     3.71729000e-06
0.476268     3.73263000e-06
0.476427     3.83169000e-06
0.476586     3.76834000e-06
0.476744     3.94919000e-06
0.476903     3.80313000e-06
0.477062     3.75099000e-06
0.477221     3.70688000e-06
0.477380     3.78632000e-06
0.477540     3.69648000e-06
0.477699     3.78584000e-06
0.477858     3.66739000e-06
0.478017     3.71188000e-06
0.478177     3.72165000e-06
0.478336     3.75683000e-06
0.478495     3.88712000e-06
0.478655     3.78768000e-06
0.478814     8.78514000e-07
0.478974     3.90134000e-06
0.479134     3.95363000e-06
0.479293     3.84424000e-06
0.479453     3.86965000e-06
0.479613     3.74986000e-06
0.479773     3.81878000e-06
0.479933     3.92994000e-06
0.480093     3.81285000e-06
0.480253     3.93735000e-06
0.480413     3.87238000e-06
0.480573     3.63069000e-06
0.480733     3.82262000e-06
0.480893     3.96144000e-06
0.481054     3.90303000e-06
0.481214     3.89238000e-06
0.481375     3.96428000e-06
0.481535     3.89352000e-06
0.481695     3.85998000e-06
0.481856     3.97807000e-06
0.482017     3.87513000e-06
0.482177     3.94786000e-06
0.482338     3.86399000e-06
0.482499     4.14863000e-06
0.482660     3.90380000e-06
0.482821     3.89321000e-06
0.482982     3.95802000e-06
0.483143     3.92408000e-06
0.483304     4.02400000e-06
0.483465     4.00246000e-06
0.483626     3.96523000e-06
0.483787     4.07119000e-06
0.483948     4.06262000e-06
0.484110     4.33802000e-06
0.484271     4.10586000e-06
0.484432     4.14222000e-06
0.484594     3.98757000e-06
0.484755     4.05832000e-06
0.484917     4.02317000e-06
0.485079     4.00505000e-06
0.485240     4.02421000e-06
0.485402     4.10249000e-06
0.485564     4.07601000e-06
0.485726     4.37222000e-06
0.485888     4.14373000e-06
0.486050     4.44146000e-06
0.486212     5.29798000e-06
0.486374     4.72165000e-06
0.486536     4.38632000e-06
0.486698     4.26463000e-06
0.486860     4.17380000e-06
0.487022     4.21163000e-06
0.487185     4.40535000e-06
0.487347     1.30085000e-06
0.487510     3.70662000e-06
0.487672     4.23914000e-06
0.487835     4.19800000e-06
0.487997     4.47960000e-06
0.488160     4.06893000e-06
0.488323     4.36763000e-06
0.488486     4.08619000e-06
0.488648     4.23261000e-06
0.488811     4.54426000e-06
0.488974     4.44694000e-06
0.489137     4.31408000e-06
0.489300     4.46121000e-06
0.489463     4.20341000e-06
0.489626     4.08976000e-06
0.489790     4.13721000e-06
0.489953     4.04706000e-06
0.490116     4.22463000e-06
0.490280     4.24026000e-06
0.490443     4.41140000e-06
0.490607     4.21264000e-06
0.490770     4.10489000e-06
0.490934     4.24146000e-06
0.491097     4.44984000e-06
0.491261     4.48975000e-06
0.491425     4.26971000e-06
0.491589     4.26260000e-06
0.491752     4.12980000e-06
0.491916     4.51099000e-06
0.492080     4.85083000e-06
0.492244     4.86855000e-06
0.492408     4.25866000e-06
0.492573     4.51796000e-06
0.492737     4.40357000e-06
0.492901     4.34915000e-06
0.493065     4.15069000e-06
0.493230     4.24250000e-06
0.493394     4.37269000e-06
0.493559     4.46675000e-06
0.493723     4.39759000e-06
0.493888     4.38026000e-06
0.494052     4.10802000e-06
0.494217     4.01891000e-06
0.494382     4.35401000e-06
0.494546     4.24575000e-06
0.494711     4.50227000e-06
0.494876     4.26820000e-06
0.495041     4.32652000e-06
0.495206     4.30071000e-06
0.495371     4.26761000e-06
0.495536     4.40044000e-06
0.495702     4.44981000e-06
0.495867     4.02193000e-07
0.496032     4.39076000e-06
0.496197     4.26594000e-06
0.496363     4.41564000e-06
0.496528     4.30786000e-06
0.496694     4.69933000e-06
0.496859     4.48479000e-06
0.497025     4.47251000e-06
0.497191     4.47224000e-06
0.497356     4.37913000e-06
0.497522     4.49225000e-06
0.497688     4.44075000e-06
0.497854     4.43989000e-06
0.498020     4.56076000e-06
0.498186     4.69745000e-06
0.498352     5.18306000e-06
0.498518     5.03524000e-06
0.498684     4.88985000e-06
0.498850     4.51103000e-06
0.499017     4.61461000e-06
0.499183     4.57202000e-06
0.499349     4.37892000e-06
0.499516     3.26674000e-06
0.499682     4.26240000e-06
0.499849     4.57568000e-06
0.500016     4.83934000e-06
0.500182     4.62354000e-06
0.500349     5.09219000e-06
0.500516     4.67152000e-06
0.500683     5.19257000e-06
0.500849     4.77738000e-06
0.501016     4.31427000e-06
0.501183     4.15505000e-06
0.501351     4.96366000e-08
0.501518     4.33796000e-06
0.501685     4.97239000e-06
0.501852     4.64197000e-06
0.502019     4.97935000e-06
0.502187     4.78636000e-06
0.502354     5.16697000e-06
0.502521     4.46982000e-06
0.502689     4.79777000e-06
0.502857     4.86651000e-06
0.503024     4.58466000e-06
0.503192     4.72369000e-06
0.503360     4.63587000e-06
0.503527     4.10531000e-06
0.503695     5.00598000e-06
0.503863     4.72272000e-06
0.504031     5.08372000e-06
0.504199     4.71541000e-06
0.504367     5.13644000e-06
0.504535     4.43122000e-06
0.504703     4.57399000e-06
0.504872     4.53821000e-06
0.505040     5.14113000e-06
0.505208     4.28779000e-06
0.505377     4.04532000e-06
0.505545     4.54274000e-06
0.505714     4.65368000e-06
0.505882     4.63674000e-06
0.506051     4.68141000e-06
0.506220     4.86412000e-06
0.506388     4.72985000e-06
0.506557     5.11793000e-06
0.506726     5.05103000e-06
0.506895     5.09251000e-06
0.507064     4.94045000e-06
0.507233     4.74196000e-06
0.507402     5.20418000e-06
0.507571     5.03085000e-06
0.507740     5.02484000e-06
0.507910     4.71226000e-06
0.508079     4.60445000e-06
0.508248     5.29583000e-06
0.508418     4.59666000e-06
0.508587     4.96185000e-06
0.508757     4.94077000e-06
0.508926     5.18063000e-06
0.509096     4.91926000e-06
0.509266     5.02865000e-06
0.509435     4.90656000e-06
0.509605     5.02035000e-06
0.509775     5.22020000e-06
0.509945     5.31309000e-06
0.510115     5.47529000e-06
0.510285     5.03752000e-06
0.510455     5.11653000e-06
0.510625     4.88692000e-06
0.510795     4.91486000e-06
0.510966     5.38704000e-06
0.511136     5.65543000e-06
0.511306     5.11308000e-06
0.511477     5.13101000e-06
0.511647     5.15669000e-06
0.511818     5.14574000e-06
0.511988     5.03935000e-06
0.512159     4.98755000e-06
0.512330     5.17608000e-06
0.512501     2.40265000e-06
0.512671     5.50634000e-06
0.512842     4.51582000e-06
0.513013     5.14460000e-06
0.513184     5.26852000e-06
0.513355     5.32762000e-06
0.513526     5.56988000e-06
0.513698     5.21285000e-06
0.513869     5.57686000e-06
0.514040     6.02447000e-06
0.514211     4.93696000e-06
0.514383     5.69091000e-06
0.514554     5.06906000e-06
0.514726     5.59275000e-06
0.514897     5.68326000e-06
0.515069     5.24852000e-06
0.515241     2.37928000e-06
0.515412     5.60706000e-06
0.515584     5.48351000e-06
0.515756     5.47823000e-06
0.515928     5.24462000e-06
0.516100     5.41163000e-06
0.516272     5.32530000e-06
0.516444     5.77600000e-06
0.516616     6.07292000e-06
0.516789     6.19287000e-06
0.516961     7.31697000e-06
0.517133     5.60819000e-06
0.517305     3.31938000e-07
0.517478     7.17968000e-06
0.517650     5.40914000e-06
0.517823     5.65705000e-06
0.517996     5.56597000e-06
0.518168     5.61771000e-06
0.518341     5.90446000e-06
0.518514     2.55095000e-06
0.518687     5.99356000e-06
0.518859     5.63073000e-06
0.519032     5.61827000e-06
0.519205     5.65592000e-06
0.519379     3.48288000e-07
0.519552     5.58843000e-06
0.519725     6.62749000e-06
0.519898     5.64339000e-06
0.520071     5.55663000e-06
0.520245     5.53579000e-06
0.520418     5.73310000e-06
0.520592     6.10579000e-06
0.520765     6.48513000e-06
0.520939     6.06008000e-06
0.521112     5.94043000e-06
0.521286     5.69969000e-06
0.521460     5.50400000e-06
0.521634     5.76302000e-06
0.521808     6.44279000e-06
0.521981     5.68377000e-06
0.522155     5.69673000e-06
0.522330     5.69534000e-06
0.522504     5.70005000e-06
0.522678     5.72599000e-06
0.522852     4.69452000e-06
0.523026     5.72192000e-06
0.523201     5.99692000e-06
0.523375     6.34810000e-06
0.523550     5.89785000e-06
0.523724     6.20948000e-06
0.523899     5.69607000e-06
0.524073     5.77659000e-06
0.524248     5.58901000e-06
0.524423     5.92728000e-06
0.524597     5.76136000e-06
0.524772     6.21107000e-06
0.524947     5.83975000e-06
0.525122     5.90309000e-06
0.525297     5.75332000e-06
0.525472     5.76869000e-06
0.525648     6.18495000e-06
0.525823     5.67873000e-06
0.525998     6.14145000e-06
0.526173     5.89678000e-06
0.526349     6.27523000e-06
0.526524     6.38880000e-06
0.526700     6.13245000e-06
0.526875     4.96818000e-06
0.527051     1.24150000e-06
0.527227     3.82211000e-06
0.527402     5.52439000e-06
0.527578     5.75811000e-06
0.527754     6.13062000e-06
0.527930     5.66974000e-06
0.528106     5.75557000e-06
0.528282     6.34468000e-06
0.528458     6.53885000e-06
0.528634     6.08849000e-06
0.528810     5.68965000e-06
0.528987     5.97893000e-06
0.529163     5.77910000e-06
0.529339     6.09916000e-06
0.529516     6.14812000e-06
0.529692     6.11263000e-06
0.529869     6.65712000e-06
0.530046     6.55155000e-06
0.530222     6.23395000e-06
0.530399     6.36330000e-06
0.530576     5.93633000e-06
0.530753     5.82747000e-06
0.530930     6.22427000e-06
0.531106     5.95451000e-06
0.531284     6.03992000e-06
0.531461     6.10332000e-06
0.531638     6.14688000e-06
0.531815     6.39402000e-06
0.531992     6.04362000e-06
0.532170     6.07021000e-06
0.532347     5.93678000e-06
0.532524     6.47402000e-06
0.532702     5.67312000e-06
0.532879     3.28561000e-06
0.533057     4.70576000e-06
0.533235     5.64678000e-06
0.533413     6.85205000e-06
0.533590     6.26650000e-06
0.533768     6.17169000e-06
0.533946     6.89298000e-06
0.534124     6.24004000e-06
0.534302     6.77121000e-06
0.534480     6.14940000e-06
0.534658     6.53097000e-06
0.534837     6.58277000e-06
0.535015     6.60524000e-06
0.535193     6.28766000e-06
0.535372     6.17551000e-06
0.535550     6.44217000e-06
0.535729     6.04941000e-06
0.535907     6.17524000e-06
0.536086     6.10222000e-06
0.536265     6.24632000e-06
0.536443     6.35827000e-06
0.536622     6.99663000e-06
0.536801     6.30821000e-06
0.536980     6.42397000e-06
0.537159     5.99438000e-06
0.537338     2.52631000e-06
0.537517     5.89060000e-06
0.537696     6.10234000e-06
0.537875     6.41472000e-06
0.538055     6.45974000e-06
0.538234     6.39630000e-06
0.538414     7.22384000e-06
0.538593     6.38493000e-06
0.538773     6.38243000e-06
0.538952     6.51591000e-06
0.539132     6.51855000e-06
0.539311     6.60889000e-06
0.539491     6.68206000e-06
0.539671     6.19995000e-06
0.539851     4.55923000e-07
0.540031     6.16722000e-06
0.540211     6.80820000e-06
0.540391     6.31979000e-06
0.540571     7.62647000e-06
0.540751     2.03044000e-06
0.540932     6.26416000e-06
0.541112     7.20110000e-06
0.541292     6.99998000e-06
0.541473     6.70475000e-06
0.541653     7.23025000e-06
0.541834     6.47188000e-06
0.542014     6.38251000e-06
0.542195     6.76426000e-06
0.542376     6.63662000e-06
0.542557     4.03807000e-06
0.542737     6.51376000e-06
0.542918     6.12737000e-06
0.543099     1.48880000e-06
0.543280     5.99146000e-06
0.543461     6.59341000e-06
0.543643     4.93342000e-06
0.543824     6.79305000e-06
0.544005     6.40810000e-06
0.544186     6.50767000e-06
0.544368     6.65093000e-06
0.544549     6.48508000e-06
0.544731     6.49063000e-06
0.544912     5.85053000e-06
0.545094     6.36560000e-06
0.545276     6.56041000e-06
0.545457     6.76279000e-06
0.545639     6.65617000e-06
0.545821     6.33862000e-06
0.546003     6.39131000e-06
0.546185     6.75198000e-06
0.546367     7.19829000e-06
0.546549     7.20495000e-06
0.546731     6.75601000e-06
0.546914     6.79843000e-06
0.547096     6.76448000e-06
0.547278     6.81999000e-06
0.547461     6.85238000e-06
0.547643     6.86061000e-06
0.547826     7.78257000e-06
0.548008     6.84093000e-06
0.548191     6.89414000e-06
0.548374     7.09655000e-06
0.548557     6.73823000e-06
0.548739     6.78685000e-06
0.548922     7.69082000e-06
0.549105     7.25188000e-06
0.549288     6.75247000e-06
0.549471     6.95383000e-06
0.549655     7.21814000e-06
0.549838     6.68809000e-06
0.550021     6.76430000e-06
0.550204     6.85739000e-06
0.550388     7.22085000e-06
0.550571     6.80714000e-06
0.550755     7.46257000e-06
0.550938     6.76327000e-06
0.551122     7.07524000e-06
0.551306     7.29535000e-06
0.551490     7.23480000e-06
0.551673     7.09513000e-06
0.551857     7.10069000e-06
0.552041     6.85414000e-06
0.552225     7.06244000e-06
0.552409     6.91432000e-06
0.552593     6.83118000e-06
0.552778     7.41017000e-06
0.552962     7.98145000e-06
0.553146     7.01410000e-06
0.553331     6.90572000e-06
0.553515     7.13587000e-06
0.553700     7.32048000e-06
0.553884     6.82005000e-06
0.554069     6.90330000e-06
0.554253     6.87422000e-06
0.554438     6.88280000e-06
0.554623     7.06060000e-06
0.554808     7.12236000e-06
0.554993     6.93332000e-06
0.555178     6.97381000e-06
0.555363     6.89627000e-06
0.555548     7.34085000e-06
0.555733     7.11625000e-06
0.555918     6.92477000e-06
0.556104     7.13662000e-06
0.556289     7.24193000e-06
0.556475     7.40916000e-06
0.556660     7.18811000e-06
0.556846     7.15674000e-06
0.557031     7.36157000e-06
0.557217     7.03251000e-06
0.557403     7.83526000e-06
0.557588     6.96974000e-06
0.557774     7.25946000e-06
0.557960     6.97927000e-06
0.558146     6.88710000e-06
0.558332     7.18229000e-06
0.558518     7.22769000e-06
0.558705     7.11918000e-06
0.558891     8.16327000e-06
0.559077     7.96924000e-06
0.559263     6.89196000e-06
0.559450     7.39319000e-06
0.559636     7.54089000e-06
0.559823     6.86601000e-06
0.560009     7.85298000e-06
0.560196     7.55594000e-06
0.560383     7.67501000e-06
0.560570     6.81894000e-06
0.560757     6.74556000e-06
0.560943     6.73652000e-06
0.561130     6.85575000e-06
0.561317     6.79725000e-06
0.561505     6.68884000e-06
0.561692     8.17149000e-06
0.561879     6.76382000e-06
0.562066     7.21891000e-06
0.562254     6.80958000e-06
0.562441     6.62095000e-06
0.562629     7.43249000e-06
0.562816     6.74856000e-06
0.563004     6.77237000e-06
0.563191     6.58707000e-06
0.563379     6.61269000e-06
0.563567     6.84139000e-06
0.563755     6.73182000e-06
0.563943     6.89984000e-06
0.564131     6.55134000e-06
0.564319     6.88574000e-06
0.564507     6.84426000e-06
0.564695     6.56073000e-06
0.564883     6.49337000e-06
0.565071     6.78946000e-06
0.565260     6.56093000e-06
0.565448     6.51841000e-06
0.565637     7.03284000e-06
0.565825     6.39458000e-06
0.566014     7.41324000e-06
0.566203     6.54558000e-06
0.566391     6.69087000e-06
0.566580     6.28712000e-06
0.566769     6.41642000e-06
0.566958     6.31738000e-06
0.567147     6.33244000e-06
0.567336     6.23528000e-06
0.567525     6.02471000e-06
0.567714     6.20328000e-06
0.567903     5.98676000e-06
0.568093     6.12803000e-06
0.568282     5.88268000e-06
0.568472     6.13496000e-06
0.568661     5.69314000e-06
0.568851     6.08115000e-06
0.569040     5.89067000e-06
0.569230     5.89127000e-06
0.569420     5.73480000e-06
0.569609     5.78187000e-06
0.569799     5.47261000e-06
0.569989     5.76943000e-06
0.570179     5.55155000e-06
0.570369     5.95338000e-06
0.570559     5.55181000e-06
0.570750     5.60635000e-06
0.570940     5.81528000e-06
0.571130     5.88335000e-06
0.571321     5.94942000e-06
0.571511     5.18695000e-06
0.571701     5.27941000e-06
0.571892     5.24956000e-06
0.572083     4.98136000e-06
0.572273     4.95356000e-06
0.572464     4.87772000e-06
0.572655     4.81780000e-06
0.572846     4.38877000e-06
0.573037     4.64547000e-06
0.573228     4.67454000e-06
0.573419     4.63270000e-06
0.573610     4.49694000e-06
0.573801     4.45453000e-06
0.573992     4.40586000e-06
0.574184     4.36286000e-06
0.574375     4.25361000e-06
0.574567     4.24471000e-06
0.574758     4.09840000e-06
0.574950     4.38357000e-06
0.575141     3.95421000e-06
0.575333     3.95819000e-06
0.575525     4.25420000e-06
0.575717     3.87412000e-06
0.575909     3.64133000e-06
0.576101     3.61984000e-06
0.576293     3.57228000e-06
0.576485     3.52304000e-06
0.576677     3.30572000e-06
0.576869     3.23975000e-06
0.577061     3.16155000e-06
0.577254     3.07475000e-06
0.577446     3.03742000e-06
0.577639     2.97441000e-06
0.577831     2.76363000e-06
0.578024     2.71354000e-06
0.578217     2.75424000e-06
0.578409     2.62860000e-06
0.578602     2.63119000e-06
0.578795     2.46075000e-06
0.578988     2.32972000e-06
0.579181     2.23232000e-06
0.579374     2.13855000e-06
0.579567     2.04141000e-06
0.579760     1.91139000e-06
0.579953     1.88725000e-06
0.580147     1.73059000e-06
0.580340     2.83501000e-07
0.580534     1.61657000e-06
0.580727     1.50951000e-06
0.580921     1.44111000e-06
0.581114     1.35066000e-06
0.581308     1.25002000e-06
0.581502     1.16614000e-06
0.581696     1.09156000e-06
0.581890     1.03848000e-06
0.582084     9.31479000e-07
0.582278     8.57355000e-07
0.582472     7.99579000e-07
0.582666     7.30692000e-07
0.582860     6.73803000e-07
0.583054     6.07957000e-07
0.583249     5.56026000e-07
0.583443     4.97362000e-07
0.583638     4.55903000e-07
0.583832     4.02208000e-07
0.584027     3.64197000e-07
0.584221     3.19467000e-07
0.584416     2.76339000e-07
0.584611     2.44608000e-07
0.584806     2.17572000e-07
0.585001     1.88589000e-07
0.585196     1.59632000e-07
0.585391     1.40458000e-07
0.585586     1.19329000e-07
0.585781     9.89526000e-08
0.585976     8.91338000e-08
0.586172     7.01010000e-08
0.586367     5.90053000e-08
0.586563     4.69006000e-08
0.586758     3.86140000e-08
0.586954     3.14928000e-08
0.587149     2.43515000e-08
0.587345     1.95181000e-08
0.587541     1.52492000e-08
0.587737     1.15402000e-08
0.587933     8.65134000e-09
0.588129     6.22001000e-09
0.588325     4.20294000e-09
0.588521     2.69296000e-09
0.588717     1.46133000e-09
0.588913     7.68243000e-10
0.589109     8.52499000e-09
0.589306     9.74964000e-10
0.589502     8.12121000e-10
0.589699     3.02904000e-09
0.589895     7.77166000e-10
0.590092     1.52493000e-09
0.590289     2.91095000e-09
0.590485     4.82349000e-09
0.590682     7.13464000e-09
0.590879     9.86474000e-09
0.591076     1.33276000e-08
0.591273     1.74350000e-08
0.591470     2.24575000e-08
0.591667     2.98712000e-08
0.591865     3.60869000e-08
0.592062     4.41853000e-08
0.592259     5.40272000e-08
0.592457     6.73429000e-08
0.592654     7.87238000e-08
0.592852     9.80660000e-08
0.593049     1.18497000e-07
0.593247     1.41916000e-07
0.593445     1.56825000e-07
0.593643     1.97033000e-07
0.593840     2.17673000e-07
0.594038     2.53301000e-07
0.594236     2.93892000e-07
0.594434     3.39525000e-07
0.594633     3.77754000e-07
0.594831     4.26043000e-07
0.595029     4.99260000e-07
0.595227     5.37235000e-07
0.595426     6.26983000e-07
0.595624     6.66630000e-07
0.595823     7.50058000e-07
0.596021     8.17847000e-07
0.596220     8.93446000e-07
0.596419     9.76178000e-07
0.596618     1.04350000e-06
0.596817     1.17473000e-06
0.597015     1.21613000e-06
0.597214     1.21065000e-06
0.597414     1.42513000e-06
0.597613     1.58294000e-06
0.597812     1.71574000e-06
0.598011     1.78990000e-06
0.598211     1.87055000e-06
0.598410     1.98909000e-06
0.598609     2.26968000e-06
0.598809     2.29670000e-06
0.599009     2.33133000e-06
0.599208     2.29495000e-06
0.599408     2.57736000e-06
0.599608     2.38646000e-06
0.599808     1.77344000e-06
0.600008     3.03096000e-06
0.600208     3.10546000e-06
0.600408     3.29553000e-06
0.600608     3.32071000e-06
0.600808     3.51597000e-06
0.601008     3.81045000e-06
0.601209     3.72778000e-06
0.601409     3.95247000e-06
0.601609     4.05475000e-06
0.601810     4.26357000e-06
0.602011     4.22179000e-06
0.602211     4.58078000e-06
0.602412     4.33688000e-06
0.602613     4.97388000e-06
0.602814     4.80237000e-06
0.603015     4.28834000e-06
0.603216     5.37135000e-06
0.603417     4.57761000e-06
0.603618     5.37652000e-06
0.603819     5.40158000e-06
0.604020     5.58123000e-06
0.604222     5.64625000e-06
0.604423     5.85640000e-06
0.604624     5.93051000e-06
0.604826     5.67924000e-06
0.605028     4.36296000e-06
0.605229     6.15331000e-06
0.605431     6.57375000e-06
0.605633     6.69841000e-06
0.605835     7.15853000e-06
0.606037     6.87694000e-06
0.606239     7.06035000e-06
0.606441     7.16352000e-06
0.606643     7.80453000e-06
0.606845     7.26273000e-06
0.607047     7.02619000e-06
0.607250     6.87251000e-06
0.607452     7.69504000e-06
0.607655     7.87875000e-06
0.607857     5.50934000e-06
0.608060     8.29006000e-06
0.608263     8.27375000e-06
0.608465     8.39934000e-06
0.608668     8.63561000e-06
0.608871     8.56091000e-06
0.609074     7.94342000e-06
0.609277     9.04892000e-06
0.609480     9.11033000e-06
0.609683     8.91878000e-06
0.609886     9.12046000e-06
0.610090     9.12175000e-06
0.610293     9.55611000e-06
0.610497     1.08251000e-05
0.610700     9.59897000e-06
0.610904     1.03952000e-05
0.611107     9.74156000e-06
0.611311     9.62139000e-06
0.611515     9.49121000e-06
0.611719     9.96341000e-06
0.611922     9.89898000e-06
0.612126     1.05117000e-05
0.612330     1.15978000e-05
0.612535     9.85757000e-06
0.612739     1.09855000e-05
0.612943     1.05661000e-05
0.613147     1.13887000e-05
0.613352     1.10957000e-05
0.613556     1.02176000e-05
0.613761     1.20448000e-05
0.613965     1.19517000e-05
0.614170     1.08144000e-05
0.614375     1.11795000e-05
0.614579     1.04416000e-05
0.614784     1.17540000e-05
0.614989     1.15873000e-05
0.615194     1.15388000e-05
0.615399     1.20725000e-05
0.615604     1.14857000e-05
0.615810     1.24396000e-05
0.616015     1.29780000e-05
0.616220     1.10040000e-05
0.616426     1.46141000e-05
0.616631     1.20979000e-05
0.616837     1.26957000e-05
0.617042     1.25424000e-05
0.617248     1.29369000e-05
0.617454     1.28996000e-05
0.617660     1.26014000e-05
0.617865     1.30616000e-05
0.618071     1.29523000e-05
0.618277     1.31318000e-05
0.618483     1.30002000e-05
0.618690     1.32779000e-05
0.618896     1.33072000e-05
0.619102     1.35665000e-05
0.619309     1.43258000e-05
0.619515     1.36258000e-05
0.619721     1.38918000e-05
0.619928     1.35850000e-05
0.620135     1.36197000e-05
0.620341     1.36036000e-05
0.620548     1.33921000e-05
0.620755     1.36825000e-05
0.620962     1.38432000e-05
0.621169     1.37345000e-05
0.621376     1.36460000e-05
0.621583     1.44567000e-05
0.621790     1.42542000e-05
0.621998     1.48448000e-05
0.622205     1.34786000e-05
0.622412     1.46778000e-05
0.622620     1.48604000e-05
0.622827     1.47128000e-05
0.623035     1.46053000e-05
0.623243     1.41052000e-06
0.623450     1.55972000e-05
0.623658     1.50276000e-05
0.623866     1.58688000e-05
0.624074     1.52324000e-05
0.624282     1.56425000e-05
0.624490     1.60920000e-05
0.624698     1.66856000e-05
0.624907     1.60966000e-05
0.625115     1.51480000e-05
0.625323     1.63366000e-05
0.625532     1.77386000e-05
0.625740     1.49954000e-05
0.625949     1.50582000e-05
0.626157     1.60140000e-05
0.626366     1.66073000e-05
0.626575     1.61383000e-05
0.626784     1.68682000e-05
0.626993     1.65038000e-05
0.627202     1.54732000e-05
0.627411     1.42330000e-05
0.627620     1.54920000e-05
0.627829     1.75205000e-05
0.628038     1.61317000e-05
0.628248     1.73405000e-05
0.628457     1.68078000e-05
0.628667     1.70067000e-05
0.628876     1.71456000e-05
0.629086     1.68108000e-05
0.629295     1.73299000e-05
0.629505     1.60412000e-05
0.629715     1.71794000e-05
0.629925     1.74710000e-05
0.630135     1.72685000e-05
0.630345     1.89090000e-05
0.630555     1.67632000e-05
0.630765     1.72434000e-05
0.630976     1.72598000e-05
0.631186     1.76159000e-05
0.631396     1.67322000e-05
0.631607     1.82793000e-05
0.631817     1.80932000e-05
0.632028     2.00865000e-05
0.632239     1.76882000e-05
0.632449     1.83293000e-05
0.632660     1.81630000e-05
0.632871     1.71549000e-05
0.633082     1.83192000e-05
0.633293     1.77560000e-05
0.633504     1.83843000e-05
0.633715     1.57074000e-05
0.633927     1.89952000e-05
0.634138     1.82093000e-05
0.634349     1.79967000e-05
0.634561     1.95329000e-05
0.634772     1.76446000e-05
0.634984     1.66904000e-05
0.635195     1.82471000e-05
0.635407     1.87709000e-05
0.635619     1.94089000e-05
0.635831     1.87585000e-05
0.636043     1.17944000e-07
0.636255     1.99778000e-05
0.636467     1.97286000e-05
0.636679     2.00275000e-05
0.636891     1.97392000e-05
0.637104     1.95421000e-05
0.637316     1.88090000e-05
0.637528     1.92125000e-05
0.637741     1.95502000e-05
0.637953     1.88609000e-05
0.638166     2.03702000e-05
0.638379     1.87974000e-05
0.638592     1.99553000e-05
0.638804     1.99418000e-05
0.639017     1.76581000e-05
0.639230     1.98810000e-05
0.639444     2.13933000e-05
0.639657     2.03080000e-05
0.639870     2.02727000e-05
0.640083     2.20749000e-05
0.640297     2.05386000e-05
0.640510     1.91772000e-05
0.640723     2.02248000e-05
0.640937     2.13892000e-05
0.641151     1.96289000e-05
0.641364     2.22243000e-05
0.641578     2.12866000e-05
0.641792     2.02948000e-05
0.642006     2.09462000e-05
0.642220     2.26355000e-05
0.642434     2.08633000e-05
0.642648     2.12768000e-05
0.642862     2.00963000e-05
0.643077     2.01935000e-05
0.643291     2.11390000e-05
0.643505     2.09671000e-05
0.643720     2.15217000e-05
0.643935     2.17773000e-05
0.644149     2.26258000e-05
0.644364     2.18267000e-05
0.644579     1.93168000e-05
0.644794     2.16679000e-05
0.645008     2.13939000e-05
0.645223     2.26746000e-05
0.645439     1.26551000e-05
0.645654     2.18209000e-05
0.645869     1.94219000e-05
0.646084     2.13646000e-05
0.646300     2.27473000e-05
0.646515     2.43976000e-05
0.646731     1.72089000e-05
0.646946     2.19686000e-05
0.647162     2.25672000e-05
0.647377     2.35101000e-05
0.647593     2.07949000e-05
0.647809     2.20932000e-05
0.648025     2.07411000e-05
0.648241     2.14557000e-05
0.648457     1.89403000e-05
0.648673     2.18921000e-05
0.648890     2.26123000e-05
0.649106     2.21969000e-05
0.649322     2.19222000e-05
0.649539     2.48958000e-05
0.649755     2.59566000e-05
0.649972     2.39648000e-05
0.650188     2.33884000e-05
0.650405     2.27702000e-05
0.650622     2.34606000e-05
0.650839     2.23970000e-05
0.651056     2.15128000e-05
0.651273     2.29891000e-05
0.651490     1.91156000e-05
0.651707     2.38412000e-05
0.651924     2.16909000e-05
0.652142     2.27263000e-05
0.652359     2.26994000e-05
0.652576     2.08809000e-05
0.652794     2.00243000e-05
0.653012     2.38438000e-05
0.653229     2.38861000e-05
0.653447     2.32862000e-05
0.653665     2.44065000e-05
0.653883     2.43477000e-05
0.654101     2.44794000e-05
0.654319     2.30976000e-05
0.654537     2.44909000e-05
0.654755     2.44645000e-05
0.654973     2.49799000e-05
0.655191     2.51329000e-05
0.655410     2.54410000e-05
0.655628     2.61852000e-05
0.655847     2.61037000e-05
0.656066     2.67220000e-05
0.656284     3.00548000e-05
0.656503     3.63356000e-05
0.656722     2.72390000e-05
0.656941     2.53586000e-05
0.657160     2.59590000e-05
0.657379     2.58231000e-05
0.657598     2.56911000e-05
0.657817     2.38774000e-05
0.658036     2.60538000e-05
0.658256     2.38946000e-05
0.658475     2.53417000e-05
0.658695     2.55811000e-05
0.658914     2.57398000e-05
0.659134     2.41446000e-05
0.659354     2.61454000e-05
0.659573     2.19226000e-05
0.659793     1.98716000e-05
0.660013     2.61328000e-05
0.660233     2.60862000e-05
0.660453     2.41097000e-05
0.660673     2.65351000e-05
0.660894     2.05255000e-05
0.661114     2.74123000e-05
0.661334     2.57381000e-05
0.661555     2.60569000e-05
0.661775     2.66728000e-05
0.661996     2.41187000e-05
0.662216     1.96119000e-05
0.662437     2.63700000e-05
0.662658     2.44247000e-05
0.662879     2.72907000e-05
0.663100     2.57657000e-05
0.663321     2.84513000e-05
0.663542     2.54418000e-05
0.663763     2.76720000e-05
0.663984     2.74650000e-05
0.664206     2.78961000e-05
0.664427     2.72050000e-05
0.664649     2.83565000e-05
0.664870     2.75238000e-05
0.665092     2.74365000e-05
0.665313     2.21791000e-05
0.665535     2.67217000e-05
0.665757     2.77757000e-05
0.665979     2.60859000e-05
0.666201     2.79298000e-05
0.666423     2.92459000e-05
0.666645     2.82309000e-05
0.666867     2.27707000e-05
0.667090     2.78609000e-05
0.667312     2.85545000e-05
0.667535     2.69597000e-05
0.667757     2.86744000e-05
0.667980     9.17358000e-06
0.668202     2.87769000e-05
0.668425     2.58634000e-05
0.668648     2.60480000e-05
0.668871     2.84645000e-05
0.669094     1.42393000e-05
0.669317     2.83449000e-05
0.669540     2.91135000e-05
0.669763     2.90117000e-05
0.669986     2.64638000e-05
0.670210     2.92166000e-05
0.670433     2.93085000e-05
0.670656     2.81562000e-05
0.670880     3.45345000e-05
0.671104     3.09509000e-05
0.671327     3.00959000e-05
0.671551     3.09332000e-05
0.671775     2.87459000e-05
0.671999     3.09456000e-05
0.672223     2.79011000e-05
0.672447     2.93842000e-05
0.672671     3.03126000e-05
0.672895     3.00194000e-05
0.673120     3.04193000e-05
0.673344     2.98440000e-05
0.673568     2.99456000e-05
0.673793     3.00826000e-05
0.674018     2.91221000e-05
0.674242     3.08273000e-05
0.674467     2.94084000e-05
0.674692     3.07290000e-05
0.674917     3.05471000e-05
0.675142     3.01577000e-05
0.675367     3.06302000e-05
0.675592     3.06380000e-05
0.675817     2.71744000e-05
0.676042     3.04845000e-05
0.676268     3.03921000e-05
0.676493     3.07327000e-05
0.676719     2.99682000e-05
0.676944     3.28168000e-05
0.677170     3.17845000e-05
0.677396     3.11609000e-05
0.677621     2.91645000e-05
0.677847     2.89657000e-05
0.678073     3.00119000e-05
0.678299     2.98088000e-05
0.678525     3.11299000e-05
0.678751     3.00057000e-05
0.678978     3.24472000e-05
0.679204     3.14418000e-05
0.679430     3.20674000e-05
0.679657     3.19102000e-05
0.679883     3.15544000e-05
0.680110     3.28576000e-05
0.680337     3.31784000e-05
0.680564     3.25933000e-05
0.680790     3.34091000e-05
0.681017     3.29400000e-05
0.681244     3.01355000e-05
0.681471     3.15183000e-05
0.681699     3.32123000e-05
0.681926     3.12590000e-05
0.682153     3.40354000e-05
0.682381     3.29307000e-05
0.682608     3.30190000e-05
0.682836     3.35636000e-05
0.683063     3.40860000e-05
0.683291     3.33593000e-05
0.683519     3.31164000e-05
0.683746     3.30111000e-05
0.683974     3.25242000e-05
0.684202     3.33003000e-05
0.684430     3.55645000e-05
0.684659     3.00236000e-05
0.684887     3.31855000e-05
0.685115     3.43051000e-05
0.685343     3.23400000e-05
0.685572     3.39801000e-05
0.685800     3.58275000e-05
0.686029     3.49851000e-05
0.686258     3.40793000e-05
0.686486     3.28443000e-05
0.686715     3.44539000e-05
0.686944     3.37368000e-05
0.687173     3.53168000e-05
0.687402     3.53429000e-05
0.687631     3.43874000e-05
0.687861     3.25106000e-05
0.688090     3.28036000e-05
0.688319     3.34367000e-05
0.688549     3.65252000e-05
0.688778     3.44668000e-05
0.689008     3.56451000e-05
0.689237     3.55560000e-05
0.689467     3.57594000e-05
0.689697     3.56887000e-05
0.689927     3.31638000e-05
0.690157     3.53085000e-05
0.690387     2.29036000e-05
0.690617     3.56497000e-05
0.690847     2.67691000e-05
0.691078     3.53952000e-05
0.691308     2.82275000e-05
0.691538     2.95770000e-05
0.691769     3.65910000e-05
0.691999     3.34193000e-05
0.692230     2.39207000e-05
0.692461     3.07666000e-05
0.692692     3.55947000e-05
0.692923     3.58959000e-05
0.693154     2.86613000e-05
0.693385     2.94648000e-05
0.693616     3.49239000e-05
0.693847     3.68920000e-05
0.694078     2.64982000e-05
0.694310     2.03890000e-05
0.694541     3.65937000e-05
0.694772     3.21791000e-05
0.695004     3.57527000e-05
0.695236     3.76394000e-05
0.695467     3.74036000e-05
0.695699     3.77475000e-05
0.695931     3.45642000e-05
0.696163     3.29902000e-05
0.696395     3.63709000e-05
0.696627     3.45253000e-05
0.696860     3.19563000e-05
0.697092     3.01275000e-05
0.697324     3.51197000e-05
0.697557     3.63915000e-05
0.697789     3.28537000e-05
0.698022     3.92442000e-05
0.698254     3.53449000e-05
0.698487     3.91966000e-05
0.698720     3.52156000e-05
0.698953     3.81085000e-05
0.699186     3.65164000e-05
0.699419     3.76364000e-05
0.699652     3.11158000e-05
0.699885     3.77220000e-05
0.700119     3.20674000e-05
0.700352     3.90520000e-05
0.700585     3.95495000e-05
0.700819     3.24649000e-05
0.701053     3.40951000e-05
0.701286     2.74712000e-05
0.701520     3.75075000e-05
0.701754     4.10275000e-05
0.701988     3.30105000e-05
0.702222     3.47410000e-05
0.702456     4.07805000e-05
0.702690     3.98062000e-05
0.702924     2.74450000e-05
0.703159     4.05258000e-05
0.703393     3.95898000e-05
0.703627     4.09602000e-05
0.703862     4.06279000e-05
0.704097     4.06507000e-05
0.704331     3.76947000e-05
0.704566     5.92567000e-06
0.704801     4.00244000e-05
0.705036     3.73906000e-05
0.705271     3.91117000e-05
0.705506     4.06182000e-05
0.705741     4.16822000e-05
0.705976     4.08622000e-05
0.706212     4.06549000e-05
0.706447     4.11718000e-05
0.706683     3.82080000e-05
0.706918     3.99362000e-05
0.707154     4.15477000e-05
0.707390     2.86169000e-05
0.707625     3.91331000e-05
0.707861     3.54552000e-05
0.708097     4.07895000e-05
0.708333     3.20072000e-05
0.708569     3.89508000e-05
0.708805     4.37875000e-05
0.709042     3.34018000e-05
0.709278     4.06374000e-05
0.709515     4.25589000e-05
0.709751     3.56775000e-05
0.709988     4.38069000e-05
0.710224     4.03117000e-05
0.710461     4.12375000e-05
0.710698     2.82051000e-05
0.710935     3.02190000e-05
0.711172     2.88456000e-05
0.711409     4.16164000e-05
0.711646     4.24797000e-05
0.711883     4.41188000e-05
0.712120     3.53124000e-05
0.712358     3.41832000e-05
0.712595     3.82670000e-05
0.712833     4.39864000e-05
0.713070     4.56165000e-05
0.713308     4.49911000e-05
0.713546     3.57027000e-05
0.713784     3.66655000e-05
0.714022     3.69327000e-05
0.714260     4.24475000e-05
0.714498     3.32894000e-05
0.714736     4.23319000e-05
0.714974     3.76132000e-05
0.715212     2.45782000e-05
0.715451     3.87262000e-05
0.715689     4.34214000e-05
0.715928     2.61035000e-05
0.716167     3.04263000e-05
0.716405     6.92747000e-06
0.716644     1.74928000e-05
0.716883     3.89175000e-05
0.717122     3.65674000e-05
0.717361     2.82350000e-05
0.717600     4.01675000e-05
0.717839     3.48557000e-05
0.718079     3.59051000e-05
0.718318     3.75937000e-05
0.718557     3.95694000e-05
0.718797     4.48036000e-05
0.719036     3.90202000e-05
0.719276     4.09742000e-05
0.719516     4.50473000e-05
0.719756     3.01584000e-05
0.719996     4.60735000e-05
0.720236     1.32311000e-05
0.720476     4.50004000e-05
0.720716     2.37452000e-05
0.720956     3.88791000e-05
0.721196     1.51777000e-05
0.721437     1.77142000e-05
0.721677     4.14623000e-05
0.721918     4.06258000e-05
0.722159     4.65367000e-05
0.722399     3.95896000e-05
0.722640     4.19110000e-05
0.722881     2.10852000e-05
0.723122     4.49528000e-05
0.723363     2.55572000e-05
0.723604     4.16357000e-05
0.723845     1.18713000e-05
0.724087     4.36916000e-05
0.724328     2.11497000e-05
0.724569     4.50033000e-07
0.724811     3.88101000e-05
0.725052     3.69235000e-05
0.725294     4.13165000e-05
0.725536     2.74974000e-05
0.725778     3.60449000e-05
0.726020     3.57964000e-05
0.726262     3.59612000e-05
0.726504     3.63100000e-05
0.726746     3.54539000e-05
0.726988     3.52002000e-05
0.727231     3.18390000e-05
0.727473     2.68235000e-05
0.727715     3.84891000e-05
0.727958     2.92777000e-05
0.728201     4.51250000e-05
0.728443     3.69045000e-05
0.728686     3.68034000e-05
0.728929     3.68579000e-05
0.729172     4.19844000e-05
0.729415     1.13329000e-05
0.729658     4.50571000e-05
0.729901     4.51998000e-05
0.730145     3.09938000e-05
0.730388     4.49799000e-05
0.730632     4.04739000e-05
0.730875     4.63993000e-05
0.731119     4.34436000e-05
0.731362     4.16538000e-05
0.731606     2.44409000e-05
0.731850     3.17865000e-05
0.732094     4.28468000e-05
0.732338     3.24795000e-05
0.732582     3.84791000e-05
0.732826     5.06214000e-05
0.733071     4.26223000e-05
0.733315     4.39279000e-05
0.733560     3.60700000e-05
0.733804     3.30904000e-05
0.734049     4.13644000e-05
0.734293     3.72837000e-05
0.734538     4.76425000e-05
0.734783     4.66692000e-05
0.735028     1.92470000e-05
0.735273     4.52778000e-05
0.735518     3.64478000e-05
0.735763     4.84532000e-05
0.736008     2.42755000e-05
0.736254     4.62262000e-05
0.736499     3.97649000e-05
0.736745     2.88220000e-05
0.736990     2.98393000e-05
0.737236     4.22603000e-05
0.737482     4.63397000e-05
0.737727     2.64195000e-05
0.737973     2.29096000e-05
0.738219     4.23794000e-05
0.738465     2.70611000e-05
0.738712     3.96726000e-05
0.738958     5.17876000e-05
0.739204     5.15274000e-05
0.739451     3.34129000e-05
0.739697     5.28395000e-05
0.739944     3.62281000e-05
0.740190     4.95405000e-05
0.740437     3.92034000e-05
0.740684     5.29375000e-05
0.740931     1.20704000e-05
0.741178     5.21972000e-05
0.741425     5.08394000e-05
0.741672     3.98501000e-05
0.741919     4.46080000e-05
0.742166     4.19465000e-05
0.742414     4.96235000e-05
0.742661     4.84390000e-05
0.742909     3.74195000e-05
0.743156     4.38183000e-06
0.743404     5.10326000e-05
0.743652     4.17136000e-05
0.743900     4.50882000e-05
0.744148     4.55763000e-05
0.744396     3.16611000e-05
0.744644     5.04396000e-05
0.744892     5.30307000e-05
0.745140     5.10588000e-05
0.745389     4.96165000e-05
0.745637     3.45591000e-05
0.745886     5.01618000e-05
0.746135     1.06594000e-05
0.746383     4.30384000e-05
0.746632     3.07098000e-05
0.746881     5.23331000e-05
0.747130     4.95725000e-05
0.747379     2.43622000e-05
0.747628     4.86895000e-05
0.747877     3.82960000e-05
0.748127     4.41608000e-05
0.748376     2.94172000e-05
0.748625     2.89470000e-05
0.748875     5.06457000e-05
0.749125     3.24178000e-05
0.749374     5.08969000e-05
0.749624     5.43253000e-05
0.749874     5.43484000e-05
0.750124     4.40871000e-05
0.750374     4.41406000e-05
0.750624     4.91507000e-05
0.750874     2.50733000e-05
0.751125     4.91717000e-05
0.751375     2.55174000e-05
0.751625     3.59196000e-05
0.751876     4.96854000e-05
0.752127     4.01476000e-05
0.752377     1.64286000e-05
0.752628     4.58797000e-05
0.752879     3.55204000e-05
0.753130     4.48888000e-05
0.753381     4.76168000e-05
0.753632     4.12543000e-05
0.753883     3.41457000e-05
0.754135     4.87951000e-05
0.754386     2.99006000e-05
0.754637     4.25207000e-05
0.754889     3.21816000e-05
0.755141     4.62399000e-05
0.755392     4.84860000e-05
0.755644     4.08048000e-05
0.755896     4.57347000e-05
0.756148     4.44204000e-05
0.756400     2.60270000e-05
0.756652     3.81572000e-05
0.756904     3.78618000e-05
0.757157     3.25488000e-05
0.757409     2.88970000e-05
0.757661     3.62291000e-05
0.757914     4.47736000e-05
0.758167     4.29784000e-05
0.758419     4.26381000e-05
0.758672     4.23084000e-05
0.758925     4.79500000e-05
0.759178     4.45760000e-05
0.759431     3.93402000e-05
0.759684     4.08954000e-05
0.759937     4.35203000e-05
0.760191     3.46483000e-05
0.760444     4.00563000e-05
0.760698     3.38199000e-05
0.760951     3.20298000e-05
0.761205     3.50924000e-05
0.761459     3.42310000e-05
0.761712     2.89450000e-05
0.761966     3.16681000e-05
0.762220     2.78955000e-05
0.762474     2.74534000e-05
0.762729     2.58722000e-05
0.762983     2.42837000e-05
0.763237     1.91351000e-05
0.763492     1.71648000e-05
0.763746     1.72638000e-05
0.764001     1.51329000e-05
0.764255     1.26689000e-05
0.764510     1.02772000e-05
0.764765     7.12124000e-06
0.765020     5.32134000e-06
0.765275     3.69446000e-06
0.765530     2.27967000e-06
0.765785     1.24310000e-06
0.766040     6.18113000e-07
0.766296     2.34517000e-07
0.766551     5.60407000e-08
0.766807     3.75240000e-08
0.767062     1.88246000e-07
0.767318     4.90388000e-07
0.767574     1.04890000e-06
0.767830     1.83139000e-06
0.768085     2.67434000e-06
0.768342     3.70789000e-06
0.768598     3.94730000e-06
0.768854     3.58398000e-06
0.769110     2.67954000e-06
0.769366     1.57097000e-06
0.769623     6.03959000e-07
0.769879     1.59512000e-07
0.770136     1.55287000e-08
0.770393     2.28333000e-07
0.770650     8.00857000e-07
0.770907     2.02849000e-06
0.771163     3.77480000e-06
0.771421     6.70545000e-06
0.771678     1.00302000e-05
0.771935     1.27937000e-05
0.772192     1.41238000e-05
0.772450     1.86215000e-05
0.772707     2.26197000e-05
0.772965     2.71800000e-05
0.773222     2.87566000e-05
0.773480     2.61861000e-05
0.773738     3.15963000e-05
0.773996     3.61353000e-05
0.774254     3.82531000e-05
0.774512     3.74872000e-05
0.774770     3.81447000e-05
0.775028     3.15603000e-05
0.775287     4.56650000e-05
0.775545     4.66165000e-05
0.775804     4.38657000e-05
0.776062     4.71901000e-05
0.776321     4.51255000e-05
0.776580     4.36643000e-05
0.776839     4.89778000e-05
0.777097     4.68787000e-05
0.777356     5.50648000e-05
0.777616     3.46280000e-05
0.777875     4.49596000e-05
0.778134     5.82931000e-05
0.778393     5.38201000e-05
0.778653     5.10589000e-05
0.778913     6.02578000e-05
0.779172     5.13989000e-05
0.779432     4.54213000e-05
0.779692     5.49925000e-05
0.779952     6.33980000e-05
0.780212     6.07538000e-05
0.780472     6.07565000e-05
0.780732     3.37900000e-05
0.780992     4.07192000e-05
0.781252     6.73414000e-05
0.781513     6.12100000e-05
0.781773     4.29700000e-05
0.782034     5.67178000e-05
0.782295     5.71127000e-05
0.782555     4.64031000e-05
0.782816     6.60625000e-05
0.783077     5.86427000e-05
0.783338     6.94893000e-05
0.783599     6.10926000e-05
0.783860     6.10856000e-05
0.784122     6.74881000e-05
0.784383     5.67836000e-05
0.784645     6.41777000e-05
0.784906     6.97792000e-05
0.785168     5.88825000e-05
0.785429     5.11053000e-05
0.785691     6.15220000e-05
0.785953     6.28930000e-05
0.786215     4.77120000e-05
0.786477     6.13875000e-05
0.786739     6.39063000e-05
0.787002     6.67709000e-05
0.787264     2.50392000e-05
0.787526     6.49033000e-05
0.787789     6.30813000e-05
0.788051     6.80158000e-05
0.788314     6.73683000e-05
0.788577     5.70690000e-05
0.788840     6.32759000e-05
0.789103     6.63865000e-05
0.789366     6.99354000e-05
0.789629     7.24252000e-05
0.789892     6.88386000e-05
0.790155     6.87438000e-05
0.790419     6.54554000e-05
0.790682     5.66960000e-05
0.790946     7.15871000e-05
0.791209     7.11680000e-05
0.791473     6.18361000e-05
0.791737     6.29086000e-05
0.792001     6.80828000e-05
0.792265     6.99987000e-05
0.792529     6.35842000e-05
0.792793     5.85581000e-05
0.793057     5.65814000e-05
0.793322     6.79425000e-05
0.793586     6.45104000e-05
0.793851     7.69583000e-05
0.794115     7.30573000e-05
0.794380     7.47803000e-05
0.794645     7.51615000e-05
0.794910     7.93918000e-05
0.795175     7.81135000e-05
0.795440     5.79178000e-05
0.795705     7.75923000e-05
0.795970     7.65419000e-05
0.796236     7.97027000e-05
0.796501     5.17927000e-05
0.796766     7.21778000e-05
0.797032     2.91569000e-05
0.797298     6.39288000e-05
0.797563     6.44081000e-05
0.797829     7.05552000e-05
0.798095     7.47191000e-05
0.798361     6.70230000e-05
0.798627     7.19391000e-05
0.798894     6.57797000e-05
0.799160     7.82989000e-05
0.799426     6.44262000e-05
0.799693     6.43347000e-05
0.799959     7.07040000e-05
0.800226     8.06962000e-05
0.800493     7.48589000e-05
0.800760     7.39440000e-05
0.801027     8.20008000e-05
0.801294     7.69297000e-05
0.801561     6.26387000e-05
0.801828     7.36933000e-05
0.802095     8.12217000e-05
0.802362     6.03326000e-05
0.802630     5.81446000e-05
0.802897     6.04541000e-05
0.803165     6.00792000e-05
0.803433     7.54248000e-05
0.803701     8.75870000e-05
0.803969     8.00810000e-05
0.804237     6.08331000e-05
0.804505     7.01882000e-05
0.804773     6.75748000e-05
0.805041     8.40571000e-05
0.805309     7.43168000e-05
0.805578     7.72997000e-05
0.805846     4.27608000e-05
0.806115     7.74869000e-05
0.806384     6.88121000e-05
0.806652     7.68583000e-05
0.806921     7.48165000e-05
0.807190     6.54444000e-05
0.807459     6.27604000e-05
0.807729     5.46310000e-05
0.807998     8.64983000e-05
0.808267     7.93367000e-05
0.808537     6.17274000e-05
0.808806     5.41231000e-05
0.809076     6.56689000e-05
0.809345     3.70856000e-05
0.809615     6.94315000e-05
0.809885     1.95114000e-05
0.810155     6.80180000e-05
0.810425     3.11997000e-05
0.810695     3.99471000e-06
0.810965     4.04147000e-05
0.811236     2.51321000e-05
0.811506     5.01398000e-05
0.811777     6.93276000e-05
0.812047     7.46358000e-05
0.812318     5.47216000e-05
0.812589     3.33324000e-05
0.812859     6.84922000e-05
0.813130     5.18238000e-05
0.813401     4.93364000e-05
0.813673     7.00249000e-05
0.813944     5.51845000e-05
0.814215     8.30846000e-05
0.814487     3.93261000e-05
0.814758     7.06204000e-05
0.815030     2.62548000e-05
0.815301     1.45099000e-05
0.815573     8.49647000e-05
0.815845     6.78439000e-05
0.816117     6.46635000e-05
0.816389     6.67638000e-05
0.816661     4.46455000e-05
0.816933     4.63946000e-05
0.817206     6.94168000e-05
0.817478     3.05656000e-05
0.817750     7.52626000e-05
0.818023     6.58182000e-05
0.818296     5.21531000e-05
0.818569     1.53717000e-05
0.818841     6.42526000e-05
0.819114     7.28695000e-05
0.819387     8.08695000e-05
0.819660     2.21302000e-05
0.819934     3.74983000e-05
0.820207     7.15345000e-05
0.820480     6.01809000e-05
0.820754     5.33179000e-05
0.821028     7.86524000e-05
0.821301     8.16220000e-05
0.821575     6.82650000e-05
0.821849     5.95967000e-05
0.822123     8.74560000e-05
0.822397     6.13964000e-05
0.822671     1.03489000e-06
0.822945     6.92390000e-05
0.823219     8.38306000e-05
0.823494     8.44853000e-05
0.823768     7.63067000e-05
0.824043     5.30750000e-05
0.824318     6.46358000e-05
0.824592     6.90458000e-05
0.824867     7.57593000e-05
0.825142     2.62718000e-05
0.825417     7.68718000e-05
0.825692     5.89975000e-05
0.825968     8.19406000e-05
0.826243     9.11848000e-05
0.826518     7.66176000e-05
0.826794     8.30019000e-05
0.827069     2.93105000e-05
0.827345     7.97325000e-05
0.827621     8.19747000e-05
0.827897     1.09200000e-05
0.828173     6.56932000e-05
0.828449     1.68085000e-05
0.828725     8.72463000e-05
0.829001     3.67555000e-06
0.829278     6.76700000e-05
0.829554     5.28145000e-05
0.829831     4.23343000e-06
0.830107     8.33784000e-05
0.830384     8.75373000e-05
0.830661     1.50133000e-05
0.830938     6.31370000e-05
0.831215     4.90515000e-05
0.831492     7.76323000e-05
0.831769     8.90142000e-05
0.832046     8.09325000e-06
0.832323     6.64865000e-05
0.832601     3.36181000e-05
0.832878     7.27939000e-05
0.833156     3.11775000e-05
0.833434     9.74977000e-05
0.833711     6.51188000e-05
0.833989     9.16745000e-05
0.834267     9.33354000e-05
0.834545     5.08358000e-05
0.834824     9.26786000e-05
0.835102     8.89387000e-05
0.835380     9.69055000e-05
0.835659     2.82621000e-05
0.835937     1.87314000e-05
0.836216     6.96773000e-05
0.836495     7.79361000e-05
0.836774     6.58619000e-05
0.837052     9.81877000e-05
0.837331     7.89289000e-05
0.837611     8.52226000e-05
0.837890     4.62947000e-05
0.838169     4.45545000e-05
0.838448     4.99473000e-05
0.838728     6.63585000e-05
0.839008     2.50013000e-06
0.839287     6.02655000e-05
0.839567     9.53185000e-05
0.839847     5.83767000e-05
0.840127     6.76033000e-05
0.840407     6.87884000e-05
0.840687     6.78535000e-05
0.840967     4.74387000e-05
0.841247     8.89350000e-05
0.841528     8.75872000e-05
0.841808     2.39915000e-05
0.842089     2.23114000e-05
0.842370     8.31163000e-05
0.842650     9.23215000e-05
0.842931     1.00932000e-04
0.843212     5.75257000e-05
0.843493     5.39780000e-05
0.843775     7.71005000e-05
0.844056     9.55501000e-05
0.844337     2.24158000e-05
0.844619     2.92525000e-05
0.844900     9.57298000e-05
0.845182     4.65425000e-05
0.845464     7.39113000e-05
0.845745     9.25863000e-05
0.846027     9.96586000e-05
0.846309     6.49833000e-05
0.846591     9.24861000e-05
0.846874     7.13247000e-05
0.847156     7.09978000e-05
0.847438     8.46683000e-05
0.847721     1.02561000e-04
0.848003     7.43213000e-05
0.848286     6.22136000e-05
0.848569     1.47498000e-05
0.848852     3.66718000e-05
0.849135     7.06429000e-05
0.849418     9.96643000e-05
0.849701     5.95681000e-05
0.849984     3.01192000e-05
0.850267     8.09907000e-05
0.850551     8.09814000e-05
0.850834     8.27512000e-05
0.851118     7.02135000e-05
0.851402     8.93911000e-05
0.851685     7.56948000e-05
0.851969     5.50861000e-05
0.852253     7.39749000e-05
0.852537     3.40841000e-05
0.852822     9.48967000e-05
0.853106     1.07377000e-04
0.853390     2.09303000e-05
0.853675     8.56727000e-05
0.853959     8.97292000e-05
0.854244     8.54106000e-05
0.854529     1.47581000e-04
0.854813     1.22792000e-04
0.855098     9.65536000e-05
0.855383     8.59440000e-05
0.855669     9.08696000e-05
0.855954     1.11503000e-04
0.856239     9.64158000e-05
0.856524     1.12685000e-04
0.856810     4.63935000e-05
0.857096     8.16237000e-05
0.857381     9.84147000e-05
0.857667     4.07431000e-05
0.857953     9.31846000e-05
0.858239     7.66470000e-05
0.858525     4.60849000e-05
0.858811     7.11455000e-05
0.859097     8.35165000e-05
0.859384     7.28902000e-05
0.859670     3.70052000e-05
0.859957     6.66893000e-05
0.860244     7.92767000e-05
0.860530     6.92783000e-05
0.860817     6.64504000e-05
0.861104     5.19204000e-05
0.861391     1.08598000e-04
0.861678     8.17630000e-05
0.861965     7.62228000e-05
0.862253     1.06905000e-04
0.862540     7.85105000e-05
0.862828     7.26700000e-05
0.863115     9.45695000e-05
0.863403     1.04659000e-04
0.863691     1.00002000e-04
0.863979     9.65792000e-05
0.864267     9.13870000e-05
0.864555     1.13064000e-04
0.864843     8.90710000e-05
0.865131     1.05321000e-04
0.865420     1.08575000e-04
0.865708     1.08712000e-04
0.865997     1.06317000e-04
0.866285     1.17553000e-04
0.866574     1.56010000e-04
0.866863     7.55351000e-05
0.867152     1.09389000e-04
0.867441     7.97520000e-05
0.867730     6.38347000e-05
0.868019     4.94613000e-05
0.868309     1.03491000e-04
0.868598     8.11101000e-05
0.868888     1.10254000e-04
0.869177     1.06698000e-04
0.869467     1.02112000e-04
0.869757     7.58709000e-05
0.870047     7.06147000e-05
0.870337     8.18780000e-05
0.870627     8.71845000e-05
0.870917     6.35478000e-05
0.871207     9.26943000e-05
0.871498     7.04260000e-05
0.871788     6.42073000e-05
0.872079     1.01025000e-04
0.872370     1.24677000e-04
0.872660     9.06225000e-05
0.872951     1.04456000e-04
0.873242     1.02180000e-04
0.873533     9.82659000e-05
0.873825     1.03797000e-04
0.874116     1.04930000e-04
0.874407     1.11044000e-04
0.874699     9.82751000e-05
0.874990     1.24781000e-04
0.875282     9.22519000e-05
0.875574     9.01286000e-05
0.875865     9.36660000e-05
0.876157     1.17556000e-04
0.876449     1.13868000e-04
0.876742     9.59530000e-05
0.877034     7.19637000e-05
0.877326     1.02833000e-04
0.877619     1.23859000e-04
0.877911     8.35032000e-05
0.878204     1.07064000e-04
0.878497     1.01702000e-04
0.878789     1.01413000e-04
0.879082     1.04978000e-04
0.879375     7.76573000e-05
0.879668     1.06805000e-04
0.879962     1.30779000e-04
0.880255     1.10659000e-04
0.880548     1.02508000e-04
0.880842     1.46461000e-04
0.881136     1.28956000e-04
0.881429     5.35673000e-05
0.881723     1.13601000e-04
0.882017     1.02852000e-04
0.882311     9.93444000e-05
0.882605     9.59953000e-05
0.882899     1.08626000e-04
0.883194     1.04666000e-04
0.883488     1.22847000e-04
0.883783     1.11222000e-04
0.884077     1.23637000e-04
0.884372     1.03358000e-04
0.884667     1.25267000e-04
0.884961     1.04538000e-04
0.885256     1.16289000e-04
0.885552     1.12334000e-04
0.885847     1.03410000e-04
0.886142     1.24372000e-04
0.886437     1.30757000e-04
0.886733     1.17210000e-04
0.887028     1.26442000e-04
0.887324     1.24462000e-04
0.887620     1.38303000e-04
0.887916     1.18108000e-04
0.888212     1.13109000e-04
0.888508     1.24845000e-04
0.888804     4.46050000e-05
0.889100     4.08827000e-05
0.889397     1.22000000e-04
0.889693     9.73455000e-05
0.889990     1.24262000e-04
0.890286     1.21393000e-04
0.890583     1.08905000e-04
0.890880     6.28677000e-05
0.891177     9.46517000e-05
0.891474     9.02580000e-05
0.891771     3.59676000e-05
0.892068     5.18929000e-05
0.892366     9.54095000e-05
0.892663     1.33045000e-04
0.892961     3.52078000e-05
0.893258     6.52128000e-05
0.893556     9.43274000e-05
0.893854     1.02935000e-04
0.894152     1.16492000e-04
0.894450     1.30828000e-04
0.894748     1.29899000e-04
0.895046     1.10363000e-04
0.895345     1.04221000e-04
0.895643     1.13202000e-04
0.895942     1.27192000e-04
0.896240     1.30632000e-04
0.896539     1.19598000e-04
0.896838     2.63647000e-05
0.897137     5.91714000e-05
0.897436     6.83376000e-05
0.897735     1.25144000e-04
0.898034     1.25459000e-04
0.898334     9.69350000e-05
0.898633     7.20307000e-05
0.898933     4.68910000e-05
0.899232     8.36898000e-05
0.899532     7.42104000e-05
0.899832     1.17799000e-04
0.900132     1.07272000e-04
0.900432     1.17318000e-04
0.900732     1.44181000e-04
0.901032     4.82059000e-06
0.901333     1.14557000e-04
0.901633     1.33389000e-05
0.901934     4.91202000e-05
0.902234     1.33442000e-04
0.902535     1.39436000e-05
0.902836     5.31406000e-06
0.903137     4.18750000e-05
0.903438     1.42247000e-04
0.903739     1.85302000e-05
0.904040     9.96527000e-05
0.904342     1.01110000e-04
0.904643     1.02836000e-04
0.904945     1.05611000e-04
0.905246     1.16714000e-04
0.905548     1.25283000e-05
0.905850     6.73970000e-05
0.906152     1.10406000e-04
0.906454     1.33745000e-04
0.906756     1.17543000e-04
0.907058     1.25197000e-04
0.907361     1.29630000e-04
0.907663     8.61265000e-05
0.907966     1.29337000e-04
0.908268     9.03817000e-05
0.908571     1.16069000e-04
0.908874     1.28241000e-04
0.909177     1.11586000e-04
0.909480     8.36754000e-05
0.909783     3.44416000e-06
0.910086     1.43743000e-04
0.910390     1.28471000e-04
0.910693     1.41394000e-04
0.910997     3.76616000e-05
0.911300     3.42435000e-05
0.911604     8.92758000e-05
0.911908     1.15033000e-04
0.912212     1.29489000e-04
0.912516     1.31267000e-04
0.912820     5.09783000e-05
0.913124     6.59572000e-05
0.913429     3.87666000e-05
0.913733     3.03516000e-05
0.914038     1.29363000e-04
0.914343     5.51153000e-05
0.914647     8.49535000e-05
0.914952     9.54886000e-05
0.915257     6.03562000e-05
0.915562     2.31628000e-05
0.915868     8.37107000e-05
0.916173     5.56261000e-05
0.916478     5.59645000e-05
0.916784     1.40963000e-04
0.917089     1.22077000e-04
0.917395     1.25835000e-04
0.917701     7.26647000e-05
0.918007     1.12614000e-04
0.918313     1.30960000e-04
0.918619     4.63585000e-05
0.918925     1.21362000e-05
0.919231     9.24917000e-05
0.919538     1.96071000e-05
0.919844     8.63207000e-05
0.920151     1.18980000e-04
0.920458     3.07604000e-05
0.920764     9.67839000e-05
0.921071     1.14037000e-04
0.921378     9.38232000e-05
0.921685     8.30379000e-05
0.921993     2.50333000e-06
0.922300     1.21021000e-04
0.922607     5.44046000e-05
0.922915     5.27131000e-06
0.923223     1.30349000e-04
0.923530     3.45656000e-06
0.923838     9.81862000e-05
0.924146     2.20177000e-06
0.924454     9.34151000e-05
0.924762     8.79096000e-05
0.925071     5.26345000e-05
0.925379     5.13549000e-05
0.925687     1.63858000e-05
0.925996     6.60510000e-05
0.926305     8.31625000e-05
0.926613     5.62706000e-05
0.926922     8.73615000e-05
0.927231     1.62290000e-05
0.927540     3.54472000e-05
0.927850     3.34901000e-05
0.928159     1.74015000e-06
0.928468     1.82592000e-06
0.928778     9.48636000e-05
0.929087     1.39442000e-06
0.929397     5.57268000e-06
0.929707     7.38472000e-05
0.930017     2.07164000e-05
0.930327     6.07282000e-06
0.930637     7.43752000e-07
0.930947     4.10258000e-06
0.931257     6.59516000e-05
0.931568     4.73477000e-05
0.931878     4.56198000e-07
0.932189     3.19337000e-06
0.932500     5.91604000e-06
0.932810     1.04211000e-06
0.933121     9.30594000e-06
0.933432     7.85469000e-05
0.933744     6.36415000e-05
0.934055     8.47538000e-06
0.934366     7.54631000e-05
0.934678     2.85574000e-06
0.934989     8.41780000e-06
0.935301     1.33317000e-06
0.935613     4.85862000e-06
0.935924     8.73830000e-06
0.936236     3.80792000e-06
0.936549     6.26239000e-05
0.936861     8.93908000e-05
0.937173     5.71831000e-05
0.937485     5.38206000e-05
0.937798     2.01902000e-05
0.938110     4.31254000e-05
0.938423     5.87239000e-05
0.938736     5.11897000e-05
0.939049     4.51891000e-05
0.939362     1.09910000e-05
0.939675     6.18504000e-06
0.939988     7.39809000e-05
0.940302     6.82829000e-05
0.940615     7.85947000e-06
0.940929     1.67223000e-05
0.941242     4.02346000e-05
0.941556     3.85011000e-05
0.941870     7.54611000e-06
0.942184     1.53616000e-05
0.942498     1.30090000e-05
0.942812     2.59462000e-05
0.943126     3.16080000e-05
0.943441     7.45158000e-06
0.943755     3.91550000e-06
0.944070     3.22435000e-06
0.944384     3.21681000e-05
0.944699     1.60150000e-06
0.945014     2.98933000e-05
0.945329     1.90489000e-05
0.945644     4.79512000e-05
0.945959     3.73669000e-05
0.946275     8.08729000e-05
0.946590     6.85281000e-05
0.946906     3.25695000e-05
0.947221     4.50678000e-05
0.947537     9.84845000e-05
0.947853     3.64708000e-06
0.948169     1.90202000e-05
0.948485     7.49578000e-05
0.948801     4.14943000e-05
0.949117     1.25954000e-04
0.949434     8.90652000e-05
0.949750     4.92445000e-05
0.950067     5.32474000e-05
0.950383     8.43032000e-05
0.950700     9.70499000e-06
0.951017     2.99163000e-05
0.951334     2.51419000e-06
0.951651     5.26121000e-05
0.951969     6.48309000e-06
0.952286     1.07335000e-04
0.952603     8.16580000e-05
0.952921     6.66557000e-05
0.953238     3.69897000e-05
0.953556     3.62512000e-06
0.953874     3.94868000e-06
0.954192     2.53954000e-05
0.954510     3.83308000e-05
0.954828     1.48187000e-04
0.955146     3.10779000e-05
0.955465     1.37582000e-05
0.955783     7.03365000e-05
0.956102     2.18891000e-06
0.956421     6.23339000e-05
0.956739     2.49634000e-05
0.957058     6.81525000e-05
0.957377     6.43257000e-05
0.957697     9.35496000e-06
0.958016     9.27221000e-05
0.958335     5.58253000e-05
0.958655     7.63118000e-05
0.958974     1.57668000e-06
0.959294     3.70486000e-05
0.959614     1.80389000e-05
0.959933     4.40955000e-05
0.960253     9.93130000e-05
0.960573     4.88612000e-05
0.960894     6.23911000e-05
0.961214     4.34592000e-05
0.961534     2.11574000e-05
0.961855     1.25841000e-05
0.962175     4.21647000e-05
0.962496     2.66503000e-06
0.962817     2.22629000e-05
0.963138     6.18784000e-06
0.963459     1.31611000e-04
0.963780     9.06282000e-05
0.964101     2.18231000e-05
0.964423     4.58185000e-05
0.964744     3.28499000e-05
0.965066     1.65454000e-05
0.965388     2.12608000e-05
0.965709     1.16018000e-05
0.966031     5.42160000e-05
0.966353     9.91307000e-06
0.966675     6.99929000e-05
0.966998     1.02898000e-06
0.967320     1.19723000e-05
0.967642     9.09420000e-05
0.967965     1.13152000e-04
0.968288     3.95034000e-06
0.968610     5.95011000e-05
0.968933     5.34400000e-05
0.969256     4.58668000e-05
0.969579     5.04447000e-05
0.969902     7.82683000e-05
0.970226     2.47512000e-05
0.970549     3.73298000e-06
0.970873     8.67966000e-06
0.971196     4.70848000e-06
0.971520     1.35654000e-06
0.971844     4.91046000e-05
0.972168     1.39179000e-05
0.972492     5.03786000e-06
0.972816     5.26393000e-05
0.973140     5.85099000e-06
0.973465     1.01938000e-04
0.973789     2.04459000e-05
0.974114     1.19192000e-05
0.974438     3.35933000e-05
0.974763     8.39238000e-06
0.975088     6.59399000e-05
0.975413     1.14464000e-05
0.975738     4.96676000e-05
0.976064     4.05092000e-05
0.976389     7.07336000e-06
0.976714     4.06667000e-05
0.977040     4.65590000e-05
0.977366     3.03785000e-05
0.977691     2.94493000e-05
0.978017     4.23495000e-05
0.978343     3.91085000e-05
0.978670     6.53776000e-05
0.978996     6.97385000e-05
0.979322     5.71118000e-06
0.979649     4.46887000e-06
0.979975     8.34179000e-05
0.980302     1.93384000e-05
0.980628     3.82243000e-05
0.980955     5.28416000e-05
0.981282     9.66990000e-05
0.981609     1.35031000e-05
0.981937     4.61189000e-05
0.982264     7.25706000e-05
0.982591     4.10602000e-05
0.982919     1.53382000e-05
0.983247     6.84419000e-05
0.983574     2.62204000e-05
0.983902     2.02169000e-05
0.984230     6.94741000e-05
0.984558     7.94057000e-05
0.984886     5.63175000e-05
0.985215     2.94377000e-05
0.985543     1.77151000e-05
0.985872     4.43662000e-05
0.986200     1.00901000e-05
0.986529     9.31321000e-05
0.986858     4.21433000e-05
0.987187     2.18687000e-05
0.987516     1.02649000e-04
0.987845     9.33167000e-05
0.988174     8.64228000e-05
0.988504     3.72994000e-05
0.988833     1.57725000e-05
0.989163     4.02396000e-05
0.989492     2.05134000e-05
0.989822     4.24545000e-05
0.990152     7.54026000e-05
0.990482     1.01429000e-04
0.990812     1.15219000e-04
0.991143     6.70257000e-05
0.991473     1.34136000e-05
0.991804     2.82570000e-05
0.992134     2.31515000e-05
0.992465     6.49788000e-05
0.992796     9.84205000e-05
0.993127     8.79325000e-05
0.993458     2.29768000e-05
0.993789     9.45631000e-05
0.994120     6.08936000e-05
0.994452     7.62595000e-05
0.994783     5.33275000e-05
0.995115     1.07508000e-04
0.995446     1.87908000e-05
0.995778     1.72065000e-05
0.996110     3.03052000e-05
0.996442     4.31604000e-05
0.996774     2.06647000e-05
0.997106     3.86071000e-05
0.997439     8.47788000e-05
0.997771     3.60822000e-05
0.998104     4.88085000e-05
0.998437     4.58913000e-05
0.998769     1.41054000e-04
0.999102     7.71078000e-06
0.999435     5.67271000e-05
0.999769     3.62081000e-05
1.000102     3.49533000e-05
1.000435     1.43755000e-05
1.000769     1.01897000e-04
1.001102     2.65342000e-05
1.001436     1.55820000e-05
1.001770     1.32963000e-04
1.002104     1.20490000e-04
1.002438     9.30389000e-05
1.002772     3.66842000e-05
1.003106     8.21126000e-05
1.003440     1.46539000e-05
1.003775     3.68432000e-05
1.004110     6.79301000e-05
1.004444     6.44827000e-05
1.004779     1.31423000e-04
1.005114     1.43816000e-04
1.005449     7.02543000e-05
1.005784     1.49796000e-05
1.006119     8.31784000e-05
1.006455     2.96729000e-05
1.006790     4.85948000e-05
1.007126     9.78614000e-05
1.007462     1.08078000e-04
1.007797     1.31195000e-04
1.008133     3.32642000e-05
1.008469     1.00275000e-04
1.008806     9.31966000e-05
1.009142     1.31638000e-04
1.009478     1.47041000e-04
1.009815     3.26840000e-05
1.010151     1.28584000e-04
1.010488     3.30640000e-05
1.010825     4.52637000e-05
1.011162     2.30367000e-05
1.011499     3.08810000e-05
1.011836     3.75766000e-05
1.012173     1.02853000e-04
1.012511     1.81736000e-04
1.012848     8.48597000e-05
1.013186     2.10066000e-05
1.013524     6.51928000e-05
1.013861     2.47841000e-05
1.014199     1.09922000e-04
1.014537     1.34589000e-05
1.014876     5.70515000e-05
1.015214     3.37521000e-05
1.015552     2.13024000e-05
1.015891     4.22472000e-05
1.016229     1.06552000e-04
1.016568     7.04381000e-05
1.016907     8.67259000e-05
1.017246     2.10703000e-05
1.017585     4.02273000e-05
1.017924     6.42689000e-05
1.018264     3.53076000e-05
1.018603     4.72503000e-05
1.018943     9.05956000e-05
1.019282     3.18785000e-05
1.019622     5.26162000e-05
1.019962     7.99264000e-05
1.020302     5.16551000e-05
1.020642     1.08828000e-04
1.020982     7.95856000e-05
1.021322     8.81361000e-05
1.021663     6.85521000e-05
1.022003     4.47759000e-05
1.022344     2.52093000e-05
1.022685     5.83953000e-05
1.023026     2.27915000e-05
1.023367     6.93721000e-05
1.023708     1.61173000e-04
1.024049     4.94138000e-05
1.024390     1.04006000e-04
1.024732     9.68784000e-05
1.025074     8.30428000e-05
1.025415     1.61365000e-04
1.025757     4.25479000e-05
1.026099     9.66887000e-05
1.026441     1.30794000e-04
1.026783     4.87873000e-05
1.027125     7.05042000e-05
1.027468     9.03951000e-05
1.027810     1.27193000e-04
1.028153     7.29283000e-05
1.028496     1.41686000e-04
1.028838     9.23711000e-05
1.029181     1.12974000e-04
1.029524     1.38990000e-04
1.029868     1.19539000e-04
1.030211     7.56508000e-05
1.030554     6.09968000e-05
1.030898     1.05434000e-04
1.031241     9.28373000e-05
1.031585     4.39119000e-05
1.031929     1.40954000e-04
1.032273     9.01623000e-05
1.032617     1.28705000e-04
1.032961     1.27715000e-04
1.033306     1.34552000e-04
1.033650     1.35296000e-04
1.033995     1.34074000e-04
1.034339     7.63401000e-05
1.034684     7.67358000e-05
1.035029     1.44868000e-04
1.035374     1.01702000e-04
1.035719     1.04706000e-04
1.036064     1.15883000e-04
1.036410     8.08978000e-05
1.036755     1.34827000e-04
1.037101     1.57789000e-04
1.037446     1.59406000e-04
1.037792     9.23806000e-05
1.038138     1.60700000e-04
1.038484     1.29875000e-04
1.038830     8.00281000e-05
1.039177     1.13571000e-04
1.039523     8.11451000e-05
1.039870     1.31349000e-04
1.040216     9.00867000e-05
1.040563     1.42470000e-04
1.040910     1.21061000e-04
1.041257     1.03662000e-04
1.041604     1.60832000e-04
1.041951     9.98967000e-05
1.042298     1.11309000e-04
1.042646     9.27843000e-05
1.042993     7.94728000e-05
1.043341     1.33367000e-04
1.043689     1.42937000e-04
1.044037     1.42512000e-04
1.044385     1.34743000e-04
1.044733     1.17910000e-04
1.045081     1.37258000e-04
1.045429     9.76651000e-05
1.045778     1.05212000e-04
1.046126     1.69788000e-04
1.046475     1.70397000e-04
1.046824     1.66593000e-04
1.047173     1.41707000e-04
1.047522     1.20348000e-04
1.047871     1.73347000e-04
1.048220     5.43446000e-05
1.048570     8.28462000e-05
1.048919     1.67448000e-04
1.049269     1.20065000e-04
1.049619     1.78205000e-04
1.049969     1.81526000e-04
1.050319     1.27175000e-04
1.050669     9.69662000e-05
1.051019     1.49140000e-04
1.051369     1.24364000e-04
1.051720     1.71658000e-04
1.052070     1.79115000e-04
1.052421     8.11550000e-05
1.052772     1.14113000e-04
1.053123     1.23542000e-04
1.053474     1.85324000e-04
1.053825     1.38569000e-04
1.054176     1.23589000e-04
1.054528     2.31373000e-04
1.054879     1.24868000e-04
1.055231     1.92459000e-04
1.055583     1.96529000e-04
1.055934     1.74252000e-04
1.056286     1.53528000e-04
1.056638     1.72561000e-04
1.056991     1.63888000e-04
1.057343     1.83700000e-04
1.057695     2.00803000e-04
1.058048     1.75822000e-04
1.058401     2.00539000e-04
1.058754     1.63252000e-04
1.059106     7.07896000e-05
1.059459     1.30125000e-04
1.059813     1.29471000e-04
1.060166     1.63261000e-04
1.060519     1.32940000e-04
1.060873     1.18382000e-04
1.061226     1.65796000e-04
1.061580     2.05266000e-04
1.061934     1.97340000e-04
1.062288     1.88679000e-04
1.062642     1.46046000e-04
1.062996     1.60016000e-04
1.063351     1.78170000e-04
1.063705     1.44211000e-04
1.064060     1.77860000e-04
1.064414     1.96381000e-04
1.064769     2.23684000e-04
1.065124     2.15613000e-04
1.065479     4.34986000e-05
1.065834     1.05742000e-04
1.066190     1.57799000e-04
1.066545     2.14667000e-04
1.066900     6.95715000e-05
1.067256     1.82574000e-04
1.067612     9.86456000e-05
1.067968     2.07786000e-04
1.068324     1.50959000e-04
1.068680     1.37337000e-04
1.069036     2.15314000e-04
1.069392     1.16086000e-04
1.069749     1.02733000e-04
1.070105     1.45508000e-04
1.070462     2.02615000e-04
1.070819     1.90072000e-04
1.071176     1.05969000e-04
1.071533     1.83678000e-04
1.071890     1.80423000e-04
1.072247     2.02858000e-04
1.072605     1.37190000e-04
1.072962     1.75044000e-04
1.073320     1.90066000e-04
1.073678     2.16723000e-04
1.074036     2.02868000e-04
1.074394     1.75269000e-04
1.074752     1.38788000e-04
1.075110     1.79317000e-04
1.075468     2.14292000e-04
1.075827     1.66286000e-04
1.076186     1.61864000e-04
1.076544     1.59428000e-04
1.076903     8.76450000e-05
1.077262     1.40082000e-04
1.077621     2.24814000e-04
1.077980     2.10311000e-04
1.078340     1.23419000e-04
1.078699     7.70981000e-05
1.079059     2.36225000e-04
1.079418     2.18598000e-04
1.079778     2.00614000e-04
1.080138     1.23853000e-04
1.080498     2.27914000e-04
1.080858     1.51122000e-04
1.081219     2.39489000e-04
1.081579     1.82872000e-04
1.081940     1.72874000e-04
1.082300     1.26934000e-04
1.082661     1.80929000e-04
1.083022     1.31620000e-04
1.083383     2.20109000e-04
1.083744     2.16165000e-04
1.084105     1.10564000e-04
1.084467     2.34690000e-04
1.084828     2.43493000e-04
1.085190     1.95805000e-04
1.085551     1.79432000e-04
1.085913     1.71556000e-04
1.086275     4.92186000e-05
1.086637     7.14264000e-05
1.087000     1.51862000e-04
1.087362     2.34046000e-04
1.087724     2.32780000e-04
1.088087     1.89655000e-04
1.088450     7.89898000e-05
1.088812     1.36844000e-04
1.089175     4.56625000e-05
1.089538     1.32774000e-04
1.089902     1.61613000e-04
1.090265     6.57001000e-05
1.090628     8.34339000e-05
1.090992     2.03757000e-04
1.091356     1.44009000e-04
1.091719     1.31756000e-04
1.092083     4.29749000e-05
1.092447     1.59174000e-04
1.092811     1.90332000e-04
1.093176     2.63437000e-05
1.093540     4.84457000e-05
1.093905     1.02830000e-04
1.094269     1.05772000e-05
1.094634     1.98594000e-04
1.094999     8.78583000e-05
1.095364     9.97611000e-05
1.095729     1.32456000e-05
1.096094     4.35446000e-05
1.096460     1.38604000e-05
1.096825     8.48886000e-05
1.097191     1.26095000e-04
1.097556     4.07611000e-05
1.097922     2.15682000e-05
1.098288     6.69867000e-05
1.098654     6.11046000e-05
1.099021     1.12249000e-04
1.099387     6.22859000e-05
1.099753     1.32849000e-04
1.100120     8.28685000e-05
1.100487     4.35414000e-05
1.100853     8.39252000e-05
1.101220     3.44769000e-05
1.101588     5.88128000e-05
1.101955     1.68951000e-04
1.102322     1.51518000e-04
1.102689     2.29410000e-04
1.103057     5.18223000e-05
1.103425     6.05859000e-06
1.103793     6.84156000e-05
1.104160     6.46126000e-05
1.104529     1.33154000e-04
1.104897     1.05887000e-04
1.105265     6.83854000e-05
1.105633     9.77887000e-05
1.106002     1.02419000e-04
1.106371     1.54870000e-04
1.106739     8.20926000e-05
1.107108     9.04083000e-05
1.107477     5.47301000e-06
1.107847     6.27535000e-05
1.108216     5.70511000e-05
1.108585     1.36998000e-05
1.108955     1.98962000e-04
1.109324     1.04288000e-04
1.109694     2.35378000e-05
1.110064     6.40090000e-05
1.110434     5.00415000e-05
1.110804     1.58467000e-04
1.111174     8.00316000e-06
1.111545     1.47172000e-05
1.111915     1.59842000e-05
1.112286     1.31471000e-05
1.112657     2.04136000e-05
1.113028     7.76480000e-05
1.113399     1.69757000e-04
1.113770     6.89833000e-05
1.114141     1.58666000e-05
1.114512     1.54014000e-05
1.114884     7.29956000e-05
1.115256     1.01422000e-04
1.115627     1.06396000e-04
1.115999     1.11638000e-04
1.116371     2.73773000e-06
1.116743     8.99370000e-05
1.117116     3.40823000e-05
1.117488     2.83806000e-05
1.117860     1.87062000e-05
1.118233     8.00673000e-05
1.118606     1.12055000e-04
1.118979     1.05754000e-04
1.119352     2.34317000e-05
1.119725     1.82174000e-05
1.120098     6.34085000e-05
1.120471     4.91947000e-05
1.120845     5.07130000e-05
1.121219     2.39732000e-04
1.121592     5.16637000e-05
1.121966     5.34556000e-06
1.122340     2.34020000e-05
1.122714     1.80681000e-05
1.123088     2.33178000e-05
1.123463     8.12638000e-05
1.123837     1.37891000e-05
1.124212     3.52135000e-05
1.124587     7.91485000e-05
1.124962     1.34223000e-04
1.125337     1.16085000e-05
1.125712     9.35150000e-05
1.126087     1.26659000e-04
1.126462     8.75261000e-05
1.126838     1.36081000e-05
1.127213     9.19278000e-06
1.127589     1.64202000e-04
1.127965     1.24647000e-04
1.128341     2.90623000e-05
1.128717     1.55580000e-04
1.129093     1.59050000e-05
1.129470     1.73701000e-04
1.129846     1.24923000e-05
1.130223     5.59289000e-05
1.130599     4.43194000e-05
1.130976     7.38241000e-05
1.131353     8.61735000e-05
1.131730     8.66550000e-06
1.132108     2.93435000e-05
1.132485     8.10253000e-05
1.132863     8.14384000e-06
1.133240     2.61160000e-05
1.133618     1.70422000e-04
1.133996     6.85493000e-05
1.134374     3.79342000e-06
1.134752     5.24139000e-05
1.135130     3.42539000e-06
1.135509     2.01699000e-05
1.135887     7.14457000e-06
1.136266     4.15391000e-05
1.136644     2.07451000e-05
1.137023     1.01212000e-04
1.137402     1.04555000e-04
1.137781     1.31943000e-04
1.138161     5.14660000e-06
1.138540     4.13575000e-06
1.138920     7.05272000e-05
1.139299     6.15665000e-05
1.139679     5.13582000e-05
1.140059     1.64162000e-05
1.140439     1.01042000e-04
1.140819     1.37610000e-04
1.141199     6.36409000e-06
1.141580     2.51329000e-05
1.141960     5.82175000e-06
1.142341     4.31039000e-05
1.142722     2.39900000e-05
1.143103     3.48123000e-05
1.143484     6.12731000e-05
1.143865     5.74905000e-05
1.144246     2.22491000e-05
1.144628     4.00046000e-05
1.145009     1.32854000e-04
1.145391     1.11640000e-05
1.145773     5.84415000e-05
1.146154     4.46584000e-05
1.146537     2.81262000e-05
1.146919     5.34233000e-05
1.147301     2.93383000e-05
1.147683     1.10526000e-05
1.148066     4.18628000e-05
1.148449     2.59986000e-05
1.148832     1.09055000e-04
1.149214     1.20532000e-04
1.149598     1.23237000e-04
1.149981     6.25274000e-05
1.150364     3.92752000e-05
1.150748     6.69870000e-05
1.151131     5.42679000e-05
1.151515     9.66298000e-05
1.151899     3.26058000e-05
1.152283     6.16344000e-05
1.152667     4.35617000e-05
1.153051     3.44130000e-05
1.153435     4.26082000e-05
1.153820     1.81240000e-05
1.154204     6.22684000e-05
1.154589     1.16541000e-05
1.154974     2.80368000e-05
1.155359     1.44486000e-05
1.155744     4.61350000e-06
1.156129     2.29579000e-05
1.156515     1.23334000e-04
1.156900     4.07741000e-05
1.157286     3.41990000e-05
1.157672     1.61459000e-05
1.158057     2.42194000e-05
1.158443     4.03708000e-05
1.158830     1.06161000e-04
1.159216     2.65323000e-05
1.159602     5.05090000e-05
1.159989     1.38728000e-04
1.160376     8.09452000e-05
1.160762     8.09092000e-06
1.161149     8.78181000e-05
1.161536     1.48982000e-04
1.161923     2.15976000e-05
1.162311     1.55553000e-05
1.162698     1.75757000e-05
1.163086     1.81012000e-04
1.163473     1.62533000e-04
1.163861     8.67066000e-05
1.164249     2.97517000e-05
1.164637     1.10202000e-04
1.165026     8.76296000e-05
1.165414     3.34896000e-05
1.165802     3.67874000e-05
1.166191     1.18013000e-04
1.166580     5.99649000e-05
1.166969     1.17900000e-04
1.167358     5.32812000e-05
1.167747     1.24960000e-04
1.168136     7.62036000e-05
1.168525     2.13803000e-05
1.168915     6.55614000e-05
1.169304     1.24959000e-04
1.169694     2.23990000e-05
1.170084     3.86114000e-05
1.170474     5.91209000e-05
1.170864     7.32076000e-05
1.171255     5.20534000e-05
1.171645     5.16722000e-05
1.172036     9.71673000e-05
1.172426     9.80233000e-05
1.172817     8.46512000e-05
1.173208     1.03302000e-05
1.173599     2.34481000e-05
1.173990     2.14611000e-05
1.174382     1.01282000e-04
1.174773     8.52004000e-05
1.175165     1.18785000e-04
1.175556     1.32417000e-04
1.175948     6.16716000e-05
1.176340     9.50721000e-05
1.176732     2.94491000e-05
1.177125     4.24110000e-05
1.177517     1.07980000e-04
1.177909     1.08868000e-04
1.178302     3.97579000e-05
1.178695     1.71706000e-04
1.179088     1.22967000e-05
1.179481     4.48699000e-05
1.179874     2.61996000e-05
1.180267     3.66539000e-05
1.180661     3.22423000e-05
1.181054     2.73278000e-05
1.181448     1.73275000e-04
1.181842     3.64670000e-05
1.182236     1.24004000e-04
1.182630     2.58331000e-05
1.183024     2.63821000e-05
1.183418     5.35573000e-05
1.183813     2.22741000e-05
1.184207     1.10043000e-04
1.184602     9.91481000e-05
1.184997     9.95543000e-05
1.185392     8.28342000e-05
1.185787     7.46673000e-05
1.186182     1.89611000e-05
1.186578     1.49670000e-05
1.186973     9.37583000e-05
1.187369     1.93208000e-05
1.187765     4.83051000e-05
1.188161     1.91865000e-04
1.188557     1.91924000e-04
1.188953     3.00075000e-05
1.189349     9.83739000e-05
1.189746     2.46932000e-05
1.190142     7.04050000e-05
1.190539     5.45979000e-05
1.190936     2.55849000e-05
1.191333     1.15128000e-04
1.191730     3.39259000e-05
1.192127     1.76651000e-05
1.192524     1.28258000e-05
1.192922     3.43144000e-05
1.193320     1.27710000e-04
1.193717     9.98625000e-05
1.194115     9.18085000e-05
1.194513     7.88315000e-05
1.194911     1.19419000e-04
1.195310     9.54384000e-05
1.195708     5.91389000e-05
1.196107     1.07291000e-04
1.196506     1.41448000e-04
1.196904     1.49286000e-04
1.197303     9.38285000e-05
1.197702     5.82805000e-05
1.198102     6.24903000e-05
1.198501     1.21757000e-04
1.198901     7.30063000e-05
1.199300     1.81821000e-05
1.199700     7.53090000e-05
1.200100     1.11400000e-04
1.200500     7.17330000e-05
1.200900     6.03875000e-05
1.201300     9.68253000e-05
1.201701     5.83670000e-05
1.202101     5.63709000e-05
1.202502     1.34091000e-04
1.202903     8.12924000e-05
1.203304     1.22402000e-04
1.203705     4.33949000e-05
1.204106     4.83190000e-05
1.204508     2.88478000e-05
1.204909     1.11270000e-04
1.205311     2.13445000e-04
1.205712     1.66768000e-04
1.206114     2.62425000e-05
1.206516     3.64072000e-05
1.206919     7.85200000e-05
1.207321     8.19330000e-05
1.207723     6.52983000e-05
1.208126     2.18511000e-05
1.208529     2.06519000e-05
1.208931     1.80119000e-04
1.209334     2.93605000e-05
1.209738     6.34302000e-05
1.210141     1.48812000e-04
1.210544     2.94685000e-05
1.210948     4.93425000e-05
1.211351     1.38504000e-05
1.211755     1.03442000e-04
1.212159     1.20035000e-04
1.212563     1.12459000e-04
1.212967     2.96204000e-05
1.213372     4.40246000e-05
1.213776     9.20484000e-05
1.214181     1.63490000e-04
1.214585     1.74171000e-04
1.214990     8.82608000e-05
1.215395     2.08620000e-04
1.215800     6.33716000e-05
1.216206     4.21148000e-05
1.216611     1.25219000e-04
1.217017     1.27229000e-04
1.217422     1.41634000e-04
1.217828     1.17509000e-04
1.218234     2.15206000e-05
1.218640     4.48460000e-05
1.219046     8.85489000e-05
1.219453     1.18208000e-04
1.219859     9.78915000e-05
1.220266     8.52560000e-05
1.220672     1.01782000e-04
1.221079     1.03015000e-04
1.221486     1.83350000e-04
1.221894     7.25172000e-05
1.222301     1.87119000e-04
1.222708     4.57939000e-05
1.223116     1.06648000e-04
1.223524     3.35358000e-05
1.223931     2.03189000e-04
1.224339     1.33508000e-04
1.224747     2.47005000e-04
1.225156     8.83472000e-05
1.225564     6.11531000e-05
1.225973     1.37191000e-04
1.226381     8.71913000e-05
1.226790     1.09168000e-04
1.227199     1.91123000e-04
1.227608     7.94947000e-05
1.228017     9.85137000e-05
1.228427     1.68251000e-04
1.228836     1.65023000e-04
1.229246     1.28531000e-04
1.229655     2.04502000e-04
1.230065     7.90584000e-05
1.230475     4.93632000e-05
1.230886     9.34239000e-05
1.231296     1.72811000e-04
1.231706     8.75641000e-05
1.232117     9.36014000e-05
1.232528     1.83028000e-04
1.232938     1.15262000e-04
1.233349     1.51345000e-04
1.233760     5.71565000e-05
1.234172     1.70487000e-04
1.234583     2.24529000e-04
1.234995     1.94983000e-04
1.235406     8.19490000e-05
1.235818     7.20543000e-05
1.236230     2.42517000e-04
1.236642     1.64865000e-04
1.237054     1.90301000e-04
1.237467     1.39627000e-04
1.237879     1.28889000e-04
1.238292     7.79981000e-05
1.238705     2.69046000e-04
1.239117     1.11306000e-04
1.239531     8.56819000e-05
1.239944     7.76457000e-05
1.240357     1.05387000e-04
1.240770     1.48781000e-04
1.241184     1.97968000e-04
1.241598     9.56757000e-05
1.242012     1.38324000e-04
1.242426     9.04042000e-05
1.242840     2.01541000e-04
1.243254     1.07556000e-04
1.243668     4.40991000e-05
1.244083     9.76875000e-05
1.244498     9.20882000e-05
1.244913     2.17210000e-04
1.245328     1.64348000e-04
1.245743     1.69708000e-04
1.246158     9.07020000e-05
1.246573     1.35523000e-04
1.246989     1.62120000e-04
1.247404     1.84334000e-04
1.247820     1.02487000e-04
1.248236     1.93183000e-04
1.248652     1.31990000e-04
1.249068     1.50862000e-04
1.249485     1.91307000e-04
1.249901     1.46430000e-04
1.250318     1.15523000e-04
1.250735     1.89048000e-04
1.251152     1.89608000e-04
1.251569     8.68518000e-05
1.251986     9.49400000e-05
1.252403     1.91225000e-04
1.252821     1.10551000e-04
1.253238     1.95410000e-04
1.253656     7.99721000e-05
1.254074     1.28930000e-04
1.254492     1.80856000e-04
1.254910     2.37923000e-04
1.255328     1.42957000e-04
1.255747     2.86588000e-04
1.256165     1.35746000e-04
1.256584     1.31047000e-04
1.257003     1.58763000e-04
1.257422     2.25377000e-04
1.257841     2.45355000e-04
1.258260     2.21250000e-04
1.258680     1.64693000e-04
1.259099     1.60655000e-04
1.259519     1.53339000e-04
1.259939     8.04849000e-05
1.260359     1.98275000e-04
1.260779     1.09622000e-04
1.261199     1.41474000e-04
1.261620     2.71252000e-04
1.262040     2.03263000e-04
1.262461     2.53537000e-05
1.262882     1.29139000e-04
1.263303     2.23621000e-04
1.263724     1.17654000e-04
1.264145     2.24292000e-04
1.264566     1.94953000e-04
1.264988     1.55424000e-04
1.265410     2.35895000e-04
1.265831     8.73001000e-05
1.266253     9.90575000e-05
1.266675     1.06233000e-04
1.267098     1.47876000e-04
1.267520     2.28121000e-04
1.267943     2.13858000e-04
1.268365     2.80818000e-04
1.268788     2.25187000e-04
1.269211     2.46165000e-04
1.269634     1.75733000e-04
1.270057     1.53124000e-04
1.270481     2.70469000e-04
1.270904     1.50957000e-04
1.271328     1.33218000e-04
1.271751     2.57670000e-04
1.272175     2.28201000e-04
1.272599     1.63410000e-04
1.273024     1.91775000e-04
1.273448     2.03966000e-05
1.273872     2.13163000e-04
1.274297     1.96573000e-04
1.274722     1.52230000e-04
1.275147     2.29624000e-04
1.275572     1.34049000e-04
1.275997     5.77918000e-05
1.276422     2.87659000e-04
1.276848     8.61766000e-05
1.277273     1.68421000e-04
1.277699     1.83375000e-04
1.278125     2.22017000e-04
1.278551     2.52760000e-04
1.278977     2.63706000e-04
1.279404     2.88523000e-04
1.279830     7.42116000e-05
1.280257     8.14242000e-05
1.280683     2.93988000e-04
1.281110     6.12501000e-05
1.281537     2.72031000e-04
1.281965     3.23743000e-04
1.282392     3.27344000e-04
1.282819     1.95165000e-05
1.283247     1.31184000e-04
1.283675     2.19991000e-04
1.284103     6.57559000e-05
1.284531     2.62861000e-04
1.284959     1.59426000e-04
1.285387     2.47981000e-04
1.285816     2.56100000e-04
1.286244     4.38478000e-05
1.286673     2.14193000e-04
1.287102     9.62348000e-05
1.287531     1.08129000e-04
1.287960     1.84858000e-04
1.288389     2.23217000e-04
1.288819     2.62786000e-04
1.289248     2.23654000e-04
1.289678     2.70240000e-04
1.290108     2.29895000e-04
1.290538     2.85877000e-04
1.290968     2.57228000e-04
1.291399     7.08838000e-05
1.291829     1.75473000e-04
1.292260     1.82440000e-04
1.292690     6.40516000e-05
1.293121     2.90755000e-04
1.293552     2.48878000e-04
1.293984     2.28999000e-05
1.294415     3.26906000e-04
1.294846     2.17177000e-04
1.295278     2.60547000e-04
1.295710     2.09253000e-04
1.296142     2.76725000e-04
1.296574     2.70569000e-04
1.297006     2.31055000e-04
1.297438     3.23399000e-05
1.297871     2.46134000e-04
1.298303     9.49303000e-05
1.298736     6.45147000e-05
1.299169     1.82573000e-04
1.299602     2.53336000e-04
1.300035     2.95626000e-04
1.300469     1.16313000e-04
1.300902     2.21612000e-04
1.301336     1.97687000e-04
1.301770     5.01812000e-05
1.302203     2.80084000e-04
1.302638     2.53211000e-04
1.303072     1.86714000e-04
1.303506     1.10588000e-04
1.303941     2.55676000e-04
1.304375     1.83394000e-04
1.304810     2.54595000e-04
1.305245     2.08754000e-04
1.305680     3.79821000e-05
1.306115     1.85513000e-04
1.306551     2.37427000e-04
1.306986     1.74206000e-04
1.307422     7.57883000e-05
1.307858     2.15285000e-04
1.308294     1.25317000e-04
1.308730     1.13717000e-04
1.309166     1.15460000e-04
1.309602     1.15977000e-04
1.310039     1.20008000e-04
1.310476     3.03317000e-04
1.310912     6.80696000e-05
1.311349     5.50552000e-05
1.311786     2.59224000e-04
1.312224     1.63215000e-04
1.312661     2.32653000e-04
1.313099     4.93708000e-05
1.313536     3.31353000e-04
1.313974     9.81935000e-05
1.314412     1.18005000e-04
1.314850     3.76300000e-04
1.315289     2.62549000e-04
1.315727     1.11758000e-04
1.316166     2.05341000e-04
1.316604     5.46204000e-05
1.317043     3.30675000e-04
1.317482     2.38926000e-04
1.317921     1.37877000e-04
1.318361     1.71316000e-04
1.318800     2.72754000e-05
1.319240     2.84611000e-04
1.319679     2.75697000e-04
1.320119     4.43473000e-05
1.320559     1.36784000e-04
1.321000     3.36834000e-04
1.321440     8.71635000e-05
1.321880     1.57966000e-04
1.322321     7.32164000e-05
1.322762     1.91065000e-04
1.323203     5.89170000e-05
1.323644     1.15855000e-04
1.324085     3.66660000e-05
1.324526     2.61802000e-04
1.324968     1.69660000e-04
1.325410     1.65670000e-05
1.325851     3.33207000e-04
1.326293     1.40797000e-04
1.326735     8.40748000e-05
1.327178     6.54562000e-05
1.327620     1.70137000e-04
1.328063     4.38976000e-05
1.328505     1.48629000e-04
1.328948     7.99035000e-05
1.329391     1.18581000e-04
1.329834     3.10826000e-04
1.330278     1.64571000e-04
1.330721     1.30166000e-04
1.331165     7.49943000e-05
1.331608     1.45233000e-04
1.332052     1.95085000e-04
1.332496     1.42782000e-05
1.332940     1.33946000e-04
1.333385     1.07421000e-04
1.333829     4.04465000e-05
1.334274     1.09231000e-04
1.334718     8.11311000e-05
1.335163     2.18445000e-05
1.335608     6.02764000e-05
1.336054     6.97174000e-05
1.336499     1.11937000e-04
1.336944     6.36277000e-05
1.337390     3.23911000e-05
1.337836     1.23711000e-04
1.338282     2.05757000e-05
1.338728     6.27969000e-05
1.339174     6.58087000e-05
1.339621     6.77455000e-05
1.340067     1.28878000e-05
1.340514     1.17620000e-05
1.340961     4.78671000e-05
1.341408     1.25911000e-04
1.341855     4.51549000e-06
1.342302     2.75254000e-05
1.342749     1.64588000e-05
1.343197     9.57318000e-05
1.343645     6.92788000e-05
1.344093     1.05183000e-04
1.344541     7.32445000e-06
1.344989     1.92813000e-04
1.345437     8.82714000e-05
1.345886     4.52569000e-05
1.346334     2.56098000e-05
1.346783     8.80289000e-06
1.347232     5.58840000e-05
1.347681     3.85692000e-06
1.348130     5.80572000e-05
1.348580     1.08040000e-04
1.349029     1.00662000e-05
1.349479     1.14913000e-04
1.349929     5.25567000e-06
1.350379     1.54773000e-05
1.350829     5.93027000e-05
1.351279     5.35891000e-05
1.351730     8.57558000e-06
1.352180     6.93296000e-05
1.352631     9.69210000e-05
1.353082     1.28401000e-04
1.353533     8.61340000e-05
1.353984     3.71259000e-05
1.354435     6.73617000e-05
1.354887     2.04925000e-04
1.355338     1.99372000e-05
1.355790     9.04792000e-06
1.356242     2.10583000e-04
1.356694     2.96745000e-05
1.357146     3.88339000e-06
1.357599     4.38002000e-05
1.358051     3.74710000e-05
1.358504     5.21484000e-05
1.358957     6.07449000e-05
1.359410     2.24903000e-05
1.359863     3.40043000e-05
1.360316     3.88071000e-05
1.360770     1.36937000e-04
1.361223     3.08756000e-05
1.361677     8.24973000e-06
1.362131     6.47615000e-05
1.362585     5.40460000e-05
1.363039     3.17503000e-05
1.363493     3.41923000e-05
1.363948     3.14565000e-05
1.364403     2.63389000e-05
1.364857     1.22011000e-05
1.365312     1.08317000e-04
1.365767     2.17404000e-05
1.366223     8.32601000e-06
1.366678     1.61940000e-05
1.367134     1.57565000e-05
1.367589     2.63376000e-05
1.368045     5.83134000e-05
1.368501     1.70432000e-05
1.368957     9.58802000e-05
1.369414     2.34316000e-05
1.369870     2.07070000e-05
1.370327     7.83333000e-06
1.370784     1.04572000e-04
1.371241     3.06291000e-05
1.371698     3.94368000e-05
1.372155     2.91317000e-05
1.372612     6.74385000e-05
1.373070     7.96363000e-05
1.373527     2.39488000e-05
1.373985     2.42407000e-05
1.374443     6.53082000e-06
1.374901     5.15954000e-05
1.375360     6.45169000e-05
1.375818     3.00073000e-05
1.376277     2.32810000e-05
1.376736     4.12927000e-05
1.377195     4.51974000e-05
1.377654     1.39083000e-05
1.378113     4.03779000e-05
1.378572     7.92971000e-06
1.379032     1.58122000e-05
1.379491     2.79869000e-05
1.379951     4.91585000e-05
1.380411     9.51643000e-05
1.380871     1.47968000e-04
1.381332     5.55070000e-05
1.381792     7.05491000e-05
1.382253     2.18169000e-05
1.382713     6.39627000e-06
1.383174     1.53229000e-05
1.383635     7.33518000e-05
1.384097     2.87067000e-05
1.384558     8.92231000e-06
1.385019     2.84996000e-05
1.385481     7.75837000e-05
1.385943     1.06682000e-04
1.386405     7.10295000e-06
1.386867     4.18074000e-05
1.387329     1.46372000e-05
1.387792     2.94300000e-05
1.388254     5.28011000e-05
1.388717     4.87306000e-05
1.389180     2.81516000e-05
1.389643     1.55386000e-05
1.390106     6.49506000e-05
1.390570     2.30818000e-05
1.391033     1.79065000e-04
1.391497     4.98147000e-05
1.391961     1.05699000e-05
1.392425     3.44591000e-05
1.392889     1.69348000e-05
1.393353     2.99814000e-05
1.393818     3.38194000e-05
1.394282     6.63318000e-05
1.394747     3.19170000e-05
1.395212     8.56568000e-06
1.395677     2.68641000e-05
1.396142     1.78279000e-04
1.396608     6.44616000e-06
1.397073     1.13275000e-05
1.397539     8.96266000e-06
1.398005     1.46156000e-05
1.398471     7.92324000e-05
1.398937     1.53111000e-05
1.399403     4.40310000e-05
1.399870     1.95975000e-05
1.400336     8.91980000e-05
1.400803     1.07483000e-04
1.401270     1.35909000e-04
1.401737     6.79133000e-05
1.402204     3.09768000e-05
1.402672     3.32032000e-05
1.403139     6.32095000e-05
1.403607     1.06861000e-04
1.404075     2.45149000e-05
1.404543     4.22886000e-05
1.405011     8.43204000e-06
1.405479     1.33470000e-05
1.405948     5.68025000e-05
1.406416     3.94710000e-05
1.406885     4.20349000e-05
1.407354     3.86489000e-05
1.407823     2.08758000e-05
1.408293     2.03306000e-05
1.408762     5.04984000e-05
1.409232     9.86261000e-05
1.409701     5.56119000e-05
1.410171     5.94621000e-05
1.410641     9.42921000e-06
1.411112     7.95363000e-05
1.411582     5.30220000e-05
1.412052     3.70645000e-05
1.412523     1.02388000e-04
1.412994     7.77588000e-05
1.413465     8.65471000e-05
1.413936     1.77331000e-05
1.414407     9.42827000e-05
1.414879     1.68849000e-05
1.415351     7.94136000e-05
1.415822     6.58909000e-05
1.416294     4.59830000e-05
1.416766     1.04018000e-04
1.417239     2.68361000e-05
1.417711     1.64969000e-05
1.418184     1.44633000e-05
1.418656     5.43013000e-05
1.419129     5.24886000e-05
1.419602     2.43966000e-05
1.420075     2.73221000e-05
1.420549     1.11687000e-05
1.421022     5.32037000e-05
1.421496     1.16561000e-05
1.421970     1.66080000e-05
1.422444     2.16917000e-05
1.422918     1.00810000e-04
1.423392     5.91825000e-05
1.423867     4.58532000e-05
1.424341     2.91165000e-05
1.424816     3.37069000e-05
1.425291     1.79069000e-05
1.425766     9.38836000e-05
1.426241     4.02173000e-05
1.426717     2.45034000e-05
1.427192     2.02343000e-05
1.427668     3.61393000e-05
1.428144     1.93928000e-05
1.428620     2.18825000e-05
1.429096     4.08971000e-05
1.429573     1.97786000e-04
1.430049     4.87325000e-05
1.430526     4.81826000e-05
1.431003     1.09851000e-04
1.431480     1.40077000e-05
1.431957     1.30084000e-04
1.432434     9.55278000e-06
1.432912     3.18831000e-05
1.433389     5.62326000e-05
1.433867     8.47557000e-05
1.434345     1.40787000e-05
1.434823     1.50341000e-04
1.435301     2.99534000e-05
1.435780     7.59828000e-05
1.436258     5.60724000e-05
1.436737     3.00790000e-05
1.437216     2.00127000e-05
1.437695     4.48664000e-05
1.438174     2.54598000e-05
1.438654     2.75213000e-05
1.439133     4.51634000e-05
1.439613     7.13687000e-05
1.440093     1.03069000e-04
1.440573     4.39745000e-05
1.441053     3.70017000e-05
1.441534     6.09756000e-05
1.442014     7.27568000e-05
1.442495     1.08646000e-04
1.442976     3.42993000e-05
1.443457     4.25231000e-05
1.443938     2.24449000e-05
1.444419     1.37576000e-05
1.444900     3.01013000e-05
1.445382     6.40860000e-05
1.445864     3.91392000e-05
1.446346     8.00384000e-05
1.446828     2.50595000e-05
1.447310     3.01876000e-05
1.447793     5.10459000e-05
1.448275     1.33988000e-04
1.448758     3.34597000e-05
1.449241     5.28607000e-05
1.449724     3.54212000e-05
1.450207     4.09730000e-05
1.450691     1.74292000e-05
1.451174     1.54684000e-05
1.451658     7.91501000e-05
1.452142     6.26747000e-05
1.452626     2.72921000e-05
1.453110     5.78724000e-05
1.453595     1.85816000e-05
1.454079     4.06967000e-05
1.454564     1.58203000e-04
1.455049     1.10101000e-04
1.455534     1.12808000e-05
1.456019     3.98550000e-05
1.456504     2.04360000e-05
1.456990     2.27315000e-05
1.457475     4.94049000e-05
1.457961     4.54558000e-05
1.458447     6.06694000e-05
1.458933     7.57500000e-05
1.459420     3.00365000e-05
1.459906     2.54464000e-05
1.460393     9.40741000e-05
1.460879     2.53930000e-05
1.461366     3.02076000e-05
1.461854     8.12876000e-05
1.462341     8.28717000e-05
1.462828     7.46976000e-05
1.463316     9.17395000e-05
1.463804     5.64371000e-05
1.464292     9.18198000e-05
1.464780     9.11173000e-05
1.465268     1.61003000e-05
1.465756     5.36450000e-05
1.466245     8.70616000e-05
1.466734     1.09924000e-04
1.467223     6.92881000e-05
1.467712     5.42827000e-05
1.468201     2.07742000e-05
1.468690     1.25590000e-04
1.469180     4.18291000e-05
1.469670     1.54619000e-05
1.470160     4.20041000e-05
1.470650     1.40600000e-04
1.471140     8.44416000e-05
1.471630     4.54749000e-05
1.472121     2.92825000e-05
1.472611     1.35064000e-05
1.473102     5.35742000e-05
1.473593     6.21848000e-05
1.474085     6.22029000e-05
1.474576     5.22391000e-05
1.475067     2.14459000e-05
1.475559     1.01758000e-04
1.476051     1.51793000e-04
1.476543     2.72624000e-05
1.477035     4.45153000e-05
1.477527     8.60814000e-05
1.478020     3.92191000e-05
1.478513     2.11412000e-04
1.479006     6.89079000e-05
1.479499     8.85402000e-05
1.479992     1.69023000e-05
1.480485     9.60125000e-05
1.480978     1.79821000e-05
1.481472     8.62740000e-05
1.481966     3.18250000e-05
1.482460     1.09849000e-04
1.482954     4.37759000e-05
1.483448     3.99302000e-05
1.483943     1.15767000e-04
1.484438     2.76104000e-05
1.484932     7.82271000e-05
1.485427     9.28727000e-05
1.485923     5.91351000e-05
1.486418     9.91740000e-05
1.486913     1.04238000e-04
1.487409     8.03590000e-05
1.487905     1.56770000e-05
1.488401     5.81221000e-05
1.488897     6.95093000e-05
1.489393     9.84664000e-05
1.489890     3.41484000e-05
1.490386     1.09986000e-04
1.490883     2.70503000e-05
1.491380     7.38719000e-05
1.491877     1.91426000e-05
1.492374     5.98566000e-05
1.492872     3.23110000e-05
1.493369     5.32386000e-05
1.493867     6.17685000e-05
1.494365     5.98180000e-05
1.494863     3.03357000e-05
1.495362     9.97483000e-05
1.495860     3.10816000e-05
1.496359     6.08896000e-05
1.496857     2.20389000e-05
1.497356     9.56879000e-05
1.497856     6.87589000e-05
1.498355     8.77511000e-05
1.498854     7.69011000e-05
1.499354     9.44263000e-05
1.499854     6.85006000e-05
1.500354     3.73849000e-05
1.500854     1.25099000e-04
1.501354     4.00840000e-05
1.501855     5.96740000e-05
1.502355     2.25370000e-05
1.502856     2.30979000e-05
1.503357     8.37379000e-05
1.503858     2.37056000e-05
1.504359     1.26670000e-04
1.504861     1.32860000e-04
1.505362     2.30056000e-05
1.505864     3.31265000e-05
1.506366     1.83068000e-04
1.506868     8.70557000e-05
1.507370     7.65830000e-05
1.507873     3.08394000e-05
1.508376     1.15814000e-04
1.508878     1.01230000e-04
1.509381     8.38532000e-05
1.509884     1.32545000e-04
1.510388     1.02753000e-04
1.510891     5.12008000e-05
1.511395     1.05063000e-04
1.511899     7.95757000e-05
1.512403     4.63455000e-05
1.512907     8.24075000e-05
1.513411     7.62524000e-05
1.513916     3.68018000e-05
1.514420     6.78696000e-05
1.514925     8.49070000e-05
1.515430     4.94664000e-05
1.515935     7.38999000e-05
1.516440     3.64664000e-05
1.516946     4.67538000e-05
1.517452     5.22161000e-05
1.517957     1.17575000e-04
1.518463     5.00051000e-05
1.518969     1.96906000e-04
1.519476     1.16749000e-04
1.519982     1.06912000e-04
1.520489     8.25142000e-05
1.520996     1.81741000e-04
1.521503     1.62310000e-04
1.522010     3.55522000e-05
1.522517     7.66788000e-05
1.523025     5.02159000e-05
1.523532     7.76069000e-05
1.524040     1.37841000e-04
1.524548     6.46073000e-05
1.525057     3.62908000e-05
1.525565     4.96267000e-05
1.526073     3.45545000e-05
1.526582     8.81984000e-05
1.527091     3.28639000e-05
1.527600     1.36788000e-04
1.528109     1.22644000e-04
1.528619     1.66833000e-04
1.529128     1.00185000e-04
1.529638     1.13328000e-04
1.530148     8.29288000e-05
1.530658     1.92468000e-04
1.531168     8.42615000e-05
1.531678     5.40731000e-05
1.532189     2.17589000e-05
1.532700     1.65266000e-04
1.533211     1.66346000e-04
1.533722     9.30384000e-05
1.534233     6.41744000e-05
1.534744     9.56614000e-05
1.535256     6.55474000e-05
1.535768     6.04267000e-05
1.536279     5.43047000e-05
1.536792     1.69315000e-04
1.537304     3.01369000e-05
1.537816     8.84950000e-05
1.538329     5.89976000e-05
1.538842     1.74236000e-04
1.539355     1.02541000e-04
1.539868     1.89398000e-04
1.540381     1.10398000e-04
1.540894     6.44361000e-05
1.541408     9.43089000e-05
1.541922     6.73934000e-05
1.542436     9.86280000e-05
1.542950     7.24560000e-05
1.543464     6.72624000e-05
1.543979     2.61013000e-04
1.544493     5.67135000e-05
1.545008     2.37846000e-04
1.545523     1.43752000e-04
1.546039     7.46142000e-05
1.546554     7.74485000e-05
1.547069     9.62354000e-05
1.547585     9.28507000e-05
1.548101     9.87479000e-05
1.548617     7.29572000e-05
1.549133     9.64617000e-05
1.549650     1.73946000e-04
1.550166     1.71283000e-04
1.550683     1.38568000e-04
1.551200     1.38954000e-04
1.551717     1.56051000e-04
1.552234     1.08399000e-04
1.552751     1.10806000e-04
1.553269     8.58559000e-05
1.553787     1.11275000e-04
1.554305     1.66452000e-04
1.554823     1.21775000e-04
1.555341     4.76930000e-05
1.555860     1.02415000e-04
1.556378     1.51382000e-04
1.556897     9.30647000e-05
1.557416     1.37496000e-04
1.557935     1.38867000e-04
1.558454     1.51983000e-04
1.558974     8.30838000e-05
1.559493     7.97347000e-05
1.560013     1.44960000e-04
1.560533     1.20519000e-04
1.561053     5.49219000e-05
1.561574     1.73694000e-04
1.562094     1.43905000e-04
1.562615     9.55345000e-05
1.563136     5.28142000e-05
1.563657     1.14349000e-04
1.564178     1.07128000e-04
1.564700     1.34174000e-04
1.565221     1.17242000e-04
1.565743     6.44217000e-05
1.566265     1.06102000e-04
1.566787     1.61586000e-04
1.567309     7.21499000e-05
1.567832     1.50521000e-04
1.568354     2.10733000e-04
1.568877     1.54371000e-04
1.569400     1.74733000e-04
1.569923     5.35521000e-05
1.570446     1.90013000e-04
1.570970     1.34298000e-04
1.571494     1.76274000e-04
1.572017     1.20428000e-04
1.572541     1.20925000e-04
1.573066     2.18240000e-04
1.573590     5.32747000e-05
1.574114     8.33409000e-05
1.574639     1.21152000e-04
1.575164     8.94681000e-05
1.575689     2.59443000e-04
1.576214     8.73125000e-05
1.576740     1.64700000e-04
1.577265     7.57002000e-05
1.577791     1.78124000e-04
1.578317     1.10910000e-04
1.578843     9.22020000e-05
1.579369     1.53307000e-04
1.579896     7.62940000e-05
1.580422     9.36433000e-05
1.580949     1.30857000e-04
1.581476     1.44259000e-04
1.582003     8.86244000e-05
1.582531     2.00676000e-04
1.583058     1.16233000e-04
1.583586     7.30136000e-05
1.584114     1.00025000e-04
1.584642     1.68278000e-04
1.585170     9.25943000e-05
1.585698     1.16767000e-04
1.586227     2.39484000e-04
1.586756     1.33744000e-04
1.587285     2.73114000e-04
1.587814     1.90157000e-04
1.588343     1.30088000e-04
1.588872     2.03882000e-04
1.589402     8.71895000e-05
1.589932     1.24560000e-04
1.590462     1.39873000e-04
1.590992     7.10370000e-05
1.591522     1.58697000e-04
1.592053     1.34336000e-04
1.592584     1.11092000e-04
1.593114     1.74417000e-04
1.593645     1.63031000e-04
1.594177     1.75393000e-04
1.594708     2.25157000e-04
1.595240     1.64880000e-04
1.595771     1.38275000e-04
1.596303     1.13204000e-04
1.596835     1.28306000e-04
1.597368     1.30553000e-04
1.597900     1.78629000e-04
1.598433     1.28233000e-04
1.598966     3.08762000e-04
1.599499     1.39166000e-04
1.600032     1.17247000e-04
1.600565     5.73124000e-05
1.601099     2.43550000e-04
1.601632     1.64473000e-04
1.602166     1.84277000e-04
1.602700     1.73377000e-04
1.603234     2.87202000e-04
1.603769     2.71737000e-04
1.604303     8.28414000e-05
1.604838     1.42975000e-04
1.605373     2.36457000e-04
1.605908     2.53707000e-04
1.606444     1.24885000e-04
1.606979     1.28060000e-04
1.607515     2.19270000e-04
1.608051     1.85048000e-04
1.608587     1.86738000e-04
1.609123     1.31822000e-04
1.609659     2.17135000e-04
1.610196     2.36674000e-04
1.610732     7.73331000e-05
1.611269     1.91094000e-04
1.611806     3.49205000e-04
1.612344     2.25330000e-04
1.612881     2.10981000e-04
1.613419     2.21868000e-04
1.613957     1.58666000e-04
1.614495     1.69994000e-04
1.615033     1.76902000e-04
1.615571     1.16676000e-04
1.616110     1.48115000e-04
1.616648     1.31497000e-04
1.617187     1.79447000e-04
1.617726     1.92153000e-04
1.618266     2.90492000e-04
1.618805     1.95303000e-04
1.619345     2.25549000e-04
1.619884     1.92701000e-04
1.620424     2.38960000e-04
1.620964     1.63815000e-04
1.621505     1.57203000e-04
1.622045     1.79450000e-04
1.622586     1.80809000e-04
1.623127     2.05918000e-04
1.623668     2.10441000e-04
1.624209     1.89009000e-04
1.624750     2.54747000e-04
1.625292     2.04674000e-04
1.625834     2.06453000e-04
1.626376     1.57655000e-04
1.626918     2.29034000e-04
1.627460     3.23289000e-04
1.628003     2.54314000e-04
1.628545     2.64841000e-04
1.629088     1.57665000e-04
1.629631     2.89470000e-04
1.630174     2.47078000e-04
1.630718     1.19843000e-04
1.631261     1.07618000e-04
1.631805     2.63111000e-04
1.632349     2.43931000e-04
1.632893     1.50009000e-04
1.633438     3.56663000e-04
1.633982     1.38545000e-04
1.634527     1.34553000e-04
1.635071     1.56595000e-04
1.635617     2.66289000e-04
1.636162     1.10059000e-04
1.636707     2.56512000e-04
1.637253     2.48485000e-04
1.637798     2.91321000e-04
1.638344     2.52825000e-04
1.638890     3.40426000e-04
1.639437     2.46419000e-04
1.639983     1.83513000e-04
1.640530     2.10106000e-04
1.641077     2.57106000e-04
1.641624     1.82247000e-04
1.642171     2.75325000e-04
1.642718     1.27205000e-04
1.643266     2.72553000e-04
1.643814     3.05747000e-04
1.644362     3.11525000e-04
1.644910     3.96157000e-04
1.645458     1.04779000e-04
1.646007     2.62444000e-04
1.646555     2.81713000e-04
1.647104     1.95494000e-04
1.647653     3.79911000e-04
1.648202     1.19591000e-04
1.648752     2.99404000e-04
1.649301     3.44382000e-04
1.649851     1.95791000e-04
1.650401     3.15614000e-04
1.650951     2.74524000e-04
1.651501     3.27948000e-04
1.652052     3.09682000e-04
1.652603     3.77365000e-04
1.653154     3.81869000e-04
1.653705     2.80010000e-04
1.654256     3.26639000e-04
1.654807     2.27869000e-04
1.655359     2.20609000e-04
1.655911     2.89334000e-04
1.656463     1.67378000e-04
1.657015     2.64026000e-04
1.657567     1.14783000e-04
1.658120     3.58653000e-04
1.658672     3.14020000e-04
1.659225     2.54501000e-04
1.659778     1.33192000e-04
1.660332     3.09021000e-04
1.660885     1.96089000e-04
1.661439     2.74345000e-04
1.661992     1.96809000e-04
1.662546     1.50971000e-04
1.663101     2.16953000e-04
1.663655     3.65557000e-04
1.664210     1.36042000e-04
1.664764     1.63913000e-04
1.665319     3.18842000e-04
1.665874     3.80545000e-04
1.666430     1.74484000e-04
1.666985     3.30604000e-04
1.667541     2.66547000e-04
1.668097     1.50425000e-04
1.668653     1.56347000e-04
1.669209     2.67810000e-04
1.669765     2.72369000e-04
1.670322     1.83662000e-04
1.670879     2.74378000e-04
1.671436     3.09264000e-04
1.671993     2.44387000e-04
1.672550     2.83861000e-04
1.673108     3.41985000e-04
1.673665     2.88584000e-04
1.674223     3.02358000e-04
1.674781     3.60041000e-04
1.675339     4.08187000e-04
1.675898     2.92593000e-04
1.676457     1.25417000e-04
1.677015     2.11219000e-04
1.677574     2.82853000e-04
1.678134     3.10563000e-04
1.678693     2.90520000e-04
1.679252     2.47510000e-04
1.679812     4.01012000e-04
1.680372     4.50379000e-04
1.680932     4.53548000e-04
1.681493     3.61169000e-04
1.682053     3.94108000e-04
1.682614     2.20451000e-04
1.683175     1.71049000e-04
1.683736     4.12664000e-04
1.684297     2.75176000e-04
1.684858     3.27980000e-04
1.685420     3.65680000e-04
1.685982     3.85404000e-04
1.686544     2.96575000e-04
1.687106     4.30854000e-04
1.687668     3.41291000e-04
1.688231     1.80412000e-04
1.688794     3.39594000e-04
1.689357     1.94125000e-04
1.689920     3.02172000e-04
1.690483     4.34043000e-04
1.691047     1.37532000e-04
1.691610     4.03226000e-04
1.692174     1.98997000e-04
1.692738     2.50221000e-04
1.693302     3.97380000e-04
1.693867     1.80016000e-04
1.694431     1.75338000e-04
1.694996     1.79832000e-04
1.695561     4.02775000e-04
1.696126     1.69938000e-04
1.696692     2.66477000e-04
1.697257     2.35549000e-04
1.697823     1.11081000e-04
1.698389     4.11869000e-04
1.698955     3.99331000e-04
1.699522     4.06623000e-04
1.700088     3.74406000e-04
1.700655     1.78177000e-04
1.701222     3.12834000e-04
1.701789     4.14156000e-04
1.702356     2.94223000e-04
1.702923     2.88388000e-04
1.703491     4.52059000e-04
1.704059     4.05490000e-04
1.704627     1.54817000e-04
1.705195     2.89354000e-04
1.705763     2.91184000e-04
1.706332     3.75292000e-04
1.706901     6.28410000e-05
1.707470     3.16009000e-04
1.708039     2.31369000e-04
1.708608     4.39075000e-05
1.709178     2.45605000e-04
1.709748     4.05278000e-04
1.710317     4.35050000e-04
1.710888     2.05438000e-04
1.711458     2.16330000e-04
1.712028     4.42992000e-04
1.712599     5.21026000e-04
1.713170     3.64421000e-05
1.713741     1.15151000e-04
1.714312     4.95954000e-05
1.714884     2.13158000e-04
1.715455     2.88413000e-04
1.716027     3.55310000e-04
1.716599     1.73947000e-04
1.717171     2.21909000e-04
1.717744     7.27120000e-05
1.718316     3.15177000e-04
1.718889     3.24098000e-04
1.719462     2.31184000e-04
1.720035     1.96771000e-04
1.720609     2.28987000e-04
1.721182     1.20714000e-04
1.721756     2.35317000e-04
1.722330     1.05300000e-04
1.722904     1.03137000e-04
1.723478     4.49880000e-04
1.724053     1.90110000e-04
1.724627     1.08685000e-04
1.725202     2.27567000e-04
1.725777     1.84424000e-04
1.726352     1.91562000e-04
1.726928     1.83431000e-04
1.727504     3.95295000e-04
1.728079     5.88390000e-05
1.728655     2.27845000e-04
1.729232     2.44452000e-04
1.729808     1.36672000e-04
1.730385     3.10579000e-04
1.730961     5.22417000e-04
1.731538     4.98510000e-04
1.732116     4.72426000e-04
1.732693     3.14441000e-04
1.733271     1.93815000e-04
1.733848     4.04616000e-04
1.734426     2.25681000e-04
1.735004     6.92785000e-05
1.735583     2.49519000e-04
1.736161     1.76608000e-04
1.736740     1.45231000e-04
1.737319     2.79673000e-04
1.737898     8.34725000e-05
1.738477     4.06471000e-05
1.739057     5.22854000e-04
1.739637     4.82221000e-04
1.740216     2.59109000e-04
1.740796     1.56738000e-04
1.741377     1.21969000e-04
1.741957     1.37924000e-04
1.742538     2.09064000e-04
1.743119     2.13820000e-04
1.743700     1.32365000e-04
1.744281     1.11348000e-04
1.744862     1.90895000e-04
1.745444     3.21584000e-04
1.746026     6.56095000e-05
1.746608     8.69816000e-05
1.747190     4.05394000e-05
1.747772     1.64671000e-04
1.748355     1.90669000e-04
1.748938     2.86744000e-04
1.749521     7.76116000e-05
1.750104     2.27672000e-04
1.750687     5.70869000e-05
1.751271     4.97109000e-04
1.751855     3.25950000e-04
1.752439     1.80364000e-04
1.753023     2.59129000e-04
1.753607     2.67228000e-04
1.754192     2.04665000e-04
1.754776     3.35591000e-04
1.755361     3.20939000e-04
1.755946     2.91668000e-04
1.756532     6.04094000e-05
1.757117     2.72546000e-04
1.757703     3.87323000e-04
1.758289     3.35969000e-04
1.758875     3.72618000e-04
1.759461     1.70042000e-04
1.760048     6.32970000e-05
1.760634     3.88503000e-04
1.761221     3.28675000e-04
1.761808     2.64433000e-04
1.762396     4.73865000e-04
1.762983     1.87756000e-04
1.763571     3.35660000e-04
1.764159     1.62021000e-04
1.764747     3.23757000e-04
1.765335     1.19386000e-04
1.765923     2.36154000e-04
1.766512     2.83510000e-04
1.767101     8.90742000e-05
1.767690     9.16429000e-05
1.768279     3.05419000e-04
1.768869     3.56167000e-04
1.769458     2.11475000e-04
1.770048     3.23674000e-04
1.770638     2.38334000e-04
1.771228     2.74713000e-04
1.771819     2.75848000e-04
1.772409     1.25773000e-04
1.773000     1.34801000e-04
1.773591     1.79192000e-04
1.774182     1.47912000e-04
1.774774     1.01133000e-04
1.775365     1.73864000e-04
1.775957     1.50691000e-04
1.776549     1.73928000e-04
1.777141     1.45812000e-04
1.777734     3.40058000e-04
1.778326     1.81529000e-04
1.778919     2.08901000e-04
1.779512     8.00842000e-05
1.780105     2.62498000e-04
1.780698     2.59599000e-04
1.781292     3.28578000e-04
1.781886     1.00737000e-04
1.782480     7.60477000e-05
1.783074     4.34031000e-04
1.783668     9.32902000e-05
1.784263     6.72100000e-05
1.784857     1.61670000e-04
1.785452     1.59133000e-04
1.786048     5.74220000e-05
1.786643     4.91161000e-05
1.787238     5.46347000e-05
1.787834     1.05002000e-04
1.788430     4.44170000e-04
1.789026     1.59405000e-04
1.789623     9.51731000e-05
1.790219     1.78608000e-04
1.790816     1.03181000e-04
1.791413     2.95749000e-05
1.792010     1.58767000e-04
1.792607     1.40832000e-04
1.793205     9.19077000e-05
1.793803     2.97588000e-04
1.794401     1.98823000e-04
1.794999     6.64453000e-05
1.795597     3.30646000e-04
1.796196     9.22245000e-05
1.796794     4.27498000e-04
1.797393     3.86221000e-04
1.797992     4.77328000e-04
1.798592     2.08939000e-04
1.799191     1.04920000e-04
1.799791     1.24820000e-04
1.800391     2.74527000e-04
1.800991     3.33149000e-05
1.801591     1.52498000e-04
1.802192     1.19188000e-04
1.802793     8.02967000e-05
1.803394     2.41196000e-04
1.803995     1.40004000e-04
1.804596     1.15473000e-04
1.805198     8.08622000e-05
1.805799     2.20381000e-04
1.806401     1.04493000e-04
1.807003     2.04859000e-04
1.807606     3.56107000e-05
1.808208     6.09985000e-05
1.808811     7.56091000e-05
1.809414     3.65297000e-04
1.810017     1.27655000e-04
1.810620     8.06518000e-05
1.811224     2.56626000e-05
1.811828     4.96249000e-04
1.812432     3.44913000e-04
1.813036     4.86647000e-04
1.813640     9.36523000e-05
1.814245     8.26027000e-05
1.814849     2.39721000e-04
1.815454     3.56842000e-04
1.816059     2.01542000e-04
1.816665     1.65201000e-04
1.817270     1.47360000e-04
1.817876     1.15349000e-04
1.818482     3.00658000e-04
1.819088     2.65568000e-04
1.819695     6.30962000e-05
1.820301     6.22968000e-05
1.820908     3.24401000e-04
1.821515     1.78634000e-04
1.822122     5.24003000e-05
1.822729     3.44137000e-04
1.823337     1.95751000e-04
1.823945     1.73733000e-04
1.824553     8.56656000e-05
1.825161     2.47133000e-04
1.825769     2.57118000e-04
1.826378     2.92187000e-05
1.826987     1.41094000e-04
1.827596     2.88204000e-04
1.828205     3.26850000e-04
1.828814     9.59933000e-05
1.829424     3.22141000e-04
1.830034     4.03601000e-04
1.830644     3.15545000e-05
1.831254     1.16951000e-04
1.831864     1.90265000e-04
1.832475     1.85628000e-04
1.833086     1.27634000e-04
1.833697     2.19105000e-04
1.834308     4.36606000e-04
1.834920     9.06812000e-05
1.835531     6.91528000e-05
1.836143     9.65897000e-05
1.836755     9.14584000e-05
1.837367     1.25261000e-04
1.837980     1.83587000e-04
1.838592     8.34248000e-05
1.839205     1.31634000e-04
1.839818     1.97343000e-04
1.840432     8.20326000e-05
1.841045     2.43381000e-04
1.841659     3.71850000e-04
1.842273     2.61646000e-04
1.842887     1.79690000e-04
1.843501     1.67233000e-04
1.844116     5.37124000e-05
1.844730     2.77793000e-04
1.845345     8.11972000e-05
1.845960     1.04523000e-04
1.846576     1.22532000e-04
1.847191     3.85463000e-04
1.847807     1.78861000e-04
1.848423     1.60196000e-04
1.849039     2.14311000e-04
1.849655     6.48703000e-05
1.850272     9.11079000e-05
1.850889     1.00721000e-04
1.851506     1.13536000e-04
1.852123     3.18083000e-04
1.852740     1.47754000e-04
1.853358     1.05695000e-04
1.853975     2.18529000e-04
1.854593     4.18621000e-04
1.855212     3.15692000e-04
1.855830     3.22388000e-04
1.856449     8.99307000e-05
1.857068     2.02974000e-04
1.857687     2.00222000e-04
1.858306     1.96950000e-04
1.858925     1.54285000e-04
1.859545     2.48410000e-04
1.860165     1.40122000e-04
1.860785     2.90424000e-04
1.861405     3.44671000e-05
1.862025     2.72259000e-04
1.862646     1.23282000e-04
1.863267     7.49099000e-05
1.863888     2.50406000e-04
1.864509     3.14088000e-04
1.865131     3.90438000e-05
1.865753     9.84565000e-05
1.866375     1.72906000e-04
1.866997     1.92443000e-04
1.867619     1.81055000e-04
1.868242     2.96951000e-05
1.868864     1.50281000e-04
1.869487     1.76611000e-04
1.870110     4.31847000e-05
1.870734     2.36747000e-04
1.871357     2.20876000e-04
1.871981     2.48287000e-04
1.872605     2.68196000e-04
1.873229     2.39729000e-04
1.873854     1.63992000e-04
1.874478     1.81705000e-04
1.875103     1.50674000e-04
1.875728     4.16683000e-04
1.876353     5.15145000e-05
1.876979     1.81604000e-04
1.877605     1.28978000e-04
1.878230     2.54960000e-04
1.878857     9.12048000e-05
1.879483     5.29728000e-05
1.880109     1.14131000e-04
1.880736     3.65149000e-04
1.881363     1.70641000e-04
1.881990     1.19454000e-04
1.882617     2.67432000e-04
1.883245     1.55148000e-04
1.883873     3.05483000e-04
1.884501     3.66729000e-04
1.885129     1.67963000e-04
1.885757     2.59701000e-04
1.886386     3.06741000e-04
1.887015     1.72434000e-04
1.887644     1.64231000e-04
1.888273     4.16215000e-04
1.888902     1.21653000e-04
1.889532     3.09167000e-04
1.890162     2.27005000e-04
1.890792     2.07471000e-04
1.891422     3.18968000e-04
1.892052     2.60807000e-04
1.892683     2.45903000e-04
1.893314     1.60766000e-04
1.893945     1.44898000e-04
1.894576     1.64077000e-04
1.895208     1.14528000e-04
1.895840     1.73190000e-04
1.896472     1.53627000e-04
1.897104     1.98209000e-04
1.897736     2.13440000e-04
1.898369     1.16630000e-04
1.899002     1.20695000e-04
1.899635     2.86444000e-04
1.900268     1.44955000e-04
1.900901     1.12730000e-04
1.901535     2.16974000e-04
1.902169     2.75408000e-04
1.902803     2.51377000e-04
1.903437     1.05785000e-04
1.904071     6.67366000e-05
1.904706     1.29097000e-04
1.905341     7.34832000e-05
1.905976     1.82482000e-04
1.906611     1.15052000e-04
1.907247     1.10967000e-04
1.907883     2.47021000e-04
1.908519     1.36073000e-04
1.909155     1.38338000e-04
1.909791     2.79343000e-04
1.910428     2.49557000e-04
1.911065     2.04073000e-04
1.911702     9.11984000e-05
1.912339     1.10013000e-04
1.912976     2.69753000e-04
1.913614     1.27370000e-04
1.914252     9.49520000e-05
1.914890     2.04739000e-04
1.915528     1.21161000e-04
1.916167     3.48866000e-05
1.916806     1.72341000e-04
1.917444     1.42663000e-04
1.918084     7.33318000e-05
1.918723     1.30716000e-04
1.919363     2.52355000e-04
1.920002     1.73348000e-04
1.920642     1.68432000e-04
1.921283     3.62071000e-04
1.921923     1.74809000e-04
1.922564     1.27454000e-04
1.923204     2.81880000e-04
1.923846     2.19006000e-04
1.924487     9.01777000e-05
1.925128     1.52269000e-04
1.925770     1.72446000e-04
1.926412     1.40230000e-04
1.927054     2.80265000e-04
1.927696     1.33831000e-04
1.928339     3.20716000e-04
1.928982     2.22343000e-04
1.929625     3.22996000e-04
1.930268     3.72905000e-05
1.930911     7.60795000e-05
1.931555     1.78807000e-04
1.932199     3.75945000e-04
1.932843     9.15378000e-05
1.933487     5.89224000e-05
1.934132     3.22178000e-04
1.934776     3.52632000e-04
1.935421     3.74961000e-04
1.936067     2.80903000e-04
1.936712     9.82938000e-05
1.937357     1.27503000e-04
1.938003     3.90228000e-05
1.938649     1.55812000e-04
1.939295     2.64280000e-04
1.939942     3.99171000e-04
1.940589     1.29362000e-04
1.941235     1.53266000e-04
1.941882     1.46921000e-04
1.942530     8.70724000e-05
1.943177     5.67096000e-05
1.943825     2.11102000e-04
1.944473     1.70123000e-04
1.945121     8.92723000e-05
1.945769     1.61970000e-04
1.946418     1.07707000e-04
1.947067     2.43361000e-04
1.947716     1.25266000e-04
1.948365     1.80828000e-04
1.949015     1.36329000e-04
1.949664     2.62789000e-04
1.950314     1.82788000e-04
1.950964     2.42186000e-04
1.951615     6.30786000e-05
1.952265     1.81468000e-04
1.952916     1.98536000e-04
1.953567     2.31688000e-04
1.954218     7.89316000e-05
1.954869     2.43463000e-04
1.955521     2.15755000e-04
1.956173     1.04959000e-04
1.956825     2.87122000e-04
1.957477     1.27684000e-04
1.958130     3.63811000e-04
1.958782     3.20536000e-04
1.959435     1.59141000e-04
1.960089     2.86078000e-04
1.960742     1.47297000e-04
1.961395     2.30814000e-04
1.962049     1.65394000e-04
1.962703     3.21115000e-04
1.963358     6.81164000e-05
1.964012     2.53028000e-04
1.964667     1.13619000e-04
1.965322     1.87062000e-04
1.965977     1.94717000e-04
1.966632     8.66478000e-05
1.967288     2.51387000e-04
1.967943     4.09196000e-05
1.968599     1.32978000e-04
1.969255     4.26104000e-04
1.969912     4.63517000e-04
1.970569     3.18716000e-04
1.971225     2.55163000e-04
1.971882     1.82232000e-04
1.972540     2.70899000e-04
1.973197     7.27430000e-05
1.973855     1.87079000e-04
1.974513     4.11893000e-04
1.975171     3.76366000e-04
1.975829     4.66304000e-04
1.976488     6.96746000e-05
1.977147     1.20783000e-04
1.977806     1.20949000e-04
1.978465     3.56074000e-04
1.979125     1.95351000e-04
1.979784     4.15139000e-04
1.980444     9.39508000e-05
1.981105     1.05129000e-04
1.981765     9.99187000e-05
1.982425     1.07511000e-04
1.983086     1.57064000e-04
1.983747     4.45745000e-04
1.984409     1.73528000e-04
1.985070     2.10453000e-04
1.985732     1.24317000e-04
1.986394     1.55045000e-04
1.987056     2.64903000e-04
1.987718     1.55059000e-04
1.988381     2.85471000e-04
1.989043     1.31988000e-04
1.989707     8.67803000e-05
1.990370     8.73603000e-05
1.991033     4.63781000e-04
1.991697     1.93025000e-04
1.992361     4.88695000e-04
1.993025     5.31863000e-04
1.993689     1.46943000e-04
1.994354     1.98572000e-04
1.995019     1.05988000e-04
1.995684     3.98094000e-04
1.996349     2.64204000e-04
1.997014     1.31134000e-04
1.997680     1.32859000e-04
1.998346     1.93121000e-04
1.999012     2.17345000e-04
1.999678     1.16091000e-04
2.000345     2.59603000e-04
2.001012     8.45973000e-05
2.001679     2.24729000e-04
2.002346     1.32350000e-04
2.003013     3.23891000e-04
2.003681     3.65268000e-04
2.004349     6.78265000e-05
2.005017     2.78220000e-04
2.005685     4.79775000e-04
2.006354     1.63351000e-04
2.007023     2.18221000e-04
2.007692     1.83091000e-04
2.008361     3.49614000e-04
2.009030     5.57996000e-04
2.009700     1.59250000e-04
2.010370     2.85014000e-04
2.011040     1.93441000e-04
2.011710     1.93534000e-04
2.012381     2.20374000e-04
2.013052     1.56451000e-04
2.013723     1.99689000e-04
2.014394     2.00151000e-04
2.015065     1.48352000e-04
2.015737     1.57942000e-04
2.016409     3.00772000e-04
2.017081     9.28327000e-05
2.017754     2.40627000e-04
2.018426     2.90885000e-04
2.019099     4.04636000e-04
2.019772     1.23858000e-04
2.020445     2.10008000e-04
2.021119     1.91451000e-04
2.021792     1.72178000e-04
2.022466     3.62894000e-04
2.023141     2.84578000e-04
2.023815     4.37971000e-04
2.024490     2.28367000e-04
2.025164     4.11872000e-04
2.025839     1.75760000e-04
2.026515     3.08461000e-04
2.027190     2.36935000e-04
2.027866     1.14161000e-04
2.028542     4.05962000e-04
2.029218     7.23278000e-05
2.029894     1.77680000e-04
2.030571     1.40046000e-04
2.031248     1.33000000e-04
2.031925     1.74084000e-04
2.032602     3.46392000e-04
2.033280     4.14079000e-04
2.033958     2.26101000e-04
2.034636     2.03974000e-04
2.035314     2.74791000e-04
2.035992     2.05663000e-04
2.036671     3.79165000e-04
2.037350     1.43015000e-04
2.038029     1.80275000e-04
2.038708     2.30138000e-04
2.039388     1.75753000e-04
2.040068     1.04538000e-04
2.040748     1.48211000e-04
2.041428     1.78261000e-04
2.042108     2.28552000e-04
2.042789     5.45915000e-04
2.043470     3.35556000e-04
2.044151     2.58022000e-04
2.044833     2.99604000e-04
2.045514     2.50226000e-04
2.046196     3.05250000e-04
2.046878     2.66554000e-04
2.047560     1.67453000e-04
2.048243     5.01035000e-04
2.048926     1.61215000e-04
2.049609     3.20050000e-04
2.050292     2.27968000e-04
2.050975     2.91278000e-04
2.051659     1.96204000e-04
2.052343     4.65493000e-04
2.053027     3.82436000e-04
2.053711     3.12238000e-04
2.054396     1.94053000e-04
2.055081     3.78751000e-04
2.055766     2.58505000e-04
2.056451     3.10863000e-04
2.057136     3.19010000e-04
2.057822     3.06807000e-04
2.058508     3.22251000e-04
2.059194     3.36052000e-04
2.059881     1.68600000e-04
2.060567     4.15007000e-04
2.061254     2.70858000e-04
2.061941     3.05206000e-04
2.062629     4.80520000e-04
2.063316     4.14090000e-04
2.064004     2.22564000e-04
2.064692     4.10184000e-04
2.065380     1.65948000e-04
2.066069     2.96389000e-04
2.066757     4.18370000e-04
2.067446     3.61729000e-04
2.068135     3.97377000e-04
2.068825     1.33562000e-04
2.069514     2.29818000e-04
2.070204     3.80302000e-04
2.070894     2.96458000e-04
2.071584     4.45347000e-04
2.072275     2.89912000e-04
2.072966     3.45531000e-04
2.073657     2.28186000e-04
2.074348     2.53105000e-04
2.075039     2.38987000e-04
2.075731     1.38109000e-04
2.076423     4.52299000e-04
2.077115     2.13759000e-04
2.077808     1.72509000e-04
2.078500     4.23907000e-04
2.079193     2.26046000e-04
2.079886     4.76378000e-04
2.080579     3.40197000e-04
2.081273     3.60038000e-04
2.081967     4.04916000e-04
2.082661     3.14474000e-04
2.083355     1.72550000e-04
2.084049     3.59716000e-04
2.084744     2.33552000e-04
2.085439     3.44834000e-04
2.086134     2.77037000e-04
2.086829     2.11972000e-04
2.087525     1.70091000e-04
2.088221     3.94133000e-04
2.088917     2.56389000e-04
2.089613     4.04380000e-04
2.090310     2.24627000e-04
2.091007     2.35143000e-04
2.091704     3.06248000e-04
2.092401     5.78702000e-04
2.093098     4.38349000e-04
2.093796     3.43819000e-04
2.094494     4.69621000e-04
2.095192     3.04531000e-04
2.095890     3.57288000e-04
2.096589     5.34509000e-04
2.097288     3.47516000e-04
2.097987     2.94368000e-04
2.098686     3.04587000e-04
2.099386     2.65467000e-04
2.100086     2.14930000e-04
2.100786     4.91092000e-04
2.101486     1.27352000e-04
2.102186     2.75141000e-04
2.102887     5.70621000e-04
2.103588     4.22720000e-04
2.104289     5.06224000e-04
2.104991     3.16582000e-04
2.105692     6.79151000e-04
2.106394     5.80113000e-04
2.107096     4.73315000e-04
2.107799     3.70746000e-04
2.108501     2.68453000e-04
2.109204     2.82545000e-04
2.109907     2.01803000e-04
2.110611     2.89438000e-04
2.111314     4.99195000e-04
2.112018     3.28040000e-04
2.112722     4.82607000e-04
2.113426     6.01002000e-04
2.114131     5.42115000e-04
2.114835     4.01082000e-04
2.115540     3.73007000e-04
2.116246     4.73926000e-04
2.116951     1.84320000e-04
2.117657     4.20718000e-04
2.118362     4.76360000e-04
2.119069     2.86739000e-04
2.119775     6.41398000e-04
2.120482     3.92728000e-04
2.121188     4.56928000e-04
2.121895     2.45855000e-04
2.122603     4.35309000e-04
2.123310     4.11314000e-04
2.124018     4.34678000e-04
2.124726     3.77080000e-04
2.125434     4.28352000e-04
2.126143     2.93092000e-04
2.126851     3.74014000e-04
2.127560     2.42653000e-04
2.128270     6.46720000e-04
2.128979     3.09805000e-04
2.129689     4.81371000e-04
2.130399     3.79596000e-04
2.131109     5.57969000e-04
2.131819     3.68681000e-04
2.132530     5.19141000e-04
2.133241     4.97209000e-04
2.133952     6.39340000e-04
2.134663     4.21041000e-04
2.135374     3.38647000e-04
2.136086     4.91782000e-04
2.136798     6.92350000e-04
2.137511     4.31679000e-04
2.138223     4.80430000e-04
2.138936     6.14469000e-04
2.139649     3.29152000e-04
2.140362     4.07415000e-04
2.141075     6.45866000e-04
2.141789     3.32020000e-04
2.142503     5.23235000e-04
2.143217     6.50057000e-04
2.143932     5.71340000e-04
2.144646     5.37080000e-04
2.145361     6.49344000e-04
2.146076     5.65147000e-04
2.146792     4.94454000e-04
2.147507     4.04162000e-04
2.148223     7.27077000e-04
2.148939     5.15858000e-04
2.149655     3.74015000e-04
2.150372     3.68895000e-04
2.151089     3.83369000e-04
2.151806     4.20133000e-04
2.152523     4.54469000e-04
2.153241     4.12294000e-04
2.153958     3.28464000e-04
2.154676     4.64972000e-04
2.155395     3.81890000e-04
2.156113     4.19642000e-04
2.156832     2.60466000e-04
2.157551     5.52579000e-04
2.158270     6.49163000e-04
2.158989     2.61810000e-04
2.159709     5.88985000e-04
2.160429     3.49958000e-04
2.161149     5.73033000e-04
2.161869     5.88080000e-04
2.162590     6.27303000e-04
2.163311     6.77756000e-04
2.164032     3.65057000e-04
2.164753     6.19570000e-04
2.165475     2.98851000e-04
2.166197     5.44236000e-04
2.166919     3.32841000e-04
2.167641     6.33412000e-04
2.168364     6.18409000e-04
2.169086     7.19810000e-04
2.169809     4.83984000e-04
2.170533     3.81984000e-04
2.171256     4.35727000e-04
2.171980     4.04381000e-04
2.172704     6.70150000e-04
2.173428     2.92709000e-04
2.174153     6.47472000e-04
2.174877     4.90126000e-04
2.175602     4.68295000e-04
2.176328     5.30199000e-04
2.177053     4.33460000e-04
2.177779     3.86259000e-04
2.178505     5.35757000e-04
2.179231     6.05706000e-04
2.179957     6.70821000e-04
2.180684     4.25985000e-04
2.181411     6.48707000e-04
2.182138     7.58122000e-04
2.182865     3.70290000e-04
2.183593     5.16086000e-04
2.184321     5.10160000e-04
2.185049     8.60014000e-04
2.185777     4.72142000e-04
2.186506     7.19648000e-04
2.187235     5.94113000e-04
2.187964     3.52170000e-04
2.188693     5.73235000e-04
2.189423     2.65705000e-04
2.190152     6.20617000e-04
2.190882     8.10392000e-04
2.191613     7.03298000e-04
2.192343     4.54140000e-04
2.193074     5.37600000e-04
2.193805     9.05517000e-04
2.194536     6.22488000e-04
2.195268     5.34818000e-04
2.196000     5.13977000e-04
2.196732     7.58030000e-04
2.197464     2.21503000e-04
2.198196     6.71049000e-04
2.198929     4.68909000e-04
2.199662     7.49935000e-04
2.200395     7.17471000e-04
2.201129     7.16163000e-04
2.201862     4.30890000e-04
2.202596     5.49780000e-04
2.203331     3.14247000e-04
2.204065     3.59391000e-04
2.204800     5.85163000e-04
2.205535     5.69558000e-04
2.206270     6.34777000e-04
2.207005     7.44343000e-04
2.207741     8.08609000e-04
2.208477     7.12236000e-04
2.209213     9.00206000e-04
2.209949     7.64214000e-04
2.210686     4.64885000e-04
2.211423     6.21829000e-04
2.212160     6.78008000e-04
2.212898     7.69866000e-04
2.213635     8.32541000e-04
2.214373     4.36223000e-04
2.215111     7.59968000e-04
2.215850     6.65542000e-04
2.216588     6.37030000e-04
2.217327     4.27767000e-04
2.218066     9.10845000e-04
2.218805     6.74685000e-04
2.219545     6.65804000e-04
2.220285     6.76608000e-04
2.221025     6.22413000e-04
2.221765     1.87771000e-04
2.222506     5.15445000e-04
2.223247     1.84173000e-04
2.223988     4.22099000e-04
2.224729     7.47747000e-04
2.225471     6.82549000e-04
2.226213     2.32899000e-04
2.226955     4.90265000e-04
2.227697     7.69673000e-04
2.228440     4.86645000e-04
2.229182     7.48307000e-04
2.229925     6.40396000e-04
2.230669     9.45084000e-04
2.231412     6.75220000e-04
2.232156     8.38848000e-04
2.232900     2.01900000e-04
2.233644     5.74732000e-04
2.234389     2.49273000e-04
2.235134     7.08200000e-04
2.235879     4.36367000e-04
2.236624     7.72682000e-04
2.237370     8.51463000e-04
2.238115     5.66198000e-04
2.238862     6.22614000e-04
2.239608     4.49751000e-04
2.240354     4.81488000e-04
2.241101     4.12355000e-04
2.241848     3.02302000e-04
2.242595     6.82193000e-04
2.243343     7.39354000e-04
2.244091     9.58549000e-04
2.244839     5.65651000e-04
2.245587     7.48189000e-04
2.246336     5.19436000e-04
2.247084     6.92838000e-04
2.247833     3.23618000e-04
2.248583     3.75867000e-04
2.249332     5.55771000e-04
2.250082     6.48230000e-04
2.250832     4.23703000e-04
2.251582     9.67086000e-04
2.252333     3.69194000e-04
2.253084     8.83617000e-04
2.253835     6.25353000e-04
2.254586     3.14652000e-04
2.255337     5.56732000e-04
2.256089     9.21797000e-04
2.256841     7.11358000e-04
2.257594     6.70931000e-04
2.258346     2.59968000e-04
2.259099     8.89402000e-04
2.259852     6.85289000e-04
2.260605     7.79471000e-04
2.261359     4.30218000e-04
2.262112     6.78367000e-04
2.262866     7.88155000e-04
2.263621     7.16936000e-04
2.264375     7.44103000e-04
2.265130     9.60880000e-04
2.265885     1.02896000e-03
2.266640     7.85516000e-04
2.267396     6.23685000e-04
2.268152     8.37239000e-04
2.268908     5.75550000e-04
2.269664     1.08674000e-03
2.270421     1.36272000e-04
2.271178     5.98273000e-04
2.271935     6.28719000e-04
2.272692     6.54184000e-04
2.273449     5.33899000e-04
2.274207     7.72864000e-04
2.274965     1.02372000e-03
2.275724     9.26864000e-04
2.276482     8.87698000e-04
2.277241     7.17173000e-04
2.278000     7.65643000e-04
2.278759     8.95848000e-04
2.279519     8.72573000e-04
2.280279     6.31015000e-04
2.281039     2.41760000e-04
2.281799     6.11958000e-04
2.282560     5.78006000e-04
2.283321     3.05783000e-04
2.284082     6.40601000e-04
2.284843     7.93829000e-04
2.285605     9.66903000e-04
2.286367     6.30989000e-04
2.287129     6.91991000e-04
2.287891     6.42001000e-04
2.288654     1.94073000e-04
2.289417     7.20258000e-04
2.290180     3.88371000e-04
2.290943     1.00130000e-03
2.291707     6.03153000e-04
2.292471     1.02809000e-03
2.293235     7.32991000e-04
2.293999     5.70794000e-04
2.294764     7.66018000e-04
2.295529     7.55601000e-04
2.296294     3.20626000e-04
2.297060     9.77971000e-04
2.297825     7.14907000e-04
2.298591     8.41189000e-04
2.299357     8.06746000e-04
2.300124     7.30024000e-04
2.300891     7.45593000e-04
2.301658     4.78700000e-04
2.302425     7.97518000e-04
2.303192     5.72930000e-04
2.303960     6.59533000e-04
2.304728     3.87657000e-04
2.305496     2.87516000e-04
2.306265     9.11495000e-04
2.307033     9.00382000e-04
2.307802     4.63478000e-04
2.308572     8.91236000e-04
2.309341     9.08844000e-04
2.310111     6.15132000e-04
2.310881     9.54560000e-04
2.311651     1.55610000e-04
2.312422     6.31196000e-04
2.313193     7.33027000e-04
2.313964     3.73586000e-04
2.314735     4.83119000e-04
2.315507     8.00906000e-04
2.316279     3.41237000e-04
2.317051     4.35664000e-04
2.317823     5.37659000e-04
2.318596     6.31085000e-04
2.319368     6.00177000e-04
2.320142     8.60621000e-04
2.320915     8.42615000e-04
2.321689     8.66666000e-04
2.322462     3.82549000e-04
2.323237     7.43699000e-04
2.324011     2.44382000e-04
2.324786     8.19047000e-04
2.325561     6.88150000e-04
2.326336     4.53012000e-04
2.327111     4.54670000e-04
2.327887     3.79768000e-04
2.328663     4.04145000e-04
2.329439     9.03179000e-04
2.330216     5.91531000e-04
2.330992     5.98266000e-04
2.331769     6.75726000e-04
2.332547     6.11781000e-04
2.333324     7.02043000e-04
2.334102     1.00174000e-03
2.334880     4.02268000e-04
2.335658     3.25875000e-04
2.336437     9.47399000e-04
2.337216     4.38741000e-04
2.337995     6.98244000e-04
2.338774     3.64183000e-04
2.339554     8.34420000e-04
2.340333     7.09826000e-04
2.341114     6.18162000e-04
2.341894     3.21351000e-04
2.342675     6.93862000e-04
2.343455     6.54149000e-04
2.344237     6.98128000e-04
2.345018     4.34784000e-04
2.345800     1.28502000e-03
2.346582     9.70205000e-04
2.347364     8.72682000e-04
2.348146     4.72922000e-04
2.348929     1.18570000e-03
2.349712     1.18966000e-04
2.350495     1.16056000e-03
2.351279     2.40731000e-04
2.352062     2.75860000e-04
2.352846     3.97469000e-04
2.353631     6.92234000e-04
2.354415     6.40531000e-04
2.355200     4.77116000e-04
2.355985     8.01633000e-04
2.356771     5.41554000e-04
2.357556     1.06379000e-03
2.358342     8.17957000e-04
2.359128     2.57272000e-04
2.359914     1.99019000e-04
2.360701     7.11588000e-04
2.361488     9.30503000e-04
2.362275     6.56934000e-04
2.363063     4.08751000e-04
2.363850     9.75159000e-04
2.364638     7.28609000e-04
2.365426     2.00721000e-04
2.366215     9.66496000e-04
2.367004     9.09305000e-04
2.367793     2.22548000e-04
2.368582     1.10101000e-03
2.369371     7.71483000e-04
2.370161     5.66756000e-04
2.370951     7.91747000e-04
2.371742     5.67748000e-04
2.372532     8.44359000e-04
2.373323     3.56080000e-04
2.374114     1.16400000e-03
2.374906     3.45817000e-04
2.375697     2.07705000e-04
2.376489     5.17557000e-04
2.377281     8.05155000e-04
2.378074     4.05728000e-04
2.378866     6.06259000e-04
2.379659     3.42460000e-04
2.380452     7.39394000e-04
2.381246     1.53818000e-04
2.382040     2.22815000e-04
2.382834     6.71260000e-04
2.383628     5.24379000e-04
2.384423     2.09621000e-04
2.385217     8.22442000e-04
2.386012     7.47357000e-04
2.386808     1.64643000e-04
2.387603     2.48655000e-04
2.388399     3.16036000e-04
2.389195     7.75944000e-04
2.389992     6.10568000e-04
2.390788     5.01941000e-04
2.391585     4.66496000e-04
2.392383     1.90656000e-04
2.393180     4.86707000e-04
2.393978     1.04955000e-03
2.394776     1.84850000e-04
2.395574     7.53879000e-04
2.396373     1.73689000e-04
2.397171     3.02287000e-04
2.397970     3.64982000e-04
2.398770     2.02137000e-04
2.399569     3.94576000e-04
2.400369     3.01380000e-04
2.401169     5.03461000e-04
2.401970     1.13280000e-03
2.402770     5.18412000e-04
2.403571     4.99858000e-04
2.404372     5.39644000e-04
2.405174     6.52625000e-04
2.405976     9.58390000e-04
2.406778     9.85130000e-04
2.407580     9.21132000e-04
2.408382     7.33970000e-04
2.409185     8.47543000e-04
2.409988     2.45568000e-04
2.410792     1.80640000e-04
2.411595     3.02909000e-04
2.412399     5.32749000e-04
2.413203     4.09581000e-04
2.414008     4.78905000e-04
2.414812     5.16839000e-04
2.415617     9.13074000e-04
2.416422     9.84991000e-04
2.417228     1.16022000e-03
2.418034     2.63806000e-04
2.418840     2.25811000e-04
2.419646     2.09869000e-04
2.420452     8.07287000e-04
2.421259     7.08398000e-04
2.422066     1.79304000e-04
2.422874     7.02612000e-04
2.423681     5.87033000e-04
2.424489     3.88397000e-04
2.425297     1.07057000e-03
2.426106     9.15869000e-04
2.426915     4.10782000e-04
2.427723     5.57863000e-04
2.428533     3.36670000e-04
2.429342     6.58616000e-04
2.430152     2.36498000e-04
2.430962     8.25520000e-04
2.431772     9.77832000e-04
2.432583     1.13968000e-03
2.433394     3.36993000e-04
2.434205     1.52760000e-04
2.435016     5.05324000e-04
2.435828     6.66564000e-04
2.436640     5.70781000e-04
2.437452     2.06448000e-04
2.438265     3.94515000e-04
2.439077     2.51313000e-04
2.439890     4.78921000e-04
2.440704     4.25778000e-04
2.441517     4.24133000e-04
2.442331     3.59149000e-04
2.443145     3.37272000e-04
2.443960     5.11687000e-04
2.444774     3.43759000e-04
2.445589     2.49674000e-04
2.446404     2.00201000e-04
2.447220     2.19762000e-04
2.448036     5.66848000e-04
2.448852     5.48585000e-04
2.449668     2.47330000e-04
2.450484     1.95694000e-04
2.451301     3.93922000e-04
2.452118     3.74524000e-04
2.452936     2.64158000e-04
2.453753     4.00573000e-04
2.454571     3.36165000e-04
2.455390     6.69707000e-04
2.456208     3.62440000e-04
2.457027     5.56231000e-04
2.457846     3.57561000e-04
2.458665     5.67044000e-04
2.459485     1.48698000e-04
2.460304     4.88693000e-04
2.461125     5.78700000e-04
2.461945     3.83442000e-04
2.462766     4.40699000e-04
2.463586     5.04892000e-04
2.464408     2.43043000e-04
2.465229     5.57513000e-04
2.466051     4.70337000e-04
2.466873     8.40863000e-04
2.467695     4.04082000e-04
2.468518     5.02388000e-04
2.469341     8.04003000e-04
2.470164     2.31601000e-04
2.470987     4.31578000e-04
2.471811     4.39700000e-04
2.472635     6.98552000e-04
2.473459     4.62370000e-04
2.474283     5.83887000e-04
2.475108     4.08721000e-04
2.475933     2.68970000e-04
2.476758     7.06013000e-04
2.477584     4.54729000e-04
2.478410     3.60421000e-04
2.479236     3.33040000e-04
2.480062     3.71440000e-04
2.480889     7.50532000e-04
2.481716     3.09813000e-04
2.482543     2.64817000e-04
2.483371     1.30172000e-04
2.484199     6.80708000e-04
2.485027     4.17946000e-04
2.485855     4.38411000e-04
2.486684     2.19356000e-04
2.487513     3.79372000e-04
2.488342     5.80469000e-04
2.489171     8.21166000e-04
2.490001     4.56338000e-04
2.490831     7.34462000e-04
2.491661     5.77811000e-04
2.492492     5.70080000e-04
2.493323     2.73950000e-04
2.494154     6.58658000e-04
2.494985     5.79036000e-04
2.495817     1.43815000e-04
2.496649     6.28656000e-04
2.497481     7.36236000e-04
2.498313     5.58055000e-04
2.499146     6.19526000e-04
2.499979     8.33625000e-04
2.500813     3.77890000e-04
2.501646     3.73996000e-04
2.502480     3.72011000e-04
2.503314     6.94820000e-04
2.504149     4.40406000e-04
2.504983     5.82675000e-04
2.505818     1.53968000e-04
2.506654     3.39603000e-04
2.507489     4.49744000e-04
2.508325     8.30117000e-04
2.509161     3.59155000e-04
2.509998     6.16220000e-04
2.510834     1.51355000e-04
2.511671     7.45000000e-04
2.512508     5.47485000e-04
2.513346     5.37595000e-04
2.514184     2.00970000e-04
2.515022     5.78898000e-04
2.515860     2.01931000e-04
2.516699     5.34588000e-04
2.517538     1.40959000e-04
2.518377     6.37117000e-04
2.519216     3.82423000e-04
2.520056     8.59843000e-04
2.520896     3.36907000e-04
2.521736     4.20789000e-04
2.522577     5.43932000e-04
2.523418     2.63324000e-04
2.524259     2.84452000e-04
2.525100     5.08797000e-04
2.525942     6.15288000e-04
2.526784     5.54056000e-04
2.527626     2.77191000e-04
2.528469     2.54811000e-04
2.529312     3.00933000e-04
2.530155     1.68790000e-04
2.530998     6.20561000e-04
2.531842     4.72682000e-04
2.532686     3.43883000e-04
2.533530     6.60234000e-04
2.534374     4.61458000e-04
2.535219     2.51096000e-04
2.536064     6.57690000e-04
2.536910     6.27651000e-04
2.537755     3.30304000e-04
2.538601     5.53296000e-04
2.539447     5.04065000e-04
2.540294     4.74454000e-04
2.541141     1.79478000e-04
2.541988     5.60272000e-04
2.542835     3.15502000e-04
2.543683     2.19725000e-04
2.544530     2.17471000e-04
2.545379     5.55055000e-04
2.546227     4.10072000e-04
2.547076     1.50514000e-04
2.547925     7.35643000e-04
2.548774     1.54580000e-04
2.549624     5.31325000e-04
2.550474     3.39608000e-04
2.551324     6.00322000e-04
2.552174     5.46208000e-04
2.553025     6.20221000e-04
2.553876     4.06334000e-04
2.554727     2.87216000e-04
2.555579     2.16447000e-04
2.556431     2.61648000e-04
2.557283     5.36198000e-04
2.558135     2.52424000e-04
2.558988     3.06549000e-04
2.559841     2.44022000e-04
2.560694     6.90878000e-04
2.561548     4.38680000e-04
2.562402     4.19736000e-04
2.563256     3.76601000e-04
2.564110     4.08849000e-04
2.564965     3.95887000e-04
2.565820     5.72358000e-04
2.566675     5.61028000e-04
2.567531     7.35817000e-04
2.568387     4.38995000e-04
2.569243     3.48213000e-04
2.570099     6.02485000e-04
2.570956     3.35221000e-04
2.571813     9.86790000e-04
2.572670     2.33385000e-04
2.573528     4.80903000e-04
2.574386     8.44217000e-04
2.575244     5.43270000e-04
2.576102     6.22493000e-04
2.576961     7.34692000e-04
2.577820     4.03336000e-04
2.578679     4.96870000e-04
2.579539     2.78695000e-04
2.580398     3.51204000e-04
2.581259     4.55026000e-04
2.582119     6.05352000e-04
2.582980     1.50351000e-04
2.583841     2.38482000e-04
2.584702     2.97461000e-04
2.585564     3.06577000e-04
2.586425     4.10251000e-04
2.587288     3.40093000e-04
2.588150     1.71322000e-04
2.589013     1.73531000e-04
2.589876     3.49706000e-04
2.590739     5.25007000e-04
2.591603     4.63642000e-04
2.592466     3.93523000e-04
2.593331     2.17452000e-04
2.594195     7.73981000e-04
2.595060     2.51568000e-04
2.595925     3.01892000e-04
2.596790     5.73250000e-04
2.597656     1.98170000e-04
2.598522     2.46588000e-04
2.599388     2.43365000e-04
2.600254     8.24424000e-04
2.601121     5.23356000e-04
2.601988     8.05692000e-04
2.602855     4.88633000e-04
2.603723     3.84124000e-04
2.604591     4.35658000e-04
2.605459     4.59062000e-04
2.606328     5.85798000e-04
2.607196     4.95435000e-04
2.608065     4.98087000e-04
2.608935     5.13693000e-04
2.609804     1.54341000e-04
2.610674     4.62621000e-04
2.611545     3.23821000e-04
2.612415     4.16154000e-04
2.613286     2.88794000e-04
2.614157     4.00579000e-04
2.615028     5.97926000e-04
2.615900     4.84821000e-04
2.616772     3.53404000e-04
2.617644     3.95582000e-04
2.618517     3.50168000e-04
2.619390     5.27814000e-04
2.620263     4.93210000e-04
2.621136     3.88620000e-04
2.622010     4.57330000e-04
2.622884     5.08532000e-04
2.623758     7.12744000e-04
2.624633     4.15978000e-04
2.625508     2.71606000e-04
2.626383     2.59774000e-04
2.627258     2.52982000e-04
2.628134     6.21700000e-04
2.629010     2.67749000e-04
2.629886     8.01833000e-04
2.630763     4.74981000e-04
2.631640     3.03704000e-04
2.632517     4.38364000e-04
2.633395     4.36037000e-04
2.634272     2.41631000e-04
2.635151     4.03918000e-04
2.636029     4.09846000e-04
2.636908     2.93435000e-04
2.637787     3.99500000e-04
2.638666     3.15981000e-04
2.639545     6.60454000e-04
2.640425     5.50208000e-04
2.641305     5.85379000e-04
2.642186     6.53724000e-04
2.643067     5.78756000e-04
2.643948     5.17114000e-04
2.644829     3.76626000e-04
2.645711     6.28131000e-04
2.646592     8.56597000e-04
2.647475     4.38423000e-04
2.648357     4.34967000e-04
2.649240     6.27260000e-04
2.650123     7.84413000e-04
2.651006     6.35844000e-04
2.651890     4.67438000e-04
2.652774     4.45495000e-04
2.653658     3.83435000e-04
2.654543     2.43735000e-04
2.655428     3.31654000e-04
2.656313     2.13733000e-04
2.657198     5.52797000e-04
2.658084     4.72641000e-04
2.658970     4.93158000e-04
2.659856     4.26677000e-04
2.660743     4.73482000e-04
2.661630     6.76066000e-04
2.662517     7.38661000e-04
2.663405     5.34033000e-04
2.664292     5.17777000e-04
2.665180     3.26400000e-04
2.666069     2.03852000e-04
2.666958     1.72876000e-04
2.667847     5.41717000e-04
2.668736     3.59994000e-04
2.669625     4.72530000e-04
2.670515     3.51587000e-04
2.671405     3.47522000e-04
2.672296     2.53597000e-04
2.673187     2.14548000e-04
2.674078     4.48242000e-04
2.674969     4.40553000e-04
2.675861     4.00810000e-04
2.676753     5.67794000e-04
2.677645     1.74897000e-04
2.678537     3.82189000e-04
2.679430     1.81188000e-04
2.680323     6.13408000e-04
2.681217     5.01778000e-04
2.682111     1.93597000e-04
2.683005     3.67043000e-04
2.683899     3.35133000e-04
2.684794     2.93105000e-04
2.685689     5.35845000e-04
2.686584     2.02541000e-04
2.687479     5.00332000e-04
2.688375     4.36840000e-04
2.689271     4.80371000e-04
2.690168     5.02874000e-04
2.691064     2.02765000e-04
2.691961     2.91613000e-04
2.692859     4.43375000e-04
2.693756     4.17726000e-04
2.694654     5.55013000e-04
2.695553     2.90902000e-04
2.696451     2.01737000e-04
2.697350     5.26531000e-04
2.698249     3.45352000e-04
2.699148     4.16082000e-04
2.700048     2.65655000e-04
2.700948     4.34769000e-04
2.701848     2.24381000e-04
2.702749     4.19151000e-04
2.703650     2.73104000e-04
2.704551     2.86796000e-04
2.705453     3.25015000e-04
2.706355     3.42622000e-04
2.707257     1.93657000e-04
2.708159     5.02641000e-04
2.709062     1.75958000e-04
2.709965     3.47335000e-04
2.710868     4.42081000e-04
2.711772     2.76306000e-04
2.712676     5.04114000e-04
2.713580     3.77915000e-04
2.714484     2.59628000e-04
2.715389     6.48488000e-04
2.716294     3.78136000e-04
2.717200     5.16420000e-04
2.718106     3.42490000e-04
2.719012     4.45705000e-04
2.719918     3.73268000e-04
2.720825     4.02612000e-04
2.721732     5.31075000e-04
2.722639     3.46738000e-04
2.723546     4.73307000e-04
2.724454     4.26457000e-04
2.725362     5.26276000e-04
2.726271     5.58747000e-04
2.727180     4.48675000e-04
2.728089     2.74034000e-04
2.728998     3.56689000e-04
2.729908     4.13927000e-04
2.730818     2.31369000e-04
2.731728     2.78595000e-04
2.732638     4.82952000e-04
2.733549     4.88344000e-04
2.734460     4.37104000e-04
2.735372     3.27673000e-04
2.736284     3.37025000e-04
2.737196     6.77177000e-04
2.738108     4.13988000e-04
2.739021     2.43124000e-04
2.739934     2.30288000e-04
2.740847     2.73315000e-04
2.741761     5.31595000e-04
2.742675     3.86262000e-04
2.743589     5.44433000e-04
2.744504     3.58479000e-04
2.745418     5.62181000e-04
2.746334     4.58614000e-04
2.747249     5.73925000e-04
2.748165     3.33615000e-04
2.749081     3.88777000e-04
2.749997     2.73628000e-04
2.750914     3.76677000e-04
2.751831     4.85791000e-04
2.752748     3.24675000e-04
2.753666     3.59911000e-04
2.754584     4.55292000e-04
2.755502     4.15849000e-04
2.756420     4.70243000e-04
2.757339     5.74150000e-04
2.758258     4.28292000e-04
2.759178     5.76905000e-04
2.760097     3.44531000e-04
2.761017     3.07828000e-04
2.761938     4.47573000e-04
2.762858     3.66937000e-04
2.763779     2.58536000e-04
2.764701     2.31981000e-04
2.765622     1.93010000e-04
2.766544     4.50186000e-04
2.767466     4.33239000e-04
2.768389     4.34656000e-04
2.769311     3.52147000e-04
2.770235     2.41795000e-04
2.771158     5.22836000e-04
2.772082     2.42945000e-04
2.773006     4.08691000e-04
2.773930     4.19725000e-04
2.774855     4.31520000e-04
2.775780     4.01087000e-04
2.776705     4.34357000e-04
2.777630     2.68390000e-04
2.778556     2.50369000e-04
2.779483     5.82814000e-04
2.780409     3.86552000e-04
2.781336     4.97028000e-04
2.782263     6.49238000e-04
2.783190     3.00682000e-04
2.784118     3.95747000e-04
2.785046     3.38700000e-04
2.785974     4.48818000e-04
2.786903     7.19649000e-04
2.787832     4.38241000e-04
2.788761     7.00579000e-04
2.789691     5.16721000e-04
2.790621     5.71208000e-04
2.791551     6.36168000e-04
2.792482     2.11271000e-04
2.793412     3.65647000e-04
2.794344     2.24517000e-04
2.795275     5.47028000e-04
2.796207     5.62181000e-04
2.797139     5.15210000e-04
2.798071     2.17907000e-04
2.799004     2.39711000e-04
2.799937     8.00637000e-04
2.800870     2.20302000e-04
2.801804     4.27361000e-04
2.802738     2.51936000e-04
2.803672     3.04713000e-04
2.804607     6.70267000e-04
2.805541     4.10115000e-04
2.806477     2.59312000e-04
2.807412     3.88553000e-04
2.808348     3.59219000e-04
2.809284     4.26048000e-04
2.810220     2.70612000e-04
2.811157     5.09466000e-04
2.812094     5.05622000e-04
2.813032     2.24075000e-04
2.813969     2.85227000e-04
2.814907     4.28285000e-04
2.815846     7.58330000e-04
2.816784     4.20365000e-04
2.817723     6.48199000e-04
2.818662     5.26293000e-04
2.819602     7.37346000e-04
2.820542     6.06882000e-04
2.821482     4.12049000e-04
2.822422     2.86717000e-04
2.823363     4.17082000e-04
2.824304     2.71291000e-04
2.825246     2.96376000e-04
2.826188     2.26629000e-04
2.827130     2.16584000e-04
2.828072     4.53204000e-04
2.829015     1.01995000e-03
2.829958     5.58979000e-04
2.830901     4.95190000e-04
2.831845     3.58872000e-04
2.832789     2.87275000e-04
2.833733     5.73118000e-04
2.834677     5.51429000e-04
2.835622     2.39481000e-04
2.836568     5.60779000e-04
2.837513     3.41726000e-04
2.838459     4.04988000e-04
2.839405     7.03275000e-04
2.840352     5.57229000e-04
2.841298     5.36461000e-04
2.842245     3.87889000e-04
2.843193     3.03158000e-04
2.844141     9.37808000e-04
2.845089     3.06066000e-04
2.846037     6.67103000e-04
2.846986     4.06395000e-04
2.847935     4.76349000e-04
2.848884     4.54938000e-04
2.849834     3.80096000e-04
2.850784     2.61436000e-04
2.851734     4.81423000e-04
2.852684     6.28162000e-04
2.853635     3.01621000e-04
2.854586     3.31101000e-04
2.855538     5.14602000e-04
2.856490     6.41992000e-04
2.857442     5.14910000e-04
2.858394     4.19679000e-04
2.859347     5.66227000e-04
2.860300     5.53054000e-04
2.861254     6.77235000e-04
2.862208     4.52141000e-04
2.863162     4.34945000e-04
2.864116     4.35536000e-04
2.865071     6.81560000e-04
2.866026     5.38246000e-04
2.866981     4.65855000e-04
2.867937     4.69478000e-04
2.868893     4.13211000e-04
2.869849     5.91575000e-04
2.870806     7.18295000e-04
2.871763     3.54280000e-04
2.872720     7.63782000e-04
2.873677     6.37463000e-04
2.874635     2.38915000e-04
2.875594     7.28522000e-04
2.876552     6.51754000e-04
2.877511     3.31569000e-04
2.878470     4.76153000e-04
2.879430     3.98318000e-04
2.880389     5.28879000e-04
2.881350     4.36449000e-04
2.882310     8.10915000e-04
2.883271     4.55547000e-04
2.884232     3.01363000e-04
2.885193     2.84179000e-04
2.886155     4.44039000e-04
2.887117     6.71593000e-04
2.888079     2.92856000e-04
2.889042     2.77792000e-04
2.890005     3.03827000e-04
2.890968     5.70558000e-04
2.891932     6.25079000e-04
2.892896     2.96319000e-04
2.893860     3.06480000e-04
2.894825     4.07060000e-04
2.895790     4.12898000e-04
2.896755     4.82600000e-04
2.897721     7.19139000e-04
2.898687     4.55910000e-04
2.899653     2.33657000e-04
2.900619     3.96150000e-04
2.901586     7.85218000e-04
2.902554     2.83629000e-04
2.903521     8.01642000e-04
2.904489     6.45499000e-04
2.905457     4.68426000e-04
2.906426     5.99757000e-04
2.907394     4.95912000e-04
2.908363     5.55083000e-04
2.909333     6.01414000e-04
2.910303     3.94406000e-04
2.911273     4.98376000e-04
2.912243     4.57398000e-04
2.913214     9.57331000e-04
2.914185     5.44433000e-04
2.915156     4.75594000e-04
2.916128     6.80922000e-04
2.917100     3.63006000e-04
2.918073     7.03326000e-04
2.919045     7.51450000e-04
2.920018     6.87433000e-04
2.920992     5.82939000e-04
2.921965     2.77143000e-04
2.922939     3.88890000e-04
2.923914     5.46701000e-04
2.924888     5.38895000e-04
2.925863     3.58845000e-04
2.926838     8.76367000e-04
2.927814     2.49874000e-04
2.928790     5.35527000e-04
2.929766     3.47599000e-04
2.930743     5.56089000e-04
2.931720     6.03779000e-04
2.932697     4.48991000e-04
2.933675     7.80208000e-04
2.934652     3.75147000e-04
2.935631     5.26487000e-04
2.936609     5.67815000e-04
2.937588     2.87693000e-04
2.938567     6.86507000e-04
2.939547     6.28432000e-04
2.940527     4.84465000e-04
2.941507     6.25565000e-04
2.942487     4.57566000e-04
2.943468     3.11488000e-04
2.944449     6.53299000e-04
2.945431     7.64438000e-04
2.946413     5.43017000e-04
2.947395     5.23401000e-04
2.948377     3.32274000e-04
2.949360     6.46278000e-04
2.950343     6.93085000e-04
2.951327     6.68437000e-04
2.952310     7.19229000e-04
2.953294     7.57986000e-04
2.954279     4.52814000e-04
2.955264     4.19344000e-04
2.956249     3.69194000e-04
2.957234     4.30057000e-04
2.958220     7.59516000e-04
2.959206     6.84918000e-04
2.960192     6.73326000e-04
2.961179     2.64809000e-04
2.962166     5.93815000e-04
2.963154     5.64726000e-04
2.964141     5.60269000e-04
2.965129     9.86380000e-04
2.966118     6.85083000e-04
2.967106     3.74328000e-04
2.968095     2.97515000e-04
2.969085     8.05839000e-04
2.970075     8.83409000e-04
2.971065     5.69454000e-04
2.972055     3.84607000e-04
2.973046     4.70496000e-04
2.974037     4.58899000e-04
2.975028     4.06154000e-04
2.976020     4.22950000e-04
2.977012     7.45787000e-04
2.978004     3.59935000e-04
2.978997     5.01065000e-04
2.979990     2.83727000e-04
2.980983     5.07731000e-04
2.981977     8.63415000e-04
2.982971     8.14256000e-04
2.983965     3.90225000e-04
2.984960     6.49247000e-04
2.985955     6.62108000e-04
2.986950     4.77070000e-04
2.987946     3.14814000e-04
2.988942     5.27515000e-04
2.989938     5.16252000e-04
2.990934     7.16716000e-04
2.991931     5.46146000e-04
2.992929     6.19655000e-04
2.993926     7.83490000e-04
2.994924     3.46002000e-04
2.995923     6.38095000e-04
2.996921     1.05386000e-03
2.997920     7.75857000e-04
2.998920     6.24199000e-04
2.999919     1.18777000e-03
3.000919     7.20062000e-04
3.001920     3.64403000e-04
3.002920     8.24200000e-04
3.003921     7.87153000e-04
3.004922     5.18650000e-04
3.005924     8.64087000e-04
3.006926     3.10674000e-04
3.007928     3.14100000e-04
3.008931     5.58320000e-04
3.009934     4.53866000e-04
3.010937     3.82154000e-04
3.011941     4.44923000e-04
3.012945     4.04303000e-04
3.013949     4.83384000e-04
3.014954     4.49640000e-04
3.015959     9.71521000e-04
3.016964     5.55117000e-04
3.017970     4.63611000e-04
3.018976     4.40260000e-04
3.019982     8.70236000e-04
3.020989     6.77083000e-04
3.021996     1.04676000e-03
3.023003     1.22562000e-03
3.024011     6.75328000e-04
3.025019     3.36448000e-04
3.026027     5.12917000e-04
3.027036     4.18833000e-04
3.028045     4.89123000e-04
3.029054     1.03290000e-03
3.030064     4.86038000e-04
3.031074     4.57098000e-04
3.032084     8.43047000e-04
3.033095     7.31113000e-04
3.034106     5.86317000e-04
3.035117     5.33687000e-04
3.036129     4.23423000e-04
3.037141     7.77444000e-04
3.038154     6.98090000e-04
3.039166     4.46886000e-04
3.040179     5.21587000e-04
3.041193     4.69784000e-04
3.042206     6.53764000e-04
3.043220     7.43502000e-04
3.044235     4.86016000e-04
3.045250     5.00253000e-04
3.046265     6.40705000e-04
3.047280     8.66914000e-04
3.048296     5.35215000e-04
3.049312     5.46231000e-04
3.050328     9.35579000e-04
3.051345     3.21647000e-04
3.052362     7.39429000e-04
3.053380     7.97330000e-04
3.054398     5.08595000e-04
3.055416     8.66678000e-04
3.056434     1.12008000e-03
3.057453     1.27816000e-03
3.058472     5.46377000e-04
3.059492     1.08249000e-03
3.060511     5.76275000e-04
3.061532     9.05441000e-04
3.062552     6.85976000e-04
3.063573     5.32624000e-04
3.064594     5.00341000e-04
3.065616     7.61793000e-04
3.066638     9.95826000e-04
3.067660     6.50690000e-04
3.068682     4.49311000e-04
3.069705     6.04562000e-04
3.070728     5.12078000e-04
3.071752     5.33060000e-04
3.072776     8.60526000e-04
3.073800     5.65405000e-04
3.074825     5.63764000e-04
3.075850     1.08024000e-03
3.076875     7.49810000e-04
3.077901     4.27532000e-04
3.078927     7.19341000e-04
3.079953     1.28924000e-03
3.080980     8.64367000e-04
3.082007     3.54926000e-04
3.083034     9.32671000e-04
3.084062     7.99436000e-04
3.085090     5.22694000e-04
3.086118     8.14724000e-04
3.087147     6.45202000e-04
3.088176     7.83852000e-04
3.089205     5.93779000e-04
3.090235     8.31188000e-04
3.091265     8.13959000e-04
3.092295     1.16387000e-03
3.093326     3.42640000e-04
3.094357     6.35556000e-04
3.095389     1.09997000e-03
3.096420     1.06880000e-03
3.097453     4.18663000e-04
3.098485     8.83374000e-04
3.099518     8.84822000e-04
3.100551     7.51207000e-04
3.101585     6.16110000e-04
3.102619     4.34294000e-04
3.103653     6.05862000e-04
3.104687     8.76504000e-04
3.105722     1.01528000e-03
3.106757     6.60676000e-04
3.107793     7.14990000e-04
3.108829     4.85314000e-04
3.109865     5.16702000e-04
3.110902     6.52373000e-04
3.111939     5.63780000e-04
3.112976     5.39038000e-04
3.114014     1.04040000e-03
3.115052     4.16664000e-04
3.116090     5.25698000e-04
3.117129     1.20623000e-03
3.118168     6.14978000e-04
3.119207     4.19787000e-04
3.120247     1.30615000e-03
3.121287     4.90296000e-04
3.122327     6.55729000e-04
3.123368     7.49238000e-04
3.124409     6.15587000e-04
3.125451     1.30546000e-03
3.126493     1.04780000e-03
3.127535     8.44087000e-04
3.128577     7.91810000e-04
3.129620     7.85188000e-04
3.130663     8.21979000e-04
3.131707     9.68887000e-04
3.132751     3.86618000e-04
3.133795     8.98548000e-04
3.134840     6.47677000e-04
3.135885     1.03793000e-03
3.136930     1.18044000e-03
3.137976     5.62890000e-04
3.139022     1.11761000e-03
3.140068     1.07613000e-03
3.141115     5.96361000e-04
3.142162     5.45018000e-04
3.143209     5.57717000e-04
3.144257     3.90823000e-04
3.145305     9.31875000e-04
3.146353     7.47935000e-04
3.147402     9.27481000e-04
3.148451     5.02715000e-04
3.149501     1.06492000e-03
3.150551     7.77490000e-04
3.151601     5.08197000e-04
3.152651     6.46691000e-04
3.153702     6.82172000e-04
3.154753     4.41785000e-04
3.155805     7.75208000e-04
3.156857     7.73149000e-04
3.157909     9.79426000e-04
3.158962     8.99917000e-04
3.160015     5.62503000e-04
3.161068     9.25346000e-04
3.162122     8.80237000e-04
3.163176     7.74145000e-04
3.164230     8.84093000e-04
3.165285     7.85874000e-04
3.166340     5.81174000e-04
3.167396     6.71994000e-04
3.168451     4.95775000e-04
3.169507     8.87496000e-04
3.170564     8.53139000e-04
3.171621     6.38967000e-04
3.172678     8.19143000e-04
3.173736     7.12501000e-04
3.174794     9.86847000e-04
3.175852     6.18872000e-04
3.176910     5.59386000e-04
3.177969     7.92751000e-04
3.179029     4.79353000e-04
3.180088     7.32569000e-04
3.181148     6.81438000e-04
3.182209     8.85343000e-04
3.183270     1.00742000e-03
3.184331     1.03683000e-03
3.185392     9.26806000e-04
3.186454     6.77728000e-04
3.187516     6.50636000e-04
3.188579     7.28139000e-04
3.189641     8.93673000e-04
3.190705     8.46770000e-04
3.191768     4.10836000e-04
3.192832     6.87260000e-04
3.193896     4.70542000e-04
3.194961     4.09130000e-04
3.196026     9.34985000e-04
3.197091     5.13529000e-04
3.198157     4.70271000e-04
3.199223     7.56767000e-04
3.200289     5.52209000e-04
3.201356     9.66833000e-04
3.202423     5.32376000e-04
3.203491     4.19495000e-04
3.204559     7.01916000e-04
3.205627     1.20772000e-03
3.206695     1.39916000e-03
3.207764     6.35101000e-04
3.208834     9.05017000e-04
3.209903     6.89452000e-04
3.210973     9.38985000e-04
3.212043     6.44965000e-04
3.213114     5.87348000e-04
3.214185     8.94051000e-04
3.215257     7.08941000e-04
3.216328     1.09547000e-03
3.217400     8.12656000e-04
3.218473     7.24026000e-04
3.219546     1.20715000e-03
3.220619     4.44154000e-04
3.221692     8.93858000e-04
3.222766     6.81677000e-04
3.223841     4.69306000e-04
3.224915     8.12733000e-04
3.225990     7.00093000e-04
3.227066     8.16777000e-04
3.228141     7.76407000e-04
3.229217     7.37943000e-04
3.230294     1.19813000e-03
3.231370     1.52505000e-03
3.232448     5.21966000e-04
3.233525     1.13080000e-03
3.234603     1.07091000e-03
3.235681     1.25251000e-03
3.236760     8.25407000e-04
3.237839     7.69462000e-04
3.238918     1.29118000e-03
3.239997     5.88651000e-04
3.241077     8.82393000e-04
3.242158     7.98109000e-04
3.243239     1.25209000e-03
3.244320     5.82033000e-04
3.245401     9.27406000e-04
3.246483     7.59552000e-04
3.247565     1.07393000e-03
3.248648     5.91292000e-04
3.249730     8.46207000e-04
3.250814     8.46773000e-04
3.251897     1.16977000e-03
3.252981     1.53695000e-03
3.254066     1.07409000e-03
3.255150     1.25582000e-03
3.256235     1.31178000e-03
3.257321     1.03864000e-03
3.258406     1.11122000e-03
3.259493     8.90361000e-04
3.260579     1.32171000e-03
3.261666     7.07370000e-04
3.262753     1.44485000e-03
3.263841     1.29091000e-03
3.264929     7.00239000e-04
3.266017     6.52121000e-04
3.267106     1.13570000e-03
3.268195     6.63329000e-04
3.269284     8.26526000e-04
3.270374     8.06585000e-04
3.271464     1.29356000e-03
3.272555     8.91163000e-04
3.273645     5.25164000e-04
3.274737     6.00275000e-04
3.275828     9.42218000e-04
3.276920     1.17375000e-03
3.278012     1.09331000e-03
3.279105     6.13533000e-04
3.280198     9.12451000e-04
3.281292     1.15687000e-03
3.282385     1.18434000e-03
3.283479     1.33399000e-03
3.284574     1.03564000e-03
3.285669     1.27868000e-03
3.286764     9.13617000e-04
3.287860     8.43841000e-04
3.288956     7.71551000e-04
3.290052     1.47722000e-03
3.291149     7.49921000e-04
3.292246     1.10914000e-03
3.293343     8.28631000e-04
3.294441     8.08968000e-04
3.295539     5.73389000e-04
3.296637     8.41767000e-04
3.297736     1.43143000e-03
3.298836     9.16824000e-04
3.299935     1.39362000e-03
3.301035     1.10419000e-03
3.302135     9.71436000e-04
3.303236     5.68662000e-04
3.304337     1.07399000e-03
3.305439     1.09802000e-03
3.306541     1.05917000e-03
3.307643     1.10014000e-03
3.308745     1.13884000e-03
3.309848     8.67772000e-04
3.310951     8.54493000e-04
3.312055     1.04262000e-03
3.313159     1.33801000e-03
3.314264     1.22628000e-03
3.315368     6.61785000e-04
3.316473     1.11755000e-03
3.317579     1.29583000e-03
3.318685     1.00729000e-03
3.319791     4.78736000e-04
3.320898     1.31301000e-03
3.322005     4.11611000e-04
3.323112     1.16608000e-03
3.324220     8.31350000e-04
3.325328     1.35571000e-03
3.326436     1.09960000e-03
3.327545     1.27967000e-03
3.328654     7.28592000e-04
3.329764     1.00095000e-03
3.330874     1.32418000e-03
3.331984     1.46028000e-03
3.333095     8.51359000e-04
3.334206     1.05453000e-03
3.335317     1.26075000e-03
3.336429     1.11818000e-03
3.337541     1.12818000e-03
3.338653     1.46580000e-03
3.339766     1.12860000e-03
3.340880     9.51315000e-04
3.341993     8.84968000e-04
3.343107     9.26006000e-04
3.344222     1.21969000e-03
3.345336     1.26373000e-03
3.346451     4.30256000e-04
3.347567     1.19261000e-03
3.348683     8.31867000e-04
3.349799     9.36082000e-04
3.350916     7.88092000e-04
3.352033     9.97298000e-04
3.353150     8.99845000e-04
3.354268     6.78876000e-04
3.355386     1.09486000e-03
3.356504     8.48406000e-04
3.357623     1.54645000e-03
3.358742     1.33193000e-03
3.359862     1.43500000e-03
3.360982     9.61251000e-04
3.362102     1.09910000e-03
3.363223     9.57845000e-04
3.364344     1.82800000e-03
3.365465     1.60935000e-03
3.366587     7.99180000e-04
3.367709     9.94934000e-04
3.368832     1.40676000e-03
3.369955     1.29483000e-03
3.371078     8.04001000e-04
3.372202     1.05801000e-03
3.373326     6.24162000e-04
3.374450     1.14367000e-03
3.375575     1.33810000e-03
3.376700     1.16029000e-03
3.377826     9.02194000e-04
3.378952     9.41608000e-04
3.380078     5.18021000e-04
3.381205     8.01075000e-04
3.382332     1.04162000e-03
3.383459     1.46783000e-03
3.384587     1.45627000e-03
3.385715     1.69015000e-03
3.386844     1.48638000e-03
3.387973     1.27393000e-03
3.389102     1.07630000e-03
3.390232     9.19335000e-04
3.391362     1.16700000e-03
3.392492     5.10033000e-04
3.393623     1.06690000e-03
3.394754     1.41439000e-03
3.395886     1.15081000e-03
3.397018     9.97870000e-04
3.398150     1.15894000e-03
3.399283     1.03420000e-03
3.400416     1.42706000e-03
3.401550     1.20440000e-03
3.402683     9.78170000e-04
3.403818     1.00092000e-03
3.404952     5.32561000e-04
3.406087     6.63832000e-04
3.407223     1.50765000e-03
3.408358     1.07120000e-03
3.409495     1.10493000e-03
3.410631     1.05831000e-03
3.411768     1.35524000e-03
3.412905     1.50720000e-03
3.414043     1.26425000e-03
3.415181     1.04549000e-03
3.416319     5.89489000e-04
3.417458     1.31663000e-03
3.418597     4.70853000e-04
3.419737     1.13293000e-03
3.420877     1.26761000e-03
3.422017     1.30856000e-03
3.423158     1.96078000e-03
3.424299     8.71710000e-04
3.425440     1.65742000e-03
3.426582     1.75165000e-03
3.427724     9.15186000e-04
3.428867     1.22577000e-03
3.430010     1.35628000e-03
3.431153     1.59349000e-03
3.432297     8.38701000e-04
3.433441     1.07095000e-03
3.434585     6.41991000e-04
3.435730     1.42859000e-03
3.436875     1.70828000e-03
3.438021     1.08188000e-03
3.439167     1.29415000e-03
3.440313     1.17839000e-03
3.441460     1.68858000e-03
3.442607     1.13419000e-03
3.443755     1.45365000e-03
3.444903     1.44470000e-03
3.446051     9.87828000e-04
3.447200     1.82091000e-03
3.448349     1.34128000e-03
3.449498     1.39165000e-03
3.450648     7.65263000e-04
3.451798     1.22367000e-03
3.452949     1.72326000e-03
3.454100     1.42852000e-03
3.455251     8.89806000e-04
3.456403     1.34084000e-03
3.457555     9.09697000e-04
3.458708     1.51340000e-03
3.459861     1.18646000e-03
3.461014     1.16492000e-03
3.462167     1.84036000e-03
3.463322     8.31727000e-04
3.464476     1.50824000e-03
3.465631     1.17123000e-03
3.466786     1.61298000e-03
3.467942     1.39450000e-03
3.469098     1.40978000e-03
3.470254     1.33149000e-03
3.471411     1.22906000e-03
3.472568     7.74186000e-04
3.473725     6.88932000e-04
3.474883     1.39581000e-03
3.476042     1.56383000e-03
3.477200     1.59798000e-03
3.478359     7.94328000e-04
3.479519     1.45453000e-03
3.480679     9.04765000e-04
3.481839     1.58853000e-03
3.482999     1.41612000e-03
3.484160     1.08725000e-03
3.485322     1.60386000e-03
3.486484     1.33770000e-03
3.487646     1.16993000e-03
3.488808     2.09967000e-03
3.489971     1.15898000e-03
3.491135     1.47137000e-03
3.492298     1.50329000e-03
3.493462     1.43085000e-03
3.494627     1.10688000e-03
3.495792     1.62304000e-03
3.496957     1.32280000e-03
3.498123     1.62419000e-03
3.499289     7.59996000e-04
3.500455     1.24550000e-03
3.501622     1.29032000e-03
3.502789     1.03614000e-03
3.503957     1.49099000e-03
3.505125     1.71409000e-03
3.506293     1.08748000e-03
3.507462     1.48486000e-03
3.508631     9.67169000e-04
3.509801     1.36208000e-03
3.510970     9.83675000e-04
3.512141     1.21547000e-03
3.513312     1.35321000e-03
3.514483     1.46620000e-03
3.515654     1.27530000e-03
3.516826     1.51417000e-03
3.517998     1.60335000e-03
3.519171     6.67916000e-04
3.520344     1.37278000e-03
3.521517     1.60907000e-03
3.522691     1.70702000e-03
3.523866     1.41832000e-03
3.525040     9.82204000e-04
3.526215     1.15861000e-03
3.527391     1.40427000e-03
3.528566     1.08375000e-03
3.529743     8.60818000e-04
3.530919     1.10356000e-03
3.532096     1.27512000e-03
3.533273     1.28331000e-03
3.534451     1.39367000e-03
3.535629     1.20698000e-03
3.536808     1.15844000e-03
3.537987     8.81862000e-04
3.539166     1.67887000e-03
3.540346     1.21509000e-03
3.541526     2.08218000e-03
3.542707     1.45336000e-03
3.543887     1.01941000e-03
3.545069     1.64450000e-03
3.546250     1.05136000e-03
3.547433     9.53798000e-04
3.548615     2.18881000e-03
3.549798     1.06306000e-03
3.550981     1.47212000e-03
3.552165     1.40773000e-03
3.553349     8.90227000e-04
3.554533     1.49727000e-03
3.555718     1.75447000e-03
3.556903     8.58883000e-04
3.558089     9.56759000e-04
3.559275     1.51660000e-03
3.560461     1.49715000e-03
3.561648     1.65050000e-03
3.562835     1.25043000e-03
3.564023     1.47651000e-03
3.565211     9.53563000e-04
3.566400     1.26094000e-03
3.567588     1.24691000e-03
3.568778     7.13107000e-04
3.569967     1.25584000e-03
3.571157     1.56305000e-03
3.572347     1.33576000e-03
3.573538     1.46485000e-03
3.574729     1.38577000e-03
3.575921     1.47485000e-03
3.577113     1.17562000e-03
3.578305     1.83948000e-03
3.579498     1.05987000e-03
3.580691     1.37600000e-03
3.581885     1.60554000e-03
3.583079     6.93208000e-04
3.584273     8.34463000e-04
3.585468     1.32919000e-03
3.586663     1.87707000e-03
3.587859     9.92686000e-04
3.589055     1.45104000e-03
3.590251     1.17300000e-03
3.591448     9.19877000e-04
3.592645     1.10207000e-03
3.593842     1.13903000e-03
3.595040     9.49575000e-04
3.596239     1.19719000e-03
3.597437     1.37070000e-03
3.598637     1.49960000e-03
3.599836     1.64355000e-03
3.601036     7.41365000e-04
3.602236     9.42093000e-04
3.603437     8.10725000e-04
3.604638     1.43126000e-03
3.605840     1.80479000e-03
3.607042     1.12234000e-03
3.608244     1.36418000e-03
3.609447     1.65315000e-03
3.610650     1.40560000e-03
3.611854     2.14438000e-03
3.613058     1.23713000e-03
3.614262     1.24990000e-03
3.615467     1.39927000e-03
3.616672     1.42174000e-03
3.617877     1.43213000e-03
3.619083     1.31160000e-03
3.620290     1.34440000e-03
3.621496     1.14271000e-03
3.622704     1.04401000e-03
3.623911     9.95262000e-04
3.625119     1.66124000e-03
3.626328     1.29069000e-03
3.627536     1.75132000e-03
3.628745     1.51416000e-03
3.629955     1.64164000e-03
3.631165     1.39598000e-03
3.632375     1.74102000e-03
3.633586     1.44465000e-03
3.634797     1.13291000e-03
3.636009     1.01694000e-03
3.637221     1.41796000e-03
3.638433     1.88500000e-03
3.639646     1.35622000e-03
3.640859     1.04554000e-03
3.642073     1.46523000e-03
3.643287     1.42705000e-03
3.644502     1.31333000e-03
3.645716     9.67161000e-04
3.646932     1.33715000e-03
3.648147     1.31081000e-03
3.649363     8.91393000e-04
3.650580     1.45483000e-03
3.651797     1.86077000e-03
3.653014     1.94213000e-03
3.654232     1.55658000e-03
3.655450     1.75554000e-03
3.656668     1.17222000e-03
3.657887     8.23134000e-04
3.659106     1.80879000e-03
3.660326     1.98212000e-03
3.661546     1.47619000e-03
3.662767     1.63837000e-03
3.663988     9.77468000e-04
3.665209     1.21403000e-03
3.666431     1.47223000e-03
3.667653     2.06756000e-03
3.668875     2.09464000e-03
3.670098     1.68730000e-03
3.671322     1.11231000e-03
3.672545     1.47834000e-03
3.673770     9.27515000e-04
3.674994     8.10144000e-04
3.676219     1.60645000e-03
3.677445     1.48707000e-03
3.678670     1.31434000e-03
3.679897     1.62981000e-03
3.681123     1.51045000e-03
3.682350     1.31344000e-03
3.683578     1.26609000e-03
3.684806     9.85175000e-04
3.686034     1.14143000e-03
3.687263     2.26430000e-03
3.688492     8.74449000e-04
3.689721     1.40075000e-03
3.690951     2.31053000e-03
3.692181     1.38495000e-03
3.693412     1.49594000e-03
3.694643     1.18835000e-03
3.695875     1.17596000e-03
3.697107     1.77609000e-03
3.698339     1.45040000e-03
3.699572     1.46028000e-03
3.700805     1.35876000e-03
3.702039     1.53158000e-03
3.703273     1.81684000e-03
3.704507     1.42318000e-03
3.705742     1.74312000e-03
3.706977     2.31143000e-03
3.708213     1.09093000e-03
3.709449     1.62303000e-03
3.710685     1.14108000e-03
3.711922     1.03501000e-03
3.713160     1.60355000e-03
3.714397     9.85697000e-04
3.715635     1.34197000e-03
3.716874     1.42645000e-03
3.718113     1.87349000e-03
3.719352     2.12653000e-03
3.720592     1.39518000e-03
3.721832     1.34510000e-03
3.723073     1.38122000e-03
3.724314     2.12787000e-03
3.725555     1.71232000e-03
3.726797     1.33748000e-03
3.728040     1.70609000e-03
3.729282     1.31047000e-03
3.730525     1.85464000e-03
3.731769     1.79788000e-03
3.733013     2.03826000e-03
3.734257     1.78321000e-03
3.735502     1.48613000e-03
3.736747     1.91385000e-03
3.737993     2.04720000e-03
3.739239     2.03400000e-03
3.740485     1.34621000e-03
3.741732     1.11612000e-03
3.742979     1.32242000e-03
3.744227     1.25447000e-03
3.745475     2.00942000e-03
3.746723     1.67917000e-03
3.747972     1.23131000e-03
3.749221     1.46112000e-03
3.750471     1.41572000e-03
3.751721     1.74895000e-03
3.752972     1.85910000e-03
3.754223     1.42466000e-03
3.755474     1.19806000e-03
3.756726     1.28458000e-03
3.757978     1.49339000e-03
3.759231     1.71872000e-03
3.760484     9.59996000e-04
3.761738     2.03688000e-03
3.762992     1.18948000e-03
3.764246     1.83371000e-03
3.765501     1.20181000e-03
3.766756     1.19957000e-03
3.768011     1.84717000e-03
3.769267     1.57447000e-03
3.770524     1.67207000e-03
3.771781     1.77460000e-03
3.773038     1.96475000e-03
3.774296     2.24933000e-03
3.775554     1.51008000e-03
3.776812     1.83639000e-03
3.778071     1.96605000e-03
3.779331     1.92267000e-03
3.780590     1.31492000e-03
3.781851     1.88270000e-03
3.783111     1.39406000e-03
3.784372     1.59845000e-03
3.785634     1.50394000e-03
3.786895     8.68116000e-04
3.788158     1.87778000e-03
3.789421     1.43909000e-03
3.790684     1.54194000e-03
3.791947     1.84112000e-03
3.793211     1.75652000e-03
3.794476     2.07262000e-03
3.795740     1.82959000e-03
3.797006     1.51917000e-03
3.798271     1.82092000e-03
3.799537     1.71492000e-03
3.800804     1.44386000e-03
3.802071     1.92570000e-03
3.803338     1.83782000e-03
3.804606     1.09069000e-03
3.805874     1.72553000e-03
3.807143     1.57516000e-03
3.808412     8.62700000e-04
3.809681     1.69688000e-03
3.810951     1.34924000e-03
3.812222     2.01417000e-03
3.813492     1.84199000e-03
3.814763     1.67443000e-03
3.816035     2.22451000e-03
3.817307     1.99435000e-03
3.818580     1.98285000e-03
3.819852     1.60540000e-03
3.821126     1.32816000e-03
3.822399     2.26109000e-03
3.823673     1.79612000e-03
3.824948     1.68897000e-03
3.826223     1.76950000e-03
3.827498     2.38688000e-03
3.828774     2.02114000e-03
3.830051     1.31962000e-03
3.831327     1.91346000e-03
3.832604     1.04456000e-03
3.833882     1.61234000e-03
3.835160     1.55893000e-03
3.836438     2.06914000e-03
3.837717     1.54034000e-03
3.838996     1.67894000e-03
3.840276     1.61255000e-03
3.841556     1.34847000e-03
3.842837     2.20725000e-03
3.844117     2.03928000e-03
3.845399     1.54896000e-03
3.846681     1.61966000e-03
3.847963     1.66148000e-03
3.849246     1.92454000e-03
3.850529     2.13869000e-03
3.851812     2.26534000e-03
3.853096     1.85231000e-03
3.854380     1.64528000e-03
3.855665     1.83922000e-03
3.856950     1.40083000e-03
3.858236     2.32961000e-03
3.859522     1.76749000e-03
3.860809     2.25912000e-03
3.862096     1.70474000e-03
3.863383     1.42317000e-03
3.864671     1.81791000e-03
3.865959     2.14628000e-03
3.867248     2.29359000e-03
3.868537     1.90066000e-03
3.869826     2.09288000e-03
3.871116     2.14952000e-03
3.872407     1.16561000e-03
3.873697     2.19431000e-03
3.874989     1.74596000e-03
3.876280     2.28844000e-03
3.877572     2.25964000e-03
3.878865     1.49888000e-03
3.880158     2.60866000e-03
3.881451     2.16575000e-03
3.882745     1.42595000e-03
3.884039     2.23600000e-03
3.885334     2.44421000e-03
3.886629     1.10046000e-03
3.887925     1.96194000e-03
3.889221     1.76503000e-03
3.890517     1.97514000e-03
3.891814     1.50351000e-03
3.893111     1.94545000e-03
3.894409     1.47784000e-03
3.895707     1.65546000e-03
3.897006     2.12094000e-03
3.898305     2.27219000e-03
3.899604     1.95569000e-03
3.900904     1.57401000e-03
3.902204     2.41665000e-03
3.903505     2.28868000e-03
3.904806     1.46698000e-03
3.906108     1.78068000e-03
3.907410     1.79199000e-03
3.908712     2.00373000e-03
3.910015     2.58081000e-03
3.911318     1.13629000e-03
3.912622     1.79969000e-03
3.913926     1.16704000e-03
3.915231     1.56889000e-03
3.916536     2.07860000e-03
3.917842     1.81529000e-03
3.919148     1.99903000e-03
3.920454     1.55298000e-03
3.921761     2.33990000e-03
3.923068     1.92242000e-03
3.924376     1.86098000e-03
3.925684     1.84192000e-03
3.926992     1.94702000e-03
3.928301     1.56478000e-03
3.929611     2.08385000e-03
3.930921     1.83504000e-03
3.932231     1.81979000e-03
3.933542     1.88285000e-03
3.934853     2.23869000e-03
3.936165     2.18474000e-03
3.937477     1.86789000e-03
3.938789     1.54066000e-03
3.940102     1.96832000e-03
3.941415     1.88887000e-03
3.942729     1.94946000e-03
3.944043     2.03619000e-03
3.945358     1.09380000e-03
3.946673     1.92292000e-03
3.947989     2.30677000e-03
3.949305     2.63296000e-03
3.950621     2.21525000e-03
3.951938     1.72969000e-03
3.953255     1.92120000e-03
3.954573     2.25264000e-03
3.955891     1.69906000e-03
3.957210     2.26418000e-03
3.958529     2.59815000e-03
3.959849     1.79329000e-03
3.961168     2.07054000e-03
3.962489     1.29131000e-03
3.963810     1.34849000e-03
3.965131     1.87515000e-03
3.966453     2.34839000e-03
3.967775     1.67391000e-03
3.969097     2.39766000e-03
3.970420     1.70045000e-03
3.971744     2.37035000e-03
3.973068     2.33577000e-03
3.974392     1.61431000e-03
3.975717     2.09795000e-03
3.977042     2.16904000e-03
3.978368     1.89193000e-03
3.979694     2.04028000e-03
3.981021     1.63929000e-03
3.982348     1.75229000e-03
3.983675     2.37618000e-03
3.985003     2.36973000e-03
3.986331     2.04209000e-03
3.987660     2.34691000e-03
3.988989     2.77687000e-03
3.990319     2.19920000e-03
3.991649     1.00367000e-03
3.992980     2.07309000e-03
3.994311     2.08904000e-03
3.995642     1.53886000e-03
3.996974     1.50774000e-03
3.998306     2.01167000e-03
3.999639     2.19323000e-03
4.000972     9.25297000e-04
4.002306     1.66559000e-03
4.003640     2.68169000e-03
4.004975     2.06701000e-03
4.006310     2.13209000e-03
4.007645     2.06016000e-03
4.008981     1.34097000e-03
4.010317     2.62495000e-03
4.011654     1.58782000e-03
4.012991     2.01795000e-03
4.014329     1.92227000e-03
4.015667     2.02926000e-03
4.017005     1.48251000e-03
4.018344     1.94004000e-03
4.019684     1.74740000e-03
4.021024     2.40817000e-03
4.022364     2.19124000e-03
4.023705     1.55586000e-03
4.025046     9.60365000e-04
4.026388     1.65758000e-03
4.027730     1.68560000e-03
4.029073     2.23692000e-03
4.030416     1.66755000e-03
4.031759     1.94114000e-03
4.033103     1.91204000e-03
4.034447     1.32151000e-03
4.035792     2.14748000e-03
4.037137     1.90689000e-03
4.038483     1.87923000e-03
4.039829     2.17182000e-03
4.041176     1.68379000e-03
4.042523     1.94009000e-03
4.043870     1.27730000e-03
4.045218     2.43080000e-03
4.046567     1.33535000e-03
4.047916     2.24902000e-03
4.049265     1.29886000e-03
4.050615     2.52064000e-03
4.051965     1.41653000e-03
4.053316     2.40310000e-03
4.054667     1.89905000e-03
4.056018     2.95998000e-03
4.057370     9.67712000e-04
4.058723     1.85414000e-03
4.060076     1.69689000e-03
4.061429     2.58887000e-03
4.062783     1.23502000e-03
4.064137     1.76845000e-03
4.065492     1.97394000e-03
4.066847     1.92803000e-03
4.068203     2.31640000e-03
4.069559     1.17657000e-03
4.070915     2.03883000e-03
4.072272     2.37446000e-03
4.073630     1.61394000e-03
4.074987     1.37973000e-03
4.076346     1.80929000e-03
4.077705     2.25861000e-03
4.079064     1.63273000e-03
4.080423     2.25590000e-03
4.081784     1.65842000e-03
4.083144     1.26637000e-03
4.084505     2.15743000e-03
4.085867     1.73568000e-03
4.087229     1.33378000e-03
4.088591     1.69950000e-03
4.089954     2.24663000e-03
4.091317     1.31876000e-03
4.092681     2.27639000e-03
4.094045     2.30620000e-03
4.095410     9.64121000e-04
4.096775     2.39321000e-03
4.098141     1.06010000e-03
4.099507     2.28233000e-03
4.100873     2.76675000e-03
4.102240     2.31668000e-03
4.103608     1.72277000e-03
4.104976     2.10521000e-03
4.106344     2.09383000e-03
4.107713     1.76070000e-03
4.109082     1.85398000e-03
4.110452     2.17150000e-03
4.111822     2.27809000e-03
4.113192     1.09192000e-03
4.114563     2.16462000e-03
4.115935     1.65649000e-03
4.117307     2.37494000e-03
4.118679     2.29240000e-03
4.120052     1.79813000e-03
4.121426     1.05531000e-03
4.122799     2.30118000e-03
4.124174     1.88698000e-03
4.125548     1.83991000e-03
4.126924     2.31738000e-03
4.128299     2.23554000e-03
4.129675     2.47484000e-03
4.131052     2.34843000e-03
4.132429     1.54458000e-03
4.133806     2.35630000e-03
4.135184     1.94439000e-03
4.136563     1.27615000e-03
4.137942     1.91721000e-03
4.139321     2.35994000e-03
4.140701     1.63352000e-03
4.142081     1.03920000e-03
4.143462     2.45723000e-03
4.144843     1.92854000e-03
4.146224     2.40995000e-03
4.147606     1.37960000e-03
4.148989     2.67743000e-03
4.150372     1.88572000e-03
4.151755     9.48646000e-04
4.153139     2.61531000e-03
4.154524     1.41987000e-03
4.155908     1.64885000e-03
4.157294     1.54054000e-03
4.158680     1.39638000e-03
4.160066     1.85531000e-03
4.161452     1.47096000e-03
4.162840     1.35923000e-03
4.164227     2.10495000e-03
4.165615     1.35438000e-03
4.167004     2.34435000e-03
4.168393     2.17214000e-03
4.169782     1.61634000e-03
4.171172     9.66761000e-04
4.172563     2.07207000e-03
4.173953     1.97259000e-03
4.175345     1.55659000e-03
4.176737     1.61531000e-03
4.178129     1.55810000e-03
4.179522     2.06490000e-03
4.180915     2.59050000e-03
4.182308     2.00388000e-03
4.183702     2.15172000e-03
4.185097     1.91909000e-03
4.186492     7.72560000e-04
4.187888     1.95209000e-03
4.189284     1.85708000e-03
4.190680     1.32646000e-03
4.192077     1.04232000e-03
4.193474     1.01517000e-03
4.194872     9.63890000e-04
4.196270     1.70420000e-03
4.197669     1.55650000e-03
4.199068     1.43614000e-03
4.200468     1.55394000e-03
4.201868     1.89508000e-03
4.203269     1.80693000e-03
4.204670     1.93749000e-03
4.206071     2.30265000e-03
4.207473     1.32012000e-03
4.208876     1.91939000e-03
4.210279     1.69725000e-03
4.211682     2.40619000e-03
4.213086     1.06151000e-03
4.214491     2.11226000e-03
4.215895     1.17677000e-03
4.217301     1.07538000e-03
4.218706     1.77739000e-03
4.220113     1.36216000e-03
4.221519     1.37921000e-03
4.222927     1.94198000e-03
4.224334     1.04948000e-03
4.225742     6.95430000e-04
4.227151     1.70946000e-03
4.228560     1.13541000e-03
4.229969     1.47701000e-03
4.231379     1.18545000e-03
4.232790     2.02801000e-03
4.234201     1.11163000e-03
4.235612     1.04071000e-03
4.237024     1.10351000e-03
4.238436     1.44577000e-03
4.239849     9.92843000e-04
4.241263     1.68587000e-03
4.242676     1.48288000e-03
4.244091     1.19668000e-03
4.245505     6.70759000e-04
4.246920     1.12440000e-03
4.248336     9.31523000e-04
4.249752     7.23755000e-04
4.251169     1.43633000e-03
4.252586     9.46661000e-04
4.254003     1.09880000e-03
4.255421     7.05835000e-04
4.256840     1.03218000e-03
4.258259     1.85117000e-03
4.259678     1.66403000e-03
4.261098     7.59989000e-04
4.262518     9.39482000e-04
4.263939     7.16383000e-04
4.265361     9.26020000e-04
4.266782     1.43684000e-03
4.268205     1.03283000e-03
4.269627     7.84855000e-04
4.271051     1.26171000e-03
4.272474     1.48400000e-03
4.273898     1.31920000e-03
4.275323     1.65168000e-03
4.276748     7.78307000e-04
4.278174     1.01827000e-03
4.279600     8.79080000e-04
4.281026     7.58387000e-04
4.282453     1.30877000e-03
4.283881     1.71740000e-03
4.285309     9.64060000e-04
4.286737     7.51250000e-04
4.288166     1.12759000e-03
4.289596     7.54284000e-04
4.291025     7.27603000e-04
4.292456     1.40024000e-03
4.293887     9.02854000e-04
4.295318     8.73669000e-04
4.296750     1.00287000e-03
4.298182     7.57746000e-04
4.299615     1.07559000e-03
4.301048     9.20168000e-04
4.302481     1.09433000e-03
4.303916     9.58998000e-04
4.305350     1.31588000e-03
4.306785     8.32899000e-04
4.308221     7.02689000e-04
4.309657     9.87191000e-04
4.311094     1.37683000e-03
4.312531     9.00740000e-04
4.313968     8.64496000e-04
4.315406     9.92510000e-04
4.316845     8.54625000e-04
4.318284     1.32499000e-03
4.319723     9.31954000e-04
4.321163     1.13596000e-03
4.322603     7.87756000e-04
4.324044     8.76263000e-04
4.325486     1.02093000e-03
4.326927     7.32089000e-04
4.328370     8.99818000e-04
4.329812     1.13622000e-03
4.331256     7.49970000e-04
4.332699     1.79802000e-03
4.334144     1.25471000e-03
4.335588     1.67827000e-03
4.337034     1.17530000e-03
4.338479     1.44323000e-03
4.339925     9.01602000e-04
4.341372     9.58231000e-04
4.342819     7.62131000e-04
4.344267     8.69509000e-04
4.345715     8.47899000e-04
4.347163     8.51699000e-04
4.348613     1.40081000e-03
4.350062     9.22618000e-04
4.351512     9.12091000e-04
4.352963     1.12616000e-03
4.354414     9.52457000e-04
4.355865     9.03763000e-04
4.357317     9.27834000e-04
4.358769     1.14496000e-03
4.360222     1.06455000e-03
4.361676     1.01976000e-03
4.363130     9.21667000e-04
4.364584     1.14003000e-03
4.366039     9.45807000e-04
4.367494     8.40155000e-04
4.368950     1.08640000e-03
4.370406     7.46863000e-04
4.371863     1.36715000e-03
4.373320     9.06968000e-04
4.374778     1.13008000e-03
4.376237     1.08376000e-03
4.377695     9.54904000e-04
4.379155     1.04800000e-03
4.380614     9.83209000e-04
4.382074     1.10062000e-03
4.383535     1.20916000e-03
4.384996     1.25016000e-03
4.386458     1.10169000e-03
4.387920     9.14600000e-04
4.389383     1.01801000e-03
4.390846     1.06890000e-03
4.392309     1.19620000e-03
4.393774     9.46358000e-04
4.395238     1.04897000e-03
4.396703     8.54748000e-04
4.398169     9.44906000e-04
4.399635     1.27822000e-03
4.401101     7.90418000e-04
4.402568     9.06003000e-04
4.404036     1.19373000e-03
4.405504     9.86684000e-04
4.406973     1.05663000e-03
4.408442     9.97615000e-04
4.409911     1.22696000e-03
4.411381     1.18379000e-03
4.412851     1.48542000e-03
4.414322     9.46445000e-04
4.415794     1.22323000e-03
4.417266     1.42083000e-03
4.418738     1.04229000e-03
4.420211     1.01829000e-03
4.421684     8.86296000e-04
4.423158     9.68444000e-04
4.424633     1.10612000e-03
4.426108     1.39287000e-03
4.427583     9.65062000e-04
4.429059     9.06447000e-04
4.430535     1.23641000e-03
4.432012     1.24853000e-03
4.433489     1.01036000e-03
4.434967     9.26989000e-04
4.436446     1.15336000e-03
4.437924     1.20953000e-03
4.439404     1.23773000e-03
4.440883     1.22498000e-03
4.442364     9.49988000e-04
4.443845     9.03642000e-04
4.445326     9.86632000e-04
4.446808     1.22048000e-03
4.448290     1.00988000e-03
4.449773     1.07472000e-03
4.451256     1.08858000e-03
4.452740     8.41872000e-04
4.454224     9.41996000e-04
4.455709     1.32868000e-03
4.457194     9.18282000e-04
4.458680     9.87539000e-04
4.460166     1.10836000e-03
4.461653     1.17191000e-03
4.463140     8.83622000e-04
4.464627     1.20504000e-03
4.466116     1.38517000e-03
4.467604     1.17163000e-03
4.469094     9.07110000e-04
4.470583     1.21602000e-03
4.472073     1.27830000e-03
4.473564     1.02349000e-03
4.475055     1.37444000e-03
4.476547     1.19984000e-03
4.478039     1.27757000e-03
4.479532     1.23285000e-03
4.481025     1.10175000e-03
4.482519     1.17172000e-03
4.484013     1.26535000e-03
4.485508     1.24608000e-03
4.487003     1.38278000e-03
4.488498     1.12229000e-03
4.489995     9.67040000e-04
4.491491     1.24437000e-03
4.492988     9.87507000e-04
4.494486     1.04950000e-03
4.495984     1.14774000e-03
4.497483     1.24936000e-03
4.498982     1.41752000e-03
4.500482     1.23045000e-03
4.501982     1.33566000e-03
4.503483     1.00407000e-03
4.504984     1.24142000e-03
4.506485     1.08518000e-03
4.507988     1.12655000e-03
4.509490     1.07398000e-03
4.510993     1.49822000e-03
4.512497     1.24885000e-03
4.514001     1.13696000e-03
4.515506     9.64942000e-04
4.517011     1.25037000e-03
4.518517     1.40262000e-03
4.520023     1.13728000e-03
4.521530     9.04418000e-04
4.523037     1.11645000e-03
4.524544     1.12465000e-03
4.526053     1.50992000e-03
4.527561     1.45281000e-03
4.529070     1.41250000e-03
4.530580     1.19170000e-03
4.532090     1.33299000e-03
4.533601     1.13171000e-03
4.535112     1.46222000e-03
4.536624     1.27699000e-03
4.538136     1.11856000e-03
4.539649     1.19358000e-03
4.541162     1.12121000e-03
4.542676     1.29260000e-03
4.544190     1.19774000e-03
4.545705     1.40887000e-03
4.547220     1.39908000e-03
4.548736     1.70386000e-03
4.550252     1.17831000e-03
4.551769     1.05469000e-03
4.553286     1.16288000e-03
4.554804     1.44901000e-03
4.556322     1.37062000e-03
4.557841     1.07784000e-03
4.559360     1.29293000e-03
4.560880     1.17335000e-03
4.562400     1.41901000e-03
4.563921     1.26237000e-03
4.565442     1.29247000e-03
4.566964     1.27786000e-03
4.568486     1.37570000e-03
4.570009     1.41693000e-03
4.571533     1.29526000e-03
4.573056     1.48233000e-03
4.574581     1.19837000e-03
4.576106     1.27381000e-03
4.577631     1.18769000e-03
4.579157     1.51444000e-03
4.580683     1.30377000e-03
4.582210     1.00718000e-03
4.583738     1.23085000e-03
4.585265     1.75126000e-03
4.586794     1.42821000e-03
4.588323     1.40404000e-03
4.589852     1.51287000e-03
4.591382     1.61103000e-03
4.592913     1.53506000e-03
4.594444     1.62811000e-03
4.595975     1.04798000e-03
4.597507     1.44609000e-03
4.599040     1.68795000e-03
4.600573     1.54616000e-03
4.602106     1.49882000e-03
4.603640     1.46117000e-03
4.605175     1.42581000e-03
4.606710     1.51463000e-03
4.608245     1.57196000e-03
4.609781     1.48437000e-03
4.611318     1.51027000e-03
4.612855     1.06511000e-03
4.614393     1.45740000e-03
4.615931     1.38212000e-03
4.617470     1.51028000e-03
4.619009     1.45354000e-03
4.620548     1.34250000e-03
4.622089     1.41305000e-03
4.623629     1.20946000e-03
4.625170     1.60262000e-03
4.626712     1.49218000e-03
4.628254     1.58633000e-03
4.629797     1.51956000e-03
4.631340     1.39385000e-03
4.632884     1.57659000e-03
4.634429     1.59196000e-03
4.635973     1.76109000e-03
4.637519     1.46474000e-03
4.639064     1.69029000e-03
4.640611     1.55619000e-03
4.642158     1.53456000e-03
4.643705     1.62741000e-03
4.645253     1.62029000e-03
4.646801     1.42349000e-03
4.648350     1.09292000e-03
4.649900     1.64116000e-03
4.651450     1.62747000e-03
4.653000     1.47729000e-03
4.654551     1.69699000e-03
4.656103     1.73131000e-03
4.657655     1.73013000e-03
4.659207     1.52429000e-03
4.660760     1.65630000e-03
4.662314     1.57545000e-03
4.663868     1.78587000e-03
4.665423     1.44814000e-03
4.666978     1.08636000e-03
4.668534     1.94786000e-03
4.670090     1.41058000e-03
4.671646     1.62880000e-03
4.673204     1.68436000e-03
4.674761     2.08729000e-03
4.676320     1.87389000e-03
4.677878     1.63078000e-03
4.679438     1.40765000e-03
4.680998     1.60509000e-03
4.682558     1.57870000e-03
4.684119     1.78618000e-03
4.685680     1.80465000e-03
4.687242     1.80569000e-03
4.688804     1.71106000e-03
4.690367     1.83031000e-03
4.691931     1.65400000e-03
4.693495     1.91117000e-03
4.695059     1.50701000e-03
4.696624     1.87779000e-03
4.698190     1.82329000e-03
4.699756     1.54345000e-03
4.701322     1.77240000e-03
4.702890     1.56938000e-03
4.704457     1.25736000e-03
4.706025     1.89572000e-03
4.707594     1.76425000e-03
4.709163     1.22250000e-03
4.710733     1.16751000e-03
4.712303     1.90021000e-03
4.713874     2.18347000e-03
4.715445     1.95572000e-03
4.717017     1.32073000e-03
4.718589     1.41980000e-03
4.720162     1.74058000e-03
4.721736     1.86645000e-03
4.723310     2.05760000e-03
4.724884     1.87614000e-03
4.726459     1.80030000e-03
4.728034     1.62727000e-03
4.729610     2.03804000e-03
4.731187     1.75222000e-03
4.732764     1.71089000e-03
4.734342     1.84721000e-03
4.735920     1.40247000e-03
4.737498     1.92980000e-03
4.739078     1.84135000e-03
4.740657     1.08954000e-03
4.742237     1.33845000e-03
4.743818     1.95897000e-03
4.745399     1.37620000e-03
4.746981     1.86853000e-03
4.748564     1.03661000e-03
4.750146     1.84704000e-03
4.751730     2.08038000e-03
4.753314     1.93497000e-03
4.754898     1.82009000e-03
4.756483     1.95415000e-03
4.758069     1.99714000e-03
4.759655     1.23959000e-03
4.761241     2.24145000e-03
4.762828     1.38031000e-03
4.764416     1.92727000e-03
4.766004     2.02159000e-03
4.767593     1.86603000e-03
4.769182     1.64791000e-03
4.770772     1.07417000e-03
4.772362     1.54869000e-03
4.773953     1.83525000e-03
4.775544     1.99964000e-03
4.777136     1.61049000e-03
4.778728     2.17079000e-03
4.780321     2.05504000e-03
4.781915     2.32944000e-03
4.783509     1.64393000e-03
4.785103     1.71742000e-03
4.786698     2.36820000e-03
4.788294     2.20172000e-03
4.789890     1.91456000e-03
4.791486     1.98862000e-03
4.793084     1.30235000e-03
4.794681     1.65370000e-03
4.796279     2.36958000e-03
4.797878     1.93158000e-03
4.799478     2.22217000e-03
4.801077     2.19771000e-03
4.802678     1.89649000e-03
4.804279     2.19230000e-03
4.805880     2.16227000e-03
4.807482     2.13871000e-03
4.809084     1.98892000e-03
4.810688     2.16030000e-03
4.812291     2.04085000e-03
4.813895     1.92951000e-03
4.815500     1.54781000e-03
4.817105     1.98037000e-03
4.818711     2.01769000e-03
4.820317     1.42412000e-03
4.821924     2.24359000e-03
4.823531     1.75571000e-03
4.825139     1.09917000e-03
4.826747     1.68314000e-03
4.828356     2.00771000e-03
4.829966     2.12014000e-03
4.831576     1.68379000e-03
4.833186     2.00616000e-03
4.834797     1.84371000e-03
4.836409     2.26978000e-03
4.838021     2.43863000e-03
4.839634     2.37873000e-03
4.841247     1.95478000e-03
4.842861     2.02198000e-03
4.844475     2.05383000e-03
4.846090     2.53835000e-03
4.847705     1.42164000e-03
4.849321     1.14053000e-03
4.850937     2.45202000e-03
4.852554     2.19351000e-03
4.854172     1.98055000e-03
4.855790     1.46507000e-03
4.857408     1.71720000e-03
4.859028     1.76095000e-03
4.860647     1.79099000e-03
4.862268     2.36573000e-03
4.863888     1.91034000e-03
4.865510     1.92571000e-03
4.867131     1.87814000e-03
4.868754     2.00539000e-03
4.870377     1.78515000e-03
4.872000     1.55586000e-03
4.873624     2.04668000e-03
4.875249     2.03229000e-03
4.876874     1.26043000e-03
4.878499     2.53337000e-03
4.880126     1.63091000e-03
4.881752     2.24004000e-03
4.883380     2.00773000e-03
4.885007     1.30281000e-03
4.886636     1.76856000e-03
4.888265     1.61637000e-03
4.889894     2.15123000e-03
4.891524     1.91402000e-03
4.893154     1.68985000e-03
4.894785     1.36051000e-03
4.896417     1.97129000e-03
4.898049     1.65316000e-03
4.899682     2.18675000e-03
4.901315     1.79812000e-03
4.902949     2.45648000e-03
4.904583     1.60663000e-03
4.906218     2.29740000e-03
4.907853     2.35542000e-03
4.909489     1.22071000e-03
4.911126     2.32216000e-03
4.912763     2.09056000e-03
4.914401     1.72574000e-03
4.916039     1.68066000e-03
4.917677     1.90505000e-03
4.919317     2.26040000e-03
4.920956     2.16759000e-03
4.922597     1.05852000e-03
4.924238     2.61924000e-03
4.925879     2.25661000e-03
4.927521     2.30151000e-03
4.929163     2.64988000e-03
4.930806     2.34899000e-03
4.932450     2.26647000e-03
4.934094     1.93743000e-03
4.935739     2.31913000e-03
4.937384     1.85067000e-03
4.939030     1.29480000e-03
4.940676     2.68616000e-03
4.942323     2.31032000e-03
4.943971     2.19863000e-03
4.945619     2.03272000e-03
4.947267     2.47601000e-03
4.948916     1.65147000e-03
4.950566     9.89270000e-04
4.952216     2.13495000e-03
4.953867     1.14159000e-03
4.955518     2.06617000e-03
4.957170     2.01295000e-03
4.958822     2.26144000e-03
4.960475     2.07185000e-03
4.962129     2.37050000e-03
4.963783     1.72373000e-03
4.965437     1.24364000e-03
4.967093     1.99422000e-03
4.968748     1.70290000e-03
4.970405     2.21310000e-03
4.972061     2.29066000e-03
4.973719     1.48291000e-03
4.975377     2.55418000e-03
4.977035     1.50771000e-03
4.978694     1.30230000e-03
4.980354     2.19856000e-03
4.982014     2.25374000e-03
4.983674     1.58817000e-03
4.985336     1.53425000e-03
4.986997     1.99894000e-03
4.988660     2.50942000e-03
4.990323     2.26136000e-03
4.991986     2.30016000e-03
4.993650     2.35089000e-03
4.995315     1.13440000e-03
4.996980     1.27930000e-03
4.998645     2.49271000e-03
5.000312     2.71841000e-03
5.001978     2.00835000e-03
5.003646     1.39929000e-03
5.005314     2.53865000e-03
5.006982     1.35058000e-03
5.008651     2.09587000e-03
5.010321     1.88423000e-03
5.011991     1.73045000e-03
5.013661     1.50029000e-03
5.015333     1.71004000e-03
5.017004     1.21813000e-03
5.018677     2.12981000e-03
5.020350     1.08770000e-03
5.022023     1.72092000e-03
5.023697     1.78064000e-03
5.025372     1.71065000e-03
5.027047     2.28482000e-03
5.028722     2.21525000e-03
5.030399     1.27570000e-03
5.032075     2.10786000e-03
5.033753     2.40097000e-03
5.035431     2.19693000e-03
5.037109     2.22513000e-03
5.038788     1.33680000e-03
5.040468     1.90686000e-03
5.042148     2.47753000e-03
5.043829     2.69853000e-03
5.045510     2.60462000e-03
5.047192     1.61624000e-03
5.048874     2.17671000e-03
5.050557     1.63287000e-03
5.052241     2.14207000e-03
5.053925     1.61893000e-03
5.055609     1.23873000e-03
5.057295     2.00313000e-03
5.058980     2.11326000e-03
5.060667     2.62920000e-03
5.062354     1.40003000e-03
5.064041     2.07389000e-03
5.065729     2.39207000e-03
5.067418     2.14714000e-03
5.069107     1.66155000e-03
5.070796     2.09894000e-03
5.072487     1.67147000e-03
5.074178     2.35722000e-03
5.075869     2.47969000e-03
5.077561     1.22851000e-03
5.079253     1.91593000e-03
5.080947     2.16081000e-03
5.082640     1.09440000e-03
5.084334     1.59073000e-03
5.086029     1.43368000e-03
5.087724     3.06521000e-03
5.089420     1.87885000e-03
5.091117     2.50829000e-03
5.092814     1.94245000e-03
5.094512     1.89433000e-03
5.096210     2.52515000e-03
5.097908     1.93226000e-03
5.099608     2.92312000e-03
5.101308     2.08738000e-03
5.103008     1.38597000e-03
5.104709     1.85752000e-03
5.106411     2.53956000e-03
5.108113     1.25804000e-03
5.109815     2.58879000e-03
5.111519     2.33750000e-03
5.113223     2.14057000e-03
5.114927     2.44193000e-03
5.116632     2.99960000e-03
5.118337     1.72434000e-03
5.120044     2.74255000e-03
5.121750     2.49544000e-03
5.123458     2.40150000e-03
5.125165     2.53753000e-03
5.126874     2.78178000e-03
5.128583     1.25706000e-03
5.130292     1.15930000e-03
5.132002     2.04358000e-03
5.133713     2.48703000e-03
5.135424     1.82955000e-03
5.137136     1.31342000e-03
5.138848     2.85826000e-03
5.140561     2.50175000e-03
5.142275     1.57946000e-03
5.143989     1.92847000e-03
5.145704     2.18537000e-03
5.147419     1.58416000e-03
5.149135     1.36246000e-03
5.150851     2.20351000e-03
5.152568     1.34885000e-03
5.154286     2.55287000e-03
5.156004     1.84154000e-03
5.157722     2.07773000e-03
5.159442     2.67678000e-03
5.161161     2.69291000e-03
5.162882     2.08560000e-03
5.164603     2.20360000e-03
5.166324     2.83950000e-03
5.168046     2.16604000e-03
5.169769     1.88464000e-03
5.171492     2.09371000e-03
5.173216     1.19082000e-03
5.174941     2.62838000e-03
5.176665     2.18631000e-03
5.178391     1.82905000e-03
5.180117     1.32357000e-03
5.181844     2.66805000e-03
5.183571     1.93876000e-03
5.185299     1.27655000e-03
5.187027     1.42599000e-03
5.188756     1.26382000e-03
5.190486     2.29517000e-03
5.192216     1.86719000e-03
5.193947     2.14607000e-03
5.195678     1.50859000e-03
5.197410     1.94915000e-03
5.199143     2.21549000e-03
5.200876     1.42827000e-03
5.202609     1.84847000e-03
5.204344     2.00034000e-03
5.206078     2.43740000e-03
5.207814     2.68262000e-03
5.209550     2.12776000e-03
5.211286     2.48801000e-03
5.213023     2.75346000e-03
5.214761     1.52265000e-03
5.216499     2.07385000e-03
5.218238     2.21415000e-03
5.219977     2.36409000e-03
5.221717     1.98633000e-03
5.223458     1.64547000e-03
5.225199     2.53098000e-03
5.226941     2.15947000e-03
5.228683     1.95096000e-03
5.230426     3.13675000e-03
5.232170     1.93465000e-03
5.233914     3.00342000e-03
5.235658     1.49774000e-03
5.237403     1.67116000e-03
5.239149     1.45163000e-03
5.240896     1.28716000e-03
5.242643     1.63855000e-03
5.244390     2.66929000e-03
5.246138     1.54587000e-03
5.247887     2.14095000e-03
5.249636     1.79852000e-03
5.251386     1.90173000e-03
5.253137     2.35402000e-03
5.254888     1.62301000e-03
5.256639     1.88607000e-03
5.258391     2.14571000e-03
5.260144     2.45445000e-03
5.261898     1.34123000e-03
5.263652     2.20058000e-03
5.265406     2.48719000e-03
5.267161     2.57128000e-03
5.268917     1.51674000e-03
5.270673     2.20650000e-03
5.272430     3.12735000e-03
5.274188     3.03316000e-03
5.275946     1.10430000e-03
5.277704     1.32609000e-03
5.279464     1.94695000e-03
5.281223     2.43902000e-03
5.282984     1.67480000e-03
5.284745     2.70712000e-03
5.286506     1.27012000e-03
5.288269     1.83340000e-03
5.290031     1.93467000e-03
5.291795     2.44889000e-03
5.293559     2.64440000e-03
5.295323     1.34413000e-03
5.297088     1.94724000e-03
5.298854     2.31165000e-03
5.300620     1.87935000e-03
5.302387     1.87649000e-03
5.304155     1.11298000e-03
5.305923     2.27945000e-03
5.307691     2.16503000e-03
5.309461     2.78913000e-03
5.311230     1.78904000e-03
5.313001     3.20708000e-03
5.314772     1.93529000e-03
5.316543     2.35382000e-03
5.318316     1.90182000e-03
5.320088     1.60644000e-03
5.321862     1.29917000e-03
5.323636     2.88429000e-03
5.325410     2.63463000e-03
5.327185     2.31130000e-03
5.328961     2.29185000e-03
5.330737     2.71978000e-03
5.332514     2.48432000e-03
5.334292     2.04176000e-03
5.336070     1.25323000e-03
5.337849     1.68598000e-03
5.339628     2.45810000e-03
5.341408     1.34585000e-03
5.343188     2.29724000e-03
5.344969     1.54143000e-03
5.346751     2.65139000e-03
5.348533     2.75408000e-03
5.350316     1.70468000e-03
5.352099     1.71076000e-03
5.353883     1.94621000e-03
5.355668     2.62004000e-03
5.357453     1.74758000e-03
5.359239     2.45997000e-03
5.361026     1.50066000e-03
5.362813     2.14147000e-03
5.364600     1.20677000e-03
5.366388     2.69938000e-03
5.368177     1.36816000e-03
5.369967     1.98415000e-03
5.371757     1.94757000e-03
5.373547     2.32497000e-03
5.375338     2.22208000e-03
5.377130     1.27999000e-03
5.378922     1.95317000e-03
5.380715     2.19768000e-03
5.382509     1.93237000e-03
5.384303     1.89032000e-03
5.386098     2.24824000e-03
5.387893     2.11128000e-03
5.389689     1.48215000e-03
5.391486     2.68227000e-03
5.393283     1.76340000e-03
5.395081     1.45542000e-03
5.396879     2.77350000e-03
5.398678     2.94969000e-03
5.400478     2.14883000e-03
5.402278     1.22315000e-03
5.404079     2.75818000e-03
5.405880     2.16958000e-03
5.407682     1.87054000e-03
5.409484     1.56962000e-03
5.411288     2.53530000e-03
5.413091     1.22164000e-03
5.414896     3.12139000e-03
5.416701     2.35651000e-03
5.418506     2.57003000e-03
5.420312     2.32894000e-03
5.422119     2.10791000e-03
5.423927     2.11093000e-03
5.425735     1.98830000e-03
5.427543     1.87945000e-03
5.429352     2.50148000e-03
5.431162     2.12590000e-03
5.432972     2.49734000e-03
5.434783     1.94684000e-03
5.436595     2.43041000e-03
5.438407     2.44809000e-03
5.440220     1.62605000e-03
5.442033     2.21290000e-03
5.443847     1.89799000e-03
5.445662     2.19361000e-03
5.447477     3.09363000e-03
5.449293     2.66702000e-03
5.451110     2.62633000e-03
5.452927     2.60443000e-03
5.454744     1.24254000e-03
5.456562     1.65098000e-03
5.458381     2.40120000e-03
5.460201     1.41364000e-03
5.462021     2.24157000e-03
5.463842     1.30247000e-03
5.465663     2.80206000e-03
5.467485     2.62469000e-03
5.469307     1.69348000e-03
5.471130     2.86394000e-03
5.472954     1.69762000e-03
5.474778     1.77085000e-03
5.476603     2.43295000e-03
5.478429     1.20320000e-03
5.480255     1.48689000e-03
5.482082     2.37418000e-03
5.483909     2.05952000e-03
5.485737     1.22708000e-03
5.487566     1.83654000e-03
5.489395     2.96096000e-03
5.491225     2.15858000e-03
5.493055     2.39879000e-03
5.494886     1.79660000e-03
5.496718     1.48464000e-03
5.498550     3.04029000e-03
5.500383     2.22921000e-03
5.502216     1.29424000e-03
5.504050     1.82487000e-03
5.505885     3.12140000e-03
5.507720     1.86998000e-03
5.509556     2.23642000e-03
5.511393     1.54923000e-03
5.513230     2.26020000e-03
5.515068     1.95456000e-03
5.516906     2.22664000e-03
5.518745     1.65872000e-03
5.520584     1.37707000e-03
5.522425     2.41833000e-03
5.524265     1.39991000e-03
5.526107     1.46969000e-03
5.527949     1.96316000e-03
5.529792     1.73219000e-03
5.531635     2.52788000e-03
5.533479     1.68713000e-03
5.535323     1.61794000e-03
5.537168     2.63230000e-03
5.539014     2.10838000e-03
5.540860     1.94517000e-03
5.542707     2.40900000e-03
5.544555     2.18242000e-03
5.546403     2.11637000e-03
5.548252     2.31127000e-03
5.550101     2.06349000e-03
5.551951     2.10953000e-03
5.553802     1.63605000e-03
5.555653     2.20941000e-03
5.557505     2.49659000e-03
5.559358     2.77088000e-03
5.561211     2.51824000e-03
5.563064     2.32587000e-03
5.564919     1.92309000e-03
5.566774     1.89506000e-03
5.568629     1.92909000e-03
5.570486     1.72935000e-03
5.572342     2.93853000e-03
5.574200     1.99973000e-03
5.576058     2.08780000e-03
5.577917     1.86671000e-03
5.579776     2.22637000e-03
5.581636     2.51012000e-03
5.583496     2.08345000e-03
5.585358     1.37106000e-03
5.587219     1.17161000e-03
5.589082     2.54844000e-03
5.590945     1.17676000e-03
5.592808     1.83072000e-03
5.594673     1.80767000e-03
5.596538     2.16687000e-03
5.598403     1.82286000e-03
5.600269     2.50307000e-03
5.602136     2.12344000e-03
5.604003     2.12612000e-03
5.605871     1.70684000e-03
5.607740     1.51398000e-03
5.609609     2.62826000e-03
5.611479     2.62587000e-03
5.613350     1.59163000e-03
5.615221     2.08472000e-03
5.617092     1.95836000e-03
5.618965     2.39657000e-03
5.620838     1.18716000e-03
5.622711     1.90043000e-03
5.624586     2.09676000e-03
5.626461     2.37036000e-03
5.628336     2.03451000e-03
5.630212     1.93208000e-03
5.632089     2.01911000e-03
5.633966     1.39992000e-03
5.635844     2.17929000e-03
5.637723     2.84798000e-03
5.639602     1.86409000e-03
5.641482     2.01677000e-03
5.643362     2.02466000e-03
5.645244     2.05487000e-03
5.647125     2.66638000e-03
5.649008     1.66445000e-03
5.650891     1.48712000e-03
5.652774     2.51930000e-03
5.654659     1.57618000e-03
5.656543     2.28538000e-03
5.658429     2.41886000e-03
5.660315     2.27980000e-03
5.662202     1.30030000e-03
5.664089     3.12335000e-03
5.665977     3.05346000e-03
5.667866     1.67085000e-03
5.669755     1.72383000e-03
5.671645     2.25957000e-03
5.673536     1.81776000e-03
5.675427     2.10128000e-03
5.677319     2.38269000e-03
5.679211     1.73972000e-03
5.681104     2.65324000e-03
5.682998     2.40425000e-03
5.684892     2.10013000e-03
5.686787     1.69390000e-03
5.688683     2.24999000e-03
5.690579     1.51021000e-03
5.692476     1.85996000e-03
5.694373     2.37182000e-03
5.696272     2.17435000e-03
5.698170     1.94663000e-03
5.700070     1.93010000e-03
5.701970     3.12979000e-03
5.703870     2.83202000e-03
5.705772     2.68524000e-03
5.707674     1.75530000e-03
5.709576     1.51779000e-03
5.711479     1.28146000e-03
5.713383     2.42223000e-03
5.715288     1.69318000e-03
5.717193     2.71979000e-03
5.719098     1.44524000e-03
5.721005     2.28961000e-03
5.722912     1.92252000e-03
5.724819     3.00934000e-03
5.726728     2.11749000e-03
5.728637     1.70651000e-03
5.730546     1.82615000e-03
5.732456     1.94739000e-03
5.734367     1.98221000e-03
5.736279     2.12184000e-03
5.738191     1.84435000e-03
5.740103     2.77886000e-03
5.742017     2.92391000e-03
5.743931     1.33911000e-03
5.745845     2.62819000e-03
5.747761     2.02815000e-03
5.749677     2.41225000e-03
5.751593     2.84639000e-03
5.753510     3.08725000e-03
5.755428     2.22105000e-03
5.757347     2.12927000e-03
5.759266     2.83479000e-03
5.761186     2.37394000e-03
5.763106     2.82730000e-03
5.765027     2.23056000e-03
5.766949     1.38751000e-03
5.768871     1.83121000e-03
5.770794     1.62517000e-03
5.772718     2.37640000e-03
5.774642     2.28966000e-03
5.776567     2.56138000e-03
5.778492     2.99360000e-03
5.780418     2.40149000e-03
5.782345     2.23632000e-03
5.784273     2.77240000e-03
5.786201     1.81862000e-03
5.788129     2.45369000e-03
5.790059     1.94588000e-03
5.791989     2.03897000e-03
5.793920     2.57968000e-03
5.795851     1.29135000e-03
5.797783     2.23620000e-03
5.799715     2.34409000e-03
5.801649     1.59977000e-03
5.803583     2.42289000e-03
5.805517     1.93182000e-03
5.807452     2.39057000e-03
5.809388     2.23721000e-03
5.811324     1.69379000e-03
5.813262     2.34524000e-03
5.815199     2.43068000e-03
5.817138     2.71469000e-03
5.819077     2.89132000e-03
5.821016     2.08774000e-03
5.822957     2.22965000e-03
5.824898     3.14701000e-03
5.826839     2.24692000e-03
5.828782     2.20681000e-03
5.830725     2.39364000e-03
5.832668     2.70036000e-03
5.834612     2.71591000e-03
5.836557     2.00969000e-03
5.838503     2.63313000e-03
5.840449     2.88129000e-03
5.842396     2.44384000e-03
5.844343     1.98433000e-03
5.846291     1.59937000e-03
5.848240     2.23211000e-03
5.850190     1.50558000e-03
5.852140     2.08508000e-03
5.854090     2.79911000e-03
5.856042     2.52070000e-03
5.857994     2.62845000e-03
5.859946     2.33839000e-03
5.861900     1.97222000e-03
5.863854     2.29364000e-03
5.865808     2.84732000e-03
5.867764     2.71877000e-03
5.869720     2.15746000e-03
5.871676     2.85135000e-03
5.873633     1.92021000e-03
5.875591     3.07610000e-03
5.877550     1.63711000e-03
5.879509     1.99440000e-03
5.881469     2.75208000e-03
5.883429     1.90613000e-03
5.885390     2.10799000e-03
5.887352     1.50789000e-03
5.889315     1.63588000e-03
5.891278     2.21578000e-03
5.893241     2.67152000e-03
5.895206     2.87096000e-03
5.897171     2.47576000e-03
5.899137     2.25831000e-03
5.901103     1.81730000e-03
5.903070     1.24837000e-03
5.905038     2.37368000e-03
5.907006     2.32662000e-03
5.908975     2.96131000e-03
5.910945     1.81849000e-03
5.912915     3.00951000e-03
5.914886     1.94456000e-03
5.916858     2.58995000e-03
5.918830     2.37574000e-03
5.920803     2.46316000e-03
5.922777     1.66151000e-03
5.924751     1.94469000e-03
5.926726     3.06812000e-03
5.928701     1.80288000e-03
5.930678     2.36886000e-03
5.932654     2.16184000e-03
5.934632     2.18442000e-03
5.936610     2.36543000e-03
5.938589     2.23480000e-03
5.940569     2.68409000e-03
5.942549     2.01902000e-03
5.944530     2.48722000e-03
5.946511     1.56785000e-03
5.948493     1.29323000e-03
5.950476     2.47087000e-03
5.952460     2.78168000e-03
5.954444     1.33019000e-03
5.956429     2.81058000e-03
5.958414     2.70511000e-03
5.960400     2.57911000e-03
5.962387     2.51163000e-03
5.964374     3.08653000e-03
5.966363     2.29061000e-03
5.968351     1.61477000e-03
5.970341     2.42415000e-03
5.972331     1.86621000e-03
5.974322     2.14436000e-03
5.976313     1.63142000e-03
5.978305     1.38975000e-03
5.980298     2.97173000e-03
5.982291     2.51670000e-03
5.984286     2.96434000e-03
5.986280     2.54903000e-03
5.988276     3.05254000e-03
5.990272     1.57115000e-03
5.992269     2.28527000e-03
5.994266     2.06117000e-03
5.996264     1.81564000e-03
5.998263     2.49461000e-03
6.000262     2.30246000e-03
6.002262     2.69052000e-03
6.004263     3.50101000e-03
6.006265     2.20108000e-03
6.008267     3.14466000e-03
6.010269     1.95037000e-03
6.012273     2.54271000e-03
6.014277     2.66086000e-03
6.016282     2.01591000e-03
6.018287     2.60346000e-03
6.020293     2.56685000e-03
6.022300     2.54984000e-03
6.024307     2.11718000e-03
6.026315     3.02161000e-03
6.028324     2.34639000e-03
6.030334     1.49274000e-03
6.032344     2.02520000e-03
6.034355     1.93963000e-03
6.036366     2.51804000e-03
6.038378     3.37478000e-03
6.040391     2.42940000e-03
6.042404     1.94002000e-03
6.044419     2.52978000e-03
6.046433     2.58921000e-03
6.048449     2.37711000e-03
6.050465     2.02626000e-03
6.052482     2.54722000e-03
6.054499     1.47308000e-03
6.056517     2.86115000e-03
6.058536     1.85960000e-03
6.060556     2.85301000e-03
6.062576     2.54098000e-03
6.064597     1.97427000e-03
6.066618     1.42774000e-03
6.068641     3.20922000e-03
6.070663     2.32807000e-03
6.072687     2.63738000e-03
6.074711     2.61900000e-03
6.076736     2.62554000e-03
6.078762     3.04583000e-03
6.080788     2.35660000e-03
6.082815     2.73818000e-03
6.084843     2.72003000e-03
6.086871     2.69561000e-03
6.088900     2.31999000e-03
6.090929     2.34348000e-03
6.092960     2.17294000e-03
6.094991     2.11986000e-03
6.097022     2.69956000e-03
6.099055     1.70216000e-03
6.101088     2.56352000e-03
6.103121     2.93770000e-03
6.105156     2.13227000e-03
6.107191     2.88714000e-03
6.109227     2.20041000e-03
6.111263     3.09000000e-03
6.113300     2.40211000e-03
6.115338     1.84230000e-03
6.117376     2.27550000e-03
6.119415     2.02238000e-03
6.121455     3.00907000e-03
6.123496     1.68773000e-03
6.125537     2.94084000e-03
6.127579     2.88169000e-03
6.129621     2.82003000e-03
6.131664     1.83857000e-03
6.133708     3.11445000e-03
6.135753     2.85045000e-03
6.137798     3.01190000e-03
6.139844     3.14433000e-03
6.141891     2.53743000e-03
6.143938     2.08230000e-03
6.145986     1.73000000e-03
6.148035     2.95487000e-03
6.150084     2.49388000e-03
6.152134     2.88088000e-03
6.154185     2.40797000e-03
6.156236     2.33692000e-03
6.158288     1.38763000e-03
6.160341     2.47342000e-03
6.162394     2.95544000e-03
6.164449     3.37414000e-03
6.166503     1.72868000e-03
6.168559     1.32933000e-03
6.170615     1.87243000e-03
6.172672     2.00870000e-03
6.174729     1.76377000e-03
6.176788     2.29781000e-03
6.178847     2.97940000e-03
6.180906     2.00425000e-03
6.182967     2.31339000e-03
6.185028     2.40202000e-03
6.187089     1.44852000e-03
6.189152     2.66218000e-03
6.191215     2.72108000e-03
6.193278     2.32015000e-03
6.195343     2.61712000e-03
6.197408     1.86118000e-03
6.199474     2.82044000e-03
6.201540     2.31481000e-03
6.203607     2.98342000e-03
6.205675     2.50155000e-03
6.207744     2.19938000e-03
6.209813     2.36301000e-03
6.211883     3.26043000e-03
6.213954     2.07293000e-03
6.216025     3.02401000e-03
6.218097     1.87533000e-03
6.220170     2.71312000e-03
6.222243     2.31631000e-03
6.224317     3.14829000e-03
6.226392     1.50757000e-03
6.228467     2.94202000e-03
6.230544     2.29437000e-03
6.232620     2.84092000e-03
6.234698     1.79160000e-03
6.236776     2.51827000e-03
6.238855     1.88397000e-03
6.240935     2.92794000e-03
6.243015     2.55587000e-03
6.245096     2.33256000e-03
6.247178     2.93579000e-03
6.249260     3.19650000e-03
6.251343     1.96849000e-03
6.253427     2.54717000e-03
6.255511     1.84112000e-03
6.257597     2.99625000e-03
6.259682     2.91937000e-03
6.261769     2.33533000e-03
6.263856     2.39523000e-03
6.265944     2.57141000e-03
6.268033     2.43183000e-03
6.270122     2.12998000e-03
6.272212     2.31777000e-03
6.274303     2.03238000e-03
6.276394     2.66999000e-03
6.278487     1.84706000e-03
6.280579     3.09241000e-03
6.282673     1.58084000e-03
6.284767     2.58591000e-03
6.286862     2.45812000e-03
6.288958     2.27529000e-03
6.291054     2.43821000e-03
6.293151     2.57455000e-03
6.295249     2.06835000e-03
6.297347     2.43117000e-03
6.299446     1.77911000e-03
6.301546     1.70074000e-03
6.303647     1.62204000e-03
6.305748     2.72504000e-03
6.307850     2.29097000e-03
6.309952     2.52499000e-03
6.312056     2.68822000e-03
6.314160     2.54499000e-03
6.316264     3.29527000e-03
6.318370     2.66556000e-03
6.320476     3.20644000e-03
6.322583     2.28545000e-03
6.324690     2.90635000e-03
6.326799     1.80021000e-03
6.328907     2.95087000e-03
6.331017     3.52564000e-03
6.333127     3.21120000e-03
6.335238     1.65092000e-03
6.337350     3.02634000e-03
6.339463     2.91373000e-03
6.341576     2.86219000e-03
6.343690     2.31243000e-03
6.345804     2.63290000e-03
6.347920     3.83390000e-03
6.350036     2.96343000e-03
6.352152     2.80202000e-03
6.354270     2.88855000e-03
6.356388     3.19976000e-03
6.358506     2.18716000e-03
6.360626     2.14269000e-03
6.362746     2.48990000e-03
6.364867     3.17769000e-03
6.366989     2.53858000e-03
6.369111     1.82632000e-03
6.371234     3.37647000e-03
6.373358     2.48250000e-03
6.375482     1.65597000e-03
6.377607     1.64965000e-03
6.379733     2.01851000e-03
6.381860     3.07222000e-03
6.383987     3.01182000e-03
6.386115     1.79222000e-03
6.388244     1.77130000e-03
6.390373     2.05704000e-03
6.392503     2.94318000e-03
6.394634     2.42761000e-03
6.396766     3.11062000e-03
6.398898     2.40803000e-03
6.401031     2.19469000e-03
6.403165     2.72645000e-03
6.405299     2.48798000e-03
6.407434     2.46133000e-03
6.409570     2.54376000e-03
6.411707     2.02653000e-03
6.413844     1.98028000e-03
6.415982     2.14351000e-03
6.418120     2.63155000e-03
6.420260     2.39879000e-03
6.422400     3.16746000e-03
6.424541     2.75325000e-03
6.426682     2.13482000e-03
6.428824     2.49697000e-03
6.430967     2.46637000e-03
6.433111     2.29219000e-03
6.435255     1.98891000e-03
6.437400     3.20530000e-03
6.439546     2.84585000e-03
6.441693     2.27612000e-03
6.443840     3.04798000e-03
6.445988     1.47429000e-03
6.448137     3.03190000e-03
6.450286     2.27011000e-03
6.452436     1.95638000e-03
6.454587     2.99190000e-03
6.456738     1.96840000e-03
6.458891     2.43746000e-03
6.461044     3.38647000e-03
6.463197     3.26287000e-03
6.465352     3.25461000e-03
6.467507     2.99481000e-03
6.469663     2.24794000e-03
6.471819     1.82527000e-03
6.473976     1.98145000e-03
6.476134     2.96611000e-03
6.478293     2.04667000e-03
6.480453     2.69836000e-03
6.482613     2.16048000e-03
6.484774     2.39465000e-03
6.486935     2.55326000e-03
6.489098     1.71447000e-03
6.491261     2.01029000e-03
6.493424     3.17162000e-03
6.495589     3.00616000e-03
6.497754     1.96221000e-03
6.499920     2.08726000e-03
6.502087     2.39011000e-03
6.504254     2.26492000e-03
6.506422     2.30102000e-03
6.508591     2.87667000e-03
6.510760     2.96623000e-03
6.512931     2.49548000e-03
6.515102     1.56545000e-03
6.517273     2.17475000e-03
6.519446     2.37966000e-03
6.521619     2.36532000e-03
6.523793     1.98705000e-03
6.525967     1.95519000e-03
6.528143     2.88510000e-03
6.530319     2.04616000e-03
6.532495     2.28556000e-03
6.534673     2.68010000e-03
6.536851     3.33244000e-03
6.539030     2.04419000e-03
6.541210     1.90368000e-03
6.543390     2.20975000e-03
6.545571     1.98696000e-03
6.547753     2.28825000e-03
6.549936     1.63059000e-03
6.552119     1.99257000e-03
6.554303     2.23487000e-03
6.556488     2.86313000e-03
6.558673     2.91555000e-03
6.560860     1.47205000e-03
6.563047     1.84614000e-03
6.565234     2.38325000e-03
6.567423     2.17142000e-03
6.569612     2.96061000e-03
6.571802     2.35843000e-03
6.573992     1.92899000e-03
6.576184     1.87937000e-03
6.578376     2.19644000e-03
6.580568     2.25850000e-03
6.582762     2.30821000e-03
6.584956     1.65560000e-03
6.587151     3.01913000e-03
6.589347     2.82222000e-03
6.591543     3.12945000e-03
6.593741     2.74703000e-03
6.595938     1.70378000e-03
6.598137     1.46220000e-03
6.600336     1.74252000e-03
6.602537     2.19342000e-03
6.604737     2.26034000e-03
6.606939     2.45181000e-03
6.609141     3.19685000e-03
6.611344     2.16069000e-03
6.613548     2.88049000e-03
6.615753     2.62304000e-03
6.617958     2.82825000e-03
6.620164     1.45900000e-03
6.622371     2.29509000e-03
6.624578     1.84204000e-03
6.626786     2.46253000e-03
6.628995     2.17409000e-03
6.631205     1.70153000e-03
6.633415     1.73792000e-03
6.635626     2.41864000e-03
6.637838     1.84347000e-03
6.640051     1.63622000e-03
6.642264     1.59946000e-03
6.644478     1.83453000e-03
6.646693     2.22490000e-03
6.648909     3.16070000e-03
6.651125     3.23014000e-03
6.653342     2.58524000e-03
6.655560     2.03180000e-03
6.657778     2.22989000e-03
6.659998     2.75805000e-03
6.662218     3.08947000e-03
6.664438     1.85537000e-03
6.666660     1.66280000e-03
6.668882     3.05744000e-03
6.671105     1.48960000e-03
6.673329     1.63012000e-03
6.675553     2.56250000e-03
6.677778     2.19418000e-03
6.680004     3.06223000e-03
6.682231     2.71631000e-03
6.684458     2.72666000e-03
6.686687     1.59434000e-03
6.688915     2.50349000e-03
6.691145     2.67761000e-03
6.693375     2.04681000e-03
6.695607     2.88762000e-03
6.697838     1.67308000e-03
6.700071     3.10361000e-03
6.702304     2.14223000e-03
6.704538     2.47560000e-03
6.706773     2.15404000e-03
6.709009     2.70865000e-03
6.711245     2.52220000e-03
6.713482     1.98550000e-03
6.715720     1.50575000e-03
6.717959     2.26902000e-03
6.720198     2.54141000e-03
6.722438     2.72145000e-03
6.724679     2.45653000e-03
6.726921     2.24531000e-03
6.729163     2.25079000e-03
6.731406     2.84698000e-03
6.733650     2.30212000e-03
6.735894     2.28072000e-03
6.738140     2.67301000e-03
6.740386     2.30029000e-03
6.742632     1.80388000e-03
6.744880     2.17459000e-03
6.747128     3.29517000e-03
6.749377     2.49891000e-03
6.751627     2.02033000e-03
6.753878     1.72980000e-03
6.756129     2.58412000e-03
6.758381     2.03058000e-03
6.760634     2.30860000e-03
6.762887     2.12380000e-03
6.765142     2.23323000e-03
6.767397     2.61371000e-03
6.769652     2.12011000e-03
6.771909     2.22885000e-03
6.774166     2.38291000e-03
6.776424     1.88637000e-03
6.778683     2.92030000e-03
6.780943     2.14829000e-03
6.783203     2.16004000e-03
6.785464     2.68133000e-03
6.787726     2.14850000e-03
6.789988     1.73126000e-03
6.792252     2.90381000e-03
6.794516     2.47652000e-03
6.796781     2.19376000e-03
6.799046     2.60758000e-03
6.801313     2.04040000e-03
6.803580     2.76955000e-03
6.805848     2.80928000e-03
6.808116     2.74516000e-03
6.810386     2.33129000e-03
6.812656     2.31317000e-03
6.814927     2.59709000e-03
6.817198     2.12811000e-03
6.819471     2.77725000e-03
6.821744     3.06789000e-03
6.824018     2.22751000e-03
6.826292     2.13288000e-03
6.828568     2.40910000e-03
6.830844     2.86215000e-03
6.833121     3.00997000e-03
6.835399     2.84114000e-03
6.837677     2.59189000e-03
6.839956     2.14952000e-03
6.842236     2.62019000e-03
6.844517     1.51887000e-03
6.846799     3.16670000e-03
6.849081     2.95182000e-03
6.851364     2.04811000e-03
6.853648     2.74904000e-03
6.855932     2.30653000e-03
6.858218     2.27808000e-03
6.860504     2.85406000e-03
6.862790     2.41302000e-03
6.865078     2.78678000e-03
6.867366     1.90935000e-03
6.869656     1.94308000e-03
6.871945     2.14905000e-03
6.874236     2.79403000e-03
6.876527     1.55779000e-03
6.878820     2.71793000e-03
6.881113     2.74136000e-03
6.883406     2.15840000e-03
6.885701     1.93358000e-03
6.887996     2.92356000e-03
6.890292     2.49217000e-03
6.892589     2.69668000e-03
6.894886     1.87019000e-03
6.897185     2.19427000e-03
6.899484     2.65649000e-03
6.901783     2.99905000e-03
6.904084     2.49703000e-03
6.906385     1.57380000e-03
6.908688     1.95190000e-03
6.910990     2.60936000e-03
6.913294     2.31678000e-03
6.915599     3.56867000e-03
6.917904     3.03863000e-03
6.920210     2.71815000e-03
6.922516     3.15620000e-03
6.924824     2.62377000e-03
6.927132     2.43973000e-03
6.929441     3.07718000e-03
6.931751     2.77381000e-03
6.934062     2.79771000e-03
6.936373     1.56626000e-03
6.938685     2.40882000e-03
6.940998     1.77200000e-03
6.943312     2.81391000e-03
6.945626     3.32476000e-03
6.947941     2.83222000e-03
6.950257     1.57435000e-03
6.952574     2.41657000e-03
6.954892     2.87743000e-03
6.957210     2.85719000e-03
6.959529     1.71379000e-03
6.961849     2.67098000e-03
6.964169     3.20275000e-03
6.966491     2.45768000e-03
6.968813     2.86850000e-03
6.971136     1.65878000e-03
6.973460     3.24333000e-03
6.975784     2.46197000e-03
6.978109     2.80018000e-03
6.980435     2.53911000e-03
6.982762     2.98832000e-03
6.985090     2.42806000e-03
6.987418     1.75035000e-03
6.989747     2.43189000e-03
6.992077     3.49004000e-03
6.994408     3.50633000e-03
6.996739     2.92237000e-03
6.999072     2.23890000e-03
7.001405     1.58814000e-03
7.003738     2.76744000e-03
7.006073     2.95249000e-03
7.008408     2.81565000e-03
7.010745     2.83523000e-03
7.013081     2.27464000e-03
7.015419     2.21680000e-03
7.017758     2.45335000e-03
7.020097     3.01961000e-03
7.022437     2.85610000e-03
7.024778     1.58804000e-03
7.027119     2.68469000e-03
7.029462     2.25513000e-03
7.031805     2.63964000e-03
7.034149     2.75849000e-03
7.036494     2.86211000e-03
7.038839     2.38862000e-03
7.041185     1.66058000e-03
7.043532     2.68737000e-03
7.045880     2.71137000e-03
7.048229     2.75479000e-03
7.050578     2.67698000e-03
7.052928     2.32822000e-03
7.055279     2.90765000e-03
7.057631     2.80141000e-03
7.059984     2.67462000e-03
7.062337     1.98194000e-03
7.064691     2.98629000e-03
7.067046     2.85446000e-03
7.069402     2.69356000e-03
7.071758     1.79647000e-03
7.074115     3.45809000e-03
7.076473     1.96754000e-03
7.078832     2.23081000e-03
7.081192     3.01446000e-03
7.083552     2.72521000e-03
7.085914     2.85136000e-03
7.088275     2.75024000e-03
7.090638     3.09343000e-03
7.093002     2.23628000e-03
7.095366     2.88001000e-03
7.097731     3.11812000e-03
7.100097     2.82598000e-03
7.102464     1.99359000e-03
7.104831     1.93799000e-03
7.107200     1.76061000e-03
7.109569     3.29342000e-03
7.111939     2.78080000e-03
7.114309     2.30966000e-03
7.116681     2.95692000e-03
7.119053     2.12997000e-03
7.121426     2.81220000e-03
7.123800     2.55063000e-03
7.126174     3.03547000e-03
7.128550     2.80930000e-03
7.130926     1.69451000e-03
7.133303     2.60662000e-03
7.135681     3.43775000e-03
7.138059     1.74397000e-03
7.140438     1.65732000e-03
7.142819     2.11815000e-03
7.145200     2.01664000e-03
7.147581     2.31304000e-03
7.149964     1.80780000e-03
7.152347     3.14543000e-03
7.154731     2.60424000e-03
7.157116     1.90035000e-03
7.159502     3.20504000e-03
7.161888     2.67673000e-03
7.164276     1.58523000e-03
7.166664     2.96605000e-03
7.169053     3.22816000e-03
7.171442     1.62106000e-03
7.173833     2.14937000e-03
7.176224     2.89388000e-03
7.178616     3.11123000e-03
7.181009     3.18121000e-03
7.183403     2.22511000e-03
7.185797     2.36137000e-03
7.188192     2.00801000e-03
7.190589     1.71867000e-03
7.192985     2.85435000e-03
7.195383     3.16995000e-03
7.197782     2.87812000e-03
7.200181     2.36129000e-03
7.202581     2.69302000e-03
7.204982     1.66304000e-03
7.207383     2.53134000e-03
7.209786     3.47021000e-03
7.212189     2.31195000e-03
7.214593     2.44409000e-03
7.216998     3.16046000e-03
7.219404     2.08466000e-03
7.221810     2.47610000e-03
7.224217     2.63456000e-03
7.226625     1.80968000e-03
7.229034     2.76796000e-03
7.231444     3.11687000e-03
7.233855     2.87237000e-03
7.236266     2.64359000e-03
7.238678     2.34315000e-03
7.241091     3.28136000e-03
7.243504     3.10036000e-03
7.245919     2.87319000e-03
7.248334     2.65189000e-03
7.250750     3.16891000e-03
7.253167     2.73788000e-03
7.255585     2.54383000e-03
7.258004     1.67216000e-03
7.260423     3.32105000e-03
7.262843     2.08441000e-03
7.265264     2.79089000e-03
7.267686     2.35676000e-03
7.270108     2.88221000e-03
7.272532     2.68757000e-03
7.274956     2.11928000e-03
7.277381     1.86050000e-03
7.279807     1.81043000e-03
7.282233     3.14417000e-03
7.284661     3.21708000e-03
7.287089     2.37898000e-03
7.289518     2.63876000e-03
7.291948     3.40725000e-03
7.294378     2.24614000e-03
7.296810     2.48521000e-03
7.299242     2.20316000e-03
7.301675     2.23983000e-03
7.304109     1.91271000e-03
7.306544     2.07116000e-03
7.308979     2.61302000e-03
7.311416     3.54889000e-03
7.313853     1.98542000e-03
7.316291     2.75938000e-03
7.318729     3.33410000e-03
7.321169     2.38119000e-03
7.323609     2.23320000e-03
7.326051     2.08828000e-03
7.328493     2.92911000e-03
7.330935     2.20010000e-03
7.333379     2.57066000e-03
7.335824     1.66027000e-03
7.338269     1.87826000e-03
7.340715     3.10843000e-03
7.343162     2.41190000e-03
7.345610     2.59472000e-03
7.348058     2.85091000e-03
7.350507     3.19148000e-03
7.352958     3.35614000e-03
7.355409     2.35463000e-03
7.357860     2.70492000e-03
7.360313     2.66771000e-03
7.362767     3.11188000e-03
7.365221     2.77005000e-03
7.367676     3.39684000e-03
7.370132     3.31500000e-03
7.372588     3.04012000e-03
7.375046     3.07555000e-03
7.377504     2.18704000e-03
7.379963     2.48004000e-03
7.382423     2.43946000e-03
7.384884     2.48059000e-03
7.387346     3.66283000e-03
7.389808     2.76680000e-03
7.392272     3.03599000e-03
7.394736     2.84322000e-03
7.397201     2.92230000e-03
7.399666     3.16967000e-03
7.402133     3.11303000e-03
7.404600     3.14296000e-03
7.407068     3.01263000e-03
7.409538     2.79666000e-03
7.412007     2.39044000e-03
7.414478     1.73718000e-03
7.416950     3.04871000e-03
7.419422     3.38761000e-03
7.421895     2.63574000e-03
7.424369     2.45223000e-03
7.426844     2.68048000e-03
7.429319     2.49857000e-03
7.431796     2.10650000e-03
7.434273     3.29342000e-03
7.436751     1.90164000e-03
7.439230     2.97322000e-03
7.441710     2.47466000e-03
7.444190     2.04572000e-03
7.446672     2.34599000e-03
7.449154     2.85523000e-03
7.451637     3.20021000e-03
7.454121     2.34996000e-03
7.456606     1.98245000e-03
7.459091     2.47648000e-03
7.461578     2.69426000e-03
7.464065     2.47323000e-03
7.466553     3.03448000e-03
7.469042     2.48623000e-03
7.471531     2.72526000e-03
7.474022     1.74684000e-03
7.476513     2.14906000e-03
7.479005     3.18782000e-03
7.481498     2.45476000e-03
7.483992     2.33548000e-03
7.486487     3.07622000e-03
7.488982     2.49867000e-03
7.491479     2.21378000e-03
7.493976     2.28076000e-03
7.496474     2.29757000e-03
7.498973     2.46367000e-03
7.501472     2.26069000e-03
7.503973     2.91762000e-03
7.506474     2.79386000e-03
7.508976     3.19686000e-03
7.511479     3.73887000e-03
7.513983     2.15378000e-03
7.516488     2.47313000e-03
7.518993     3.14898000e-03
7.521500     2.39451000e-03
7.524007     2.57590000e-03
7.526515     2.48617000e-03
7.529024     2.19229000e-03
7.531533     1.81994000e-03
7.534044     3.22488000e-03
7.536555     1.73811000e-03
7.539067     1.93520000e-03
7.541580     2.88961000e-03
7.544094     2.62824000e-03
7.546609     2.59830000e-03
7.549124     2.88466000e-03
7.551641     2.98316000e-03
7.554158     2.62360000e-03
7.556676     1.71993000e-03
7.559195     2.78936000e-03
7.561715     3.29113000e-03
7.564235     3.44521000e-03
7.566757     2.94425000e-03
7.569279     2.84707000e-03
7.571802     2.16283000e-03
7.574326     2.08240000e-03
7.576851     2.57411000e-03
7.579376     2.14679000e-03
7.581903     1.83412000e-03
7.584430     2.39378000e-03
7.586958     1.80741000e-03
7.589487     1.92479000e-03
7.592017     2.77272000e-03
7.594548     3.14737000e-03
7.597079     3.26498000e-03
7.599612     1.71334000e-03
7.602145     2.97547000e-03
7.604679     3.17291000e-03
7.607214     2.73017000e-03
7.609749     3.13828000e-03
7.612286     2.50645000e-03
7.614823     1.71277000e-03
7.617362     3.38807000e-03
7.619901     1.69507000e-03
7.622441     2.69310000e-03
7.624982     2.04345000e-03
7.627523     3.09974000e-03
7.630066     2.54093000e-03
7.632609     2.51159000e-03
7.635153     2.51781000e-03
7.637698     3.09761000e-03
7.640244     2.45964000e-03
7.642791     2.80163000e-03
7.645339     2.19686000e-03
7.647887     2.11277000e-03
7.650436     2.40636000e-03
7.652987     2.91737000e-03
7.655538     3.00139000e-03
7.658089     2.81988000e-03
7.660642     2.21648000e-03
7.663196     3.36869000e-03
7.665750     3.02917000e-03
7.668305     2.58812000e-03
7.670861     2.21622000e-03
7.673418     2.89161000e-03
7.675976     3.40098000e-03
7.678535     2.44575000e-03
7.681094     2.65924000e-03
7.683655     3.12433000e-03
7.686216     2.77982000e-03
7.688778     1.88121000e-03
7.691341     3.01443000e-03
7.693905     1.89468000e-03
7.696469     2.12716000e-03
7.699035     2.86676000e-03
7.701601     2.04998000e-03
7.704168     2.73760000e-03
7.706736     3.19055000e-03
7.709305     1.74460000e-03
7.711875     1.94195000e-03
7.714446     3.11354000e-03
7.717017     2.39543000e-03
7.719590     3.32267000e-03
7.722163     2.07299000e-03
7.724737     2.38640000e-03
7.727312     2.57646000e-03
7.729887     2.44780000e-03
7.732464     3.27495000e-03
7.735042     1.75270000e-03
7.737620     2.59974000e-03
7.740199     2.51747000e-03
7.742779     2.37289000e-03
7.745360     2.45591000e-03
7.747942     2.96275000e-03
7.750525     2.03542000e-03
7.753108     3.29412000e-03
7.755692     2.34064000e-03
7.758278     2.81104000e-03
7.760864     3.36379000e-03
7.763451     2.88890000e-03
7.766039     2.97184000e-03
7.768627     3.10332000e-03
7.771217     2.03594000e-03
7.773807     2.39922000e-03
7.776398     2.75269000e-03
7.778991     3.30271000e-03
7.781584     2.86397000e-03
7.784177     3.41655000e-03
7.786772     2.33793000e-03
7.789368     2.19771000e-03
7.791964     2.22626000e-03
7.794562     2.11653000e-03
7.797160     3.34296000e-03
7.799759     3.10113000e-03
7.802359     3.18066000e-03
7.804959     1.78142000e-03
7.807561     2.63182000e-03
7.810164     2.25523000e-03
7.812767     3.04544000e-03
7.815371     3.44539000e-03
7.817976     3.03903000e-03
7.820582     2.83257000e-03
7.823189     2.46165000e-03
7.825797     2.80679000e-03
7.828406     2.87100000e-03
7.831015     3.34264000e-03
7.833625     1.75762000e-03
7.836237     2.54789000e-03
7.838849     3.33004000e-03
7.841462     3.68795000e-03
7.844075     3.25132000e-03
7.846690     2.72973000e-03
7.849306     2.03933000e-03
7.851922     2.08305000e-03
7.854539     2.39890000e-03
7.857158     1.96643000e-03
7.859777     2.76840000e-03
7.862397     3.44020000e-03
7.865017     2.75706000e-03
7.867639     2.74410000e-03
7.870262     2.82698000e-03
7.872885     3.29569000e-03
7.875509     2.45828000e-03
7.878134     2.09433000e-03
7.880761     2.33006000e-03
7.883387     2.69301000e-03
7.886015     2.96817000e-03
7.888644     3.29338000e-03
7.891273     1.92876000e-03
7.893904     2.80435000e-03
7.896535     3.17990000e-03
7.899167     2.77146000e-03
7.901800     3.28059000e-03
7.904434     2.74991000e-03
7.907069     2.89535000e-03
7.909705     1.94978000e-03
7.912341     3.14637000e-03
7.914979     3.24943000e-03
7.917617     2.42207000e-03
7.920256     3.27080000e-03
7.922897     3.03619000e-03
7.925537     3.35315000e-03
7.928179     3.49914000e-03
7.930822     3.37720000e-03
7.933466     2.63990000e-03
7.936110     2.89803000e-03
7.938756     2.09487000e-03
7.941402     2.22345000e-03
7.944049     2.40480000e-03
7.946697     2.61237000e-03
7.949346     3.25205000e-03
7.951996     3.08997000e-03
7.954646     2.94593000e-03
7.957298     3.15980000e-03
7.959950     2.22178000e-03
7.962604     2.74570000e-03
7.965258     3.34088000e-03
7.967913     2.84689000e-03
7.970569     2.56709000e-03
7.973226     3.13507000e-03
7.975883     3.28818000e-03
7.978542     3.04620000e-03
7.981202     2.99925000e-03
7.983862     3.26763000e-03
7.986523     2.71998000e-03
7.989185     2.11906000e-03
7.991848     2.45057000e-03
7.994512     3.48735000e-03
7.997177     3.00915000e-03
7.999843     2.46229000e-03
8.002510     3.58209000e-03
8.005177     2.86534000e-03
8.007845     2.50132000e-03
8.010515     3.15664000e-03
8.013185     3.49007000e-03
8.015856     2.88665000e-03
8.018528     2.44626000e-03
8.021201     2.84539000e-03
8.023875     3.72355000e-03
8.026549     3.27789000e-03
8.029225     2.70495000e-03
8.031901     3.73391000e-03
8.034578     2.81901000e-03
8.037257     2.93091000e-03
8.039936     3.12031000e-03
8.042616     2.55618000e-03
8.045297     2.97709000e-03
8.047978     1.82602000e-03
8.050661     1.81048000e-03
8.053344     2.92498000e-03
8.056029     2.32396000e-03
8.058714     1.84068000e-03
8.061401     3.26804000e-03
8.064088     2.44074000e-03
8.066776     2.68647000e-03
8.069465     2.77920000e-03
8.072154     2.43327000e-03
8.074845     2.79457000e-03
8.077537     3.49477000e-03
8.080229     2.61880000e-03
8.082923     2.34479000e-03
8.085617     1.97318000e-03
8.088312     2.70509000e-03
8.091008     2.96832000e-03
8.093705     3.56425000e-03
8.096403     3.29239000e-03
8.099102     2.21443000e-03
8.101802     2.05379000e-03
8.104502     3.42115000e-03
8.107204     3.39496000e-03
8.109906     2.71844000e-03
8.112610     2.21090000e-03
8.115314     2.00353000e-03
8.118019     2.72648000e-03
8.120725     3.16184000e-03
8.123432     2.09666000e-03
8.126140     2.40049000e-03
8.128848     3.19252000e-03
8.131558     3.29903000e-03
8.134268     2.28872000e-03
8.136980     2.72602000e-03
8.139692     2.93410000e-03
8.142405     2.77802000e-03
8.145120     2.28003000e-03
8.147835     3.50653000e-03
8.150550     2.67257000e-03
8.153267     3.29738000e-03
8.155985     2.56632000e-03
8.158704     3.05078000e-03
8.161423     3.22949000e-03
8.164144     2.81916000e-03
8.166865     3.57248000e-03
8.169587     3.29134000e-03
8.172311     2.77763000e-03
8.175035     2.95068000e-03
8.177760     2.29310000e-03
8.180486     2.88696000e-03
8.183213     2.91146000e-03
8.185940     2.21954000e-03
8.188669     3.51985000e-03
8.191398     2.82595000e-03
8.194129     2.87795000e-03
8.196860     2.52736000e-03
8.199593     2.61891000e-03
8.202326     2.71639000e-03
8.205060     3.01548000e-03
8.207795     2.96034000e-03
8.210531     2.48700000e-03
8.213268     3.63594000e-03
8.216005     2.72251000e-03
8.218744     3.58863000e-03
8.221484     3.22377000e-03
8.224224     3.11505000e-03
8.226966     3.32002000e-03
8.229708     2.07061000e-03
8.232451     3.05695000e-03
8.235195     2.55954000e-03
8.237940     2.64008000e-03
8.240686     3.14916000e-03
8.243433     2.03889000e-03
8.246181     2.42147000e-03
8.248930     3.13814000e-03
8.251679     2.75866000e-03
8.254430     2.07344000e-03
8.257181     2.89875000e-03
8.259934     3.29351000e-03
8.262687     3.07204000e-03
8.265441     3.33620000e-03
8.268197     3.02630000e-03
8.270953     2.23669000e-03
8.273710     2.94273000e-03
8.276468     2.62835000e-03
8.279226     1.88217000e-03
8.281986     2.48645000e-03
8.284747     1.93335000e-03
8.287508     3.45141000e-03
8.290271     3.34954000e-03
8.293034     3.30328000e-03
8.295799     3.30507000e-03
8.298564     2.32638000e-03
8.301330     3.20429000e-03
8.304097     3.32896000e-03
8.306865     3.31821000e-03
8.309634     2.39956000e-03
8.312404     3.79920000e-03
8.315175     3.07170000e-03
8.317947     2.42565000e-03
8.320719     3.36583000e-03
8.323493     2.27576000e-03
8.326267     2.83534000e-03
8.329043     2.46154000e-03
8.331819     3.52177000e-03
8.334596     2.61769000e-03
8.337375     3.26351000e-03
8.340154     1.99816000e-03
8.342934     3.36872000e-03
8.345715     3.45984000e-03
8.348497     2.88551000e-03
8.351279     2.60876000e-03
8.354063     3.06292000e-03
8.356848     2.47254000e-03
8.359633     2.89588000e-03
8.362420     2.31918000e-03
8.365207     3.41953000e-03
8.367996     2.95702000e-03
8.370785     2.51770000e-03
8.373575     2.86112000e-03
8.376367     2.73267000e-03
8.379159     2.62188000e-03
8.381952     3.05322000e-03
8.384746     2.27157000e-03
8.387541     3.11602000e-03
8.390337     3.25425000e-03
8.393133     2.15709000e-03
8.395931     2.21761000e-03
8.398730     3.56769000e-03
8.401529     3.07075000e-03
8.404330     3.34351000e-03
8.407131     3.38125000e-03
8.409934     2.95761000e-03
8.412737     2.91868000e-03
8.415541     2.30651000e-03
8.418346     3.47129000e-03
8.421152     2.89850000e-03
8.423960     3.05674000e-03
8.426768     2.98409000e-03
8.429576     3.27732000e-03
8.432386     3.20114000e-03
8.435197     2.07725000e-03
8.438009     2.69994000e-03
8.440822     2.00301000e-03
8.443635     2.06885000e-03
8.446450     2.93846000e-03
8.449265     2.79067000e-03
8.452082     3.10330000e-03
8.454899     2.45770000e-03
8.457717     2.29916000e-03
8.460536     3.78144000e-03
8.463357     3.29486000e-03
8.466178     3.20588000e-03
8.469000     3.68615000e-03
8.471823     3.90852000e-03
8.474647     3.64170000e-03
8.477472     2.79730000e-03
8.480297     3.46702000e-03
8.483124     3.60451000e-03
8.485952     2.92880000e-03
8.488781     3.29122000e-03
8.491610     3.54863000e-03
8.494441     3.33282000e-03
8.497272     3.19815000e-03
8.500105     3.17082000e-03
8.502938     2.34637000e-03
8.505772     3.26140000e-03
8.508608     3.06003000e-03
8.511444     2.90186000e-03
8.514281     2.54059000e-03
8.517119     3.78541000e-03
8.519958     2.10878000e-03
8.522798     2.93452000e-03
8.525639     4.01650000e-03
8.528481     3.55321000e-03
8.531324     2.88987000e-03
8.534167     3.37532000e-03
8.537012     2.74270000e-03
8.539858     3.52477000e-03
8.542704     3.36956000e-03
8.545552     2.36992000e-03
8.548401     3.00476000e-03
8.551250     2.37207000e-03
8.554100     2.60341000e-03
8.556952     2.58436000e-03
8.559804     3.17832000e-03
8.562657     2.61775000e-03
8.565512     2.01570000e-03
8.568367     2.37748000e-03
8.571223     2.52321000e-03
8.574080     3.16233000e-03
8.576938     2.36056000e-03
8.579797     3.46458000e-03
8.582657     3.47595000e-03
8.585518     2.61255000e-03
8.588380     2.97457000e-03
8.591242     3.50887000e-03
8.594106     2.35200000e-03
8.596971     3.48696000e-03
8.599837     3.63817000e-03
8.602703     2.66242000e-03
8.605571     2.43566000e-03
8.608439     2.56327000e-03
8.611309     3.09718000e-03
8.614179     3.49847000e-03
8.617051     2.99812000e-03
8.619923     1.92325000e-03
8.622796     3.37960000e-03
8.625670     3.23638000e-03
8.628546     3.57478000e-03
8.631422     2.56987000e-03
8.634299     2.74002000e-03
8.637177     2.75618000e-03
8.640056     3.65288000e-03
8.642936     3.62376000e-03
8.645817     3.75327000e-03
8.648699     2.89770000e-03
8.651582     3.70490000e-03
8.654466     2.74871000e-03
8.657351     3.85543000e-03
8.660236     3.99722000e-03
8.663123     2.70903000e-03
8.666011     2.11068000e-03
8.668900     3.45679000e-03
8.671789     3.56364000e-03
8.674680     3.64816000e-03
8.677571     3.60611000e-03
8.680464     3.81466000e-03
8.683357     3.25958000e-03
8.686252     2.91674000e-03
8.689147     4.06763000e-03
8.692044     3.20270000e-03
8.694941     3.32366000e-03
8.697839     3.81108000e-03
8.700739     4.05215000e-03
8.703639     3.31790000e-03
8.706540     2.48692000e-03
8.709442     2.08846000e-03
8.712345     2.77910000e-03
8.715249     2.77972000e-03
8.718155     3.53170000e-03
8.721061     2.58967000e-03
8.723968     3.67443000e-03
8.726876     2.73629000e-03
8.729785     3.15774000e-03
8.732695     3.44549000e-03
8.735605     2.43273000e-03
8.738517     4.21479000e-03
8.741430     2.63561000e-03
8.744344     3.48110000e-03
8.747259     3.60488000e-03
8.750174     3.48798000e-03
8.753091     2.66196000e-03
8.756009     3.78655000e-03
8.758928     3.55413000e-03
8.761847     2.69744000e-03
8.764768     3.63679000e-03
8.767689     3.32625000e-03
8.770612     3.83770000e-03
8.773536     2.82338000e-03
8.776460     3.06698000e-03
8.779386     3.97641000e-03
8.782312     3.24677000e-03
8.785239     2.05731000e-03
8.788168     2.57776000e-03
8.791097     3.03363000e-03
8.794028     3.63075000e-03
8.796959     3.23788000e-03
8.799891     3.39418000e-03
8.802825     2.77106000e-03
8.805759     3.31152000e-03
8.808694     3.13962000e-03
8.811630     3.65753000e-03
8.814568     3.66734000e-03
8.817506     2.12373000e-03
8.820445     3.58740000e-03
8.823385     3.35071000e-03
8.826326     3.73437000e-03
8.829268     3.44419000e-03
8.832211     3.25190000e-03
8.835155     2.77961000e-03
8.838100     3.03343000e-03
8.841046     3.77258000e-03
8.843994     4.00781000e-03
8.846942     2.93809000e-03
8.849890     3.71321000e-03
8.852840     2.09053000e-03
8.855791     3.49174000e-03
8.858743     3.84853000e-03
8.861696     3.79208000e-03
8.864650     3.12012000e-03
8.867605     3.77351000e-03
8.870561     3.30511000e-03
8.873518     3.89820000e-03
8.876476     3.94567000e-03
8.879434     4.20155000e-03
8.882394     2.34400000e-03
8.885355     2.73956000e-03
8.888317     3.09617000e-03
8.891280     2.19494000e-03
8.894243     3.66555000e-03
8.897208     2.58306000e-03
8.900174     3.97515000e-03
8.903141     3.18924000e-03
8.906108     3.85947000e-03
8.909077     3.39796000e-03
8.912047     3.37076000e-03
8.915017     3.91543000e-03
8.917989     3.84033000e-03
8.920962     2.82050000e-03
8.923935     3.97036000e-03
8.926910     3.55876000e-03
8.929886     3.94543000e-03
8.932862     2.53734000e-03
8.935840     2.39177000e-03
8.938818     3.82562000e-03
8.941798     2.23612000e-03
8.944779     2.86936000e-03
8.947760     3.26595000e-03
8.950743     3.30542000e-03
8.953726     3.62701000e-03
8.956711     2.75380000e-03
8.959697     3.37813000e-03
8.962683     3.14563000e-03
8.965671     3.75946000e-03
8.968659     3.90398000e-03
8.971649     3.57483000e-03
8.974639     4.23369000e-03
8.977631     3.23039000e-03
8.980623     2.50111000e-03
8.983617     2.88580000e-03
8.986612     2.90006000e-03
8.989607     3.67523000e-03
8.992604     3.89801000e-03
8.995601     3.53922000e-03
8.998600     2.69551000e-03
9.001599     3.53328000e-03
9.004600     3.19171000e-03
9.007601     3.01978000e-03
9.010604     3.62580000e-03
9.013607     2.91929000e-03
9.016612     2.70835000e-03
9.019617     3.34581000e-03
9.022624     2.44463000e-03
9.025631     3.31625000e-03
9.028640     3.33969000e-03
9.031650     3.86533000e-03
9.034660     3.17371000e-03
9.037672     3.66326000e-03
9.040684     3.25547000e-03
9.043698     3.65676000e-03
9.046712     4.01831000e-03
9.049728     2.66544000e-03
9.052745     3.33869000e-03
9.055762     3.86017000e-03
9.058781     2.10343000e-03
9.061800     2.91474000e-03
9.064821     2.93677000e-03
9.067842     3.34738000e-03
9.070865     3.76980000e-03
9.073889     3.68643000e-03
9.076913     3.17299000e-03
9.079939     3.76014000e-03
9.082966     3.72010000e-03
9.085993     3.40076000e-03
9.089022     3.39211000e-03
9.092052     3.40904000e-03
9.095082     3.25566000e-03
9.098114     3.53545000e-03
9.101147     3.44299000e-03
9.104180     3.70673000e-03
9.107215     2.17403000e-03
9.110251     3.24173000e-03
9.113288     3.78977000e-03
9.116325     4.04360000e-03
9.119364     3.12714000e-03
9.122404     4.32745000e-03
9.125445     2.11516000e-03
9.128487     3.03266000e-03
9.131529     3.66543000e-03
9.134573     3.03891000e-03
9.137618     3.70899000e-03
9.140664     3.15167000e-03
9.143711     3.16289000e-03
9.146759     3.01533000e-03
9.149808     3.64609000e-03
9.152858     3.31900000e-03
9.155909     3.23444000e-03
9.158961     3.79085000e-03
9.162014     3.39069000e-03
9.165068     2.45702000e-03
9.168123     3.90880000e-03
9.171179     2.57284000e-03
9.174236     3.16570000e-03
9.177294     3.51148000e-03
9.180353     2.51377000e-03
9.183413     2.31086000e-03
9.186474     3.97373000e-03
9.189536     4.04532000e-03
9.192599     3.98463000e-03
9.195664     2.68365000e-03
9.198729     3.25515000e-03
9.201795     3.43141000e-03
9.204862     2.75446000e-03
9.207931     3.69644000e-03
9.211000     3.61289000e-03
9.214070     3.43762000e-03
9.217142     3.15101000e-03
9.220214     3.45976000e-03
9.223287     3.34441000e-03
9.226362     2.23482000e-03
9.229437     3.37215000e-03
9.232514     3.84865000e-03
9.235591     3.60591000e-03
9.238670     4.04591000e-03
9.241749     2.51594000e-03
9.244830     3.48894000e-03
9.247912     2.43858000e-03
9.250994     2.37863000e-03
9.254078     3.11148000e-03
9.257163     2.34604000e-03
9.260248     3.40951000e-03
9.263335     2.32442000e-03
9.266423     3.50590000e-03
9.269512     3.35992000e-03
9.272601     3.68672000e-03
9.275692     3.12068000e-03
9.278784     2.60166000e-03
9.281877     4.09638000e-03
9.284971     2.97310000e-03
9.288066     3.39258000e-03
9.291162     2.80138000e-03
9.294259     3.69062000e-03
9.297357     2.74926000e-03
9.300456     4.01735000e-03
9.303557     2.81669000e-03
9.306658     3.74873000e-03
9.309760     2.72415000e-03
9.312863     3.49326000e-03
9.315968     2.88378000e-03
9.319073     3.35046000e-03
9.322179     3.35712000e-03
9.325287     4.19875000e-03
9.328395     3.35860000e-03
9.331504     4.12716000e-03
9.334615     3.28033000e-03
9.337727     2.33338000e-03
9.340839     3.88316000e-03
9.343953     2.95975000e-03
9.347067     2.56101000e-03
9.350183     3.18530000e-03
9.353300     3.35309000e-03
9.356418     3.68559000e-03
9.359536     3.81097000e-03
9.362656     2.56637000e-03
9.365777     4.05718000e-03
9.368899     3.17304000e-03
9.372022     3.29450000e-03
9.375146     3.12641000e-03
9.378271     3.99124000e-03
9.381397     2.80507000e-03
9.384524     3.73874000e-03
9.387652     2.58741000e-03
9.390782     2.94328000e-03
9.393912     3.61818000e-03
9.397043     3.45053000e-03
9.400176     3.04915000e-03
9.403309     3.38426000e-03
9.406443     2.97952000e-03
9.409579     2.90664000e-03
9.412715     3.35183000e-03
9.415853     3.76766000e-03
9.418992     2.70105000e-03
9.422131     3.29350000e-03
9.425272     3.49766000e-03
9.428414     2.84901000e-03
9.431557     3.84014000e-03
9.434700     3.60388000e-03
9.437845     3.10849000e-03
9.440991     3.18944000e-03
9.444138     2.90288000e-03
9.447286     2.91225000e-03
9.450435     3.95303000e-03
9.453586     2.61208000e-03
9.456737     2.48308000e-03
9.459889     3.91565000e-03
9.463042     3.61029000e-03
9.466197     3.78954000e-03
9.469352     4.06573000e-03
9.472508     4.00418000e-03
9.475666     3.74047000e-03
9.478824     3.10550000e-03
9.481984     2.83085000e-03
9.485145     3.65043000e-03
9.488306     3.91869000e-03
9.491469     2.52299000e-03
9.494633     3.13815000e-03
9.497798     3.78438000e-03
9.500964     3.91247000e-03
9.504131     3.65531000e-03
9.507299     3.59700000e-03
9.510468     3.94251000e-03
9.513638     3.81378000e-03
9.516809     2.59848000e-03
9.519982     3.79959000e-03
9.523155     2.64794000e-03
9.526329     3.39378000e-03
9.529505     2.20300000e-03
9.532681     3.74183000e-03
9.535859     4.09836000e-03
9.539037     3.47696000e-03
9.542217     3.84727000e-03
9.545398     3.78401000e-03
9.548580     3.78207000e-03
9.551763     3.42201000e-03
9.554946     3.51434000e-03
9.558131     3.40715000e-03
9.561318     4.02263000e-03
9.564505     3.82638000e-03
9.567693     3.11981000e-03
9.570882     3.78310000e-03
9.574072     3.81647000e-03
9.577264     4.00906000e-03
9.580456     2.96574000e-03
9.583650     3.67346000e-03
9.586844     2.67317000e-03
9.590040     3.88724000e-03
9.593236     3.16490000e-03
9.596434     2.56063000e-03
9.599633     4.00542000e-03
9.602833     2.80256000e-03
9.606034     3.11949000e-03
9.609236     3.70501000e-03
9.612439     3.95336000e-03
9.615643     3.49400000e-03
9.618848     3.12246000e-03
9.622055     3.91866000e-03
9.625262     4.02580000e-03
9.628470     2.87090000e-03
9.631680     4.20901000e-03
9.634890     3.64417000e-03
9.638102     3.43404000e-03
9.641315     3.56557000e-03
9.644528     3.52838000e-03
9.647743     3.81991000e-03
9.650959     4.07521000e-03
9.654176     3.70301000e-03
9.657394     3.67325000e-03
9.660613     3.90258000e-03
9.663834     3.66686000e-03
9.667055     3.87652000e-03
9.670277     3.98579000e-03
9.673501     2.32932000e-03
9.676725     3.06790000e-03
9.679951     3.17414000e-03
9.683177     2.44251000e-03
9.686405     3.94252000e-03
9.689634     4.09415000e-03
9.692864     3.30717000e-03
9.696095     3.74034000e-03
9.699327     2.98956000e-03
9.702560     3.54835000e-03
9.705794     3.57187000e-03
9.709029     3.62127000e-03
9.712266     4.07136000e-03
9.715503     3.06567000e-03
9.718742     3.21636000e-03
9.721981     3.14607000e-03
9.725222     2.85826000e-03
9.728464     3.87027000e-03
9.731706     3.72080000e-03
9.734950     3.08901000e-03
9.738195     3.48843000e-03
9.741441     3.77158000e-03
9.744688     4.30395000e-03
9.747937     3.81483000e-03
9.751186     3.94820000e-03
9.754436     3.14821000e-03
9.757688     2.65198000e-03
9.760940     4.12077000e-03
9.764194     3.74217000e-03
9.767449     4.08889000e-03
9.770705     3.50251000e-03
9.773962     3.27293000e-03
9.777220     4.04067000e-03
9.780479     3.44905000e-03
9.783739     2.53047000e-03
9.787000     3.56356000e-03
9.790262     2.99021000e-03
9.793526     3.21272000e-03
9.796790     3.53816000e-03
9.800056     3.11725000e-03
9.803323     4.21585000e-03
9.806590     3.62018000e-03
9.809859     3.85064000e-03
9.813129     3.25285000e-03
9.816400     2.64260000e-03
9.819672     3.53545000e-03
9.822946     2.94171000e-03
9.826220     4.02073000e-03
9.829495     3.29616000e-03
9.832772     3.94066000e-03
9.836049     3.15133000e-03
9.839328     4.08859000e-03
9.842608     3.56686000e-03
9.845889     4.05193000e-03
9.849171     3.28516000e-03
9.852454     3.17078000e-03
9.855738     3.79702000e-03
9.859023     3.58175000e-03
9.862309     3.59014000e-03
9.865597     3.77681000e-03
9.868885     3.03657000e-03
9.872175     3.42925000e-03
9.875466     3.97381000e-03
9.878758     3.45780000e-03
9.882051     3.74075000e-03
9.885345     3.10781000e-03
9.888640     2.97720000e-03
9.891936     2.57135000e-03
9.895233     2.91238000e-03
9.898532     3.62524000e-03
9.901831     3.85504000e-03
9.905132     3.42135000e-03
9.908433     3.61820000e-03
9.911736     2.58645000e-03
9.915040     3.77307000e-03
9.918345     4.12477000e-03
9.921651     3.26914000e-03
9.924958     3.02749000e-03
9.928267     3.13786000e-03
9.931576     3.01239000e-03
9.934887     3.38952000e-03
9.938198     3.56362000e-03
9.941511     4.09993000e-03
9.944825     3.91317000e-03
9.948140     3.69116000e-03
9.951456     3.48359000e-03
9.954773     3.57368000e-03
9.958091     3.81391000e-03
9.961411     4.05484000e-03
9.964731     3.63827000e-03
9.968053     4.20584000e-03
9.971375     4.00021000e-03
9.974699     3.49948000e-03
9.978024     3.53111000e-03
9.981350     3.84276000e-03
9.984677     3.78309000e-03
9.988005     2.90797000e-03
9.991335     3.95346000e-03
9.994665     3.55301000e-03
9.997997     3.55059000e-03
10.001330     4.37476000e-03
10.004663     3.25622000e-03
10.007998     3.36019000e-03
10.011334     3.47636000e-03
10.014671     3.67382000e-03
10.018009     4.05820000e-03
10.021349     3.11423000e-03
10.024689     3.42922000e-03
10.028031     3.17981000e-03
10.031374     3.16565000e-03
10.034717     3.29637000e-03
10.038062     4.27245000e-03
10.041408     3.33378000e-03
10.044755     3.08008000e-03
10.048104     3.00076000e-03
10.051453     4.01054000e-03
10.054804     3.47621000e-03
10.058155     3.38559000e-03
10.061508     3.93096000e-03
10.064862     3.70326000e-03
10.068217     3.56202000e-03
10.071573     3.92254000e-03
10.074930     2.97810000e-03
10.078288     3.18491000e-03
10.081648     2.95438000e-03
10.085008     3.36030000e-03
10.088370     3.13859000e-03
10.091733     3.08279000e-03
10.095097     4.09956000e-03
10.098462     4.13038000e-03
10.101828     3.48073000e-03
10.105195     3.49698000e-03
10.108563     3.87749000e-03
10.111933     4.01475000e-03
10.115303     3.45599000e-03
10.118675     3.90639000e-03
10.122048     3.72820000e-03
10.125422     3.61199000e-03
10.128797     3.98869000e-03
10.132174     3.76139000e-03
10.135551     4.17771000e-03
10.138929     3.97595000e-03
10.142309     3.42255000e-03
10.145690     4.12754000e-03
10.149072     3.45456000e-03
10.152455     4.38110000e-03
10.155839     3.73166000e-03
10.159224     3.94001000e-03
10.162611     3.24631000e-03
10.165998     3.63117000e-03
10.169387     3.62984000e-03
10.172777     3.64544000e-03
10.176168     4.04049000e-03
10.179560     3.94525000e-03
10.182953     3.42327000e-03
10.186347     3.84241000e-03
10.189743     2.83767000e-03
10.193139     3.60208000e-03
10.196537     3.96166000e-03
10.199936     3.32770000e-03
10.203336     4.16141000e-03
10.206737     3.19137000e-03
10.210139     4.05072000e-03
10.213543     3.75248000e-03
10.216947     3.41206000e-03
10.220353     4.16065000e-03
10.223759     4.05470000e-03
10.227167     3.91051000e-03
10.230576     2.63484000e-03
10.233987     3.98061000e-03
10.237398     2.88088000e-03
10.240810     3.73662000e-03
10.244224     3.85200000e-03
10.247639     3.90264000e-03
10.251055     4.18762000e-03
10.254472     4.17225000e-03
10.257890     3.77827000e-03
10.261309     3.99412000e-03
10.264729     3.23515000e-03
10.268151     3.92259000e-03
10.271574     4.23932000e-03
10.274998     3.25582000e-03
10.278423     4.62831000e-03
10.281849     3.96206000e-03
10.285276     4.45628000e-03
10.288704     3.49557000e-03
10.292134     3.37751000e-03
10.295565     3.02932000e-03
10.298997     4.22061000e-03
10.302430     3.89794000e-03
10.305864     3.83128000e-03
10.309299     3.55313000e-03
10.312736     4.03260000e-03
10.316173     3.87701000e-03
10.319612     3.46283000e-03
10.323052     4.37817000e-03
10.326493     3.43768000e-03
10.329935     3.65047000e-03
10.333378     2.57039000e-03
10.336823     2.58065000e-03
10.340268     4.13509000e-03
10.343715     4.22756000e-03
10.347163     4.06805000e-03
10.350612     4.08199000e-03
10.354062     3.43448000e-03
10.357513     3.61064000e-03
10.360966     3.33849000e-03
10.364420     3.92012000e-03
10.367874     3.18081000e-03
10.371330     4.48375000e-03
10.374788     3.42064000e-03
10.378246     2.85708000e-03
10.381705     3.79832000e-03
10.385166     3.24527000e-03
10.388628     4.16957000e-03
10.392090     3.69203000e-03
10.395554     3.96912000e-03
10.399020     4.10821000e-03
10.402486     4.01350000e-03
10.405954     3.60844000e-03
10.409422     3.65027000e-03
10.412892     3.84843000e-03
10.416363     3.06683000e-03
10.419835     3.75315000e-03
10.423308     3.19621000e-03
10.426783     4.06380000e-03
10.430258     3.95165000e-03
10.433735     4.00566000e-03
10.437213     4.32661000e-03
10.440692     4.28140000e-03
10.444172     3.92838000e-03
10.447654     3.65402000e-03
10.451136     3.76236000e-03
10.454620     3.69627000e-03
10.458105     2.88854000e-03
10.461591     3.39857000e-03
10.465078     3.54647000e-03
10.468566     4.12603000e-03
10.472056     3.74031000e-03
10.475547     2.99789000e-03
10.479038     3.41931000e-03
10.482532     3.68709000e-03
10.486026     3.95141000e-03
10.489521     3.83123000e-03
10.493018     3.54079000e-03
10.496515     3.78992000e-03
10.500014     2.79352000e-03
10.503514     3.60521000e-03
10.507015     4.37056000e-03
10.510518     3.45032000e-03
10.514021     3.82338000e-03
10.517526     3.65044000e-03
10.521031     2.91411000e-03
10.524539     3.87027000e-03
10.528047     3.07026000e-03
10.531556     2.25419000e-03
10.535067     3.93764000e-03
10.538578     3.87540000e-03
10.542091     3.92246000e-03
10.545605     2.31726000e-03
10.549120     3.65651000e-03
10.552637     3.75048000e-03
10.556154     3.72863000e-03
10.559673     3.87156000e-03
10.563193     4.03664000e-03
10.566714     3.89098000e-03
10.570236     3.16897000e-03
10.573760     4.05145000e-03
10.577284     3.55550000e-03
10.580810     3.89777000e-03
10.584337     3.99137000e-03
10.587865     3.27385000e-03
10.591394     3.76041000e-03
10.594925     2.55574000e-03
10.598456     3.29786000e-03
10.601989     4.02647000e-03
10.605523     2.82892000e-03
10.609058     3.96204000e-03
10.612595     3.36157000e-03
10.616132     4.08533000e-03
10.619671     2.86145000e-03
10.623211     3.22580000e-03
10.626752     2.31521000e-03
10.630294     2.97984000e-03
10.633838     3.62790000e-03
10.637382     2.89273000e-03
10.640928     2.61252000e-03
10.644475     4.07492000e-03
10.648023     3.63234000e-03
10.651573     3.48752000e-03
10.655123     4.12840000e-03
10.658675     4.43853000e-03
10.662228     3.59462000e-03
10.665782     4.09375000e-03
10.669337     2.90344000e-03
10.672893     4.36092000e-03
10.676451     3.83729000e-03
10.680010     3.44236000e-03
10.683570     3.90959000e-03
10.687131     3.93863000e-03
10.690693     4.61225000e-03
10.694257     3.96069000e-03
10.697822     4.53353000e-03
10.701388     3.82167000e-03
10.704955     3.38581000e-03
10.708523     4.34496000e-03
10.712093     3.09663000e-03
10.715663     3.15630000e-03
10.719235     3.33696000e-03
10.722808     3.30028000e-03
10.726383     3.27650000e-03
10.729958     4.24740000e-03
10.733535     3.70868000e-03
10.737113     3.34726000e-03
10.740692     3.82156000e-03
10.744272     3.14885000e-03
10.747853     2.71629000e-03
10.751436     2.85575000e-03
10.755020     3.07325000e-03
10.758605     4.07396000e-03
10.762191     3.06555000e-03
10.765778     3.68284000e-03
10.769367     3.56642000e-03
10.772957     3.26803000e-03
10.776548     3.99513000e-03
10.780140     3.58276000e-03
10.783733     4.22242000e-03
10.787328     2.71025000e-03
10.790924     4.24048000e-03
10.794521     3.94911000e-03
10.798119     3.64335000e-03
10.801718     3.59045000e-03
10.805319     3.37270000e-03
10.808920     3.67302000e-03
10.812523     3.77560000e-03
10.816128     3.60253000e-03
10.819733     3.18037000e-03
10.823339     4.52392000e-03
10.826947     3.97136000e-03
10.830556     3.47304000e-03
10.834167     3.77133000e-03
10.837778     3.52104000e-03
10.841390     4.21588000e-03
10.845004     2.91069000e-03
10.848619     3.98420000e-03
10.852236     4.22129000e-03
10.855853     2.78610000e-03
10.859471     3.91987000e-03
10.863091     4.39114000e-03
10.866712     2.91490000e-03
10.870335     2.48385000e-03
10.873958     3.83503000e-03
10.877583     4.13443000e-03
10.881208     3.03752000e-03
10.884836     3.78208000e-03
10.888464     3.06539000e-03
10.892093     3.87727000e-03
10.895724     4.11693000e-03
10.899356     4.25079000e-03
10.902989     3.11669000e-03
10.906623     3.01471000e-03
10.910259     3.27714000e-03
10.913896     2.64426000e-03
10.917534     3.69615000e-03
10.921173     4.23046000e-03
10.924813     3.59315000e-03
10.928455     3.58562000e-03
10.932098     3.74288000e-03
10.935742     3.59857000e-03
10.939387     4.20238000e-03
10.943033     3.87928000e-03
10.946681     4.58485000e-03
10.950330     3.86484000e-03
10.953980     3.21651000e-03
10.957631     3.88037000e-03
10.961284     4.71925000e-03
10.964938     4.02944000e-03
10.968593     4.40468000e-03
10.972249     3.78131000e-03
10.975906     3.95603000e-03
10.979565     3.81553000e-03
10.983225     2.89937000e-03
10.986886     3.52349000e-03
10.990548     4.22939000e-03
10.994212     3.90922000e-03
10.997876     2.89062000e-03
11.001542     3.15532000e-03
11.005210     3.19583000e-03
11.008878     3.71958000e-03
11.012548     3.61070000e-03
11.016219     3.36230000e-03
11.019891     3.55872000e-03
11.023564     3.79358000e-03
11.027238     3.32799000e-03
11.030914     3.64852000e-03
11.034591     3.25318000e-03
11.038269     3.12237000e-03
11.041949     3.58619000e-03
11.045629     3.71403000e-03
11.049311     4.05604000e-03
11.052994     3.78519000e-03
11.056679     4.31358000e-03
11.060364     4.34304000e-03
11.064051     3.32487000e-03
11.067739     2.31341000e-03
11.071428     3.24978000e-03
11.075119     4.31449000e-03
11.078810     3.75906000e-03
11.082503     3.75772000e-03
11.086198     3.70272000e-03
11.089893     3.08043000e-03
11.093590     2.94526000e-03
11.097287     3.68551000e-03
11.100986     2.77265000e-03
11.104687     3.81383000e-03
11.108388     3.19513000e-03
11.112091     3.49158000e-03
11.115795     3.36311000e-03
11.119500     3.51590000e-03
11.123207     3.81119000e-03
11.126915     4.15473000e-03
11.130624     3.21768000e-03
11.134334     3.20425000e-03
11.138045     3.94446000e-03
11.141758     4.01373000e-03
11.145472     4.25679000e-03
11.149187     3.66300000e-03
11.152904     4.26922000e-03
11.156621     4.48883000e-03
11.160340     4.48531000e-03
11.164060     3.95877000e-03
11.167782     3.03262000e-03
11.171504     4.25644000e-03
11.175228     3.79163000e-03
11.178953     2.38445000e-03
11.182679     3.33478000e-03
11.186407     2.56593000e-03
11.190136     3.64688000e-03
11.193866     3.31301000e-03
11.197597     3.43812000e-03
11.201330     3.13894000e-03
11.205063     3.12351000e-03
11.208798     3.71421000e-03
11.212535     3.67610000e-03
11.216272     3.88768000e-03
11.220011     3.31736000e-03
11.223751     3.33349000e-03
11.227492     3.75220000e-03
11.231235     2.87276000e-03
11.234978     3.69445000e-03
11.238723     4.07003000e-03
11.242470     3.86317000e-03
11.246217     3.26610000e-03
11.249966     4.24738000e-03
11.253716     3.41633000e-03
11.257467     3.23871000e-03
11.261220     3.41836000e-03
11.264973     4.00211000e-03
11.268728     2.35216000e-03
11.272484     4.13082000e-03
11.276242     3.87428000e-03
11.280001     3.39075000e-03
11.283761     4.08345000e-03
11.287522     3.56423000e-03
11.291285     3.84942000e-03
11.295048     3.38920000e-03
11.298813     2.91859000e-03
11.302580     3.84631000e-03
11.306347     3.49885000e-03
11.310116     4.19520000e-03
11.313886     3.96247000e-03
11.317657     2.82284000e-03
11.321430     3.34230000e-03
11.325204     3.53385000e-03
11.328979     3.93939000e-03
11.332755     4.06961000e-03
11.336533     3.10746000e-03
11.340311     3.27885000e-03
11.344091     3.45006000e-03
11.347873     4.36569000e-03
11.351655     3.73450000e-03
11.355439     4.30375000e-03
11.359225     3.80125000e-03
11.363011     2.94658000e-03
11.366799     3.94108000e-03
11.370588     3.75521000e-03
11.374378     3.87026000e-03
11.378169     3.80877000e-03
11.381962     3.03674000e-03
11.385756     3.52038000e-03
11.389551     3.77540000e-03
11.393348     3.51347000e-03
11.397146     3.92766000e-03
11.400944     3.96206000e-03
11.404745     3.26562000e-03
11.408546     3.00398000e-03
11.412349     4.37436000e-03
11.416153     2.99277000e-03
11.419959     3.95235000e-03
11.423765     3.65542000e-03
11.427573     3.99121000e-03
11.431382     4.20396000e-03
11.435193     3.83453000e-03
11.439005     3.41331000e-03
11.442818     3.05970000e-03
11.446632     3.87633000e-03
11.450447     3.40396000e-03
11.454264     3.61543000e-03
11.458082     4.12244000e-03
11.461902     2.89430000e-03
11.465722     4.27632000e-03
11.469544     3.59509000e-03
11.473368     3.35463000e-03
11.477192     4.33582000e-03
11.481018     3.53653000e-03
11.484845     3.93332000e-03
11.488673     3.83618000e-03
11.492503     3.66785000e-03
11.496333     3.27909000e-03
11.500165     3.81656000e-03
11.503999     3.57025000e-03
11.507834     4.39392000e-03
11.511669     3.58306000e-03
11.515507     3.89300000e-03
11.519345     3.42536000e-03
11.523185     3.17598000e-03
11.527026     4.10799000e-03
11.530868     4.09140000e-03
11.534712     3.48579000e-03
11.538557     4.29655000e-03
11.542403     4.23229000e-03
11.546251     3.33189000e-03
11.550099     3.87036000e-03
11.553949     3.26052000e-03
11.557801     3.83597000e-03
11.561653     4.26863000e-03
11.565507     2.73734000e-03
11.569362     3.84267000e-03
11.573219     3.41607000e-03
11.577077     3.89041000e-03
11.580936     3.97836000e-03
11.584796     3.63769000e-03
11.588658     3.49239000e-03
11.592520     3.33435000e-03
11.596384     3.30513000e-03
11.600250     4.03865000e-03
11.604117     3.51637000e-03
11.607985     3.71824000e-03
11.611854     3.68238000e-03
11.615725     3.77186000e-03
11.619597     3.87440000e-03
11.623470     3.73759000e-03
11.627344     3.33779000e-03
11.631220     4.15221000e-03
11.635097     3.26089000e-03
11.638976     3.41843000e-03
11.642855     3.87951000e-03
11.646736     2.73857000e-03
11.650618     3.48077000e-03
11.654502     3.64784000e-03
11.658387     3.72083000e-03
11.662273     3.19337000e-03
11.666160     3.36144000e-03
11.670049     3.69323000e-03
11.673939     3.16075000e-03
11.677830     3.49347000e-03
11.681723     4.28406000e-03
11.685617     3.93889000e-03
11.689512     4.22119000e-03
11.693409     3.42725000e-03
11.697306     3.93341000e-03
11.701206     3.36032000e-03
11.705106     3.94483000e-03
11.709008     3.79657000e-03
11.712911     3.18458000e-03
11.716815     3.00780000e-03
11.720721     3.15835000e-03
11.724627     2.45317000e-03
11.728536     3.93699000e-03
11.732445     3.31885000e-03
11.736356     3.64006000e-03
11.740268     4.11100000e-03
11.744181     3.95786000e-03
11.748096     3.59969000e-03
11.752012     3.78580000e-03
11.755930     4.21543000e-03
11.759848     3.34633000e-03
11.763768     3.83519000e-03
11.767689     3.39427000e-03
11.771612     3.97953000e-03
11.775536     3.82428000e-03
11.779461     3.68967000e-03
11.783388     4.08427000e-03
11.787315     4.19816000e-03
11.791244     3.77293000e-03
11.795175     3.21789000e-03
11.799107     4.25208000e-03
11.803040     3.47372000e-03
11.806974     3.94016000e-03
11.810910     3.77531000e-03
11.814847     2.78795000e-03
11.818785     4.18904000e-03
11.822724     3.95231000e-03
11.826665     4.02756000e-03
11.830608     3.79071000e-03
11.834551     3.57285000e-03
11.838496     3.79557000e-03
11.842442     3.70934000e-03
11.846390     4.40236000e-03
11.850338     3.34344000e-03
11.854289     3.58535000e-03
11.858240     2.58926000e-03
11.862193     4.28974000e-03
11.866147     3.61813000e-03
11.870102     3.86349000e-03
11.874059     4.19329000e-03
11.878017     4.03633000e-03
11.881976     2.84105000e-03
11.885937     3.74842000e-03
11.889899     3.84396000e-03
11.893862     3.68372000e-03
11.897827     3.71482000e-03
11.901793     3.63333000e-03
11.905760     4.09235000e-03
11.909729     3.18881000e-03
11.913699     3.73887000e-03
11.917670     3.64465000e-03
11.921642     3.33482000e-03
11.925616     3.39095000e-03
11.929591     3.74831000e-03
11.933568     3.36573000e-03
11.937546     3.74495000e-03
11.941525     3.20764000e-03
11.945505     4.36769000e-03
11.949487     4.14010000e-03
11.953470     4.29966000e-03
11.957455     3.95490000e-03
11.961441     3.74468000e-03
11.965428     3.71549000e-03
11.969416     2.77265000e-03
11.973406     3.52669000e-03
11.977397     3.34984000e-03
11.981390     3.30599000e-03
11.985384     3.79249000e-03
11.989379     3.79056000e-03
11.993375     3.19671000e-03
11.997373     3.59945000e-03
12.001372     2.67163000e-03
12.005373     3.87140000e-03
12.009374     3.59683000e-03
12.013378     4.22906000e-03
12.017382     3.33053000e-03
12.021388     4.09447000e-03
12.025395     3.30802000e-03
12.029403     3.35908000e-03
12.033413     3.86290000e-03
12.037424     3.49187000e-03
12.041437     4.54959000e-03
12.045450     4.06703000e-03
12.049466     4.30012000e-03
12.053482     3.29736000e-03
12.057500     3.90377000e-03
12.061519     3.23747000e-03
12.065540     3.48769000e-03
12.069562     3.99592000e-03
12.073585     3.71898000e-03
12.077609     4.23404000e-03
12.081635     2.95881000e-03
12.085662     4.02460000e-03
12.089691     3.46709000e-03
12.093721     4.12035000e-03
12.097752     4.00621000e-03
12.101785     3.72365000e-03
12.105818     4.03843000e-03
12.109854     3.72032000e-03
12.113890     3.88746000e-03
12.117928     4.22784000e-03
12.121968     3.29223000e-03
12.126008     2.73599000e-03
12.130050     3.87693000e-03
12.134094     2.95904000e-03
12.138138     3.90904000e-03
12.142184     3.86612000e-03
12.146232     4.14470000e-03
12.150281     4.25832000e-03
12.154331     3.33928000e-03
12.158382     4.19996000e-03
12.162435     3.91994000e-03
12.166489     3.51397000e-03
12.170545     3.80436000e-03
12.174601     4.21310000e-03
12.178660     3.74548000e-03
12.182719     4.25149000e-03
12.186780     2.90743000e-03
12.190842     3.63585000e-03
12.194906     3.94446000e-03
12.198971     4.08989000e-03
12.203037     3.52638000e-03
12.207105     4.33612000e-03
12.211174     3.89181000e-03
12.215244     4.12133000e-03
12.219316     3.81157000e-03
12.223389     3.43322000e-03
12.227464     4.01500000e-03
12.231540     3.55259000e-03
12.235617     3.52462000e-03
12.239695     4.08694000e-03
12.243775     3.97499000e-03
12.247856     3.42408000e-03
12.251939     3.91279000e-03
12.256023     4.22301000e-03
12.260108     3.64634000e-03
12.264195     2.83534000e-03
12.268283     3.09740000e-03
12.272372     4.14111000e-03
12.276463     3.89391000e-03
12.280555     4.19951000e-03
12.284649     3.06210000e-03
12.288744     2.49096000e-03
12.292840     4.26383000e-03
12.296938     4.13469000e-03
12.301037     3.52635000e-03
12.305137     4.26247000e-03
12.309239     3.03585000e-03
12.313342     3.23734000e-03
12.317446     3.28628000e-03
12.321552     3.45942000e-03
12.325659     3.10810000e-03
12.329768     4.15603000e-03
12.333878     3.67776000e-03
12.337989     2.89950000e-03
12.342102     4.22995000e-03
12.346216     3.87699000e-03
12.350331     4.05226000e-03
12.354448     3.75642000e-03
12.358566     4.37591000e-03
12.362686     3.69702000e-03
12.366806     3.63579000e-03
12.370929     3.49501000e-03
12.375052     3.59224000e-03
12.379177     3.39373000e-03
12.383304     3.87090000e-03
12.387432     3.72011000e-03
12.391561     4.01721000e-03
12.395691     3.50718000e-03
12.399823     4.25031000e-03
12.403956     2.81455000e-03
12.408091     3.25275000e-03
12.412227     3.42665000e-03
12.416365     3.73750000e-03
12.420503     4.34034000e-03
12.424643     3.97433000e-03
12.428785     2.58256000e-03
12.432928     3.17574000e-03
12.437072     4.00878000e-03
12.441218     3.65891000e-03
12.445365     2.53943000e-03
12.449514     3.57827000e-03
12.453663     3.05043000e-03
12.457814     4.05234000e-03
12.461967     3.73660000e-03
12.466121     3.66289000e-03
12.470277     3.86376000e-03
12.474433     4.23605000e-03
12.478591     3.07530000e-03
12.482751     4.15239000e-03
12.486912     3.81304000e-03
12.491074     3.12553000e-03
12.495238     3.79371000e-03
12.499403     3.54855000e-03
12.503569     4.08176000e-03
12.507737     3.94048000e-03
12.511907     3.35585000e-03
12.516077     3.82336000e-03
12.520249     3.20818000e-03
12.524423     3.26790000e-03
12.528597     3.51249000e-03
12.532774     4.06315000e-03
12.536951     3.42881000e-03
12.541130     3.92774000e-03
12.545310     3.21679000e-03
12.549492     3.88784000e-03
12.553675     3.40888000e-03
12.557860     3.60558000e-03
12.562046     3.71021000e-03
12.566233     3.82335000e-03
12.570422     3.16825000e-03
12.574612     4.42456000e-03
12.578804     3.57902000e-03
12.582997     3.71112000e-03
12.587191     3.88358000e-03
12.591387     3.94598000e-03
12.595584     3.40245000e-03
12.599782     4.02592000e-03
12.603982     3.91346000e-03
12.608184     3.79800000e-03
12.612386     3.79311000e-03
12.616590     2.85644000e-03
12.620796     3.81126000e-03
12.625003     3.98905000e-03
12.629211     3.31350000e-03
12.633421     3.26790000e-03
12.637632     4.32216000e-03
12.641845     2.62861000e-03
12.646059     3.20771000e-03
12.650274     3.65789000e-03
12.654491     3.50103000e-03
12.658709     2.92060000e-03
12.662928     3.65736000e-03
12.667150     3.70737000e-03
12.671372     3.70298000e-03
12.675596     3.70873000e-03
12.679821     3.42203000e-03
12.684048     2.51516000e-03
12.688275     3.76145000e-03
12.692505     3.78071000e-03
12.696736     3.45792000e-03
12.700968     3.22580000e-03
12.705202     3.50240000e-03
12.709437     3.71831000e-03
12.713673     3.60939000e-03
12.717911     2.56102000e-03
12.722150     3.29746000e-03
12.726391     3.80588000e-03
12.730633     2.92713000e-03
12.734877     3.94141000e-03
12.739122     4.36273000e-03
12.743368     4.35803000e-03
12.747616     2.47253000e-03
12.751865     3.63413000e-03
12.756116     3.64913000e-03
12.760368     3.76220000e-03
12.764621     3.29853000e-03
12.768876     3.56255000e-03
12.773132     3.17671000e-03
12.777390     3.55471000e-03
12.781649     4.01090000e-03
12.785910     3.00961000e-03
12.790172     3.60255000e-03
12.794435     2.94348000e-03
12.798700     3.99569000e-03
12.802966     4.36654000e-03
12.807234     2.97203000e-03
12.811503     3.21810000e-03
12.815773     3.17647000e-03
12.820045     4.00407000e-03
12.824319     3.37935000e-03
12.828594     2.86384000e-03
12.832870     3.32976000e-03
12.837147     3.94967000e-03
12.841426     3.71468000e-03
12.845707     3.85227000e-03
12.849989     3.81129000e-03
12.854272     3.10572000e-03
12.858557     3.61885000e-03
12.862843     3.28525000e-03
12.867131     3.53810000e-03
12.871420     3.72912000e-03
12.875710     3.12783000e-03
12.880002     3.77548000e-03
12.884295     4.06145000e-03
12.888590     4.20004000e-03
12.892886     3.96583000e-03
12.897184     4.12034000e-03
12.901483     2.82500000e-03
12.905784     3.67199000e-03
12.910085     3.34334000e-03
12.914389     3.91992000e-03
12.918694     3.87237000e-03
12.923000     3.32623000e-03
12.927307     2.97173000e-03
12.931617     3.30680000e-03
12.935927     4.18682000e-03
12.940239     3.45766000e-03
12.944553     3.44215000e-03
12.948867     3.55686000e-03
12.953184     4.03633000e-03
12.957501     2.96842000e-03
12.961820     4.01592000e-03
12.966141     3.95039000e-03
12.970463     3.73148000e-03
12.974787     4.07082000e-03
12.979112     4.00843000e-03
12.983438     3.55296000e-03
12.987766     4.18452000e-03
12.992095     2.84946000e-03
12.996426     4.28720000e-03
13.000758     4.06078000e-03
13.005092     3.72332000e-03
13.009427     3.49229000e-03
13.013763     3.61413000e-03
13.018101     3.33257000e-03
13.022440     4.00317000e-03
13.026781     2.95728000e-03
13.031123     3.80260000e-03
13.035467     3.16451000e-03
13.039812     3.13932000e-03
13.044159     3.51389000e-03
13.048507     3.51900000e-03
13.052856     3.41755000e-03
13.057207     4.17606000e-03
13.061560     3.58127000e-03
13.065914     3.16967000e-03
13.070269     3.09200000e-03
13.074626     3.74943000e-03
13.078984     3.35595000e-03
13.083343     4.17848000e-03
13.087705     3.49114000e-03
13.092067     3.48930000e-03
13.096431     3.27777000e-03
13.100797     3.53706000e-03
13.105164     3.65063000e-03
13.109532     4.13162000e-03
13.113902     3.60252000e-03
13.118273     3.14551000e-03
13.122646     3.54472000e-03
13.127020     3.91745000e-03
13.131396     3.90495000e-03
13.135773     3.85300000e-03
13.140151     3.42986000e-03
13.144532     4.14165000e-03
13.148913     3.29045000e-03
13.153296     2.87524000e-03
13.157680     2.79106000e-03
13.162066     3.36139000e-03
13.166454     4.05836000e-03
13.170842     3.18040000e-03
13.175233     3.44638000e-03
13.179625     3.44408000e-03
13.184018     3.67108000e-03
13.188413     3.59366000e-03
13.192809     3.33491000e-03
13.197206     4.14372000e-03
13.201605     3.53862000e-03
13.206006     2.92502000e-03
13.210408     2.75127000e-03
13.214811     3.56877000e-03
13.219216     2.83544000e-03
13.223623     3.56322000e-03
13.228030     2.73520000e-03
13.232440     2.78003000e-03
13.236851     2.94026000e-03
13.241263     3.10157000e-03
13.245677     3.62581000e-03
13.250092     3.52637000e-03
13.254509     3.13170000e-03
13.258927     3.32085000e-03
13.263346     2.82455000e-03
13.267767     2.88003000e-03
13.272190     2.81981000e-03
13.276614     2.90465000e-03
13.281040     3.24199000e-03
13.285467     3.24899000e-03
13.289895     3.73636000e-03
13.294325     3.41576000e-03
13.298757     2.90076000e-03
13.303190     3.41583000e-03
13.307624     3.58357000e-03
13.312060     3.53571000e-03
13.316497     3.07398000e-03
13.320936     3.36935000e-03
13.325376     3.05482000e-03
13.329818     3.54685000e-03
13.334261     3.21317000e-03
13.338706     3.10266000e-03
13.343152     3.49641000e-03
13.347600     4.18685000e-03
13.352049     4.15449000e-03
13.356500     3.55013000e-03
13.360952     3.98964000e-03
13.365406     3.31073000e-03
13.369861     3.59038000e-03
13.374318     3.82777000e-03
13.378776     4.08378000e-03
13.383235     3.26935000e-03
13.387696     3.51921000e-03
13.392159     3.15890000e-03
13.396623     4.41491000e-03
13.401089     3.38848000e-03
13.405556     3.29600000e-03
13.410024     4.41502000e-03
13.414494     3.01308000e-03
13.418966     3.26128000e-03
13.423438     3.58477000e-03
13.427913     4.06126000e-03
13.432389     4.08143000e-03
13.436866     3.38642000e-03
13.441345     3.28998000e-03
13.445826     2.64135000e-03
13.450308     3.76109000e-03
13.454791     3.33949000e-03
13.459276     3.56687000e-03
13.463763     4.33609000e-03
13.468250     3.96814000e-03
13.472740     3.08445000e-03
13.477231     3.39033000e-03
13.481723     3.55417000e-03
13.486217     2.72214000e-03
13.490713     2.81857000e-03
13.495209     4.07773000e-03
13.499708     3.92509000e-03
13.504208     3.09792000e-03
13.508709     3.41855000e-03
13.513212     3.64607000e-03
13.517717     3.57610000e-03
13.522222     3.35715000e-03
13.526730     3.60824000e-03
13.531239     3.76548000e-03
13.535749     3.50183000e-03
13.540261     3.07798000e-03
13.544774     3.46123000e-03
13.549289     2.66638000e-03
13.553806     2.93596000e-03
13.558324     3.95867000e-03
13.562843     3.49642000e-03
13.567364     3.12783000e-03
13.571887     3.62091000e-03
13.576410     3.65943000e-03
13.580936     3.55645000e-03
13.585463     3.53332000e-03
13.589992     3.87787000e-03
13.594522     3.69735000e-03
13.599053     2.77155000e-03
13.603586     2.99963000e-03
13.608121     3.63112000e-03
13.612657     3.05602000e-03
13.617194     3.73808000e-03
13.621733     4.04752000e-03
13.626274     3.57245000e-03
13.630816     3.05944000e-03
13.635359     2.94255000e-03
13.639905     2.95854000e-03
13.644451     3.49737000e-03
13.648999     3.30769000e-03
13.653549     3.47975000e-03
13.658100     3.81191000e-03
13.662653     3.94058000e-03
13.667207     3.19109000e-03
13.671763     4.02290000e-03
13.676320     2.86665000e-03
13.680879     3.38949000e-03
13.685439     4.03613000e-03
13.690001     3.69977000e-03
13.694564     2.66457000e-03
13.699129     3.61026000e-03
13.703696     3.84536000e-03
13.708263     3.73876000e-03
13.712833     3.50650000e-03
13.717404     3.42521000e-03
13.721976     3.52405000e-03
13.726550     2.89620000e-03
13.731126     3.39504000e-03
13.735703     3.36079000e-03
13.740281     3.51953000e-03
13.744862     3.27692000e-03
13.749443     3.22615000e-03
13.754026     3.61351000e-03
13.758611     3.49980000e-03
13.763197     2.79601000e-03
13.767785     3.48246000e-03
13.772374     3.97953000e-03
13.776965     3.59879000e-03
13.781557     3.15503000e-03
13.786151     3.45241000e-03
13.790746     3.88742000e-03
13.795343     3.69320000e-03
13.799942     3.43847000e-03
13.804542     3.14175000e-03
13.809143     3.20120000e-03
13.813746     2.71370000e-03
13.818351     3.91135000e-03
13.822957     3.03277000e-03
13.827565     3.30694000e-03
13.832174     3.79190000e-03
13.836785     3.32335000e-03
13.841397     3.59905000e-03
13.846011     3.33409000e-03
13.850626     3.79255000e-03
13.855243     3.28994000e-03
13.859861     3.89933000e-03
13.864481     3.23264000e-03
13.869103     3.32501000e-03
13.873726     3.63913000e-03
13.878350     3.67588000e-03
13.882976     3.37197000e-03
13.887604     3.21566000e-03
13.892233     2.62856000e-03
13.896864     3.51611000e-03
13.901496     2.92015000e-03
13.906130     3.61140000e-03
13.910766     3.21060000e-03
13.915403     3.56370000e-03
13.920041     3.98235000e-03
13.924681     3.72884000e-03
13.929323     3.41091000e-03
13.933966     3.31538000e-03
13.938610     3.92726000e-03
13.943257     2.85500000e-03
13.947904     2.85037000e-03
13.952554     3.06585000e-03
13.957204     3.63918000e-03
13.961857     3.27738000e-03
13.966511     3.06694000e-03
13.971166     3.71204000e-03
13.975823     2.77668000e-03
13.980482     3.67165000e-03
13.985142     3.57742000e-03
13.989804     2.78009000e-03
13.994467     4.10320000e-03
13.999132     3.63353000e-03
14.003798     3.15375000e-03
14.008466     3.57201000e-03
14.013136     3.60978000e-03
14.017807     3.24339000e-03
14.022479     2.74245000e-03
14.027154     3.33908000e-03
14.031829     3.31194000e-03
14.036506     4.01000000e-03
14.041185     2.81345000e-03
14.045866     2.59075000e-03
14.050548     3.81037000e-03
14.055231     3.57503000e-03
14.059916     3.27066000e-03
14.064603     3.94157000e-03
14.069291     4.14582000e-03
14.073981     3.20499000e-03
14.078672     3.35416000e-03
14.083365     4.18327000e-03
14.088060     3.28874000e-03
14.092756     3.58097000e-03
14.097453     2.65168000e-03
14.102152     3.05118000e-03
14.106853     2.94456000e-03
14.111555     3.02667000e-03
14.116259     2.95296000e-03
14.120965     3.63024000e-03
14.125672     3.31504000e-03
14.130380     3.97567000e-03
14.135090     2.83845000e-03
14.139802     3.67417000e-03
14.144515     3.21488000e-03
14.149230     3.34827000e-03
14.153946     3.54611000e-03
14.158665     3.58618000e-03
14.163384     3.18692000e-03
14.168105     2.91459000e-03
14.172828     3.50338000e-03
14.177552     3.07501000e-03
14.182278     3.69973000e-03
14.187005     3.66870000e-03
14.191734     3.36125000e-03
14.196465     3.43010000e-03
14.201197     3.36779000e-03
14.205931     3.68333000e-03
14.210666     2.74141000e-03
14.215403     3.53539000e-03
14.220142     3.88716000e-03
14.224882     4.08435000e-03
14.229623     3.57353000e-03
14.234367     3.42248000e-03
14.239111     3.19061000e-03
14.243858     3.56749000e-03
14.248606     3.66761000e-03
14.253355     3.37700000e-03
14.258106     3.05035000e-03
14.262859     3.46326000e-03
14.267613     3.08917000e-03
14.272369     3.47653000e-03
14.277126     3.88673000e-03
14.281886     3.42870000e-03
14.286646     3.75191000e-03
14.291408     3.66449000e-03
14.296172     3.23696000e-03
14.300938     3.83839000e-03
14.305705     4.11404000e-03
14.310473     3.93767000e-03
14.315243     3.48042000e-03
14.320015     3.11432000e-03
14.324788     3.29935000e-03
14.329563     3.03528000e-03
14.334340     3.36411000e-03
14.339118     3.60905000e-03
14.343898     3.05052000e-03
14.348679     3.52905000e-03
14.353462     3.30524000e-03
14.358246     3.57736000e-03
14.363032     3.75423000e-03
14.367820     3.58479000e-03
14.372609     3.00722000e-03
14.377400     3.08957000e-03
14.382193     3.58859000e-03
14.386987     3.36104000e-03
14.391782     3.75945000e-03
14.396580     3.18220000e-03
14.401379     3.75237000e-03
14.406179     3.68488000e-03
14.410981     3.49601000e-03
14.415785     3.58779000e-03
14.420590     3.71592000e-03
14.425397     3.66067000e-03
14.430205     3.69912000e-03
14.435015     3.77989000e-03
14.439827     3.17458000e-03
14.444640     3.17488000e-03
14.449455     3.82335000e-03
14.454272     3.63235000e-03
14.459090     4.17025000e-03
14.463909     2.77651000e-03
14.468731     3.67657000e-03
14.473554     2.80155000e-03
14.478378     3.68874000e-03
14.483204     2.66781000e-03
14.488032     2.73901000e-03
14.492861     3.68923000e-03
14.497692     3.52811000e-03
14.502525     3.67321000e-03
14.507359     2.97016000e-03
14.512195     3.82966000e-03
14.517032     2.63627000e-03
14.521871     3.61569000e-03
14.526712     3.06185000e-03
14.531554     2.88968000e-03
14.536398     3.83028000e-03
14.541244     3.27740000e-03
14.546091     2.86669000e-03
14.550939     3.90729000e-03
14.555790     2.90002000e-03
14.560641     3.30651000e-03
14.565495     3.20634000e-03
14.570350     4.11322000e-03
14.575207     3.66368000e-03
14.580065     3.58765000e-03
14.584926     2.77860000e-03
14.589787     2.86376000e-03
14.594650     3.51175000e-03
14.599515     3.94696000e-03
14.604382     2.94698000e-03
14.609250     3.45883000e-03
14.614120     2.74401000e-03
14.618991     3.60678000e-03
14.623864     3.33517000e-03
14.628739     4.01981000e-03
14.633615     3.18518000e-03
14.638493     3.90940000e-03
14.643372     2.95327000e-03
14.648253     3.35933000e-03
14.653136     3.44406000e-03
14.658020     3.66097000e-03
14.662907     2.76540000e-03
14.667794     3.05230000e-03
14.672683     2.95947000e-03
14.677574     3.93146000e-03
14.682467     3.44893000e-03
14.687361     3.32518000e-03
14.692257     3.83249000e-03
14.697154     3.06967000e-03
14.702053     2.86448000e-03
14.706954     3.43585000e-03
14.711856     3.50411000e-03
14.716760     3.59604000e-03
14.721666     3.00266000e-03
14.726573     3.56857000e-03
14.731482     3.57944000e-03
14.736392     2.99315000e-03
14.741305     2.85563000e-03
14.746218     3.52719000e-03
14.751134     2.66211000e-03
14.756051     3.66901000e-03
14.760969     3.22977000e-03
14.765890     3.53481000e-03
14.770812     3.67009000e-03
14.775735     2.86446000e-03
14.780660     3.47511000e-03
14.785587     3.39853000e-03
14.790516     3.45871000e-03
14.795446     3.48719000e-03
14.800378     3.79071000e-03
14.805311     3.95413000e-03
14.810246     4.00212000e-03
14.815183     2.86158000e-03
14.820122     3.63958000e-03
14.825062     2.86324000e-03
14.830003     3.13699000e-03
14.834947     3.88611000e-03
14.839892     3.58176000e-03
14.844838     3.29160000e-03
14.849787     3.89782000e-03
14.854736     3.43590000e-03
14.859688     2.94341000e-03
14.864641     3.57165000e-03
14.869596     2.71215000e-03
14.874553     3.19176000e-03
14.879511     3.62772000e-03
14.884471     3.17128000e-03
14.889432     2.80968000e-03
14.894395     2.84491000e-03
14.899360     2.85948000e-03
14.904327     3.80887000e-03
14.909295     3.44135000e-03
14.914264     2.84032000e-03
14.919236     2.84751000e-03
14.924209     3.05651000e-03
14.929184     2.89944000e-03
14.934160     2.63532000e-03
14.939138     3.61700000e-03
14.944118     3.47850000e-03
14.949099     2.78922000e-03
14.954082     2.66466000e-03
14.959067     2.62940000e-03
14.964053     3.39373000e-03
14.969041     3.62785000e-03
14.974031     3.57209000e-03
14.979022     2.88052000e-03
14.984015     3.11288000e-03
14.989010     3.85690000e-03
14.994006     2.82999000e-03
14.999004     3.68407000e-03
15.004004     3.14699000e-03
15.009005     3.21515000e-03
15.014008     3.89670000e-03
15.019013     2.81850000e-03
15.024019     3.63048000e-03
15.029027     2.78266000e-03
15.034037     3.56105000e-03
15.039048     3.47917000e-03
15.044061     3.63381000e-03
15.049076     3.05263000e-03
15.054092     3.82123000e-03
15.059110     3.73897000e-03
15.064130     3.58851000e-03
15.069152     3.91548000e-03
15.074175     3.70134000e-03
15.079199     3.18147000e-03
15.084226     3.44149000e-03
15.089254     2.90100000e-03
15.094284     3.18359000e-03
15.099315     3.20043000e-03
15.104348     3.42378000e-03
15.109383     3.77850000e-03
15.114419     3.67095000e-03
15.119457     3.12451000e-03
15.124497     3.01249000e-03
15.129539     3.91983000e-03
15.134582     3.67009000e-03
15.139627     3.85874000e-03
15.144673     3.18791000e-03
15.149722     3.97914000e-03
15.154772     3.85147000e-03
15.159823     3.25273000e-03
15.164876     3.64808000e-03
15.169931     3.23397000e-03
15.174988     2.93340000e-03
15.180046     3.09000000e-03
15.185106     3.56349000e-03
15.190168     3.81225000e-03
15.195232     3.15609000e-03
15.200297     3.13563000e-03
15.205363     3.53420000e-03
15.210432     3.25087000e-03
15.215502     2.86632000e-03
15.220574     3.96507000e-03
15.225647     2.97158000e-03
15.230723     2.93774000e-03
15.235799     3.60317000e-03
15.240878     3.20220000e-03
15.245958     3.15792000e-03
15.251040     3.20544000e-03
15.256124     2.92226000e-03
15.261209     3.86520000e-03
15.266296     3.87956000e-03
15.271385     3.49572000e-03
15.276476     3.70614000e-03
15.281568     3.66924000e-03
15.286662     3.40474000e-03
15.291757     3.69512000e-03
15.296855     3.37150000e-03
15.301953     3.24073000e-03
15.307054     2.79091000e-03
15.312156     3.59006000e-03
15.317260     3.75273000e-03
15.322366     2.76343000e-03
15.327474     3.10984000e-03
15.332583     4.12234000e-03
15.337694     3.93199000e-03
15.342806     3.52652000e-03
15.347921     3.69395000e-03
15.353036     4.19296000e-03
15.358154     3.88335000e-03
15.363274     3.34856000e-03
15.368395     3.17351000e-03
15.373518     3.90478000e-03
15.378642     3.39138000e-03
15.383768     3.46535000e-03
15.388896     3.01609000e-03
15.394026     3.25277000e-03
15.399157     3.83874000e-03
15.404290     3.28839000e-03
15.409425     3.48033000e-03
15.414561     3.35532000e-03
15.419700     3.81722000e-03
15.424839     3.43074000e-03
15.429981     3.84493000e-03
15.435124     4.02686000e-03
15.440269     4.09424000e-03
15.445416     3.13690000e-03
15.450565     3.10692000e-03
15.455715     3.67987000e-03
15.460867     3.28698000e-03
15.466020     3.83595000e-03
15.471176     3.90439000e-03
15.476333     3.67898000e-03
15.481492     3.71971000e-03
15.486652     3.52821000e-03
15.491814     3.04631000e-03
15.496978     3.31350000e-03
15.502144     3.38698000e-03
15.507311     3.21441000e-03
15.512480     3.56597000e-03
15.517651     3.26857000e-03
15.522824     3.77596000e-03
15.527998     3.13754000e-03
15.533174     3.56641000e-03
15.538352     4.34535000e-03
15.543531     3.21204000e-03
15.548712     3.85946000e-03
15.553895     3.42818000e-03
15.559080     3.39237000e-03
15.564266     3.51236000e-03
15.569454     3.74573000e-03
15.574644     3.61820000e-03
15.579836     2.81480000e-03
15.585029     3.43185000e-03
15.590224     3.88148000e-03
15.595421     4.15929000e-03
15.600619     2.97460000e-03
15.605819     2.95342000e-03
15.611021     3.31140000e-03
15.616225     2.89648000e-03
15.621430     4.07918000e-03
15.626638     3.66748000e-03
15.631846     3.03498000e-03
15.637057     3.55528000e-03
15.642269     3.64464000e-03
15.647483     3.53492000e-03
15.652699     4.08753000e-03
15.657917     3.35372000e-03
15.663136     3.95206000e-03
15.668357     3.69311000e-03
15.673580     3.05320000e-03
15.678805     4.31596000e-03
15.684031     3.81002000e-03
15.689259     3.68887000e-03
15.694489     4.24518000e-03
15.699720     3.92272000e-03
15.704953     3.31629000e-03
15.710188     3.40780000e-03
15.715425     4.06744000e-03
15.720664     3.15787000e-03
15.725904     3.68230000e-03
15.731146     4.08039000e-03
15.736389     3.77295000e-03
15.741635     4.16350000e-03
15.746882     3.83441000e-03
15.752131     3.43972000e-03
15.757382     3.11119000e-03
15.762634     3.24711000e-03
15.767888     3.01724000e-03
15.773144     4.27407000e-03
15.778402     3.41079000e-03
15.783662     3.49890000e-03
15.788923     3.43328000e-03
15.794186     3.36486000e-03
15.799451     2.83213000e-03
15.804717     3.73415000e-03
15.809985     3.16979000e-03
15.815255     4.23840000e-03
15.820527     3.06523000e-03
15.825800     3.30673000e-03
15.831076     2.87623000e-03
15.836353     3.38628000e-03
15.841632     3.26441000e-03
15.846912     3.80696000e-03
15.852194     3.95761000e-03
15.857478     4.24253000e-03
15.862764     3.46316000e-03
15.868052     3.54982000e-03
15.873341     3.47254000e-03
15.878632     4.07708000e-03
15.883925     3.64556000e-03
15.889220     4.14875000e-03
15.894516     3.47555000e-03
15.899814     3.34579000e-03
15.905114     3.64094000e-03
15.910416     3.78794000e-03
15.915720     4.47789000e-03
15.921025     3.82498000e-03
15.926332     3.44887000e-03
15.931641     3.91924000e-03
15.936951     2.91275000e-03
15.942263     4.28875000e-03
15.947577     3.76459000e-03
15.952893     3.84708000e-03
15.958211     3.73730000e-03
15.963530     3.96428000e-03
15.968852     4.13468000e-03
15.974175     3.85941000e-03
15.979499     3.36288000e-03
15.984826     3.96828000e-03
15.990154     4.25054000e-03
15.995484     3.45699000e-03
16.000816     3.86638000e-03
16.006150     3.60390000e-03
16.011485     3.42930000e-03
16.016822     3.27841000e-03
16.022161     3.18142000e-03
16.027502     2.85137000e-03
16.032844     3.92900000e-03
16.038189     3.83228000e-03
16.043535     3.23012000e-03
16.048883     3.83624000e-03
16.054232     3.41815000e-03
16.059583     3.87889000e-03
16.064937     4.23923000e-03
16.070292     3.79791000e-03
16.075648     2.99514000e-03
16.081007     4.31899000e-03
16.086367     3.24271000e-03
16.091729     3.80106000e-03
16.097093     3.11355000e-03
16.102459     3.58580000e-03
16.107827     3.94106000e-03
16.113196     3.66606000e-03
16.118567     3.79313000e-03
16.123940     3.82316000e-03
16.129314     3.36887000e-03
16.134691     3.60794000e-03
16.140069     4.07502000e-03
16.145449     3.67162000e-03
16.150831     4.07316000e-03
16.156215     3.02409000e-03
16.161600     3.44783000e-03
16.166987     3.51984000e-03
16.172376     3.64295000e-03
16.177767     4.00972000e-03
16.183159     3.89605000e-03
16.188554     4.15945000e-03
16.193950     4.13390000e-03
16.199348     4.38812000e-03
16.204748     4.02170000e-03
16.210149     3.49366000e-03
16.215553     4.00867000e-03
16.220958     3.52844000e-03
16.226365     4.10813000e-03
16.231774     3.63041000e-03
16.237184     3.15215000e-03
16.242597     3.18650000e-03
16.248011     3.97594000e-03
16.253427     4.14000000e-03
16.258845     3.93681000e-03
16.264264     3.77876000e-03
16.269686     3.33599000e-03
16.275109     3.14454000e-03
16.280534     3.94749000e-03
16.285961     3.77285000e-03
16.291390     3.51024000e-03
16.296820     3.81907000e-03
16.302252     3.90307000e-03
16.307686     3.05651000e-03
16.313122     3.69697000e-03
16.318560     3.88094000e-03
16.323999     3.49233000e-03
16.329441     3.32273000e-03
16.334884     3.79605000e-03
16.340329     4.41792000e-03
16.345776     3.72241000e-03
16.351224     4.47963000e-03
16.356675     3.03950000e-03
16.362127     4.16915000e-03
16.367581     4.17970000e-03
16.373037     3.66291000e-03
16.378494     3.90449000e-03
16.383954     3.27535000e-03
16.389415     3.62516000e-03
16.394879     4.03335000e-03
16.400343     3.76056000e-03
16.405810     3.45762000e-03
16.411279     3.26244000e-03
16.416749     4.01065000e-03
16.422221     3.40512000e-03
16.427695     3.54626000e-03
16.433171     2.83678000e-03
16.438649     4.04657000e-03
16.444129     3.23629000e-03
16.449610     3.95797000e-03
16.455093     4.03359000e-03
16.460578     3.83514000e-03
16.466065     3.50269000e-03
16.471554     2.96022000e-03
16.477044     3.47705000e-03
16.482537     3.53898000e-03
16.488031     3.99136000e-03
16.493527     3.88848000e-03
16.499025     3.38964000e-03
16.504524     3.16083000e-03
16.510026     3.43066000e-03
16.515529     4.02341000e-03
16.521034     3.65061000e-03
16.526542     3.92116000e-03
16.532050     2.92885000e-03
16.537561     4.38218000e-03
16.543073     3.83486000e-03
16.548588     3.90760000e-03
16.554104     3.69105000e-03
16.559622     3.27922000e-03
16.565142     4.52712000e-03
16.570664     4.30473000e-03
16.576187     4.11506000e-03
16.581713     3.42981000e-03
16.587240     3.53602000e-03
16.592769     4.02362000e-03
16.598300     3.10940000e-03
16.603833     2.96732000e-03
16.609367     3.84205000e-03
16.614904     4.11121000e-03
16.620442     3.96467000e-03
16.625982     3.67384000e-03
16.631524     3.69630000e-03
16.637068     3.46636000e-03
16.642614     3.32179000e-03
16.648161     3.57521000e-03
16.653711     3.31325000e-03
16.659262     3.48504000e-03
16.664815     3.56373000e-03
16.670370     4.02839000e-03
16.675927     2.88530000e-03
16.681485     3.66659000e-03
16.687046     3.10854000e-03
16.692608     3.94490000e-03
16.698172     3.42777000e-03
16.703738     3.76855000e-03
16.709306     3.96231000e-03
16.714876     3.65096000e-03
16.720448     3.65900000e-03
16.726021     2.88953000e-03
16.731597     3.32892000e-03
16.737174     4.19999000e-03
16.742753     2.96478000e-03
16.748334     3.01311000e-03
16.753916     3.54138000e-03
16.759501     3.93922000e-03
16.765088     3.98874000e-03
16.770676     2.98387000e-03
16.776266     4.08036000e-03
16.781858     3.56606000e-03
16.787452     4.33911000e-03
16.793048     3.57638000e-03
16.798646     4.20357000e-03
16.804245     4.19568000e-03
16.809847     3.31752000e-03
16.815450     4.00093000e-03
16.821055     3.38859000e-03
16.826662     3.46823000e-03
16.832271     3.19314000e-03
16.837882     3.32134000e-03
16.843494     4.41245000e-03
16.849109     4.15979000e-03
16.854725     3.99495000e-03
16.860344     4.47669000e-03
16.865964     3.09479000e-03
16.871586     2.87840000e-03
16.877209     4.18531000e-03
16.882835     4.00716000e-03
16.888463     3.83539000e-03
16.894092     3.49218000e-03
16.899724     3.21410000e-03
16.905357     3.81425000e-03
16.910992     3.71153000e-03
16.916629     4.47202000e-03
16.922268     4.23808000e-03
16.927909     3.51146000e-03
16.933551     3.44442000e-03
16.939196     3.38720000e-03
16.944842     4.11049000e-03
16.950491     3.65563000e-03
16.956141     3.48266000e-03
16.961793     4.24490000e-03
16.967447     4.23695000e-03
16.973102     3.50468000e-03
16.978760     3.82666000e-03
16.984420     3.36539000e-03
16.990081     4.08870000e-03
16.995745     3.91531000e-03
17.001410     4.15026000e-03
17.007077     3.95119000e-03
17.012746     4.18625000e-03
17.018417     4.33320000e-03
17.024090     3.61841000e-03
17.029764     3.70725000e-03
17.035441     3.41212000e-03
17.041120     4.02392000e-03
17.046800     2.95802000e-03
17.052482     3.60181000e-03
17.058166     4.11333000e-03
17.063852     3.79348000e-03
17.069540     4.36519000e-03
17.075230     3.44440000e-03
17.080922     3.78862000e-03
17.086616     3.37334000e-03
17.092311     4.35994000e-03
17.098009     3.06085000e-03
17.103708     3.57970000e-03
17.109409     3.36865000e-03
17.115112     3.82745000e-03
17.120817     3.52775000e-03
17.126524     3.92717000e-03
17.132233     4.07007000e-03
17.137944     3.99424000e-03
17.143656     3.83479000e-03
17.149371     4.17761000e-03
17.155088     3.84079000e-03
17.160806     3.70450000e-03
17.166526     3.77421000e-03
17.172248     4.20102000e-03
17.177972     3.51427000e-03
17.183698     3.30282000e-03
17.189426     3.77768000e-03
17.195156     4.02736000e-03
17.200888     3.15600000e-03
17.206621     4.11482000e-03
17.212357     3.97011000e-03
17.218094     3.98759000e-03
17.223834     3.93796000e-03
17.229575     3.71337000e-03
17.235318     3.62404000e-03
17.241063     3.58063000e-03
17.246810     3.39134000e-03
17.252559     3.76917000e-03
17.258310     3.92975000e-03
17.264063     3.77679000e-03
17.269818     4.25512000e-03
17.275574     4.16265000e-03
17.281333     3.83750000e-03
17.287093     3.57488000e-03
17.292856     3.66689000e-03
17.298620     4.40792000e-03
17.304386     3.92962000e-03
17.310154     3.68227000e-03
17.315924     3.63890000e-03
17.321696     3.61317000e-03
17.327470     3.22836000e-03
17.333246     3.99706000e-03
17.339024     3.40216000e-03
17.344803     4.37079000e-03
17.350585     4.16059000e-03
17.356368     3.62130000e-03
17.362154     4.31371000e-03
17.367941     4.12097000e-03
17.373731     3.11156000e-03
17.379522     3.64745000e-03
17.385315     3.11148000e-03
17.391110     4.08433000e-03
17.396907     4.14484000e-03
17.402706     3.51155000e-03
17.408507     3.93136000e-03
17.414310     4.15454000e-03
17.420115     4.29842000e-03
17.425921     3.60290000e-03
17.431730     3.39773000e-03
17.437541     3.88122000e-03
17.443353     4.05270000e-03
17.449168     4.08707000e-03
17.454984     3.97628000e-03
17.460802     4.56583000e-03
17.466622     3.36478000e-03
17.472445     3.10780000e-03
17.478269     3.77099000e-03
17.484095     4.07862000e-03
17.489923     4.48649000e-03
17.495753     4.01258000e-03
17.501585     3.97670000e-03
17.507419     4.00600000e-03
17.513255     3.22008000e-03
17.519092     4.23937000e-03
17.524932     3.75152000e-03
17.530774     3.40819000e-03
17.536617     4.18326000e-03
17.542463     4.13331000e-03
17.548310     4.44589000e-03
17.554160     3.73538000e-03
17.560011     4.46682000e-03
17.565864     3.56892000e-03
17.571720     3.68663000e-03
17.577577     4.25758000e-03
17.583436     3.62365000e-03
17.589297     3.72334000e-03
17.595160     3.96199000e-03
17.601025     4.09720000e-03
17.606893     3.47369000e-03
17.612761     3.80024000e-03
17.618632     4.03505000e-03
17.624505     3.94022000e-03
17.630380     4.01546000e-03
17.636257     3.91210000e-03
17.642136     3.87686000e-03
17.648016     4.01421000e-03
17.653899     3.11573000e-03
17.659784     3.13159000e-03
17.665670     3.90189000e-03
17.671559     3.76438000e-03
17.677449     3.91497000e-03
17.683342     3.92625000e-03
17.689236     3.88260000e-03
17.695133     4.20153000e-03
17.701031     4.13122000e-03
17.706931     4.10036000e-03
17.712834     3.57069000e-03
17.718738     3.62327000e-03
17.724644     3.71524000e-03
17.730552     3.53867000e-03
17.736463     4.25885000e-03
17.742375     4.16720000e-03
17.748289     4.02849000e-03
17.754205     2.90854000e-03
17.760123     3.94952000e-03
17.766043     3.50785000e-03
17.771965     3.85843000e-03
17.777889     3.42284000e-03
17.783815     4.49777000e-03
17.789743     4.08373000e-03
17.795673     4.22840000e-03
17.801605     4.13820000e-03
17.807539     3.84187000e-03
17.813475     3.57850000e-03
17.819412     4.07748000e-03
17.825352     3.25171000e-03
17.831294     4.10365000e-03
17.837238     3.78842000e-03
17.843183     2.91719000e-03
17.849131     4.22227000e-03
17.855081     4.34792000e-03
17.861033     4.45835000e-03
17.866986     4.45157000e-03
17.872942     3.99019000e-03
17.878900     3.96361000e-03
17.884859     4.41982000e-03
17.890821     3.27947000e-03
17.896784     4.53979000e-03
17.902750     3.56195000e-03
17.908718     4.02848000e-03
17.914687     3.64786000e-03
17.920659     3.44817000e-03
17.926632     3.97781000e-03
17.932608     3.52950000e-03
17.938585     3.85816000e-03
17.944565     4.01272000e-03
17.950546     3.85847000e-03
17.956530     4.43458000e-03
17.962515     4.26971000e-03
17.968503     3.57640000e-03
17.974492     4.23595000e-03
17.980484     4.07923000e-03
17.986477     4.10532000e-03
17.992473     4.17138000e-03
17.998470     4.39302000e-03
18.004470     4.29297000e-03
18.010471     4.44576000e-03
18.016475     4.21319000e-03
18.022480     4.29370000e-03
18.028488     3.51535000e-03
18.034497     2.97920000e-03
18.040509     3.53062000e-03
18.046522     3.91893000e-03
18.052538     3.67238000e-03
18.058555     4.22340000e-03
18.064575     3.77023000e-03
18.070596     4.35730000e-03
18.076620     3.90772000e-03
18.082646     4.43325000e-03
18.088673     4.65673000e-03
18.094703     3.00544000e-03
18.100734     4.65604000e-03
18.106768     3.86675000e-03
18.112803     4.04338000e-03
18.118841     4.30859000e-03
18.124881     4.52363000e-03
18.130922     3.54083000e-03
18.136966     3.89306000e-03
18.143012     3.91788000e-03
18.149059     4.01130000e-03
18.155109     3.96636000e-03
18.161161     3.20377000e-03
18.167214     4.05040000e-03
18.173270     3.75073000e-03
18.179328     3.03215000e-03
18.185388     4.23134000e-03
18.191449     3.41273000e-03
18.197513     4.05439000e-03
18.203579     4.45393000e-03
18.209647     3.08209000e-03
18.215717     4.20311000e-03
18.221789     3.67981000e-03
18.227863     4.27474000e-03
18.233939     4.29562000e-03
18.240016     4.33852000e-03
18.246097     4.29771000e-03
18.252178     3.96353000e-03
18.258263     3.81991000e-03
18.264349     4.44988000e-03
18.270437     3.98778000e-03
18.276527     3.70154000e-03
18.282619     4.09794000e-03
18.288713     3.70155000e-03
18.294810     4.11062000e-03
18.300908     3.29091000e-03
18.307008     3.49861000e-03
18.313111     3.69769000e-03
18.319215     4.68242000e-03
18.325321     4.20049000e-03
18.331430     4.36072000e-03
18.337540     3.56789000e-03
18.343653     4.36492000e-03
18.349767     4.49556000e-03
18.355884     4.19080000e-03
18.362002     3.31081000e-03
18.368123     3.80733000e-03
18.374246     3.65620000e-03
18.380371     3.76679000e-03
18.386497     4.07407000e-03
18.392626     4.01852000e-03
18.398757     3.97942000e-03
18.404890     3.39646000e-03
18.411025     4.11234000e-03
18.417162     3.84339000e-03
18.423301     4.29358000e-03
18.429442     4.02399000e-03
18.435585     3.94738000e-03
18.441730     4.33439000e-03
18.447878     4.62931000e-03
18.454027     4.37468000e-03
18.460178     4.39409000e-03
18.466332     4.26283000e-03
18.472487     3.94709000e-03
18.478645     3.32656000e-03
18.484804     3.66862000e-03
18.490966     4.17620000e-03
18.497129     3.21347000e-03
18.503295     4.44411000e-03
18.509463     3.94203000e-03
18.515633     4.00474000e-03
18.521805     4.03650000e-03
18.527979     3.40998000e-03
18.534155     3.65686000e-03
18.540333     3.77714000e-03
18.546513     3.87498000e-03
18.552695     4.27236000e-03
18.558879     3.26101000e-03
18.565065     4.40003000e-03
18.571254     3.45631000e-03
18.577444     3.79314000e-03
18.583637     4.12413000e-03
18.589831     3.21336000e-03
18.596028     3.88892000e-03
18.602227     3.89427000e-03
18.608427     4.17110000e-03
18.614630     3.92125000e-03
18.620835     3.87904000e-03
18.627042     3.83994000e-03
18.633251     3.77051000e-03
18.639462     3.73118000e-03
18.645675     3.40009000e-03
18.651890     3.09703000e-03
18.658108     3.31320000e-03
18.664327     4.21611000e-03
18.670548     3.54467000e-03
18.676772     4.56765000e-03
18.682998     4.51772000e-03
18.689225     4.19944000e-03
18.695455     4.46733000e-03
18.701687     3.44830000e-03
18.707921     4.27774000e-03
18.714157     3.91110000e-03
18.720395     3.76385000e-03
18.726635     4.26336000e-03
18.732877     3.45955000e-03
18.739121     4.49004000e-03
18.745368     3.98905000e-03
18.751616     3.94673000e-03
18.757867     4.08681000e-03
18.764119     3.39610000e-03
18.770374     4.18113000e-03
18.776631     3.51476000e-03
18.782890     3.20398000e-03
18.789151     4.87474000e-03
18.795414     3.81841000e-03
18.801679     4.03764000e-03
18.807946     4.41009000e-03
18.814215     3.10321000e-03
18.820487     4.12122000e-03
18.826760     3.04816000e-03
18.833036     4.15895000e-03
18.839314     4.58595000e-03
18.845593     4.44749000e-03
18.851875     4.46406000e-03
18.858159     4.47188000e-03
18.864445     4.35687000e-03
18.870733     4.04934000e-03
18.877024     3.79562000e-03
18.883316     3.73223000e-03
18.889610     3.39886000e-03
18.895907     4.20076000e-03
18.902206     3.77664000e-03
18.908506     3.90230000e-03
18.914809     3.90951000e-03
18.921114     4.03698000e-03
18.927421     3.52885000e-03
18.933730     4.25898000e-03
18.940041     4.17634000e-03
18.946355     4.19312000e-03
18.952670     4.09691000e-03
18.958988     3.44911000e-03
18.965308     4.18804000e-03
18.971629     4.26978000e-03
18.977953     3.54037000e-03
18.984279     3.96561000e-03
18.990607     3.82900000e-03
18.996938     3.79780000e-03
19.003270     3.93027000e-03
19.009604     3.98727000e-03
19.015941     4.32122000e-03
19.022279     4.38990000e-03
19.028620     4.44052000e-03
19.034963     3.06509000e-03
19.041308     4.03724000e-03
19.047655     4.47413000e-03
19.054004     4.17155000e-03
19.060356     4.31724000e-03
19.066709     4.19325000e-03
19.073065     3.80239000e-03
19.079422     4.44502000e-03
19.085782     2.98474000e-03
19.092144     4.59779000e-03
19.098508     4.79263000e-03
19.104874     4.27901000e-03
19.111243     3.99798000e-03
19.117613     4.34924000e-03
19.123986     4.40207000e-03
19.130360     3.60348000e-03
19.136737     3.28791000e-03
19.143116     4.54557000e-03
19.149497     3.72380000e-03
19.155880     4.11373000e-03
19.162265     4.23309000e-03
19.168653     3.52295000e-03
19.175042     4.30295000e-03
19.181434     3.85604000e-03
19.187828     4.26828000e-03
19.194224     4.32484000e-03
19.200622     4.09771000e-03
19.207022     4.14218000e-03
19.213424     4.15183000e-03
19.219829     4.28818000e-03
19.226236     3.98024000e-03
19.232644     4.58814000e-03
19.239055     3.25289000e-03
19.245468     3.64017000e-03
19.251883     4.01511000e-03
19.258301     4.14843000e-03
19.264720     3.80728000e-03
19.271142     3.05033000e-03
19.277565     3.32624000e-03
19.283991     4.18528000e-03
19.290419     3.82740000e-03
19.296849     4.43124000e-03
19.303282     4.18111000e-03
19.309716     4.40051000e-03
19.316153     4.04269000e-03
19.322591     4.60805000e-03
19.329032     4.08359000e-03
19.335475     3.15288000e-03
19.341920     4.33268000e-03
19.348368     3.56296000e-03
19.354817     4.41844000e-03
19.361269     3.16011000e-03
19.367722     3.90080000e-03
19.374178     3.71273000e-03
19.380637     3.11063000e-03
19.387097     3.38513000e-03
19.393559     4.64993000e-03
19.400024     4.45540000e-03
19.406490     4.23771000e-03
19.412959     3.88189000e-03
19.419430     3.77071000e-03
19.425903     3.76595000e-03
19.432378     4.03738000e-03
19.438856     3.86705000e-03
19.445336     3.72163000e-03
19.451817     4.15874000e-03
19.458301     3.95750000e-03
19.464787     3.86785000e-03
19.471276     3.96573000e-03
19.477766     3.72698000e-03
19.484259     4.10394000e-03
19.490753     4.39372000e-03
19.497250     4.48059000e-03
19.503749     4.20000000e-03
19.510251     4.31550000e-03
19.516754     4.53242000e-03
19.523260     3.32187000e-03
19.529767     4.21537000e-03
19.536277     3.50459000e-03
19.542789     3.68286000e-03
19.549304     4.54384000e-03
19.555820     3.77446000e-03
19.562339     4.06961000e-03
19.568859     3.88245000e-03
19.575382     4.16240000e-03
19.581908     4.12683000e-03
19.588435     3.89319000e-03
19.594964     3.66145000e-03
19.601496     4.24935000e-03
19.608030     3.76974000e-03
19.614566     4.08008000e-03
19.621104     4.02778000e-03
19.627644     4.18007000e-03
19.634187     3.48436000e-03
19.640732     4.12296000e-03
19.647279     3.18755000e-03
19.653828     3.93453000e-03
19.660379     4.28708000e-03
19.666933     3.95063000e-03
19.673488     4.23673000e-03
19.680046     4.36858000e-03
19.686606     3.61006000e-03
19.693168     4.23791000e-03
19.699732     4.50824000e-03
19.706299     3.85510000e-03
19.712868     4.60668000e-03
19.719439     3.81450000e-03
19.726012     4.02316000e-03
19.732587     4.34925000e-03
19.739165     3.84068000e-03
19.745745     4.25482000e-03
19.752326     4.52206000e-03
19.758911     4.24153000e-03
19.765497     3.28872000e-03
19.772085     4.02008000e-03
19.778676     4.11809000e-03
19.785269     4.76829000e-03
19.791864     4.40491000e-03
19.798461     3.99373000e-03
19.805061     4.24918000e-03
19.811663     4.43276000e-03
19.818266     4.21035000e-03
19.824873     3.89647000e-03
19.831481     4.25601000e-03
19.838091     4.34146000e-03
19.844704     4.14672000e-03
19.851319     4.58756000e-03
19.857936     4.28103000e-03
19.864555     3.16709000e-03
19.871177     4.07666000e-03
19.877801     4.11915000e-03
19.884427     3.58480000e-03
19.891055     4.10226000e-03
19.897685     4.32500000e-03
19.904318     2.97015000e-03
19.910952     3.75685000e-03
19.917589     3.97167000e-03
19.924229     4.16905000e-03
19.930870     4.06778000e-03
19.937514     3.67530000e-03
19.944159     4.14399000e-03
19.950807     3.10045000e-03
19.957458     3.89583000e-03
19.964110     4.47121000e-03
19.970765     4.44638000e-03
19.977422     3.93974000e-03
19.984081     3.38545000e-03
19.990742     4.39317000e-03
19.997406     4.56032000e-03
20.004072     3.30269000e-03
20.010740     4.85745000e-03
20.017410     4.50877000e-03
20.024082     4.58261000e-03
20.030757     4.18577000e-03
20.037434     3.86898000e-03
20.044113     4.21010000e-03
20.050795     4.66071000e-03
20.057478     3.36734000e-03
20.064164     4.34193000e-03
20.070852     3.33258000e-03
20.077542     4.04049000e-03
20.084235     4.35886000e-03
20.090930     4.59167000e-03
20.097627     4.53458000e-03
20.104326     4.72512000e-03
20.111027     3.10900000e-03
20.117731     3.64833000e-03
20.124437     4.35015000e-03
20.131145     4.12788000e-03
20.137855     3.81315000e-03
20.144568     3.94362000e-03
20.151283     4.19205000e-03
20.158000     3.74660000e-03
20.164719     4.22884000e-03
20.171441     3.87856000e-03
20.178165     4.26350000e-03
20.184891     4.37783000e-03
20.191619     3.75980000e-03
20.198349     4.23208000e-03
20.205082     4.27413000e-03
20.211817     4.60358000e-03
20.218555     4.29503000e-03
20.225294     4.35275000e-03
20.232036     3.86233000e-03
20.238780     3.80342000e-03
20.245526     4.35711000e-03
20.252275     4.49605000e-03
20.259025     3.93517000e-03
20.265778     4.25274000e-03
20.272534     3.39435000e-03
20.279291     4.34667000e-03
20.286051     4.08436000e-03
20.292813     4.66018000e-03
20.299577     4.03880000e-03
20.306344     4.54579000e-03
20.313112     4.49074000e-03
20.319884     3.97475000e-03
20.326657     4.32606000e-03
20.333432     4.05914000e-03
20.340210     3.73721000e-03
20.346990     4.06434000e-03
20.353773     4.09927000e-03
20.360557     3.80356000e-03
20.367344     4.61968000e-03
20.374133     4.27674000e-03
20.380925     3.31053000e-03
20.387718     4.36192000e-03
20.394514     4.69642000e-03
20.401312     4.40497000e-03
20.408113     4.27314000e-03
20.414915     4.49762000e-03
20.421720     3.78088000e-03
20.428528     4.14770000e-03
20.435337     3.66545000e-03
20.442149     4.59115000e-03
20.448963     4.51703000e-03
20.455779     4.50254000e-03
20.462598     3.68733000e-03
20.469419     3.08252000e-03
20.476242     4.02313000e-03
20.483067     4.09957000e-03
20.489895     4.11544000e-03
20.496725     4.37383000e-03
20.503557     4.59018000e-03
20.510392     3.46986000e-03
20.517229     4.64049000e-03
20.524068     4.59083000e-03
20.530909     3.74576000e-03
20.537753     3.94628000e-03
20.544598     4.37266000e-03
20.551447     4.48859000e-03
20.558297     4.20403000e-03
20.565150     4.05134000e-03
20.572005     3.72910000e-03
20.578862     3.96854000e-03
20.585722     3.47247000e-03
20.592584     4.31800000e-03
20.599448     4.29814000e-03
20.606315     4.48608000e-03
20.613183     4.80493000e-03
20.620054     4.11996000e-03
20.626928     4.08869000e-03
20.633803     3.77442000e-03
20.640681     4.08590000e-03
20.647561     4.21406000e-03
20.654444     4.80979000e-03
20.661329     4.10037000e-03
20.668216     4.81702000e-03
20.675105     4.95719000e-03
20.681997     4.89251000e-03
20.688891     3.82497000e-03
20.695787     4.66297000e-03
20.702686     4.38058000e-03
20.709587     4.25722000e-03
20.716490     3.78053000e-03
20.723396     4.70044000e-03
20.730303     3.90656000e-03
20.737213     4.32973000e-03
20.744126     4.26474000e-03
20.751041     3.84444000e-03
20.757958     3.53752000e-03
20.764877     4.66380000e-03
20.771798     4.45172000e-03
20.778723     3.21050000e-03
20.785649     3.90813000e-03
20.792577     4.13900000e-03
20.799508     4.02166000e-03
20.806441     3.59060000e-03
20.813377     3.08372000e-03
20.820315     4.17312000e-03
20.827255     3.67698000e-03
20.834197     3.94277000e-03
20.841142     4.54419000e-03
20.848089     4.45695000e-03
20.855038     3.14306000e-03
20.861990     4.92061000e-03
20.868944     4.34953000e-03
20.875900     4.81008000e-03
20.882859     4.55550000e-03
20.889820     4.53889000e-03
20.896783     4.06536000e-03
20.903749     4.09362000e-03
20.910717     3.76366000e-03
20.917687     3.76252000e-03
20.924659     4.20928000e-03
20.931634     3.31192000e-03
20.938612     4.32552000e-03
20.945591     3.96426000e-03
20.952573     3.50630000e-03
20.959557     4.69771000e-03
20.966544     4.53147000e-03
20.973533     4.43334000e-03
20.980524     4.22409000e-03
20.987517     3.80273000e-03
20.994513     3.98706000e-03
21.001511     4.03184000e-03
21.008512     3.76716000e-03
21.015514     4.20965000e-03
21.022520     3.79803000e-03
21.029527     3.91302000e-03
21.036537     3.64933000e-03
21.043549     4.59176000e-03
21.050564     3.69066000e-03
21.057581     4.72465000e-03
21.064600     4.22391000e-03
21.071621     4.55380000e-03
21.078645     3.42164000e-03
21.085671     4.20830000e-03
21.092700     4.13777000e-03
21.099731     3.28707000e-03
21.106764     4.12063000e-03
21.113800     3.74627000e-03
21.120838     4.30329000e-03
21.127878     4.17157000e-03
21.134920     4.68941000e-03
21.141966     4.28813000e-03
21.149013     3.90180000e-03
21.156063     4.15323000e-03
21.163114     4.49307000e-03
21.170169     4.26342000e-03
21.177226     4.28861000e-03
21.184285     4.37288000e-03
21.191346     4.32786000e-03
21.198410     4.61368000e-03
21.205476     4.65239000e-03
21.212544     4.22975000e-03
21.219615     4.55309000e-03
21.226689     4.31477000e-03
21.233764     3.39602000e-03
21.240842     3.90202000e-03
21.247922     4.09091000e-03
21.255005     3.88707000e-03
21.262090     4.33001000e-03
21.269177     4.18058000e-03
21.276267     4.68930000e-03
21.283359     4.62170000e-03
21.290454     3.58033000e-03
21.297550     3.92675000e-03
21.304650     3.89677000e-03
21.311751     4.51977000e-03
21.318855     4.47187000e-03
21.325961     4.21872000e-03
21.333070     3.47667000e-03
21.340181     4.23749000e-03
21.347294     4.37436000e-03
21.354410     4.37519000e-03
21.361528     4.08759000e-03
21.368649     3.09457000e-03
21.375772     3.98707000e-03
21.382897     4.31418000e-03
21.390025     4.33561000e-03
21.397155     4.63052000e-03
21.404287     3.61070000e-03
21.411422     4.72014000e-03
21.418559     4.56798000e-03
21.425698     3.55830000e-03
21.432840     3.95633000e-03
21.439985     4.29001000e-03
21.447131     3.88357000e-03
21.454280     4.80459000e-03
21.461432     4.91283000e-03
21.468585     4.34674000e-03
21.475742     3.55558000e-03
21.482900     4.81261000e-03
21.490061     4.20094000e-03
21.497225     4.93957000e-03
21.504390     4.93474000e-03
21.511558     3.99304000e-03
21.518729     4.29179000e-03
21.525902     4.44546000e-03
21.533077     3.17344000e-03
21.540255     4.30366000e-03
21.547435     4.14844000e-03
21.554617     4.15514000e-03
21.561802     4.26287000e-03
21.568990     4.20380000e-03
21.576179     4.29437000e-03
21.583371     3.78124000e-03
21.590566     3.71155000e-03
21.597763     4.50852000e-03
21.604962     4.62672000e-03
21.612164     3.85316000e-03
21.619368     4.55922000e-03
21.626574     4.23450000e-03
21.633783     4.26300000e-03
21.640994     3.82742000e-03
21.648208     3.72356000e-03
21.655424     4.17495000e-03
21.662642     3.85595000e-03
21.669863     3.53931000e-03
21.677087     3.97006000e-03
21.684312     4.30787000e-03
21.691540     3.57025000e-03
21.698771     4.22983000e-03
21.706004     3.62075000e-03
21.713239     4.01799000e-03
21.720477     3.95490000e-03
21.727717     3.83175000e-03
21.734960     4.53892000e-03
21.742205     4.47915000e-03
21.749452     3.91021000e-03
21.756702     4.52425000e-03
21.763954     4.01192000e-03
21.771209     4.10537000e-03
21.778466     4.43748000e-03
21.785725     4.67740000e-03
21.792987     4.37681000e-03
21.800252     4.20914000e-03
21.807518     3.40757000e-03
21.814787     3.47150000e-03
21.822059     4.37459000e-03
21.829333     3.60451000e-03
21.836610     4.11309000e-03
21.843888     3.98200000e-03
21.851170     3.83708000e-03
21.858453     4.55950000e-03
21.865740     3.99914000e-03
21.873028     4.42579000e-03
21.880319     4.47230000e-03
21.887613     3.98125000e-03
21.894908     4.73983000e-03
21.902207     4.22382000e-03
21.909508     3.32852000e-03
21.916811     4.37262000e-03
21.924116     4.24302000e-03
21.931424     4.18975000e-03
21.938735     4.58917000e-03
21.946048     4.34833000e-03
21.953363     3.57388000e-03
21.960681     3.69907000e-03
21.968001     4.64799000e-03
21.975324     4.46892000e-03
21.982649     4.18331000e-03
21.989976     4.13738000e-03
21.997306     3.96703000e-03
22.004639     4.40197000e-03
22.011974     4.19729000e-03
22.019311     4.35475000e-03
22.026651     4.14083000e-03
22.033993     3.37356000e-03
22.041338     4.13651000e-03
22.048685     4.36261000e-03
22.056034     4.55171000e-03
22.063386     3.95626000e-03
22.070741     4.32240000e-03
22.078098     3.82528000e-03
22.085457     4.16492000e-03
22.092819     4.65739000e-03
22.100183     4.64661000e-03
22.107550     4.52447000e-03
22.114919     4.06210000e-03
22.122291     4.64117000e-03
22.129665     4.00871000e-03
22.137041     3.76717000e-03
22.144420     4.47951000e-03
22.151802     4.69248000e-03
22.159186     4.01603000e-03
22.166572     3.38992000e-03
22.173961     4.51262000e-03
22.181352     4.99905000e-03
22.188746     4.77416000e-03
22.196142     4.88678000e-03
22.203541     4.56824000e-03
22.210942     4.58467000e-03
22.218346     4.42157000e-03
22.225752     4.00499000e-03
22.233161     3.93005000e-03
22.240572     3.25478000e-03
22.247985     4.33906000e-03
22.255401     4.22089000e-03
22.262820     4.45774000e-03
22.270241     4.23346000e-03
22.277664     3.31102000e-03
22.285090     3.38155000e-03
22.292518     5.00350000e-03
22.299949     3.38261000e-03
22.307382     3.72100000e-03
22.314818     4.81558000e-03
22.322257     3.63877000e-03
22.329697     4.57835000e-03
22.337141     4.40615000e-03
22.344586     3.42459000e-03
22.352034     3.94943000e-03
22.359485     4.44207000e-03
22.366938     4.22167000e-03
22.374394     3.51812000e-03
22.381852     4.21725000e-03
22.389313     4.42029000e-03
22.396776     4.34286000e-03
22.404241     3.68408000e-03
22.411709     3.31407000e-03
22.419180     4.16704000e-03
22.426653     4.34968000e-03
22.434129     4.32717000e-03
22.441607     4.33255000e-03
22.449087     4.67816000e-03
22.456570     3.92098000e-03
22.464056     4.54709000e-03
22.471544     4.63798000e-03
22.479034     3.73755000e-03
22.486527     4.19062000e-03
22.494023     4.33549000e-03
22.501521     4.20429000e-03
22.509021     4.36609000e-03
22.516524     4.04290000e-03
22.524030     3.92169000e-03
22.531538     3.67420000e-03
22.539048     3.71670000e-03
22.546561     3.98682000e-03
22.554077     4.21092000e-03
22.561595     4.50444000e-03
22.569115     3.82852000e-03
22.576639     4.34131000e-03
22.584164     4.53905000e-03
22.591692     4.13155000e-03
22.599223     4.29511000e-03
22.606756     4.35625000e-03
22.614291     3.96418000e-03
22.621829     4.24453000e-03
22.629370     3.99289000e-03
22.636913     4.35610000e-03
22.644459     4.01942000e-03
22.652007     4.56650000e-03
22.659558     4.32884000e-03
22.667111     4.21909000e-03
22.674667     4.73934000e-03
22.682225     3.17839000e-03
22.689785     4.76148000e-03
22.697349     4.61282000e-03
22.704915     4.13626000e-03
22.712483     4.70390000e-03
22.720054     3.72935000e-03
22.727627     4.59730000e-03
22.735203     4.18107000e-03
22.742781     4.45311000e-03
22.750362     4.37600000e-03
22.757946     3.77011000e-03
22.765532     4.60243000e-03
22.773120     4.90463000e-03
22.780711     4.47076000e-03
22.788305     3.53536000e-03
22.795901     4.33879000e-03
22.803499     3.95374000e-03
22.811101     4.38234000e-03
22.818704     4.41160000e-03
22.826311     4.10689000e-03
22.833919     3.99883000e-03
22.841531     4.43874000e-03
22.849145     4.71113000e-03
22.856761     4.13054000e-03
22.864380     4.69411000e-03
22.872001     4.35777000e-03
22.879625     4.24182000e-03
22.887252     4.23349000e-03
22.894881     3.51610000e-03
22.902513     4.20984000e-03
22.910147     3.21122000e-03
22.917783     3.14705000e-03
22.925423     4.28186000e-03
22.933064     3.81968000e-03
22.940709     4.40825000e-03
22.948356     3.78603000e-03
22.956005     4.35442000e-03
22.963657     4.28198000e-03
22.971312     4.03174000e-03
22.978969     4.33626000e-03
22.986628     4.08473000e-03
22.994291     3.72544000e-03
23.001955     4.00291000e-03
23.009623     4.42299000e-03
23.017293     4.23375000e-03
23.024965     4.79816000e-03
23.032640     4.37273000e-03
23.040318     4.07631000e-03
23.047998     4.51022000e-03
23.055680     4.58741000e-03
23.063366     4.86155000e-03
23.071053     3.16607000e-03
23.078744     3.26121000e-03
23.086437     4.13714000e-03
23.094132     4.96272000e-03
23.101830     4.47689000e-03
23.109531     4.14509000e-03
23.117234     4.08567000e-03
23.124940     3.40377000e-03
23.132648     3.92738000e-03
23.140359     4.75619000e-03
23.148072     4.78112000e-03
23.155788     4.21243000e-03
23.163507     4.62318000e-03
23.171228     4.36788000e-03
23.178952     4.68612000e-03
23.186678     3.76026000e-03
23.194407     4.39330000e-03
23.202139     4.71061000e-03
23.209873     3.19995000e-03
23.217609     4.50544000e-03
23.225348     4.76867000e-03
23.233090     4.10495000e-03
23.240835     4.00378000e-03
23.248582     3.46384000e-03
23.256331     3.81536000e-03
23.264083     3.65598000e-03
23.271838     4.49945000e-03
23.279595     4.69473000e-03
23.287355     3.27926000e-03
23.295117     4.65163000e-03
23.302882     4.31288000e-03
23.310650     4.70965000e-03
23.318420     3.68765000e-03
23.326193     4.53864000e-03
23.333969     3.89819000e-03
23.341746     4.51957000e-03
23.349527     4.60713000e-03
23.357310     4.46227000e-03
23.365096     3.15991000e-03
23.372884     3.67840000e-03
23.380675     4.41013000e-03
23.388469     4.46402000e-03
23.396265     4.03377000e-03
23.404064     5.02480000e-03
23.411865     4.32694000e-03
23.419669     4.45952000e-03
23.427476     4.27043000e-03
23.435285     4.94385000e-03
23.443097     4.90889000e-03
23.450911     4.47563000e-03
23.458728     4.25116000e-03
23.466548     4.64119000e-03
23.474370     4.17532000e-03
23.482194     4.41743000e-03
23.490022     3.81036000e-03
23.497852     4.10208000e-03
23.505685     3.70216000e-03
23.513520     3.88937000e-03
23.521358     4.01131000e-03
23.529198     4.37007000e-03
23.537041     3.93903000e-03
23.544887     4.24651000e-03
23.552735     4.49957000e-03
23.560586     3.80024000e-03
23.568440     4.57576000e-03
23.576296     4.69019000e-03
23.584155     4.43022000e-03
23.592016     4.19866000e-03
23.599880     4.05248000e-03
23.607747     3.54447000e-03
23.615616     4.46394000e-03
23.623488     4.34200000e-03
23.631362     4.03469000e-03
23.639239     3.96132000e-03
23.647119     3.84746000e-03
23.655001     3.64540000e-03
23.662886     4.34662000e-03
23.670774     4.53527000e-03
23.678664     4.73865000e-03
23.686557     4.83440000e-03
23.694453     4.47189000e-03
23.702351     4.43554000e-03
23.710252     4.19215000e-03
23.718155     4.70859000e-03
23.726061     4.35594000e-03
23.733970     4.42920000e-03
23.741881     4.13961000e-03
23.749795     3.52450000e-03
23.757712     3.65879000e-03
23.765631     4.53291000e-03
23.773553     4.50009000e-03
23.781477     3.68431000e-03
23.789404     4.19302000e-03
23.797334     4.75305000e-03
23.805267     4.67315000e-03
23.813202     4.45100000e-03
23.821140     4.17304000e-03
23.829080     4.52403000e-03
23.837023     4.34005000e-03
23.844969     4.15389000e-03
23.852917     3.30951000e-03
23.860868     3.62553000e-03
23.868821     4.16244000e-03
23.876778     4.01162000e-03
23.884737     4.27875000e-03
23.892698     4.21883000e-03
23.900662     3.22835000e-03
23.908629     3.48015000e-03
23.916599     4.02721000e-03
23.924571     4.09369000e-03
23.932546     4.12564000e-03
23.940524     3.97635000e-03
23.948504     3.89964000e-03
23.956487     3.52130000e-03
23.964472     4.07366000e-03
23.972460     4.35342000e-03
23.980451     4.82762000e-03
23.988444     4.01138000e-03
23.996441     3.60969000e-03
24.004439     4.69951000e-03
24.012441     4.47502000e-03
24.020445     3.85630000e-03
24.028452     4.90079000e-03
24.036461     3.77583000e-03
24.044473     4.73129000e-03
24.052488     4.14085000e-03
24.060506     4.12483000e-03
24.068526     4.08961000e-03
24.076549     4.52124000e-03
24.084574     3.26714000e-03
24.092603     4.41449000e-03
24.100633     4.02309000e-03
24.108667     4.52768000e-03
24.116703     4.24547000e-03
24.124742     4.97396000e-03
24.132784     4.54748000e-03
24.140828     4.17067000e-03
24.148875     4.38332000e-03
24.156924     3.31176000e-03
24.164977     4.86152000e-03
24.173032     4.78404000e-03
24.181089     4.40253000e-03
24.189150     4.63282000e-03
24.197213     3.98378000e-03
24.205279     4.85209000e-03
24.213347     4.25573000e-03
24.221418     4.21463000e-03
24.229492     4.83718000e-03
24.237568     4.87017000e-03
24.245648     4.40985000e-03
24.253729     3.35422000e-03
24.261814     3.99800000e-03
24.269901     4.34238000e-03
24.277991     4.45441000e-03
24.286084     4.53225000e-03
24.294179     4.71504000e-03
24.302277     4.38412000e-03
24.310378     4.30564000e-03
24.318482     4.56006000e-03
24.326588     3.38536000e-03
24.334697     4.65778000e-03
24.342808     3.35549000e-03
24.350922     4.07395000e-03
24.359040     4.14829000e-03
24.367159     4.07759000e-03
24.375281     3.38597000e-03
24.383407     4.42734000e-03
24.391534     4.36752000e-03
24.399665     3.77039000e-03
24.407798     4.55721000e-03
24.415934     4.59232000e-03
24.424073     4.54996000e-03
24.432214     3.89723000e-03
24.440358     4.44732000e-03
24.448505     4.22323000e-03
24.456654     4.77637000e-03
24.464807     3.37298000e-03
24.472962     3.84507000e-03
24.481119     3.80616000e-03
24.489280     3.26071000e-03
24.497443     4.30780000e-03
24.505609     4.52630000e-03
24.513777     4.41265000e-03
24.521948     3.73918000e-03
24.530122     4.20530000e-03
24.538299     3.33681000e-03
24.546478     4.50851000e-03
24.554661     4.49038000e-03
24.562846     4.63443000e-03
24.571033     4.55315000e-03
24.579224     3.99754000e-03
24.587416     4.72213000e-03
24.595612     4.36258000e-03
24.603811     4.42590000e-03
24.612012     4.22326000e-03
24.620216     3.24177000e-03
24.628423     3.56225000e-03
24.636632     4.27952000e-03
24.644845     3.22903000e-03
24.653060     4.32124000e-03
24.661277     4.11692000e-03
24.669498     4.84353000e-03
24.677721     4.51070000e-03
24.685947     3.78757000e-03
24.694175     4.67002000e-03
24.702407     4.13989000e-03
24.710641     4.19136000e-03
24.718878     3.52422000e-03
24.727117     3.60030000e-03
24.735360     4.72885000e-03
24.743605     3.76810000e-03
24.751853     4.17643000e-03
24.760103     3.37509000e-03
24.768357     3.63883000e-03
24.776613     4.38395000e-03
24.784872     4.35727000e-03
24.793133     5.01210000e-03
24.801398     4.12790000e-03
24.809665     4.66421000e-03
24.817935     3.37689000e-03
24.826207     4.74235000e-03
24.834483     4.98028000e-03
24.842761     3.66038000e-03
24.851042     4.80988000e-03
24.859326     3.99635000e-03
24.867612     4.71259000e-03
24.875901     4.65698000e-03
24.884193     3.82766000e-03
24.892488     3.77742000e-03
24.900785     4.60486000e-03
24.909086     3.69946000e-03
24.917389     3.98230000e-03
24.925694     4.60656000e-03
24.934003     4.54428000e-03
24.942314     3.84494000e-03
24.950629     3.86638000e-03
24.958945     3.93628000e-03
24.967265     4.04994000e-03
24.975587     4.29450000e-03
24.983913     4.19703000e-03
24.992241     4.04569000e-03
25.000571     3.43714000e-03
25.008905     4.22332000e-03
25.017241     4.40562000e-03
25.025580     3.95996000e-03
25.033922     3.54486000e-03
25.042267     4.52051000e-03
25.050614     4.35750000e-03
25.058964     4.05447000e-03
25.067317     3.73414000e-03
25.075673     3.65460000e-03
25.084032     4.40972000e-03
25.092393     4.60223000e-03
25.100757     4.70007000e-03
25.109124     3.95109000e-03
25.117494     4.21522000e-03
25.125866     4.49957000e-03
25.134242     4.01912000e-03
25.142620     3.97702000e-03
25.151000     4.10659000e-03
25.159384     4.36303000e-03
25.167771     3.28821000e-03
25.176160     4.24761000e-03
25.184552     4.13724000e-03
25.192947     4.38860000e-03
25.201345     4.33069000e-03
25.209745     4.46468000e-03
25.218148     4.74134000e-03
25.226554     4.25966000e-03
25.234963     3.72384000e-03
25.243375     4.70813000e-03
25.251789     3.61228000e-03
25.260206     4.65529000e-03
25.268626     4.18817000e-03
25.277049     4.56282000e-03
25.285475     4.09318000e-03
25.293904     4.18826000e-03
25.302335     4.66868000e-03
25.310769     4.58767000e-03
25.319206     4.02027000e-03
25.327646     3.74524000e-03
25.336088     4.53092000e-03
25.344534     3.70370000e-03
25.352982     4.30208000e-03
25.361433     3.99302000e-03
25.369886     3.93175000e-03
25.378343     4.27030000e-03
25.386803     4.02786000e-03
25.395265     4.35634000e-03
25.403730     4.32248000e-03
25.412198     4.76597000e-03
25.420669     4.50776000e-03
25.429142     3.73887000e-03
25.437619     4.19676000e-03
25.446098     4.13088000e-03
25.454580     4.82915000e-03
25.463065     4.54422000e-03
25.471552     4.01014000e-03
25.480043     4.52590000e-03
25.488536     4.78038000e-03
25.497032     4.19111000e-03
25.505531     4.48017000e-03
25.514033     5.04991000e-03
25.522538     4.92467000e-03
25.531045     4.53039000e-03
25.539556     4.38453000e-03
25.548069     4.23111000e-03
25.556585     3.92618000e-03
25.565104     4.26623000e-03
25.573626     4.13643000e-03
25.582150     4.04575000e-03
25.590678     3.24969000e-03
25.599208     3.49465000e-03
25.607741     3.83520000e-03
25.616277     4.32949000e-03
25.624815     4.52433000e-03
25.633357     4.59774000e-03
25.641901     4.12582000e-03
25.650449     4.69539000e-03
25.658999     4.50291000e-03
25.667552     4.25508000e-03
25.676108     4.14293000e-03
25.684666     4.28899000e-03
25.693228     3.89070000e-03
25.701792     3.41053000e-03
25.710360     4.80817000e-03
25.718930     4.22603000e-03
25.727503     4.06718000e-03
25.736079     3.91433000e-03
25.744657     4.47474000e-03
25.753239     3.27128000e-03
25.761823     4.89105000e-03
25.770411     3.73444000e-03
25.779001     4.51870000e-03
25.787594     5.08327000e-03
25.796190     4.78262000e-03
25.804788     4.88184000e-03
25.813390     4.11312000e-03
25.821994     4.73185000e-03
25.830602     4.66675000e-03
25.839212     4.03438000e-03
25.847825     4.44760000e-03
25.856441     4.48664000e-03
25.865060     4.57682000e-03
25.873681     4.38217000e-03
25.882306     4.66194000e-03
25.890933     4.60590000e-03
25.899564     4.50452000e-03
25.908197     3.18392000e-03
25.916833     3.87646000e-03
25.925472     3.89548000e-03
25.934114     4.30373000e-03
25.942759     4.26858000e-03
25.951406     5.00736000e-03
25.960057     4.66067000e-03
25.968710     3.26152000e-03
25.977366     3.95311000e-03
25.986025     4.19656000e-03
25.994687     4.26526000e-03
26.003352     4.29438000e-03
26.012020     3.85115000e-03
26.020691     4.20265000e-03
26.029364     4.60574000e-03
26.038041     4.21793000e-03
26.046720     4.12465000e-03
26.055402     3.91187000e-03
26.064087     4.47040000e-03
26.072775     4.63025000e-03
26.081466     4.56853000e-03
26.090160     4.69464000e-03
26.098857     4.74832000e-03
26.107556     4.51305000e-03
26.116259     4.62911000e-03
26.124964     4.21264000e-03
26.133673     3.81154000e-03
26.142384     4.79834000e-03
26.151098     3.68595000e-03
26.159815     4.83534000e-03
26.168535     4.16657000e-03
26.177258     4.86479000e-03
26.185984     4.26678000e-03
26.194712     3.53602000e-03
26.203444     4.01113000e-03
26.212178     4.33458000e-03
26.220916     4.67267000e-03
26.229656     3.40697000e-03
26.238399     3.39037000e-03
26.247145     4.40892000e-03
26.255894     3.83275000e-03
26.264646     3.82704000e-03
26.273401     4.60717000e-03
26.282159     3.46023000e-03
26.290920     4.16840000e-03
26.299683     5.11038000e-03
26.308450     4.56094000e-03
26.317220     4.81993000e-03
26.325992     3.25106000e-03
26.334767     4.74758000e-03
26.343546     4.13023000e-03
26.352327     4.01683000e-03
26.361111     4.53037000e-03
26.369898     4.69027000e-03
26.378688     3.99920000e-03
26.387481     5.12053000e-03
26.396276     4.49020000e-03
26.405075     4.33802000e-03
26.413877     4.51453000e-03
26.422682     4.53197000e-03
26.431489     3.68590000e-03
26.440300     4.73447000e-03
26.449113     4.85165000e-03
26.457929     4.41663000e-03
26.466749     4.46866000e-03
26.475571     4.12900000e-03
26.484396     4.86513000e-03
26.493224     4.80757000e-03
26.502055     4.57073000e-03
26.510889     4.29861000e-03
26.519726     4.11761000e-03
26.528566     3.76941000e-03
26.537409     3.71489000e-03
26.546255     3.69326000e-03
26.555104     4.32703000e-03
26.563955     4.21527000e-03
26.572810     4.00805000e-03
26.581668     3.77427000e-03
26.590528     3.62758000e-03
26.599392     4.88486000e-03
26.608258     3.85171000e-03
26.617128     4.38477000e-03
26.626000     4.26502000e-03
26.634875     4.38828000e-03
26.643754     3.85137000e-03
26.652635     3.73107000e-03
26.661519     3.46325000e-03
26.670406     4.10456000e-03
26.679296     4.32872000e-03
26.688190     4.22048000e-03
26.697086     4.00971000e-03
26.705985     3.86983000e-03
26.714887     4.27283000e-03
26.723792     4.32249000e-03
26.732699     4.55662000e-03
26.741610     4.54522000e-03
26.750524     4.05260000e-03
26.759441     4.20850000e-03
26.768361     4.00807000e-03
26.777284     3.50026000e-03
26.786209     4.19789000e-03
26.795138     4.20773000e-03
26.804070     4.19365000e-03
26.813005     4.05327000e-03
26.821942     4.74398000e-03
26.830883     4.64246000e-03
26.839827     4.83346000e-03
26.848773     4.82691000e-03
26.857723     4.17871000e-03
26.866675     4.70545000e-03
26.875631     4.68728000e-03
26.884589     4.62993000e-03
26.893551     4.78997000e-03
26.902515     4.44718000e-03
26.911483     3.77270000e-03
26.920453     4.68524000e-03
26.929427     4.72531000e-03
26.938403     4.72962000e-03
26.947383     4.32766000e-03
26.956365     4.99114000e-03
26.965351     4.27409000e-03
26.974339     4.19191000e-03
26.983331     4.50347000e-03
26.992325     4.85371000e-03
27.001323     4.26995000e-03
27.010323     4.37962000e-03
27.019326     4.85052000e-03
27.028333     3.52621000e-03
27.037342     3.46546000e-03
27.046355     4.75007000e-03
27.055370     4.22366000e-03
27.064389     4.56929000e-03
27.073410     3.73422000e-03
27.082435     4.38316000e-03
27.091462     4.35508000e-03
27.100493     3.90988000e-03
27.109526     4.27746000e-03
27.118563     4.70043000e-03
27.127602     4.43808000e-03
27.136645     4.41458000e-03
27.145690     4.84354000e-03
27.154739     4.13417000e-03
27.163790     3.86714000e-03
27.172845     4.08194000e-03
27.181902     3.29997000e-03
27.190963     4.13338000e-03
27.200027     4.80356000e-03
27.209094     4.79221000e-03
27.218163     4.68125000e-03
27.227236     3.59116000e-03
27.236312     4.34079000e-03
27.245390     4.24536000e-03
27.254472     4.05428000e-03
27.263557     4.86736000e-03
27.272645     4.71989000e-03
27.281736     4.52969000e-03
27.290830     3.84634000e-03
27.299927     4.49234000e-03
27.309027     4.43528000e-03
27.318130     4.85089000e-03
27.327236     3.56351000e-03
27.336345     3.81098000e-03
27.345457     3.78462000e-03
27.354572     4.94695000e-03
27.363690     5.05256000e-03
27.372811     4.77422000e-03
27.381936     3.67759000e-03
27.391063     3.85233000e-03
27.400193     4.72956000e-03
27.409327     4.56032000e-03
27.418463     4.31547000e-03
27.427603     4.97486000e-03
27.436745     4.88259000e-03
27.445891     5.00624000e-03
27.455040     4.39071000e-03
27.464191     3.39866000e-03
27.473346     4.76430000e-03
27.482504     4.87448000e-03
27.491664     4.60060000e-03
27.500828     4.55564000e-03
27.509995     3.28330000e-03
27.519165     4.69470000e-03
27.528338     4.91961000e-03
27.537515     3.27051000e-03
27.546694     4.17300000e-03
27.555876     3.91496000e-03
27.565061     4.59958000e-03
27.574250     3.31309000e-03
27.583441     4.69327000e-03
27.592635     3.65143000e-03
27.601833     4.17356000e-03
27.611034     4.31583000e-03
27.620237     3.86863000e-03
27.629444     5.21300000e-03
27.638654     4.50790000e-03
27.647867     4.36167000e-03
27.657083     4.34890000e-03
27.666302     4.01672000e-03
27.675524     3.98946000e-03
27.684749     4.88404000e-03
27.693977     3.94521000e-03
27.703208     3.82312000e-03
27.712443     4.05348000e-03
27.721680     3.75904000e-03
27.730921     3.58093000e-03
27.740165     3.75889000e-03
27.749411     4.19282000e-03
27.758661     4.00015000e-03
27.767914     4.32348000e-03
27.777170     4.46009000e-03
27.786429     4.76352000e-03
27.795691     3.48899000e-03
27.804956     4.69599000e-03
27.814225     3.99429000e-03
27.823496     4.61363000e-03
27.832771     4.63843000e-03
27.842048     4.22691000e-03
27.851329     4.25040000e-03
27.860613     3.29251000e-03
27.869900     4.54973000e-03
27.879189     4.44667000e-03
27.888483     3.77293000e-03
27.897779     4.01558000e-03
27.907078     4.44847000e-03
27.916380     4.34566000e-03
27.925686     4.48688000e-03
27.934994     4.88174000e-03
27.944306     4.68545000e-03
27.953621     4.69624000e-03
27.962939     4.24232000e-03
27.972260     4.45409000e-03
27.981584     4.66744000e-03
27.990911     3.97584000e-03
28.000241     3.30752000e-03
28.009575     4.73493000e-03
28.018911     4.74787000e-03
28.028251     4.80571000e-03
28.037594     4.07757000e-03
28.046940     3.34787000e-03
28.056289     4.42956000e-03
28.065641     5.24427000e-03
28.074996     3.92075000e-03
28.084354     4.34446000e-03
28.093715     3.87814000e-03
28.103080     4.42709000e-03
28.112448     4.13651000e-03
28.121819     3.86624000e-03
28.131193     4.52092000e-03
28.140570     4.68416000e-03
28.149950     4.49250000e-03
28.159333     4.50462000e-03
28.168720     4.76518000e-03
28.178109     4.65952000e-03
28.187502     3.71755000e-03
28.196898     3.96733000e-03
28.206297     4.01922000e-03
28.215699     4.35059000e-03
28.225104     4.43208000e-03
28.234512     4.19490000e-03
28.243924     4.18696000e-03
28.253339     4.26034000e-03
28.262756     4.22930000e-03
28.272177     4.69019000e-03
28.281601     4.73349000e-03
28.291028     3.88730000e-03
28.300459     4.07960000e-03
28.309892     4.64810000e-03
28.319329     3.31101000e-03
28.328769     3.99695000e-03
28.338212     4.56046000e-03
28.347658     4.61904000e-03
28.357107     4.36465000e-03
28.366559     4.11496000e-03
28.376015     4.45941000e-03
28.385473     4.29464000e-03
28.394935     3.65189000e-03
28.404400     4.14496000e-03
28.413868     4.16714000e-03
28.423340     3.96015000e-03
28.432814     4.11184000e-03
28.442292     4.36789000e-03
28.451773     4.53889000e-03
28.461256     4.32682000e-03
28.470744     4.04937000e-03
28.480234     4.75367000e-03
28.489727     4.75639000e-03
28.499224     4.75223000e-03
28.508723     4.63624000e-03
28.518226     4.28293000e-03
28.527732     4.43268000e-03
28.537242     4.34425000e-03
28.546754     4.53470000e-03
28.556270     3.54346000e-03
28.565789     4.41803000e-03
28.575310     4.16055000e-03
28.584836     3.46748000e-03
28.594364     3.62802000e-03
28.603895     4.28504000e-03
28.613430     3.69977000e-03
28.622968     4.61087000e-03
28.632509     3.99316000e-03
28.642053     4.58136000e-03
28.651600     4.68689000e-03
28.661151     4.60886000e-03
28.670704     4.37823000e-03
28.680261     4.52193000e-03
28.689821     4.17409000e-03
28.699385     4.61818000e-03
28.708951     4.10873000e-03
28.718521     4.11888000e-03
28.728094     4.74956000e-03
28.737670     4.22296000e-03
28.747249     4.47151000e-03
28.756831     4.61280000e-03
28.766417     4.53144000e-03
28.776006     4.02694000e-03
28.785598     4.55293000e-03
28.795193     4.65644000e-03
28.804791     3.78062000e-03
28.814393     4.20650000e-03
28.823998     4.77653000e-03
28.833606     4.63289000e-03
28.843217     4.48655000e-03
28.852831     4.01865000e-03
28.862449     5.14430000e-03
28.872070     4.77552000e-03
28.881694     4.35100000e-03
28.891321     4.24819000e-03
28.900952     4.20868000e-03
28.910585     4.58612000e-03
28.920222     3.89256000e-03
28.929862     5.10459000e-03
28.939505     4.39330000e-03
28.949152     4.64271000e-03
28.958802     3.39405000e-03
28.968454     4.27361000e-03
28.978111     4.57020000e-03
28.987770     4.03283000e-03
28.997433     4.93876000e-03
29.007098     3.92864000e-03
29.016768     4.39122000e-03
29.026440     4.28000000e-03
29.036115     4.35036000e-03
29.045794     4.85031000e-03
29.055476     4.27735000e-03
29.065161     4.83532000e-03
29.074849     4.63046000e-03
29.084541     4.48932000e-03
29.094236     4.33009000e-03
29.103934     3.86060000e-03
29.113635     4.42728000e-03
29.123340     3.36083000e-03
29.133048     4.04502000e-03
29.142759     4.02785000e-03
29.152473     4.55213000e-03
29.162190     4.37153000e-03
29.171911     4.12370000e-03
29.181635     4.68180000e-03
29.191362     3.89876000e-03
29.201093     4.17691000e-03
29.210826     4.72798000e-03
29.220563     4.07621000e-03
29.230304     4.53681000e-03
29.240047     4.74172000e-03
29.249794     4.80562000e-03
29.259544     4.67464000e-03
29.269297     4.57167000e-03
29.279053     5.07091000e-03
29.288813     4.45171000e-03
29.298576     4.55625000e-03
29.308342     4.64756000e-03
29.318111     4.39039000e-03
29.327884     4.56054000e-03
29.337660     4.35180000e-03
29.347439     3.93375000e-03
29.357222     4.19815000e-03
29.367007     4.26490000e-03
29.376797     4.21480000e-03
29.386589     4.61010000e-03
29.396384     4.79693000e-03
29.406183     4.80688000e-03
29.415985     4.82391000e-03
29.425791     4.60565000e-03
29.435599     4.18197000e-03
29.445411     4.12696000e-03
29.455226     4.04474000e-03
29.465045     4.14556000e-03
29.474866     4.60877000e-03
29.484691     3.84362000e-03
29.494519     3.87182000e-03
29.504351     3.84681000e-03
29.514186     4.21695000e-03
29.524024     4.15694000e-03
29.533865     4.34057000e-03
29.543710     3.78022000e-03
29.553558     4.51060000e-03
29.563409     4.11531000e-03
29.573263     4.17126000e-03
29.583121     4.17952000e-03
29.592982     4.40214000e-03
29.602846     4.44026000e-03
29.612714     4.53836000e-03
29.622585     4.47443000e-03
29.632459     4.17913000e-03
29.642337     4.87847000e-03
29.652217     4.55651000e-03
29.662101     4.33579000e-03
29.671989     3.93301000e-03
29.681880     4.25656000e-03
29.691773     4.52775000e-03
29.701671     4.99804000e-03
29.711571     4.11651000e-03
29.721475     4.42074000e-03
29.731382     4.65702000e-03
29.741293     4.72306000e-03
29.751206     4.08552000e-03
29.761124     4.86989000e-03
29.771044     5.07473000e-03
29.780968     4.55370000e-03
29.790895     4.05256000e-03
29.800825     3.83021000e-03
29.810758     4.62527000e-03
29.820695     3.29720000e-03
29.830636     4.46588000e-03
29.840579     4.37519000e-03
29.850526     3.89531000e-03
29.860476     4.44775000e-03
29.870430     4.44909000e-03
29.880387     3.88774000e-03
29.890347     4.33157000e-03
29.900310     4.91571000e-03
29.910277     4.65446000e-03
29.920247     4.33013000e-03
29.930220     4.27705000e-03
29.940197     4.69779000e-03
29.950177     4.61846000e-03
29.960161     3.53651000e-03
29.970147     4.58277000e-03
29.980137     3.66828000e-03
29.990131     4.60242000e-03
30.000128     4.20639000e-03
30.010127     4.34372000e-03
30.020131     4.25512000e-03
30.030138     4.72698000e-03
30.040148     4.77180000e-03
30.050161     4.60109000e-03
30.060178     4.66346000e-03
30.070198     4.48269000e-03
30.080221     3.62167000e-03
30.090248     4.65134000e-03
30.100278     4.26496000e-03
30.110311     4.09286000e-03
30.120348     4.27778000e-03
30.130388     4.24235000e-03
30.140432     3.74609000e-03
30.150479     4.16607000e-03
30.160529     4.36223000e-03
30.170582     4.58143000e-03
30.180639     4.19159000e-03
30.190699     4.29288000e-03
30.200763     4.36234000e-03
30.210830     4.82219000e-03
30.220900     4.73162000e-03
30.230974     4.57854000e-03
30.241051     5.13008000e-03
30.251131     3.48594000e-03
30.261215     4.63983000e-03
30.271302     4.61095000e-03
30.281392     3.87595000e-03
30.291486     4.39612000e-03
30.301583     4.64857000e-03
30.311684     3.98378000e-03
30.321788     4.30581000e-03
30.331895     4.78660000e-03
30.342006     4.65303000e-03
30.352120     4.26752000e-03
30.362237     4.79158000e-03
30.372358     4.79610000e-03
30.382482     4.21679000e-03
30.392609     4.78428000e-03
30.402740     4.42745000e-03
30.412874     4.34400000e-03
30.423012     4.83292000e-03
30.433153     4.18920000e-03
30.443297     4.22419000e-03
30.453445     4.28350000e-03
30.463596     4.35263000e-03
30.473751     4.00276000e-03
30.483909     4.34146000e-03
30.494070     4.41983000e-03
30.504235     5.15354000e-03
30.514403     3.91884000e-03
30.524574     3.59510000e-03
30.534749     4.07969000e-03
30.544927     4.40529000e-03
30.555109     4.22179000e-03
30.565294     4.18021000e-03
30.575483     4.47262000e-03
30.585674     4.81016000e-03
30.595870     4.63397000e-03
30.606068     4.65165000e-03
30.616270     4.77440000e-03
30.626476     4.01024000e-03
30.636685     4.28128000e-03
30.646897     4.17378000e-03
30.657112     4.74239000e-03
30.667331     4.42866000e-03
30.677554     4.70649000e-03
30.687780     4.44296000e-03
30.698009     4.26358000e-03
30.708242     4.65069000e-03
30.718478     4.02363000e-03
30.728717     4.31772000e-03
30.738960     4.42392000e-03
30.749206     3.53648000e-03
30.759456     3.98572000e-03
30.769709     4.67944000e-03
30.779966     4.16302000e-03
30.790226     4.56782000e-03
30.800489     4.64637000e-03
30.810756     4.54561000e-03
30.821026     4.73159000e-03
30.831300     4.73447000e-03
30.841577     4.42104000e-03
30.851858     4.00818000e-03
30.862142     4.28421000e-03
30.872429     3.92019000e-03
30.882720     3.91503000e-03
30.893014     4.40588000e-03
30.903312     4.44117000e-03
30.913613     4.53343000e-03
30.923917     4.61279000e-03
30.934225     3.39000000e-03
30.944537     4.70945000e-03
30.954852     4.53617000e-03
30.965170     4.84636000e-03
30.975492     4.12508000e-03
30.985817     4.73785000e-03
30.996145     4.34185000e-03
31.006477     4.30278000e-03
31.016813     4.47831000e-03
31.027152     4.43953000e-03
31.037494     4.38542000e-03
31.047840     3.64562000e-03
31.058189     4.54501000e-03
31.068542     4.37705000e-03
31.078898     4.33810000e-03
31.089258     3.77739000e-03
31.099621     4.69930000e-03
31.109987     4.54008000e-03
31.120358     4.59689000e-03
31.130731     4.31362000e-03
31.141108     3.74840000e-03
31.151488     4.07882000e-03
31.161872     4.12495000e-03
31.172259     3.86934000e-03
31.182650     4.17950000e-03
31.193044     3.76022000e-03
31.203442     4.23614000e-03
31.213843     3.83259000e-03
31.224248     4.36446000e-03
31.234656     4.30076000e-03
31.245067     4.02436000e-03
31.255482     4.40278000e-03
31.265901     4.40196000e-03
31.276323     4.84923000e-03
31.286748     4.87622000e-03
31.297177     4.71349000e-03
31.307610     4.98032000e-03
31.318046     4.64303000e-03
31.328485     4.96496000e-03
31.338928     4.36682000e-03
31.349374     5.12694000e-03
31.359824     5.03886000e-03
31.370277     3.64606000e-03
31.380734     3.49654000e-03
31.391194     4.97171000e-03
31.401658     5.01008000e-03
31.412125     4.85681000e-03
31.422596     3.47796000e-03
31.433070     4.95885000e-03
31.443548     3.46678000e-03
31.454029     4.64923000e-03
31.464513     4.84532000e-03
31.475002     3.85463000e-03
31.485493     4.20433000e-03
31.495988     3.42588000e-03
31.506487     4.51846000e-03
31.516989     4.39705000e-03
31.527495     4.87178000e-03
31.538004     4.84127000e-03
31.548517     4.65567000e-03
31.559033     4.90375000e-03
31.569553     4.94915000e-03
31.580076     3.55994000e-03
31.590602     4.79235000e-03
31.601133     4.91520000e-03
31.611666     4.95855000e-03
31.622204     4.69620000e-03
31.632744     4.89182000e-03
31.643289     4.10350000e-03
31.653836     4.52627000e-03
31.664388     3.80645000e-03
31.674943     5.07372000e-03
31.685501     4.32364000e-03
31.696063     3.75387000e-03
31.706628     3.36555000e-03
31.717197     4.44363000e-03
31.727769     4.05177000e-03
31.738345     4.42437000e-03
31.748925     3.86160000e-03
31.759508     4.79659000e-03
31.770094     4.73340000e-03
31.780684     4.66849000e-03
31.791278     4.25800000e-03
31.801875     4.69734000e-03
31.812475     4.32555000e-03
31.823080     4.19453000e-03
31.833687     3.77729000e-03
31.844299     4.67472000e-03
31.854913     4.54171000e-03
31.865532     5.03818000e-03
31.876153     4.19032000e-03
31.886779     4.15099000e-03
31.897408     4.61823000e-03
31.908040     4.09504000e-03
31.918676     3.90936000e-03
31.929316     4.14734000e-03
31.939959     4.53072000e-03
31.950606     3.42729000e-03
31.961256     4.50702000e-03
31.971909     4.21873000e-03
31.982567     4.90230000e-03
31.993228     4.19205000e-03
32.003892     4.53351000e-03
32.014560     4.85588000e-03
32.025231     3.93464000e-03
32.035907     4.56428000e-03
32.046585     3.53438000e-03
32.057267     4.47453000e-03
32.067953     4.51498000e-03
32.078643     3.39346000e-03
32.089335     4.40799000e-03
32.100032     3.71107000e-03
32.110732     4.13097000e-03
32.121435     4.01315000e-03
32.132143     4.54340000e-03
32.142853     3.45916000e-03
32.153568     4.05126000e-03
32.164285     3.76382000e-03
32.175007     4.24831000e-03
32.185732     4.55306000e-03
32.196460     3.74488000e-03
32.207193     4.35784000e-03
32.217928     4.43649000e-03
32.228668     4.39699000e-03
32.239410     3.61714000e-03
32.250157     4.31374000e-03
32.260907     3.83879000e-03
32.271661     3.50188000e-03
32.282418     4.29745000e-03
32.293179     4.33015000e-03
32.303943     3.99498000e-03
32.314711     4.14204000e-03
32.325483     4.28578000e-03
32.336258     3.85198000e-03
32.347037     4.62617000e-03
32.357819     4.88822000e-03
32.368605     4.56205000e-03
32.379394     4.71152000e-03
32.390188     3.44437000e-03
32.400984     3.48005000e-03
32.411785     3.56426000e-03
32.422589     3.97215000e-03
32.433396     4.27053000e-03
32.444207     4.82627000e-03
32.455022     4.99685000e-03
32.465840     4.29704000e-03
32.476662     3.49868000e-03
32.487488     4.39071000e-03
32.498317     4.22949000e-03
32.509150     4.69708000e-03
32.519986     4.01863000e-03
32.530826     4.21190000e-03
32.541670     4.63670000e-03
32.552517     3.53302000e-03
32.563368     4.27444000e-03
32.574222     5.03337000e-03
32.585080     4.28053000e-03
32.595942     5.14505000e-03
32.606807     4.61731000e-03
32.617676     4.41816000e-03
32.628549     3.99668000e-03
32.639425     4.70826000e-03
32.650305     4.10938000e-03
32.661188     4.71430000e-03
32.672075     4.55185000e-03
32.682966     4.29711000e-03
32.693860     4.11894000e-03
32.704758     4.08037000e-03
32.715660     4.52114000e-03
32.726565     4.19504000e-03
32.737474     4.80597000e-03
32.748386     3.99533000e-03
32.759302     4.41935000e-03
32.770222     4.11494000e-03
32.781146     4.68335000e-03
32.792073     3.44435000e-03
32.803003     4.28520000e-03
32.813938     4.12136000e-03
32.824876     3.70310000e-03
32.835817     4.21637000e-03
32.846763     4.58734000e-03
32.857712     4.64380000e-03
32.868664     4.49015000e-03
32.879620     4.63785000e-03
32.890580     3.50422000e-03
32.901544     4.74835000e-03
32.912511     4.60505000e-03
32.923482     3.45041000e-03
32.934456     4.51780000e-03
32.945434     4.12183000e-03
32.956416     4.19126000e-03
32.967402     4.07181000e-03
32.978391     4.26973000e-03
32.989384     3.94309000e-03
33.000380     4.05170000e-03
33.011380     3.86199000e-03
33.022384     3.83027000e-03
33.033391     3.37697000e-03
33.044403     4.03454000e-03
33.055417     4.39752000e-03
33.066436     4.55607000e-03
33.077458     3.65710000e-03
33.088484     4.30639000e-03
33.099513     4.39798000e-03
33.110546     4.40235000e-03
33.121583     4.16633000e-03
33.132624     3.41116000e-03
33.143668     4.03135000e-03
33.154716     4.35534000e-03
33.165768     4.51636000e-03
33.176823     3.56195000e-03
33.187882     4.04184000e-03
33.198944     4.35830000e-03
33.210011     4.57412000e-03
33.221081     4.08748000e-03
33.232154     4.55549000e-03
33.243232     4.62414000e-03
33.254313     4.45528000e-03
33.265398     4.45523000e-03
33.276486     4.63551000e-03
33.287578     4.15269000e-03
33.298674     4.20961000e-03
33.309774     4.88755000e-03
33.320877     4.65449000e-03
33.331984     4.07234000e-03
33.343094     4.57486000e-03
33.354209     4.51389000e-03
33.365327     4.39204000e-03
33.376449     4.31043000e-03
33.387574     4.71732000e-03
33.398703     4.43238000e-03
33.409836     4.24549000e-03
33.420973     4.80568000e-03
33.432113     4.65196000e-03
33.443257     3.43587000e-03
33.454405     3.64328000e-03
33.465556     4.47090000e-03
33.476712     3.44298000e-03
33.487871     4.44568000e-03
33.499033     4.48743000e-03
33.510199     3.55176000e-03
33.521370     4.46013000e-03
33.532543     4.08797000e-03
33.543721     4.52021000e-03
33.554902     4.50495000e-03
33.566087     4.58410000e-03
33.577276     4.76312000e-03
33.588468     4.41845000e-03
33.599664     3.92904000e-03
33.610864     3.48427000e-03
33.622068     4.17719000e-03
33.633275     4.24323000e-03
33.644486     4.50365000e-03
33.655701     5.06253000e-03
33.666920     4.97417000e-03
33.678142     4.32626000e-03
33.689368     3.75903000e-03
33.700598     4.21403000e-03
33.711831     5.00779000e-03
33.723069     4.74039000e-03
33.734310     4.46838000e-03
33.745554     4.84667000e-03
33.756803     3.77997000e-03
33.768055     4.97864000e-03
33.779311     4.73907000e-03
33.790571     3.80869000e-03
33.801835     3.58462000e-03
33.813102     4.77423000e-03
33.824373     5.02604000e-03
33.835648     4.01190000e-03
33.846926     4.73059000e-03
33.858209     5.08884000e-03
33.869495     4.68679000e-03
33.880784     4.35752000e-03
33.892078     4.48555000e-03
33.903375     4.83620000e-03
33.914676     4.25717000e-03
33.925981     4.58961000e-03
33.937290     4.56613000e-03
33.948602     4.91783000e-03
33.959919     4.67209000e-03
33.971239     4.62981000e-03
33.982562     4.15330000e-03
33.993890     3.82051000e-03
34.005221     4.97216000e-03
34.016556     4.79672000e-03
34.027895     4.30189000e-03
34.039238     4.12308000e-03
34.050584     3.66281000e-03
34.061934     4.85116000e-03
34.073288     4.87007000e-03
34.084646     4.65258000e-03
34.096008     4.24173000e-03
34.107373     4.30945000e-03
34.118742     4.25408000e-03
34.130115     4.53483000e-03
34.141492     4.43728000e-03
34.152872     3.83017000e-03
34.164257     4.81326000e-03
34.175645     4.79160000e-03
34.187036     4.82720000e-03
34.198432     5.03350000e-03
34.209832     4.76975000e-03
34.221235     4.01214000e-03
34.232642     4.48354000e-03
34.244053     4.30893000e-03
34.255468     4.60626000e-03
34.266886     4.12418000e-03
34.278308     4.35889000e-03
34.289735     4.73517000e-03
34.301164     4.65910000e-03
34.312598     3.39974000e-03
34.324036     4.67139000e-03
34.335477     4.55641000e-03
34.346922     4.15166000e-03
34.358371     4.44798000e-03
34.369824     4.63208000e-03
34.381281     4.65793000e-03
34.392741     4.27144000e-03
34.404205     4.30602000e-03
34.415673     4.10145000e-03
34.427145     4.65360000e-03
34.438621     4.85429000e-03
34.450100     4.86330000e-03
34.461584     4.14426000e-03
34.473071     4.75391000e-03
34.484562     4.55760000e-03
34.496057     4.34177000e-03
34.507556     3.62946000e-03
34.519058     4.47896000e-03
34.530564     4.60182000e-03
34.542075     4.37645000e-03
34.553589     4.23879000e-03
34.565106     4.63886000e-03
34.576628     4.77672000e-03
34.588154     5.03606000e-03
34.599683     4.63876000e-03
34.611216     4.78172000e-03
34.622753     4.62149000e-03
34.634294     4.79286000e-03
34.645839     4.98929000e-03
34.657388     4.92301000e-03
34.668940     4.54646000e-03
34.680496     4.36623000e-03
34.692057     4.53390000e-03
34.703621     4.29265000e-03
34.715189     4.84506000e-03
34.726760     3.65750000e-03
34.738336     4.01280000e-03
34.749915     4.34740000e-03
34.761499     4.64109000e-03
34.773086     3.67085000e-03
34.784677     4.91132000e-03
34.796272     4.72480000e-03
34.807870     4.81153000e-03
34.819473     4.30205000e-03
34.831080     4.71987000e-03
34.842690     4.79527000e-03
34.854304     4.15870000e-03
34.865922     4.26954000e-03
34.877544     4.42025000e-03
34.889170     4.13299000e-03
34.900800     4.79370000e-03
34.912433     4.44752000e-03
34.924071     3.71919000e-03
34.935712     4.60984000e-03
34.947358     4.43916000e-03
34.959007     4.71513000e-03
34.970660     4.74769000e-03
34.982317     3.36662000e-03
34.993977     4.15171000e-03
