# wavelength(um)    fp/fs
0.100007     2.08481000e-02
0.100040     1.60952000e-02
0.100074     7.01457000e-04
0.100107     7.13858000e-04
0.100140     9.88243000e-04
0.100174     6.94645000e-04
0.100207     6.89233000e-04
0.100241     7.35591000e-04
0.100274     1.34453000e-03
0.100307     7.00052000e-04
0.100341     6.95821000e-04
0.100374     6.98384000e-04
0.100408     6.93441000e-04
0.100441     6.93443000e-04
0.100475     8.37469000e-04
0.100508     1.86607000e-03
0.100542     1.42902000e-03
0.100575     7.69644000e-04
0.100609     6.93653000e-04
0.100642     6.91227000e-04
0.100676     6.92439000e-04
0.100709     8.10519000e-04
0.100743     2.13917000e-02
0.100777     6.92810000e-04
0.100810     6.92514000e-04
0.100844     1.20281000e-03
0.100877     6.94717000e-04
0.100911     6.94946000e-04
0.100945     6.98017000e-04
0.100978     6.01890000e-03
0.101012     6.94377000e-04
0.101046     6.96870000e-04
0.101079     6.91608000e-04
0.101113     7.88887000e-04
0.101147     7.03591000e-04
0.101180     6.98158000e-04
0.101214     7.14356000e-04
0.101248     3.97407000e-03
0.101282     8.29421000e-04
0.101315     6.90895000e-04
0.101349     2.08189000e-02
0.101383     8.14932000e-04
0.101417     2.89496000e-03
0.101451     6.96135000e-04
0.101484     7.11900000e-04
0.101518     7.00973000e-04
0.101552     2.14789000e-02
0.101586     6.94108000e-04
0.101620     9.21016000e-03
0.101654     6.90813000e-04
0.101688     6.93235000e-04
0.101721     1.02293000e-03
0.101755     9.12582000e-04
0.101789     7.08723000e-04
0.101823     1.53267000e-03
0.101857     6.91038000e-04
0.101891     7.24155000e-04
0.101925     7.70788000e-04
0.101959     7.04901000e-04
0.101993     6.98666000e-04
0.102027     7.26475000e-04
0.102061     7.88440000e-04
0.102095     6.91093000e-04
0.102129     6.99664000e-04
0.102163     7.27281000e-04
0.102197     6.88914000e-04
0.102231     6.92277000e-04
0.102265     6.89512000e-04
0.102299     8.55234000e-04
0.102333     6.94824000e-04
0.102368     1.11875000e-03
0.102402     6.88942000e-04
0.102436     7.18019000e-04
0.102470     7.69114000e-04
0.102504     8.40492000e-04
0.102538     7.04241000e-04
0.102573     9.04041000e-02
0.102607     8.44161000e-04
0.102641     6.94652000e-04
0.102675     7.03309000e-04
0.102709     8.30614000e-04
0.102744     6.86197000e-04
0.102778     7.13227000e-04
0.102812     1.83016000e-03
0.102846     6.95000000e-04
0.102881     6.88062000e-04
0.102915     7.25456000e-04
0.102949     6.91893000e-04
0.102984     6.90524000e-04
0.103018     9.66639000e-04
0.103052     7.02655000e-04
0.103087     1.20781000e-03
0.103121     7.41758000e-04
0.103155     7.14572000e-04
0.103190     7.48074000e-04
0.103224     8.53584000e-04
0.103258     7.73280000e-04
0.103293     6.90204000e-04
0.103327     6.89198000e-04
0.103362     6.95901000e-04
0.103396     1.42764000e-03
0.103431     1.00042000e-03
0.103465     6.88695000e-04
0.103500     6.94152000e-04
0.103534     7.34186000e-04
0.103569     7.42610000e-04
0.103603     6.92661000e-04
0.103638     6.87149000e-04
0.103672     6.85708000e-04
0.103707     6.84962000e-04
0.103741     6.84277000e-04
0.103776     6.87004000e-04
0.103811     8.26912000e-03
0.103845     6.89987000e-04
0.103880     6.87572000e-04
0.103914     1.05161000e-03
0.103949     2.99847000e-03
0.103984     6.86478000e-04
0.104018     6.92890000e-04
0.104053     8.09055000e-04
0.104088     7.09813000e-04
0.104122     6.85163000e-04
0.104157     8.34117000e-04
0.104192     6.88423000e-04
0.104227     7.22707000e-04
0.104261     6.90631000e-04
0.104296     6.89180000e-04
0.104331     1.67530000e-03
0.104366     6.89407000e-04
0.104400     7.04140000e-04
0.104435     6.93148000e-04
0.104470     6.98312000e-04
0.104505     8.31625000e-04
0.104540     6.88288000e-04
0.104575     7.09514000e-04
0.104609     6.89111000e-04
0.104644     6.91841000e-04
0.104679     6.86633000e-04
0.104714     6.92029000e-04
0.104749     7.79740000e-04
0.104784     7.01636000e-04
0.104819     6.88118000e-04
0.104854     1.37804000e-03
0.104889     6.98681000e-04
0.104924     6.95880000e-04
0.104959     1.27008000e-03
0.104994     1.02454000e-03
0.105029     6.86705000e-04
0.105064     6.88780000e-04
0.105099     8.87389000e-04
0.105134     6.85460000e-04
0.105169     6.89843000e-04
0.105204     6.92487000e-04
0.105239     7.87495000e-04
0.105274     6.89453000e-04
0.105309     6.88346000e-04
0.105344     2.81549000e-03
0.105379     7.24722000e-04
0.105414     1.58640000e-03
0.105449     1.34727000e-03
0.105485     6.99206000e-04
0.105520     1.59011000e-03
0.105555     1.31587000e-03
0.105590     8.24552000e-04
0.105625     1.37067000e-03
0.105661     7.40988000e-04
0.105696     8.42718000e-04
0.105731     1.38959000e-03
0.105766     6.85717000e-04
0.105802     7.31272000e-04
0.105837     1.46702000e-03
0.105872     8.56188000e-04
0.105907     1.23591000e-03
0.105943     7.03617000e-04
0.105978     1.32356000e-03
0.106013     7.06607000e-04
0.106049     1.36319000e-03
0.106084     6.99774000e-04
0.106119     6.93450000e-04
0.106155     6.98749000e-04
0.106190     7.10942000e-04
0.106225     1.16202000e-03
0.106261     7.80779000e-04
0.106296     1.46785000e-03
0.106332     1.58764000e-03
0.106367     1.03390000e-03
0.106403     1.37615000e-03
0.106438     9.56551000e-04
0.106474     7.08683000e-04
0.106509     9.34371000e-04
0.106545     8.15216000e-04
0.106580     2.36389000e-02
0.106616     7.16661000e-04
0.106651     3.42997000e-03
0.106687     8.46850000e-04
0.106722     2.14382000e-03
0.106758     8.17557000e-03
0.106793     1.20999000e-03
0.106829     2.52740000e-03
0.106865     2.24731000e-03
0.106900     1.65292000e-03
0.106936     3.42899000e-03
0.106972     8.58988000e-04
0.107007     8.85689000e-04
0.107043     5.88751000e-03
0.107079     1.31807000e-03
0.107114     7.25111000e-04
0.107150     1.49664000e-03
0.107186     2.70901000e-03
0.107221     1.03922000e-03
0.107257     7.61369000e-04
0.107293     8.35679000e-03
0.107329     8.49156000e-03
0.107364     1.40864000e-03
0.107400     5.11174000e-03
0.107436     7.04630000e-04
0.107472     8.13012000e-04
0.107508     1.05819000e-03
0.107543     8.34123000e-04
0.107579     1.89594000e-03
0.107615     1.38812000e-03
0.107651     1.22058000e-03
0.107687     5.42216000e-03
0.107723     5.22310000e-03
0.107759     1.14447000e-03
0.107795     6.95433000e-04
0.107831     1.30092000e-03
0.107867     1.65542000e-03
0.107903     6.84722000e-04
0.107938     7.08288000e-04
0.107974     6.86292000e-04
0.108010     7.97161000e-04
0.108046     9.90040000e-04
0.108082     1.11128000e-03
0.108118     6.81795000e-04
0.108155     6.95310000e-04
0.108191     1.60364000e-03
0.108227     1.36583000e-03
0.108263     6.90803000e-04
0.108299     6.82267000e-04
0.108335     2.21472000e-03
0.108371     8.36897000e-03
0.108407     1.56148000e-03
0.108443     7.13172000e-04
0.108479     1.53254000e-03
0.108516     7.19359000e-04
0.108552     7.83700000e-04
0.108588     6.83109000e-04
0.108624     6.83943000e-04
0.108660     1.00986000e-03
0.108697     2.15210000e-03
0.108733     1.15734000e-03
0.108769     7.01981000e-04
0.108805     7.94988000e-04
0.108842     2.41146000e-03
0.108878     1.66820000e-02
0.108914     1.97120000e-03
0.108950     3.39975000e-03
0.108987     6.98253000e-04
0.109023     6.87147000e-04
0.109059     2.09050000e-03
0.109096     1.37467000e-02
0.109132     7.43885000e-04
0.109169     7.39510000e-04
0.109205     8.94934000e-04
0.109241     7.22746000e-04
0.109278     9.35393000e-04
0.109314     7.38079000e-04
0.109351     1.11626000e-03
0.109387     6.99713000e-04
0.109424     8.72396000e-04
0.109460     1.13099000e-03
0.109496     6.93007000e-04
0.109533     6.12798000e-03
0.109569     7.43743000e-04
0.109606     6.16324000e-03
0.109643     1.11352000e-03
0.109679     1.92991000e-02
0.109716     9.65494000e-04
0.109752     7.29038000e-04
0.109789     1.92855000e-03
0.109825     3.52834000e-03
0.109862     2.91775000e-03
0.109899     4.63420000e-03
0.109935     8.75808000e-04
0.109972     9.07645000e-04
0.110009     1.08447000e-03
0.110045     1.16858000e-03
0.110082     6.89968000e-04
0.110119     7.00775000e-04
0.110155     2.50902000e-03
0.110192     6.78597000e-04
0.110229     6.79366000e-04
0.110266     6.74144000e-04
0.110302     6.82778000e-04
0.110339     5.96264000e-04
0.110376     6.85222000e-04
0.110413     6.90629000e-04
0.110449     6.01385000e-04
0.110486     6.75651000e-04
0.110523     6.57416000e-04
0.110560     6.74484000e-04
0.110597     6.77459000e-04
0.110634     6.17904000e-04
0.110670     1.47790000e-03
0.110707     7.74042000e-04
0.110744     7.21561000e-04
0.110781     6.79997000e-04
0.110818     1.03054000e-03
0.110855     3.44764000e-03
0.110892     6.72391000e-04
0.110929     6.82764000e-04
0.110966     6.85009000e-04
0.111003     6.47308000e-04
0.111040     6.14895000e-04
0.111077     6.81969000e-04
0.111114     6.87065000e-04
0.111151     6.96903000e-04
0.111188     6.76797000e-04
0.111225     6.45617000e-04
0.111262     6.73686000e-04
0.111299     6.64001000e-04
0.111336     6.70263000e-04
0.111374     6.81929000e-04
0.111411     6.83437000e-04
0.111448     6.78458000e-04
0.111485     6.73134000e-04
0.111522     6.84595000e-04
0.111559     5.25479000e-04
0.111596     6.53241000e-04
0.111634     6.52690000e-04
0.111671     6.30129000e-04
0.111708     6.66724000e-04
0.111745     7.01887000e-04
0.111783     6.26415000e-04
0.111820     6.70151000e-04
0.111857     6.41849000e-04
0.111894     6.41217000e-04
0.111932     6.57713000e-04
0.111969     6.70135000e-04
0.112006     6.30778000e-04
0.112044     6.22041000e-04
0.112081     8.91118000e-04
0.112118     6.80596000e-04
0.112156     5.79050000e-04
0.112193     1.07312000e-03
0.112231     6.74481000e-04
0.112268     8.02749000e-04
0.112305     6.42928000e-04
0.112343     6.73397000e-04
0.112380     6.64559000e-04
0.112418     6.01122000e-04
0.112455     6.32885000e-04
0.112493     6.73798000e-04
0.112530     5.89139000e-04
0.112568     6.54689000e-04
0.112605     6.46546000e-04
0.112643     2.21718000e-03
0.112680     6.82573000e-04
0.112718     6.52178000e-04
0.112755     5.58884000e-04
0.112793     6.40716000e-04
0.112831     6.72074000e-04
0.112868     6.66658000e-04
0.112906     6.64392000e-04
0.112943     6.85954000e-04
0.112981     7.80298000e-04
0.113019     6.54031000e-04
0.113056     3.04644000e-03
0.113094     6.53001000e-04
0.113132     5.74335000e-04
0.113170     6.26073000e-04
0.113207     6.51387000e-04
0.113245     6.29139000e-04
0.113283     6.14423000e-04
0.113320     6.48033000e-04
0.113358     6.29869000e-04
0.113396     7.86757000e-04
0.113434     6.28020000e-04
0.113472     6.43346000e-04
0.113509     5.96961000e-04
0.113547     6.43201000e-04
0.113585     1.22231000e-03
0.113623     6.76278000e-04
0.113661     6.64161000e-04
0.113699     5.78547000e-04
0.113737     6.14852000e-04
0.113775     6.17491000e-04
0.113813     5.30546000e-04
0.113850     6.61710000e-04
0.113888     5.61011000e-04
0.113926     6.96132000e-04
0.113964     6.81025000e-04
0.114002     9.20305000e-04
0.114040     1.17324000e-03
0.114078     1.08317000e-03
0.114116     6.06065000e-04
0.114154     5.68616000e-04
0.114192     5.09269000e-04
0.114231     3.50459000e-03
0.114269     5.57485000e-04
0.114307     6.04119000e-04
0.114345     6.26101000e-04
0.114383     6.50584000e-04
0.114421     5.62137000e-04
0.114459     6.03834000e-04
0.114497     2.26261000e-03
0.114536     6.08893000e-04
0.114574     5.47062000e-04
0.114612     5.36543000e-04
0.114650     6.35494000e-04
0.114688     6.44485000e-04
0.114727     6.19348000e-04
0.114765     6.17455000e-04
0.114803     6.16360000e-04
0.114841     6.26260000e-04
0.114880     5.87389000e-04
0.114918     5.92264000e-04
0.114956     7.75395000e-04
0.114994     6.09688000e-04
0.115033     6.68768000e-04
0.115071     8.39995000e-04
0.115110     8.34123000e-04
0.115148     6.40213000e-04
0.115186     5.65259000e-04
0.115225     5.68571000e-04
0.115263     5.55823000e-04
0.115301     1.74716000e-03
0.115340     6.09595000e-04
0.115378     6.47112000e-04
0.115417     6.26326000e-04
0.115455     6.66465000e-04
0.115494     6.81779000e-04
0.115532     6.81018000e-04
0.115571     1.68787000e-03
0.115609     6.57583000e-04
0.115648     1.36762000e-03
0.115686     6.85405000e-04
0.115725     6.77369000e-04
0.115764     1.22899000e-03
0.115802     8.08815000e-04
0.115841     6.83987000e-04
0.115879     6.77680000e-04
0.115918     7.57005000e-04
0.115957     7.17402000e-04
0.115995     6.57061000e-04
0.116034     5.25595000e-04
0.116073     6.76954000e-04
0.116111     6.84910000e-04
0.116150     6.83929000e-04
0.116189     5.49353000e-04
0.116227     6.76687000e-04
0.116266     5.14810000e-04
0.116305     5.06109000e-04
0.116344     6.69367000e-04
0.116383     6.88289000e-04
0.116421     6.69410000e-04
0.116460     6.68210000e-04
0.116499     6.78098000e-04
0.116538     6.25740000e-04
0.116577     5.90257000e-04
0.116615     6.69637000e-04
0.116654     5.29663000e-04
0.116693     5.19554000e-04
0.116732     6.31998000e-04
0.116771     6.28388000e-04
0.116810     6.42270000e-04
0.116849     1.47673000e-03
0.116888     6.35452000e-04
0.116927     5.39538000e-04
0.116966     5.80667000e-04
0.117005     6.63175000e-04
0.117044     6.44957000e-04
0.117083     6.68883000e-04
0.117122     6.58866000e-04
0.117161     5.49700000e-04
0.117200     6.33190000e-04
0.117239     5.78679000e-04
0.117278     6.06219000e-04
0.117317     6.40433000e-04
0.117356     6.33344000e-04
0.117395     6.49702000e-04
0.117434     5.34400000e-04
0.117474     6.05803000e-04
0.117513     6.67317000e-04
0.117552     6.07538000e-04
0.117591     6.66527000e-04
0.117630     6.03424000e-04
0.117670     5.81575000e-04
0.117709     6.13601000e-04
0.117748     5.01744000e-04
0.117787     6.34733000e-04
0.117827     5.14317000e-04
0.117866     4.98083000e-04
0.117905     5.58823000e-04
0.117944     6.61399000e-04
0.117984     6.38588000e-04
0.118023     5.79795000e-04
0.118062     5.73874000e-04
0.118102     6.63461000e-04
0.118141     6.50732000e-04
0.118180     5.20268000e-04
0.118220     5.80445000e-04
0.118259     9.36188000e-04
0.118299     5.25852000e-04
0.118338     5.72596000e-04
0.118378     5.54957000e-04
0.118417     6.58479000e-04
0.118457     5.13717000e-04
0.118496     5.36097000e-04
0.118535     5.61079000e-04
0.118575     6.48763000e-04
0.118615     5.25426000e-04
0.118654     6.52543000e-04
0.118694     6.59407000e-04
0.118733     6.54787000e-04
0.118773     6.68864000e-04
0.118812     5.83087000e-04
0.118852     6.41921000e-04
0.118892     6.75412000e-04
0.118931     5.03440000e-04
0.118971     6.63170000e-04
0.119011     6.28329000e-04
0.119050     6.73416000e-04
0.119090     6.53416000e-04
0.119130     5.19097000e-04
0.119169     5.66042000e-04
0.119209     6.47329000e-04
0.119249     6.23899000e-04
0.119288     6.76344000e-04
0.119328     9.20621000e-04
0.119368     5.64905000e-04
0.119408     6.09551000e-04
0.119448     6.52953000e-04
0.119487     6.63798000e-04
0.119527     5.02538000e-04
0.119567     5.44181000e-04
0.119607     6.16518000e-04
0.119647     6.64005000e-04
0.119687     6.57903000e-04
0.119727     1.05194000e-03
0.119767     5.05922000e-04
0.119806     1.49825000e-03
0.119846     4.67801000e-04
0.119886     5.22484000e-04
0.119926     6.34823000e-04
0.119966     7.57921000e-04
0.120006     6.56191000e-04
0.120046     6.73651000e-04
0.120086     6.36059000e-04
0.120126     6.53309000e-04
0.120166     5.85702000e-04
0.120206     4.88504000e-04
0.120246     5.90939000e-04
0.120287     4.00417000e-04
0.120327     6.77161000e-04
0.120367     6.60263000e-04
0.120407     6.42560000e-04
0.120447     5.31210000e-04
0.120487     6.18798000e-04
0.120527     6.50345000e-04
0.120567     4.79736000e-04
0.120608     6.07371000e-04
0.120648     5.69450000e-04
0.120688     4.99787000e-04
0.120728     5.17403000e-04
0.120769     4.72088000e-04
0.120809     4.81256000e-04
0.120849     5.00190000e-04
0.120889     5.42552000e-04
0.120930     6.30612000e-04
0.120970     6.68656000e-04
0.121010     6.21313000e-04
0.121051     5.72767000e-04
0.121091     6.69597000e-04
0.121131     9.75445000e-04
0.121172     1.53839000e-03
0.121212     7.29702000e-04
0.121253     2.41014000e-03
0.121293     2.81602000e-03
0.121333     6.90198000e-04
0.121374     3.38485000e-02
0.121414     1.60073000e-02
0.121455     6.79670000e-04
0.121495     2.35998000e-03
0.121536     8.45346000e-03
0.121576     1.34143000e-03
0.121617     1.95635000e-03
0.121657     9.45156000e-03
0.121698     7.48590000e-04
0.121738     9.36684000e-04
0.121779     1.40138000e-03
0.121820     1.66561000e-03
0.121860     6.71305000e-04
0.121901     7.98404000e-04
0.121941     2.51516000e-03
0.121982     6.85519000e-04
0.122023     6.50892000e-04
0.122063     5.94806000e-04
0.122104     6.63660000e-04
0.122145     6.82100000e-04
0.122186     6.12688000e-04
0.122226     5.63674000e-04
0.122267     4.92963000e-04
0.122308     6.49879000e-04
0.122349     4.68492000e-04
0.122389     5.15342000e-04
0.122430     6.62378000e-04
0.122471     6.68122000e-04
0.122512     4.37943000e-04
0.122553     4.65528000e-04
0.122593     6.66535000e-04
0.122634     6.06291000e-04
0.122675     6.49483000e-04
0.122716     5.68703000e-04
0.122757     5.38805000e-04
0.122798     6.17396000e-04
0.122839     5.94249000e-04
0.122880     3.87608000e-04
0.122921     5.11662000e-04
0.122962     6.63978000e-04
0.123003     4.39750000e-04
0.123044     5.63502000e-04
0.123085     3.70137000e-04
0.123126     3.65708000e-04
0.123167     4.71923000e-04
0.123208     4.91162000e-04
0.123249     5.94363000e-04
0.123290     5.91715000e-04
0.123331     4.55892000e-04
0.123372     6.70209000e-04
0.123413     3.92616000e-04
0.123454     6.59365000e-04
0.123496     6.10358000e-04
0.123537     3.93710000e-04
0.123578     3.29373000e-04
0.123619     4.59585000e-04
0.123660     3.36063000e-04
0.123702     6.41887000e-04
0.123743     6.48246000e-04
0.123784     6.52814000e-04
0.123825     5.71206000e-04
0.123867     6.70048000e-04
0.123908     3.02081000e-04
0.123949     6.51995000e-04
0.123991     3.80104000e-04
0.124032     3.03099000e-04
0.124073     6.38138000e-04
0.124115     4.98631000e-04
0.124156     2.57037000e-04
0.124197     6.48799000e-04
0.124239     3.75674000e-04
0.124280     6.70237000e-04
0.124322     3.18929000e-04
0.124363     2.21973000e-04
0.124404     3.64287000e-04
0.124446     3.81987000e-04
0.124487     4.83731000e-04
0.124529     2.17425000e-04
0.124570     5.09392000e-04
0.124612     4.78534000e-04
0.124653     2.58989000e-04
0.124695     3.89876000e-04
0.124737     5.91971000e-04
0.124778     3.31833000e-04
0.124820     4.84955000e-04
0.124861     3.79922000e-04
0.124903     2.63566000e-04
0.124945     2.66893000e-04
0.124986     5.84555000e-04
0.125028     3.08455000e-04
0.125070     5.76041000e-04
0.125111     3.12098000e-04
0.125153     4.54696000e-04
0.125195     4.55399000e-04
0.125236     5.85918000e-04
0.125278     4.42734000e-04
0.125320     5.81606000e-04
0.125362     5.05380000e-04
0.125403     5.75922000e-04
0.125445     4.88263000e-04
0.125487     6.10975000e-04
0.125529     4.45639000e-04
0.125571     4.27846000e-04
0.125613     3.68660000e-04
0.125655     3.46430000e-04
0.125696     2.12145000e-04
0.125738     4.64233000e-04
0.125780     2.28895000e-04
0.125822     2.37477000e-04
0.125864     3.27778000e-04
0.125906     2.43723000e-04
0.125948     2.54524000e-04
0.125990     5.71224000e-04
0.126032     4.51945000e-04
0.126074     5.00109000e-04
0.126116     4.04273000e-04
0.126158     4.47123000e-04
0.126200     4.96361000e-04
0.126242     2.28253000e-04
0.126284     2.54674000e-04
0.126326     3.02600000e-04
0.126368     3.93622000e-04
0.126411     4.44384000e-04
0.126453     2.86289000e-04
0.126495     5.33600000e-04
0.126537     5.16708000e-04
0.126579     2.92397000e-04
0.126621     3.30326000e-04
0.126664     3.07217000e-04
0.126706     4.88466000e-04
0.126748     4.58381000e-04
0.126790     1.65871000e-04
0.126833     4.44361000e-04
0.126875     3.98343000e-04
0.126917     3.34724000e-04
0.126959     2.15825000e-04
0.127002     1.57532000e-04
0.127044     4.68436000e-04
0.127086     2.76575000e-04
0.127129     5.30564000e-04
0.127171     4.23751000e-04
0.127214     3.95980000e-04
0.127256     2.40753000e-04
0.127298     5.74451000e-04
0.127341     5.23628000e-04
0.127383     1.80517000e-04
0.127426     2.08867000e-04
0.127468     2.01290000e-04
0.127511     3.16289000e-04
0.127553     5.08372000e-04
0.127596     4.21629000e-04
0.127638     2.88449000e-04
0.127681     7.92579000e-04
0.127723     5.81108000e-04
0.127766     2.88390000e-03
0.127809     4.96287000e-04
0.127851     3.05157000e-04
0.127894     1.98807000e-04
0.127936     3.57896000e-04
0.127979     4.52867000e-04
0.128022     6.11531000e-04
0.128064     9.96534000e-04
0.128107     6.19160000e-04
0.128150     4.10932000e-04
0.128192     6.27663000e-04
0.128235     1.60737000e-04
0.128278     5.97142000e-04
0.128321     1.99269000e-04
0.128363     5.46247000e-04
0.128406     5.80741000e-04
0.128449     5.92144000e-04
0.128492     6.27824000e-04
0.128535     6.16530000e-04
0.128578     5.97324000e-04
0.128620     6.15241000e-04
0.128663     2.43750000e-04
0.128706     3.31797000e-04
0.128749     2.15308000e-04
0.128792     6.24937000e-04
0.128835     6.15111000e-04
0.128878     5.83937000e-04
0.128921     3.88163000e-04
0.128964     2.47820000e-04
0.129007     2.05706000e-04
0.129050     4.68802000e-04
0.129093     3.81431000e-04
0.129136     5.84345000e-04
0.129179     1.61369000e-04
0.129222     6.15089000e-04
0.129265     3.07190000e-04
0.129308     2.03048000e-04
0.129351     4.73931000e-04
0.129394     5.21492000e-04
0.129437     2.19750000e-04
0.129481     2.45389000e-04
0.129524     1.62288000e-04
0.129567     2.02207000e-04
0.129610     4.74846000e-04
0.129653     1.75255000e-04
0.129697     2.11531000e-04
0.129740     1.71491000e-04
0.129783     4.85300000e-04
0.129826     1.67943000e-04
0.129870     1.90950000e-04
0.129913     3.56837000e-04
0.129956     2.64277000e-04
0.129999     2.43244000e-04
0.130043     3.61919000e-04
0.130086     3.96481000e-04
0.130130     1.75561000e-04
0.130173     1.92111000e-04
0.130216     4.73068000e-04
0.130260     6.21784000e-04
0.130303     5.32282000e-04
0.130347     5.96040000e-04
0.130390     1.91356000e-04
0.130433     2.79990000e-04
0.130477     3.54638000e-04
0.130520     2.21645000e-04
0.130564     5.98333000e-04
0.130607     5.97526000e-04
0.130651     1.81861000e-04
0.130695     3.81597000e-04
0.130738     5.64751000e-04
0.130782     1.56528000e-04
0.130825     3.34773000e-04
0.130869     1.81137000e-04
0.130913     2.67191000e-04
0.130956     5.17350000e-04
0.131000     4.98058000e-04
0.131043     2.72910000e-04
0.131087     2.84631000e-04
0.131131     3.92147000e-04
0.131175     2.82769000e-04
0.131218     1.76612000e-04
0.131262     3.16131000e-04
0.131306     4.11214000e-04
0.131350     4.30401000e-04
0.131393     4.69511000e-04
0.131437     1.81772000e-04
0.131481     4.31779000e-04
0.131525     4.30479000e-04
0.131569     3.39156000e-04
0.131612     2.14428000e-04
0.131656     2.25514000e-04
0.131700     1.73959000e-04
0.131744     1.65239000e-04
0.131788     4.94037000e-04
0.131832     2.07532000e-04
0.131876     1.67645000e-04
0.131920     7.33229000e-04
0.131964     1.50153000e-04
0.132008     1.75207000e-04
0.132052     4.30353000e-04
0.132096     1.68560000e-04
0.132140     3.95531000e-04
0.132184     4.23315000e-04
0.132228     1.59548000e-04
0.132272     4.33454000e-04
0.132316     2.07708000e-04
0.132360     4.11623000e-04
0.132404     1.64270000e-04
0.132449     2.71689000e-04
0.132493     4.78189000e-04
0.132537     2.15140000e-04
0.132581     2.38969000e-04
0.132625     2.19421000e-04
0.132669     2.19389000e-04
0.132714     1.87759000e-04
0.132758     5.61833000e-04
0.132802     1.67568000e-04
0.132846     5.37920000e-04
0.132891     4.95199000e-04
0.132935     2.92258000e-04
0.132979     8.91169000e-04
0.133024     4.56242000e-04
0.133068     2.93153000e-04
0.133112     5.03061000e-04
0.133157     5.10687000e-04
0.133201     2.41062000e-04
0.133245     1.73081000e-04
0.133290     5.42305000e-04
0.133334     2.46897000e-04
0.133379     4.01464000e-04
0.133423     4.86320000e-04
0.133468     3.17072000e-04
0.133512     2.19531000e-04
0.133557     1.82964000e-04
0.133601     2.93908000e-04
0.133646     5.04881000e-04
0.133690     1.61387000e-04
0.133735     1.75435000e-04
0.133779     2.22019000e-04
0.133824     2.35556000e-04
0.133869     2.82995000e-04
0.133913     1.66503000e-04
0.133958     2.78654000e-04
0.134003     2.68264000e-04
0.134047     1.50042000e-04
0.134092     1.84514000e-04
0.134137     1.49047000e-04
0.134181     1.72565000e-04
0.134226     2.11853000e-04
0.134271     2.56316000e-04
0.134316     4.51462000e-04
0.134360     1.56386000e-04
0.134405     1.80594000e-04
0.134450     4.89546000e-04
0.134495     3.91642000e-04
0.134540     2.11491000e-04
0.134584     3.19301000e-04
0.134629     2.21722000e-04
0.134674     1.57050000e-04
0.134719     2.05976000e-04
0.134764     4.83901000e-04
0.134809     2.14446000e-04
0.134854     4.92005000e-04
0.134899     2.20306000e-04
0.134944     2.04595000e-04
0.134989     1.97559000e-04
0.135034     2.31694000e-04
0.135079     4.75510000e-04
0.135124     4.67915000e-04
0.135169     5.47212000e-04
0.135214     2.20343000e-04
0.135259     1.80598000e-04
0.135304     4.82167000e-04
0.135349     2.99235000e-04
0.135394     4.63180000e-04
0.135439     1.58779000e-04
0.135484     5.06692000e-04
0.135530     4.55965000e-04
0.135575     1.91344000e-04
0.135620     2.56143000e-04
0.135665     2.38439000e-04
0.135710     1.43742000e-04
0.135756     2.13189000e-04
0.135801     1.95114000e-04
0.135846     4.69091000e-04
0.135891     4.83787000e-04
0.135937     4.35919000e-04
0.135982     1.84767000e-04
0.136027     2.35475000e-04
0.136073     3.61841000e-04
0.136118     1.50465000e-04
0.136163     3.49186000e-04
0.136209     4.51667000e-04
0.136254     3.05908000e-04
0.136300     4.12427000e-04
0.136345     2.35036000e-04
0.136391     2.47669000e-04
0.136436     1.51040000e-04
0.136481     2.52909000e-04
0.136527     3.05008000e-04
0.136572     1.40913000e-04
0.136618     1.97687000e-04
0.136664     1.61443000e-04
0.136709     1.60799000e-04
0.136755     1.52884000e-04
0.136800     1.64753000e-04
0.136846     3.48344000e-04
0.136891     1.87685000e-04
0.136937     2.48940000e-04
0.136983     1.48021000e-04
0.137028     2.75580000e-04
0.137074     1.94436000e-04
0.137120     9.16623000e-04
0.137165     1.39777000e-04
0.137211     1.77483000e-04
0.137257     1.90450000e-04
0.137303     2.50886000e-04
0.137348     1.76330000e-04
0.137394     1.59490000e-04
0.137440     2.43255000e-04
0.137486     1.52975000e-04
0.137532     1.35733000e-04
0.137578     4.00012000e-04
0.137623     5.18867000e-04
0.137669     1.60886000e-04
0.137715     3.54486000e-04
0.137761     1.38029000e-04
0.137807     2.80988000e-04
0.137853     5.21278000e-04
0.137899     3.23881000e-04
0.137945     1.50167000e-04
0.137991     1.41568000e-04
0.138037     6.04047000e-04
0.138083     5.89621000e-04
0.138129     1.62501000e-04
0.138175     1.64998000e-04
0.138221     4.51607000e-04
0.138267     3.86949000e-04
0.138313     1.55077000e-04
0.138359     2.97799000e-04
0.138405     4.56674000e-04
0.138451     1.32612000e-04
0.138498     5.48583000e-04
0.138544     2.09885000e-04
0.138590     1.42743000e-04
0.138636     1.79413000e-04
0.138682     1.42690000e-04
0.138729     5.60392000e-04
0.138775     2.80533000e-04
0.138821     3.45285000e-04
0.138867     5.91464000e-04
0.138914     5.84187000e-04
0.138960     1.54136000e-04
0.139006     1.37895000e-04
0.139053     3.44959000e-04
0.139099     1.76725000e-04
0.139145     2.41244000e-04
0.139192     2.20445000e-04
0.139238     3.65471000e-04
0.139285     3.72099000e-04
0.139331     5.97959000e-04
0.139377     2.32654000e-04
0.139424     5.78836000e-04
0.139470     1.78468000e-04
0.139517     4.28826000e-04
0.139563     4.72464000e-04
0.139610     5.74700000e-04
0.139656     5.88775000e-04
0.139703     4.93400000e-04
0.139750     2.45113000e-04
0.139796     1.81566000e-04
0.139843     3.49836000e-04
0.139889     1.73256000e-04
0.139936     5.62381000e-04
0.139983     5.92763000e-04
0.140029     2.06204000e-04
0.140076     3.73939000e-04
0.140123     2.66087000e-04
0.140169     5.84460000e-04
0.140216     4.60472000e-04
0.140263     1.65012000e-04
0.140310     1.04614000e-03
0.140356     5.62028000e-04
0.140403     4.53102000e-04
0.140450     4.28368000e-04
0.140497     5.75151000e-04
0.140544     5.74781000e-04
0.140590     4.94402000e-04
0.140637     1.87801000e-04
0.140684     4.49594000e-04
0.140731     3.52264000e-04
0.140778     5.75620000e-04
0.140825     4.74174000e-04
0.140872     3.87735000e-04
0.140919     1.51368000e-04
0.140966     1.74437000e-04
0.141013     2.83535000e-04
0.141060     2.91507000e-04
0.141107     4.14062000e-04
0.141154     3.98998000e-04
0.141201     5.82279000e-04
0.141248     3.01286000e-04
0.141295     4.26102000e-04
0.141342     2.24760000e-04
0.141389     2.19631000e-04
0.141436     5.41228000e-04
0.141483     3.05050000e-04
0.141531     3.77702000e-04
0.141578     1.39664000e-04
0.141625     2.14705000e-04
0.141672     3.14736000e-04
0.141719     4.03586000e-04
0.141767     2.87734000e-04
0.141814     5.12806000e-04
0.141861     1.34385000e-04
0.141909     1.61487000e-04
0.141956     2.71983000e-04
0.142003     6.00755000e-04
0.142050     4.57575000e-04
0.142098     5.99938000e-04
0.142145     2.00386000e-04
0.142193     2.75506000e-04
0.142240     1.36119000e-04
0.142287     3.17501000e-04
0.142335     4.93562000e-04
0.142382     5.99619000e-04
0.142430     5.96028000e-04
0.142477     2.95991000e-04
0.142525     2.24304000e-04
0.142572     1.39137000e-04
0.142620     6.03837000e-04
0.142667     4.30782000e-04
0.142715     9.20082000e-04
0.142762     1.49333000e-04
0.142810     1.29193000e-04
0.142858     5.74143000e-04
0.142905     2.73779000e-04
0.142953     5.61453000e-04
0.143000     2.73263000e-04
0.143048     3.25460000e-04
0.143096     5.39932000e-04
0.143144     2.47300000e-04
0.143191     5.22436000e-04
0.143239     4.14934000e-04
0.143287     2.37618000e-04
0.143334     2.63742000e-04
0.143382     3.59911000e-04
0.143430     1.52760000e-04
0.143478     4.37463000e-04
0.143526     1.45181000e-04
0.143574     3.56423000e-04
0.143621     4.95016000e-04
0.143669     4.72400000e-04
0.143717     1.43493000e-04
0.143765     5.41284000e-04
0.143813     8.56766000e-04
0.143861     4.73005000e-04
0.143909     1.42914000e-04
0.143957     1.85516000e-04
0.144005     3.60974000e-04
0.144053     1.54139000e-04
0.144101     5.74908000e-04
0.144149     5.90925000e-04
0.144197     5.32854000e-04
0.144245     1.94232000e-04
0.144293     2.85349000e-04
0.144341     1.30522000e-04
0.144389     5.53879000e-04
0.144437     1.66560000e-04
0.144486     4.00318000e-04
0.144534     1.53442000e-04
0.144582     2.42039000e-04
0.144630     5.81250000e-04
0.144678     5.72344000e-04
0.144727     8.95432000e-04
0.144775     2.20740000e-04
0.144823     3.94473000e-04
0.144871     3.45136000e-04
0.144920     4.07905000e-04
0.144968     4.88221000e-04
0.145016     4.58620000e-04
0.145065     3.83303000e-04
0.145113     3.35400000e-04
0.145161     3.20650000e-04
0.145210     1.71866000e-04
0.145258     2.42517000e-04
0.145306     2.78759000e-04
0.145355     3.67068000e-04
0.145403     5.29597000e-04
0.145452     2.39632000e-04
0.145500     5.74423000e-04
0.145549     3.80899000e-04
0.145597     1.29106000e-04
0.145646     5.88461000e-04
0.145694     5.15278000e-04
0.145743     5.24819000e-04
0.145792     5.81885000e-04
0.145840     1.88831000e-04
0.145889     4.79176000e-04
0.145937     3.74921000e-04
0.145986     5.79766000e-04
0.146035     1.79384000e-04
0.146083     1.75960000e-04
0.146132     5.32851000e-04
0.146181     5.20132000e-04
0.146230     5.35795000e-04
0.146278     1.65283000e-04
0.146327     4.85057000e-04
0.146376     5.84263000e-04
0.146425     2.48175000e-04
0.146473     4.39958000e-04
0.146522     1.46343000e-04
0.146571     2.28907000e-04
0.146620     4.74607000e-04
0.146669     4.34571000e-04
0.146718     5.52410000e-04
0.146767     4.87136000e-04
0.146816     2.17525000e-04
0.146864     2.36579000e-04
0.146913     1.68271000e-04
0.146962     1.38743000e-04
0.147011     3.12241000e-04
0.147060     1.27339000e-04
0.147109     1.37613000e-04
0.147158     1.25899000e-04
0.147207     3.76612000e-04
0.147257     3.41529000e-04
0.147306     2.19992000e-04
0.147355     5.74941000e-04
0.147404     4.23350000e-04
0.147453     1.54964000e-04
0.147502     1.38017000e-04
0.147551     5.64957000e-04
0.147600     2.22978000e-04
0.147650     2.74731000e-04
0.147699     1.59735000e-04
0.147748     1.40206000e-04
0.147797     1.27339000e-04
0.147847     3.97990000e-04
0.147896     5.14995000e-04
0.147945     1.57976000e-04
0.147995     1.31378000e-04
0.148044     5.73459000e-04
0.148093     1.96630000e-04
0.148143     2.69132000e-04
0.148192     2.06373000e-04
0.148241     5.15156000e-04
0.148291     5.61798000e-04
0.148340     1.37943000e-04
0.148390     2.98451000e-04
0.148439     2.70233000e-04
0.148489     3.16651000e-04
0.148538     1.32791000e-04
0.148588     1.62771000e-04
0.148637     5.40162000e-04
0.148687     1.33052000e-04
0.148736     1.52320000e-04
0.148786     5.62151000e-04
0.148835     1.55711000e-04
0.148885     5.49301000e-04
0.148935     4.55695000e-04
0.148984     3.33670000e-04
0.149034     5.05547000e-04
0.149084     2.56964000e-04
0.149133     5.71444000e-04
0.149183     3.32737000e-04
0.149233     2.39692000e-04
0.149283     1.48490000e-04
0.149332     5.35236000e-04
0.149382     4.54948000e-04
0.149432     4.11303000e-04
0.149482     3.05205000e-04
0.149532     4.90398000e-04
0.149581     1.63005000e-04
0.149631     3.03121000e-04
0.149681     5.63437000e-04
0.149731     5.73460000e-04
0.149781     1.83365000e-04
0.149831     1.21868000e-04
0.149881     2.35531000e-04
0.149931     1.34992000e-04
0.149981     1.24285000e-04
0.150031     5.00071000e-04
0.150081     1.30503000e-04
0.150131     2.12317000e-04
0.150181     5.52605000e-04
0.150231     1.91894000e-04
0.150281     5.69130000e-04
0.150331     2.72897000e-04
0.150381     5.59327000e-04
0.150431     5.13347000e-04
0.150481     5.59007000e-04
0.150532     5.74558000e-04
0.150582     1.46508000e-04
0.150632     5.54345000e-04
0.150682     4.79429000e-04
0.150732     5.59797000e-04
0.150783     1.77214000e-04
0.150833     5.24816000e-04
0.150883     4.08668000e-04
0.150933     5.66369000e-04
0.150984     5.59658000e-04
0.151034     5.35734000e-04
0.151084     3.03628000e-04
0.151135     5.65364000e-04
0.151185     4.57301000e-04
0.151236     5.39843000e-04
0.151286     5.66287000e-04
0.151336     2.11536000e-04
0.151387     3.81431000e-04
0.151437     3.58192000e-04
0.151488     4.91012000e-04
0.151538     1.80707000e-04
0.151589     2.75919000e-04
0.151639     5.57833000e-04
0.151690     1.18481000e-04
0.151740     5.64630000e-04
0.151791     3.83235000e-04
0.151842     3.95191000e-04
0.151892     2.45162000e-04
0.151943     4.76414000e-04
0.151993     4.69474000e-04
0.152044     5.61261000e-04
0.152095     4.89513000e-04
0.152146     5.35177000e-04
0.152196     2.20243000e-04
0.152247     1.93497000e-04
0.152298     1.28527000e-04
0.152348     4.10914000e-04
0.152399     4.99450000e-04
0.152450     5.21343000e-04
0.152501     3.02660000e-04
0.152552     1.06705000e-04
0.152603     5.28166000e-04
0.152653     9.45067000e-04
0.152704     4.54428000e-04
0.152755     3.92675000e-04
0.152806     2.48274000e-04
0.152857     5.59591000e-04
0.152908     5.55940000e-04
0.152959     5.37099000e-04
0.153010     5.62352000e-04
0.153061     5.21114000e-04
0.153112     1.99929000e-04
0.153163     5.55181000e-04
0.153214     2.36584000e-04
0.153265     3.53889000e-04
0.153316     4.49204000e-04
0.153367     4.67610000e-04
0.153419     8.30361000e-05
0.153470     7.99170000e-05
0.153521     2.93722000e-04
0.153572     1.10673000e-04
0.153623     2.68075000e-04
0.153674     8.14164000e-05
0.153726     4.12752000e-04
0.153777     3.78693000e-04
0.153828     7.74947000e-05
0.153879     3.49772000e-04
0.153931     8.73162000e-05
0.153982     6.96931000e-05
0.154033     2.42628000e-04
0.154085     1.11766000e-04
0.154136     4.30026000e-04
0.154187     6.69647000e-05
0.154239     1.25954000e-04
0.154290     4.50250000e-04
0.154342     4.33080000e-04
0.154393     3.16268000e-04
0.154445     9.58770000e-05
0.154496     9.39020000e-05
0.154548     1.90780000e-04
0.154599     3.34897000e-04
0.154651     4.68099000e-04
0.154702     1.67622000e-04
0.154754     3.91099000e-04
0.154805     1.12769000e-04
0.154857     4.21101000e-04
0.154908     2.08247000e-04
0.154960     1.22958000e-04
0.155012     4.31947000e-04
0.155063     1.11188000e-04
0.155115     1.04191000e-04
0.155167     3.56490000e-04
0.155219     1.67957000e-04
0.155270     5.22806000e-04
0.155322     9.11904000e-05
0.155374     7.27354000e-05
0.155426     5.44272000e-04
0.155477     2.63268000e-04
0.155529     1.69751000e-04
0.155581     9.19562000e-05
0.155633     5.22082000e-04
0.155685     6.21203000e-05
0.155737     5.22707000e-04
0.155789     6.83959000e-05
0.155841     1.94253000e-04
0.155893     1.86485000e-04
0.155944     3.52428000e-04
0.155996     3.59862000e-04
0.156048     4.95014000e-04
0.156100     4.49093000e-04
0.156153     8.44743000e-04
0.156205     3.35096000e-04
0.156257     4.43919000e-04
0.156309     5.27872000e-04
0.156361     1.40088000e-04
0.156413     4.43962000e-04
0.156465     5.23856000e-04
0.156517     3.84361000e-04
0.156569     1.56623000e-04
0.156622     7.81011000e-05
0.156674     1.27218000e-04
0.156726     6.66139000e-05
0.156778     5.21303000e-04
0.156831     8.12876000e-05
0.156883     2.09220000e-04
0.156935     6.03737000e-05
0.156987     1.78075000e-04
0.157040     1.79402000e-04
0.157092     7.78609000e-05
0.157144     1.27755000e-04
0.157197     1.09210000e-04
0.157249     4.85740000e-04
0.157302     2.28592000e-04
0.157354     3.54957000e-04
0.157407     3.75765000e-04
0.157459     1.02298000e-04
0.157511     2.87622000e-04
0.157564     7.07646000e-05
0.157617     1.02066000e-04
0.157669     3.87669000e-04
0.157722     3.12708000e-04
0.157774     8.89996000e-05
0.157827     1.36909000e-04
0.157879     4.86131000e-04
0.157932     4.42088000e-04
0.157985     7.84898000e-05
0.158037     4.60693000e-04
0.158090     6.74410000e-05
0.158143     3.19636000e-04
0.158195     8.85664000e-05
0.158248     6.89912000e-05
0.158301     4.46854000e-04
0.158354     4.92004000e-04
0.158406     5.28502000e-04
0.158459     3.69531000e-04
0.158512     1.49638000e-04
0.158565     1.34372000e-04
0.158618     2.20583000e-04
0.158671     3.31557000e-04
0.158724     7.47343000e-05
0.158776     1.02935000e-04
0.158829     3.11518000e-04
0.158882     4.98261000e-04
0.158935     6.48596000e-05
0.158988     4.24022000e-04
0.159041     8.01828000e-05
0.159094     6.04566000e-05
0.159147     5.26393000e-04
0.159200     7.93041000e-05
0.159253     8.69719000e-05
0.159306     6.30656000e-05
0.159360     3.52194000e-04
0.159413     4.01436000e-04
0.159466     1.14212000e-04
0.159519     4.74511000e-04
0.159572     5.62946000e-05
0.159625     7.73334000e-05
0.159679     9.86967000e-05
0.159732     2.38871000e-04
0.159785     7.67828000e-05
0.159838     5.90002000e-05
0.159892     9.50705000e-05
0.159945     4.85954000e-04
0.159998     4.32594000e-04
0.160052     4.10871000e-04
0.160105     1.78942000e-04
0.160158     6.04701000e-05
0.160212     3.50621000e-04
0.160265     7.74099000e-05
0.160318     1.11706000e-04
0.160372     4.18448000e-04
0.160425     7.12612000e-05
0.160479     1.18329000e-04
0.160532     3.16983000e-04
0.160586     7.41711000e-05
0.160639     2.11955000e-04
0.160693     2.68447000e-04
0.160746     1.28969000e-04
0.160800     7.47155000e-05
0.160854     5.93227000e-04
0.160907     1.82544000e-04
0.160961     7.77263000e-05
0.161015     8.07454000e-05
0.161068     6.01264000e-05
0.161122     7.40638000e-05
0.161176     8.01758000e-05
0.161229     3.94081000e-04
0.161283     2.67581000e-04
0.161337     4.03454000e-04
0.161391     1.28201000e-04
0.161444     4.24886000e-04
0.161498     3.49735000e-04
0.161552     2.05338000e-04
0.161606     3.68710000e-04
0.161660     1.24699000e-04
0.161714     6.84073000e-05
0.161768     2.22958000e-04
0.161822     1.29069000e-04
0.161875     8.05884000e-05
0.161929     3.20750000e-04
0.161983     1.09818000e-04
0.162037     1.65002000e-04
0.162091     1.12799000e-04
0.162145     1.59799000e-04
0.162199     1.64317000e-04
0.162254     1.03379000e-04
0.162308     2.94908000e-04
0.162362     7.49702000e-05
0.162416     4.78204000e-04
0.162470     8.54834000e-05
0.162524     1.21384000e-04
0.162578     1.19040000e-04
0.162633     4.12227000e-04
0.162687     9.61796000e-05
0.162741     2.79720000e-04
0.162795     7.53611000e-05
0.162849     4.53511000e-04
0.162904     1.66068000e-04
0.162958     2.29121000e-04
0.163012     9.03732000e-05
0.163067     3.45991000e-04
0.163121     9.51291000e-05
0.163175     1.41894000e-04
0.163230     3.69373000e-04
0.163284     7.83155000e-05
0.163339     2.77518000e-04
0.163393     2.12386000e-04
0.163448     8.50910000e-05
0.163502     1.35152000e-04
0.163557     1.10084000e-04
0.163611     7.33793000e-05
0.163666     6.94874000e-05
0.163720     8.75872000e-05
0.163775     1.12744000e-04
0.163829     5.60730000e-05
0.163884     5.99518000e-05
0.163939     4.09132000e-04
0.163993     1.23680000e-04
0.164048     6.83845000e-05
0.164103     3.16089000e-04
0.164157     1.19569000e-04
0.164212     3.48603000e-04
0.164267     4.36579000e-04
0.164321     6.73153000e-05
0.164376     3.76176000e-04
0.164431     6.17857000e-05
0.164486     5.68951000e-05
0.164541     4.42918000e-04
0.164596     2.13376000e-04
0.164650     4.09787000e-04
0.164705     2.13815000e-04
0.164760     1.52906000e-04
0.164815     3.93952000e-04
0.164870     3.71908000e-04
0.164925     2.14160000e-04
0.164980     1.46182000e-04
0.165035     3.78381000e-04
0.165090     6.30194000e-05
0.165145     3.86672000e-04
0.165200     4.83876000e-04
0.165255     4.57232000e-04
0.165310     2.35290000e-04
0.165365     3.97001000e-04
0.165420     1.28124000e-04
0.165476     7.46877000e-05
0.165531     1.40596000e-04
0.165586     1.39851000e-04
0.165641     3.14402000e-04
0.165696     4.36104000e-04
0.165752     3.60040000e-04
0.165807     4.50312000e-04
0.165862     2.50122000e-04
0.165917     7.63928000e-05
0.165973     9.38308000e-05
0.166028     7.65540000e-05
0.166083     3.04605000e-04
0.166139     6.16183000e-05
0.166194     7.30693000e-05
0.166249     2.20757000e-04
0.166305     9.48837000e-05
0.166360     6.17130000e-05
0.166416     4.38470000e-04
0.166471     3.48562000e-04
0.166527     5.13917000e-05
0.166582     3.70170000e-04
0.166638     4.06818000e-04
0.166693     6.28176000e-05
0.166749     5.95924000e-05
0.166804     4.77999000e-04
0.166860     4.66554000e-04
0.166916     3.79917000e-04
0.166971     3.62798000e-04
0.167027     8.86006000e-05
0.167083     1.23385000e-03
0.167138     3.22280000e-04
0.167194     4.06606000e-04
0.167250     1.27339000e-04
0.167306     2.63310000e-04
0.167361     3.50938000e-04
0.167417     1.43274000e-04
0.167473     6.18978000e-04
0.167529     1.04900000e-04
0.167585     1.19900000e-04
0.167640     5.89232000e-05
0.167696     6.49729000e-05
0.167752     5.60376000e-05
0.167808     3.25984000e-04
0.167864     1.30833000e-04
0.167920     1.11606000e-04
0.167976     7.21120000e-05
0.168032     1.58743000e-04
0.168088     6.36317000e-05
0.168144     9.36879000e-05
0.168200     1.04727000e-04
0.168256     3.41713000e-04
0.168312     2.98668000e-04
0.168368     1.37150000e-04
0.168424     2.77940000e-04
0.168481     1.55983000e-04
0.168537     6.21284000e-05
0.168593     7.09752000e-05
0.168649     9.39802000e-05
0.168705     2.24150000e-04
0.168762     1.28603000e-04
0.168818     1.54633000e-04
0.168874     2.85995000e-04
0.168930     3.51258000e-04
0.168987     5.91697000e-05
0.169043     4.39693000e-04
0.169099     2.53607000e-04
0.169156     2.07794000e-04
0.169212     4.51506000e-05
0.169269     2.82841000e-04
0.169325     6.56217000e-05
0.169381     1.89645000e-04
0.169438     5.90331000e-05
0.169494     4.28497000e-05
0.169551     3.72083000e-04
0.169607     1.70312000e-04
0.169664     5.34881000e-05
0.169720     1.74007000e-04
0.169777     4.53753000e-04
0.169834     3.56664000e-04
0.169890     4.65105000e-04
0.169947     4.54835000e-04
0.170004     3.47250000e-04
0.170060     4.08122000e-04
0.170117     3.69871000e-05
0.170174     2.89500000e-04
0.170230     5.37686000e-05
0.170287     4.57350000e-05
0.170344     5.38337000e-05
0.170401     1.35713000e-04
0.170457     1.82283000e-04
0.170514     2.72401000e-04
0.170571     3.22082000e-04
0.170628     2.43572000e-04
0.170685     2.03036000e-04
0.170742     6.02880000e-05
0.170799     1.59568000e-04
0.170856     1.85162000e-04
0.170912     3.58243000e-04
0.170969     2.41630000e-04
0.171026     8.11761000e-05
0.171083     4.52068000e-05
0.171140     1.34879000e-04
0.171198     3.31756000e-04
0.171255     2.31487000e-04
0.171312     9.44526000e-05
0.171369     3.30050000e-05
0.171426     2.55612000e-05
0.171483     4.99044000e-05
0.171540     1.03465000e-04
0.171597     2.37724000e-05
0.171655     5.32097000e-05
0.171712     1.55205000e-04
0.171769     4.54850000e-05
0.171826     2.06518000e-04
0.171884     3.85743000e-04
0.171941     3.35899000e-04
0.171998     2.24828000e-04
0.172055     6.95943000e-05
0.172113     3.77546000e-04
0.172170     2.92591000e-04
0.172228     3.94735000e-05
0.172285     2.40192000e-04
0.172342     8.60322000e-05
0.172400     1.41576000e-04
0.172457     1.81664000e-04
0.172515     3.98212000e-04
0.172572     2.95302000e-05
0.172630     1.28448000e-04
0.172687     3.13255000e-04
0.172745     4.15140000e-04
0.172803     2.07328000e-04
0.172860     2.85952000e-04
0.172918     3.08005000e-04
0.172975     2.30962000e-05
0.173033     3.23954000e-05
0.173091     5.13698000e-05
0.173148     2.68390000e-04
0.173206     3.56092000e-04
0.173264     6.75379000e-05
0.173322     6.12609000e-05
0.173379     2.54415000e-05
0.173437     2.46617000e-04
0.173495     3.81311000e-04
0.173553     1.96436000e-04
0.173611     2.98754000e-05
0.173669     3.63162000e-04
0.173726     3.47848000e-05
0.173784     3.03069000e-05
0.173842     2.88440000e-04
0.173900     3.14189000e-04
0.173958     6.11678000e-05
0.174016     2.37222000e-04
0.174074     9.33335000e-05
0.174132     4.10052000e-05
0.174190     4.37148000e-04
0.174248     4.03146000e-05
0.174306     2.73849000e-05
0.174365     7.84714000e-05
0.174423     9.85609000e-05
0.174481     3.71017000e-04
0.174539     6.55017000e-05
0.174597     3.15153000e-05
0.174655     1.23425000e-04
0.174714     3.73247000e-05
0.174772     4.09975000e-05
0.174830     2.49941000e-04
0.174888     5.98395000e-05
0.174947     1.16121000e-04
0.175005     3.22194000e-05
0.175063     3.59240000e-05
0.175122     2.80305000e-04
0.175180     4.81596000e-05
0.175238     3.31673000e-04
0.175297     3.70394000e-04
0.175355     3.28362000e-05
0.175414     3.64347000e-04
0.175472     4.28304000e-04
0.175531     4.46956000e-04
0.175589     4.65453000e-05
0.175648     2.84788000e-05
0.175706     3.55953000e-05
0.175765     3.90909000e-04
0.175823     2.45611000e-05
0.175882     2.80320000e-04
0.175941     4.63126000e-05
0.175999     4.30280000e-04
0.176058     2.26635000e-04
0.176117     2.82108000e-04
0.176175     2.12532000e-04
0.176234     2.94595000e-05
0.176293     2.25139000e-05
0.176352     1.90308000e-04
0.176410     1.30097000e-04
0.176469     4.21160000e-04
0.176528     1.53619000e-04
0.176587     3.98356000e-04
0.176646     1.44926000e-04
0.176705     3.60031000e-04
0.176763     2.28471000e-05
0.176822     3.10322000e-05
0.176881     8.72603000e-05
0.176940     3.81631000e-05
0.176999     2.67764000e-04
0.177058     1.02999000e-04
0.177117     7.13326000e-05
0.177176     3.31135000e-04
0.177235     4.09738000e-04
0.177294     3.95232000e-04
0.177354     1.26102000e-04
0.177413     2.87081000e-04
0.177472     3.94794000e-04
0.177531     3.93665000e-04
0.177590     4.15707000e-04
0.177649     2.34693000e-05
0.177709     6.20867000e-05
0.177768     4.39716000e-04
0.177827     4.40444000e-04
0.177886     4.12151000e-04
0.177946     3.56240000e-05
0.178005     3.88110000e-04
0.178064     4.44462000e-04
0.178124     4.14134000e-04
0.178183     2.84471000e-05
0.178242     4.32743000e-04
0.178302     4.44990000e-04
0.178361     1.02452000e-04
0.178421     4.59441000e-05
0.178480     3.09685000e-05
0.178540     2.94588000e-04
0.178599     2.26676000e-04
0.178659     1.89206000e-04
0.178718     3.82563000e-04
0.178778     2.80859000e-04
0.178837     3.92981000e-04
0.178897     1.33272000e-04
0.178957     7.38082000e-05
0.179016     4.30341000e-04
0.179076     4.13373000e-04
0.179136     4.15321000e-04
0.179195     3.36671000e-04
0.179255     4.25349000e-04
0.179315     4.40012000e-04
0.179375     4.39197000e-04
0.179434     4.38161000e-04
0.179494     4.20803000e-04
0.179554     3.89827000e-04
0.179614     3.57180000e-05
0.179674     3.86964000e-04
0.179734     5.90826000e-05
0.179794     5.02886000e-05
0.179854     4.09357000e-04
0.179914     1.84121000e-04
0.179973     3.08815000e-04
0.180033     2.53915000e-04
0.180093     3.93578000e-04
0.180154     6.23695000e-05
0.180214     1.31268000e-05
0.180274     2.73380000e-04
0.180334     2.47780000e-04
0.180394     1.29332000e-04
0.180454     2.81762000e-04
0.180514     4.69149000e-05
0.180574     7.36095000e-05
0.180634     4.17350000e-04
0.180695     3.98969000e-04
0.180755     1.13217000e-04
0.180815     4.09767000e-04
0.180875     2.57012000e-05
0.180936     2.52771000e-04
0.180996     1.65774000e-05
0.181056     1.01287000e-04
0.181117     3.47198000e-04
0.181177     1.56486000e-04
0.181238     3.88406000e-04
0.181298     4.75585000e-05
0.181358     4.74179000e-05
0.181419     1.78918000e-04
0.181479     3.60854000e-04
0.181540     1.56901000e-05
0.181600     4.04774000e-04
0.181661     3.50650000e-04
0.181721     2.86491000e-04
0.181782     1.79816000e-04
0.181843     4.10316000e-04
0.181903     3.26947000e-04
0.181964     2.47705000e-05
0.182024     3.90037000e-04
0.182085     3.85597000e-04
0.182146     5.98356000e-05
0.182207     4.01050000e-04
0.182267     2.94594000e-04
0.182328     4.01114000e-04
0.182389     3.75650000e-04
0.182450     2.56233000e-04
0.182510     1.96994000e-05
0.182571     3.94098000e-04
0.182632     5.37713000e-05
0.182693     1.69594000e-04
0.182754     2.72516000e-04
0.182815     1.65791000e-04
0.182876     1.92542000e-05
0.182937     3.82038000e-04
0.182998     4.15510000e-05
0.183059     2.38999000e-05
0.183120     3.98789000e-04
0.183181     1.86396000e-05
0.183242     3.96501000e-04
0.183303     2.83634000e-05
0.183364     1.91495000e-04
0.183425     2.03697000e-05
0.183486     3.47034000e-04
0.183547     4.03435000e-04
0.183609     3.78277000e-04
0.183670     5.11345000e-05
0.183731     2.83026000e-05
0.183792     3.60885000e-05
0.183854     3.81146000e-04
0.183915     3.19213000e-04
0.183976     2.33152000e-04
0.184037     3.09100000e-04
0.184099     2.71695000e-05
0.184160     2.49604000e-04
0.184222     1.51160000e-04
0.184283     3.49376000e-04
0.184344     7.91416000e-05
0.184406     6.84065000e-05
0.184467     1.38050000e-04
0.184529     3.68209000e-05
0.184590     6.47941000e-05
0.184652     3.61145000e-04
0.184713     3.74570000e-05
0.184775     7.50847000e-05
0.184837     5.34381000e-05
0.184898     3.13518000e-05
0.184960     3.15849000e-04
0.185021     1.97081000e-04
0.185083     1.72320000e-04
0.185145     5.35781000e-05
0.185207     3.56207000e-05
0.185268     1.84969000e-04
0.185330     2.32243000e-05
0.185392     2.08909000e-05
0.185454     3.02860000e-05
0.185515     1.26873000e-04
0.185577     4.21337000e-05
0.185639     7.90221000e-05
0.185701     2.53595000e-04
0.185763     4.95536000e-05
0.185825     2.46152000e-05
0.185887     3.07317000e-05
0.185949     2.81528000e-04
0.186011     2.91472000e-04
0.186073     2.14764000e-05
0.186135     1.87379000e-04
0.186197     8.53854000e-05
0.186259     5.93711000e-05
0.186321     1.91635000e-04
0.186383     1.83145000e-05
0.186445     3.35146000e-05
0.186507     2.17200000e-05
0.186569     7.61295000e-05
0.186632     6.66928000e-05
0.186694     3.03743000e-05
0.186756     3.82504000e-05
0.186818     1.38274000e-04
0.186881     2.43840000e-05
0.186943     1.68862000e-04
0.187005     2.91335000e-05
0.187068     2.22390000e-05
0.187130     2.13851000e-04
0.187192     2.84180000e-05
0.187255     3.50356000e-05
0.187317     2.68329000e-05
0.187380     5.68947000e-05
0.187442     1.98832000e-04
0.187504     3.26523000e-05
0.187567     2.18260000e-04
0.187630     5.45415000e-05
0.187692     6.17613000e-05
0.187755     2.71831000e-04
0.187817     9.92032000e-05
0.187880     2.49443000e-05
0.187942     8.11436000e-05
0.188005     2.89186000e-05
0.188068     2.33010000e-05
0.188130     4.61066000e-05
0.188193     3.04214000e-04
0.188256     3.03397000e-04
0.188319     1.33997000e-04
0.188381     2.59380000e-05
0.188444     1.26971000e-04
0.188507     2.35776000e-04
0.188570     2.42450000e-05
0.188633     1.22106000e-04
0.188696     1.15428000e-04
0.188758     4.81332000e-05
0.188821     5.35328000e-05
0.188884     1.83039000e-04
0.188947     2.41683000e-04
0.189010     3.21286000e-04
0.189073     3.41607000e-04
0.189136     3.16653000e-04
0.189199     3.21927000e-04
0.189262     2.94965000e-04
0.189326     3.55355000e-04
0.189389     1.04733000e-04
0.189452     1.43867000e-05
0.189515     3.50905000e-05
0.189578     9.22795000e-05
0.189641     3.82561000e-04
0.189704     1.37367000e-04
0.189768     2.54524000e-04
0.189831     2.24364000e-04
0.189894     3.26979000e-04
0.189958     3.50537000e-04
0.190021     3.58647000e-04
0.190084     3.79880000e-04
0.190148     3.81050000e-04
0.190211     2.84671000e-05
0.190274     1.92680000e-04
0.190338     2.93674000e-05
0.190401     2.84049000e-04
0.190465     3.98943000e-05
0.190528     4.90024000e-05
0.190592     1.06409000e-04
0.190655     3.67847000e-04
0.190719     4.36706000e-05
0.190782     2.70163000e-04
0.190846     2.46534000e-05
0.190910     3.45708000e-04
0.190973     4.57250000e-05
0.191037     6.05978000e-05
0.191101     3.25040000e-04
0.191164     3.25850000e-04
0.191228     2.76614000e-05
0.191292     3.12563000e-04
0.191355     3.61146000e-04
0.191419     2.21068000e-05
0.191483     3.05827000e-04
0.191547     2.94601000e-04
0.191611     3.53145000e-04
0.191675     2.38221000e-05
0.191738     4.29918000e-05
0.191802     2.29899000e-04
0.191866     5.40704000e-05
0.191930     3.66105000e-04
0.191994     3.68988000e-04
0.192058     2.36434000e-04
0.192122     3.41784000e-04
0.192186     1.80659000e-05
0.192250     2.80092000e-04
0.192314     3.57074000e-04
0.192379     2.44862000e-05
0.192443     3.22084000e-04
0.192507     3.53984000e-04
0.192571     3.47591000e-04
0.192635     9.20843000e-05
0.192699     2.77429000e-05
0.192764     4.58339000e-05
0.192828     3.50108000e-04
0.192892     3.50162000e-04
0.192956     2.25762000e-04
0.193021     1.16726000e-04
0.193085     3.00790000e-04
0.193149     2.88784000e-04
0.193214     1.49374000e-04
0.193278     2.55224000e-04
0.193343     4.84950000e-05
0.193407     6.36372000e-05
0.193472     2.52034000e-05
0.193536     1.34080000e-04
0.193601     2.49774000e-05
0.193665     1.68437000e-04
0.193730     3.73568000e-05
0.193794     2.38239000e-04
0.193859     1.54460000e-04
0.193924     2.76309000e-04
0.193988     2.04309000e-04
0.194053     3.09200000e-05
0.194117     1.27167000e-04
0.194182     2.51413000e-04
0.194247     1.49861000e-04
0.194312     3.01183000e-04
0.194376     2.60973000e-04
0.194441     2.83546000e-04
0.194506     7.46348000e-05
0.194571     6.70103000e-05
0.194636     1.19164000e-04
0.194701     3.62998000e-05
0.194766     1.89981000e-04
0.194830     1.54140000e-04
0.194895     2.38999000e-05
0.194960     3.64417000e-05
0.195025     3.74716000e-05
0.195090     1.23358000e-04
0.195155     3.35184000e-05
0.195220     2.46675000e-05
0.195286     2.40901000e-05
0.195351     3.79796000e-05
0.195416     2.69447000e-04
0.195481     2.61720000e-04
0.195546     1.31638000e-04
0.195611     2.51195000e-05
0.195676     2.75696000e-05
0.195742     1.72356000e-04
0.195807     9.39836000e-05
0.195872     3.04174000e-05
0.195937     1.78122000e-05
0.196003     2.73403000e-05
0.196068     1.00843000e-04
0.196133     3.97535000e-05
0.196199     2.47312000e-05
0.196264     1.30911000e-04
0.196330     1.16187000e-04
0.196395     3.09754000e-05
0.196461     2.46602000e-04
0.196526     4.99331000e-05
0.196592     2.55325000e-04
0.196657     3.03937000e-05
0.196723     2.89444000e-04
0.196788     3.29959000e-04
0.196854     2.85297000e-04
0.196919     2.89799000e-05
0.196985     3.44704000e-04
0.197051     7.26516000e-05
0.197116     3.44556000e-04
0.197182     4.22542000e-05
0.197248     2.74649000e-04
0.197314     5.22585000e-05
0.197379     1.75957000e-04
0.197445     3.39704000e-04
0.197511     2.64940000e-04
0.197577     2.85666000e-04
0.197643     3.20098000e-04
0.197709     3.40884000e-04
0.197774     2.95887000e-04
0.197840     2.50842000e-04
0.197906     2.84056000e-04
0.197972     3.46074000e-04
0.198038     3.33751000e-04
0.198104     2.03141000e-05
0.198170     1.40377000e-04
0.198236     3.42923000e-04
0.198302     2.97848000e-04
0.198369     2.58603000e-04
0.198435     7.79097000e-05
0.198501     3.42871000e-04
0.198567     3.43093000e-04
0.198633     2.06257000e-04
0.198699     2.24652000e-04
0.198766     3.37227000e-04
0.198832     2.35488000e-04
0.198898     2.98596000e-04
0.198964     3.36748000e-04
0.199031     2.52238000e-04
0.199097     2.51498000e-04
0.199163     3.21183000e-04
0.199230     3.31299000e-04
0.199296     3.07066000e-04
0.199363     3.40185000e-04
0.199429     3.21645000e-04
0.199496     1.82461000e-05
0.199562     3.18326000e-04
0.199629     2.13669000e-05
0.199695     3.06960000e-04
0.199762     5.17009000e-05
0.199828     3.30656000e-04
0.199895     3.29714000e-04
0.199962     1.46581000e-04
0.200028     3.35598000e-04
0.200095     3.21979000e-04
0.200162     3.24925000e-04
0.200228     3.26824000e-04
0.200295     2.77911000e-04
0.200362     2.97197000e-04
0.200429     2.61167000e-04
0.200495     3.02102000e-04
0.200562     3.23214000e-04
0.200629     3.19192000e-04
0.200696     9.28714000e-05
0.200763     3.12684000e-04
0.200830     3.09872000e-04
0.200897     3.19267000e-04
0.200964     2.99577000e-04
0.201031     3.24763000e-04
0.201098     2.20420000e-04
0.201165     2.93277000e-04
0.201232     1.75932000e-04
0.201299     3.17006000e-04
0.201366     9.83362000e-05
0.201433     3.09010000e-04
0.201500     2.71768000e-05
0.201567     3.08212000e-04
0.201635     2.69814000e-04
0.201702     2.96858000e-04
0.201769     2.08805000e-04
0.201836     2.36209000e-05
0.201904     5.89560000e-05
0.201971     3.80204000e-05
0.202038     2.57690000e-04
0.202106     2.41346000e-04
0.202173     3.15843000e-05
0.202240     1.09229000e-04
0.202308     4.04089000e-05
0.202375     1.61836000e-04
0.202443     1.21767000e-04
0.202510     3.05943000e-05
0.202578     3.53107000e-05
0.202645     3.71448000e-04
0.202713     2.70883000e-05
0.202780     7.29057000e-05
0.202848     2.71126000e-05
0.202915     1.52774000e-04
0.202983     1.54273000e-04
0.203051     2.06986000e-04
0.203118     2.24709000e-04
0.203186     6.27030000e-05
0.203254     2.59094000e-04
0.203322     5.99875000e-05
0.203389     4.91355000e-05
0.203457     2.70632000e-04
0.203525     7.16974000e-05
0.203593     1.27688000e-04
0.203661     2.71260000e-05
0.203729     2.70622000e-04
0.203797     1.43385000e-04
0.203864     2.82463000e-04
0.203932     2.06103000e-05
0.204000     1.91277000e-05
0.204068     3.03480000e-04
0.204136     3.31246000e-05
0.204204     2.56875000e-04
0.204273     3.35160000e-05
0.204341     2.81001000e-04
0.204409     2.62420000e-04
0.204477     2.66667000e-04
0.204545     1.89692000e-04
0.204613     2.58190000e-05
0.204681     2.32292000e-04
0.204750     2.60380000e-04
0.204818     2.58097000e-04
0.204886     1.97197000e-05
0.204954     1.60742000e-05
0.205023     2.67857000e-04
0.205091     3.03863000e-04
0.205159     2.91608000e-04
0.205228     2.74528000e-04
0.205296     2.99004000e-04
0.205365     1.99706000e-04
0.205433     4.67017000e-05
0.205502     3.00735000e-04
0.205570     2.97873000e-04
0.205639     2.95431000e-04
0.205707     2.56316000e-05
0.205776     2.93528000e-04
0.205844     2.80893000e-04
0.205913     2.84167000e-04
0.205982     2.36592000e-04
0.206050     1.55030000e-04
0.206119     2.46171000e-04
0.206188     2.77094000e-04
0.206256     2.68779000e-04
0.206325     2.12676000e-04
0.206394     2.78572000e-04
0.206463     2.83402000e-04
0.206532     2.41797000e-04
0.206600     2.80259000e-04
0.206669     2.66188000e-04
0.206738     2.52761000e-04
0.206807     2.73051000e-05
0.206876     2.67533000e-04
0.206945     2.63187000e-04
0.207014     1.13563000e-04
0.207083     4.53064000e-05
0.207152     2.42716000e-04
0.207221     2.48674000e-04
0.207290     2.10939000e-04
0.207359     2.36260000e-04
0.207428     2.08199000e-04
0.207497     3.74235000e-05
0.207567     1.06635000e-05
0.207636     1.89638000e-04
0.207705     1.79095000e-04
0.207774     1.00620000e-04
0.207844     6.09750000e-05
0.207913     1.45317000e-04
0.207982     1.33633000e-04
0.208051     1.13993000e-04
0.208121     9.51834000e-05
0.208190     7.33164000e-05
0.208260     5.17908000e-05
0.208329     3.18604000e-05
0.208398     1.64633000e-05
0.208468     8.83293000e-05
0.208537     1.53260000e-05
0.208607     2.70702000e-05
0.208676     3.68393000e-05
0.208746     1.94906000e-05
0.208816     4.46725000e-05
0.208885     3.17275000e-05
0.208955     6.32825000e-05
0.209024     7.54450000e-05
0.209094     3.28147000e-05
0.209164     1.41917000e-05
0.209234     6.74354000e-05
0.209303     1.14948000e-05
0.209373     3.49996000e-05
0.209443     3.36479000e-05
0.209513     4.73014000e-05
0.209583     7.46372000e-05
0.209652     4.18357000e-05
0.209722     4.15517000e-05
0.209792     8.23985000e-05
0.209862     6.19295000e-05
0.209932     1.98553000e-05
0.210002     2.47422000e-05
0.210072     3.53954000e-05
0.210142     2.23906000e-05
0.210212     2.02001000e-05
0.210282     1.70248000e-05
0.210352     2.31945000e-05
0.210422     1.47915000e-05
0.210493     6.82539000e-05
0.210563     8.21585000e-05
0.210633     1.03374000e-05
0.210703     2.70927000e-05
0.210773     4.99125000e-05
0.210844     3.89526000e-05
0.210914     1.89415000e-05
0.210984     1.50786000e-05
0.211054     1.60299000e-05
0.211125     9.62226000e-05
0.211195     3.05280000e-05
0.211266     8.00534000e-05
0.211336     3.08208000e-05
0.211406     4.86901000e-05
0.211477     6.36871000e-05
0.211547     2.47847000e-05
0.211618     3.79420000e-05
0.211688     1.25674000e-04
0.211759     1.30945000e-05
0.211830     1.98331000e-04
0.211900     1.98129000e-04
0.211971     1.50230000e-05
0.212042     2.22188000e-04
0.212112     2.38695000e-04
0.212183     2.06025000e-04
0.212254     2.07789000e-05
0.212324     2.42098000e-04
0.212395     2.48792000e-04
0.212466     2.53196000e-04
0.212537     2.45793000e-04
0.212608     2.30766000e-04
0.212679     2.11181000e-05
0.212749     4.44451000e-05
0.212820     1.79492000e-04
0.212891     2.26856000e-04
0.212962     2.50490000e-04
0.213033     2.33383000e-04
0.213104     4.63751000e-05
0.213175     7.40049000e-05
0.213246     1.24157000e-04
0.213317     1.90242000e-04
0.213389     1.38689000e-04
0.213460     2.13112000e-04
0.213531     2.27912000e-04
0.213602     2.79170000e-05
0.213673     9.85968000e-05
0.213744     2.08038000e-04
0.213816     1.82498000e-04
0.213887     5.35525000e-05
0.213958     3.46337000e-05
0.214030     8.18641000e-05
0.214101     1.41248000e-05
0.214172     1.32928000e-05
0.214244     8.10882000e-05
0.214315     1.70679000e-04
0.214386     1.80217000e-04
0.214458     5.31702000e-05
0.214529     2.80150000e-05
0.214601     2.08111000e-05
0.214672     6.97751000e-05
0.214744     2.63290000e-05
0.214816     4.60290000e-05
0.214887     1.94876000e-04
0.214959     2.09672000e-04
0.215031     1.89839000e-05
0.215102     1.73831000e-04
0.215174     1.55139000e-05
0.215246     3.10117000e-05
0.215317     9.44802000e-05
0.215389     3.96066000e-05
0.215461     1.06493000e-04
0.215533     2.40950000e-05
0.215605     1.06140000e-04
0.215676     1.37330000e-04
0.215748     8.93644000e-05
0.215820     3.28980000e-05
0.215892     3.65861000e-05
0.215964     2.60807000e-05
0.216036     2.45400000e-05
0.216108     7.02222000e-05
0.216180     4.08869000e-05
0.216252     4.28012000e-05
0.216324     7.05726000e-05
0.216396     4.19719000e-05
0.216469     2.53410000e-05
0.216541     2.27960000e-05
0.216613     8.40443000e-05
0.216685     2.44159000e-05
0.216757     5.89645000e-05
0.216830     1.80359000e-05
0.216902     2.23836000e-05
0.216974     4.55144000e-05
0.217047     5.81351000e-05
0.217119     3.31134000e-05
0.217191     5.22059000e-05
0.217264     4.93854000e-05
0.217336     3.40012000e-05
0.217408     4.16754000e-05
0.217481     3.04410000e-05
0.217553     1.96035000e-04
0.217626     7.25157000e-05
0.217699     4.68018000e-05
0.217771     9.04173000e-05
0.217844     1.58098000e-05
0.217916     1.27668000e-05
0.217989     3.00246000e-05
0.218062     5.30715000e-05
0.218134     5.67917000e-05
0.218207     8.82031000e-05
0.218280     1.04623000e-04
0.218352     1.07014000e-04
0.218425     4.44616000e-05
0.218498     7.92505000e-05
0.218571     5.61603000e-05
0.218644     2.70068000e-05
0.218717     1.48787000e-04
0.218790     1.58136000e-04
0.218862     2.60394000e-05
0.218935     2.10932000e-05
0.219008     1.87596000e-05
0.219081     6.64119000e-05
0.219154     2.25733000e-05
0.219227     1.47811000e-05
0.219301     1.42423000e-05
0.219374     4.94674000e-05
0.219447     7.20708000e-05
0.219520     7.11060000e-05
0.219593     1.36387000e-05
0.219666     2.01555000e-05
0.219740     3.21290000e-05
0.219813     7.24757000e-05
0.219886     9.64518000e-05
0.219959     8.69295000e-05
0.220033     4.77584000e-05
0.220106     8.04233000e-05
0.220179     5.55964000e-05
0.220253     8.38473000e-05
0.220326     2.02500000e-05
0.220400     1.37568000e-05
0.220473     1.76812000e-04
0.220547     1.90072000e-04
0.220620     2.00525000e-04
0.220694     2.06396000e-04
0.220767     1.77385000e-04
0.220841     1.89305000e-04
0.220914     2.13903000e-04
0.220988     2.16951000e-04
0.221062     7.71610000e-05
0.221135     4.81852000e-05
0.221209     1.64294000e-04
0.221283     1.61594000e-04
0.221357     2.25265000e-04
0.221430     2.15664000e-05
0.221504     2.30010000e-04
0.221578     2.25985000e-04
0.221652     2.05516000e-04
0.221726     2.24144000e-04
0.221800     1.94986000e-04
0.221874     8.75443000e-05
0.221948     2.33670000e-04
0.222022     1.60133000e-05
0.222096     2.32814000e-04
0.222170     1.58459000e-04
0.222244     2.34150000e-04
0.222318     2.33054000e-04
0.222392     2.14107000e-04
0.222466     2.07417000e-04
0.222540     1.58116000e-04
0.222614     2.28690000e-04
0.222689     1.83002000e-04
0.222763     2.08991000e-04
0.222837     4.47433000e-05
0.222911     1.60868000e-04
0.222986     3.27969000e-05
0.223060     2.11567000e-04
0.223134     1.41349000e-05
0.223209     5.61660000e-05
0.223283     2.11979000e-04
0.223357     2.16420000e-04
0.223432     2.20563000e-04
0.223506     2.20079000e-04
0.223581     1.25299000e-05
0.223655     2.30771000e-04
0.223730     2.19529000e-04
0.223805     2.31398000e-04
0.223879     1.61555000e-05
0.223954     1.78461000e-04
0.224028     1.57683000e-05
0.224103     5.82121000e-05
0.224178     2.38337000e-05
0.224253     2.62161000e-05
0.224327     4.49766000e-05
0.224402     2.05501000e-04
0.224477     3.34800000e-05
0.224552     3.72064000e-05
0.224627     4.55724000e-05
0.224701     1.10669000e-04
0.224776     2.21260000e-04
0.224851     2.10240000e-05
0.224926     7.23562000e-05
0.225001     1.17159000e-04
0.225076     1.92587000e-04
0.225151     3.19601000e-05
0.225226     2.63001000e-04
0.225301     1.73935000e-05
0.225376     5.36217000e-05
0.225452     2.15651000e-04
0.225527     2.15153000e-04
0.225602     2.11461000e-04
0.225677     8.14137000e-05
0.225752     1.84770000e-04
0.225828     1.84434000e-04
0.225903     2.80710000e-05
0.225978     4.01269000e-05
0.226053     3.56679000e-05
0.226129     9.87387000e-05
0.226204     3.53803000e-05
0.226280     1.94414000e-04
0.226355     1.47045000e-04
0.226430     2.93043000e-05
0.226506     2.90029000e-05
0.226581     4.81013000e-05
0.226657     1.46537000e-04
0.226733     9.06152000e-05
0.226808     4.89691000e-05
0.226884     6.54883000e-05
0.226959     4.01017000e-05
0.227035     9.45534000e-05
0.227111     2.85165000e-05
0.227186     1.59357000e-05
0.227262     2.27780000e-05
0.227338     8.94625000e-05
0.227414     8.72398000e-05
0.227489     8.79262000e-05
0.227565     1.82899000e-05
0.227641     2.54585000e-05
0.227717     3.23798000e-05
0.227793     9.87621000e-05
0.227869     1.17675000e-04
0.227945     3.30308000e-05
0.228021     7.79778000e-05
0.228097     3.74838000e-05
0.228173     5.52195000e-05
0.228249     1.53303000e-05
0.228325     7.33245000e-05
0.228401     1.48778000e-04
0.228477     5.27697000e-05
0.228553     5.31042000e-05
0.228630     1.26266000e-04
0.228706     1.43759000e-04
0.228782     3.39933000e-05
0.228858     1.28464000e-04
0.228935     9.62442000e-05
0.229011     1.18508000e-04
0.229087     3.10322000e-05
0.229164     3.94477000e-05
0.229240     6.83766000e-05
0.229316     3.27735000e-05
0.229393     1.21330000e-04
0.229469     5.26647000e-05
0.229546     7.36667000e-05
0.229622     7.18829000e-05
0.229699     4.97424000e-05
0.229775     3.19025000e-05
0.229852     1.50321000e-04
0.229929     2.29276000e-05
0.230005     1.54395000e-05
0.230082     1.42941000e-05
0.230159     7.39504000e-05
0.230235     1.41197000e-05
0.230312     8.31436000e-05
0.230389     9.84202000e-05
0.230466     9.09233000e-05
0.230542     1.69026000e-05
0.230619     1.57235000e-04
0.230696     1.33116000e-04
0.230773     1.01161000e-04
0.230850     1.37570000e-04
0.230927     6.01354000e-05
0.231004     1.43842000e-05
0.231081     7.67836000e-05
0.231158     3.56743000e-05
0.231235     4.33148000e-05
0.231312     4.16589000e-05
0.231389     3.36958000e-05
0.231466     6.97801000e-05
0.231543     1.24219000e-04
0.231621     1.47929000e-04
0.231698     4.93602000e-05
0.231775     1.50355000e-04
0.231852     2.51428000e-05
0.231930     5.12046000e-05
0.232007     6.45190000e-05
0.232084     3.62317000e-05
0.232162     2.96889000e-05
0.232239     5.70040000e-05
0.232316     1.30067000e-04
0.232394     5.25549000e-05
0.232471     5.50364000e-05
0.232549     1.71720000e-04
0.232626     2.90976000e-05
0.232704     1.43281000e-04
0.232781     6.23201000e-05
0.232859     1.28018000e-04
0.232937     1.67778000e-05
0.233014     9.71833000e-05
0.233092     1.73775000e-04
0.233170     3.32420000e-05
0.233247     1.10199000e-04
0.233325     2.35177000e-04
0.233403     9.73294000e-05
0.233481     2.99795000e-05
0.233559     6.13073000e-05
0.233636     1.72724000e-04
0.233714     1.55816000e-04
0.233792     1.56699000e-04
0.233870     1.02106000e-03
0.233948     1.55422000e-04
0.234026     4.19228000e-05
0.234104     1.21433000e-04
0.234182     2.94924000e-05
0.234260     6.23313000e-05
0.234338     6.98220000e-05
0.234416     1.68596000e-03
0.234494     1.00008000e-03
0.234573     1.11389000e-04
0.234651     1.05093000e-04
0.234729     1.23163000e-04
0.234807     1.33773000e-04
0.234886     1.88017000e-03
0.234964     1.26891000e-04
0.235042     3.18233000e-05
0.235121     6.84478000e-05
0.235199     1.73015000e-04
0.235277     1.73348000e-04
0.235356     1.89110000e-05
0.235434     1.44089000e-04
0.235513     1.27214000e-04
0.235591     8.50181000e-05
0.235670     7.02610000e-05
0.235748     5.08678000e-05
0.235827     1.69151000e-04
0.235905     5.94686000e-05
0.235984     7.82543000e-04
0.236063     5.43690000e-04
0.236141     1.45672000e-04
0.236220     9.40172000e-05
0.236299     8.62342000e-05
0.236378     1.60665000e-04
0.236456     1.39055000e-04
0.236535     2.85721000e-04
0.236614     8.68629000e-05
0.236693     1.51833000e-04
0.236772     1.64232000e-04
0.236851     1.04301000e-04
0.236930     8.31858000e-04
0.237009     1.08455000e-04
0.237088     1.21785000e-04
0.237167     1.26721000e-04
0.237246     1.40650000e-04
0.237325     2.51830000e-05
0.237404     1.35571000e-04
0.237483     1.32589000e-04
0.237562     1.37212000e-04
0.237641     1.38940000e-04
0.237721     2.76494000e-05
0.237800     1.37641000e-04
0.237879     1.37394000e-04
0.237959     1.34537000e-04
0.238038     1.17865000e-04
0.238117     1.56019000e-04
0.238197     2.80602000e-04
0.238276     9.38262000e-04
0.238355     4.18040000e-04
0.238435     1.39904000e-04
0.238514     3.36546000e-04
0.238594     4.97342000e-05
0.238673     7.62833000e-05
0.238753     5.31926000e-05
0.238832     6.54904000e-05
0.238912     1.24296000e-03
0.238992     1.00850000e-04
0.239071     1.90812000e-04
0.239151     7.05243000e-05
0.239231     1.31689000e-04
0.239311     4.35675000e-05
0.239390     1.27505000e-04
0.239470     6.57808000e-05
0.239550     1.81425000e-04
0.239630     3.00740000e-03
0.239710     1.91076000e-04
0.239790     6.98909000e-05
0.239869     8.81271000e-05
0.239949     1.66760000e-04
0.240029     2.56727000e-04
0.240109     1.38751000e-04
0.240189     4.71404000e-05
0.240270     5.63913000e-05
0.240350     4.62737000e-05
0.240430     9.96084000e-05
0.240510     6.26129000e-04
0.240590     6.54847000e-04
0.240670     1.39317000e-04
0.240750     7.02194000e-04
0.240831     1.37006000e-04
0.240911     4.73195000e-05
0.240991     1.15536000e-04
0.241072     1.14948000e-04
0.241152     8.96862000e-04
0.241232     1.17186000e-04
0.241313     1.05271000e-04
0.241393     4.50651000e-04
0.241474     1.40218000e-04
0.241554     1.22184000e-04
0.241635     1.26214000e-04
0.241715     1.00323000e-04
0.241796     4.81825000e-05
0.241876     1.30851000e-04
0.241957     2.30962000e-05
0.242038     9.30293000e-05
0.242118     2.03592000e-05
0.242199     1.25923000e-04
0.242280     1.24448000e-04
0.242361     2.35184000e-05
0.242441     1.12475000e-04
0.242522     1.15771000e-04
0.242603     1.20181000e-04
0.242684     2.21876000e-05
0.242765     1.16648000e-04
0.242846     1.12387000e-04
0.242927     7.69547000e-05
0.243008     1.07361000e-04
0.243089     1.04014000e-04
0.243170     6.64140000e-05
0.243251     5.28311000e-05
0.243332     5.15860000e-05
0.243413     1.05553000e-04
0.243494     1.04148000e-04
0.243575     1.00255000e-04
0.243656     5.43702000e-05
0.243738     9.62479000e-05
0.243819     9.39965000e-05
0.243900     2.51191000e-05
0.243981     8.79076000e-05
0.244063     5.17867000e-05
0.244144     3.18336000e-05
0.244226     8.32481000e-05
0.244307     7.18058000e-05
0.244388     6.83179000e-05
0.244470     5.55456000e-05
0.244551     4.86921000e-05
0.244633     1.46932000e-04
0.244714     4.76411000e-05
0.244796     2.48737000e-05
0.244878     3.16609000e-05
0.244959     6.14835000e-05
0.245041     4.95049000e-05
0.245122     3.57260000e-05
0.245204     3.84723000e-05
0.245286     5.17123000e-05
0.245368     4.82058000e-05
0.245449     4.38812000e-05
0.245531     5.99241000e-05
0.245613     4.25992000e-05
0.245695     2.09606000e-05
0.245777     1.74258000e-05
0.245859     1.87876000e-05
0.245941     2.70649000e-05
0.246023     3.14707000e-05
0.246105     1.01513000e-04
0.246187     3.30448000e-05
0.246269     1.23937000e-04
0.246351     1.62429000e-04
0.246433     7.30583000e-05
0.246515     2.01615000e-05
0.246597     2.64074000e-05
0.246680     4.51482000e-05
0.246762     3.70471000e-05
0.246844     2.04027000e-05
0.246926     2.34239000e-05
0.247009     2.01275000e-05
0.247091     1.89033000e-05
0.247173     6.77380000e-05
0.247256     1.66816000e-05
0.247338     1.79503000e-04
0.247421     4.94467000e-05
0.247503     1.93390000e-05
0.247586     2.29230000e-05
0.247668     2.63476000e-05
0.247751     2.10430000e-05
0.247833     1.58372000e-05
0.247916     6.34455000e-05
0.247999     7.37423000e-05
0.248081     1.30386000e-04
0.248164     2.64243000e-05
0.248247     3.62999000e-05
0.248329     1.46590000e-04
0.248412     5.10102000e-04
0.248495     6.57315000e-04
0.248578     3.72149000e-05
0.248661     2.98740000e-05
0.248744     2.66778000e-04
0.248826     1.25650000e-04
0.248909     2.58028000e-04
0.248992     1.04587000e-04
0.249075     2.03694000e-04
0.249158     5.45282000e-04
0.249241     1.20221000e-04
0.249324     6.66594000e-05
0.249408     5.88803000e-05
0.249491     3.55412000e-05
0.249574     1.08210000e-04
0.249657     3.66235000e-05
0.249740     1.77970000e-05
0.249824     2.04440000e-05
0.249907     2.42677000e-05
0.249990     2.54941000e-05
0.250073     1.88720000e-05
0.250157     7.63520000e-05
0.250240     1.38124000e-04
0.250324     6.30876000e-05
0.250407     1.87504000e-04
0.250491     1.87017000e-05
0.250574     5.18724000e-05
0.250658     3.06845000e-05
0.250741     3.63635000e-04
0.250825     4.93185000e-05
0.250908     1.94133000e-05
0.250992     2.85941000e-05
0.251076     2.43149000e-05
0.251159     5.86650000e-04
0.251243     5.11061000e-05
0.251327     4.98633000e-05
0.251411     6.54370000e-05
0.251494     3.72267000e-05
0.251578     1.49808000e-04
0.251662     4.65741000e-04
0.251746     4.51158000e-05
0.251830     9.89512000e-05
0.251914     8.89283000e-05
0.251998     8.60381000e-05
0.252082     2.73441000e-05
0.252166     6.20556000e-05
0.252250     7.49208000e-05
0.252334     2.81049000e-04
0.252418     2.22231000e-04
0.252502     5.39846000e-04
0.252586     1.36713000e-04
0.252671     6.38971000e-05
0.252755     1.69344000e-04
0.252839     3.00462000e-04
0.252923     1.73619000e-04
0.253008     5.57423000e-04
0.253092     7.74630000e-05
0.253176     3.32524000e-05
0.253261     2.19095000e-05
0.253345     1.93334000e-05
0.253430     3.51097000e-05
0.253514     3.84772000e-05
0.253599     5.99412000e-05
0.253683     3.84548000e-05
0.253768     4.69670000e-05
0.253852     2.23531000e-05
0.253937     5.23458000e-05
0.254021     2.76758000e-05
0.254106     5.83822000e-05
0.254191     1.18098000e-04
0.254276     5.17926000e-05
0.254360     3.43218000e-05
0.254445     2.42257000e-04
0.254530     2.84433000e-05
0.254615     1.35815000e-04
0.254700     1.31574000e-04
0.254785     4.21863000e-05
0.254869     7.34001000e-05
0.254954     2.77015000e-04
0.255039     1.27910000e-03
0.255124     3.37513000e-05
0.255209     2.17998000e-05
0.255295     1.62647000e-05
0.255380     2.96010000e-05
0.255465     5.40166000e-05
0.255550     5.06301000e-05
0.255635     2.57722000e-05
0.255720     2.68055000e-05
0.255806     1.17544000e-04
0.255891     5.48306000e-05
0.255976     2.86900000e-05
0.256061     5.24284000e-05
0.256147     6.11106000e-05
0.256232     3.06384000e-05
0.256318     2.71069000e-04
0.256403     7.97996000e-05
0.256489     7.14160000e-05
0.256574     6.99493000e-05
0.256660     2.58219000e-05
0.256745     5.56522000e-05
0.256831     7.86829000e-05
0.256916     1.20218000e-04
0.257002     7.47032000e-05
0.257088     8.03670000e-05
0.257173     3.36935000e-05
0.257259     6.36069000e-05
0.257345     8.41321000e-05
0.257431     8.30411000e-05
0.257516     5.06680000e-05
0.257602     9.04089000e-05
0.257688     8.67350000e-05
0.257774     5.09231000e-05
0.257860     7.68997000e-05
0.257946     5.16467000e-05
0.258032     2.28431000e-05
0.258118     3.56684000e-05
0.258204     9.01948000e-05
0.258290     4.12770000e-05
0.258376     8.45832000e-05
0.258462     6.05716000e-05
0.258548     4.91120000e-05
0.258634     5.08450000e-04
0.258721     1.59252000e-04
0.258807     5.17517000e-05
0.258893     7.19984000e-05
0.258979     6.23171000e-05
0.259066     8.91600000e-05
0.259152     6.26881000e-05
0.259239     1.56447000e-04
0.259325     9.63319000e-05
0.259411     9.74066000e-05
0.259498     4.84072000e-05
0.259584     9.63041000e-05
0.259671     7.20418000e-05
0.259757     7.72830000e-05
0.259844     1.66823000e-04
0.259931     1.24688000e-03
0.260017     8.79768000e-04
0.260104     4.68888000e-04
0.260191     9.43752000e-05
0.260277     5.67572000e-05
0.260364     6.57627000e-05
0.260451     9.48746000e-05
0.260538     9.12971000e-05
0.260625     1.13776000e-04
0.260712     1.23535000e-04
0.260798     1.09091000e-03
0.260885     9.03839000e-05
0.260972     8.97504000e-05
0.261059     8.84068000e-05
0.261146     5.09730000e-05
0.261233     5.80286000e-04
0.261320     2.16569000e-04
0.261408     1.42877000e-04
0.261495     2.30206000e-04
0.261582     9.24687000e-05
0.261669     8.02008000e-05
0.261756     3.89911000e-05
0.261844     1.31168000e-03
0.261931     4.69600000e-05
0.262018     7.00197000e-05
0.262105     7.88545000e-05
0.262193     8.29119000e-05
0.262280     1.00153000e-04
0.262368     4.42620000e-05
0.262455     4.21934000e-05
0.262543     7.36749000e-05
0.262630     5.84756000e-04
0.262718     8.70654000e-05
0.262805     8.97379000e-05
0.262893     4.68690000e-04
0.262980     7.02490000e-05
0.263068     8.11162000e-05
0.263156     4.47765000e-04
0.263244     4.24033000e-04
0.263331     7.37682000e-05
0.263419     8.34897000e-05
0.263507     9.19484000e-05
0.263595     4.62285000e-05
0.263683     5.24954000e-05
0.263770     4.91418000e-05
0.263858     2.21001000e-05
0.263946     2.73677000e-05
0.264034     9.75799000e-05
0.264122     9.84327000e-05
0.264210     4.00561000e-05
0.264298     3.12671000e-05
0.264387     7.95005000e-05
0.264475     3.18306000e-05
0.264563     8.09836000e-05
0.264651     7.91963000e-05
0.264739     8.71363000e-05
0.264827     2.20446000e-05
0.264916     8.63274000e-05
0.265004     3.20006000e-05
0.265092     2.21661000e-05
0.265181     2.60538000e-05
0.265269     7.82612000e-05
0.265358     9.77018000e-05
0.265446     2.65558000e-05
0.265534     6.29279000e-05
0.265623     2.44039000e-05
0.265712     8.98918000e-05
0.265800     4.56129000e-05
0.265889     9.75379000e-05
0.265977     7.54213000e-05
0.266066     9.17176000e-05
0.266155     9.42621000e-05
0.266243     7.65395000e-05
0.266332     7.00878000e-05
0.266421     9.51823000e-05
0.266510     2.40131000e-05
0.266599     9.28382000e-05
0.266687     5.62123000e-05
0.266776     2.13190000e-04
0.266865     2.00072000e-05
0.266954     8.26632000e-05
0.267043     9.06634000e-05
0.267132     3.42546000e-05
0.267221     8.79181000e-05
0.267310     4.46412000e-05
0.267399     9.79991000e-05
0.267489     9.14874000e-05
0.267578     4.93216000e-05
0.267667     9.03841000e-05
0.267756     8.89090000e-05
0.267845     8.59897000e-05
0.267935     3.70635000e-05
0.268024     4.74648000e-05
0.268113     2.99518000e-05
0.268203     8.37922000e-05
0.268292     7.24151000e-05
0.268382     7.58166000e-05
0.268471     5.92741000e-05
0.268560     7.12800000e-05
0.268650     3.74282000e-05
0.268740     2.97954000e-05
0.268829     8.34161000e-05
0.268919     2.29263000e-05
0.269008     1.96386000e-05
0.269098     2.81465000e-05
0.269188     7.37180000e-05
0.269277     4.49186000e-05
0.269367     8.07271000e-05
0.269457     7.98479000e-05
0.269547     3.34321000e-05
0.269637     3.37035000e-05
0.269727     7.44040000e-05
0.269816     7.69801000e-05
0.269906     6.64282000e-05
0.269996     2.07185000e-05
0.270086     6.57557000e-05
0.270176     2.28742000e-05
0.270266     6.94600000e-05
0.270357     2.01477000e-05
0.270447     6.91441000e-05
0.270537     3.18347000e-05
0.270627     5.96119000e-05
0.270717     2.71637000e-05
0.270807     5.18118000e-05
0.270898     3.00977000e-05
0.270988     5.82156000e-05
0.271078     9.47255000e-05
0.271169     4.16387000e-05
0.271259     2.59284000e-05
0.271350     3.73723000e-05
0.271440     6.29557000e-05
0.271530     1.57252000e-04
0.271621     2.34234000e-05
0.271712     1.13686000e-04
0.271802     2.31853000e-05
0.271893     4.26405000e-05
0.271983     7.68092000e-04
0.272074     4.17520000e-05
0.272165     1.52823000e-04
0.272255     2.86430000e-05
0.272346     1.53270000e-05
0.272437     3.31449000e-04
0.272528     2.26965000e-05
0.272619     2.94723000e-05
0.272709     2.74487000e-05
0.272800     4.21048000e-05
0.272891     3.04332000e-05
0.272982     2.23996000e-05
0.273073     3.83904000e-05
0.273164     6.64068000e-05
0.273255     3.74394000e-05
0.273346     2.76974000e-05
0.273438     4.72419000e-04
0.273529     2.68866000e-05
0.273620     5.91772000e-05
0.273711     2.04669000e-05
0.273802     2.48824000e-04
0.273894     2.62246000e-05
0.273985     5.35758000e-05
0.274076     2.49381000e-04
0.274168     2.76022000e-05
0.274259     3.99100000e-05
0.274350     1.26552000e-04
0.274442     9.66523000e-05
0.274533     2.62102000e-04
0.274625     3.38383000e-05
0.274716     2.90595000e-04
0.274808     1.09942000e-04
0.274900     3.46072000e-05
0.274991     5.79435000e-04
0.275083     2.65018000e-04
0.275175     3.13008000e-05
0.275266     3.43642000e-05
0.275358     3.40509000e-05
0.275450     3.04922000e-04
0.275542     7.77835000e-05
0.275633     3.25502000e-04
0.275725     1.25613000e-04
0.275817     3.29011000e-05
0.275909     3.85826000e-05
0.276001     3.24387000e-05
0.276093     3.96421000e-05
0.276185     3.20467000e-05
0.276277     7.03932000e-05
0.276369     3.81935000e-05
0.276461     3.94150000e-05
0.276554     4.46001000e-05
0.276646     4.30896000e-05
0.276738     4.55482000e-05
0.276830     1.54482000e-04
0.276923     3.15628000e-05
0.277015     1.30079000e-04
0.277107     3.17496000e-05
0.277200     4.35963000e-05
0.277292     2.36216000e-04
0.277384     3.33592000e-05
0.277477     3.81874000e-05
0.277569     3.51966000e-05
0.277662     3.99102000e-05
0.277754     1.52888000e-04
0.277847     3.80975000e-05
0.277940     1.93248000e-04
0.278032     4.64746000e-05
0.278125     4.30723000e-05
0.278218     7.53895000e-05
0.278310     3.97596000e-05
0.278403     5.18190000e-05
0.278496     4.92914000e-05
0.278589     4.53335000e-05
0.278682     5.29609000e-05
0.278775     4.66761000e-05
0.278867     7.46258000e-05
0.278960     1.09911000e-04
0.279053     1.22582000e-04
0.279146     1.69290000e-04
0.279239     2.40308000e-04
0.279333     3.73124000e-04
0.279426     6.68792000e-04
0.279519     1.46072000e-03
0.279612     8.53128000e-03
0.279705     2.78011000e-03
0.279798     9.42811000e-04
0.279892     7.07081000e-04
0.279985     4.45972000e-04
0.280078     3.71005000e-04
0.280172     6.32182000e-04
0.280265     1.35199000e-03
0.280358     7.08391000e-03
0.280452     1.16077000e-03
0.280545     4.99549000e-04
0.280639     2.64488000e-04
0.280732     1.65195000e-04
0.280826     1.14289000e-04
0.280920     7.27685000e-05
0.281013     5.02708000e-05
0.281107     7.24421000e-05
0.281201     1.26603000e-04
0.281294     3.65034000e-05
0.281388     4.33007000e-05
0.281482     3.10411000e-05
0.281576     2.49821000e-05
0.281670     2.16734000e-05
0.281764     3.61133000e-05
0.281857     2.95885000e-05
0.281951     2.23940000e-05
0.282045     1.89263000e-05
0.282139     1.76319000e-05
0.282233     1.85710000e-05
0.282328     2.50104000e-05
0.282422     2.56554000e-05
0.282516     1.76363000e-05
0.282610     2.98423000e-05
0.282704     1.71347000e-05
0.282798     1.43988000e-05
0.282893     2.27501000e-05
0.282987     1.84244000e-05
0.283081     2.21616000e-05
0.283176     3.32617000e-05
0.283270     2.41581000e-05
0.283364     1.96891000e-05
0.283459     1.95916000e-05
0.283553     2.20476000e-05
0.283648     1.36855000e-04
0.283742     1.92754000e-05
0.283837     2.14602000e-05
0.283932     2.72016000e-05
0.284026     2.10012000e-05
0.284121     7.10278000e-05
0.284216     2.70438000e-05
0.284310     3.40420000e-05
0.284405     1.88831000e-04
0.284500     5.20840000e-05
0.284595     4.44096000e-05
0.284690     4.93020000e-05
0.284785     5.81210000e-05
0.284880     8.92903000e-05
0.284974     9.32231000e-05
0.285069     1.77103000e-04
0.285164     2.80174000e-04
0.285260     1.08295000e-03
0.285355     6.14608000e-04
0.285450     2.86321000e-04
0.285545     1.50156000e-04
0.285640     1.28078000e-04
0.285735     6.58216000e-05
0.285831     4.86215000e-05
0.285926     6.46758000e-05
0.286021     3.58041000e-05
0.286116     4.75602000e-05
0.286212     3.45890000e-05
0.286307     3.39770000e-05
0.286403     3.19067000e-05
0.286498     2.17346000e-05
0.286594     3.49082000e-05
0.286689     2.45658000e-05
0.286785     2.65006000e-05
0.286880     2.57673000e-05
0.286976     3.46490000e-05
0.287072     1.57022000e-05
0.287167     2.49127000e-05
0.287263     1.49165000e-05
0.287359     1.68707000e-05
0.287455     2.37460000e-05
0.287550     1.59558000e-05
0.287646     2.09242000e-05
0.287742     1.72012000e-05
0.287838     2.31946000e-05
0.287934     1.80067000e-05
0.288030     1.11029000e-04
0.288126     2.19281000e-05
0.288222     3.73373000e-05
0.288318     1.98869000e-05
0.288414     3.22605000e-05
0.288510     1.73166000e-05
0.288607     1.45224000e-05
0.288703     3.17112000e-05
0.288799     4.94639000e-05
0.288895     8.04614000e-05
0.288992     1.83123000e-05
0.289088     1.74819000e-05
0.289184     1.76210000e-05
0.289281     1.79251000e-05
0.289377     2.12206000e-05
0.289473     1.36855000e-04
0.289570     8.03642000e-05
0.289666     1.73578000e-05
0.289763     1.88269000e-05
0.289860     2.09334000e-05
0.289956     2.45840000e-05
0.290053     1.92542000e-05
0.290150     1.91221000e-05
0.290246     2.01520000e-05
0.290343     2.13546000e-05
0.290440     2.05403000e-05
0.290537     2.42459000e-05
0.290633     2.07651000e-05
0.290730     2.21398000e-05
0.290827     2.23101000e-05
0.290924     2.31595000e-05
0.291021     2.13711000e-05
0.291118     2.49136000e-05
0.291215     2.08769000e-05
0.291312     8.40167000e-05
0.291409     2.84394000e-05
0.291507     4.58901000e-05
0.291604     2.09786000e-05
0.291701     1.52578000e-04
0.291798     2.70177000e-05
0.291895     2.85088000e-05
0.291993     2.68812000e-05
0.292090     2.88343000e-05
0.292187     3.11329000e-05
0.292285     2.86897000e-05
0.292382     3.01510000e-05
0.292480     2.87080000e-05
0.292577     2.61771000e-05
0.292675     1.03785000e-04
0.292772     3.03639000e-05
0.292870     4.43131000e-05
0.292967     9.67862000e-05
0.293065     2.06347000e-05
0.293163     2.72172000e-05
0.293261     2.87741000e-05
0.293358     2.99547000e-05
0.293456     2.76593000e-05
0.293554     2.30919000e-05
0.293652     1.57280000e-05
0.293750     8.27488000e-05
0.293848     1.53107000e-05
0.293946     2.07505000e-05
0.294044     2.62904000e-05
0.294142     2.40516000e-05
0.294240     6.92808000e-05
0.294338     2.43670000e-05
0.294436     3.03029000e-05
0.294534     3.26041000e-05
0.294632     2.33885000e-05
0.294730     1.90594000e-05
0.294829     4.89494000e-05
0.294927     4.47329000e-05
0.295025     2.23435000e-05
0.295123     2.53007000e-05
0.295222     5.47034000e-05
0.295320     2.32595000e-05
0.295419     1.98152000e-05
0.295517     3.35474000e-05
0.295616     1.88035000e-05
0.295714     2.13231000e-05
0.295813     5.88112000e-05
0.295911     1.90410000e-05
0.296010     2.72297000e-05
0.296109     3.13178000e-05
0.296207     2.61400000e-05
0.296306     2.77395000e-05
0.296405     2.42559000e-05
0.296504     1.98580000e-05
0.296603     7.30729000e-05
0.296701     2.45738000e-05
0.296800     9.70078000e-05
0.296899     1.40032000e-05
0.296998     1.81001000e-05
0.297097     3.71659000e-04
0.297196     1.75060000e-05
0.297295     1.49353000e-05
0.297394     1.32292000e-04
0.297494     1.49513000e-05
0.297593     1.78733000e-05
0.297692     2.49186000e-05
0.297791     2.63931000e-05
0.297890     7.11273000e-05
0.297990     2.83309000e-05
0.298089     3.98443000e-05
0.298188     2.04112000e-05
0.298288     2.20973000e-05
0.298387     3.30501000e-05
0.298487     6.30101000e-05
0.298586     3.59465000e-05
0.298686     2.31737000e-05
0.298785     1.97851000e-05
0.298885     2.37020000e-05
0.298984     2.62786000e-05
0.299084     2.36768000e-05
0.299184     2.26377000e-05
0.299284     1.97313000e-05
0.299383     1.65953000e-05
0.299483     5.92381000e-05
0.299583     4.61069000e-05
0.299683     1.93662000e-05
0.299783     1.78036000e-05
0.299883     1.69945000e-05
0.299983     2.39067000e-05
0.300083     3.43140000e-05
0.300183     4.33710000e-04
0.300283     2.18757000e-05
0.300383     5.52245000e-05
0.300483     2.28213000e-05
0.300583     2.19473000e-05
0.300683     2.03037000e-05
0.300783     2.06229000e-05
0.300884     7.47692000e-05
0.300984     2.04074000e-05
0.301084     1.81840000e-05
0.301185     2.08860000e-05
0.301285     2.37061000e-05
0.301386     2.14574000e-05
0.301486     1.99499000e-05
0.301586     2.50279000e-05
0.301687     2.30400000e-05
0.301788     3.49807000e-05
0.301888     3.23226000e-05
0.301989     1.53884000e-04
0.302089     9.75009000e-05
0.302190     5.08674000e-04
0.302291     3.62903000e-05
0.302392     1.92600000e-05
0.302492     1.63835000e-04
0.302593     1.90716000e-05
0.302694     9.28375000e-05
0.302795     1.56490000e-05
0.302896     1.86301000e-05
0.302997     2.12505000e-05
0.303098     2.19022000e-05
0.303199     2.35669000e-05
0.303300     2.20018000e-05
0.303401     2.54764000e-05
0.303502     2.46305000e-05
0.303603     1.96259000e-05
0.303705     1.62943000e-05
0.303806     1.13323000e-04
0.303907     2.54538000e-05
0.304008     1.83062000e-05
0.304110     2.00135000e-05
0.304211     2.13287000e-05
0.304313     2.20152000e-05
0.304414     2.28899000e-05
0.304515     2.39373000e-05
0.304617     2.00880000e-05
0.304719     1.66908000e-05
0.304820     1.06179000e-04
0.304922     2.82440000e-05
0.305023     7.83356000e-05
0.305125     2.39720000e-05
0.305227     2.65202000e-05
0.305328     2.90387000e-05
0.305430     9.91936000e-05
0.305532     2.90957000e-05
0.305634     2.27778000e-05
0.305736     1.77009000e-05
0.305838     2.22673000e-04
0.305940     9.42731000e-05
0.306042     7.26220000e-05
0.306144     4.88811000e-05
0.306246     2.12264000e-05
0.306348     2.83414000e-05
0.306450     2.83135000e-05
0.306552     3.05333000e-05
0.306654     3.02300000e-05
0.306756     4.72395000e-05
0.306859     2.77299000e-05
0.306961     2.24958000e-05
0.307063     3.88295000e-05
0.307166     4.10492000e-05
0.307268     4.65434000e-05
0.307370     4.75096000e-05
0.307473     4.16735000e-05
0.307575     2.73097000e-05
0.307678     4.95070000e-05
0.307780     3.45525000e-05
0.307883     3.20558000e-05
0.307986     5.10767000e-05
0.308088     9.50313000e-05
0.308191     3.36529000e-05
0.308294     4.81790000e-05
0.308397     2.58472000e-05
0.308499     1.93820000e-05
0.308602     3.97891000e-05
0.308705     2.32258000e-05
0.308808     5.36775000e-05
0.308911     4.43269000e-05
0.309014     5.25920000e-05
0.309117     4.83201000e-05
0.309220     2.23765000e-05
0.309323     3.17880000e-05
0.309426     1.86195000e-04
0.309529     5.30993000e-05
0.309632     5.05973000e-05
0.309736     5.18101000e-05
0.309839     7.49658000e-05
0.309942     3.39311000e-05
0.310045     2.58806000e-05
0.310149     1.38049000e-04
0.310252     3.16125000e-05
0.310356     2.51312000e-05
0.310459     5.07867000e-05
0.310563     5.46315000e-05
0.310666     5.63655000e-05
0.310770     5.62696000e-05
0.310873     5.71710000e-05
0.310977     4.74803000e-05
0.311080     5.77766000e-05
0.311184     3.40389000e-05
0.311288     5.86228000e-05
0.311392     5.76678000e-05
0.311495     1.29223000e-04
0.311599     5.81233000e-05
0.311703     4.93916000e-05
0.311807     5.04970000e-05
0.311911     5.93512000e-05
0.312015     5.84023000e-05
0.312119     6.03717000e-05
0.312223     5.99438000e-05
0.312327     5.06265000e-05
0.312431     5.80500000e-05
0.312535     5.65410000e-05
0.312640     2.69787000e-05
0.312744     5.52444000e-05
0.312848     5.80603000e-05
0.312952     5.92365000e-05
0.313057     5.65614000e-05
0.313161     6.07560000e-05
0.313265     6.01664000e-05
0.313370     5.87211000e-05
0.313474     3.97400000e-05
0.313579     4.06358000e-05
0.313683     5.76032000e-05
0.313788     5.99927000e-05
0.313892     4.82380000e-05
0.313997     5.77877000e-05
0.314102     6.11470000e-05
0.314206     5.91257000e-05
0.314311     5.89981000e-05
0.314416     2.30096000e-04
0.314521     6.65270000e-05
0.314626     6.16601000e-05
0.314730     5.83850000e-05
0.314835     6.04059000e-05
0.314940     4.31133000e-05
0.315045     4.36745000e-05
0.315150     5.94773000e-05
0.315255     5.13763000e-05
0.315360     5.96132000e-05
0.315466     5.23768000e-05
0.315571     6.01032000e-05
0.315676     6.01646000e-05
0.315781     3.55695000e-05
0.315886     5.10364000e-05
0.315992     6.65568000e-05
0.316097     5.99172000e-05
0.316202     6.11180000e-05
0.316308     6.14285000e-05
0.316413     5.94611000e-05
0.316519     4.61828000e-05
0.316624     5.56370000e-05
0.316730     5.49703000e-05
0.316835     5.68503000e-05
0.316941     6.07314000e-05
0.317047     5.54762000e-05
0.317152     5.92443000e-05
0.317258     1.42576000e-04
0.317364     5.84894000e-05
0.317469     5.89595000e-05
0.317575     5.83844000e-05
0.317681     5.86373000e-05
0.317787     5.83929000e-05
0.317893     1.86246000e-04
0.317999     5.30391000e-05
0.318105     4.39326000e-05
0.318211     6.17869000e-05
0.318317     5.49440000e-05
0.318423     6.11306000e-05
0.318529     4.77925000e-05
0.318635     5.95784000e-05
0.318742     5.99295000e-05
0.318848     5.56146000e-05
0.318954     5.46675000e-05
0.319061     5.44525000e-05
0.319167     5.80692000e-05
0.319273     5.48241000e-05
0.319380     5.08981000e-05
0.319486     5.14959000e-05
0.319593     5.53093000e-05
0.319699     3.87450000e-04
0.319806     4.93559000e-05
0.319912     5.75210000e-05
0.320019     5.60188000e-05
0.320126     1.04678000e-04
0.320232     5.80828000e-05
0.320339     5.93137000e-05
0.320446     5.87516000e-05
0.320553     5.76398000e-05
0.320660     5.66606000e-05
0.320766     5.80652000e-05
0.320873     5.80338000e-05
0.320980     4.27750000e-05
0.321087     5.69302000e-05
0.321194     5.68992000e-05
0.321301     4.66876000e-05
0.321409     5.84146000e-05
0.321516     4.86599000e-05
0.321623     4.67925000e-05
0.321730     5.89496000e-05
0.321837     3.62878000e-05
0.321945     5.52998000e-05
0.322052     2.23438000e-04
0.322159     4.39052000e-05
0.322267     5.30335000e-05
0.322374     4.55388000e-05
0.322481     4.90581000e-05
0.322589     5.56868000e-05
0.322696     5.86328000e-05
0.322804     5.48067000e-05
0.322912     5.53362000e-05
0.323019     5.96543000e-05
0.323127     5.54501000e-05
0.323235     4.35624000e-05
0.323342     5.90471000e-05
0.323450     5.93532000e-05
0.323558     5.95373000e-05
0.323666     5.19202000e-05
0.323774     6.00741000e-05
0.323882     5.78878000e-05
0.323990     5.96685000e-05
0.324098     5.72333000e-05
0.324206     5.70769000e-05
0.324314     5.82744000e-05
0.324422     5.80613000e-05
0.324530     4.98304000e-05
0.324638     5.61271000e-05
0.324746     5.44662000e-05
0.324855     5.76316000e-05
0.324963     5.96786000e-05
0.325071     5.72787000e-05
0.325180     6.46964000e-05
0.325288     5.72957000e-05
0.325396     4.00162000e-05
0.325505     6.01018000e-05
0.325613     5.60422000e-05
0.325722     5.69053000e-05
0.325830     5.63854000e-05
0.325939     5.62915000e-05
0.326048     5.66185000e-05
0.326156     5.61270000e-05
0.326265     5.53573000e-05
0.326374     5.63746000e-05
0.326483     5.66407000e-05
0.326592     4.63480000e-05
0.326700     5.57274000e-05
0.326809     5.60611000e-05
0.326918     1.79941000e-04
0.327027     5.27633000e-05
0.327136     5.52161000e-05
0.327245     5.05270000e-05
0.327354     2.57913000e-05
0.327463     5.62820000e-05
0.327573     5.49107000e-05
0.327682     5.59203000e-05
0.327791     5.61504000e-05
0.327900     5.63433000e-05
0.328010     1.22951000e-04
0.328119     1.80192000e-04
0.328228     5.41627000e-05
0.328338     4.92816000e-05
0.328447     7.17407000e-05
0.328557     3.81365000e-05
0.328666     5.42802000e-05
0.328776     4.56076000e-05
0.328885     5.48490000e-05
0.328995     4.14514000e-05
0.329105     5.21418000e-05
0.329214     5.14234000e-05
0.329324     5.46693000e-05
0.329434     5.44884000e-05
0.329544     5.38859000e-05
0.329653     3.72597000e-05
0.329763     5.48765000e-05
0.329873     5.42421000e-05
0.329983     5.19839000e-05
0.330093     5.46895000e-05
0.330203     5.38130000e-05
0.330313     4.45315000e-05
0.330423     5.34656000e-05
0.330534     5.35383000e-05
0.330644     5.26776000e-05
0.330754     1.74574000e-04
0.330864     5.08026000e-05
0.330975     5.31657000e-05
0.331085     5.47076000e-05
0.331195     5.50121000e-05
0.331306     5.55662000e-05
0.331416     5.57267000e-05
0.331526     5.73563000e-05
0.331637     5.45928000e-05
0.331748     4.86502000e-05
0.331858     5.47853000e-05
0.331969     5.41161000e-05
0.332079     5.42497000e-05
0.332190     5.41254000e-05
0.332301     5.52747000e-05
0.332412     5.27165000e-05
0.332522     5.60210000e-05
0.332633     5.34087000e-05
0.332744     5.46764000e-05
0.332855     5.42177000e-05
0.332966     5.49624000e-05
0.333077     5.55235000e-05
0.333188     5.28624000e-05
0.333299     4.38956000e-05
0.333410     5.32350000e-05
0.333521     4.26616000e-05
0.333632     5.50769000e-05
0.333744     5.68936000e-05
0.333855     4.87631000e-05
0.333966     5.38774000e-05
0.334078     5.48908000e-05
0.334189     5.34236000e-05
0.334300     5.67648000e-05
0.334412     5.28249000e-05
0.334523     5.32029000e-05
0.334635     5.37765000e-05
0.334746     5.43150000e-05
0.334858     4.97756000e-05
0.334969     5.67307000e-05
0.335081     5.93343000e-05
0.335193     5.28334000e-05
0.335305     5.36218000e-05
0.335416     5.21890000e-05
0.335528     5.36327000e-05
0.335640     5.28394000e-05
0.335752     5.29189000e-05
0.335864     5.08037000e-05
0.335976     6.78135000e-05
0.336088     5.98669000e-05
0.336200     6.35738000e-05
0.336312     5.68810000e-05
0.336424     5.38840000e-05
0.336536     6.40080000e-05
0.336648     5.26703000e-05
0.336760     1.03496000e-04
0.336873     5.48487000e-05
0.336985     5.59167000e-05
0.337097     5.54541000e-05
0.337210     5.59030000e-05
0.337322     5.94419000e-05
0.337435     5.46430000e-05
0.337547     5.60683000e-05
0.337660     5.16949000e-05
0.337772     4.79177000e-05
0.337885     5.35732000e-05
0.337997     2.03602000e-04
0.338110     2.76938000e-04
0.338223     5.48028000e-05
0.338335     4.11372000e-05
0.338448     4.99411000e-05
0.338561     5.21627000e-05
0.338674     5.28355000e-05
0.338787     5.24087000e-05
0.338900     5.53992000e-05
0.339013     5.30736000e-05
0.339126     5.14932000e-05
0.339239     5.41730000e-05
0.339352     4.63358000e-05
0.339465     5.35928000e-05
0.339578     5.44591000e-05
0.339691     5.28548000e-05
0.339804     3.39474000e-05
0.339918     5.35575000e-05
0.340031     3.18921000e-04
0.340144     4.99472000e-05
0.340258     2.73437000e-05
0.340371     5.23090000e-05
0.340485     5.30047000e-05
0.340598     5.42482000e-05
0.340712     5.10373000e-05
0.340825     5.32049000e-05
0.340939     5.43056000e-05
0.341052     5.36590000e-05
0.341166     5.05738000e-05
0.341280     5.21552000e-05
0.341394     4.60700000e-05
0.341507     6.29491000e-05
0.341621     4.82344000e-05
0.341735     5.31155000e-05
0.341849     5.22861000e-05
0.341963     4.77596000e-05
0.342077     4.81823000e-05
0.342191     5.25020000e-05
0.342305     5.18499000e-05
0.342419     5.26865000e-05
0.342533     4.19358000e-05
0.342648     5.09644000e-05
0.342762     3.21303000e-04
0.342876     4.67275000e-05
0.342990     4.84886000e-05
0.343105     4.98092000e-05
0.343219     4.95131000e-05
0.343333     4.73988000e-05
0.343448     5.28769000e-05
0.343562     4.72581000e-05
0.343677     4.14250000e-05
0.343791     4.35302000e-05
0.343906     3.82702000e-05
0.344021     2.76440000e-05
0.344135     1.01229000e-04
0.344250     3.07477000e-05
0.344365     3.60625000e-04
0.344480     1.36021000e-04
0.344594     3.62288000e-05
0.344709     4.77983000e-05
0.344824     1.18842000e-04
0.344939     4.67935000e-05
0.345054     4.67396000e-05
0.345169     4.84770000e-05
0.345284     3.95843000e-05
0.345399     2.16768000e-04
0.345514     3.79352000e-05
0.345630     4.84381000e-05
0.345745     4.95399000e-05
0.345860     5.06194000e-05
0.345975     5.31019000e-05
0.346091     2.85958000e-04
0.346206     5.20121000e-05
0.346321     3.96500000e-05
0.346437     3.87755000e-05
0.346552     4.31819000e-05
0.346668     4.84208000e-05
0.346783     3.96329000e-05
0.346899     4.55769000e-05
0.347015     4.90783000e-05
0.347130     4.64646000e-05
0.347246     6.39784000e-05
0.347362     4.43486000e-05
0.347477     4.64788000e-05
0.347593     2.71985000e-05
0.347709     2.99815000e-05
0.347825     3.58772000e-05
0.347941     4.59464000e-05
0.348057     4.93512000e-05
0.348173     4.82242000e-05
0.348289     4.82142000e-05
0.348405     3.87829000e-05
0.348521     4.90094000e-05
0.348637     7.60983000e-05
0.348754     1.47559000e-04
0.348870     4.65248000e-05
0.348986     4.38194000e-05
0.349103     2.79557000e-05
0.349219     2.82195000e-05
0.349335     4.36063000e-05
0.349452     4.90135000e-05
0.349568     7.98798000e-05
0.349685     5.12056000e-05
0.349801     9.86310000e-05
0.349918     1.09424000e-04
0.350035     4.52275000e-05
0.350151     4.77177000e-05
0.350268     4.68322000e-05
0.350385     4.05042000e-05
0.350502     4.78562000e-05
0.350618     4.91730000e-05
0.350735     4.89770000e-05
0.350852     4.84822000e-05
0.350969     5.09324000e-05
0.351086     2.92405000e-04
0.351203     4.82186000e-05
0.351320     4.40619000e-05
0.351437     3.94794000e-05
0.351554     4.44832000e-05
0.351672     4.71512000e-05
0.351789     4.82232000e-05
0.351906     4.63257000e-05
0.352023     4.76371000e-05
0.352141     4.49687000e-05
0.352258     3.70652000e-05
0.352376     4.62176000e-05
0.352493     5.33019000e-05
0.352611     4.65130000e-05
0.352728     5.71588000e-05
0.352846     4.72108000e-05
0.352963     4.77754000e-05
0.353081     2.26290000e-04
0.353199     4.87284000e-05
0.353316     5.02629000e-05
0.353434     4.99235000e-05
0.353552     4.44764000e-05
0.353670     4.86593000e-05
0.353788     4.83194000e-05
0.353906     5.14339000e-05
0.354024     4.50595000e-05
0.354142     4.61442000e-05
0.354260     4.85968000e-05
0.354378     4.74665000e-05
0.354496     4.72259000e-05
0.354614     4.94974000e-05
0.354732     4.67780000e-05
0.354850     5.02731000e-05
0.354969     4.87510000e-05
0.355087     2.48771000e-04
0.355205     4.88723000e-05
0.355324     4.81212000e-05
0.355442     5.00046000e-05
0.355561     5.03186000e-05
0.355679     4.53171000e-05
0.355798     4.37157000e-05
0.355916     3.39441000e-05
0.356035     4.36966000e-05
0.356154     4.80841000e-05
0.356272     4.77658000e-05
0.356391     4.17947000e-05
0.356510     4.88129000e-05
0.356629     1.43396000e-04
0.356748     4.50283000e-05
0.356867     3.81821000e-05
0.356986     2.58170000e-04
0.357105     4.63506000e-04
0.357224     2.54671000e-04
0.357343     4.19896000e-05
0.357462     4.48411000e-05
0.357581     4.45534000e-05
0.357700     2.73006000e-04
0.357819     3.64229000e-05
0.357939     2.07252000e-04
0.358058     7.67551000e-05
0.358177     1.60806000e-04
0.358297     9.09880000e-05
0.358416     3.01985000e-05
0.358536     3.41449000e-05
0.358655     1.40498000e-04
0.358775     3.62603000e-04
0.358894     3.72325000e-05
0.359014     5.67411000e-04
0.359134     4.32761000e-05
0.359253     4.54866000e-05
0.359373     4.45317000e-05
0.359493     4.62664000e-05
0.359613     4.95768000e-05
0.359733     4.67852000e-05
0.359852     4.60703000e-05
0.359972     4.14341000e-05
0.360092     4.21727000e-05
0.360212     4.61046000e-05
0.360332     5.00499000e-05
0.360453     4.82825000e-05
0.360573     1.92882000e-04
0.360693     4.47781000e-05
0.360813     4.66836000e-05
0.360933     4.35598000e-05
0.361054     3.65969000e-05
0.361174     2.66686000e-04
0.361294     4.30328000e-05
0.361415     5.39758000e-05
0.361535     4.83098000e-05
0.361656     3.86287000e-05
0.361776     3.69922000e-05
0.361897     1.11186000e-04
0.362018     1.26171000e-04
0.362138     3.47499000e-05
0.362259     4.49272000e-05
0.362380     4.20545000e-05
0.362501     4.56044000e-05
0.362621     4.23933000e-05
0.362742     4.11483000e-05
0.362863     4.19942000e-05
0.362984     1.20079000e-04
0.363105     3.20412000e-05
0.363226     2.40281000e-04
0.363347     3.61461000e-05
0.363468     5.42962000e-05
0.363590     5.20884000e-05
0.363711     4.68102000e-05
0.363832     4.50833000e-05
0.363953     4.46986000e-05
0.364075     4.29051000e-05
0.364196     4.57741000e-05
0.364317     4.45931000e-05
0.364439     4.74649000e-05
0.364560     4.30761000e-05
0.364682     3.98374000e-05
0.364803     7.85361000e-05
0.364925     1.51026000e-04
0.365047     3.53314000e-05
0.365168     4.35759000e-05
0.365290     4.31679000e-05
0.365412     4.45255000e-05
0.365534     4.52930000e-05
0.365655     4.53155000e-05
0.365777     4.75274000e-05
0.365899     4.68740000e-05
0.366021     4.66595000e-05
0.366143     5.44527000e-05
0.366265     4.94808000e-05
0.366387     2.30228000e-04
0.366509     4.99034000e-05
0.366632     4.80682000e-05
0.366754     4.90147000e-05
0.366876     4.94277000e-05
0.366998     5.19062000e-05
0.367121     5.16451000e-05
0.367243     4.68227000e-05
0.367366     4.57804000e-05
0.367488     4.88807000e-05
0.367610     4.75062000e-05
0.367733     1.21427000e-04
0.367856     3.17746000e-04
0.367978     4.03293000e-05
0.368101     2.27204000e-04
0.368224     4.45748000e-05
0.368346     4.85345000e-05
0.368469     6.39287000e-05
0.368592     4.72417000e-05
0.368715     4.52128000e-05
0.368838     1.70708000e-04
0.368961     3.85961000e-05
0.369084     4.55476000e-05
0.369207     4.86054000e-05
0.369330     4.60238000e-05
0.369453     4.95488000e-05
0.369576     4.60988000e-05
0.369699     4.63112000e-05
0.369822     5.03814000e-05
0.369946     4.75237000e-05
0.370069     4.32050000e-05
0.370192     4.54747000e-05
0.370316     4.60337000e-05
0.370439     4.99229000e-05
0.370563     4.05957000e-05
0.370686     6.92687000e-05
0.370810     3.56246000e-04
0.370933     3.44028000e-05
0.371057     2.46554000e-04
0.371181     4.03024000e-05
0.371304     4.86770000e-05
0.371428     4.27100000e-05
0.371552     3.77707000e-05
0.371676     3.76160000e-05
0.371800     3.35084000e-05
0.371924     2.59102000e-05
0.372048     9.03248000e-05
0.372172     6.19219000e-05
0.372296     9.29362000e-05
0.372420     3.28146000e-05
0.372544     3.99854000e-04
0.372668     3.52526000e-05
0.372792     4.48411000e-05
0.372917     4.14760000e-05
0.373041     3.35190000e-05
0.373165     3.80726000e-05
0.373290     3.55552000e-05
0.373414     6.68759000e-05
0.373539     2.34925000e-04
0.373663     1.38038000e-04
0.373788     1.60863000e-04
0.373912     3.61366000e-05
0.374037     3.34303000e-04
0.374162     3.21960000e-05
0.374286     3.27342000e-05
0.374411     6.58402000e-05
0.374536     3.20231000e-05
0.374661     8.81762000e-04
0.374786     3.45094000e-05
0.374910     1.09643000e-04
0.375035     4.41198000e-04
0.375160     6.85172000e-05
0.375286     3.48315000e-05
0.375411     3.79471000e-05
0.375536     3.50136000e-05
0.375661     3.24108000e-05
0.375786     2.78483000e-05
0.375911     2.60074000e-04
0.376037     3.88694000e-05
0.376162     1.69618000e-04
0.376287     3.80846000e-05
0.376413     3.14053000e-05
0.376538     5.16112000e-05
0.376664     1.57703000e-04
0.376789     6.54200000e-05
0.376915     3.79528000e-05
0.377041     4.33552000e-05
0.377166     6.24458000e-05
0.377292     4.67984000e-05
0.377418     4.48222000e-05
0.377544     4.49903000e-05
0.377669     4.35056000e-05
0.377795     4.48858000e-05
0.377921     4.52321000e-05
0.378047     1.53123000e-04
0.378173     3.90442000e-05
0.378299     4.00004000e-05
0.378425     4.21101000e-05
0.378552     3.78933000e-05
0.378678     9.29424000e-05
0.378804     3.36796000e-05
0.378930     3.95467000e-05
0.379057     4.39841000e-05
0.379183     3.16632000e-04
0.379309     4.16458000e-05
0.379436     4.98363000e-05
0.379562     3.97082000e-05
0.379689     3.80464000e-05
0.379815     4.96351000e-05
0.379942     1.32366000e-04
0.380069     2.64399000e-04
0.380195     3.79322000e-05
0.380322     4.36983000e-05
0.380449     4.08133000e-05
0.380576     4.05815000e-05
0.380702     4.32578000e-05
0.380829     4.74083000e-05
0.380956     4.10190000e-05
0.381083     3.74576000e-05
0.381210     1.74135000e-04
0.381337     3.62034000e-05
0.381464     4.08596000e-05
0.381592     3.57281000e-05
0.381719     1.03090000e-04
0.381846     3.09728000e-05
0.381973     2.89744000e-05
0.382101     1.63412000e-04
0.382228     3.44873000e-04
0.382355     3.15945000e-05
0.382483     3.47211000e-05
0.382610     6.63285000e-05
0.382738     1.62530000e-04
0.382865     3.50370000e-04
0.382993     4.50135000e-05
0.383121     4.06877000e-05
0.383248     4.50062000e-05
0.383376     9.09174000e-05
0.383504     2.25235000e-04
0.383632     7.23088000e-05
0.383760     5.20421000e-05
0.383888     6.97921000e-05
0.384016     5.13526000e-05
0.384144     3.07600000e-04
0.384272     4.46965000e-05
0.384400     2.55550000e-04
0.384528     4.13366000e-05
0.384656     4.22875000e-05
0.384784     4.09290000e-05
0.384913     3.89112000e-05
0.385041     3.48310000e-05
0.385169     3.28648000e-05
0.385298     3.73970000e-05
0.385426     3.80555000e-05
0.385555     3.67591000e-05
0.385683     3.36424000e-05
0.385812     2.92500000e-05
0.385940     3.48286000e-05
0.386069     1.27371000e-04
0.386198     3.01331000e-05
0.386326     3.26269000e-05
0.386455     3.97084000e-05
0.386584     3.13940000e-05
0.386713     3.53190000e-05
0.386842     4.40630000e-05
0.386971     4.24464000e-05
0.387100     4.61106000e-05
0.387229     4.30491000e-05
0.387358     4.98013000e-04
0.387487     3.01068000e-04
0.387616     4.01639000e-05
0.387745     3.74919000e-05
0.387874     4.58505000e-05
0.388004     4.33245000e-05
0.388133     3.83399000e-05
0.388262     4.19978000e-05
0.388392     4.78081000e-05
0.388521     3.92851000e-05
0.388651     3.73062000e-05
0.388780     8.24025000e-05
0.388910     4.58038000e-05
0.389040     6.76460000e-05
0.389169     5.23881000e-05
0.389299     4.63497000e-05
0.389429     4.63916000e-05
0.389559     1.38109000e-04
0.389688     6.79129000e-05
0.389818     3.79493000e-05
0.389948     3.83900000e-05
0.390078     4.21419000e-04
0.390208     3.85153000e-05
0.390338     3.86136000e-05
0.390468     4.90051000e-05
0.390599     4.83189000e-05
0.390729     3.98334000e-05
0.390859     7.73863000e-05
0.390989     4.21557000e-05
0.391120     4.36409000e-05
0.391250     4.20916000e-05
0.391380     4.09590000e-05
0.391511     4.74735000e-05
0.391641     4.20372000e-05
0.391772     4.24214000e-05
0.391903     4.10479000e-05
0.392033     4.41834000e-05
0.392164     3.80324000e-05
0.392295     3.97372000e-05
0.392425     4.02500000e-05
0.392556     4.03450000e-05
0.392687     4.68841000e-05
0.392818     3.98826000e-05
0.392949     5.05547000e-05
0.393080     5.97968000e-05
0.393211     7.10694000e-05
0.393342     9.78034000e-05
0.393473     1.15432000e-03
0.393604     1.00563000e-04
0.393735     8.19631000e-05
0.393867     6.51303000e-05
0.393998     5.75768000e-05
0.394129     4.70936000e-05
0.394261     4.81996000e-05
0.394392     1.32592000e-04
0.394524     5.64693000e-05
0.394655     4.49664000e-05
0.394787     4.31361000e-05
0.394918     7.20432000e-05
0.395050     4.70944000e-05
0.395181     4.49412000e-05
0.395313     4.42664000e-05
0.395445     4.57781000e-05
0.395577     4.19551000e-05
0.395709     2.52865000e-04
0.395841     4.50716000e-05
0.395973     4.33602000e-05
0.396105     4.35692000e-05
0.396237     5.48068000e-05
0.396369     5.35159000e-05
0.396501     5.56715000e-05
0.396633     6.33866000e-05
0.396765     1.92634000e-04
0.396897     1.20885000e-04
0.397030     4.87286000e-04
0.397162     8.77002000e-05
0.397294     8.19495000e-05
0.397427     6.23962000e-05
0.397559     5.58757000e-05
0.397692     4.94887000e-05
0.397824     4.97306000e-05
0.397957     7.01878000e-05
0.398090     4.28902000e-05
0.398222     2.58220000e-04
0.398355     4.60874000e-05
0.398488     4.58694000e-05
0.398621     4.27029000e-05
0.398754     4.75396000e-05
0.398886     4.06721000e-05
0.399019     4.46990000e-05
0.399152     5.60943000e-05
0.399286     4.24004000e-05
0.399419     4.07633000e-05
0.399552     4.47452000e-05
0.399685     4.52130000e-05
0.399818     4.37170000e-05
0.399951     4.72175000e-05
0.400085     3.93777000e-05
0.400218     4.25236000e-05
0.400352     4.22272000e-05
0.400485     4.00840000e-05
0.400618     1.78248000e-04
0.400752     4.19765000e-05
0.400886     3.97815000e-05
0.401019     4.13610000e-05
0.401153     4.14791000e-05
0.401287     7.01250000e-05
0.401420     4.11751000e-05
0.401554     4.18644000e-05
0.401688     4.20283000e-05
0.401822     3.99230000e-05
0.401956     4.25162000e-05
0.402090     4.10115000e-05
0.402224     4.08230000e-05
0.402358     4.49089000e-05
0.402492     4.26158000e-05
0.402626     4.58761000e-05
0.402760     4.20120000e-05
0.402895     4.07895000e-05
0.403029     4.08096000e-05
0.403163     3.66040000e-04
0.403298     4.49470000e-05
0.403432     2.38653000e-04
0.403567     4.23528000e-05
0.403701     4.55498000e-05
0.403836     4.06586000e-05
0.403970     4.14683000e-05
0.404105     3.91391000e-05
0.404240     7.54914000e-05
0.404374     3.95176000e-05
0.404509     4.97650000e-05
0.404644     5.73354000e-05
0.404779     3.76375000e-05
0.404914     3.73656000e-05
0.405049     1.29305000e-04
0.405184     4.05910000e-05
0.405319     4.27796000e-05
0.405454     4.19389000e-05
0.405589     4.44937000e-05
0.405724     4.09018000e-05
0.405860     4.50752000e-05
0.405995     4.43360000e-05
0.406130     3.99089000e-05
0.406266     3.97456000e-05
0.406401     4.40151000e-05
0.406537     4.31051000e-05
0.406672     4.13374000e-05
0.406808     4.60527000e-05
0.406943     4.08058000e-05
0.407079     4.34470000e-05
0.407215     4.45929000e-05
0.407350     4.17425000e-05
0.407486     4.03474000e-05
0.407622     3.98981000e-05
0.407758     4.92385000e-05
0.407894     4.93199000e-05
0.408030     4.69090000e-05
0.408166     4.26721000e-05
0.408302     4.26443000e-05
0.408438     4.48679000e-05
0.408574     4.50765000e-05
0.408710     4.33030000e-05
0.408846     4.22847000e-05
0.408983     4.31748000e-05
0.409119     4.35950000e-05
0.409255     4.26020000e-05
0.409392     4.45337000e-05
0.409528     4.31071000e-05
0.409665     5.13183000e-05
0.409801     4.78652000e-05
0.409938     4.95835000e-05
0.410075     5.25221000e-05
0.410211     6.78409000e-05
0.410348     7.54022000e-05
0.410485     5.42999000e-05
0.410622     6.38714000e-05
0.410758     1.82335000e-04
0.410895     4.70727000e-05
0.411032     4.74126000e-05
0.411169     4.48910000e-05
0.411306     4.48956000e-05
0.411444     4.45869000e-05
0.411581     4.48426000e-05
0.411718     4.22789000e-05
0.411855     4.21545000e-05
0.411992     4.86199000e-05
0.412130     4.36561000e-05
0.412267     4.25328000e-05
0.412405     4.46058000e-05
0.412542     4.29830000e-05
0.412679     9.58057000e-05
0.412817     4.38523000e-05
0.412955     4.74367000e-05
0.413092     4.39308000e-05
0.413230     4.19659000e-05
0.413368     6.08908000e-05
0.413506     4.70423000e-05
0.413643     5.89051000e-05
0.413781     4.50497000e-05
0.413919     4.31046000e-05
0.414057     4.15865000e-05
0.414195     4.21222000e-05
0.414333     6.22394000e-05
0.414471     4.90699000e-05
0.414610     4.10171000e-05
0.414748     4.23308000e-05
0.414886     3.29000000e-04
0.415024     4.53176000e-05
0.415163     5.27678000e-05
0.415301     4.39787000e-05
0.415439     4.41627000e-05
0.415578     4.90473000e-05
0.415716     4.38317000e-05
0.415855     4.68788000e-05
0.415994     8.13387000e-05
0.416132     4.22262000e-05
0.416271     4.81587000e-05
0.416410     5.82203000e-05
0.416549     4.32965000e-05
0.416687     4.33959000e-05
0.416826     4.65836000e-05
0.416965     4.36673000e-05
0.417104     4.34645000e-05
0.417243     4.75805000e-05
0.417382     1.82858000e-04
0.417521     4.83801000e-05
0.417661     4.68685000e-05
0.417800     4.76644000e-05
0.417939     6.27953000e-05
0.418078     5.20643000e-05
0.418218     4.55560000e-05
0.418357     2.31085000e-04
0.418497     4.38512000e-05
0.418636     4.45106000e-05
0.418776     4.76129000e-05
0.418915     4.58360000e-05
0.419055     4.68133000e-05
0.419195     4.50025000e-05
0.419334     4.53750000e-05
0.419474     4.29086000e-05
0.419614     4.86648000e-05
0.419754     4.65276000e-05
0.419894     4.63256000e-05
0.420034     4.49331000e-05
0.420174     4.69585000e-05
0.420314     1.53706000e-04
0.420454     4.72854000e-05
0.420594     4.86191000e-05
0.420734     4.68709000e-05
0.420874     4.39484000e-05
0.421015     4.41851000e-05
0.421155     3.50282000e-04
0.421295     4.38463000e-05
0.421436     4.60688000e-05
0.421576     4.25437000e-05
0.421717     1.45314000e-04
0.421858     4.74944000e-05
0.421998     4.64487000e-05
0.422139     4.47224000e-05
0.422279     4.48256000e-05
0.422420     4.47639000e-05
0.422561     4.80207000e-05
0.422702     5.53947000e-05
0.422843     6.63609000e-05
0.422984     4.37736000e-05
0.423125     4.56016000e-05
0.423266     4.43412000e-05
0.423407     4.84719000e-05
0.423548     4.54922000e-05
0.423689     5.39838000e-05
0.423830     4.53251000e-05
0.423972     4.94711000e-05
0.424113     1.86043000e-04
0.424254     4.47874000e-05
0.424396     5.28428000e-05
0.424537     4.62444000e-05
0.424679     5.03544000e-05
0.424820     5.13677000e-05
0.424962     4.99246000e-05
0.425104     4.85624000e-05
0.425245     4.75743000e-05
0.425387     4.59624000e-05
0.425529     4.90737000e-05
0.425671     1.72331000e-04
0.425813     4.38412000e-05
0.425955     1.57350000e-04
0.426097     5.21236000e-05
0.426239     5.16343000e-05
0.426381     4.83639000e-05
0.426523     4.93180000e-05
0.426665     4.70157000e-05
0.426807     4.58755000e-05
0.426949     4.95515000e-05
0.427092     4.98507000e-05
0.427234     5.91079000e-04
0.427377     4.68862000e-05
0.427519     5.18822000e-05
0.427661     5.31564000e-05
0.427804     4.74233000e-05
0.427947     4.93639000e-05
0.428089     5.02177000e-05
0.428232     4.99637000e-05
0.428375     5.48194000e-05
0.428518     4.72136000e-05
0.428660     5.50180000e-05
0.428803     5.23911000e-05
0.428946     5.10307000e-05
0.429089     6.66611000e-05
0.429232     5.30969000e-05
0.429375     5.13605000e-05
0.429518     4.63519000e-05
0.429662     5.66697000e-05
0.429805     5.48230000e-05
0.429948     5.57806000e-05
0.430091     6.61360000e-05
0.430235     5.91436000e-05
0.430378     6.79463000e-05
0.430522     5.63142000e-05
0.430665     4.53496000e-04
0.430809     5.38430000e-05
0.430952     8.78860000e-05
0.431096     6.37791000e-05
0.431240     5.62515000e-05
0.431383     5.62944000e-05
0.431527     5.25176000e-05
0.431671     5.20238000e-05
0.431815     4.87231000e-05
0.431959     4.87542000e-05
0.432103     4.71773000e-05
0.432247     5.37179000e-05
0.432391     4.97266000e-05
0.432535     5.49281000e-05
0.432679     1.62033000e-04
0.432823     5.21079000e-05
0.432968     5.04105000e-05
0.433112     5.13640000e-05
0.433256     5.67103000e-05
0.433401     5.26253000e-05
0.433545     5.37705000e-05
0.433690     5.35985000e-05
0.433834     6.20604000e-05
0.433979     7.03719000e-05
0.434124     1.03420000e-04
0.434268     6.40086000e-05
0.434413     6.21609000e-05
0.434558     6.40728000e-05
0.434703     5.44967000e-05
0.434848     3.40928000e-04
0.434993     5.34993000e-05
0.435138     5.66119000e-05
0.435283     6.47517000e-05
0.435428     5.37883000e-05
0.435573     6.86916000e-05
0.435718     5.07447000e-05
0.435863     4.88042000e-05
0.436009     5.46087000e-05
0.436154     5.27776000e-05
0.436299     4.86337000e-05
0.436445     5.08170000e-05
0.436590     4.89575000e-05
0.436736     4.96268000e-05
0.436881     3.67503000e-04
0.437027     5.01166000e-05
0.437173     5.22545000e-05
0.437318     5.03967000e-05
0.437464     5.11136000e-05
0.437610     5.85145000e-05
0.437756     5.33465000e-05
0.437902     1.30660000e-04
0.438048     5.04581000e-05
0.438194     5.09272000e-05
0.438340     5.08961000e-05
0.438486     3.92800000e-04
0.438632     5.83026000e-05
0.438778     5.12798000e-05
0.438925     5.49215000e-05
0.439071     5.33624000e-05
0.439217     3.09841000e-04
0.439364     5.21180000e-05
0.439510     5.31162000e-05
0.439657     6.00651000e-05
0.439803     5.06842000e-05
0.439950     5.46556000e-05
0.440096     5.71813000e-05
0.440243     5.60112000e-05
0.440390     5.02707000e-05
0.440537     5.65968000e-05
0.440684     5.08550000e-05
0.440830     5.29828000e-05
0.440977     6.60385000e-05
0.441124     5.26198000e-05
0.441271     5.21870000e-05
0.441418     5.13121000e-05
0.441566     5.64257000e-05
0.441713     5.98701000e-05
0.441860     5.63065000e-05
0.442007     5.22347000e-05
0.442155     5.35916000e-05
0.442302     5.60717000e-05
0.442449     3.39564000e-05
0.442597     5.30611000e-05
0.442745     5.18247000e-05
0.442892     5.45988000e-05
0.443040     5.06425000e-05
0.443187     4.42760000e-04
0.443335     5.37692000e-05
0.443483     5.45814000e-05
0.443631     6.00886000e-05
0.443779     5.22520000e-05
0.443927     5.22368000e-05
0.444075     5.03685000e-05
0.444223     6.74586000e-05
0.444371     5.97637000e-05
0.444519     6.23391000e-05
0.444667     5.06796000e-05
0.444815     1.28229000e-04
0.444963     5.27451000e-05
0.445112     5.87185000e-05
0.445260     5.34048000e-05
0.445409     5.40055000e-05
0.445557     6.41046000e-05
0.445705     6.00304000e-05
0.445854     5.64209000e-05
0.446003     6.17467000e-05
0.446151     5.40959000e-05
0.446300     6.69504000e-05
0.446449     5.19839000e-05
0.446598     5.80368000e-05
0.446747     5.72326000e-05
0.446895     5.25276000e-05
0.447044     6.29935000e-05
0.447193     5.82755000e-05
0.447342     5.45903000e-05
0.447492     5.32782000e-05
0.447641     5.18654000e-05
0.447790     5.62701000e-05
0.447939     5.17907000e-05
0.448089     7.38082000e-05
0.448238     6.07210000e-05
0.448387     6.04896000e-05
0.448537     5.61393000e-05
0.448686     5.76657000e-05
0.448836     5.48438000e-05
0.448985     5.84605000e-05
0.449135     3.06654000e-04
0.449285     5.51882000e-05
0.449435     5.45609000e-05
0.449584     4.53651000e-04
0.449734     5.77047000e-05
0.449884     5.83553000e-05
0.450034     5.62628000e-05
0.450184     5.80035000e-05
0.450334     5.47220000e-05
0.450484     5.30282000e-05
0.450634     5.27633000e-05
0.450785     5.44258000e-05
0.450935     5.54230000e-05
0.451085     5.27608000e-05
0.451236     5.36727000e-05
0.451386     5.52853000e-05
0.451537     5.39953000e-05
0.451687     5.85021000e-05
0.451838     5.57770000e-05
0.451988     5.71667000e-05
0.452139     5.82256000e-05
0.452290     5.45080000e-05
0.452440     6.12040000e-05
0.452591     6.03415000e-05
0.452742     5.76513000e-05
0.452893     5.87596000e-05
0.453044     6.57781000e-05
0.453195     5.99290000e-05
0.453346     5.50914000e-05
0.453497     6.40904000e-05
0.453648     6.36756000e-05
0.453799     5.68258000e-05
0.453951     5.66452000e-05
0.454102     5.61697000e-05
0.454253     6.09345000e-05
0.454405     5.54050000e-05
0.454556     5.96409000e-05
0.454708     5.89502000e-05
0.454859     6.08752000e-05
0.455011     6.29394000e-05
0.455163     5.92433000e-05
0.455314     5.78377000e-05
0.455466     5.80111000e-05
0.455618     6.08742000e-05
0.455770     6.23486000e-05
0.455922     5.83141000e-05
0.456074     5.64743000e-05
0.456226     5.66208000e-05
0.456378     5.52958000e-05
0.456530     6.02821000e-05
0.456682     5.98313000e-05
0.456834     5.66571000e-05
0.456987     6.46689000e-05
0.457139     5.74426000e-05
0.457291     6.72238000e-05
0.457444     5.71118000e-05
0.457596     6.03362000e-05
0.457749     5.88498000e-05
0.457901     5.81477000e-05
0.458054     6.19889000e-05
0.458207     6.81258000e-05
0.458359     6.09760000e-05
0.458512     5.36525000e-04
0.458665     6.56542000e-05
0.458818     5.80869000e-05
0.458971     6.31130000e-05
0.459124     6.16373000e-05
0.459277     6.39275000e-05
0.459430     6.24806000e-05
0.459583     6.04792000e-05
0.459736     2.21359000e-04
0.459890     6.29145000e-05
0.460043     5.79672000e-05
0.460196     6.83980000e-05
0.460350     6.71159000e-05
0.460503     5.94378000e-05
0.460657     6.22594000e-05
0.460810     5.94882000e-05
0.460964     6.10294000e-05
0.461117     5.92567000e-05
0.461271     6.41381000e-05
0.461425     6.50294000e-05
0.461579     6.00613000e-05
0.461733     6.52986000e-05
0.461886     6.21066000e-05
0.462040     6.60432000e-05
0.462194     6.14498000e-05
0.462349     6.17817000e-05
0.462503     5.97482000e-05
0.462657     6.15410000e-05
0.462811     6.54517000e-05
0.462965     5.89592000e-05
0.463120     6.45659000e-05
0.463274     6.03215000e-05
0.463428     6.20440000e-05
0.463583     6.42385000e-05
0.463737     6.39858000e-05
0.463892     6.74351000e-05
0.464047     6.15757000e-05
0.464201     6.28260000e-05
0.464356     6.02738000e-05
0.464511     6.13279000e-05
0.464666     6.25765000e-05
0.464821     6.55974000e-05
0.464975     6.57667000e-05
0.465130     6.11981000e-05
0.465286     6.51467000e-05
0.465441     6.09915000e-05
0.465596     1.62186000e-04
0.465751     6.53719000e-05
0.465906     6.34639000e-05
0.466062     6.82585000e-05
0.466217     6.26192000e-05
0.466372     6.26379000e-05
0.466528     6.47434000e-05
0.466683     6.38957000e-05
0.466839     7.29644000e-05
0.466994     7.09421000e-05
0.467150     6.83754000e-05
0.467306     6.09203000e-05
0.467462     6.65899000e-05
0.467617     6.60627000e-05
0.467773     6.27589000e-05
0.467929     6.37225000e-05
0.468085     7.03836000e-05
0.468241     6.45412000e-05
0.468397     6.61784000e-05
0.468553     6.24063000e-05
0.468710     7.06405000e-05
0.468866     6.32558000e-05
0.469022     6.36152000e-05
0.469178     6.84012000e-05
0.469335     6.69852000e-05
0.469491     6.36392000e-05
0.469648     6.44318000e-05
0.469804     6.41496000e-05
0.469961     6.87940000e-05
0.470118     6.34484000e-05
0.470274     6.69350000e-05
0.470431     5.14642000e-04
0.470588     6.81530000e-05
0.470745     6.54693000e-05
0.470902     7.03493000e-05
0.471059     7.04751000e-05
0.471216     6.88998000e-05
0.471373     6.44796000e-05
0.471530     6.88039000e-05
0.471687     6.79188000e-05
0.471844     6.77301000e-05
0.472002     6.62750000e-05
0.472159     6.69750000e-05
0.472316     6.87254000e-05
0.472474     6.65028000e-05
0.472631     6.50082000e-05
0.472789     6.64596000e-05
0.472946     7.52746000e-05
0.473104     7.20772000e-05
0.473262     7.21700000e-05
0.473419     7.21543000e-05
0.473577     6.62781000e-05
0.473735     7.34607000e-05
0.473893     8.73369000e-05
0.474051     6.95473000e-05
0.474209     6.90527000e-05
0.474367     7.00818000e-05
0.474525     6.61543000e-05
0.474683     7.04623000e-05
0.474842     6.61396000e-05
0.475000     6.69762000e-05
0.475158     6.73815000e-05
0.475317     5.55409000e-05
0.475475     6.87911000e-05
0.475633     6.91967000e-05
0.475792     7.14951000e-05
0.475951     7.06779000e-05
0.476109     6.86323000e-05
0.476268     6.87035000e-05
0.476427     7.29685000e-05
0.476586     7.21634000e-05
0.476744     7.51203000e-05
0.476903     7.08133000e-05
0.477062     7.05205000e-05
0.477221     6.82646000e-05
0.477380     7.28533000e-05
0.477540     6.79273000e-05
0.477699     7.21996000e-05
0.477858     6.70176000e-05
0.478017     6.84071000e-05
0.478177     7.19864000e-05
0.478336     6.92848000e-05
0.478495     7.32643000e-05
0.478655     7.05122000e-05
0.478814     4.85023000e-04
0.478974     7.32056000e-05
0.479134     7.42741000e-05
0.479293     7.26056000e-05
0.479453     7.24606000e-05
0.479613     6.88008000e-05
0.479773     7.11704000e-05
0.479933     7.48571000e-05
0.480093     7.15159000e-05
0.480253     7.43513000e-05
0.480413     7.29257000e-05
0.480573     7.36358000e-05
0.480733     7.12805000e-05
0.480893     7.48158000e-05
0.481054     7.29792000e-05
0.481214     7.41249000e-05
0.481375     7.65388000e-05
0.481535     7.21455000e-05
0.481695     7.22041000e-05
0.481856     7.59288000e-05
0.482017     7.31811000e-05
0.482177     7.50677000e-05
0.482338     7.22568000e-05
0.482499     8.18310000e-05
0.482660     7.40531000e-05
0.482821     7.25932000e-05
0.482982     7.50663000e-05
0.483143     7.38541000e-05
0.483304     7.54901000e-05
0.483465     7.63424000e-05
0.483626     7.50679000e-05
0.483787     7.93799000e-05
0.483948     7.81614000e-05
0.484110     9.00133000e-05
0.484271     7.95559000e-05
0.484432     8.04550000e-05
0.484594     7.74410000e-05
0.484755     7.97227000e-05
0.484917     8.14108000e-05
0.485079     8.10599000e-05
0.485240     8.10128000e-05
0.485402     8.49870000e-05
0.485564     8.67936000e-05
0.485726     9.83490000e-05
0.485888     9.26379000e-05
0.486050     1.92809000e-04
0.486212     1.59375000e-04
0.486374     1.26717000e-04
0.486536     1.12707000e-04
0.486698     9.89506000e-05
0.486860     8.89891000e-05
0.487022     8.85129000e-05
0.487185     9.06991000e-05
0.487347     6.73779000e-04
0.487510     1.18305000e-04
0.487672     8.62227000e-05
0.487835     8.49148000e-05
0.487997     8.87874000e-05
0.488160     7.87707000e-05
0.488323     8.52113000e-05
0.488486     7.95432000e-05
0.488648     8.27131000e-05
0.488811     8.95565000e-05
0.488974     8.61052000e-05
0.489137     8.26906000e-05
0.489300     9.46185000e-05
0.489463     8.20958000e-05
0.489626     7.76729000e-05
0.489790     7.89803000e-05
0.489953     7.60385000e-05
0.490116     8.12452000e-05
0.490280     8.16630000e-05
0.490443     8.74448000e-05
0.490607     7.95599000e-05
0.490770     7.69844000e-05
0.490934     9.53212000e-05
0.491097     8.54902000e-05
0.491261     8.79349000e-05
0.491425     8.10501000e-05
0.491589     8.15350000e-05
0.491752     7.78633000e-05
0.491916     8.71901000e-05
0.492080     9.08058000e-05
0.492244     9.22585000e-05
0.492408     8.06978000e-05
0.492573     9.05538000e-05
0.492737     8.45886000e-05
0.492901     8.21662000e-05
0.493065     7.81067000e-05
0.493230     8.06743000e-05
0.493394     8.46388000e-05
0.493559     8.62328000e-05
0.493723     8.47816000e-05
0.493888     8.51034000e-05
0.494052     9.64064000e-05
0.494217     8.05705000e-05
0.494382     1.06703000e-04
0.494546     8.12450000e-05
0.494711     8.68849000e-05
0.494876     8.18605000e-05
0.495041     8.21319000e-05
0.495206     8.23843000e-05
0.495371     8.09066000e-05
0.495536     8.36147000e-05
0.495702     8.48064000e-05
0.495867     8.25695000e-04
0.496032     8.20611000e-05
0.496197     8.04729000e-05
0.496363     8.39374000e-05
0.496528     8.12522000e-05
0.496694     8.94121000e-05
0.496859     8.52099000e-05
0.497025     8.49475000e-05
0.497191     1.18609000e-04
0.497356     8.23893000e-05
0.497522     8.54308000e-05
0.497688     8.41485000e-05
0.497854     8.44327000e-05
0.498020     8.94195000e-05
0.498186     9.09611000e-05
0.498352     1.02041000e-04
0.498518     1.00939000e-04
0.498684     9.57398000e-05
0.498850     8.57714000e-05
0.499017     8.76058000e-05
0.499183     8.90600000e-05
0.499349     8.44334000e-05
0.499516     1.23776000e-04
0.499682     8.58958000e-05
0.499849     8.77149000e-05
0.500016     9.37267000e-05
0.500182     8.82876000e-05
0.500349     9.88989000e-05
0.500516     8.95069000e-05
0.500683     1.00979000e-04
0.500849     9.25433000e-05
0.501016     8.55977000e-05
0.501183     9.07406000e-05
0.501351     7.57738000e-04
0.501518     9.59266000e-05
0.501685     9.71999000e-05
0.501852     9.16083000e-05
0.502019     1.02574000e-04
0.502187     9.58323000e-05
0.502354     1.01062000e-04
0.502521     9.03531000e-05
0.502689     9.05808000e-05
0.502857     1.00037000e-04
0.503024     9.05414000e-05
0.503192     9.12727000e-05
0.503360     8.78237000e-05
0.503527     8.70098000e-05
0.503695     9.71483000e-05
0.503863     9.02531000e-05
0.504031     9.94540000e-05
0.504199     1.06608000e-04
0.504367     1.04130000e-04
0.504535     9.04187000e-05
0.504703     8.72584000e-05
0.504872     8.89833000e-05
0.505040     1.00360000e-04
0.505208     9.38397000e-05
0.505377     1.01733000e-04
0.505545     8.83253000e-05
0.505714     8.96418000e-05
0.505882     9.16988000e-05
0.506051     8.95031000e-05
0.506220     9.18954000e-05
0.506388     8.95717000e-05
0.506557     9.66128000e-05
0.506726     9.51492000e-05
0.506895     9.53187000e-05
0.507064     9.70728000e-05
0.507233     8.98629000e-05
0.507402     9.97859000e-05
0.507571     9.63777000e-05
0.507740     9.72417000e-05
0.507910     9.04570000e-05
0.508079     1.07702000e-04
0.508248     1.02850000e-04
0.508418     1.02042000e-04
0.508587     1.00657000e-04
0.508757     9.37263000e-05
0.508926     1.00063000e-04
0.509096     9.51487000e-05
0.509266     9.42500000e-05
0.509435     9.24472000e-05
0.509605     9.47268000e-05
0.509775     9.77891000e-05
0.509945     1.03006000e-04
0.510115     1.05622000e-04
0.510285     9.61720000e-05
0.510455     9.63904000e-05
0.510625     9.69036000e-05
0.510795     9.48113000e-05
0.510966     1.07668000e-04
0.511136     1.08183000e-04
0.511306     9.71872000e-05
0.511477     9.51141000e-05
0.511647     1.00906000e-04
0.511818     9.78925000e-05
0.511988     9.49589000e-05
0.512159     9.61063000e-05
0.512330     9.89063000e-05
0.512501     1.06223000e-04
0.512671     1.07354000e-04
0.512842     1.10818000e-04
0.513013     1.03441000e-04
0.513184     9.94810000e-05
0.513355     1.02071000e-04
0.513526     1.03767000e-04
0.513698     9.80506000e-05
0.513869     1.06924000e-04
0.514040     1.11666000e-04
0.514211     9.54966000e-05
0.514383     1.20985000e-04
0.514554     9.78701000e-05
0.514726     1.05631000e-04
0.514897     1.07089000e-04
0.515069     9.83640000e-05
0.515241     1.05707000e-04
0.515412     1.08908000e-04
0.515584     1.14589000e-04
0.515756     1.02874000e-04
0.515928     9.95373000e-05
0.516100     1.03116000e-04
0.516272     1.03203000e-04
0.516444     1.06355000e-04
0.516616     1.12171000e-04
0.516789     1.13212000e-04
0.516961     1.38237000e-04
0.517133     1.06343000e-04
0.517305     9.37188000e-04
0.517478     1.46121000e-04
0.517650     9.98920000e-05
0.517823     1.07919000e-04
0.517996     1.04352000e-04
0.518168     1.04166000e-04
0.518341     1.05590000e-04
0.518514     7.15105000e-04
0.518687     1.12171000e-04
0.518859     1.06332000e-04
0.519032     1.08795000e-04
0.519205     1.06553000e-04
0.519379     8.98420000e-04
0.519552     1.04675000e-04
0.519725     1.22126000e-04
0.519898     1.20957000e-04
0.520071     1.05600000e-04
0.520245     1.05168000e-04
0.520418     1.08938000e-04
0.520592     1.12033000e-04
0.520765     1.18184000e-04
0.520939     1.57993000e-04
0.521112     1.08039000e-04
0.521286     1.09485000e-04
0.521460     1.04038000e-04
0.521634     1.09776000e-04
0.521808     1.21156000e-04
0.521981     1.09913000e-04
0.522155     1.08537000e-04
0.522330     1.06563000e-04
0.522504     1.07740000e-04
0.522678     1.09171000e-04
0.522852     1.45742000e-04
0.523026     1.08134000e-04
0.523201     1.13420000e-04
0.523375     1.17740000e-04
0.523550     1.12471000e-04
0.523724     1.17471000e-04
0.523899     1.10278000e-04
0.524073     1.10547000e-04
0.524248     1.05953000e-04
0.524423     1.13105000e-04
0.524597     1.09902000e-04
0.524772     1.18159000e-04
0.524947     1.10661000e-04
0.525122     1.12738000e-04
0.525297     1.10087000e-04
0.525472     1.11072000e-04
0.525648     1.20119000e-04
0.525823     1.10687000e-04
0.525998     1.23970000e-04
0.526173     1.16571000e-04
0.526349     1.23685000e-04
0.526524     1.28067000e-04
0.526700     1.26409000e-04
0.526875     1.50651000e-04
0.527051     1.47638000e-04
0.527227     1.31263000e-04
0.527402     1.25116000e-04
0.527578     1.20280000e-04
0.527754     1.24538000e-04
0.527930     1.12110000e-04
0.528106     1.20336000e-04
0.528282     1.21014000e-04
0.528458     1.22914000e-04
0.528634     1.19015000e-04
0.528810     1.11266000e-04
0.528987     1.14037000e-04
0.529163     1.10560000e-04
0.529339     1.17021000e-04
0.529516     1.16610000e-04
0.529692     1.16125000e-04
0.529869     1.24855000e-04
0.530046     1.25788000e-04
0.530222     1.17080000e-04
0.530399     1.22404000e-04
0.530576     1.13111000e-04
0.530753     1.15383000e-04
0.530930     1.21888000e-04
0.531106     1.13924000e-04
0.531284     1.16354000e-04
0.531461     1.18015000e-04
0.531638     1.18442000e-04
0.531815     1.28374000e-04
0.531992     1.17124000e-04
0.532170     1.17064000e-04
0.532347     1.19945000e-04
0.532524     1.25763000e-04
0.532702     1.48346000e-04
0.532879     1.33991000e-04
0.533057     1.40638000e-04
0.533235     1.18580000e-04
0.533413     1.83089000e-04
0.533590     1.24581000e-04
0.533768     1.20586000e-04
0.533946     1.38512000e-04
0.534124     1.24894000e-04
0.534302     1.25739000e-04
0.534480     1.17791000e-04
0.534658     1.24017000e-04
0.534837     1.27624000e-04
0.535015     1.25458000e-04
0.535193     1.20944000e-04
0.535372     1.17549000e-04
0.535550     1.23118000e-04
0.535729     1.18784000e-04
0.535907     1.18089000e-04
0.536086     1.18294000e-04
0.536265     1.20766000e-04
0.536443     1.23121000e-04
0.536622     1.33477000e-04
0.536801     1.19801000e-04
0.536980     1.25463000e-04
0.537159     1.31898000e-04
0.537338     1.41285000e-04
0.537517     1.23000000e-04
0.537696     1.18919000e-04
0.537875     1.24236000e-04
0.538055     1.25064000e-04
0.538234     1.26109000e-04
0.538414     1.35829000e-04
0.538593     1.22014000e-04
0.538773     1.21461000e-04
0.538952     1.24094000e-04
0.539132     1.98386000e-04
0.539311     1.28527000e-04
0.539491     1.28597000e-04
0.539671     1.49337000e-04
0.539851     1.46032000e-04
0.540031     1.28267000e-04
0.540211     1.33172000e-04
0.540391     1.24234000e-04
0.540571     1.59393000e-04
0.540751     1.44707000e-04
0.540932     1.28387000e-04
0.541112     1.40357000e-04
0.541292     1.33598000e-04
0.541473     1.34201000e-04
0.541653     1.35569000e-04
0.541834     1.26527000e-04
0.542014     1.30517000e-04
0.542195     1.31175000e-04
0.542376     1.27984000e-04
0.542557     9.02892000e-04
0.542737     1.28366000e-04
0.542918     1.25229000e-04
0.543099     2.80604000e-04
0.543280     1.25963000e-04
0.543461     3.15866000e-04
0.543643     1.39762000e-04
0.543824     1.32940000e-04
0.544005     1.26027000e-04
0.544186     1.26853000e-04
0.544368     1.29066000e-04
0.544549     1.28224000e-04
0.544731     1.40687000e-04
0.544912     1.42626000e-04
0.545094     1.28295000e-04
0.545276     1.27905000e-04
0.545457     1.32594000e-04
0.545639     1.47943000e-04
0.545821     1.29419000e-04
0.546003     1.30652000e-04
0.546185     1.30820000e-04
0.546367     1.38693000e-04
0.546549     1.38762000e-04
0.546731     1.30607000e-04
0.546914     1.32788000e-04
0.547096     1.31335000e-04
0.547278     1.31665000e-04
0.547461     1.40243000e-04
0.547643     1.32555000e-04
0.547826     1.55137000e-04
0.548008     1.34962000e-04
0.548191     1.34893000e-04
0.548374     1.35722000e-04
0.548557     1.31367000e-04
0.548739     1.31361000e-04
0.548922     1.54306000e-04
0.549105     1.42584000e-04
0.549288     1.34113000e-04
0.549471     1.43713000e-04
0.549655     1.42413000e-04
0.549838     1.42757000e-04
0.550021     1.33499000e-04
0.550204     1.35562000e-04
0.550388     1.47063000e-04
0.550571     1.34585000e-04
0.550755     1.48849000e-04
0.550938     1.38109000e-04
0.551122     1.45989000e-04
0.551306     1.45101000e-04
0.551490     1.41429000e-04
0.551673     1.39010000e-04
0.551857     1.39390000e-04
0.552041     1.35731000e-04
0.552225     1.40341000e-04
0.552409     1.38375000e-04
0.552593     1.38426000e-04
0.552778     1.48367000e-04
0.552962     1.56336000e-04
0.553146     1.39333000e-04
0.553331     1.36938000e-04
0.553515     1.43168000e-04
0.553700     1.58278000e-04
0.553884     1.37978000e-04
0.554069     1.38258000e-04
0.554253     1.37597000e-04
0.554438     1.38100000e-04
0.554623     1.42253000e-04
0.554808     1.50204000e-04
0.554993     1.40763000e-04
0.555178     1.41348000e-04
0.555363     1.41060000e-04
0.555548     1.48207000e-04
0.555733     1.46728000e-04
0.555918     1.44462000e-04
0.556104     1.45770000e-04
0.556289     1.47313000e-04
0.556475     1.50975000e-04
0.556660     1.47435000e-04
0.556846     1.47017000e-04
0.557031     1.49965000e-04
0.557217     1.43470000e-04
0.557403     1.58246000e-04
0.557588     1.45537000e-04
0.557774     1.53261000e-04
0.557960     1.45487000e-04
0.558146     1.43176000e-04
0.558332     1.49850000e-04
0.558518     1.50936000e-04
0.558705     1.47501000e-04
0.558891     1.65304000e-04
0.559077     1.62444000e-04
0.559263     1.47788000e-04
0.559450     1.53541000e-04
0.559636     1.57842000e-04
0.559823     1.46723000e-04
0.560009     1.63793000e-04
0.560196     1.59787000e-04
0.560383     1.62708000e-04
0.560570     1.46520000e-04
0.560757     1.47117000e-04
0.560943     1.46976000e-04
0.561130     1.48734000e-04
0.561317     1.47671000e-04
0.561505     1.47792000e-04
0.561692     1.74280000e-04
0.561879     1.52005000e-04
0.562066     1.56901000e-04
0.562254     1.51724000e-04
0.562441     1.48369000e-04
0.562629     1.62726000e-04
0.562816     1.52153000e-04
0.563004     1.50800000e-04
0.563191     1.48141000e-04
0.563379     1.50106000e-04
0.563567     1.55285000e-04
0.563755     1.52879000e-04
0.563943     1.57684000e-04
0.564131     1.50873000e-04
0.564319     1.59961000e-04
0.564507     1.57478000e-04
0.564695     1.55073000e-04
0.564883     1.50991000e-04
0.565071     1.59240000e-04
0.565260     1.55098000e-04
0.565448     1.54666000e-04
0.565637     1.68389000e-04
0.565825     1.53366000e-04
0.566014     2.06451000e-04
0.566203     1.61484000e-04
0.566391     1.63030000e-04
0.566580     1.56260000e-04
0.566769     1.60226000e-04
0.566958     1.59677000e-04
0.567147     1.62184000e-04
0.567336     1.56080000e-04
0.567525     1.53575000e-04
0.567714     1.60433000e-04
0.567903     1.56099000e-04
0.568093     1.59136000e-04
0.568282     1.56029000e-04
0.568472     1.64935000e-04
0.568661     1.63217000e-04
0.568851     1.62341000e-04
0.569040     1.63143000e-04
0.569230     1.60830000e-04
0.569420     1.59005000e-04
0.569609     1.60945000e-04
0.569799     1.57194000e-04
0.569989     1.60710000e-04
0.570179     1.60469000e-04
0.570369     1.69610000e-04
0.570559     1.60908000e-04
0.570750     1.66144000e-04
0.570940     1.70705000e-04
0.571130     1.74999000e-04
0.571321     1.78033000e-04
0.571511     1.59238000e-04
0.571701     1.65158000e-04
0.571892     1.64752000e-04
0.572083     1.59853000e-04
0.572273     1.61390000e-04
0.572464     1.59363000e-04
0.572655     1.60757000e-04
0.572846     1.62431000e-04
0.573037     1.61570000e-04
0.573228     1.61718000e-04
0.573419     1.65349000e-04
0.573610     1.61448000e-04
0.573801     1.62000000e-04
0.573992     1.61903000e-04
0.574184     1.63282000e-04
0.574375     1.63927000e-04
0.574567     1.63994000e-04
0.574758     1.63172000e-04
0.574950     1.78943000e-04
0.575141     1.63788000e-04
0.575333     1.67269000e-04
0.575525     1.83488000e-04
0.575717     1.69324000e-04
0.575909     1.64006000e-04
0.576101     1.68029000e-04
0.576293     1.68905000e-04
0.576485     1.74761000e-04
0.576677     1.64506000e-04
0.576869     1.65893000e-04
0.577061     1.66632000e-04
0.577254     1.66850000e-04
0.577446     1.70444000e-04
0.577639     1.70228000e-04
0.577831     1.66712000e-04
0.578024     1.67126000e-04
0.578217     1.82813000e-04
0.578409     1.73688000e-04
0.578602     1.77966000e-04
0.578795     1.73324000e-04
0.578988     1.71907000e-04
0.579181     1.73842000e-04
0.579374     1.72366000e-04
0.579567     1.72602000e-04
0.579760     1.69269000e-04
0.579953     1.74990000e-04
0.580147     1.70214000e-04
0.580340     1.55486000e-04
0.580534     1.74876000e-04
0.580727     1.74228000e-04
0.580921     1.75484000e-04
0.581114     1.74564000e-04
0.581308     1.72799000e-04
0.581502     1.74043000e-04
0.581696     1.74058000e-04
0.581890     1.77076000e-04
0.582084     1.72725000e-04
0.582278     1.73022000e-04
0.582472     1.75256000e-04
0.582666     1.73019000e-04
0.582860     1.74158000e-04
0.583054     1.73093000e-04
0.583249     1.78372000e-04
0.583443     1.74649000e-04
0.583638     1.77011000e-04
0.583832     1.74663000e-04
0.584027     1.77022000e-04
0.584221     1.76113000e-04
0.584416     1.74758000e-04
0.584611     1.75274000e-04
0.584806     1.78840000e-04
0.585001     1.79199000e-04
0.585196     1.76651000e-04
0.585391     1.80368000e-04
0.585586     1.83298000e-04
0.585781     1.78465000e-04
0.585976     1.91495000e-04
0.586172     1.83586000e-04
0.586367     1.84803000e-04
0.586563     1.78351000e-04
0.586758     1.82328000e-04
0.586954     1.81874000e-04
0.587149     1.75863000e-04
0.587345     1.76276000e-04
0.587541     1.76412000e-04
0.587737     1.74198000e-04
0.587933     1.74158000e-04
0.588129     1.72362000e-04
0.588325     1.66390000e-04
0.588521     1.63232000e-04
0.588717     1.45796000e-04
0.588913     1.28235000e-04
0.589109     2.71795000e-04
0.589306     1.37116000e-04
0.589502     1.32561000e-04
0.589699     1.98602000e-04
0.589895     1.29451000e-04
0.590092     1.49872000e-04
0.590289     1.62827000e-04
0.590485     1.73255000e-04
0.590682     1.77482000e-04
0.590879     1.77328000e-04
0.591076     1.79858000e-04
0.591273     1.81265000e-04
0.591470     1.81984000e-04
0.591667     1.94664000e-04
0.591865     1.89264000e-04
0.592062     1.85463000e-04
0.592259     1.85158000e-04
0.592457     1.88065000e-04
0.592654     1.86912000e-04
0.592852     1.91809000e-04
0.593049     1.94595000e-04
0.593247     1.95427000e-04
0.593445     1.87739000e-04
0.593643     1.96962000e-04
0.593840     1.87581000e-04
0.594038     1.88827000e-04
0.594236     1.90698000e-04
0.594434     1.93187000e-04
0.594633     1.89412000e-04
0.594831     1.90154000e-04
0.595029     2.00322000e-04
0.595227     1.90160000e-04
0.595426     2.01187000e-04
0.595624     1.91079000e-04
0.595823     1.94727000e-04
0.596021     1.93353000e-04
0.596220     1.93394000e-04
0.596419     1.93420000e-04
0.596618     1.92944000e-04
0.596817     1.95635000e-04
0.597015     1.93620000e-04
0.597214     1.93753000e-04
0.597414     1.94223000e-04
0.597613     2.00365000e-04
0.597812     2.04933000e-04
0.598011     1.98401000e-04
0.598211     1.96443000e-04
0.598410     1.96355000e-04
0.598609     2.08704000e-04
0.598809     2.03845000e-04
0.599009     1.96667000e-04
0.599208     2.01277000e-04
0.599408     1.97432000e-04
0.599608     1.99123000e-04
0.599808     2.00697000e-04
0.600008     2.01672000e-04
0.600208     2.00177000e-04
0.600408     2.07318000e-04
0.600608     1.98847000e-04
0.600808     2.03705000e-04
0.601008     2.11867000e-04
0.601209     2.00180000e-04
0.601409     2.07442000e-04
0.601609     2.06057000e-04
0.601810     2.08163000e-04
0.602011     2.01811000e-04
0.602211     2.09316000e-04
0.602412     2.08394000e-04
0.602613     2.16320000e-04
0.602814     2.11081000e-04
0.603015     2.04822000e-04
0.603216     2.18201000e-04
0.603417     2.03261000e-04
0.603618     2.04002000e-04
0.603819     2.03829000e-04
0.604020     2.03453000e-04
0.604222     2.04514000e-04
0.604423     2.05342000e-04
0.604624     2.05793000e-04
0.604826     2.05994000e-04
0.605028     2.04902000e-04
0.605229     2.05782000e-04
0.605431     2.10182000e-04
0.605633     2.09732000e-04
0.605835     2.15847000e-04
0.606037     2.06627000e-04
0.606239     2.07722000e-04
0.606441     2.11100000e-04
0.606643     2.19216000e-04
0.606845     2.08184000e-04
0.607047     2.08734000e-04
0.607250     2.09162000e-04
0.607452     2.08297000e-04
0.607655     2.09789000e-04
0.607857     2.09499000e-04
0.608060     2.20046000e-04
0.608263     2.13448000e-04
0.608465     2.12784000e-04
0.608668     2.18893000e-04
0.608871     2.17121000e-04
0.609074     2.11947000e-04
0.609277     2.18364000e-04
0.609480     2.16021000e-04
0.609683     2.13630000e-04
0.609886     2.15093000e-04
0.610090     2.14412000e-04
0.610293     2.20995000e-04
0.610497     2.36223000e-04
0.610700     2.14121000e-04
0.610904     2.76652000e-04
0.611107     2.14389000e-04
0.611311     2.17551000e-04
0.611515     2.20297000e-04
0.611719     2.20701000e-04
0.611922     2.15590000e-04
0.612126     2.17836000e-04
0.612330     2.35062000e-04
0.612535     2.17478000e-04
0.612739     2.25376000e-04
0.612943     2.20023000e-04
0.613147     2.27811000e-04
0.613352     2.28966000e-04
0.613556     2.18699000e-04
0.613761     2.32875000e-04
0.613965     2.42600000e-04
0.614170     2.19954000e-04
0.614375     2.39374000e-04
0.614579     2.27717000e-04
0.614784     2.22586000e-04
0.614989     2.27742000e-04
0.615194     2.26861000e-04
0.615399     2.25111000e-04
0.615604     2.35640000e-04
0.615810     2.40794000e-04
0.616015     2.38847000e-04
0.616220     2.32661000e-04
0.616426     2.47955000e-04
0.616631     2.38052000e-04
0.616837     2.30656000e-04
0.617042     2.41664000e-04
0.617248     2.32016000e-04
0.617454     2.29976000e-04
0.617660     2.31236000e-04
0.617865     2.32091000e-04
0.618071     2.27000000e-04
0.618277     2.29053000e-04
0.618483     2.26401000e-04
0.618690     2.26881000e-04
0.618896     2.31560000e-04
0.619102     2.28067000e-04
0.619309     2.50657000e-04
0.619515     2.28551000e-04
0.619721     2.33198000e-04
0.619928     2.31105000e-04
0.620135     2.36170000e-04
0.620341     2.28839000e-04
0.620548     2.30984000e-04
0.620755     2.29124000e-04
0.620962     2.31684000e-04
0.621169     2.30195000e-04
0.621376     2.30584000e-04
0.621583     2.44608000e-04
0.621790     2.40168000e-04
0.621998     2.36639000e-04
0.622205     2.41109000e-04
0.622412     2.32904000e-04
0.622620     2.36686000e-04
0.622827     2.35954000e-04
0.623035     2.35754000e-04
0.623243     1.31917000e-03
0.623450     2.42979000e-04
0.623658     2.33505000e-04
0.623866     2.46147000e-04
0.624074     2.48068000e-04
0.624282     2.39063000e-04
0.624490     2.48969000e-04
0.624698     2.56193000e-04
0.624907     2.53679000e-04
0.625115     2.37725000e-04
0.625323     2.43630000e-04
0.625532     2.62738000e-04
0.625740     2.48569000e-04
0.625949     2.51014000e-04
0.626157     2.39687000e-04
0.626366     2.42975000e-04
0.626575     2.39073000e-04
0.626784     2.49375000e-04
0.626993     2.45678000e-04
0.627202     2.46259000e-04
0.627411     2.43386000e-04
0.627620     2.44901000e-04
0.627829     2.58586000e-04
0.628038     2.47176000e-04
0.628248     2.60064000e-04
0.628457     2.50872000e-04
0.628667     2.46085000e-04
0.628876     2.48462000e-04
0.629086     2.47806000e-04
0.629295     2.49552000e-04
0.629505     2.52484000e-04
0.629715     2.48247000e-04
0.629925     2.50779000e-04
0.630135     2.47668000e-04
0.630345     2.68403000e-04
0.630555     2.45596000e-04
0.630765     2.48526000e-04
0.630976     2.46868000e-04
0.631186     2.50086000e-04
0.631396     2.48222000e-04
0.631607     2.64362000e-04
0.631817     2.57897000e-04
0.632028     2.74483000e-04
0.632239     2.50062000e-04
0.632449     2.58798000e-04
0.632660     2.49868000e-04
0.632871     2.51344000e-04
0.633082     2.49338000e-04
0.633293     2.55102000e-04
0.633504     2.49426000e-04
0.633715     2.69586000e-04
0.633927     2.61699000e-04
0.634138     2.56624000e-04
0.634349     2.51959000e-04
0.634561     2.63677000e-04
0.634772     2.53278000e-04
0.634984     2.61830000e-04
0.635195     2.54107000e-04
0.635407     2.56045000e-04
0.635619     2.62610000e-04
0.635831     2.57615000e-04
0.636043     9.21177000e-04
0.636255     2.64222000e-04
0.636467     2.70852000e-04
0.636679     2.62200000e-04
0.636891     2.57542000e-04
0.637104     2.61891000e-04
0.637316     2.64167000e-04
0.637528     2.57955000e-04
0.637741     2.58573000e-04
0.637953     2.60557000e-04
0.638166     2.65159000e-04
0.638379     2.57607000e-04
0.638592     2.63279000e-04
0.638804     2.64147000e-04
0.639017     2.60930000e-04
0.639230     2.62004000e-04
0.639444     2.72396000e-04
0.639657     2.64507000e-04
0.639870     2.61648000e-04
0.640083     2.79815000e-04
0.640297     2.68896000e-04
0.640510     2.61645000e-04
0.640723     2.62751000e-04
0.640937     2.78165000e-04
0.641151     2.62335000e-04
0.641364     2.77914000e-04
0.641578     2.70635000e-04
0.641792     2.72261000e-04
0.642006     2.66515000e-04
0.642220     2.87767000e-04
0.642434     2.68000000e-04
0.642648     2.66409000e-04
0.642862     2.67665000e-04
0.643077     2.65997000e-04
0.643291     2.79376000e-04
0.643505     2.74340000e-04
0.643720     2.68595000e-04
0.643935     2.68073000e-04
0.644149     2.89449000e-04
0.644364     2.72448000e-04
0.644579     2.69229000e-04
0.644794     2.70139000e-04
0.645008     2.69726000e-04
0.645223     2.82779000e-04
0.645439     2.72030000e-04
0.645654     2.78005000e-04
0.645869     2.85607000e-04
0.646084     2.75417000e-04
0.646300     2.78025000e-04
0.646515     2.99322000e-04
0.646731     2.72152000e-04
0.646946     2.76096000e-04
0.647162     2.78783000e-04
0.647377     2.85127000e-04
0.647593     2.77492000e-04
0.647809     2.85126000e-04
0.648025     2.76521000e-04
0.648241     2.74662000e-04
0.648457     2.83035000e-04
0.648673     2.77035000e-04
0.648890     2.76338000e-04
0.649106     2.77095000e-04
0.649322     2.85077000e-04
0.649539     2.99209000e-04
0.649755     4.43012000e-04
0.649972     2.94216000e-04
0.650188     2.89349000e-04
0.650405     2.79641000e-04
0.650622     2.89527000e-04
0.650839     2.80201000e-04
0.651056     2.83616000e-04
0.651273     2.81292000e-04
0.651490     2.83439000e-04
0.651707     2.90280000e-04
0.651924     2.87165000e-04
0.652142     2.86144000e-04
0.652359     2.85736000e-04
0.652576     2.85127000e-04
0.652794     2.92276000e-04
0.653012     2.87885000e-04
0.653229     2.87976000e-04
0.653447     2.89568000e-04
0.653665     2.93596000e-04
0.653883     2.93639000e-04
0.654101     2.98881000e-04
0.654319     2.95538000e-04
0.654537     2.96597000e-04
0.654755     3.13879000e-04
0.654973     3.03605000e-04
0.655191     3.10367000e-04
0.655410     3.12334000e-04
0.655628     3.26897000e-04
0.655847     3.35233000e-04
0.656066     3.60012000e-04
0.656284     4.19854000e-04
0.656503     5.96498000e-04
0.656722     3.87877000e-04
0.656941     3.46914000e-04
0.657160     3.30232000e-04
0.657379     3.23491000e-04
0.657598     3.25198000e-04
0.657817     3.09568000e-04
0.658036     3.07017000e-04
0.658256     3.05974000e-04
0.658475     3.04170000e-04
0.658695     3.01852000e-04
0.658914     3.07799000e-04
0.659134     2.99698000e-04
0.659354     3.02808000e-04
0.659573     5.13356000e-04
0.659793     3.01327000e-04
0.660013     3.01644000e-04
0.660233     2.98188000e-04
0.660453     2.99217000e-04
0.660673     3.07150000e-04
0.660894     3.01531000e-04
0.661114     3.08645000e-04
0.661334     2.99835000e-04
0.661555     3.00919000e-04
0.661775     2.99616000e-04
0.661996     3.00606000e-04
0.662216     3.01187000e-04
0.662437     3.00204000e-04
0.662658     3.06261000e-04
0.662879     3.03162000e-04
0.663100     3.01812000e-04
0.663321     3.14049000e-04
0.663542     3.18697000e-04
0.663763     3.07162000e-04
0.663984     3.03884000e-04
0.664206     3.10172000e-04
0.664427     3.03337000e-04
0.664649     3.13052000e-04
0.664870     3.03895000e-04
0.665092     3.04850000e-04
0.665313     3.06142000e-04
0.665535     3.07781000e-04
0.665757     3.10604000e-04
0.665979     3.06288000e-04
0.666201     3.07371000e-04
0.666423     3.22010000e-04
0.666645     3.11414000e-04
0.666867     3.11429000e-04
0.667090     3.08321000e-04
0.667312     3.10873000e-04
0.667535     3.09406000e-04
0.667757     3.10173000e-04
0.667980     1.34929000e-03
0.668202     3.13441000e-04
0.668425     3.12981000e-04
0.668648     3.11250000e-04
0.668871     3.12488000e-04
0.669094     3.11761000e-04
0.669317     3.15112000e-04
0.669540     3.12818000e-04
0.669763     3.23446000e-04
0.669986     3.17729000e-04
0.670210     3.18412000e-04
0.670433     3.16493000e-04
0.670656     3.20131000e-04
0.670880     3.55763000e-04
0.671104     3.27131000e-04
0.671327     3.19267000e-04
0.671551     3.26823000e-04
0.671775     3.21438000e-04
0.671999     3.31252000e-04
0.672223     3.20778000e-04
0.672447     3.21187000e-04
0.672671     3.22922000e-04
0.672895     3.25132000e-04
0.673120     3.23280000e-04
0.673344     3.22476000e-04
0.673568     3.22687000e-04
0.673793     3.20785000e-04
0.674018     3.23733000e-04
0.674242     3.24773000e-04
0.674467     3.25125000e-04
0.674692     3.25681000e-04
0.674917     3.24960000e-04
0.675142     3.35810000e-04
0.675367     3.27623000e-04
0.675592     3.26564000e-04
0.675817     3.29340000e-04
0.676042     3.25798000e-04
0.676268     3.26313000e-04
0.676493     3.34678000e-04
0.676719     3.32294000e-04
0.676944     3.35777000e-04
0.677170     3.29130000e-04
0.677396     3.35402000e-04
0.677621     3.29737000e-04
0.677847     3.30200000e-04
0.678073     3.32136000e-04
0.678299     3.30768000e-04
0.678525     3.34451000e-04
0.678751     3.33430000e-04
0.678978     3.39533000e-04
0.679204     3.33840000e-04
0.679430     3.34763000e-04
0.679657     3.33200000e-04
0.679883     3.36917000e-04
0.680110     3.39230000e-04
0.680337     3.39084000e-04
0.680564     3.36689000e-04
0.680790     3.39237000e-04
0.681017     3.34212000e-04
0.681244     3.43134000e-04
0.681471     3.39081000e-04
0.681699     3.39194000e-04
0.681926     3.36732000e-04
0.682153     3.44233000e-04
0.682381     3.39556000e-04
0.682608     3.37443000e-04
0.682836     3.38313000e-04
0.683063     3.52895000e-04
0.683291     3.42658000e-04
0.683519     3.40266000e-04
0.683746     3.38938000e-04
0.683974     3.48483000e-04
0.684202     3.47753000e-04
0.684430     3.55141000e-04
0.684659     3.53837000e-04
0.684887     3.43280000e-04
0.685115     3.43735000e-04
0.685343     3.45014000e-04
0.685572     3.44331000e-04
0.685800     3.63172000e-04
0.686029     3.51181000e-04
0.686258     3.52094000e-04
0.686486     3.46220000e-04
0.686715     3.45648000e-04
0.686944     3.46425000e-04
0.687173     3.48873000e-04
0.687402     3.49283000e-04
0.687631     3.48135000e-04
0.687861     3.47670000e-04
0.688090     3.46971000e-04
0.688319     3.53184000e-04
0.688549     3.54708000e-04
0.688778     3.53451000e-04
0.689008     3.55578000e-04
0.689237     3.49812000e-04
0.689467     3.49816000e-04
0.689697     3.56321000e-04
0.689927     3.52952000e-04
0.690157     3.51947000e-04
0.690387     3.52181000e-04
0.690617     3.51694000e-04
0.690847     3.59511000e-04
0.691078     3.52931000e-04
0.691308     3.58480000e-04
0.691538     3.63657000e-04
0.691769     3.63809000e-04
0.691999     3.59586000e-04
0.692230     3.62782000e-04
0.692461     3.55927000e-04
0.692692     3.68102000e-04
0.692923     3.57248000e-04
0.693154     3.59796000e-04
0.693385     3.59732000e-04
0.693616     3.61197000e-04
0.693847     3.63741000e-04
0.694078     3.60520000e-04
0.694310     3.59059000e-04
0.694541     3.62323000e-04
0.694772     3.71275000e-04
0.695004     3.65232000e-04
0.695236     3.68677000e-04
0.695467     3.65616000e-04
0.695699     3.64099000e-04
0.695931     3.68114000e-04
0.696163     3.63839000e-04
0.696395     3.65218000e-04
0.696627     3.71618000e-04
0.696860     3.67798000e-04
0.697092     3.65560000e-04
0.697324     3.68381000e-04
0.697557     3.66144000e-04
0.697789     3.75149000e-04
0.698022     3.87218000e-04
0.698254     3.75215000e-04
0.698487     3.68638000e-04
0.698720     3.68790000e-04
0.698953     3.71494000e-04
0.699186     3.69310000e-04
0.699419     3.72991000e-04
0.699652     3.75743000e-04
0.699885     3.72487000e-04
0.700119     3.83236000e-04
0.700352     3.78937000e-04
0.700585     3.82907000e-04
0.700819     3.84200000e-04
0.701053     3.76328000e-04
0.701286     3.80942000e-04
0.701520     3.77173000e-04
0.701754     3.89681000e-04
0.701988     3.86366000e-04
0.702222     3.74960000e-04
0.702456     3.92143000e-04
0.702690     3.90581000e-04
0.702924     3.79816000e-04
0.703159     3.87160000e-04
0.703393     3.79501000e-04
0.703627     3.88858000e-04
0.703862     3.79331000e-04
0.704097     3.93355000e-04
0.704331     3.80335000e-04
0.704566     3.82078000e-04
0.704801     3.80714000e-04
0.705036     3.80746000e-04
0.705271     3.81280000e-04
0.705506     3.89790000e-04
0.705741     3.89672000e-04
0.705976     3.83906000e-04
0.706212     3.93043000e-04
0.706447     3.86977000e-04
0.706683     3.84616000e-04
0.706918     3.93480000e-04
0.707154     3.92729000e-04
0.707390     3.96267000e-04
0.707625     3.86306000e-04
0.707861     3.86276000e-04
0.708097     3.86869000e-04
0.708333     3.91592000e-04
0.708569     3.98878000e-04
0.708805     4.01630000e-04
0.709042     3.88883000e-04
0.709278     4.00892000e-04
0.709515     3.90911000e-04
0.709751     3.93568000e-04
0.709988     3.94101000e-04
0.710224     3.95566000e-04
0.710461     3.92109000e-04
0.710698     3.93747000e-04
0.710935     3.99429000e-04
0.711172     3.99241000e-04
0.711409     4.45391000e-04
0.711646     4.16284000e-04
0.711883     4.01609000e-04
0.712120     4.03148000e-04
0.712358     4.14106000e-04
0.712595     3.96149000e-04
0.712833     3.98624000e-04
0.713070     4.06511000e-04
0.713308     4.13181000e-04
0.713546     4.09991000e-04
0.713784     4.00421000e-04
0.714022     4.00183000e-04
0.714260     4.00453000e-04
0.714498     4.08780000e-04
0.714736     4.05167000e-04
0.714974     4.27459000e-04
0.715212     4.03868000e-04
0.715451     4.03427000e-04
0.715689     4.08204000e-04
0.715928     4.03589000e-04
0.716167     4.05317000e-04
0.716405     4.10500000e-04
0.716644     1.42294000e-03
0.716883     4.06608000e-04
0.717122     4.05921000e-04
0.717361     4.05428000e-04
0.717600     4.06003000e-04
0.717839     4.17850000e-04
0.718079     4.09749000e-04
0.718318     9.55480000e-04
0.718557     4.11565000e-04
0.718797     4.18923000e-04
0.719036     4.42161000e-04
0.719276     4.19633000e-04
0.719516     4.65833000e-04
0.719756     4.14477000e-04
0.719996     4.17268000e-04
0.720236     4.11693000e-04
0.720476     4.23588000e-04
0.720716     4.12596000e-04
0.720956     4.47208000e-04
0.721196     4.19025000e-04
0.721437     4.20598000e-04
0.721677     4.20590000e-04
0.721918     4.17234000e-04
0.722159     4.24673000e-04
0.722399     4.26176000e-04
0.722640     4.34838000e-04
0.722881     4.28288000e-04
0.723122     4.20544000e-04
0.723363     4.17600000e-04
0.723604     4.18503000e-04
0.723845     4.28889000e-04
0.724087     4.24645000e-04
0.724328     4.24858000e-04
0.724569     4.28900000e-04
0.724811     4.25468000e-04
0.725052     4.21421000e-04
0.725294     4.39536000e-04
0.725536     4.24773000e-04
0.725778     4.25593000e-04
0.726020     4.25311000e-04
0.726262     4.35676000e-04
0.726504     4.30297000e-04
0.726746     4.28461000e-04
0.726988     4.26015000e-04
0.727231     4.26695000e-04
0.727473     4.31992000e-04
0.727715     4.38324000e-04
0.727958     4.32009000e-04
0.728201     4.28700000e-04
0.728443     4.40218000e-04
0.728686     6.10486000e-04
0.728929     4.31416000e-04
0.729172     4.74791000e-04
0.729415     4.53738000e-04
0.729658     4.33983000e-04
0.729901     4.36891000e-04
0.730145     4.44547000e-04
0.730388     4.36423000e-04
0.730632     4.35853000e-04
0.730875     4.47720000e-04
0.731119     4.50523000e-04
0.731362     4.48168000e-04
0.731606     4.34514000e-04
0.731850     4.37508000e-04
0.732094     4.37108000e-04
0.732338     4.48435000e-04
0.732582     4.37190000e-04
0.732826     4.60110000e-04
0.733071     4.45172000e-04
0.733315     4.50117000e-04
0.733560     5.36878000e-04
0.733804     4.41838000e-04
0.734049     4.42049000e-04
0.734293     4.44377000e-04
0.734538     4.41778000e-04
0.734783     4.45225000e-04
0.735028     4.43687000e-04
0.735273     4.51381000e-04
0.735518     4.46719000e-04
0.735763     4.58434000e-04
0.736008     4.46695000e-04
0.736254     4.51834000e-04
0.736499     4.60978000e-04
0.736745     4.50207000e-04
0.736990     4.48276000e-04
0.737236     4.49616000e-04
0.737482     4.52026000e-04
0.737727     4.54302000e-04
0.737973     4.48509000e-04
0.738219     4.51139000e-04
0.738465     4.82386000e-04
0.738712     4.64182000e-04
0.738958     4.80354000e-04
0.739204     4.72325000e-04
0.739451     4.63090000e-04
0.739697     4.54667000e-04
0.739944     4.55153000e-04
0.740190     4.64753000e-04
0.740437     4.64615000e-04
0.740684     4.68491000e-04
0.740931     4.55953000e-04
0.741178     4.84329000e-04
0.741425     4.73354000e-04
0.741672     4.79278000e-04
0.741919     4.72468000e-04
0.742166     4.71664000e-04
0.742414     4.78682000e-04
0.742661     4.86476000e-04
0.742909     4.59547000e-04
0.743156     4.62181000e-04
0.743404     4.70020000e-04
0.743652     4.66859000e-04
0.743900     4.62300000e-04
0.744148     4.64396000e-04
0.744396     4.79727000e-04
0.744644     4.67825000e-04
0.744892     4.88908000e-04
0.745140     4.84704000e-04
0.745389     4.67464000e-04
0.745637     4.70064000e-04
0.745886     4.65596000e-04
0.746135     4.65316000e-04
0.746383     4.84772000e-04
0.746632     4.79202000e-04
0.746881     4.67992000e-04
0.747130     4.69529000e-04
0.747379     5.74846000e-04
0.747628     4.79456000e-04
0.747877     4.81086000e-04
0.748127     4.74546000e-04
0.748376     4.82304000e-04
0.748625     4.85765000e-04
0.748875     4.73787000e-04
0.749125     4.74157000e-04
0.749374     6.69041000e-04
0.749624     5.00406000e-04
0.749874     4.75936000e-04
0.750124     4.79027000e-04
0.750374     4.77120000e-04
0.750624     4.81542000e-04
0.750874     4.83868000e-04
0.751125     4.77280000e-04
0.751375     5.07934000e-04
0.751625     5.12219000e-04
0.751876     4.83616000e-04
0.752127     4.79566000e-04
0.752377     4.92340000e-04
0.752628     5.00393000e-04
0.752879     4.79827000e-04
0.753130     4.81454000e-04
0.753381     4.91637000e-04
0.753632     4.84594000e-04
0.753883     4.83903000e-04
0.754135     4.84536000e-04
0.754386     4.85966000e-04
0.754637     4.86321000e-04
0.754889     4.91776000e-04
0.755141     4.90430000e-04
0.755392     4.92688000e-04
0.755644     4.97203000e-04
0.755896     4.93925000e-04
0.756148     5.05025000e-04
0.756400     4.94671000e-04
0.756652     4.94256000e-04
0.756904     4.89484000e-04
0.757157     5.02900000e-04
0.757409     4.90821000e-04
0.757661     5.03161000e-04
0.757914     4.95513000e-04
0.758167     4.94775000e-04
0.758419     5.09116000e-04
0.758672     5.07056000e-04
0.758925     5.13689000e-04
0.759178     4.95855000e-04
0.759431     4.96031000e-04
0.759684     4.99962000e-04
0.759937     5.00347000e-04
0.760191     5.07134000e-04
0.760444     5.14752000e-04
0.760698     5.02511000e-04
0.760951     5.00217000e-04
0.761205     5.08890000e-04
0.761459     4.99784000e-04
0.761712     5.04005000e-04
0.761966     5.28379000e-04
0.762220     5.24456000e-04
0.762474     5.03364000e-04
0.762729     5.03185000e-04
0.762983     5.02621000e-04
0.763237     5.05208000e-04
0.763492     5.04325000e-04
0.763746     5.04922000e-04
0.764001     5.04890000e-04
0.764255     5.10567000e-04
0.764510     5.07399000e-04
0.764765     5.06553000e-04
0.765020     5.08575000e-04
0.765275     5.08065000e-04
0.765530     5.15324000e-04
0.765785     5.26893000e-04
0.766040     5.50431000e-04
0.766296     5.34385000e-04
0.766551     5.28785000e-04
0.766807     5.28308000e-04
0.767062     5.22742000e-04
0.767318     5.12853000e-04
0.767574     5.15594000e-04
0.767830     5.13288000e-04
0.768085     5.16353000e-04
0.768342     5.29039000e-04
0.768598     5.15970000e-04
0.768854     5.19223000e-04
0.769110     5.24834000e-04
0.769366     6.67990000e-04
0.769623     5.18637000e-04
0.769879     5.19873000e-04
0.770136     4.81858000e-04
0.770393     5.18527000e-04
0.770650     5.21963000e-04
0.770907     5.26446000e-04
0.771163     5.36207000e-04
0.771421     5.36381000e-04
0.771678     5.33789000e-04
0.771935     5.21983000e-04
0.772192     5.31569000e-04
0.772450     5.47956000e-04
0.772707     5.30224000e-04
0.772965     5.41524000e-04
0.773222     5.26173000e-04
0.773480     5.27834000e-04
0.773738     5.28156000e-04
0.773996     5.27749000e-04
0.774254     5.29043000e-04
0.774512     5.43867000e-04
0.774770     5.52082000e-04
0.775028     5.63796000e-04
0.775287     5.38334000e-04
0.775545     5.32506000e-04
0.775804     5.35326000e-04
0.776062     5.37566000e-04
0.776321     5.35920000e-04
0.776580     5.34247000e-04
0.776839     5.33687000e-04
0.777097     5.33817000e-04
0.777356     5.58043000e-04
0.777616     5.57953000e-04
0.777875     5.50337000e-04
0.778134     5.40648000e-04
0.778393     5.53727000e-04
0.778653     5.38308000e-04
0.778913     5.40268000e-04
0.779172     5.49228000e-04
0.779432     5.39983000e-04
0.779692     5.39907000e-04
0.779952     5.54172000e-04
0.780212     5.57939000e-04
0.780472     5.42919000e-04
0.780732     5.44651000e-04
0.780992     5.52541000e-04
0.781252     5.62745000e-04
0.781513     5.45976000e-04
0.781773     5.46252000e-04
0.782034     5.45413000e-04
0.782295     5.58910000e-04
0.782555     5.46386000e-04
0.782816     5.57309000e-04
0.783077     5.47605000e-04
0.783338     5.71677000e-04
0.783599     5.57590000e-04
0.783860     5.73022000e-04
0.784122     5.54754000e-04
0.784383     5.59574000e-04
0.784645     5.57111000e-04
0.784906     5.58900000e-04
0.785168     5.75013000e-04
0.785429     5.57547000e-04
0.785691     5.59485000e-04
0.785953     5.53778000e-04
0.786215     5.65206000e-04
0.786477     5.58821000e-04
0.786739     5.56114000e-04
0.787002     5.58909000e-04
0.787264     5.58995000e-04
0.787526     5.57817000e-04
0.787789     5.63343000e-04
0.788051     5.67717000e-04
0.788314     5.73053000e-04
0.788577     5.63528000e-04
0.788840     5.60571000e-04
0.789103     5.64334000e-04
0.789366     5.64657000e-04
0.789629     5.63502000e-04
0.789892     5.79660000e-04
0.790155     5.64150000e-04
0.790419     5.76200000e-04
0.790682     5.69925000e-04
0.790946     5.66277000e-04
0.791209     5.68963000e-04
0.791473     5.84204000e-04
0.791737     5.70452000e-04
0.792001     5.92374000e-04
0.792265     5.69913000e-04
0.792529     5.75597000e-04
0.792793     5.75085000e-04
0.793057     5.73788000e-04
0.793322     6.08850000e-04
0.793586     5.83737000e-04
0.793851     5.99369000e-04
0.794115     5.74915000e-04
0.794380     5.83891000e-04
0.794645     5.98840000e-04
0.794910     6.03089000e-04
0.795175     5.78525000e-04
0.795440     5.78325000e-04
0.795705     5.84646000e-04
0.795970     5.77748000e-04
0.796236     5.84419000e-04
0.796501     5.79862000e-04
0.796766     5.80348000e-04
0.797032     5.80538000e-04
0.797298     5.85550000e-04
0.797563     5.88988000e-04
0.797829     5.83221000e-04
0.798095     5.84446000e-04
0.798361     5.85621000e-04
0.798627     5.82995000e-04
0.798894     5.90435000e-04
0.799160     5.85579000e-04
0.799426     5.85763000e-04
0.799693     5.92850000e-04
0.799959     5.90993000e-04
0.800226     6.12008000e-04
0.800493     5.93761000e-04
0.800760     5.90542000e-04
0.801027     5.95132000e-04
0.801294     5.89680000e-04
0.801561     5.92545000e-04
0.801828     5.92928000e-04
0.802095     5.92427000e-04
0.802362     5.97440000e-04
0.802630     5.93968000e-04
0.802897     6.11971000e-04
0.803165     6.09468000e-04
0.803433     5.94568000e-04
0.803701     6.13325000e-04
0.803969     5.96842000e-04
0.804237     5.97228000e-04
0.804505     5.99317000e-04
0.804773     6.24820000e-04
0.805041     6.14909000e-04
0.805309     6.07405000e-04
0.805578     6.12649000e-04
0.805846     6.02001000e-04
0.806115     6.08063000e-04
0.806384     6.02778000e-04
0.806652     6.01747000e-04
0.806921     6.04353000e-04
0.807190     6.15521000e-04
0.807459     6.16372000e-04
0.807729     6.13956000e-04
0.807998     6.06955000e-04
0.808267     6.09707000e-04
0.808537     6.10815000e-04
0.808806     6.28324000e-04
0.809076     6.11784000e-04
0.809345     6.11553000e-04
0.809615     6.26060000e-04
0.809885     6.31285000e-04
0.810155     6.36467000e-04
0.810425     6.10007000e-04
0.810695     6.12562000e-04
0.810965     6.14539000e-04
0.811236     6.13154000e-04
0.811506     6.14146000e-04
0.811777     6.16972000e-04
0.812047     6.14410000e-04
0.812318     6.14564000e-04
0.812589     6.15987000e-04
0.812859     6.18735000e-04
0.813130     6.16798000e-04
0.813401     6.20589000e-04
0.813673     6.18959000e-04
0.813944     6.19348000e-04
0.814215     6.24381000e-04
0.814487     6.23579000e-04
0.814758     6.21724000e-04
0.815030     6.27256000e-04
0.815301     6.33068000e-04
0.815573     6.24183000e-04
0.815845     6.25870000e-04
0.816117     6.27638000e-04
0.816389     6.39729000e-04
0.816661     6.25717000e-04
0.816933     6.29200000e-04
0.817206     6.29638000e-04
0.817478     6.32520000e-04
0.817750     6.28510000e-04
0.818023     6.34357000e-04
0.818296     6.29001000e-04
0.818569     5.80389000e-04
0.818841     6.39189000e-04
0.819114     6.33110000e-04
0.819387     6.33247000e-04
0.819660     6.42669000e-04
0.819934     6.34332000e-04
0.820207     6.52604000e-04
0.820480     6.53665000e-04
0.820754     6.40127000e-04
0.821028     6.50103000e-04
0.821301     6.51267000e-04
0.821575     6.74742000e-04
0.821849     6.50084000e-04
0.822123     6.50350000e-04
0.822397     6.66167000e-04
0.822671     6.38202000e-04
0.822945     6.41276000e-04
0.823219     6.64207000e-04
0.823494     6.59079000e-04
0.823768     6.54750000e-04
0.824043     6.56069000e-04
0.824318     6.44634000e-04
0.824592     6.47049000e-04
0.824867     6.46811000e-04
0.825142     6.82996000e-04
0.825417     6.53322000e-04
0.825692     6.57008000e-04
0.825968     6.52984000e-04
0.826243     6.53353000e-04
0.826518     6.58096000e-04
0.826794     6.54073000e-04
0.827069     6.58528000e-04
0.827345     6.58167000e-04
0.827621     6.57271000e-04
0.827897     6.64742000e-04
0.828173     6.60404000e-04
0.828449     6.59273000e-04
0.828725     6.62264000e-04
0.829001     6.58049000e-04
0.829278     6.55390000e-04
0.829554     6.74774000e-04
0.829831     6.63996000e-04
0.830107     6.65300000e-04
0.830384     6.60991000e-04
0.830661     6.75040000e-04
0.830938     6.88490000e-04
0.831215     6.82210000e-04
0.831492     6.66455000e-04
0.831769     6.65846000e-04
0.832046     6.84797000e-04
0.832323     6.68894000e-04
0.832601     6.71725000e-04
0.832878     7.07087000e-04
0.833156     6.73410000e-04
0.833434     6.92287000e-04
0.833711     7.08208000e-04
0.833989     6.80447000e-04
0.834267     6.86930000e-04
0.834545     6.80872000e-04
0.834824     7.07835000e-04
0.835102     6.80535000e-04
0.835380     6.80583000e-04
0.835659     6.78861000e-04
0.835937     6.89809000e-04
0.836216     6.86431000e-04
0.836495     6.81498000e-04
0.836774     6.95983000e-04
0.837052     6.83195000e-04
0.837331     6.84668000e-04
0.837611     6.86417000e-04
0.837890     6.89243000e-04
0.838169     6.84472000e-04
0.838448     7.03440000e-04
0.838728     6.85709000e-04
0.839008     2.70770000e-03
0.839287     6.88418000e-04
0.839567     6.88821000e-04
0.839847     6.92215000e-04
0.840127     6.97452000e-04
0.840407     7.01275000e-04
0.840687     6.90375000e-04
0.840967     6.91513000e-04
0.841247     6.93064000e-04
0.841528     7.00459000e-04
0.841808     6.94462000e-04
0.842089     7.13595000e-04
0.842370     7.13609000e-04
0.842650     7.12711000e-04
0.842931     7.03474000e-04
0.843212     6.96349000e-04
0.843493     7.02785000e-04
0.843775     7.21548000e-04
0.844056     7.18569000e-04
0.844337     7.02812000e-04
0.844619     7.07655000e-04
0.844900     7.39019000e-04
0.845182     7.01222000e-04
0.845464     7.03432000e-04
0.845745     7.00380000e-04
0.846027     7.06316000e-04
0.846309     7.04975000e-04
0.846591     7.09796000e-04
0.846874     7.18925000e-04
0.847156     7.45812000e-04
0.847438     7.16887000e-04
0.847721     7.08785000e-04
0.848003     7.10131000e-04
0.848286     7.08703000e-04
0.848569     7.08412000e-04
0.848852     7.07401000e-04
0.849135     7.08650000e-04
0.849418     7.16525000e-04
0.849701     7.24041000e-04
0.849984     9.47877000e-04
0.850267     7.60721000e-04
0.850551     7.42274000e-04
0.850834     7.30608000e-04
0.851118     7.18348000e-04
0.851402     7.39183000e-04
0.851685     7.65162000e-04
0.851969     7.18841000e-04
0.852253     7.12736000e-04
0.852537     7.12586000e-04
0.852822     7.42202000e-04
0.853106     7.27173000e-04
0.853390     7.27134000e-04
0.853675     7.37282000e-04
0.853959     7.75955000e-04
0.854244     9.14399000e-04
0.854529     1.16157000e-03
0.854813     8.14192000e-04
0.855098     7.60580000e-04
0.855383     7.42055000e-04
0.855669     7.32174000e-04
0.855954     7.48622000e-04
0.856239     7.26079000e-04
0.856524     7.28022000e-04
0.856810     7.24551000e-04
0.857096     7.26763000e-04
0.857381     7.29007000e-04
0.857667     7.24721000e-04
0.857953     7.24327000e-04
0.858239     7.26810000e-04
0.858525     7.47934000e-04
0.858811     7.32421000e-04
0.859097     7.38775000e-04
0.859384     7.40559000e-04
0.859670     7.57378000e-04
0.859957     7.86053000e-04
0.860244     7.75630000e-04
0.860530     7.62530000e-04
0.860817     7.52219000e-04
0.861104     7.38249000e-04
0.861391     7.59485000e-04
0.861678     7.35287000e-04
0.861965     7.47109000e-04
0.862253     7.38919000e-04
0.862540     7.39128000e-04
0.862828     7.39709000e-04
0.863115     7.34463000e-04
0.863403     7.39945000e-04
0.863691     7.36826000e-04
0.863979     7.51924000e-04
0.864267     7.44283000e-04
0.864555     7.51859000e-04
0.864843     7.45604000e-04
0.865131     7.73319000e-04
0.865420     7.52825000e-04
0.865708     7.62828000e-04
0.865997     7.86096000e-04
0.866285     9.61876000e-04
0.866574     1.09298000e-03
0.866863     8.36075000e-04
0.867152     7.90513000e-04
0.867441     7.80484000e-04
0.867730     7.97769000e-04
0.868019     7.54847000e-04
0.868309     7.96079000e-04
0.868598     7.57776000e-04
0.868888     7.60851000e-04
0.869177     8.13528000e-04
0.869467     7.49718000e-04
0.869757     7.71072000e-04
0.870047     7.78163000e-04
0.870337     7.49050000e-04
0.870627     7.57187000e-04
0.870917     7.50724000e-04
0.871207     7.68585000e-04
0.871498     7.93935000e-04
0.871788     7.50612000e-04
0.872079     7.74699000e-04
0.872370     7.58030000e-04
0.872660     7.54126000e-04
0.872951     7.74810000e-04
0.873242     7.64034000e-04
0.873533     7.61069000e-04
0.873825     8.24238000e-04
0.874116     7.71019000e-04
0.874407     8.02656000e-04
0.874699     7.91275000e-04
0.874990     8.20222000e-04
0.875282     8.65608000e-04
0.875574     8.40483000e-04
0.875865     8.17764000e-04
0.876157     7.84123000e-04
0.876449     7.75935000e-04
0.876742     7.99085000e-04
0.877034     7.71700000e-04
0.877326     7.69860000e-04
0.877619     8.05200000e-04
0.877911     7.74634000e-04
0.878204     7.68028000e-04
0.878497     7.64120000e-04
0.878789     7.72230000e-04
0.879082     7.72396000e-04
0.879375     7.91597000e-04
0.879668     7.91441000e-04
0.879962     7.70699000e-04
0.880255     7.65914000e-04
0.880548     7.67646000e-04
0.880842     8.75533000e-04
0.881136     7.88099000e-04
0.881429     7.70049000e-04
0.881723     7.72492000e-04
0.882017     7.78329000e-04
0.882311     7.83449000e-04
0.882605     8.17025000e-04
0.882899     7.74120000e-04
0.883194     7.77054000e-04
0.883488     7.81238000e-04
0.883783     7.88181000e-04
0.884077     8.28470000e-04
0.884372     7.94938000e-04
0.884667     7.87821000e-04
0.884961     8.08891000e-04
0.885256     8.02572000e-04
0.885552     8.06050000e-04
0.885847     8.19000000e-04
0.886142     8.45468000e-04
0.886437     9.30544000e-04
0.886733     8.78796000e-04
0.887028     8.63847000e-04
0.887324     8.16745000e-04
0.887620     8.21926000e-04
0.887916     8.11568000e-04
0.888212     8.13428000e-04
0.888508     8.08044000e-04
0.888804     8.00336000e-04
0.889100     7.91710000e-04
0.889397     8.11715000e-04
0.889693     7.95663000e-04
0.889990     7.92655000e-04
0.890286     7.98839000e-04
0.890583     7.91658000e-04
0.890880     7.91723000e-04
0.891177     7.96192000e-04
0.891474     8.24317000e-04
0.891771     7.91331000e-04
0.892068     7.95756000e-04
0.892366     8.13868000e-04
0.892663     8.17882000e-04
0.892961     8.32454000e-04
0.893258     8.14890000e-04
0.893556     8.00612000e-04
0.893854     7.95256000e-04
0.894152     7.97816000e-04
0.894450     8.01805000e-04
0.894748     8.22956000e-04
0.895046     8.19169000e-04
0.895345     8.00632000e-04
0.895643     8.00448000e-04
0.895942     8.08447000e-04
0.896240     8.06017000e-04
0.896539     8.09911000e-04
0.896838     8.17377000e-04
0.897137     8.24280000e-04
0.897436     8.16071000e-04
0.897735     8.19939000e-04
0.898034     8.27334000e-04
0.898334     8.18046000e-04
0.898633     8.23698000e-04
0.898933     8.17140000e-04
0.899232     8.27257000e-04
0.899532     8.27998000e-04
0.899832     8.36349000e-04
0.900132     8.69040000e-04
0.900432     8.41000000e-04
0.900732     8.46013000e-04
0.901032     8.84665000e-04
0.901333     9.23427000e-04
0.901633     9.93439000e-04
0.901934     9.52021000e-04
0.902234     8.85798000e-04
0.902535     8.80890000e-04
0.902836     8.50822000e-04
0.903137     8.42464000e-04
0.903438     8.39090000e-04
0.903739     8.40320000e-04
0.904040     8.35826000e-04
0.904342     8.29518000e-04
0.904643     8.31621000e-04
0.904945     8.27772000e-04
0.905246     8.36418000e-04
0.905548     8.38638000e-04
0.905850     8.28062000e-04
0.906152     8.41004000e-04
0.906454     9.39761000e-04
0.906756     8.30170000e-04
0.907058     8.35136000e-04
0.907361     8.35009000e-04
0.907663     8.37541000e-04
0.907966     8.75468000e-04
0.908268     8.54854000e-04
0.908571     8.34530000e-04
0.908874     8.33733000e-04
0.909177     9.23516000e-04
0.909480     8.39732000e-04
0.909783     9.13467000e-04
0.910086     8.51704000e-04
0.910390     8.50353000e-04
0.910693     8.56973000e-04
0.910997     8.44323000e-04
0.911300     8.83601000e-04
0.911604     8.57214000e-04
0.911908     8.44079000e-04
0.912212     8.51625000e-04
0.912516     8.45750000e-04
0.912820     8.52012000e-04
0.913124     8.44880000e-04
0.913429     8.46361000e-04
0.913733     8.42145000e-04
0.914038     8.48930000e-04
0.914343     8.46870000e-04
0.914647     8.47569000e-04
0.914952     8.70914000e-04
0.915257     8.48193000e-04
0.915562     8.47359000e-04
0.915868     8.69850000e-04
0.916173     8.50226000e-04
0.916478     8.53632000e-04
0.916784     8.60575000e-04
0.917089     8.56264000e-04
0.917395     8.56874000e-04
0.917701     8.75025000e-04
0.918007     8.61450000e-04
0.918313     8.62262000e-04
0.918619     8.65124000e-04
0.918925     8.67714000e-04
0.919231     8.61972000e-04
0.919538     8.60848000e-04
0.919844     8.65359000e-04
0.920151     8.76776000e-04
0.920458     8.72535000e-04
0.920764     8.77690000e-04
0.921071     8.90831000e-04
0.921378     9.14568000e-04
0.921685     9.33565000e-04
0.921993     9.39776000e-04
0.922300     9.11878000e-04
0.922607     9.39252000e-04
0.922915     1.01412000e-03
0.923223     1.11058000e-03
0.923530     9.60682000e-04
0.923838     9.29432000e-04
0.924146     9.36656000e-04
0.924454     9.07616000e-04
0.924762     9.35096000e-04
0.925071     8.92803000e-04
0.925379     8.94991000e-04
0.925687     9.39942000e-04
0.925996     9.16208000e-04
0.926305     9.10233000e-04
0.926613     9.07951000e-04
0.926922     9.02317000e-04
0.927231     8.78105000e-04
0.927540     8.87659000e-04
0.927850     8.76392000e-04
0.928159     8.56437000e-04
0.928468     8.65316000e-04
0.928778     8.82737000e-04
0.929087     8.82732000e-04
0.929397     8.90301000e-04
0.929707     9.76521000e-04
0.930017     8.99358000e-04
0.930327     8.80120000e-04
0.930637     8.65208000e-04
0.930947     8.82855000e-04
0.931257     8.90608000e-04
0.931568     8.86356000e-04
0.931878     8.47698000e-04
0.932189     8.93061000e-04
0.932500     8.87797000e-04
0.932810     8.84639000e-04
0.933121     8.99981000e-04
0.933432     8.88437000e-04
0.933744     9.03763000e-04
0.934055     8.86049000e-04
0.934366     8.92069000e-04
0.934678     8.89790000e-04
0.934989     8.90703000e-04
0.935301     1.25896000e-03
0.935613     8.95658000e-04
0.935924     8.92008000e-04
0.936236     9.03299000e-04
0.936549     9.07628000e-04
0.936861     9.10791000e-04
0.937173     9.03262000e-04
0.937485     9.04528000e-04
0.937798     9.02707000e-04
0.938110     9.03465000e-04
0.938423     9.05779000e-04
0.938736     9.05867000e-04
0.939049     9.15102000e-04
0.939362     8.99986000e-04
0.939675     9.31686000e-04
0.939988     9.14761000e-04
0.940302     9.20583000e-04
0.940615     9.08768000e-04
0.940929     9.81435000e-04
0.941242     9.22590000e-04
0.941556     9.76747000e-04
0.941870     9.73150000e-04
0.942184     9.16438000e-04
0.942498     9.32676000e-04
0.942812     9.13172000e-04
0.943126     9.37173000e-04
0.943441     9.43595000e-04
0.943755     9.07129000e-04
0.944070     9.74545000e-04
0.944384     9.18611000e-04
0.944699     9.28698000e-04
0.945014     9.36695000e-04
0.945329     9.16089000e-04
0.945644     9.37707000e-04
0.945959     9.37229000e-04
0.946275     9.20034000e-04
0.946590     9.31777000e-04
0.946906     9.25148000e-04
0.947221     9.27314000e-04
0.947537     9.25398000e-04
0.947853     9.18466000e-04
0.948169     9.34790000e-04
0.948485     9.31625000e-04
0.948801     9.37607000e-04
0.949117     9.31428000e-04
0.949434     9.33864000e-04
0.949750     9.34113000e-04
0.950067     9.36103000e-04
0.950383     9.41695000e-04
0.950700     9.54727000e-04
0.951017     9.40022000e-04
0.951334     9.38165000e-04
0.951651     9.51520000e-04
0.951969     9.37047000e-04
0.952286     9.58376000e-04
0.952603     9.58258000e-04
0.952921     9.63510000e-04
0.953238     9.76867000e-04
0.953556     9.65579000e-04
0.953874     9.90855000e-04
0.954192     1.01499000e-03
0.954510     1.06517000e-03
0.954828     1.24274000e-03
0.955146     1.08553000e-03
0.955465     1.02108000e-03
0.955783     1.00120000e-03
0.956102     9.86656000e-04
0.956421     9.77744000e-04
0.956739     9.75879000e-04
0.957058     9.63753000e-04
0.957377     9.83783000e-04
0.957697     9.72400000e-04
0.958016     9.67029000e-04
0.958335     9.58865000e-04
0.958655     9.66755000e-04
0.958974     9.58098000e-04
0.959294     9.51665000e-04
0.959614     9.64603000e-04
0.959933     9.65670000e-04
0.960253     9.62578000e-04
0.960573     1.00825000e-03
0.960894     9.92187000e-04
0.961214     9.69262000e-04
0.961534     9.54671000e-04
0.961855     9.54713000e-04
0.962175     9.79740000e-04
0.962496     9.87527000e-04
0.962817     9.98694000e-04
0.963138     9.60160000e-04
0.963459     9.71938000e-04
0.963780     9.81888000e-04
0.964101     9.94626000e-04
0.964423     9.63142000e-04
0.964744     9.68404000e-04
0.965066     9.81905000e-04
0.965388     9.69173000e-04
0.965709     9.85571000e-04
0.966031     1.04472000e-03
0.966353     9.85838000e-04
0.966675     9.77123000e-04
0.966998     9.31097000e-04
0.967320     9.72845000e-04
0.967642     9.84997000e-04
0.967965     9.92378000e-04
0.968288     9.84005000e-04
0.968610     9.71847000e-04
0.968933     9.79679000e-04
0.969256     1.00042000e-03
0.969579     9.91493000e-04
0.969902     9.80587000e-04
0.970226     9.75915000e-04
0.970549     9.57532000e-04
0.970873     9.72844000e-04
0.971196     9.53859000e-04
0.971520     9.54280000e-04
0.971844     9.82904000e-04
0.972168     9.73431000e-04
0.972492     9.79302000e-04
0.972816     9.84369000e-04
0.973140     9.80617000e-04
0.973465     9.87783000e-04
0.973789     9.90075000e-04
0.974114     1.01668000e-03
0.974438     9.87671000e-04
0.974763     9.95634000e-04
0.975088     1.00987000e-03
0.975413     9.93827000e-04
0.975738     9.94654000e-04
0.976064     9.98212000e-04
0.976389     9.83151000e-04
0.976714     1.01531000e-03
0.977040     9.99556000e-04
0.977366     9.99401000e-04
0.977691     9.94615000e-04
0.978017     9.91723000e-04
0.978343     9.90277000e-04
0.978670     1.06185000e-03
0.978996     1.01495000e-03
0.979322     9.92571000e-04
0.979649     1.00641000e-03
0.979975     1.00863000e-03
0.980302     1.21532000e-03
0.980628     9.95229000e-04
0.980955     1.00235000e-03
0.981282     1.00759000e-03
0.981609     1.00230000e-03
0.981937     1.00371000e-03
0.982264     1.01172000e-03
0.982591     1.01140000e-03
0.982919     1.00469000e-03
0.983247     1.01231000e-03
0.983574     1.00979000e-03
0.983902     1.00671000e-03
0.984230     1.01837000e-03
0.984558     1.02249000e-03
0.984886     1.02123000e-03
0.985215     1.01902000e-03
0.985543     1.01546000e-03
0.985872     1.02564000e-03
0.986200     1.02112000e-03
0.986529     1.03367000e-03
0.986858     1.01196000e-03
0.987187     1.01611000e-03
0.987516     1.02558000e-03
0.987845     1.01654000e-03
0.988174     1.01733000e-03
0.988504     1.02612000e-03
0.988833     1.01953000e-03
0.989163     1.05270000e-03
0.989492     1.05717000e-03
0.989822     1.02030000e-03
0.990152     1.06469000e-03
0.990482     1.02880000e-03
0.990812     1.04689000e-03
0.991143     1.03788000e-03
0.991473     1.03861000e-03
0.991804     1.03360000e-03
0.992134     1.02323000e-03
0.992465     1.03070000e-03
0.992796     1.03421000e-03
0.993127     1.03886000e-03
0.993458     1.04875000e-03
0.993789     1.03896000e-03
0.994120     1.05477000e-03
0.994452     1.04772000e-03
0.994783     1.03799000e-03
0.995115     1.04212000e-03
0.995446     1.04502000e-03
0.995778     1.03804000e-03
0.996110     1.03877000e-03
0.996442     1.04549000e-03
0.996774     1.03717000e-03
0.997106     1.04639000e-03
0.997439     1.06704000e-03
0.997771     1.04151000e-03
0.998104     1.04865000e-03
0.998437     1.04939000e-03
0.998769     1.06165000e-03
0.999102     1.04235000e-03
0.999435     1.05970000e-03
0.999769     1.04756000e-03
1.000102     1.05837000e-03
1.000435     1.04876000e-03
1.000769     1.05919000e-03
1.001102     1.07578000e-03
1.001436     1.05348000e-03
1.001770     1.06179000e-03
1.002104     1.06638000e-03
1.002438     1.06925000e-03
1.002772     1.08228000e-03
1.003106     1.07985000e-03
1.003440     1.07521000e-03
1.003775     1.10628000e-03
1.004110     1.11665000e-03
1.004444     1.13389000e-03
1.004779     1.18388000e-03
1.005114     1.39815000e-03
1.005449     1.26129000e-03
1.005784     1.14782000e-03
1.006119     1.13397000e-03
1.006455     1.11958000e-03
1.006790     1.12582000e-03
1.007126     1.10287000e-03
1.007462     1.08779000e-03
1.007797     1.09508000e-03
1.008133     1.07732000e-03
1.008469     1.08203000e-03
1.008806     1.08951000e-03
1.009142     1.08192000e-03
1.009478     1.09425000e-03
1.009815     1.07287000e-03
1.010151     1.10192000e-03
1.010488     1.09159000e-03
1.010825     1.10484000e-03
1.011162     1.06658000e-03
1.011499     1.07418000e-03
1.011836     1.08370000e-03
1.012173     1.08275000e-03
1.012511     1.11908000e-03
1.012848     1.08992000e-03
1.013186     1.06827000e-03
1.013524     1.07716000e-03
1.013861     1.07763000e-03
1.014199     1.07970000e-03
1.014537     1.07520000e-03
1.014876     1.11837000e-03
1.015214     1.09156000e-03
1.015552     1.08300000e-03
1.015891     1.09501000e-03
1.016229     1.08698000e-03
1.016568     1.13567000e-03
1.016907     1.09297000e-03
1.017246     1.08023000e-03
1.017585     1.08587000e-03
1.017924     1.08631000e-03
1.018264     1.08364000e-03
1.018603     1.15370000e-03
1.018943     1.11307000e-03
1.019282     1.09109000e-03
1.019622     1.11625000e-03
1.019962     1.10064000e-03
1.020302     1.09193000e-03
1.020642     1.10551000e-03
1.020982     1.10069000e-03
1.021322     1.09955000e-03
1.021663     1.12088000e-03
1.022003     1.14189000e-03
1.022344     1.09677000e-03
1.022685     1.10861000e-03
1.023026     1.09861000e-03
1.023367     1.10076000e-03
1.023708     1.10401000e-03
1.024049     1.12376000e-03
1.024390     1.10687000e-03
1.024732     1.11738000e-03
1.025074     1.10194000e-03
1.025415     1.10679000e-03
1.025757     1.10266000e-03
1.026099     1.10943000e-03
1.026441     1.11158000e-03
1.026783     1.09904000e-03
1.027125     1.10447000e-03
1.027468     1.12269000e-03
1.027810     1.11250000e-03
1.028153     1.10913000e-03
1.028496     1.12328000e-03
1.028838     1.11058000e-03
1.029181     1.15648000e-03
1.029524     1.11435000e-03
1.029868     1.11623000e-03
1.030211     1.12561000e-03
1.030554     1.12395000e-03
1.030898     1.11984000e-03
1.031241     1.11482000e-03
1.031585     1.13064000e-03
1.031929     1.11918000e-03
1.032273     1.12445000e-03
1.032617     1.12217000e-03
1.032961     1.16585000e-03
1.033306     1.15202000e-03
1.033650     1.13425000e-03
1.033995     1.13772000e-03
1.034339     1.13886000e-03
1.034684     1.16553000e-03
1.035029     1.13808000e-03
1.035374     1.12823000e-03
1.035719     1.14609000e-03
1.036064     1.13400000e-03
1.036410     1.13179000e-03
1.036755     1.13785000e-03
1.037101     1.13333000e-03
1.037446     1.19973000e-03
1.037792     1.15093000e-03
1.038138     1.15156000e-03
1.038484     1.13504000e-03
1.038830     1.13369000e-03
1.039177     1.14065000e-03
1.039523     1.13868000e-03
1.039870     1.68965000e-03
1.040216     1.13875000e-03
1.040563     1.14449000e-03
1.040910     1.16529000e-03
1.041257     1.15044000e-03
1.041604     1.14633000e-03
1.041951     1.14722000e-03
1.042298     1.14282000e-03
1.042646     1.15733000e-03
1.042993     1.17467000e-03
1.043341     1.14554000e-03
1.043689     1.15620000e-03
1.044037     1.14838000e-03
1.044385     1.15265000e-03
1.044733     1.14826000e-03
1.045081     1.17517000e-03
1.045429     1.16454000e-03
1.045778     1.20566000e-03
1.046126     1.22586000e-03
1.046475     1.17292000e-03
1.046824     1.15978000e-03
1.047173     1.19835000e-03
1.047522     1.16665000e-03
1.047871     1.16254000e-03
1.048220     1.17156000e-03
1.048570     1.17110000e-03
1.048919     1.17010000e-03
1.049269     1.16711000e-03
1.049619     1.16109000e-03
1.049969     1.16605000e-03
1.050319     1.18638000e-03
1.050669     1.16933000e-03
1.051019     1.17840000e-03
1.051369     1.18156000e-03
1.051720     1.17503000e-03
1.052070     1.19669000e-03
1.052421     1.17760000e-03
1.052772     1.17158000e-03
1.053123     1.17825000e-03
1.053474     1.20091000e-03
1.053825     1.17153000e-03
1.054176     1.17758000e-03
1.054528     1.18761000e-03
1.054879     1.17210000e-03
1.055231     1.17757000e-03
1.055583     1.18871000e-03
1.055934     1.18367000e-03
1.056286     1.18171000e-03
1.056638     1.17779000e-03
1.056991     1.18815000e-03
1.057343     1.19936000e-03
1.057695     1.21158000e-03
1.058048     1.19194000e-03
1.058401     1.21874000e-03
1.058754     1.28001000e-03
1.059106     1.23047000e-03
1.059459     1.18716000e-03
1.059813     1.20610000e-03
1.060166     1.18492000e-03
1.060519     1.25427000e-03
1.060873     1.21021000e-03
1.061226     1.18887000e-03
1.061580     1.19592000e-03
1.061934     1.19414000e-03
1.062288     1.20728000e-03
1.062642     1.20078000e-03
1.062996     1.25020000e-03
1.063351     1.20971000e-03
1.063705     1.21454000e-03
1.064060     1.19615000e-03
1.064414     1.19699000e-03
1.064769     1.20002000e-03
1.065124     1.20115000e-03
1.065479     1.19809000e-03
1.065834     1.19773000e-03
1.066190     1.20646000e-03
1.066545     1.26767000e-03
1.066900     1.21178000e-03
1.067256     1.20199000e-03
1.067612     1.21082000e-03
1.067968     1.21414000e-03
1.068324     1.21473000e-03
1.068680     1.37800000e-03
1.069036     1.22361000e-03
1.069392     1.37864000e-03
1.069749     1.26050000e-03
1.070105     1.22575000e-03
1.070462     1.23690000e-03
1.070819     1.25863000e-03
1.071176     1.28345000e-03
1.071533     1.21493000e-03
1.071890     1.23128000e-03
1.072247     1.24490000e-03
1.072605     1.21476000e-03
1.072962     1.28420000e-03
1.073320     1.30668000e-03
1.073678     1.22114000e-03
1.074036     1.21686000e-03
1.074394     1.23534000e-03
1.074752     1.24982000e-03
1.075110     1.29567000e-03
1.075468     1.23834000e-03
1.075827     1.25591000e-03
1.076186     1.22407000e-03
1.076544     1.22734000e-03
1.076903     1.24440000e-03
1.077262     1.24272000e-03
1.077621     1.22970000e-03
1.077980     1.22903000e-03
1.078340     1.23797000e-03
1.078699     1.27030000e-03
1.079059     1.30324000e-03
1.079418     1.23295000e-03
1.079778     1.27120000e-03
1.080138     1.24256000e-03
1.080498     1.25463000e-03
1.080858     1.23749000e-03
1.081219     1.29539000e-03
1.081579     1.31822000e-03
1.081940     1.24082000e-03
1.082300     1.25013000e-03
1.082661     1.24172000e-03
1.083022     1.35743000e-03
1.083383     1.26413000e-03
1.083744     1.27476000e-03
1.084105     1.25967000e-03
1.084467     1.25662000e-03
1.084828     1.31412000e-03
1.085190     1.25520000e-03
1.085551     1.24641000e-03
1.085913     1.25272000e-03
1.086275     1.25114000e-03
1.086637     1.28030000e-03
1.087000     1.28512000e-03
1.087362     1.39679000e-03
1.087724     1.26596000e-03
1.088087     1.25739000e-03
1.088450     1.28306000e-03
1.088812     1.32305000e-03
1.089175     1.25496000e-03
1.089538     1.28003000e-03
1.089902     1.28835000e-03
1.090265     1.26582000e-03
1.090628     1.27134000e-03
1.090992     1.28689000e-03
1.091356     1.28919000e-03
1.091719     1.37652000e-03
1.092083     1.29645000e-03
1.092447     1.31196000e-03
1.092811     1.32934000e-03
1.093176     1.34669000e-03
1.093540     1.40283000e-03
1.093905     1.58437000e-03
1.094269     1.60749000e-03
1.094634     1.41526000e-03
1.094999     1.36526000e-03
1.095364     1.35246000e-03
1.095729     1.32290000e-03
1.096094     1.34438000e-03
1.096460     1.28345000e-03
1.096825     1.36225000e-03
1.097191     1.29749000e-03
1.097556     1.27282000e-03
1.097922     1.28006000e-03
1.098288     1.35240000e-03
1.098654     1.35280000e-03
1.099021     1.52852000e-03
1.099387     1.28906000e-03
1.099753     1.28611000e-03
1.100120     1.27776000e-03
1.100487     1.27087000e-03
1.100853     1.28361000e-03
1.101220     1.27836000e-03
1.101588     1.29878000e-03
1.101955     1.37059000e-03
1.102322     1.29759000e-03
1.102689     1.29391000e-03
1.103057     1.29155000e-03
1.103425     1.24418000e-03
1.103793     1.27975000e-03
1.104160     1.28810000e-03
1.104529     1.29086000e-03
1.104897     1.30672000e-03
1.105265     1.29443000e-03
1.105633     1.30138000e-03
1.106002     1.29981000e-03
1.106371     1.29561000e-03
1.106739     1.28950000e-03
1.107108     1.29109000e-03
1.107477     1.28173000e-03
1.107847     1.29116000e-03
1.108216     1.29434000e-03
1.108585     1.28560000e-03
1.108955     1.29990000e-03
1.109324     1.30369000e-03
1.109694     1.27111000e-03
1.110064     1.30531000e-03
1.110434     1.29103000e-03
1.110804     1.30031000e-03
1.111174     1.25216000e-03
1.111545     1.29300000e-03
1.111915     1.26984000e-03
1.112286     3.03909000e-03
1.112657     1.29780000e-03
1.113028     1.31561000e-03
1.113399     1.35086000e-03
1.113770     1.32119000e-03
1.114141     1.29366000e-03
1.114512     1.26046000e-03
1.114884     1.31725000e-03
1.115256     1.31711000e-03
1.115627     1.30926000e-03
1.115999     1.31988000e-03
1.116371     1.26686000e-03
1.116743     1.31267000e-03
1.117116     1.30814000e-03
1.117488     1.31154000e-03
1.117860     1.29249000e-03
1.118233     1.31250000e-03
1.118606     1.32614000e-03
1.118979     1.39277000e-03
1.119352     1.31971000e-03
1.119725     1.29154000e-03
1.120098     1.34080000e-03
1.120471     1.34332000e-03
1.120845     1.32718000e-03
1.121219     1.32855000e-03
1.121592     1.31986000e-03
1.121966     1.28144000e-03
1.122340     1.32713000e-03
1.122714     1.32357000e-03
1.123088     1.32432000e-03
1.123463     1.32932000e-03
1.123837     1.30596000e-03
1.124212     1.31751000e-03
1.124587     1.32876000e-03
1.124962     1.33128000e-03
1.125337     1.35075000e-03
1.125712     1.44492000e-03
1.126087     1.33300000e-03
1.126462     1.33554000e-03
1.126838     1.31014000e-03
1.127213     1.29328000e-03
1.127589     1.33865000e-03
1.127965     1.33835000e-03
1.128341     1.31006000e-03
1.128717     1.33990000e-03
1.129093     1.35567000e-03
1.129470     1.38624000e-03
1.129846     1.33902000e-03
1.130223     1.36499000e-03
1.130599     1.35185000e-03
1.130976     1.36899000e-03
1.131353     1.35083000e-03
1.131730     1.27552000e-03
1.132108     1.34592000e-03
1.132485     1.35179000e-03
1.132863     1.30697000e-03
1.133240     1.40578000e-03
1.133618     1.36076000e-03
1.133996     1.36405000e-03
1.134374     1.28002000e-03
1.134752     1.36778000e-03
1.135130     1.28658000e-03
1.135509     1.34501000e-03
1.135887     1.36464000e-03
1.136266     1.35863000e-03
1.136644     1.32744000e-03
1.137023     1.35023000e-03
1.137402     1.35208000e-03
1.137781     1.40288000e-03
1.138161     1.30114000e-03
1.138540     1.37252000e-03
1.138920     1.35887000e-03
1.139299     1.41294000e-03
1.139679     1.35896000e-03
1.140059     1.37580000e-03
1.140439     1.39668000e-03
1.140819     1.46976000e-03
1.141199     1.29245000e-03
1.141580     1.36138000e-03
1.141960     1.29260000e-03
1.142341     1.37014000e-03
1.142722     1.38671000e-03
1.143103     1.36488000e-03
1.143484     1.37302000e-03
1.143865     1.36839000e-03
1.144246     1.36269000e-03
1.144628     1.36225000e-03
1.145009     1.42735000e-03
1.145391     1.34930000e-03
1.145773     1.37631000e-03
1.146154     1.37339000e-03
1.146537     1.36498000e-03
1.146919     1.36551000e-03
1.147301     1.33850000e-03
1.147683     1.36629000e-03
1.148066     1.36467000e-03
1.148449     1.36390000e-03
1.148832     1.39478000e-03
1.149214     1.38581000e-03
1.149598     1.37913000e-03
1.149981     1.37462000e-03
1.150364     1.37716000e-03
1.150748     1.38665000e-03
1.151131     1.38441000e-03
1.151515     1.38805000e-03
1.151899     1.37922000e-03
1.152283     1.39916000e-03
1.152667     1.39782000e-03
1.153051     1.35436000e-03
1.153435     1.38700000e-03
1.153820     1.33900000e-03
1.154204     1.37762000e-03
1.154589     1.33958000e-03
1.154974     1.36668000e-03
1.155359     1.36688000e-03
1.155744     1.34983000e-03
1.156129     1.37604000e-03
1.156515     1.39444000e-03
1.156900     1.37771000e-03
1.157286     1.37500000e-03
1.157672     1.37718000e-03
1.158057     1.38581000e-03
1.158443     1.37482000e-03
1.158830     1.40349000e-03
1.159216     1.39489000e-03
1.159602     1.49240000e-03
1.159989     1.40606000e-03
1.160376     1.43020000e-03
1.160762     1.36989000e-03
1.161149     1.45717000e-03
1.161536     1.47336000e-03
1.161923     1.40580000e-03
1.162311     1.41437000e-03
1.162698     1.37457000e-03
1.163086     1.45603000e-03
1.163473     1.41429000e-03
1.163861     1.39629000e-03
1.164249     1.43856000e-03
1.164637     1.40975000e-03
1.165026     1.42651000e-03
1.165414     1.42459000e-03
1.165802     1.41071000e-03
1.166191     1.51992000e-03
1.166580     1.40807000e-03
1.166969     1.41842000e-03
1.167358     1.46530000e-03
1.167747     1.43789000e-03
1.168136     1.41206000e-03
1.168525     1.39501000e-03
1.168915     1.41396000e-03
1.169304     1.50931000e-03
1.169694     1.42142000e-03
1.170084     1.40166000e-03
1.170474     1.43115000e-03
1.170864     1.41729000e-03
1.171255     1.41290000e-03
1.171645     1.41732000e-03
1.172036     1.42629000e-03
1.172426     1.42935000e-03
1.172817     1.42505000e-03
1.173208     1.39940000e-03
1.173599     1.40126000e-03
1.173990     1.42708000e-03
1.174382     1.43488000e-03
1.174773     1.43162000e-03
1.175165     1.50611000e-03
1.175556     1.53632000e-03
1.175948     1.51988000e-03
1.176340     1.43439000e-03
1.176732     1.42911000e-03
1.177125     1.44264000e-03
1.177517     1.47184000e-03
1.177909     1.47450000e-03
1.178302     1.41505000e-03
1.178695     1.50136000e-03
1.179088     1.43612000e-03
1.179481     1.44187000e-03
1.179874     1.40959000e-03
1.180267     1.45215000e-03
1.180661     1.41431000e-03
1.181054     1.42860000e-03
1.181448     1.49185000e-03
1.181842     1.43270000e-03
1.182236     1.47052000e-03
1.182630     1.44497000e-03
1.183024     1.59155000e-03
1.183418     1.45938000e-03
1.183813     1.40090000e-03
1.184207     1.51963000e-03
1.184602     1.46050000e-03
1.184997     1.47655000e-03
1.185392     1.47578000e-03
1.185787     1.45261000e-03
1.186182     1.40984000e-03
1.186578     1.44704000e-03
1.186973     1.45382000e-03
1.187369     1.42911000e-03
1.187765     1.45842000e-03
1.188161     1.50411000e-03
1.188557     1.57729000e-03
1.188953     1.46128000e-03
1.189349     1.47656000e-03
1.189746     1.52771000e-03
1.190142     1.45241000e-03
1.190539     1.44395000e-03
1.190936     1.44017000e-03
1.191333     1.46628000e-03
1.191730     1.43248000e-03
1.192127     1.42735000e-03
1.192524     1.39059000e-03
1.192922     1.45407000e-03
1.193320     1.46677000e-03
1.193717     1.47604000e-03
1.194115     1.46696000e-03
1.194513     1.46640000e-03
1.194911     1.47217000e-03
1.195310     1.51922000e-03
1.195708     1.45382000e-03
1.196107     1.48962000e-03
1.196506     1.47890000e-03
1.196904     1.47558000e-03
1.197303     1.47660000e-03
1.197702     1.53980000e-03
1.198102     1.45738000e-03
1.198501     1.48899000e-03
1.198901     1.58508000e-03
1.199300     1.48887000e-03
1.199700     1.49360000e-03
1.200100     1.48181000e-03
1.200500     1.48690000e-03
1.200900     1.49153000e-03
1.201300     1.48460000e-03
1.201701     1.47188000e-03
1.202101     1.46779000e-03
1.202502     1.48916000e-03
1.202903     1.47917000e-03
1.203304     1.60877000e-03
1.203705     1.51658000e-03
1.204106     1.50609000e-03
1.204508     1.48882000e-03
1.204909     1.49308000e-03
1.205311     1.49698000e-03
1.205712     1.50818000e-03
1.206114     1.45600000e-03
1.206516     1.49423000e-03
1.206919     1.49608000e-03
1.207321     1.50154000e-03
1.207723     1.49316000e-03
1.208126     1.50369000e-03
1.208529     1.71700000e-03
1.208931     1.54503000e-03
1.209334     1.46054000e-03
1.209738     1.49950000e-03
1.210141     1.52140000e-03
1.210544     1.56953000e-03
1.210948     1.50269000e-03
1.211351     1.51908000e-03
1.211755     1.50742000e-03
1.212159     1.51300000e-03
1.212563     1.50054000e-03
1.212967     1.46355000e-03
1.213372     1.47270000e-03
1.213776     1.50260000e-03
1.214181     1.51195000e-03
1.214585     1.51734000e-03
1.214990     1.51563000e-03
1.215395     1.53631000e-03
1.215800     1.49252000e-03
1.216206     1.47378000e-03
1.216611     1.51634000e-03
1.217017     1.51532000e-03
1.217422     1.53145000e-03
1.217828     1.51795000e-03
1.218234     1.46242000e-03
1.218640     1.49939000e-03
1.219046     1.52035000e-03
1.219453     1.53385000e-03
1.219859     1.53170000e-03
1.220266     1.54648000e-03
1.220672     1.53732000e-03
1.221079     1.53451000e-03
1.221486     1.54330000e-03
1.221894     1.54460000e-03
1.222301     1.52951000e-03
1.222708     1.50148000e-03
1.223116     1.55040000e-03
1.223524     1.49144000e-03
1.223931     1.53685000e-03
1.224339     1.54022000e-03
1.224747     1.56832000e-03
1.225156     1.55855000e-03
1.225564     1.52383000e-03
1.225973     1.53976000e-03
1.226381     1.53221000e-03
1.226790     1.54657000e-03
1.227199     1.58299000e-03
1.227608     1.58307000e-03
1.228017     1.53874000e-03
1.228427     1.54816000e-03
1.228836     1.53933000e-03
1.229246     1.54430000e-03
1.229655     1.54470000e-03
1.230065     1.54484000e-03
1.230475     1.51812000e-03
1.230886     1.53581000e-03
1.231296     1.55673000e-03
1.231706     1.57134000e-03
1.232117     1.53175000e-03
1.232528     1.56966000e-03
1.232938     1.54435000e-03
1.233349     1.57447000e-03
1.233760     1.56004000e-03
1.234172     1.57982000e-03
1.234583     1.58454000e-03
1.234995     1.58943000e-03
1.235406     1.55359000e-03
1.235818     1.57483000e-03
1.236230     1.63437000e-03
1.236642     1.56876000e-03
1.237054     1.58261000e-03
1.237467     1.55958000e-03
1.237879     1.55219000e-03
1.238292     1.53262000e-03
1.238705     1.56606000e-03
1.239117     1.55024000e-03
1.239531     1.57254000e-03
1.239944     1.59498000e-03
1.240357     1.57460000e-03
1.240770     1.58349000e-03
1.241184     1.57744000e-03
1.241598     1.56846000e-03
1.242012     1.58699000e-03
1.242426     1.57858000e-03
1.242840     1.61139000e-03
1.243254     1.57290000e-03
1.243668     1.60669000e-03
1.244083     1.55928000e-03
1.244498     1.56391000e-03
1.244913     1.57891000e-03
1.245328     1.57453000e-03
1.245743     1.57560000e-03
1.246158     1.57078000e-03
1.246573     1.58409000e-03
1.246989     1.57956000e-03
1.247404     1.60332000e-03
1.247820     1.58082000e-03
1.248236     1.58167000e-03
1.248652     1.57245000e-03
1.249068     1.58198000e-03
1.249485     1.59514000e-03
1.249901     1.58438000e-03
1.250318     1.58598000e-03
1.250735     1.59313000e-03
1.251152     1.61431000e-03
1.251569     1.61556000e-03
1.251986     1.64248000e-03
1.252403     1.64643000e-03
1.252821     1.58933000e-03
1.253238     1.60636000e-03
1.253656     1.59980000e-03
1.254074     1.60052000e-03
1.254492     1.59158000e-03
1.254910     1.59922000e-03
1.255328     1.62137000e-03
1.255747     1.60150000e-03
1.256165     1.59572000e-03
1.256584     1.65001000e-03
1.257003     1.60945000e-03
1.257422     1.63735000e-03
1.257841     1.60389000e-03
1.258260     1.63320000e-03
1.258680     1.64738000e-03
1.259099     1.61173000e-03
1.259519     1.60608000e-03
1.259939     1.58417000e-03
1.260359     1.63875000e-03
1.260779     1.59880000e-03
1.261199     1.64135000e-03
1.261620     1.67519000e-03
1.262040     1.62328000e-03
1.262461     1.59190000e-03
1.262882     1.59806000e-03
1.263303     1.61585000e-03
1.263724     1.59802000e-03
1.264145     1.66858000e-03
1.264566     1.61656000e-03
1.264988     1.63084000e-03
1.265410     1.63785000e-03
1.265831     1.61949000e-03
1.266253     1.62072000e-03
1.266675     1.62254000e-03
1.267098     1.62346000e-03
1.267520     1.62451000e-03
1.267943     1.63038000e-03
1.268365     1.67915000e-03
1.268788     1.63637000e-03
1.269211     1.63134000e-03
1.269634     1.62947000e-03
1.270057     1.62383000e-03
1.270481     1.63977000e-03
1.270904     1.64664000e-03
1.271328     1.63988000e-03
1.271751     1.64135000e-03
1.272175     1.63856000e-03
1.272599     1.62312000e-03
1.273024     1.63015000e-03
1.273448     1.59867000e-03
1.273872     1.64318000e-03
1.274297     1.65944000e-03
1.274722     1.63596000e-03
1.275147     1.64867000e-03
1.275572     1.64732000e-03
1.275997     1.64727000e-03
1.276422     1.65609000e-03
1.276848     1.64277000e-03
1.277273     1.66192000e-03
1.277699     1.66488000e-03
1.278125     1.67247000e-03
1.278551     1.68622000e-03
1.278977     1.68742000e-03
1.279404     1.71464000e-03
1.279830     1.71088000e-03
1.280257     1.73413000e-03
1.280683     1.76770000e-03
1.281110     1.81048000e-03
1.281537     1.88929000e-03
1.281965     2.21182000e-03
1.282392     2.12438000e-03
1.282819     1.86994000e-03
1.283247     1.79253000e-03
1.283675     1.76160000e-03
1.284103     1.71853000e-03
1.284531     1.73700000e-03
1.284959     1.70555000e-03
1.285387     1.70249000e-03
1.285816     1.69433000e-03
1.286244     1.66090000e-03
1.286673     1.68411000e-03
1.287102     1.67524000e-03
1.287531     1.68739000e-03
1.287960     1.68036000e-03
1.288389     1.69529000e-03
1.288819     1.68170000e-03
1.289248     1.67005000e-03
1.289678     1.67541000e-03
1.290108     1.69277000e-03
1.290538     1.71146000e-03
1.290968     1.68098000e-03
1.291399     1.68654000e-03
1.291829     1.67237000e-03
1.292260     1.67214000e-03
1.292690     1.68983000e-03
1.293121     1.68318000e-03
1.293552     1.68417000e-03
1.293984     1.68852000e-03
1.294415     1.69550000e-03
1.294846     1.68611000e-03
1.295278     1.69527000e-03
1.295710     1.67903000e-03
1.296142     1.70175000e-03
1.296574     1.68148000e-03
1.297006     1.70479000e-03
1.297438     1.70788000e-03
1.297871     1.70877000e-03
1.298303     1.67681000e-03
1.298736     1.68062000e-03
1.299169     1.69049000e-03
1.299602     1.67900000e-03
1.300035     1.68929000e-03
1.300469     1.67892000e-03
1.300902     1.70177000e-03
1.301336     1.68285000e-03
1.301770     1.68629000e-03
1.302203     1.69202000e-03
1.302638     1.68646000e-03
1.303072     1.69584000e-03
1.303506     1.72389000e-03
1.303941     1.69653000e-03
1.304375     1.69866000e-03
1.304810     1.70092000e-03
1.305245     1.69358000e-03
1.305680     1.69811000e-03
1.306115     1.69545000e-03
1.306551     1.72941000e-03
1.306986     1.69708000e-03
1.307422     1.68593000e-03
1.307858     1.70904000e-03
1.308294     1.69363000e-03
1.308730     1.69293000e-03
1.309166     1.69044000e-03
1.309602     1.66932000e-03
1.310039     1.73598000e-03
1.310476     1.70845000e-03
1.310912     1.68208000e-03
1.311349     1.68556000e-03
1.311786     1.70456000e-03
1.312224     1.72159000e-03
1.312661     1.83569000e-03
1.313099     1.70569000e-03
1.313536     1.71889000e-03
1.313974     1.73075000e-03
1.314412     1.69247000e-03
1.314850     1.72498000e-03
1.315289     1.82128000e-03
1.315727     1.74071000e-03
1.316166     1.72437000e-03
1.316604     1.70350000e-03
1.317043     1.73108000e-03
1.317482     1.70900000e-03
1.317921     1.75716000e-03
1.318361     1.73300000e-03
1.318800     1.69209000e-03
1.319240     1.72199000e-03
1.319679     1.71688000e-03
1.320119     1.72844000e-03
1.320559     1.69961000e-03
1.321000     1.72643000e-03
1.321440     1.73848000e-03
1.321880     1.72392000e-03
1.322321     1.69889000e-03
1.322762     1.72416000e-03
1.323203     1.70089000e-03
1.323644     1.71759000e-03
1.324085     1.69769000e-03
1.324526     1.72944000e-03
1.324968     1.71838000e-03
1.325410     1.70052000e-03
1.325851     1.73148000e-03
1.326293     1.73598000e-03
1.326735     1.71322000e-03
1.327178     1.73615000e-03
1.327620     1.72071000e-03
1.328063     1.65594000e-03
1.328505     1.74704000e-03
1.328948     1.77587000e-03
1.329391     1.73961000e-03
1.329834     1.76691000e-03
1.330278     1.73229000e-03
1.330721     1.76045000e-03
1.331165     1.73633000e-03
1.331608     1.72378000e-03
1.332052     1.81381000e-03
1.332496     1.70611000e-03
1.332940     1.72510000e-03
1.333385     1.71857000e-03
1.333829     1.68708000e-03
1.334274     1.70750000e-03
1.334718     1.73176000e-03
1.335163     1.51670000e-03
1.335608     1.66376000e-03
1.336054     1.66951000e-03
1.336499     1.71272000e-03
1.336944     1.67884000e-03
1.337390     1.64717000e-03
1.337836     1.75505000e-03
1.338282     1.51441000e-03
1.338728     1.76447000e-03
1.339174     1.69620000e-03
1.339621     1.71276000e-03
1.340067     1.51697000e-03
1.340514     1.61812000e-03
1.340961     1.64131000e-03
1.341408     1.76610000e-03
1.341855     1.48062000e-03
1.342302     1.67084000e-03
1.342749     1.47813000e-03
1.343197     1.71677000e-03
1.343645     1.68603000e-03
1.344093     1.74102000e-03
1.344541     1.52457000e-03
1.344989     1.75795000e-03
1.345437     1.74912000e-03
1.345886     1.70776000e-03
1.346334     1.58387000e-03
1.346783     1.45283000e-03
1.347232     1.72146000e-03
1.347681     1.45202000e-03
1.348130     1.72564000e-03
1.348580     1.74737000e-03
1.349029     1.58778000e-03
1.349479     1.74003000e-03
1.349929     1.48785000e-03
1.350379     1.62092000e-03
1.350829     1.74692000e-03
1.351279     1.76155000e-03
1.351730     1.55496000e-03
1.352180     1.75091000e-03
1.352631     1.76996000e-03
1.353082     1.75240000e-03
1.353533     1.75002000e-03
1.353984     1.68752000e-03
1.354435     1.75600000e-03
1.354887     1.81900000e-03
1.355338     1.62272000e-03
1.355790     1.52606000e-03
1.356242     1.81774000e-03
1.356694     1.69559000e-03
1.357146     1.47655000e-03
1.357599     1.67910000e-03
1.358051     1.73435000e-03
1.358504     1.66788000e-03
1.358957     1.71384000e-03
1.359410     1.65877000e-03
1.359863     1.64372000e-03
1.360316     1.74502000e-03
1.360770     1.77424000e-03
1.361223     1.65350000e-03
1.361677     1.52169000e-03
1.362131     1.70448000e-03
1.362585     1.74241000e-03
1.363039     1.66542000e-03
1.363493     1.62059000e-03
1.363948     1.71828000e-03
1.364403     1.68886000e-03
1.364857     1.63999000e-03
1.365312     1.78626000e-03
1.365767     1.64465000e-03
1.366223     1.68410000e-03
1.366678     1.65077000e-03
1.367134     1.62349000e-03
1.367589     1.69698000e-03
1.368045     1.75911000e-03
1.368501     1.67132000e-03
1.368957     1.76781000e-03
1.369414     1.68005000e-03
1.369870     1.72728000e-03
1.370327     1.63239000e-03
1.370784     1.80163000e-03
1.371241     1.66576000e-03
1.371698     1.68389000e-03
1.372155     1.74438000e-03
1.372612     1.71447000e-03
1.373070     1.79569000e-03
1.373527     1.75922000e-03
1.373985     1.73056000e-03
1.374443     1.61387000e-03
1.374901     1.83416000e-03
1.375360     1.79442000e-03
1.375818     1.75032000e-03
1.376277     1.68785000e-03
1.376736     1.79748000e-03
1.377195     1.77987000e-03
1.377654     1.61070000e-03
1.378113     1.76499000e-03
1.378572     1.67867000e-03
1.379032     1.65018000e-03
1.379491     1.69460000e-03
1.379951     1.76354000e-03
1.380411     1.77869000e-03
1.380871     1.79910000e-03
1.381332     1.78485000e-03
1.381792     1.79932000e-03
1.382253     1.66367000e-03
1.382713     1.53740000e-03
1.383174     1.65970000e-03
1.383635     1.82291000e-03
1.384097     1.75170000e-03
1.384558     1.57563000e-03
1.385019     1.73742000e-03
1.385481     1.81710000e-03
1.385943     1.77929000e-03
1.386405     1.53222000e-03
1.386867     1.82657000e-03
1.387329     1.65454000e-03
1.387792     1.80095000e-03
1.388254     1.76031000e-03
1.388717     1.77331000e-03
1.389180     1.69812000e-03
1.389643     1.62857000e-03
1.390106     1.78976000e-03
1.390570     1.58608000e-03
1.391033     1.85315000e-03
1.391497     1.73098000e-03
1.391961     1.64090000e-03
1.392425     1.63219000e-03
1.392889     1.70606000e-03
1.393353     1.66893000e-03
1.393818     1.79354000e-03
1.394282     1.81594000e-03
1.394747     1.66207000e-03
1.395212     1.61124000e-03
1.395677     1.61430000e-03
1.396142     1.82757000e-03
1.396608     1.54464000e-03
1.397073     1.54050000e-03
1.397539     1.52341000e-03
1.398005     1.66404000e-03
1.398471     1.74976000e-03
1.398937     1.61137000e-03
1.399403     1.68146000e-03
1.399870     1.81882000e-03
1.400336     1.80564000e-03
1.400803     1.83432000e-03
1.401270     1.85992000e-03
1.401737     1.79829000e-03
1.402204     1.67623000e-03
1.402672     1.75636000e-03
1.403139     1.82563000e-03
1.403607     1.80333000e-03
1.404075     1.68278000e-03
1.404543     1.72257000e-03
1.405011     1.52790000e-03
1.405479     1.70582000e-03
1.405948     1.72417000e-03
1.406416     1.79147000e-03
1.406885     1.75377000e-03
1.407354     1.77586000e-03
1.407823     1.64539000e-03
1.408293     1.69784000e-03
1.408762     1.75570000e-03
1.409232     1.77589000e-03
1.409701     1.77276000e-03
1.410171     1.79449000e-03
1.410641     1.70496000e-03
1.411112     1.81852000e-03
1.411582     1.82514000e-03
1.412052     1.76865000e-03
1.412523     1.88691000e-03
1.412994     1.78701000e-03
1.413465     1.79147000e-03
1.413936     1.67722000e-03
1.414407     1.85642000e-03
1.414879     1.67928000e-03
1.415351     1.81053000e-03
1.415822     1.78612000e-03
1.416294     1.84420000e-03
1.416766     1.81710000e-03
1.417239     1.76710000e-03
1.417711     1.57771000e-03
1.418184     1.56560000e-03
1.418656     1.77245000e-03
1.419129     1.79105000e-03
1.419602     1.69839000e-03
1.420075     1.74313000e-03
1.420549     1.69556000e-03
1.421022     1.80985000e-03
1.421496     1.56566000e-03
1.421970     1.61622000e-03
1.422444     1.74122000e-03
1.422918     1.85828000e-03
1.423392     1.79975000e-03
1.423867     1.80290000e-03
1.424341     1.71498000e-03
1.424816     1.75326000e-03
1.425291     1.75865000e-03
1.425766     1.87607000e-03
1.426241     1.86727000e-03
1.426717     1.70514000e-03
1.427192     1.76929000e-03
1.427668     1.82146000e-03
1.428144     1.60837000e-03
1.428620     1.76462000e-03
1.429096     1.78335000e-03
1.429573     1.97750000e-03
1.430049     1.77731000e-03
1.430526     1.78991000e-03
1.431003     1.89260000e-03
1.431480     1.63125000e-03
1.431957     1.83965000e-03
1.432434     1.67674000e-03
1.432912     1.80724000e-03
1.433389     1.82177000e-03
1.433867     1.81256000e-03
1.434345     1.74411000e-03
1.434823     1.85608000e-03
1.435301     1.75683000e-03
1.435780     1.75877000e-03
1.436258     1.81096000e-03
1.436737     1.77915000e-03
1.437216     1.79847000e-03
1.437695     1.85520000e-03
1.438174     1.64237000e-03
1.438654     1.80959000e-03
1.439133     1.75545000e-03
1.439613     1.85621000e-03
1.440093     1.88283000e-03
1.440573     2.09467000e-03
1.441053     1.73860000e-03
1.441534     1.81585000e-03
1.442014     1.85013000e-03
1.442495     1.93255000e-03
1.442976     1.74313000e-03
1.443457     1.82558000e-03
1.443938     1.71211000e-03
1.444419     1.69302000e-03
1.444900     1.73460000e-03
1.445382     1.77723000e-03
1.445864     1.70175000e-03
1.446346     1.87146000e-03
1.446828     1.81280000e-03
1.447310     1.72143000e-03
1.447793     1.77810000e-03
1.448275     1.89650000e-03
1.448758     1.83244000e-03
1.449241     1.79885000e-03
1.449724     1.86372000e-03
1.450207     1.87630000e-03
1.450691     1.72032000e-03
1.451174     1.80767000e-03
1.451658     1.90352000e-03
1.452142     1.86491000e-03
1.452626     1.73646000e-03
1.453110     1.77852000e-03
1.453595     1.67454000e-03
1.454079     1.84721000e-03
1.454564     2.05900000e-03
1.455049     1.92503000e-03
1.455534     1.59602000e-03
1.456019     1.77655000e-03
1.456504     1.62660000e-03
1.456990     2.20469000e-03
1.457475     1.82367000e-03
1.457961     1.81239000e-03
1.458447     1.77930000e-03
1.458933     1.86276000e-03
1.459420     1.84724000e-03
1.459906     1.76020000e-03
1.460393     1.88190000e-03
1.460879     1.83220000e-03
1.461366     1.72403000e-03
1.461854     1.88166000e-03
1.462341     1.85900000e-03
1.462828     1.82607000e-03
1.463316     1.93699000e-03
1.463804     1.86125000e-03
1.464292     1.94436000e-03
1.464780     1.84248000e-03
1.465268     1.89940000e-03
1.465756     1.95024000e-03
1.466245     1.83496000e-03
1.466734     1.87689000e-03
1.467223     1.82813000e-03
1.467712     1.73993000e-03
1.468201     1.66068000e-03
1.468690     1.87421000e-03
1.469180     1.81797000e-03
1.469670     1.61978000e-03
1.470160     1.76920000e-03
1.470650     1.99336000e-03
1.471140     1.86155000e-03
1.471630     1.79220000e-03
1.472121     1.80107000e-03
1.472611     1.80838000e-03
1.473102     1.79418000e-03
1.473593     1.81866000e-03
1.474085     1.88158000e-03
1.474576     1.71251000e-03
1.475067     1.80172000e-03
1.475559     1.98284000e-03
1.476051     1.94882000e-03
1.476543     1.71575000e-03
1.477035     1.83409000e-03
1.477527     1.94076000e-03
1.478020     1.75354000e-03
1.478513     2.08669000e-03
1.479006     1.87902000e-03
1.479499     1.87581000e-03
1.479992     1.72266000e-03
1.480485     1.92292000e-03
1.480978     1.76149000e-03
1.481472     1.87790000e-03
1.481966     1.79627000e-03
1.482460     1.90795000e-03
1.482954     1.83057000e-03
1.483448     1.86726000e-03
1.483943     1.91785000e-03
1.484438     1.73573000e-03
1.484932     1.93077000e-03
1.485427     1.93689000e-03
1.485923     1.83309000e-03
1.486418     1.85876000e-03
1.486913     1.96151000e-03
1.487409     1.93709000e-03
1.487905     1.83162000e-03
1.488401     2.11183000e-03
1.488897     1.84788000e-03
1.489393     1.89206000e-03
1.489890     1.85735000e-03
1.490386     1.99275000e-03
1.490883     1.71186000e-03
1.491380     1.90039000e-03
1.491877     1.89139000e-03
1.492374     1.85505000e-03
1.492872     1.76626000e-03
1.493369     1.83234000e-03
1.493867     1.88335000e-03
1.494365     1.89926000e-03
1.494863     1.83437000e-03
1.495362     1.93958000e-03
1.495860     1.77079000e-03
1.496359     1.92740000e-03
1.496857     1.88872000e-03
1.497356     1.95969000e-03
1.497856     1.88680000e-03
1.498355     1.90192000e-03
1.498854     1.93769000e-03
1.499354     1.93626000e-03
1.499854     1.89172000e-03
1.500354     1.80704000e-03
1.500854     1.93066000e-03
1.501354     1.86786000e-03
1.501855     1.96016000e-03
1.502355     1.76150000e-03
1.502856     2.04575000e-03
1.503357     1.95607000e-03
1.503858     1.79149000e-03
1.504359     2.15193000e-03
1.504861     2.00556000e-03
1.505362     1.96437000e-03
1.505864     1.83562000e-03
1.506366     1.98232000e-03
1.506868     1.92983000e-03
1.507370     1.96222000e-03
1.507873     1.78140000e-03
1.508376     1.92823000e-03
1.508878     1.92030000e-03
1.509381     1.90528000e-03
1.509884     2.10905000e-03
1.510388     1.97056000e-03
1.510891     1.89180000e-03
1.511395     1.98248000e-03
1.511899     1.97580000e-03
1.512403     2.06484000e-03
1.512907     1.96128000e-03
1.513411     1.80940000e-03
1.513916     1.81784000e-03
1.514420     1.81829000e-03
1.514925     1.98838000e-03
1.515430     1.88222000e-03
1.515935     1.99211000e-03
1.516440     1.91433000e-03
1.516946     1.91960000e-03
1.517452     1.79164000e-03
1.517957     1.91954000e-03
1.518463     1.91549000e-03
1.518969     2.02208000e-03
1.519476     1.98048000e-03
1.519982     1.93894000e-03
1.520489     1.96994000e-03
1.520996     2.08701000e-03
1.521503     2.04672000e-03
1.522010     1.83382000e-03
1.522517     2.01109000e-03
1.523025     1.80773000e-03
1.523532     1.93801000e-03
1.524040     1.98649000e-03
1.524548     2.00723000e-03
1.525057     1.92559000e-03
1.525565     1.82494000e-03
1.526073     1.84699000e-03
1.526582     1.92584000e-03
1.527091     1.87174000e-03
1.527600     1.98485000e-03
1.528109     1.94036000e-03
1.528619     1.99827000e-03
1.529128     1.97968000e-03
1.529638     2.06360000e-03
1.530148     1.99427000e-03
1.530658     2.04356000e-03
1.531168     1.92596000e-03
1.531678     1.86225000e-03
1.532189     1.75291000e-03
1.532700     2.00318000e-03
1.533211     2.00009000e-03
1.533722     2.04373000e-03
1.534233     1.89123000e-03
1.534744     2.01819000e-03
1.535256     1.92754000e-03
1.535768     1.85740000e-03
1.536279     1.90854000e-03
1.536792     1.99530000e-03
1.537304     1.85360000e-03
1.537816     1.93151000e-03
1.538329     1.91890000e-03
1.538842     2.00736000e-03
1.539355     1.94629000e-03
1.539868     2.09709000e-03
1.540381     1.99900000e-03
1.540894     1.94948000e-03
1.541408     2.00773000e-03
1.541922     1.88603000e-03
1.542436     2.02212000e-03
1.542950     1.93789000e-03
1.543464     1.96122000e-03
1.543979     2.05507000e-03
1.544493     1.92160000e-03
1.545008     2.06852000e-03
1.545523     2.01651000e-03
1.546039     1.94349000e-03
1.546554     1.86895000e-03
1.547069     1.99643000e-03
1.547585     2.01936000e-03
1.548101     2.01635000e-03
1.548617     1.92220000e-03
1.549133     2.03439000e-03
1.549650     2.03016000e-03
1.550166     2.04336000e-03
1.550683     1.97866000e-03
1.551200     1.98473000e-03
1.551717     2.02099000e-03
1.552234     1.99908000e-03
1.552751     1.92783000e-03
1.553269     1.99682000e-03
1.553787     1.99300000e-03
1.554305     2.05250000e-03
1.554823     2.04898000e-03
1.555341     2.04420000e-03
1.555860     1.99369000e-03
1.556378     2.12041000e-03
1.556897     2.01683000e-03
1.557416     2.06477000e-03
1.557935     2.00793000e-03
1.558454     2.02912000e-03
1.558974     2.08853000e-03
1.559493     2.02475000e-03
1.560013     2.04630000e-03
1.560533     1.99773000e-03
1.561053     1.80650000e-03
1.561574     2.05723000e-03
1.562094     2.02057000e-03
1.562615     2.02506000e-03
1.563136     1.82793000e-03
1.563657     2.02179000e-03
1.564178     2.02853000e-03
1.564700     2.00428000e-03
1.565221     1.99360000e-03
1.565743     1.90648000e-03
1.566265     2.02014000e-03
1.566787     2.09627000e-03
1.567309     1.96924000e-03
1.567832     2.03930000e-03
1.568354     2.12712000e-03
1.568877     2.04104000e-03
1.569400     2.08504000e-03
1.569923     2.08905000e-03
1.570446     2.13549000e-03
1.570970     2.10663000e-03
1.571494     2.10823000e-03
1.572017     2.01574000e-03
1.572541     2.07746000e-03
1.573066     2.09868000e-03
1.573590     2.01134000e-03
1.574114     1.98536000e-03
1.574639     2.09476000e-03
1.575164     2.15324000e-03
1.575689     2.10763000e-03
1.576214     1.96496000e-03
1.576740     2.18802000e-03
1.577265     2.24885000e-03
1.577791     2.10681000e-03
1.578317     2.00125000e-03
1.578843     2.03411000e-03
1.579369     2.07908000e-03
1.579896     2.03664000e-03
1.580422     1.99829000e-03
1.580949     2.00196000e-03
1.581476     2.02894000e-03
1.582003     2.03133000e-03
1.582531     2.16120000e-03
1.583058     2.04004000e-03
1.583586     2.01314000e-03
1.584114     2.08541000e-03
1.584642     2.10088000e-03
1.585170     1.99990000e-03
1.585698     2.10387000e-03
1.586227     2.13530000e-03
1.586756     2.12873000e-03
1.587285     2.64224000e-03
1.587814     2.16338000e-03
1.588343     2.24470000e-03
1.588872     2.29326000e-03
1.589402     2.37628000e-03
1.589932     2.15462000e-03
1.590462     2.19560000e-03
1.590992     2.11307000e-03
1.591522     2.16181000e-03
1.592053     2.08579000e-03
1.592584     2.06512000e-03
1.593114     2.06628000e-03
1.593645     2.10605000e-03
1.594177     2.07554000e-03
1.594708     2.13456000e-03
1.595240     2.04382000e-03
1.595771     2.11556000e-03
1.596303     2.19954000e-03
1.596835     2.10307000e-03
1.597368     2.12809000e-03
1.597900     2.09674000e-03
1.598433     2.10859000e-03
1.598966     2.12789000e-03
1.599499     2.07927000e-03
1.600032     2.04033000e-03
1.600565     2.02841000e-03
1.601099     2.25965000e-03
1.601632     2.08663000e-03
1.602166     2.06678000e-03
1.602700     2.12082000e-03
1.603234     2.14894000e-03
1.603769     2.12103000e-03
1.604303     2.12609000e-03
1.604838     2.10251000e-03
1.605373     2.17584000e-03
1.605908     2.11500000e-03
1.606444     2.19704000e-03
1.606979     2.17356000e-03
1.607515     2.17816000e-03
1.608051     2.13709000e-03
1.608587     2.12048000e-03
1.609123     2.19822000e-03
1.609659     2.27236000e-03
1.610196     2.30364000e-03
1.610732     2.27675000e-03
1.611269     2.25202000e-03
1.611806     2.34411000e-03
1.612344     2.23466000e-03
1.612881     2.21631000e-03
1.613419     2.20037000e-03
1.613957     2.18144000e-03
1.614495     2.09922000e-03
1.615033     2.13620000e-03
1.615571     2.08645000e-03
1.616110     2.21252000e-03
1.616648     2.15381000e-03
1.617187     2.16955000e-03
1.617726     2.15539000e-03
1.618266     2.20286000e-03
1.618805     2.18663000e-03
1.619345     2.14595000e-03
1.619884     2.19796000e-03
1.620424     2.22220000e-03
1.620964     2.12316000e-03
1.621505     2.13277000e-03
1.622045     2.18466000e-03
1.622586     2.08747000e-03
1.623127     2.15185000e-03
1.623668     2.16283000e-03
1.624209     2.15915000e-03
1.624750     2.17781000e-03
1.625292     2.13826000e-03
1.625834     2.12623000e-03
1.626376     2.06158000e-03
1.626918     2.12033000e-03
1.627460     2.18187000e-03
1.628003     2.14422000e-03
1.628545     2.15802000e-03
1.629088     2.12174000e-03
1.629631     2.19049000e-03
1.630174     2.12721000e-03
1.630718     2.05899000e-03
1.631261     2.11140000e-03
1.631805     2.17105000e-03
1.632349     2.18031000e-03
1.632893     2.38449000e-03
1.633438     2.22006000e-03
1.633982     2.19400000e-03
1.634527     2.12936000e-03
1.635071     2.15460000e-03
1.635617     2.19760000e-03
1.636162     2.14679000e-03
1.636707     2.31928000e-03
1.637253     2.23488000e-03
1.637798     2.20055000e-03
1.638344     2.36725000e-03
1.638890     2.32549000e-03
1.639437     2.26271000e-03
1.639983     2.37470000e-03
1.640530     2.39900000e-03
1.641077     2.47661000e-03
1.641624     2.38866000e-03
1.642171     2.39361000e-03
1.642718     2.28395000e-03
1.643266     2.26802000e-03
1.643814     2.30231000e-03
1.644362     2.29073000e-03
1.644910     2.35848000e-03
1.645458     2.17444000e-03
1.646007     2.23632000e-03
1.646555     2.21197000e-03
1.647104     2.26902000e-03
1.647653     2.28674000e-03
1.648202     2.20490000e-03
1.648752     2.19516000e-03
1.649301     2.31529000e-03
1.649851     2.19526000e-03
1.650401     2.21612000e-03
1.650951     2.23488000e-03
1.651501     2.20521000e-03
1.652052     2.21074000e-03
1.652603     2.27380000e-03
1.653154     2.25331000e-03
1.653705     2.21035000e-03
1.654256     2.26325000e-03
1.654807     2.23438000e-03
1.655359     2.24458000e-03
1.655911     2.24755000e-03
1.656463     2.25098000e-03
1.657015     2.21411000e-03
1.657567     2.19714000e-03
1.658120     2.24462000e-03
1.658672     2.21302000e-03
1.659225     2.26759000e-03
1.659778     2.23550000e-03
1.660332     2.21736000e-03
1.660885     2.20316000e-03
1.661439     2.22941000e-03
1.661992     2.21155000e-03
1.662546     2.19679000e-03
1.663101     2.22476000e-03
1.663655     2.30523000e-03
1.664210     2.17288000e-03
1.664764     2.25690000e-03
1.665319     2.32989000e-03
1.665874     2.28698000e-03
1.666430     2.25925000e-03
1.666985     2.29019000e-03
1.667541     2.24640000e-03
1.668097     2.20580000e-03
1.668653     2.32874000e-03
1.669209     2.24889000e-03
1.669765     2.27960000e-03
1.670322     2.22858000e-03
1.670879     2.23415000e-03
1.671436     2.26656000e-03
1.671993     2.23626000e-03
1.672550     2.38645000e-03
1.673108     2.32105000e-03
1.673665     2.27553000e-03
1.674223     2.30811000e-03
1.674781     2.28136000e-03
1.675339     2.41502000e-03
1.675898     2.34099000e-03
1.676457     2.31389000e-03
1.677015     2.30725000e-03
1.677574     2.32305000e-03
1.678134     2.32581000e-03
1.678693     2.37108000e-03
1.679252     2.40431000e-03
1.679812     2.50615000e-03
1.680372     2.56016000e-03
1.680932     2.73149000e-03
1.681493     2.62555000e-03
1.682053     2.57216000e-03
1.682614     2.46748000e-03
1.683175     2.43083000e-03
1.683736     2.39979000e-03
1.684297     2.32811000e-03
1.684858     2.35398000e-03
1.685420     2.35839000e-03
1.685982     2.36600000e-03
1.686544     2.36962000e-03
1.687106     2.36743000e-03
1.687668     2.33237000e-03
1.688231     2.28476000e-03
1.688794     2.32465000e-03
1.689357     2.40192000e-03
1.689920     2.28278000e-03
1.690483     2.32311000e-03
1.691047     2.32347000e-03
1.691610     2.31406000e-03
1.692174     2.24740000e-03
1.692738     2.26372000e-03
1.693302     2.33463000e-03
1.693867     2.28984000e-03
1.694431     2.29685000e-03
1.694996     2.26078000e-03
1.695561     2.31387000e-03
1.696126     2.25247000e-03
1.696692     2.33054000e-03
1.697257     2.32370000e-03
1.697823     2.14021000e-03
1.698389     2.32275000e-03
1.698955     2.35428000e-03
1.699522     2.35628000e-03
1.700088     2.38159000e-03
1.700655     2.28371000e-03
1.701222     2.41745000e-03
1.701789     2.37778000e-03
1.702356     2.29716000e-03
1.702923     2.32830000e-03
1.703491     2.34791000e-03
1.704059     2.33120000e-03
1.704627     2.17101000e-03
1.705195     2.34179000e-03
1.705763     2.30890000e-03
1.706332     2.33506000e-03
1.706901     2.32535000e-03
1.707470     2.35200000e-03
1.708039     2.32926000e-03
1.708608     2.19206000e-03
1.709178     2.31361000e-03
1.709748     2.36549000e-03
1.710317     2.34546000e-03
1.710888     2.21904000e-03
1.711458     2.44429000e-03
1.712028     2.36728000e-03
1.712599     2.36970000e-03
1.713170     2.19104000e-03
1.713741     2.12286000e-03
1.714312     2.33768000e-03
1.714884     2.29206000e-03
1.715455     2.34491000e-03
1.716027     2.32352000e-03
1.716599     2.37868000e-03
1.717171     2.36140000e-03
1.717744     2.25751000e-03
1.718316     2.32290000e-03
1.718889     2.31157000e-03
1.719462     2.25251000e-03
1.720035     2.30065000e-03
1.720609     2.34795000e-03
1.721182     2.39249000e-03
1.721756     2.29622000e-03
1.722330     2.17108000e-03
1.722904     2.44003000e-03
1.723478     2.41769000e-03
1.724053     2.42482000e-03
1.724627     2.30802000e-03
1.725202     2.39980000e-03
1.725777     2.37674000e-03
1.726352     2.35789000e-03
1.726928     2.33352000e-03
1.727504     2.40345000e-03
1.728079     2.42956000e-03
1.728655     2.41913000e-03
1.729232     2.36375000e-03
1.729808     2.34281000e-03
1.730385     2.42958000e-03
1.730961     2.49841000e-03
1.731538     2.43979000e-03
1.732116     2.48365000e-03
1.732693     2.51527000e-03
1.733271     2.42637000e-03
1.733848     2.50676000e-03
1.734426     2.51500000e-03
1.735004     2.23870000e-03
1.735583     2.58997000e-03
1.736161     2.73941000e-03
1.736740     2.94061000e-03
1.737319     2.75800000e-03
1.737898     2.44795000e-03
1.738477     2.18518000e-03
1.739057     2.57192000e-03
1.739637     2.54655000e-03
1.740216     2.42827000e-03
1.740796     2.39605000e-03
1.741377     2.49861000e-03
1.741957     2.33113000e-03
1.742538     2.41750000e-03
1.743119     2.46640000e-03
1.743700     2.26792000e-03
1.744281     2.37953000e-03
1.744862     2.41759000e-03
1.745444     2.49426000e-03
1.746026     2.16061000e-03
1.746608     2.14597000e-03
1.747190     2.21014000e-03
1.747772     2.39321000e-03
1.748355     2.29122000e-03
1.748938     2.41989000e-03
1.749521     2.11597000e-03
1.750104     2.35049000e-03
1.750687     2.16253000e-03
1.751271     2.54321000e-03
1.751855     2.37152000e-03
1.752439     2.44571000e-03
1.753023     2.40640000e-03
1.753607     2.38286000e-03
1.754192     2.34459000e-03
1.754776     2.43410000e-03
1.755361     2.40683000e-03
1.755946     2.42793000e-03
1.756532     2.07921000e-03
1.757117     2.43128000e-03
1.757703     2.41651000e-03
1.758289     2.41400000e-03
1.758875     2.43972000e-03
1.759461     2.24427000e-03
1.760048     2.30698000e-03
1.760634     2.46066000e-03
1.761221     2.47862000e-03
1.761808     2.40692000e-03
1.762396     2.56304000e-03
1.762983     2.37358000e-03
1.763571     2.42808000e-03
1.764159     2.50264000e-03
1.764747     2.47603000e-03
1.765335     2.21791000e-03
1.765923     2.37574000e-03
1.766512     2.43621000e-03
1.767101     2.20948000e-03
1.767690     2.20818000e-03
1.768279     2.50299000e-03
1.768869     2.47213000e-03
1.769458     2.37784000e-03
1.770048     2.44349000e-03
1.770638     2.41070000e-03
1.771228     2.49118000e-03
1.771819     2.40738000e-03
1.772409     2.31862000e-03
1.773000     2.39574000e-03
1.773591     2.42868000e-03
1.774182     2.45054000e-03
1.774774     2.46717000e-03
1.775365     2.29239000e-03
1.775957     2.23202000e-03
1.776549     2.45003000e-03
1.777141     2.35127000e-03
1.777734     2.48520000e-03
1.778326     2.31516000e-03
1.778919     2.46198000e-03
1.779512     2.15346000e-03
1.780105     2.35150000e-03
1.780698     2.40297000e-03
1.781292     2.41133000e-03
1.781886     2.40858000e-03
1.782480     2.22855000e-03
1.783074     2.51881000e-03
1.783668     2.15982000e-03
1.784263     2.22089000e-03
1.784857     2.37636000e-03
1.785452     2.33017000e-03
1.786048     2.26797000e-03
1.786643     2.15173000e-03
1.787238     2.15592000e-03
1.787834     2.30772000e-03
1.788430     2.48811000e-03
1.789026     2.25402000e-03
1.789623     2.39696000e-03
1.790219     2.31001000e-03
1.790816     2.47941000e-03
1.791413     2.16128000e-03
1.792010     2.34406000e-03
1.792607     2.45113000e-03
1.793205     2.16784000e-03
1.793803     2.47095000e-03
1.794401     2.56720000e-03
1.794999     2.13036000e-03
1.795597     2.47953000e-03
1.796196     2.21708000e-03
1.796794     2.52792000e-03
1.797393     2.50015000e-03
1.797992     2.48675000e-03
1.798592     2.49721000e-03
1.799191     2.26970000e-03
1.799791     2.31562000e-03
1.800391     2.49112000e-03
1.800991     2.18499000e-03
1.801591     2.38036000e-03
1.802192     2.50409000e-03
1.802793     2.22445000e-03
1.803394     2.55732000e-03
1.803995     2.39007000e-03
1.804596     2.53904000e-03
1.805198     2.25180000e-03
1.805799     2.50857000e-03
1.806401     2.29412000e-03
1.807003     2.52563000e-03
1.807606     2.22238000e-03
1.808208     2.20989000e-03
1.808811     2.26463000e-03
1.809414     2.55798000e-03
1.810017     2.39537000e-03
1.810620     2.26530000e-03
1.811224     2.26943000e-03
1.811828     2.60559000e-03
1.812432     2.54723000e-03
1.813036     2.63397000e-03
1.813640     2.41307000e-03
1.814245     2.45826000e-03
1.814849     2.60296000e-03
1.815454     2.66625000e-03
1.816059     2.68584000e-03
1.816665     2.82897000e-03
1.817270     2.94500000e-03
1.817876     3.14024000e-03
1.818482     2.93731000e-03
1.819088     2.77308000e-03
1.819695     2.48304000e-03
1.820301     2.32829000e-03
1.820908     2.65071000e-03
1.821515     2.53375000e-03
1.822122     2.28025000e-03
1.822729     2.77131000e-03
1.823337     2.49498000e-03
1.823945     2.58067000e-03
1.824553     2.27223000e-03
1.825161     2.39836000e-03
1.825769     2.46282000e-03
1.826378     2.32527000e-03
1.826987     2.45776000e-03
1.827596     2.54156000e-03
1.828205     2.58242000e-03
1.828814     2.36288000e-03
1.829424     2.55388000e-03
1.830034     2.58249000e-03
1.830644     2.30764000e-03
1.831254     2.31696000e-03
1.831864     2.53344000e-03
1.832475     2.46062000e-03
1.833086     2.44605000e-03
1.833697     2.52937000e-03
1.834308     2.58278000e-03
1.834920     2.45646000e-03
1.835531     2.41744000e-03
1.836143     2.37087000e-03
1.836755     2.40153000e-03
1.837367     2.50659000e-03
1.837980     2.51039000e-03
1.838592     2.47176000e-03
1.839205     2.30494000e-03
1.839818     2.39919000e-03
1.840432     2.28837000e-03
1.841045     2.61625000e-03
1.841659     2.55909000e-03
1.842273     2.55592000e-03
1.842887     2.58704000e-03
1.843501     2.44329000e-03
1.844116     2.24699000e-03
1.844730     2.48642000e-03
1.845345     2.28504000e-03
1.845960     2.29273000e-03
1.846576     2.29163000e-03
1.847191     2.74641000e-03
1.847807     2.46436000e-03
1.848423     2.54769000e-03
1.849039     2.43384000e-03
1.849655     2.25277000e-03
1.850272     2.33087000e-03
1.850889     2.40692000e-03
1.851506     2.37279000e-03
1.852123     2.62119000e-03
1.852740     2.51219000e-03
1.853358     2.34182000e-03
1.853975     2.55885000e-03
1.854593     2.62787000e-03
1.855212     2.54699000e-03
1.855830     2.73041000e-03
1.856449     2.32633000e-03
1.857068     2.40346000e-03
1.857687     2.50706000e-03
1.858306     2.59803000e-03
1.858925     2.46921000e-03
1.859545     2.51357000e-03
1.860165     2.36179000e-03
1.860785     2.58436000e-03
1.861405     2.32522000e-03
1.862025     2.53162000e-03
1.862646     2.48495000e-03
1.863267     2.37640000e-03
1.863888     2.47810000e-03
1.864509     2.62576000e-03
1.865131     2.29111000e-03
1.865753     2.43256000e-03
1.866375     2.45019000e-03
1.866997     2.51302000e-03
1.867619     2.59482000e-03
1.868242     2.44209000e-03
1.868864     2.56037000e-03
1.869487     2.42524000e-03
1.870110     2.41199000e-03
1.870734     2.63368000e-03
1.871357     2.61707000e-03
1.871981     2.58685000e-03
1.872605     2.79095000e-03
1.873229     2.84876000e-03
1.873854     2.76240000e-03
1.874478     2.68556000e-03
1.875103     3.17176000e-03
1.875728     3.67985000e-03
1.876353     2.72157000e-03
1.876979     2.90097000e-03
1.877605     2.69139000e-03
1.878230     2.71161000e-03
1.878857     2.47365000e-03
1.879483     2.52999000e-03
1.880109     2.42784000e-03
1.880736     2.72921000e-03
1.881363     2.59781000e-03
1.881990     2.52181000e-03
1.882617     2.68342000e-03
1.883245     2.57700000e-03
1.883873     2.66247000e-03
1.884501     2.65003000e-03
1.885129     2.62106000e-03
1.885757     2.53073000e-03
1.886386     2.80248000e-03
1.887015     2.57713000e-03
1.887644     2.51620000e-03
1.888273     2.70353000e-03
1.888902     2.51670000e-03
1.889532     2.65605000e-03
1.890162     2.75036000e-03
1.890792     2.58137000e-03
1.891422     2.60902000e-03
1.892052     2.59639000e-03
1.892683     2.71555000e-03
1.893314     2.62909000e-03
1.893945     2.59982000e-03
1.894576     2.53904000e-03
1.895208     2.47831000e-03
1.895840     2.50044000e-03
1.896472     2.53419000e-03
1.897104     2.63429000e-03
1.897736     2.54744000e-03
1.898369     2.34014000e-03
1.899002     2.41240000e-03
1.899635     2.59819000e-03
1.900268     2.42410000e-03
1.900901     2.57942000e-03
1.901535     2.48277000e-03
1.902169     2.63245000e-03
1.902803     2.46735000e-03
1.903437     2.40664000e-03
1.904071     2.34461000e-03
1.904706     2.40522000e-03
1.905341     2.45874000e-03
1.905976     2.57077000e-03
1.906611     2.43627000e-03
1.907247     2.35009000e-03
1.907883     2.46677000e-03
1.908519     2.56754000e-03
1.909155     2.46479000e-03
1.909791     2.56318000e-03
1.910428     2.65632000e-03
1.911065     2.63027000e-03
1.911702     2.47012000e-03
1.912339     2.60273000e-03
1.912976     2.69714000e-03
1.913614     2.66719000e-03
1.914252     2.43040000e-03
1.914890     2.58244000e-03
1.915528     2.45864000e-03
1.916167     2.40695000e-03
1.916806     2.55116000e-03
1.917444     2.46814000e-03
1.918084     2.44804000e-03
1.918723     2.49714000e-03
1.919363     2.52899000e-03
1.920002     2.62732000e-03
1.920642     2.62121000e-03
1.921283     2.61428000e-03
1.921923     2.73921000e-03
1.922564     2.44727000e-03
1.923204     2.69086000e-03
1.923846     2.62017000e-03
1.924487     2.57354000e-03
1.925128     2.51847000e-03
1.925770     2.63496000e-03
1.926412     2.49472000e-03
1.927054     2.69694000e-03
1.927696     2.42399000e-03
1.928339     2.69880000e-03
1.928982     2.59801000e-03
1.929625     2.64327000e-03
1.930268     2.40719000e-03
1.930911     2.52679000e-03
1.931555     2.70575000e-03
1.932199     2.74058000e-03
1.932843     2.51686000e-03
1.933487     2.42513000e-03
1.934132     2.68595000e-03
1.934776     2.79028000e-03
1.935421     2.75305000e-03
1.936067     2.79303000e-03
1.936712     2.55958000e-03
1.937357     2.45398000e-03
1.938003     2.47207000e-03
1.938649     2.63389000e-03
1.939295     2.78223000e-03
1.939942     2.84674000e-03
1.940589     2.63712000e-03
1.941235     2.78629000e-03
1.941882     2.84557000e-03
1.942530     2.64780000e-03
1.943177     2.64223000e-03
1.943825     3.12912000e-03
1.944473     3.02756000e-03
1.945121     3.53988000e-03
1.945769     3.11691000e-03
1.946418     2.69107000e-03
1.947067     2.89647000e-03
1.947716     2.76795000e-03
1.948365     2.72845000e-03
1.949015     2.85449000e-03
1.949664     2.83482000e-03
1.950314     2.61215000e-03
1.950964     2.90125000e-03
1.951615     2.55701000e-03
1.952265     2.61847000e-03
1.952916     2.65859000e-03
1.953567     2.67682000e-03
1.954218     2.47681000e-03
1.954869     2.71815000e-03
1.955521     2.57266000e-03
1.956173     2.53410000e-03
1.956825     2.63697000e-03
1.957477     2.74302000e-03
1.958130     2.75155000e-03
1.958782     2.84904000e-03
1.959435     2.63439000e-03
1.960089     2.81351000e-03
1.960742     2.79565000e-03
1.961395     2.70719000e-03
1.962049     2.62373000e-03
1.962703     2.75391000e-03
1.963358     2.56626000e-03
1.964012     2.64144000e-03
1.964667     2.47967000e-03
1.965322     2.59256000e-03
1.965977     2.62319000e-03
1.966632     2.57727000e-03
1.967288     2.67625000e-03
1.967943     2.59204000e-03
1.968599     2.57942000e-03
1.969255     2.80072000e-03
1.969912     2.75210000e-03
1.970569     2.72030000e-03
1.971225     2.71268000e-03
1.971882     2.63768000e-03
1.972540     2.88139000e-03
1.973197     2.49700000e-03
1.973855     2.71808000e-03
1.974513     2.82574000e-03
1.975171     2.77518000e-03
1.975829     2.84371000e-03
1.976488     2.50339000e-03
1.977147     2.61958000e-03
1.977806     2.59182000e-03
1.978465     2.95986000e-03
1.979125     2.74708000e-03
1.979784     2.83715000e-03
1.980444     2.72294000e-03
1.981105     2.56986000e-03
1.981765     2.56416000e-03
1.982425     2.48580000e-03
1.983086     2.57109000e-03
1.983747     2.78915000e-03
1.984409     2.56352000e-03
1.985070     2.89411000e-03
1.985732     2.61832000e-03
1.986394     2.76328000e-03
1.987056     2.82207000e-03
1.987718     2.63442000e-03
1.988381     2.68907000e-03
1.989043     2.55638000e-03
1.989707     2.49524000e-03
1.990370     2.49247000e-03
1.991033     2.91034000e-03
1.991697     2.72969000e-03
1.992361     2.87074000e-03
1.993025     2.89177000e-03
1.993689     2.87511000e-03
1.994354     2.71008000e-03
1.995019     2.50518000e-03
1.995684     2.82019000e-03
1.996349     2.86332000e-03
1.997014     2.59669000e-03
1.997680     2.60757000e-03
1.998346     2.75522000e-03
1.999012     2.73585000e-03
1.999678     2.53210000e-03
2.000345     2.85284000e-03
2.001012     2.52710000e-03
2.001679     2.80599000e-03
2.002346     2.51327000e-03
2.003013     2.88986000e-03
2.003681     2.83202000e-03
2.004349     2.62875000e-03
2.005017     2.74635000e-03
2.005685     3.00410000e-03
2.006354     2.71344000e-03
2.007023     2.70076000e-03
2.007692     2.63601000e-03
2.008361     2.90380000e-03
2.009030     2.92058000e-03
2.009700     2.60964000e-03
2.010370     2.82186000e-03
2.011040     2.69897000e-03
2.011710     2.80407000e-03
2.012381     2.64168000e-03
2.013052     2.62176000e-03
2.013723     2.68707000e-03
2.014394     2.71541000e-03
2.015065     2.82925000e-03
2.015737     2.64656000e-03
2.016409     2.77310000e-03
2.017081     2.54360000e-03
2.017754     2.72480000e-03
2.018426     2.77979000e-03
2.019099     2.92809000e-03
2.019772     2.54257000e-03
2.020445     2.67017000e-03
2.021119     2.75518000e-03
2.021792     2.80913000e-03
2.022466     2.82254000e-03
2.023141     2.81960000e-03
2.023815     2.91532000e-03
2.024490     2.69120000e-03
2.025164     2.89281000e-03
2.025839     2.68325000e-03
2.026515     2.92161000e-03
2.027190     2.83996000e-03
2.027866     2.57806000e-03
2.028542     2.91618000e-03
2.029218     2.63539000e-03
2.029894     2.69613000e-03
2.030571     2.96936000e-03
2.031248     2.56402000e-03
2.031925     2.59662000e-03
2.032602     2.87023000e-03
2.033280     2.94410000e-03
2.033958     2.77900000e-03
2.034636     2.77251000e-03
2.035314     2.85227000e-03
2.035992     2.69582000e-03
2.036671     2.91617000e-03
2.037350     2.62245000e-03
2.038029     2.79213000e-03
2.038708     2.90059000e-03
2.039388     2.61172000e-03
2.040068     2.85990000e-03
2.040748     2.81604000e-03
2.041428     2.66125000e-03
2.042108     2.71724000e-03
2.042789     2.98011000e-03
2.043470     2.85119000e-03
2.044151     2.84604000e-03
2.044833     2.85522000e-03
2.045514     2.75727000e-03
2.046196     2.78383000e-03
2.046878     2.74121000e-03
2.047560     2.80023000e-03
2.048243     2.98589000e-03
2.048926     2.72190000e-03
2.049609     2.79512000e-03
2.050292     2.78280000e-03
2.050975     2.80481000e-03
2.051659     2.69878000e-03
2.052343     2.98318000e-03
2.053027     2.91322000e-03
2.053711     2.84564000e-03
2.054396     2.70798000e-03
2.055081     2.91681000e-03
2.055766     2.74276000e-03
2.056451     2.79656000e-03
2.057136     2.85389000e-03
2.057822     2.79359000e-03
2.058508     2.83224000e-03
2.059194     2.83854000e-03
2.059881     2.72011000e-03
2.060567     3.04713000e-03
2.061254     2.85973000e-03
2.061941     2.86631000e-03
2.062629     2.99292000e-03
2.063316     2.90418000e-03
2.064004     2.94424000e-03
2.064692     3.00295000e-03
2.065380     2.70543000e-03
2.066069     2.82803000e-03
2.066757     2.99036000e-03
2.067446     2.89532000e-03
2.068135     3.01479000e-03
2.068825     2.84141000e-03
2.069514     2.72446000e-03
2.070204     3.05645000e-03
2.070894     2.84722000e-03
2.071584     2.97021000e-03
2.072275     2.85166000e-03
2.072966     2.80829000e-03
2.073657     2.77646000e-03
2.074348     2.82459000e-03
2.075039     2.76463000e-03
2.075731     2.85040000e-03
2.076423     3.03655000e-03
2.077115     2.85653000e-03
2.077808     2.70992000e-03
2.078500     2.98654000e-03
2.079193     2.70312000e-03
2.079886     2.99803000e-03
2.080579     2.94147000e-03
2.081273     2.95830000e-03
2.081967     2.97577000e-03
2.082661     2.84304000e-03
2.083355     2.71551000e-03
2.084049     2.86006000e-03
2.084744     2.74805000e-03
2.085439     3.02786000e-03
2.086134     2.84781000e-03
2.086829     2.68689000e-03
2.087525     2.93208000e-03
2.088221     2.93366000e-03
2.088917     2.81512000e-03
2.089613     2.93894000e-03
2.090310     2.74877000e-03
2.091007     2.75916000e-03
2.091704     2.80126000e-03
2.092401     3.14223000e-03
2.093098     3.03288000e-03
2.093796     2.85646000e-03
2.094494     2.96828000e-03
2.095192     2.76031000e-03
2.095890     2.93815000e-03
2.096589     2.93453000e-03
2.097288     2.87842000e-03
2.097987     2.94999000e-03
2.098686     2.87791000e-03
2.099386     2.87252000e-03
2.100086     2.81849000e-03
2.100786     2.94673000e-03
2.101486     2.92320000e-03
2.102186     2.79164000e-03
2.102887     3.07912000e-03
2.103588     2.97654000e-03
2.104289     2.94424000e-03
2.104991     2.88978000e-03
2.105692     3.06354000e-03
2.106394     3.05689000e-03
2.107096     3.05863000e-03
2.107799     2.97005000e-03
2.108501     2.74965000e-03
2.109204     2.79156000e-03
2.109907     2.92785000e-03
2.110611     2.91832000e-03
2.111314     3.01318000e-03
2.112018     2.77476000e-03
2.112722     3.00249000e-03
2.113426     3.04059000e-03
2.114131     3.06554000e-03
2.114835     3.02619000e-03
2.115540     3.08163000e-03
2.116246     3.01562000e-03
2.116951     2.81021000e-03
2.117657     2.97644000e-03
2.118362     3.02187000e-03
2.119069     2.98298000e-03
2.119775     3.25387000e-03
2.120482     2.97691000e-03
2.121188     3.01170000e-03
2.121895     2.86721000e-03
2.122603     2.98569000e-03
2.123310     3.01084000e-03
2.124018     3.11582000e-03
2.124726     2.87677000e-03
2.125434     2.88311000e-03
2.126143     2.97748000e-03
2.126851     2.97891000e-03
2.127560     2.86812000e-03
2.128270     3.13514000e-03
2.128979     2.90205000e-03
2.129689     2.99682000e-03
2.130399     2.90902000e-03
2.131109     3.02380000e-03
2.131819     2.87088000e-03
2.132530     3.05452000e-03
2.133241     3.06633000e-03
2.133952     3.09256000e-03
2.134663     2.99358000e-03
2.135374     2.83130000e-03
2.136086     3.03814000e-03
2.136798     3.11960000e-03
2.137511     3.02569000e-03
2.138223     2.95074000e-03
2.138936     3.10992000e-03
2.139649     3.04039000e-03
2.140362     3.03749000e-03
2.141075     3.14905000e-03
2.141789     2.81129000e-03
2.142503     3.02545000e-03
2.143217     3.12870000e-03
2.143932     3.10185000e-03
2.144646     3.07031000e-03
2.145361     3.05795000e-03
2.146076     3.11625000e-03
2.146792     3.04615000e-03
2.147507     3.06761000e-03
2.148223     3.15134000e-03
2.148939     2.95215000e-03
2.149655     3.07450000e-03
2.150372     2.84667000e-03
2.151089     3.03772000e-03
2.151806     3.00089000e-03
2.152523     2.98064000e-03
2.153241     2.91925000e-03
2.153958     2.93386000e-03
2.154676     3.15719000e-03
2.155395     2.96303000e-03
2.156113     2.88769000e-03
2.156832     2.98254000e-03
2.157551     3.13713000e-03
2.158270     3.14910000e-03
2.158989     3.13107000e-03
2.159709     3.19552000e-03
2.160429     3.10103000e-03
2.161149     3.13189000e-03
2.161869     3.23409000e-03
2.162590     3.21052000e-03
2.163311     3.32658000e-03
2.164032     3.17253000e-03
2.164753     3.42415000e-03
2.165475     3.47037000e-03
2.166197     3.91430000e-03
2.166919     3.40558000e-03
2.167641     3.38848000e-03
2.168364     3.37101000e-03
2.169086     3.30175000e-03
2.169809     3.12520000e-03
2.170533     3.01056000e-03
2.171256     3.12377000e-03
2.171980     3.05611000e-03
2.172704     3.12235000e-03
2.173428     3.08226000e-03
2.174153     3.11955000e-03
2.174877     3.22735000e-03
2.175602     3.18631000e-03
2.176328     3.18014000e-03
2.177053     3.11491000e-03
2.177779     2.99254000e-03
2.178505     3.25974000e-03
2.179231     3.23320000e-03
2.179957     3.09821000e-03
2.180684     3.13175000e-03
2.181411     3.05730000e-03
2.182138     3.18360000e-03
2.182865     3.26830000e-03
2.183593     3.19505000e-03
2.184321     3.14750000e-03
2.185049     3.23985000e-03
2.185777     3.06731000e-03
2.186506     3.14419000e-03
2.187235     3.11621000e-03
2.187964     3.10427000e-03
2.188693     3.24206000e-03
2.189423     3.12237000e-03
2.190152     3.14523000e-03
2.190882     3.21325000e-03
2.191613     3.17591000e-03
2.192343     3.14213000e-03
2.193074     3.16910000e-03
2.193805     3.24781000e-03
2.194536     3.19586000e-03
2.195268     3.11279000e-03
2.196000     3.23966000e-03
2.196732     3.19894000e-03
2.197464     3.07102000e-03
2.198196     3.19466000e-03
2.198929     3.18450000e-03
2.199662     3.17681000e-03
2.200395     3.25060000e-03
2.201129     3.21508000e-03
2.201862     3.16710000e-03
2.202596     3.19045000e-03
2.203331     3.08443000e-03
2.204065     3.22936000e-03
2.204800     3.24225000e-03
2.205535     3.14327000e-03
2.206270     3.21190000e-03
2.207005     3.37299000e-03
2.207741     3.25818000e-03
2.208477     3.17597000e-03
2.209213     3.32441000e-03
2.209949     3.23029000e-03
2.210686     3.15681000e-03
2.211423     3.18139000e-03
2.212160     3.23106000e-03
2.212898     3.22869000e-03
2.213635     3.20820000e-03
2.214373     3.25845000e-03
2.215111     3.28563000e-03
2.215850     3.19252000e-03
2.216588     3.31071000e-03
2.217327     3.20635000e-03
2.218066     3.28711000e-03
2.218805     3.23082000e-03
2.219545     3.22842000e-03
2.220285     3.19914000e-03
2.221025     3.23632000e-03
2.221765     2.98664000e-03
2.222506     3.21530000e-03
2.223247     3.12667000e-03
2.223988     3.27280000e-03
2.224729     3.27438000e-03
2.225471     3.21426000e-03
2.226213     3.11460000e-03
2.226955     3.28120000e-03
2.227697     3.25891000e-03
2.228440     3.17409000e-03
2.229182     3.29544000e-03
2.229925     3.23492000e-03
2.230669     3.32669000e-03
2.231412     3.27873000e-03
2.232156     3.26588000e-03
2.232900     3.11098000e-03
2.233644     3.25432000e-03
2.234389     3.20793000e-03
2.235134     3.31286000e-03
2.235879     3.24920000e-03
2.236624     3.19512000e-03
2.237370     3.29674000e-03
2.238115     3.29290000e-03
2.238862     3.30928000e-03
2.239608     3.30259000e-03
2.240354     3.19920000e-03
2.241101     3.21884000e-03
2.241848     3.24048000e-03
2.242595     3.28401000e-03
2.243343     3.29101000e-03
2.244091     3.34332000e-03
2.244839     3.27483000e-03
2.245587     3.26044000e-03
2.246336     3.31688000e-03
2.247084     3.22254000e-03
2.247833     3.29828000e-03
2.248583     3.28756000e-03
2.249332     3.28575000e-03
2.250082     3.29008000e-03
2.250832     3.19809000e-03
2.251582     3.38919000e-03
2.252333     3.33713000e-03
2.253084     3.38834000e-03
2.253835     3.28608000e-03
2.254586     3.34004000e-03
2.255337     3.28738000e-03
2.256089     3.37433000e-03
2.256841     3.39505000e-03
2.257594     3.33931000e-03
2.258346     3.27834000e-03
2.259099     3.33072000e-03
2.259852     3.36405000e-03
2.260605     3.34903000e-03
2.261359     3.24326000e-03
2.262112     3.32035000e-03
2.262866     3.40375000e-03
2.263621     3.34123000e-03
2.264375     3.34230000e-03
2.265130     3.43427000e-03
2.265885     3.43602000e-03
2.266640     3.35652000e-03
2.267396     3.34052000e-03
2.268152     3.35882000e-03
2.268908     3.33752000e-03
2.269664     3.41934000e-03
2.270421     3.02331000e-03
2.271178     3.38625000e-03
2.271935     3.26961000e-03
2.272692     3.34387000e-03
2.273449     3.32011000e-03
2.274207     3.36305000e-03
2.274965     3.43458000e-03
2.275724     3.39757000e-03
2.276482     3.43100000e-03
2.277241     3.35110000e-03
2.278000     3.39651000e-03
2.278759     3.39717000e-03
2.279519     3.39496000e-03
2.280279     3.36695000e-03
2.281039     3.31197000e-03
2.281799     3.50788000e-03
2.282560     3.39633000e-03
2.283321     3.37117000e-03
2.284082     3.39899000e-03
2.284843     3.39052000e-03
2.285605     3.42280000e-03
2.286367     3.42808000e-03
2.287129     3.39286000e-03
2.287891     3.40244000e-03
2.288654     3.18529000e-03
2.289417     3.38488000e-03
2.290180     3.32224000e-03
2.290943     3.47169000e-03
2.291707     3.38681000e-03
2.292471     3.42823000e-03
2.293235     3.40585000e-03
2.293999     3.41676000e-03
2.294764     3.42039000e-03
2.295529     3.38056000e-03
2.296294     3.14213000e-03
2.297060     3.47580000e-03
2.297825     3.39195000e-03
2.298591     3.41805000e-03
2.299357     3.45323000e-03
2.300124     3.47081000e-03
2.300891     3.37226000e-03
2.301658     3.34648000e-03
2.302425     3.38361000e-03
2.303192     3.39459000e-03
2.303960     3.28155000e-03
2.304728     3.29229000e-03
2.305496     3.14527000e-03
2.306265     3.41953000e-03
2.307033     3.44331000e-03
2.307802     3.27978000e-03
2.308572     3.41747000e-03
2.309341     3.41316000e-03
2.310111     3.39138000e-03
2.310881     3.42918000e-03
2.311651     3.20854000e-03
2.312422     3.42798000e-03
2.313193     3.37437000e-03
2.313964     3.34937000e-03
2.314735     3.24807000e-03
2.315507     3.43042000e-03
2.316279     3.35355000e-03
2.317051     3.37678000e-03
2.317823     3.45294000e-03
2.318596     3.46244000e-03
2.319368     3.41768000e-03
2.320142     3.43014000e-03
2.320915     3.38756000e-03
2.321689     3.46524000e-03
2.322462     3.30996000e-03
2.323237     3.41180000e-03
2.324011     3.21066000e-03
2.324786     3.40252000e-03
2.325561     3.47085000e-03
2.326336     3.30173000e-03
2.327111     3.33861000e-03
2.327887     3.46997000e-03
2.328663     3.25164000e-03
2.329439     3.42318000e-03
2.330216     3.36194000e-03
2.330992     3.78684000e-03
2.331769     3.45142000e-03
2.332547     3.45323000e-03
2.333324     3.48277000e-03
2.334102     3.54403000e-03
2.334880     3.35498000e-03
2.335658     3.44127000e-03
2.336437     3.50472000e-03
2.337216     3.40878000e-03
2.337995     3.48518000e-03
2.338774     3.51584000e-03
2.339554     3.48361000e-03
2.340333     3.48834000e-03
2.341114     3.39946000e-03
2.341894     3.27977000e-03
2.342675     3.50270000e-03
2.343455     3.42801000e-03
2.344237     3.50106000e-03
2.345018     3.42456000e-03
2.345800     3.56030000e-03
2.346582     3.52235000e-03
2.347364     3.48630000e-03
2.348146     3.25630000e-03
2.348929     3.56006000e-03
2.349712     5.47595000e-03
2.350495     3.56610000e-03
2.351279     3.31434000e-03
2.352062     3.47489000e-03
2.352846     4.78409000e-03
2.353631     3.45682000e-03
2.354415     3.44491000e-03
2.355200     4.41300000e-03
2.355985     3.44993000e-03
2.356771     3.41762000e-03
2.357556     3.59799000e-03
2.358342     3.52003000e-03
2.359128     5.07410000e-03
2.359914     5.38016000e-03
2.360701     3.45895000e-03
2.361488     3.57400000e-03
2.362275     3.46891000e-03
2.363063     3.32833000e-03
2.363850     3.53592000e-03
2.364638     3.48224000e-03
2.365426     5.29871000e-03
2.366215     3.54226000e-03
2.367004     3.54666000e-03
2.367793     3.12671000e-03
2.368582     3.55538000e-03
2.369371     3.42480000e-03
2.370161     3.46182000e-03
2.370951     3.53562000e-03
2.371742     3.39540000e-03
2.372532     3.56288000e-03
2.373323     3.38970000e-03
2.374114     3.75385000e-03
2.374906     3.26206000e-03
2.375697     3.16344000e-03
2.376489     3.36625000e-03
2.377281     3.53826000e-03
2.378074     3.41947000e-03
2.378866     3.48231000e-03
2.379659     3.44834000e-03
2.380452     3.40898000e-03
2.381246     4.44972000e-03
2.382040     3.16960000e-03
2.382834     3.51606000e-03
2.383628     3.24997000e-03
2.384423     3.32641000e-03
2.385217     3.69093000e-03
2.386012     3.54328000e-03
2.386808     4.65726000e-03
2.387603     4.77561000e-03
2.388399     3.30574000e-03
2.389195     3.44944000e-03
2.389992     3.38305000e-03
2.390788     3.40705000e-03
2.391585     3.44835000e-03
2.392383     3.15260000e-03
2.393180     3.37820000e-03
2.393978     3.59185000e-03
2.394776     3.20540000e-03
2.395574     3.50176000e-03
2.396373     3.18424000e-03
2.397171     3.24142000e-03
2.397970     4.75370000e-03
2.398770     4.70800000e-03
2.399569     3.23534000e-03
2.400369     3.56950000e-03
2.401169     3.57692000e-03
2.401970     3.61204000e-03
2.402770     3.47167000e-03
2.403571     3.53449000e-03
2.404372     3.36635000e-03
2.405174     3.54830000e-03
2.405976     3.61105000e-03
2.406778     3.60275000e-03
2.407580     3.58608000e-03
2.408382     3.41997000e-03
2.409185     3.49811000e-03
2.409988     5.21674000e-03
2.410792     3.20499000e-03
2.411595     3.34914000e-03
2.412399     3.40919000e-03
2.413203     3.43307000e-03
2.414008     3.42842000e-03
2.414812     3.40487000e-03
2.415617     3.68635000e-03
2.416422     3.74456000e-03
2.417228     3.65767000e-03
2.418034     3.47175000e-03
2.418840     3.38506000e-03
2.419646     3.20010000e-03
2.420452     3.60339000e-03
2.421259     3.76843000e-03
2.422066     4.96877000e-03
2.422874     3.51457000e-03
2.423681     3.52993000e-03
2.424489     3.61740000e-03
2.425297     3.68352000e-03
2.426106     3.61844000e-03
2.426915     3.24928000e-03
2.427723     3.40933000e-03
2.428533     3.22092000e-03
2.429342     3.55765000e-03
2.430152     3.25593000e-03
2.430962     3.51824000e-03
2.431772     3.62936000e-03
2.432583     3.63829000e-03
2.433394     3.23749000e-03
2.434205     3.45597000e-03
2.435016     3.34780000e-03
2.435828     3.56388000e-03
2.436640     3.44632000e-03
2.437452     3.22732000e-03
2.438265     3.42047000e-03
2.439077     4.97460000e-03
2.439890     3.59081000e-03
2.440704     3.33607000e-03
2.441517     3.36107000e-03
2.442331     3.27570000e-03
2.443145     3.42281000e-03
2.443960     3.66872000e-03
2.444774     4.16609000e-03
2.445589     3.26914000e-03
2.446404     3.39508000e-03
2.447220     3.25636000e-03
2.448036     3.67085000e-03
2.448852     3.48629000e-03
2.449668     3.28077000e-03
2.450484     5.54856000e-03
2.451301     4.56754000e-03
2.452118     3.45098000e-03
2.452936     3.29583000e-03
2.453753     3.50003000e-03
2.454571     3.27462000e-03
2.455390     3.57887000e-03
2.456208     3.33672000e-03
2.457027     3.57885000e-03
2.457846     3.45371000e-03
2.458665     3.35807000e-03
2.459485     3.30578000e-03
2.460304     3.39357000e-03
2.461125     3.42577000e-03
2.461945     3.38155000e-03
2.462766     3.29342000e-03
2.463586     3.32256000e-03
2.464408     3.43686000e-03
2.465229     3.49980000e-03
2.466051     3.38644000e-03
2.466873     3.67784000e-03
2.467695     3.42101000e-03
2.468518     3.52473000e-03
2.469341     3.74254000e-03
2.470164     3.49814000e-03
2.470987     3.42658000e-03
2.471811     3.32156000e-03
2.472635     3.53380000e-03
2.473459     3.49405000e-03
2.474283     3.62580000e-03
2.475108     3.37047000e-03
2.475933     3.30014000e-03
2.476758     3.55928000e-03
2.477584     3.38374000e-03
2.478410     3.28987000e-03
2.479236     3.41058000e-03
2.480062     3.29777000e-03
2.480889     3.77913000e-03
2.481716     3.31809000e-03
2.482543     4.50327000e-03
2.483371     3.48109000e-03
2.484199     3.48440000e-03
2.485027     3.41687000e-03
2.485855     4.50284000e-03
2.486684     3.62632000e-03
2.487513     3.39074000e-03
2.488342     3.48992000e-03
2.489171     3.69520000e-03
2.490001     3.57441000e-03
2.490831     3.73055000e-03
2.491661     3.58806000e-03
2.492492     3.48583000e-03
2.493323     3.45187000e-03
2.494154     3.45988000e-03
2.494985     3.48655000e-03
2.495817     3.69954000e-03
2.496649     3.58301000e-03
2.497481     3.50786000e-03
2.498313     3.59104000e-03
2.499146     3.69153000e-03
2.499979     3.65696000e-03
2.500813     3.39476000e-03
2.501646     3.41741000e-03
2.502480     3.50751000e-03
2.503314     3.64087000e-03
2.504149     3.37021000e-03
2.504983     3.66523000e-03
2.505818     3.71312000e-03
2.506654     3.37225000e-03
2.507489     3.57102000e-03
2.508325     3.76145000e-03
2.509161     3.45581000e-03
2.509998     3.59991000e-03
2.510834     3.59069000e-03
2.511671     3.63807000e-03
2.512508     3.89513000e-03
2.513346     3.48592000e-03
2.514184     3.37179000e-03
2.515022     3.57786000e-03
2.515860     3.39174000e-03
2.516699     3.72618000e-03
2.517538     3.51449000e-03
2.518377     3.68685000e-03
2.519216     3.60505000e-03
2.520056     3.72679000e-03
2.520896     3.35350000e-03
2.521736     4.38161000e-03
2.522577     3.55523000e-03
2.523418     3.39684000e-03
2.524259     3.37337000e-03
2.525100     3.53772000e-03
2.525942     3.63827000e-03
2.526784     3.49322000e-03
2.527626     3.39039000e-03
2.528469     5.18795000e-03
2.529312     3.40589000e-03
2.530155     3.38581000e-03
2.530998     3.76664000e-03
2.531842     3.70287000e-03
2.532686     3.38661000e-03
2.533530     3.71429000e-03
2.534374     3.51547000e-03
2.535219     3.39562000e-03
2.536064     3.58699000e-03
2.536910     3.56981000e-03
2.537755     3.39805000e-03
2.538601     3.63728000e-03
2.539447     3.47306000e-03
2.540294     3.57503000e-03
2.541141     3.61800000e-03
2.541988     3.98731000e-03
2.542835     3.46196000e-03
2.543683     3.45184000e-03
2.544530     3.40947000e-03
2.545379     3.46307000e-03
2.546227     3.39241000e-03
2.547076     4.61230000e-03
2.547925     3.61470000e-03
2.548774     3.49079000e-03
2.549624     3.42098000e-03
2.550474     3.46198000e-03
2.551324     3.77498000e-03
2.552174     3.56858000e-03
2.553025     3.69418000e-03
2.553876     3.62719000e-03
2.554727     3.48600000e-03
2.555579     3.56074000e-03
2.556431     3.68047000e-03
2.557283     3.64443000e-03
2.558135     3.55311000e-03
2.558988     3.43417000e-03
2.559841     3.60809000e-03
2.560694     3.71317000e-03
2.561548     3.70752000e-03
2.562402     3.55396000e-03
2.563256     3.57708000e-03
2.564110     3.56362000e-03
2.564965     3.49923000e-03
2.565820     3.60034000e-03
2.566675     3.66564000e-03
2.567531     3.85862000e-03
2.568387     3.48097000e-03
2.569243     3.69809000e-03
2.570099     3.64974000e-03
2.570956     3.76112000e-03
2.571813     3.81453000e-03
2.572670     3.46898000e-03
2.573528     3.69110000e-03
2.574386     3.67560000e-03
2.575244     3.52291000e-03
2.576102     3.71534000e-03
2.576961     3.73628000e-03
2.577820     3.63360000e-03
2.578679     3.43932000e-03
2.579539     3.56910000e-03
2.580398     3.51442000e-03
2.581259     3.53478000e-03
2.582119     3.70158000e-03
2.582980     3.68198000e-03
2.583841     3.52175000e-03
2.584702     3.54418000e-03
2.585564     3.52658000e-03
2.586425     3.71598000e-03
2.587288     3.43605000e-03
2.588150     3.51736000e-03
2.589013     3.45415000e-03
2.589876     3.57227000e-03
2.590739     4.45500000e-03
2.591603     3.62084000e-03
2.592466     3.44648000e-03
2.593331     3.60739000e-03
2.594195     3.84389000e-03
2.595060     3.45159000e-03
2.595925     3.56294000e-03
2.596790     3.69095000e-03
2.597656     3.48319000e-03
2.598522     3.46825000e-03
2.599388     3.51900000e-03
2.600254     3.68988000e-03
2.601121     3.57958000e-03
2.601988     3.78830000e-03
2.602855     3.85902000e-03
2.603723     3.75333000e-03
2.604591     3.47320000e-03
2.605459     3.57159000e-03
2.606328     3.55956000e-03
2.607196     3.56594000e-03
2.608065     3.58554000e-03
2.608935     3.58634000e-03
2.609804     3.64870000e-03
2.610674     3.57367000e-03
2.611545     3.53613000e-03
2.612415     3.59888000e-03
2.613286     3.57241000e-03
2.614157     3.53352000e-03
2.615028     3.83043000e-03
2.615900     3.68056000e-03
2.616772     3.52031000e-03
2.617644     3.53988000e-03
2.618517     3.55794000e-03
2.619390     3.63192000e-03
2.620263     3.76381000e-03
2.621136     3.57955000e-03
2.622010     3.58463000e-03
2.622884     3.93158000e-03
2.623758     3.84003000e-03
2.624633     3.86633000e-03
2.625508     5.32383000e-03
2.626383     4.07539000e-03
2.627258     3.92050000e-03
2.628134     3.90698000e-03
2.629010     3.61077000e-03
2.629886     3.78332000e-03
2.630763     3.82756000e-03
2.631640     3.68239000e-03
2.632517     3.78164000e-03
2.633395     3.76621000e-03
2.634272     3.58949000e-03
2.635151     3.57182000e-03
2.636029     3.54747000e-03
2.636908     3.53148000e-03
2.637787     3.54709000e-03
2.638666     3.60703000e-03
2.639545     3.72070000e-03
2.640425     3.90025000e-03
2.641305     3.74628000e-03
2.642186     3.80015000e-03
2.643067     3.80041000e-03
2.643948     3.58559000e-03
2.644829     3.52909000e-03
2.645711     3.85493000e-03
2.646592     3.94126000e-03
2.647475     3.59832000e-03
2.648357     3.87631000e-03
2.649240     3.68338000e-03
2.650123     3.91333000e-03
2.651006     3.84307000e-03
2.651890     3.70231000e-03
2.652774     3.74565000e-03
2.653658     3.78277000e-03
2.654543     3.63167000e-03
2.655428     3.57685000e-03
2.656313     3.54699000e-03
2.657198     3.56745000e-03
2.658084     3.55920000e-03
2.658970     3.75523000e-03
2.659856     3.74199000e-03
2.660743     3.73921000e-03
2.661630     3.76110000e-03
2.662517     5.07206000e-03
2.663405     3.70259000e-03
2.664292     3.67029000e-03
2.665180     3.65265000e-03
2.666069     3.54786000e-03
2.666958     3.75127000e-03
2.667847     3.67349000e-03
2.668736     3.64256000e-03
2.669625     3.79178000e-03
2.670515     3.61895000e-03
2.671405     3.83376000e-03
2.672296     3.78551000e-03
2.673187     3.68561000e-03
2.674078     3.87421000e-03
2.674969     3.78661000e-03
2.675861     3.73181000e-03
2.676753     3.84658000e-03
2.677645     4.02375000e-03
2.678537     3.89255000e-03
2.679430     3.80237000e-03
2.680323     4.00324000e-03
2.681217     3.74833000e-03
2.682111     3.57068000e-03
2.683005     3.65279000e-03
2.683899     3.81609000e-03
2.684794     3.74476000e-03
2.685689     4.04318000e-03
2.686584     3.58804000e-03
2.687479     3.65031000e-03
2.688375     3.78546000e-03
2.689271     3.61689000e-03
2.690168     3.88056000e-03
2.691064     3.70907000e-03
2.691961     3.66438000e-03
2.692859     3.62632000e-03
2.693756     3.62097000e-03
2.694654     3.81245000e-03
2.695553     3.59573000e-03
2.696451     3.68378000e-03
2.697350     3.86186000e-03
2.698249     3.78748000e-03
2.699148     3.93635000e-03
2.700048     3.86625000e-03
2.700948     3.88771000e-03
2.701848     3.73029000e-03
2.702749     3.62804000e-03
2.703650     3.58839000e-03
2.704551     3.61811000e-03
2.705453     3.64322000e-03
2.706355     3.58808000e-03
2.707257     3.64562000e-03
2.708159     3.69756000e-03
2.709062     3.74792000e-03
2.709965     3.59348000e-03
2.710868     3.93050000e-03
2.711772     3.64685000e-03
2.712676     3.93104000e-03
2.713580     3.87246000e-03
2.714484     3.74346000e-03
2.715389     3.86247000e-03
2.716294     3.75594000e-03
2.717200     3.90488000e-03
2.718106     3.80293000e-03
2.719012     3.65866000e-03
2.719918     3.67392000e-03
2.720825     3.92754000e-03
2.721732     3.89889000e-03
2.722639     3.61822000e-03
2.723546     3.83016000e-03
2.724454     3.76906000e-03
2.725362     3.89832000e-03
2.726271     3.75376000e-03
2.727180     3.77813000e-03
2.728089     3.61275000e-03
2.728998     3.68797000e-03
2.729908     3.83150000e-03
2.730818     3.81952000e-03
2.731728     3.72022000e-03
2.732638     3.72712000e-03
2.733549     3.69034000e-03
2.734460     3.85767000e-03
2.735372     3.67504000e-03
2.736284     3.61770000e-03
2.737196     3.95345000e-03
2.738108     3.86152000e-03
2.739021     3.76511000e-03
2.739934     3.71136000e-03
2.740847     3.65611000e-03
2.741761     3.73402000e-03
2.742675     3.66864000e-03
2.743589     3.85161000e-03
2.744504     3.65056000e-03
2.745418     3.80113000e-03
2.746334     3.67371000e-03
2.747249     3.75212000e-03
2.748165     3.70299000e-03
2.749081     3.89248000e-03
2.749997     3.79265000e-03
2.750914     3.76901000e-03
2.751831     3.85486000e-03
2.752748     3.76149000e-03
2.753666     3.71216000e-03
2.754584     3.83454000e-03
2.755502     3.80530000e-03
2.756420     4.10722000e-03
2.757339     4.09791000e-03
2.758258     3.86643000e-03
2.759178     3.87583000e-03
2.760097     3.88468000e-03
2.761017     3.74476000e-03
2.761938     3.89198000e-03
2.762858     3.72423000e-03
2.763779     3.74369000e-03
2.764701     3.94458000e-03
2.765622     3.86259000e-03
2.766544     3.69899000e-03
2.767466     3.68978000e-03
2.768389     3.70140000e-03
2.769311     3.73006000e-03
2.770235     3.67770000e-03
2.771158     3.68898000e-03
2.772082     3.83093000e-03
2.773006     3.88695000e-03
2.773930     3.77295000e-03
2.774855     3.71057000e-03
2.775780     3.71056000e-03
2.776705     3.80393000e-03
2.777630     3.75504000e-03
2.778556     3.69111000e-03
2.779483     3.88597000e-03
2.780409     3.69325000e-03
2.781336     3.96276000e-03
2.782263     4.01983000e-03
2.783190     3.70789000e-03
2.784118     3.75342000e-03
2.785046     3.72678000e-03
2.785974     3.80461000e-03
2.786903     3.91106000e-03
2.787832     3.94358000e-03
2.788761     3.89213000e-03
2.789691     3.73512000e-03
2.790621     3.77176000e-03
2.791551     3.96046000e-03
2.792482     3.70102000e-03
2.793412     3.68443000e-03
2.794344     3.80863000e-03
2.795275     3.95998000e-03
2.796207     3.77999000e-03
2.797139     3.78463000e-03
2.798071     4.06470000e-03
2.799004     3.84990000e-03
2.799937     3.94978000e-03
2.800870     3.94607000e-03
2.801804     3.70010000e-03
2.802738     4.19509000e-03
2.803672     4.20979000e-03
2.804607     3.86373000e-03
2.805541     3.69517000e-03
2.806477     3.84369000e-03
2.807412     3.70724000e-03
2.808348     3.74580000e-03
2.809284     3.76047000e-03
2.810220     3.94391000e-03
2.811157     3.80447000e-03
2.812094     3.84751000e-03
2.813032     3.83296000e-03
2.813969     3.88524000e-03
2.814907     3.77206000e-03
2.815846     4.10376000e-03
2.816784     3.72033000e-03
2.817723     3.85435000e-03
2.818662     3.83590000e-03
2.819602     3.96077000e-03
2.820542     3.74123000e-03
2.821482     3.77828000e-03
2.822422     3.73363000e-03
2.823363     4.02137000e-03
2.824304     3.74717000e-03
2.825246     3.73034000e-03
2.826188     3.84039000e-03
2.827130     3.84121000e-03
2.828072     3.91513000e-03
2.829015     4.10046000e-03
2.829958     4.03455000e-03
2.830901     3.90171000e-03
2.831845     3.74281000e-03
2.832789     3.88311000e-03
2.833733     3.83832000e-03
2.834677     3.87204000e-03
2.835622     3.85663000e-03
2.836568     3.76790000e-03
2.837513     3.79295000e-03
2.838459     3.75016000e-03
2.839405     3.81429000e-03
2.840352     3.84199000e-03
2.841298     3.98143000e-03
2.842245     3.81177000e-03
2.843193     3.77429000e-03
2.844141     4.02429000e-03
2.845089     3.77629000e-03
2.846037     4.09669000e-03
2.846986     3.79502000e-03
2.847935     3.75732000e-03
2.848884     3.89731000e-03
2.849834     3.81398000e-03
2.850784     4.05628000e-03
2.851734     3.76013000e-03
2.852684     3.80171000e-03
2.853635     3.95072000e-03
2.854586     3.86256000e-03
2.855538     3.78269000e-03
2.856490     3.89229000e-03
2.857442     4.06525000e-03
2.858394     3.84894000e-03
2.859347     3.87617000e-03
2.860300     3.98963000e-03
2.861254     3.92242000e-03
2.862208     3.82153000e-03
2.863162     3.81875000e-03
2.864116     3.82745000e-03
2.865071     4.05436000e-03
2.866026     3.95159000e-03
2.866981     3.85119000e-03
2.867937     3.94783000e-03
2.868893     3.86735000e-03
2.869849     3.91447000e-03
2.870806     4.04248000e-03
2.871763     4.07861000e-03
2.872720     4.17720000e-03
2.873677     4.18347000e-03
2.874635     4.19641000e-03
2.875594     4.13758000e-03
2.876552     4.10712000e-03
2.877511     3.90303000e-03
2.878470     3.84777000e-03
2.879430     3.98126000e-03
2.880389     3.86739000e-03
2.881350     3.82170000e-03
2.882310     4.01100000e-03
2.883271     3.88008000e-03
2.884232     3.81832000e-03
2.885193     3.92955000e-03
2.886155     3.81054000e-03
2.887117     4.10585000e-03
2.888079     3.83239000e-03
2.889042     3.88065000e-03
2.890005     3.96888000e-03
2.890968     3.82222000e-03
2.891932     3.82040000e-03
2.892896     3.81210000e-03
2.893860     3.87790000e-03
2.894825     3.87082000e-03
2.895790     3.81501000e-03
2.896755     3.82446000e-03
2.897721     4.12430000e-03
2.898687     3.82129000e-03
2.899653     4.05983000e-03
2.900619     3.82188000e-03
2.901586     4.11093000e-03
2.902554     4.03130000e-03
2.903521     3.93853000e-03
2.904489     3.93508000e-03
2.905457     3.87703000e-03
2.906426     4.03537000e-03
2.907394     3.81828000e-03
2.908363     3.85502000e-03
2.909333     3.97062000e-03
2.910303     3.88035000e-03
2.911273     3.97827000e-03
2.912243     4.02189000e-03
2.913214     4.11778000e-03
2.914185     3.84682000e-03
2.915156     3.85625000e-03
2.916128     4.02575000e-03
2.917100     4.04982000e-03
2.918073     3.89025000e-03
2.919045     3.86940000e-03
2.920018     3.87111000e-03
2.920992     3.94455000e-03
2.921965     3.98008000e-03
2.922939     3.97013000e-03
2.923914     3.94396000e-03
2.924888     3.88820000e-03
2.925863     3.89658000e-03
2.926838     4.07218000e-03
2.927814     4.24110000e-03
2.928790     3.90100000e-03
2.929766     3.88836000e-03
2.930743     3.94631000e-03
2.931720     3.92900000e-03
2.932697     3.89532000e-03
2.933675     4.00860000e-03
2.934652     3.95493000e-03
2.935631     3.85216000e-03
2.936609     3.86699000e-03
2.937588     3.91202000e-03
2.938567     4.11670000e-03
2.939547     3.97927000e-03
2.940527     3.86628000e-03
2.941507     3.90600000e-03
2.942487     3.87180000e-03
2.943468     3.94533000e-03
2.944449     3.88911000e-03
2.945431     3.94283000e-03
2.946413     3.97347000e-03
2.947395     3.93504000e-03
2.948377     4.07212000e-03
2.949360     3.93860000e-03
2.950343     3.94878000e-03
2.951327     4.03363000e-03
2.952310     4.01223000e-03
2.953294     4.01628000e-03
2.954279     3.90500000e-03
2.955264     3.98984000e-03
2.956249     3.89940000e-03
2.957234     3.94327000e-03
2.958220     4.04565000e-03
2.959206     3.94473000e-03
2.960192     3.91402000e-03
2.961179     4.31485000e-03
2.962166     3.94606000e-03
2.963154     3.88412000e-03
2.964141     3.92029000e-03
2.965129     4.13048000e-03
2.966118     4.02758000e-03
2.967106     3.96996000e-03
2.968095     3.89129000e-03
2.969085     3.97307000e-03
2.970075     4.11908000e-03
2.971065     3.91541000e-03
2.972055     4.04952000e-03
2.973046     3.90465000e-03
2.974037     3.99111000e-03
2.975028     4.02968000e-03
2.976020     3.91600000e-03
2.977012     4.15869000e-03
2.978004     4.07367000e-03
2.978997     3.93953000e-03
2.979990     3.95436000e-03
2.980983     4.02306000e-03
2.981977     3.99581000e-03
2.982971     3.95969000e-03
2.983965     3.91818000e-03
2.984960     3.95357000e-03
2.985955     3.91126000e-03
2.986950     3.94992000e-03
2.987946     4.13948000e-03
2.988942     3.95392000e-03
2.989938     3.94633000e-03
2.990934     3.91606000e-03
2.991931     3.99744000e-03
2.992929     3.92335000e-03
2.993926     4.14920000e-03
2.994924     3.92497000e-03
2.995923     4.20375000e-03
2.996921     4.34608000e-03
2.997920     4.00206000e-03
2.998920     3.93458000e-03
2.999919     4.28699000e-03
3.000919     4.05270000e-03
3.001920     4.18390000e-03
3.002920     3.98619000e-03
3.003921     3.99445000e-03
3.004922     4.00656000e-03
3.005924     4.05729000e-03
3.006926     3.99430000e-03
3.007928     4.11157000e-03
3.008931     4.00418000e-03
3.009934     4.12726000e-03
3.010937     4.05886000e-03
3.011941     3.98883000e-03
3.012945     4.07488000e-03
3.013949     4.02666000e-03
3.014954     4.03295000e-03
3.015959     4.14024000e-03
3.016964     4.14462000e-03
3.017970     4.12650000e-03
3.018976     4.20777000e-03
3.019982     4.27560000e-03
3.020989     4.04133000e-03
3.021996     4.39997000e-03
3.023003     4.25981000e-03
3.024011     4.06376000e-03
3.025019     4.25088000e-03
3.026027     4.03086000e-03
3.027036     4.11253000e-03
3.028045     4.07703000e-03
3.029054     4.23885000e-03
3.030064     4.08914000e-03
3.031074     4.04795000e-03
3.032084     4.05855000e-03
3.033095     4.12319000e-03
3.034106     4.08330000e-03
3.035117     4.13469000e-03
3.036129     4.17007000e-03
3.037141     4.26012000e-03
3.038154     4.28007000e-03
3.039166     4.59981000e-03
3.040179     4.46767000e-03
3.041193     4.22919000e-03
3.042206     4.14233000e-03
3.043220     4.28365000e-03
3.044235     4.12276000e-03
3.045250     4.20855000e-03
3.046265     4.08031000e-03
3.047280     4.29142000e-03
3.048296     4.12066000e-03
3.049312     4.10162000e-03
3.050328     4.17075000e-03
3.051345     4.32602000e-03
3.052362     4.14015000e-03
3.053380     4.06709000e-03
3.054398     4.09694000e-03
3.055416     4.29484000e-03
3.056434     4.30111000e-03
3.057453     4.40621000e-03
3.058472     4.07152000e-03
3.059492     4.17441000e-03
3.060511     4.04829000e-03
3.061532     4.20853000e-03
3.062552     4.20560000e-03
3.063573     4.08761000e-03
3.064594     4.23945000e-03
3.065616     4.07682000e-03
3.066638     4.19012000e-03
3.067660     4.05533000e-03
3.068682     4.28483000e-03
3.069705     4.07373000e-03
3.070728     4.13496000e-03
3.071752     4.14652000e-03
3.072776     4.06933000e-03
3.073800     4.11610000e-03
3.074825     4.15389000e-03
3.075850     4.13867000e-03
3.076875     4.09666000e-03
3.077901     4.10417000e-03
3.078927     4.11056000e-03
3.079953     4.32458000e-03
3.080980     4.27122000e-03
3.082007     4.25511000e-03
3.083034     4.18946000e-03
3.084062     4.11483000e-03
3.085090     4.18983000e-03
3.086118     4.22795000e-03
3.087147     4.11445000e-03
3.088176     4.09261000e-03
3.089205     4.08869000e-03
3.090235     4.10008000e-03
3.091265     4.12384000e-03
3.092295     4.19205000e-03
3.093326     4.15924000e-03
3.094357     4.08160000e-03
3.095389     4.28166000e-03
3.096420     4.23986000e-03
3.097453     4.32058000e-03
3.098485     4.25210000e-03
3.099518     4.14553000e-03
3.100551     4.11290000e-03
3.101585     4.08996000e-03
3.102619     4.20370000e-03
3.103653     4.09579000e-03
3.104687     4.13037000e-03
3.105722     4.25487000e-03
3.106757     4.16901000e-03
3.107793     4.12893000e-03
3.108829     4.09778000e-03
3.109865     4.14319000e-03
3.110902     4.10980000e-03
3.111939     4.12944000e-03
3.112976     4.23936000e-03
3.114014     4.22690000e-03
3.115052     4.38104000e-03
3.116090     4.36231000e-03
3.117129     4.34097000e-03
3.118168     4.15548000e-03
3.119207     4.39054000e-03
3.120247     4.34947000e-03
3.121287     4.19754000e-03
3.122327     4.16601000e-03
3.123368     4.14468000e-03
3.124409     4.19572000e-03
3.125451     4.34911000e-03
3.126493     4.33034000e-03
3.127535     4.15314000e-03
3.128577     4.41159000e-03
3.129620     4.14957000e-03
3.130663     4.24259000e-03
3.131707     4.16647000e-03
3.132751     4.32500000e-03
3.133795     4.32173000e-03
3.134840     4.22837000e-03
3.135885     4.28106000e-03
3.136930     4.30411000e-03
3.137976     4.14637000e-03
3.139022     4.34786000e-03
3.140068     4.46927000e-03
3.141115     4.14785000e-03
3.142162     4.15675000e-03
3.143209     4.21896000e-03
3.144257     4.48026000e-03
3.145305     4.23398000e-03
3.146353     4.22421000e-03
3.147402     4.18184000e-03
3.148451     4.20657000e-03
3.149501     4.37713000e-03
3.150551     4.15678000e-03
3.151601     4.28495000e-03
3.152651     4.15143000e-03
3.153702     4.14537000e-03
3.154753     4.16852000e-03
3.155805     4.16438000e-03
3.156857     4.17339000e-03
3.157909     4.17476000e-03
3.158962     4.24463000e-03
3.160015     4.25329000e-03
3.161068     4.16602000e-03
3.162122     4.21069000e-03
3.163176     4.31000000e-03
3.164230     4.34638000e-03
3.165285     4.15955000e-03
3.166340     4.16920000e-03
3.167396     4.29235000e-03
3.168451     4.24136000e-03
3.169507     4.18328000e-03
3.170564     4.23700000e-03
3.171621     4.19680000e-03
3.172678     4.22625000e-03
3.173736     4.17044000e-03
3.174794     4.19982000e-03
3.175852     4.21114000e-03
3.176910     4.30607000e-03
3.177969     4.25802000e-03
3.179029     4.22984000e-03
3.180088     4.21129000e-03
3.181148     4.35348000e-03
3.182209     4.44094000e-03
3.183270     4.30970000e-03
3.184331     4.37412000e-03
3.185392     4.37203000e-03
3.186454     4.26776000e-03
3.187516     4.28567000e-03
3.188579     4.18941000e-03
3.189641     4.24650000e-03
3.190705     4.21122000e-03
3.191768     4.22434000e-03
3.192832     4.19573000e-03
3.193896     4.44939000e-03
3.194961     4.27598000e-03
3.196026     4.29600000e-03
3.197091     4.20821000e-03
3.198157     4.32655000e-03
3.199223     4.19202000e-03
3.200289     4.22440000e-03
3.201356     4.28792000e-03
3.202423     4.21856000e-03
3.203491     4.23046000e-03
3.204559     4.21271000e-03
3.205627     4.38820000e-03
3.206695     4.46006000e-03
3.207764     4.20885000e-03
3.208834     4.31880000e-03
3.209903     4.22424000e-03
3.210973     4.22382000e-03
3.212043     4.29079000e-03
3.213114     4.23772000e-03
3.214185     4.34370000e-03
3.215257     4.29318000e-03
3.216328     4.40571000e-03
3.217400     4.22008000e-03
3.218473     4.21265000e-03
3.219546     4.40034000e-03
3.220619     4.27313000e-03
3.221692     4.21530000e-03
3.222766     4.22701000e-03
3.223841     4.33298000e-03
3.224915     4.26623000e-03
3.225990     4.25251000e-03
3.227066     4.28169000e-03
3.228141     4.24660000e-03
3.229217     4.26344000e-03
3.230294     4.45556000e-03
3.231370     4.60145000e-03
3.232448     4.32999000e-03
3.233525     4.48111000e-03
3.234603     4.24927000e-03
3.235681     4.41227000e-03
3.236760     4.26646000e-03
3.237839     4.37484000e-03
3.238918     4.39913000e-03
3.239997     4.33307000e-03
3.241077     4.33148000e-03
3.242158     4.29342000e-03
3.243239     4.50482000e-03
3.244320     4.37634000e-03
3.245401     4.33359000e-03
3.246483     4.32509000e-03
3.247565     4.26408000e-03
3.248648     4.25947000e-03
3.249730     4.49517000e-03
3.250814     4.27235000e-03
3.251897     4.49362000e-03
3.252981     4.56315000e-03
3.254066     4.37225000e-03
3.255150     4.29343000e-03
3.256235     4.54047000e-03
3.257321     4.29285000e-03
3.258406     4.30841000e-03
3.259493     4.25866000e-03
3.260579     4.37665000e-03
3.261666     4.30273000e-03
3.262753     4.50792000e-03
3.263841     4.43236000e-03
3.264929     4.29061000e-03
3.266017     4.30911000e-03
3.267106     4.40128000e-03
3.268195     4.43157000e-03
3.269284     4.51688000e-03
3.270374     4.28390000e-03
3.271464     4.34621000e-03
3.272555     4.42117000e-03
3.273645     4.30760000e-03
3.274737     4.28085000e-03
3.275828     4.35584000e-03
3.276920     4.37471000e-03
3.278012     4.28328000e-03
3.279105     4.39399000e-03
3.280198     4.40136000e-03
3.281292     4.30857000e-03
3.282385     4.42564000e-03
3.283479     4.48928000e-03
3.284574     4.42981000e-03
3.285669     4.53519000e-03
3.286764     4.31881000e-03
3.287860     4.33797000e-03
3.288956     4.32389000e-03
3.290052     4.60826000e-03
3.291149     4.38131000e-03
3.292246     4.55133000e-03
3.293343     4.43066000e-03
3.294441     4.54376000e-03
3.295539     4.53848000e-03
3.296637     4.79448000e-03
3.297736     4.79424000e-03
3.298836     4.52711000e-03
3.299935     4.61567000e-03
3.301035     4.51797000e-03
3.302135     4.50764000e-03
3.303236     4.36223000e-03
3.304337     4.53343000e-03
3.305439     4.39966000e-03
3.306541     4.37064000e-03
3.307643     4.44526000e-03
3.308745     4.34853000e-03
3.309848     4.53076000e-03
3.310951     4.32030000e-03
3.312055     4.38849000e-03
3.313159     4.42572000e-03
3.314264     4.44068000e-03
3.315368     4.33962000e-03
3.316473     4.37924000e-03
3.317579     4.51546000e-03
3.318685     4.41770000e-03
3.319791     4.62711000e-03
3.320898     4.59951000e-03
3.322005     4.36904000e-03
3.323112     4.50642000e-03
3.324220     4.41209000e-03
3.325328     4.52505000e-03
3.326436     4.43702000e-03
3.327545     4.45042000e-03
3.328654     4.41315000e-03
3.329764     4.52302000e-03
3.330874     4.40807000e-03
3.331984     4.54847000e-03
3.333095     4.34606000e-03
3.334206     4.37497000e-03
3.335317     4.57225000e-03
3.336429     4.42226000e-03
3.337541     4.36529000e-03
3.338653     4.51445000e-03
3.339766     4.49526000e-03
3.340880     4.41196000e-03
3.341993     4.34468000e-03
3.343107     4.41086000e-03
3.344222     4.47060000e-03
3.345336     4.50110000e-03
3.346451     4.38957000e-03
3.347567     4.50009000e-03
3.348683     4.35814000e-03
3.349799     4.43419000e-03
3.350916     4.38639000e-03
3.352033     4.41733000e-03
3.353150     4.40721000e-03
3.354268     4.37277000e-03
3.355386     4.41385000e-03
3.356504     4.46115000e-03
3.357623     4.55707000e-03
3.358742     4.55544000e-03
3.359862     4.67482000e-03
3.360982     4.52973000e-03
3.362102     4.44734000e-03
3.363223     4.37499000e-03
3.364344     4.72890000e-03
3.365465     4.58509000e-03
3.366587     4.44627000e-03
3.367709     4.38563000e-03
3.368832     4.73008000e-03
3.369955     4.61264000e-03
3.371078     4.39431000e-03
3.372202     4.40954000e-03
3.373326     4.45999000e-03
3.374450     4.40962000e-03
3.375575     4.61895000e-03
3.376700     4.40433000e-03
3.377826     4.68183000e-03
3.378952     4.45920000e-03
3.380078     4.45577000e-03
3.381205     4.39249000e-03
3.382332     4.64768000e-03
3.383459     4.60288000e-03
3.384587     4.49312000e-03
3.385715     4.67869000e-03
3.386844     4.45579000e-03
3.387973     4.52853000e-03
3.389102     4.65122000e-03
3.390232     4.56233000e-03
3.391362     4.52573000e-03
3.392492     4.39142000e-03
3.393623     4.45487000e-03
3.394754     4.50844000e-03
3.395886     4.50692000e-03
3.397018     4.56102000e-03
3.398150     4.73259000e-03
3.399283     4.41165000e-03
3.400416     4.84471000e-03
3.401550     4.56304000e-03
3.402683     4.41573000e-03
3.403818     4.40756000e-03
3.404952     4.42974000e-03
3.406087     4.41692000e-03
3.407223     4.68628000e-03
3.408358     4.52649000e-03
3.409495     4.57873000e-03
3.410631     4.56571000e-03
3.411768     4.60671000e-03
3.412905     4.60066000e-03
3.414043     4.53765000e-03
3.415181     5.06404000e-03
3.416319     4.51267000e-03
3.417458     4.49788000e-03
3.418597     4.43449000e-03
3.419737     4.42147000e-03
3.420877     4.62640000e-03
3.422017     4.70711000e-03
3.423158     4.76933000e-03
3.424299     4.50615000e-03
3.425440     4.70921000e-03
3.426582     4.83312000e-03
3.427724     4.62341000e-03
3.428867     4.66493000e-03
3.430010     4.69769000e-03
3.431153     4.79159000e-03
3.432297     4.50231000e-03
3.433441     4.75578000e-03
3.434585     4.58515000e-03
3.435730     4.71322000e-03
3.436875     4.76122000e-03
3.438021     4.48538000e-03
3.439167     4.53553000e-03
3.440313     4.63864000e-03
3.441460     4.71110000e-03
3.442607     4.61043000e-03
3.443755     4.71369000e-03
3.444903     4.67710000e-03
3.446051     4.53918000e-03
3.447200     4.73269000e-03
3.448349     4.58800000e-03
3.449498     4.54091000e-03
3.450648     4.44676000e-03
3.451798     4.68086000e-03
3.452949     4.75160000e-03
3.454100     4.71384000e-03
3.455251     4.69789000e-03
3.456403     4.50255000e-03
3.457555     4.67873000e-03
3.458708     4.72318000e-03
3.459861     4.70914000e-03
3.461014     4.53760000e-03
3.462167     4.79645000e-03
3.463322     4.48424000e-03
3.464476     4.80024000e-03
3.465631     4.75732000e-03
3.466786     4.88937000e-03
3.467942     4.70970000e-03
3.469098     4.67301000e-03
3.470254     4.81535000e-03
3.471411     4.69498000e-03
3.472568     4.76354000e-03
3.473725     4.49421000e-03
3.474883     4.82514000e-03
3.476042     4.68221000e-03
3.477200     4.63489000e-03
3.478359     4.54899000e-03
3.479519     4.69749000e-03
3.480679     4.52577000e-03
3.481839     4.77911000e-03
3.482999     4.66900000e-03
3.484160     4.57585000e-03
3.485322     4.78052000e-03
3.486484     4.59244000e-03
3.487646     4.75139000e-03
3.488808     4.88246000e-03
3.489971     4.64206000e-03
3.491135     4.71549000e-03
3.492298     4.87594000e-03
3.493462     4.73686000e-03
3.494627     4.78132000e-03
3.495792     4.83045000e-03
3.496957     4.50961000e-03
3.498123     4.77539000e-03
3.499289     4.50704000e-03
3.500455     4.69056000e-03
3.501622     4.80619000e-03
3.502789     4.63074000e-03
3.503957     4.73896000e-03
3.505125     4.77582000e-03
3.506293     4.83745000e-03
3.507462     4.76700000e-03
3.508631     4.73699000e-03
3.509801     4.73076000e-03
3.510970     4.78631000e-03
3.512141     4.79527000e-03
3.513312     4.81335000e-03
3.514483     4.81892000e-03
3.515654     4.67577000e-03
3.516826     4.68121000e-03
3.517998     4.89458000e-03
3.519171     4.57030000e-03
3.520344     4.69702000e-03
3.521517     4.72944000e-03
3.522691     4.82590000e-03
3.523866     4.85091000e-03
3.525040     4.56060000e-03
3.526215     4.90886000e-03
3.527391     4.91333000e-03
3.528566     4.65990000e-03
3.529743     4.52922000e-03
3.530919     4.93703000e-03
3.532096     4.66650000e-03
3.533273     4.75196000e-03
3.534451     4.82900000e-03
3.535629     4.78651000e-03
3.536808     4.64238000e-03
3.537987     4.66923000e-03
3.539166     4.83806000e-03
3.540346     4.81083000e-03
3.541526     4.92658000e-03
3.542707     4.83704000e-03
3.543887     4.71362000e-03
3.545069     4.79039000e-03
3.546250     4.72836000e-03
3.547433     4.63659000e-03
3.548615     4.93505000e-03
3.549798     4.82406000e-03
3.550981     4.72523000e-03
3.552165     4.79181000e-03
3.553349     4.67759000e-03
3.554533     4.84539000e-03
3.555718     4.91817000e-03
3.556903     4.88772000e-03
3.558089     4.84752000e-03
3.559275     4.80470000e-03
3.560461     4.69878000e-03
3.561648     4.88269000e-03
3.562835     4.74682000e-03
3.564023     4.72306000e-03
3.565211     4.88321000e-03
3.566400     4.75851000e-03
3.567588     4.71933000e-03
3.568778     4.57332000e-03
3.569967     4.66833000e-03
3.571157     4.78533000e-03
3.572347     4.89022000e-03
3.573538     4.82607000e-03
3.574729     4.84523000e-03
3.575921     4.83843000e-03
3.577113     4.74675000e-03
3.578305     4.78447000e-03
3.579498     4.74080000e-03
3.580691     4.78558000e-03
3.581885     4.80620000e-03
3.583079     4.58068000e-03
3.584273     4.59752000e-03
3.585468     4.78595000e-03
3.586663     4.90208000e-03
3.587859     4.67393000e-03
3.589055     4.75576000e-03
3.590251     4.82282000e-03
3.591448     4.63077000e-03
3.592645     4.69139000e-03
3.593842     4.85179000e-03
3.595040     4.72286000e-03
3.596239     4.93833000e-03
3.597437     4.71719000e-03
3.598637     4.74679000e-03
3.599836     4.89035000e-03
3.601036     4.61836000e-03
3.602236     4.77957000e-03
3.603437     4.60221000e-03
3.604638     4.92328000e-03
3.605840     4.94783000e-03
3.607042     4.72673000e-03
3.608244     4.85702000e-03
3.609447     4.96294000e-03
3.610650     4.93301000e-03
3.611854     4.99457000e-03
3.613058     4.83267000e-03
3.614262     4.65357000e-03
3.615467     4.73791000e-03
3.616672     4.95859000e-03
3.617877     4.91439000e-03
3.619083     4.83642000e-03
3.620290     4.70831000e-03
3.621496     4.91141000e-03
3.622704     4.75139000e-03
3.623911     4.83061000e-03
3.625119     4.89061000e-03
3.626328     4.87037000e-03
3.627536     4.89192000e-03
3.628745     4.78027000e-03
3.629955     4.92391000e-03
3.631165     4.89439000e-03
3.632375     4.87466000e-03
3.633586     4.97657000e-03
3.634797     5.06238000e-03
3.636009     4.65165000e-03
3.637221     5.01764000e-03
3.638433     4.95754000e-03
3.639646     4.96682000e-03
3.640859     5.04715000e-03
3.642073     4.88439000e-03
3.643287     4.94980000e-03
3.644502     4.86215000e-03
3.645716     4.73022000e-03
3.646932     4.95117000e-03
3.648147     4.86952000e-03
3.649363     4.65939000e-03
3.650580     4.85235000e-03
3.651797     5.09778000e-03
3.653014     5.19703000e-03
3.654232     5.08929000e-03
3.655450     4.96239000e-03
3.656668     4.88148000e-03
3.657887     4.67555000e-03
3.659106     4.96248000e-03
3.660326     5.00725000e-03
3.661546     4.87638000e-03
3.662767     4.91844000e-03
3.663988     4.77641000e-03
3.665209     4.74948000e-03
3.666431     4.93054000e-03
3.667653     5.06268000e-03
3.668875     5.08531000e-03
3.670098     4.86892000e-03
3.671322     5.01182000e-03
3.672545     4.99305000e-03
3.673770     4.86880000e-03
3.674994     4.84958000e-03
3.676219     4.92435000e-03
3.677445     5.03455000e-03
3.678670     5.18714000e-03
3.679897     4.87948000e-03
3.681123     4.93535000e-03
3.682350     5.07989000e-03
3.683578     5.03343000e-03
3.684806     4.85212000e-03
3.686034     4.93716000e-03
3.687263     5.09009000e-03
3.688492     4.83329000e-03
3.689721     5.17039000e-03
3.690951     5.13694000e-03
3.692181     5.00086000e-03
3.693412     4.98895000e-03
3.694643     5.00376000e-03
3.695875     4.82109000e-03
3.697107     5.05568000e-03
3.698339     4.91821000e-03
3.699572     4.96381000e-03
3.700805     4.98890000e-03
3.702039     5.11514000e-03
3.703273     5.02534000e-03
3.704507     4.88379000e-03
3.705742     4.95362000e-03
3.706977     5.11649000e-03
3.708213     4.87994000e-03
3.709449     5.16106000e-03
3.710685     4.86934000e-03
3.711922     4.99510000e-03
3.713160     4.92978000e-03
3.714397     4.86067000e-03
3.715635     4.97622000e-03
3.716874     4.99961000e-03
3.718113     5.02341000e-03
3.719352     5.09307000e-03
3.720592     4.79432000e-03
3.721832     5.19487000e-03
3.723073     4.92638000e-03
3.724314     5.05381000e-03
3.725555     5.09797000e-03
3.726797     4.94745000e-03
3.728040     5.09258000e-03
3.729282     5.09710000e-03
3.730525     5.11146000e-03
3.731769     5.11792000e-03
3.733013     5.13952000e-03
3.734257     5.15884000e-03
3.735502     5.06848000e-03
3.736747     5.17214000e-03
3.737993     5.23845000e-03
3.739239     5.39901000e-03
3.740485     5.62759000e-03
3.741732     5.00952000e-03
3.742979     5.16544000e-03
3.744227     5.18639000e-03
3.745475     5.20235000e-03
3.746723     5.11855000e-03
3.747972     5.13705000e-03
3.749221     5.21761000e-03
3.750471     5.14408000e-03
3.751721     5.17369000e-03
3.752972     5.31326000e-03
3.754223     5.03416000e-03
3.755474     5.13500000e-03
3.756726     4.98533000e-03
3.757978     4.98614000e-03
3.759231     5.07473000e-03
3.760484     4.81211000e-03
3.761738     5.15604000e-03
3.762992     4.91303000e-03
3.764246     5.16703000e-03
3.765501     4.83638000e-03
3.766756     4.99962000e-03
3.768011     5.08344000e-03
3.769267     5.13529000e-03
3.770524     4.96759000e-03
3.771781     4.95405000e-03
3.773038     5.19107000e-03
3.774296     5.16604000e-03
3.775554     4.99836000e-03
3.776812     5.12663000e-03
3.778071     5.11173000e-03
3.779331     5.15356000e-03
3.780590     5.05878000e-03
3.781851     5.13659000e-03
3.783111     5.09821000e-03
3.784372     4.99219000e-03
3.785634     4.96977000e-03
3.786895     4.94218000e-03
3.788158     5.09781000e-03
3.789421     5.04804000e-03
3.790684     5.02719000e-03
3.791947     5.18874000e-03
3.793211     5.11264000e-03
3.794476     5.15989000e-03
3.795740     5.14323000e-03
3.797006     5.02360000e-03
3.798271     5.17945000e-03
3.799537     5.04325000e-03
3.800804     5.06826000e-03
3.802071     5.20325000e-03
3.803338     5.16807000e-03
3.804606     5.09192000e-03
3.805874     5.13225000e-03
3.807143     5.14930000e-03
3.808412     5.03829000e-03
3.809681     5.19420000e-03
3.810951     5.11099000e-03
3.812222     5.18746000e-03
3.813492     5.22474000e-03
3.814763     5.21633000e-03
3.816035     5.27778000e-03
3.817307     5.26006000e-03
3.818580     5.39214000e-03
3.819852     5.21328000e-03
3.821126     5.07878000e-03
3.822399     5.19008000e-03
3.823673     5.27087000e-03
3.824948     5.12244000e-03
3.826223     5.16938000e-03
3.827498     5.22050000e-03
3.828774     5.23923000e-03
3.830051     4.84739000e-03
3.831327     5.27402000e-03
3.832604     5.06216000e-03
3.833882     5.09513000e-03
3.835160     5.05599000e-03
3.836438     5.25984000e-03
3.837717     5.13570000e-03
3.838996     5.14448000e-03
3.840276     5.19713000e-03
3.841556     5.24738000e-03
3.842837     5.16567000e-03
3.844117     5.23600000e-03
3.845399     5.14499000e-03
3.846681     5.11853000e-03
3.847963     5.06095000e-03
3.849246     5.06266000e-03
3.850529     5.10587000e-03
3.851812     5.17891000e-03
3.853096     5.19487000e-03
3.854380     5.18301000e-03
3.855665     5.16621000e-03
3.856950     5.05624000e-03
3.858236     5.23254000e-03
3.859522     5.19553000e-03
3.860809     5.28636000e-03
3.862096     5.11679000e-03
3.863383     4.92977000e-03
3.864671     5.15550000e-03
3.865959     5.14984000e-03
3.867248     5.22076000e-03
3.868537     5.24299000e-03
3.869826     5.15341000e-03
3.871116     5.27535000e-03
3.872407     4.92104000e-03
3.873697     5.17656000e-03
3.874989     5.24722000e-03
3.876280     5.29051000e-03
3.877572     5.25688000e-03
3.878865     5.05146000e-03
3.880158     5.27438000e-03
3.881451     5.28814000e-03
3.882745     5.22397000e-03
3.884039     5.29819000e-03
3.885334     5.40200000e-03
3.886629     5.21191000e-03
3.887925     5.17642000e-03
3.889221     5.22868000e-03
3.890517     5.26453000e-03
3.891814     5.15870000e-03
3.893111     5.19364000e-03
3.894409     5.10748000e-03
3.895707     5.32190000e-03
3.897006     5.30880000e-03
3.898305     5.30174000e-03
3.899604     5.20706000e-03
3.900904     5.16602000e-03
3.902204     5.32170000e-03
3.903505     5.26528000e-03
3.904806     4.98794000e-03
3.906108     5.23263000e-03
3.907410     5.25894000e-03
3.908712     5.32667000e-03
3.910015     5.33554000e-03
3.911318     5.12838000e-03
3.912622     5.15829000e-03
3.913926     4.90429000e-03
3.915231     5.24028000e-03
3.916536     5.29647000e-03
3.917842     5.26807000e-03
3.919148     5.17939000e-03
3.920454     5.08249000e-03
3.921761     5.32103000e-03
3.923068     5.14117000e-03
3.924376     5.16420000e-03
3.925684     5.32096000e-03
3.926992     5.29095000e-03
3.928301     5.34264000e-03
3.929611     5.24512000e-03
3.930921     5.26151000e-03
3.932231     5.28250000e-03
3.933542     5.23574000e-03
3.934853     5.28442000e-03
3.936165     5.34594000e-03
3.937477     5.32102000e-03
3.938789     5.26298000e-03
3.940102     5.08349000e-03
3.941415     5.23776000e-03
3.942729     5.28668000e-03
3.944043     5.28551000e-03
3.945358     5.15238000e-03
3.946673     5.11621000e-03
3.947989     5.30294000e-03
3.949305     5.36360000e-03
3.950621     5.29004000e-03
3.951938     5.35581000e-03
3.953255     5.26999000e-03
3.954573     5.38319000e-03
3.955891     5.35591000e-03
3.957210     5.33471000e-03
3.958529     5.39389000e-03
3.959849     5.18524000e-03
3.961168     5.30100000e-03
3.962489     5.08754000e-03
3.963810     4.98478000e-03
3.965131     5.19580000e-03
3.966453     5.32270000e-03
3.967775     5.24555000e-03
3.969097     5.32239000e-03
3.970420     5.01397000e-03
3.971744     5.34226000e-03
3.973068     5.30744000e-03
3.974392     5.22816000e-03
3.975717     5.32702000e-03
3.977042     5.23571000e-03
3.978368     5.26303000e-03
3.979694     5.22717000e-03
3.981021     5.12853000e-03
3.982348     5.25488000e-03
3.983675     5.28257000e-03
3.985003     5.37236000e-03
3.986331     5.29818000e-03
3.987660     5.39129000e-03
3.988989     5.37351000e-03
3.990319     5.31411000e-03
3.991649     4.95387000e-03
3.992980     5.38751000e-03
3.994311     5.36341000e-03
3.995642     5.46202000e-03
3.996974     5.23123000e-03
3.998306     5.30239000e-03
3.999639     5.28778000e-03
4.000972     5.03414000e-03
4.002306     5.21872000e-03
4.003640     5.38131000e-03
4.004975     5.33686000e-03
4.006310     5.25580000e-03
4.007645     5.34154000e-03
4.008981     5.08859000e-03
4.010317     5.41386000e-03
4.011654     5.30441000e-03
4.012991     5.26660000e-03
4.014329     5.21193000e-03
4.015667     5.40631000e-03
4.017005     5.49322000e-03
4.018344     5.35099000e-03
4.019684     5.28299000e-03
4.021024     5.37935000e-03
4.022364     5.41467000e-03
4.023705     5.26084000e-03
4.025046     4.99683000e-03
4.026388     5.26728000e-03
4.027730     5.26923000e-03
4.029073     5.36364000e-03
4.030416     5.10335000e-03
4.031759     5.43734000e-03
4.033103     5.36569000e-03
4.034447     5.12623000e-03
4.035792     5.30327000e-03
4.037137     5.33730000e-03
4.038483     5.26173000e-03
4.039829     5.29633000e-03
4.041176     5.28193000e-03
4.042523     5.36788000e-03
4.043870     5.26987000e-03
4.045218     5.46737000e-03
4.046567     5.13588000e-03
4.047916     5.33625000e-03
4.049265     5.30925000e-03
4.050615     5.61932000e-03
4.051965     5.98850000e-03
4.053316     5.77834000e-03
4.054667     5.44832000e-03
4.056018     5.51255000e-03
4.057370     4.99808000e-03
4.058723     5.30053000e-03
4.060076     5.24701000e-03
4.061429     5.42256000e-03
4.062783     5.39483000e-03
4.064137     5.29083000e-03
4.065492     5.65588000e-03
4.066847     5.32857000e-03
4.068203     5.41657000e-03
4.069559     5.14451000e-03
4.070915     5.65226000e-03
4.072272     5.60501000e-03
4.073630     5.39893000e-03
4.074987     5.34943000e-03
4.076346     5.35465000e-03
4.077705     5.30739000e-03
4.079064     5.25523000e-03
4.080423     5.39273000e-03
4.081784     5.32478000e-03
4.083144     5.08218000e-03
4.084505     5.41799000e-03
4.085867     5.28929000e-03
4.087229     5.24040000e-03
4.088591     5.51967000e-03
4.089954     5.24128000e-03
4.091317     5.02061000e-03
4.092681     5.41927000e-03
4.094045     5.37552000e-03
4.095410     4.98371000e-03
4.096775     5.39735000e-03
4.098141     5.05330000e-03
4.099507     5.36859000e-03
4.100873     5.45039000e-03
4.102240     5.43114000e-03
4.103608     5.33002000e-03
4.104976     5.43580000e-03
4.106344     5.40126000e-03
4.107713     5.48988000e-03
4.109082     5.17783000e-03
4.110452     5.43679000e-03
4.111822     5.41570000e-03
4.113192     5.07980000e-03
4.114563     5.36012000e-03
4.115935     5.27576000e-03
4.117307     5.33286000e-03
4.118679     5.47151000e-03
4.120052     5.19506000e-03
4.121426     5.05370000e-03
4.122799     5.34253000e-03
4.124174     5.34039000e-03
4.125548     5.25115000e-03
4.126924     5.44340000e-03
4.128299     5.45287000e-03
4.129675     5.46959000e-03
4.131052     5.48196000e-03
4.132429     5.29246000e-03
4.133806     5.53990000e-03
4.135184     5.19983000e-03
4.136563     5.03573000e-03
4.137942     5.31934000e-03
4.139321     5.47856000e-03
4.140701     5.22999000e-03
4.142081     5.06295000e-03
4.143462     5.52668000e-03
4.144843     5.38177000e-03
4.146224     5.46135000e-03
4.147606     5.49143000e-03
4.148989     5.49851000e-03
4.150372     5.38310000e-03
4.151755     5.05654000e-03
4.153139     5.48082000e-03
4.154524     5.18043000e-03
4.155908     5.35473000e-03
4.157294     5.15565000e-03
4.158680     5.21681000e-03
4.160066     5.36044000e-03
4.161452     5.19494000e-03
4.162840     5.14447000e-03
4.164227     5.42296000e-03
4.165615     5.12883000e-03
4.167004     5.53930000e-03
4.168393     5.56636000e-03
4.169782     5.25166000e-03
4.171172     5.15113000e-03
4.172563     5.56348000e-03
4.173953     5.42471000e-03
4.175345     5.42173000e-03
4.176737     5.32684000e-03
4.178129     5.27261000e-03
4.179522     5.40110000e-03
4.180915     5.52050000e-03
4.182308     5.53173000e-03
4.183702     5.49463000e-03
4.185097     5.28867000e-03
4.186492     5.14317000e-03
4.187888     5.30599000e-03
4.189284     5.40838000e-03
4.190680     5.18171000e-03
4.192077     5.45515000e-03
4.193474     5.04960000e-03
4.194872     5.32313000e-03
4.196270     5.47936000e-03
4.197669     5.41061000e-03
4.199068     5.11075000e-03
4.200468     5.50766000e-03
4.201868     5.44650000e-03
4.203269     5.39001000e-03
4.204670     5.47654000e-03
4.206071     5.65776000e-03
4.207473     5.23760000e-03
4.208876     5.55308000e-03
4.210279     5.16629000e-03
4.211682     5.49175000e-03
4.213086     5.06722000e-03
4.214491     5.33938000e-03
4.215895     5.35556000e-03
4.217301     5.06966000e-03
4.218706     5.24714000e-03
4.220113     5.26712000e-03
4.221519     5.53247000e-03
4.222927     5.51968000e-03
4.224334     5.33164000e-03
4.225742     5.44646000e-03
4.227151     5.34370000e-03
4.228560     5.10834000e-03
4.229969     5.52603000e-03
4.231379     5.22601000e-03
4.232790     5.42692000e-03
4.234201     5.24455000e-03
4.235612     5.08799000e-03
4.237024     5.33590000e-03
4.238436     5.41891000e-03
4.239849     5.07640000e-03
4.241263     5.43524000e-03
4.242676     5.26589000e-03
4.244091     5.30234000e-03
4.245505     5.17541000e-03
4.246920     5.15223000e-03
4.248336     5.29703000e-03
4.249752     5.12549000e-03
4.251169     5.37138000e-03
4.252586     5.11886000e-03
4.254003     5.10719000e-03
4.255421     5.33356000e-03
4.256840     5.35546000e-03
4.258259     5.28305000e-03
4.259678     5.36422000e-03
4.261098     5.09528000e-03
4.262518     5.49429000e-03
4.263939     5.35406000e-03
4.265361     5.11281000e-03
4.266782     5.56028000e-03
4.268205     5.09919000e-03
4.269627     5.48633000e-03
4.271051     5.49201000e-03
4.272474     5.17174000e-03
4.273898     5.19881000e-03
4.275323     5.42246000e-03
4.276748     5.18046000e-03
4.278174     5.46847000e-03
4.279600     5.10464000e-03
4.281026     5.43581000e-03
4.282453     5.45335000e-03
4.283881     5.36759000e-03
4.285309     5.47412000e-03
4.286737     5.25038000e-03
4.288166     5.28764000e-03
4.289596     5.37720000e-03
4.291025     5.46225000e-03
4.292456     5.56904000e-03
4.293887     5.47289000e-03
4.295318     7.24761000e-03
4.296750     5.45870000e-03
4.298182     5.52064000e-03
4.299615     5.27911000e-03
4.301048     8.13431000e-03
4.302481     5.38547000e-03
4.303916     5.34808000e-03
4.305350     5.17251000e-03
4.306785     5.24577000e-03
4.308221     5.37510000e-03
4.309657     5.38277000e-03
4.311094     5.49519000e-03
4.312531     5.14534000e-03
4.313968     5.29003000e-03
4.315406     5.48525000e-03
4.316845     5.40905000e-03
4.318284     5.37337000e-03
4.319723     8.35742000e-03
4.321163     5.44688000e-03
4.322603     5.51711000e-03
4.324044     8.41243000e-03
4.325486     5.61060000e-03
4.326927     5.39922000e-03
4.328370     5.57477000e-03
4.329812     5.43454000e-03
4.331256     5.40496000e-03
4.332699     5.58398000e-03
4.334144     5.47850000e-03
4.335588     5.56934000e-03
4.337034     5.26586000e-03
4.338479     5.31626000e-03
4.339925     5.46246000e-03
4.341372     5.53336000e-03
4.342819     5.41104000e-03
4.344267     5.45485000e-03
4.345715     5.19500000e-03
4.347163     5.58143000e-03
4.348613     5.60091000e-03
4.350062     5.47591000e-03
4.351512     6.53053000e-03
4.352963     5.32387000e-03
4.354414     5.57712000e-03
4.355865     5.84914000e-03
4.357317     5.40148000e-03
4.358769     5.53387000e-03
4.360222     5.47322000e-03
4.361676     5.34399000e-03
4.363130     5.67308000e-03
4.364584     5.32943000e-03
4.366039     5.49111000e-03
4.367494     5.37499000e-03
4.368950     5.35744000e-03
4.370406     5.40670000e-03
4.371863     5.63854000e-03
4.373320     5.22985000e-03
4.374778     5.56157000e-03
4.376237     5.59799000e-03
4.377695     5.68398000e-03
4.379155     5.43167000e-03
4.380614     5.46822000e-03
4.382074     5.40860000e-03
4.383535     5.57965000e-03
4.384996     5.62852000e-03
4.386458     5.49735000e-03
4.387920     5.35121000e-03
4.389383     5.59121000e-03
4.390846     8.43700000e-03
4.392309     5.55942000e-03
4.393774     5.41719000e-03
4.395238     5.46825000e-03
4.396703     5.22454000e-03
4.398169     5.25772000e-03
4.399635     5.36568000e-03
4.401101     5.41261000e-03
4.402568     5.47224000e-03
4.404036     5.47561000e-03
4.405504     5.56707000e-03
4.406973     5.55794000e-03
4.408442     8.55881000e-03
4.409911     6.26943000e-03
4.411381     5.52923000e-03
4.412851     5.41433000e-03
4.414322     5.51311000e-03
4.415794     5.29773000e-03
4.417266     5.55093000e-03
4.418738     5.62055000e-03
4.420211     5.26612000e-03
4.421684     5.62657000e-03
4.423158     5.32372000e-03
4.424633     5.26061000e-03
4.426108     5.49458000e-03
4.427583     5.28549000e-03
4.429059     5.43447000e-03
4.430535     5.52155000e-03
4.432012     5.36584000e-03
4.433489     5.51349000e-03
4.434967     5.45552000e-03
4.436446     5.50531000e-03
4.437924     5.38438000e-03
4.439404     5.45550000e-03
4.440883     5.41303000e-03
4.442364     5.34837000e-03
4.443845     5.41097000e-03
4.445326     5.44529000e-03
4.446808     5.33822000e-03
4.448290     5.73231000e-03
4.449773     5.47328000e-03
4.451256     5.49844000e-03
4.452740     5.36991000e-03
4.454224     5.23667000e-03
4.455709     5.39105000e-03
4.457194     5.38190000e-03
4.458680     5.61019000e-03
4.460166     5.58220000e-03
4.461653     5.59002000e-03
4.463140     5.44943000e-03
4.464627     5.53287000e-03
4.466116     5.66719000e-03
4.467604     5.45604000e-03
4.469094     5.65809000e-03
4.470583     5.45338000e-03
4.472073     5.42425000e-03
4.473564     5.55992000e-03
4.475055     5.60554000e-03
4.476547     5.59133000e-03
4.478039     5.42159000e-03
4.479532     5.65952000e-03
4.481025     5.35977000e-03
4.482519     5.29513000e-03
4.484013     5.53783000e-03
4.485508     5.40955000e-03
4.487003     5.53473000e-03
4.488498     5.59925000e-03
4.489995     5.48413000e-03
4.491491     5.48152000e-03
4.492988     5.38911000e-03
4.494486     5.60234000e-03
4.495984     7.38821000e-03
4.497483     5.63441000e-03
4.498982     5.49709000e-03
4.500482     6.42208000e-03
4.501982     5.51826000e-03
4.503483     5.29186000e-03
4.504984     8.46084000e-03
4.506485     5.36151000e-03
4.507988     5.57397000e-03
4.509490     5.47675000e-03
4.510993     8.68595000e-03
4.512497     5.56636000e-03
4.514001     5.42417000e-03
4.515506     5.66957000e-03
4.517011     5.60341000e-03
4.518517     5.45044000e-03
4.520023     5.40547000e-03
4.521530     5.43410000e-03
4.523037     5.34958000e-03
4.524544     8.52476000e-03
4.526053     5.43964000e-03
4.527561     5.69038000e-03
4.529070     5.62711000e-03
4.530580     5.58888000e-03
4.532090     5.52544000e-03
4.533601     5.61550000e-03
4.535112     5.37818000e-03
4.536624     5.50157000e-03
4.538136     5.58517000e-03
4.539649     5.54080000e-03
4.541162     5.37008000e-03
4.542676     5.52707000e-03
4.544190     5.44076000e-03
4.545705     5.52364000e-03
4.547220     5.69696000e-03
4.548736     5.65975000e-03
4.550252     5.63309000e-03
4.551769     8.69424000e-03
4.553286     5.38452000e-03
4.554804     5.68587000e-03
4.556322     5.63484000e-03
4.557841     5.34771000e-03
4.559360     8.23678000e-03
4.560880     5.49038000e-03
4.562400     5.54887000e-03
4.563921     5.38547000e-03
4.565442     5.47666000e-03
4.566964     5.66147000e-03
4.568486     5.58005000e-03
4.570009     5.70135000e-03
4.571533     5.65987000e-03
4.573056     5.87385000e-03
4.574581     5.51819000e-03
4.576106     5.40119000e-03
4.577631     5.34836000e-03
4.579157     5.69490000e-03
4.580683     5.44308000e-03
4.582210     8.61964000e-03
4.583738     5.68603000e-03
4.585265     5.69443000e-03
4.586794     5.69801000e-03
4.588323     5.53937000e-03
4.589852     5.54539000e-03
4.591382     5.62831000e-03
4.592913     5.54403000e-03
4.594444     5.52434000e-03
4.595975     8.70162000e-03
4.597507     5.49781000e-03
4.599040     5.66355000e-03
4.600573     5.49897000e-03
4.602106     5.99222000e-03
4.603640     5.71998000e-03
4.605175     5.78226000e-03
4.606710     5.60786000e-03
4.608245     5.53187000e-03
4.609781     5.55265000e-03
4.611318     5.72427000e-03
4.612855     5.38422000e-03
4.614393     5.64491000e-03
4.615931     8.00811000e-03
4.617470     5.53606000e-03
4.619009     5.45828000e-03
4.620548     5.51283000e-03
4.622089     5.40849000e-03
4.623629     5.37417000e-03
4.625170     5.66674000e-03
4.626712     8.18415000e-03
4.628254     5.44939000e-03
4.629797     5.57073000e-03
4.631340     5.46275000e-03
4.632884     5.67034000e-03
4.634429     5.48232000e-03
4.635973     5.76950000e-03
4.637519     5.82951000e-03
4.639064     5.74200000e-03
4.640611     5.55954000e-03
4.642158     5.69167000e-03
4.643705     5.54955000e-03
4.645253     5.64743000e-03
4.646801     5.47844000e-03
4.648350     8.79182000e-03
4.649900     5.68168000e-03
4.651450     5.64272000e-03
4.653000     5.90458000e-03
4.654551     6.18587000e-03
4.656103     5.84951000e-03
4.657655     5.83588000e-03
4.659207     5.68460000e-03
4.660760     5.72784000e-03
4.662314     5.58621000e-03
4.663868     5.80973000e-03
4.665423     5.52994000e-03
4.666978     8.79347000e-03
4.668534     5.72900000e-03
4.670090     5.58911000e-03
4.671646     5.75577000e-03
4.673204     5.94785000e-03
4.674761     5.87283000e-03
4.676320     5.70449000e-03
4.677878     5.51031000e-03
4.679438     5.69108000e-03
4.680998     8.49362000e-03
4.682558     5.54200000e-03
4.684119     5.57772000e-03
4.685680     5.71717000e-03
4.687242     5.61072000e-03
4.688804     5.74370000e-03
4.690367     5.65023000e-03
4.691931     5.52630000e-03
4.693495     5.59662000e-03
4.695059     5.62694000e-03
4.696624     5.72310000e-03
4.698190     5.60507000e-03
4.699756     5.44617000e-03
4.701322     5.69769000e-03
4.702890     5.52249000e-03
4.704457     5.42136000e-03
4.706025     5.74641000e-03
4.707594     5.60873000e-03
4.709163     5.42205000e-03
4.710733     5.59534000e-03
4.712303     5.55440000e-03
4.713874     5.61809000e-03
4.715445     5.77046000e-03
4.717017     5.45682000e-03
4.718589     6.08675000e-03
4.720162     5.51431000e-03
4.721736     5.52585000e-03
4.723310     5.74763000e-03
4.724884     5.65270000e-03
4.726459     5.57442000e-03
4.728034     5.45340000e-03
4.729610     5.72742000e-03
4.731187     5.74083000e-03
4.732764     5.57687000e-03
4.734342     5.61241000e-03
4.735920     7.25877000e-03
4.737498     5.79885000e-03
4.739078     5.50897000e-03
4.740657     8.73023000e-03
4.742237     8.37412000e-03
4.743818     5.76359000e-03
4.745399     5.52362000e-03
4.746981     5.71801000e-03
4.748564     5.55299000e-03
4.750146     5.56554000e-03
4.751730     5.73974000e-03
4.753314     5.66931000e-03
4.754898     5.72856000e-03
4.756483     5.78104000e-03
4.758069     5.73508000e-03
4.759655     5.53494000e-03
4.761241     5.62927000e-03
4.762828     5.51994000e-03
4.764416     5.78192000e-03
4.766004     5.76222000e-03
4.767593     5.70364000e-03
4.769182     5.54176000e-03
4.770772     8.73875000e-03
4.772362     5.53864000e-03
4.773953     5.72449000e-03
4.775544     5.56400000e-03
4.777136     5.80590000e-03
4.778728     5.68615000e-03
4.780321     5.59466000e-03
4.781915     5.73248000e-03
4.783509     5.49236000e-03
4.785103     5.53399000e-03
4.786698     5.80269000e-03
4.788294     5.78404000e-03
4.789890     5.55224000e-03
4.791486     5.73369000e-03
4.793084     8.52205000e-03
4.794681     5.52142000e-03
4.796279     5.86462000e-03
4.797878     5.77473000e-03
4.799478     5.64682000e-03
4.801077     5.72297000e-03
4.802678     5.66661000e-03
4.804279     5.82081000e-03
4.805880     5.73218000e-03
4.807482     5.75016000e-03
4.809084     5.59972000e-03
4.810688     5.70354000e-03
4.812291     5.81683000e-03
4.813895     5.56217000e-03
4.815500     5.47925000e-03
4.817105     5.68779000e-03
4.818711     5.56500000e-03
4.820317     5.48500000e-03
4.821924     5.85148000e-03
4.823531     5.63041000e-03
4.825139     5.47959000e-03
4.826747     5.57699000e-03
4.828356     5.55584000e-03
4.829966     5.55670000e-03
4.831576     5.52787000e-03
4.833186     5.73292000e-03
4.834797     5.66376000e-03
4.836409     5.74441000e-03
4.838021     5.87450000e-03
4.839634     5.85034000e-03
4.841247     5.73960000e-03
4.842861     5.82180000e-03
4.844475     5.79582000e-03
4.846090     5.88736000e-03
4.847705     5.47797000e-03
4.849321     5.50459000e-03
4.850937     5.84098000e-03
4.852554     5.66458000e-03
4.854172     5.71220000e-03
4.855790     5.61824000e-03
4.857408     5.56664000e-03
4.859028     5.60433000e-03
4.860647     5.74823000e-03
4.862268     5.81248000e-03
4.863888     5.59145000e-03
4.865510     8.25974000e-03
4.867131     5.50584000e-03
4.868754     5.78813000e-03
4.870377     5.50364000e-03
4.872000     5.59834000e-03
4.873624     5.70846000e-03
4.875249     5.67328000e-03
4.876874     5.54426000e-03
4.878499     5.83886000e-03
4.880126     5.50579000e-03
4.881752     5.80359000e-03
4.883380     5.62792000e-03
4.885007     5.57890000e-03
4.886636     5.56110000e-03
4.888265     7.60080000e-03
4.889894     5.66920000e-03
4.891524     5.54652000e-03
4.893154     7.72049000e-03
4.894785     8.91541000e-03
4.896417     5.51727000e-03
4.898049     5.83982000e-03
4.899682     5.74066000e-03
4.901315     5.56095000e-03
4.902949     5.65066000e-03
4.904583     5.64233000e-03
4.906218     5.83645000e-03
4.907853     5.80603000e-03
4.909489     5.60621000e-03
4.911126     5.82388000e-03
4.912763     5.72284000e-03
4.914401     5.60249000e-03
4.916039     6.58646000e-03
4.917677     5.72824000e-03
4.919317     7.39613000e-03
4.920956     5.82617000e-03
4.922597     5.51669000e-03
4.924238     5.88878000e-03
4.925879     5.74487000e-03
4.927521     7.92850000e-03
4.929163     5.90004000e-03
4.930806     5.86750000e-03
4.932450     5.83993000e-03
4.934094     5.69443000e-03
4.935739     5.77486000e-03
4.937384     5.60046000e-03
4.939030     5.51259000e-03
4.940676     5.94002000e-03
4.942323     5.72560000e-03
4.943971     5.77616000e-03
4.945619     5.62904000e-03
4.947267     5.81062000e-03
4.948916     5.75952000e-03
4.950566     5.75818000e-03
4.952216     5.76622000e-03
4.953867     5.54594000e-03
4.955518     5.71431000e-03
4.957170     5.71464000e-03
4.958822     5.76403000e-03
4.960475     5.91445000e-03
4.962129     5.74122000e-03
4.963783     5.77561000e-03
4.965437     5.64778000e-03
4.967093     5.72884000e-03
4.968748     5.64776000e-03
4.970405     5.71758000e-03
4.972061     5.68875000e-03
4.973719     5.55010000e-03
4.975377     5.88819000e-03
4.977035     5.54274000e-03
4.978694     8.84549000e-03
4.980354     6.14726000e-03
4.982014     5.79874000e-03
4.983674     5.59644000e-03
4.985336     5.74197000e-03
4.986997     5.70835000e-03
4.988660     5.84505000e-03
4.990323     5.80463000e-03
4.991986     5.67578000e-03
4.993650     5.91942000e-03
4.995315     5.57598000e-03
4.996980     5.53972000e-03
4.998645     5.81274000e-03
5.000312     5.90139000e-03
5.001978     5.83469000e-03
5.003646     5.66949000e-03
5.005314     5.86676000e-03
5.006982     5.63883000e-03
5.008651     5.74118000e-03
5.010321     5.62005000e-03
5.011991     5.69694000e-03
5.013661     5.56619000e-03
5.015333     6.16334000e-03
5.017004     5.56488000e-03
5.018677     5.80910000e-03
5.020350     6.01696000e-03
5.022023     5.71706000e-03
5.023697     5.73995000e-03
5.025372     5.62036000e-03
5.027047     5.73778000e-03
5.028722     5.80025000e-03
5.030399     8.80203000e-03
5.032075     5.81574000e-03
5.033753     5.76264000e-03
5.035431     5.70428000e-03
5.037109     5.86040000e-03
5.038788     5.69840000e-03
5.040468     8.96548000e-03
5.042148     5.86027000e-03
5.043829     5.90690000e-03
5.045510     5.87912000e-03
5.047192     7.74004000e-03
5.048874     5.60935000e-03
5.050557     5.67325000e-03
5.052241     5.81071000e-03
5.053925     5.74021000e-03
5.055609     5.74148000e-03
5.057295     5.69190000e-03
5.058980     5.74028000e-03
5.060667     7.25896000e-03
5.062354     5.59191000e-03
5.064041     5.78452000e-03
5.065729     5.86222000e-03
5.067418     7.14488000e-03
5.069107     5.59380000e-03
5.070796     5.63239000e-03
5.072487     5.80910000e-03
5.074178     5.87794000e-03
5.075869     7.22706000e-03
5.077561     8.88863000e-03
5.079253     5.87242000e-03
5.080947     5.82881000e-03
5.082640     6.23324000e-03
5.084334     5.59321000e-03
5.086029     5.66232000e-03
5.087724     6.03141000e-03
5.089420     5.72367000e-03
5.091117     5.86340000e-03
5.092814     5.71373000e-03
5.094512     5.71773000e-03
5.096210     5.96784000e-03
5.097908     5.79855000e-03
5.099608     5.95962000e-03
5.101308     5.74131000e-03
5.103008     5.65402000e-03
5.104709     5.65216000e-03
5.106411     5.99541000e-03
5.108113     5.73514000e-03
5.109815     5.84577000e-03
5.111519     5.85934000e-03
5.113223     5.81898000e-03
5.114927     5.72477000e-03
5.116632     6.01033000e-03
5.118337     8.76027000e-03
5.120044     5.91347000e-03
5.121750     5.92921000e-03
5.123458     5.81662000e-03
5.125165     5.97170000e-03
5.126874     6.05136000e-03
5.128583     6.05748000e-03
5.130292     6.01005000e-03
5.132002     5.90907000e-03
5.133713     5.90528000e-03
5.135424     5.67079000e-03
5.137136     8.90257000e-03
5.138848     5.97096000e-03
5.140561     6.01978000e-03
5.142275     5.65663000e-03
5.143989     5.74349000e-03
5.145704     7.49531000e-03
5.147419     5.74616000e-03
5.149135     5.78688000e-03
5.150851     5.65002000e-03
5.152568     5.70061000e-03
5.154286     5.77813000e-03
5.156004     6.17200000e-03
5.157722     5.85660000e-03
5.159442     5.95447000e-03
5.161161     5.90453000e-03
5.162882     6.14477000e-03
5.164603     5.87976000e-03
5.166324     6.06465000e-03
5.168046     5.78834000e-03
5.169769     5.67297000e-03
5.171492     5.79418000e-03
5.173216     5.63903000e-03
5.174941     5.96781000e-03
5.176665     5.79636000e-03
5.178391     5.74295000e-03
5.180117     7.24708000e-03
5.181844     6.07850000e-03
5.183571     5.70180000e-03
5.185299     6.03174000e-03
5.187027     5.76650000e-03
5.188756     8.99326000e-03
5.190486     5.84104000e-03
5.192216     5.74125000e-03
5.193947     5.97657000e-03
5.195678     5.68775000e-03
5.197410     5.78132000e-03
5.199143     5.85496000e-03
5.200876     5.74637000e-03
5.202609     5.68691000e-03
5.204344     5.73305000e-03
5.206078     5.96206000e-03
5.207814     5.89976000e-03
5.209550     5.68481000e-03
5.211286     6.34154000e-03
5.213023     5.99543000e-03
5.214761     5.73522000e-03
5.216499     5.78344000e-03
5.218238     5.96364000e-03
5.219977     5.89954000e-03
5.221717     5.72927000e-03
5.223458     5.68102000e-03
5.225199     5.98681000e-03
5.226941     5.80897000e-03
5.228683     5.65503000e-03
5.230426     6.08984000e-03
5.232170     5.80750000e-03
5.233914     6.02973000e-03
5.235658     5.67715000e-03
5.237403     5.70078000e-03
5.239149     5.79397000e-03
5.240896     5.74201000e-03
5.242643     5.77983000e-03
5.244390     5.94789000e-03
5.246138     5.72482000e-03
5.247887     5.72955000e-03
5.249636     5.71289000e-03
5.251386     5.76698000e-03
5.253137     5.82529000e-03
5.254888     5.67124000e-03
5.256639     5.81233000e-03
5.258391     5.95617000e-03
5.260144     5.86974000e-03
5.261898     5.78215000e-03
5.263652     5.84786000e-03
5.265406     5.92978000e-03
5.267161     5.86877000e-03
5.268917     5.75254000e-03
5.270673     5.88845000e-03
5.272430     6.12117000e-03
5.274188     6.07041000e-03
5.275946     5.87908000e-03
5.277704     5.72249000e-03
5.279464     5.79759000e-03
5.281223     6.42148000e-03
5.282984     5.71775000e-03
5.284745     6.02909000e-03
5.286506     6.20455000e-03
5.288269     5.70311000e-03
5.290031     5.73043000e-03
5.291795     5.86028000e-03
5.293559     5.95586000e-03
5.295323     5.74747000e-03
5.297088     5.73401000e-03
5.298854     5.87666000e-03
5.300620     5.81524000e-03
5.302387     5.78938000e-03
5.304155     5.90188000e-03
5.305923     6.00892000e-03
5.307691     5.78511000e-03
5.309461     5.92211000e-03
5.311230     5.83209000e-03
5.313001     6.06568000e-03
5.314772     5.75138000e-03
5.316543     5.90911000e-03
5.318316     5.75462000e-03
5.320088     5.76835000e-03
5.321862     6.03298000e-03
5.323636     6.05401000e-03
5.325410     6.01763000e-03
5.327185     5.93260000e-03
5.328961     5.95724000e-03
5.330737     6.09123000e-03
5.332514     5.88840000e-03
5.334292     5.80983000e-03
5.336070     5.82035000e-03
5.337849     5.78919000e-03
5.339628     5.86548000e-03
5.341408     5.90518000e-03
5.343188     5.76791000e-03
5.344969     5.81460000e-03
5.346751     5.93271000e-03
5.348533     6.06837000e-03
5.350316     5.85576000e-03
5.352099     8.93177000e-03
5.353883     5.78304000e-03
5.355668     5.93020000e-03
5.357453     5.79517000e-03
5.359239     5.93435000e-03
5.361026     5.77781000e-03
5.362813     5.88026000e-03
5.364600     6.17578000e-03
5.366388     6.00907000e-03
5.368177     6.76681000e-03
5.369967     5.83162000e-03
5.371757     5.85095000e-03
5.373547     6.05690000e-03
5.375338     6.02216000e-03
5.377130     5.92236000e-03
5.378922     5.85694000e-03
5.380715     5.93925000e-03
5.382509     5.89175000e-03
5.384303     5.75217000e-03
5.386098     5.86568000e-03
5.387893     5.90218000e-03
5.389689     5.79066000e-03
5.391486     6.11937000e-03
5.393283     5.77220000e-03
5.395081     5.99422000e-03
5.396879     5.88995000e-03
5.398678     6.05896000e-03
5.400478     5.98634000e-03
5.402278     6.75797000e-03
5.404079     6.08740000e-03
5.405880     5.82860000e-03
5.407682     5.84246000e-03
5.409484     5.92400000e-03
5.411288     5.84696000e-03
5.413091     5.77810000e-03
5.414896     6.17749000e-03
5.416701     5.89688000e-03
5.418506     5.99208000e-03
5.420312     5.84594000e-03
5.422119     5.89040000e-03
5.423927     5.88496000e-03
5.425735     5.78650000e-03
5.427543     5.85287000e-03
5.429352     6.05007000e-03
5.431162     5.89581000e-03
5.432972     5.89464000e-03
5.434783     5.80775000e-03
5.436595     5.92946000e-03
5.438407     8.08293000e-03
5.440220     5.83223000e-03
5.442033     5.75969000e-03
5.443847     5.81741000e-03
5.445662     6.11817000e-03
5.447477     6.10694000e-03
5.449293     6.04438000e-03
5.451110     6.10049000e-03
5.452927     5.89559000e-03
5.454744     6.39437000e-03
5.456562     5.84831000e-03
5.458381     5.99135000e-03
5.460201     5.92739000e-03
5.462021     5.94135000e-03
5.463842     5.97371000e-03
5.465663     6.13676000e-03
5.467485     5.84762000e-03
5.469307     5.97361000e-03
5.471130     6.10638000e-03
5.472954     5.80434000e-03
5.474778     8.90920000e-03
5.476603     5.88048000e-03
5.478429     6.43617000e-03
5.480255     5.79765000e-03
5.482082     5.92265000e-03
5.483909     5.84763000e-03
5.485737     5.92841000e-03
5.487566     5.85843000e-03
5.489395     6.07080000e-03
5.491225     5.92577000e-03
5.493055     5.95204000e-03
5.494886     5.80038000e-03
5.496718     6.08317000e-03
5.498550     6.07017000e-03
5.500383     6.03089000e-03
5.502216     6.30952000e-03
5.504050     5.88897000e-03
5.505885     6.15323000e-03
5.507720     5.80869000e-03
5.509556     5.82140000e-03
5.511393     5.82103000e-03
5.513230     6.10793000e-03
5.515068     5.81469000e-03
5.516906     5.91142000e-03
5.518745     5.90118000e-03
5.520584     5.84361000e-03
5.522425     5.96521000e-03
5.524265     5.81575000e-03
5.526107     5.79397000e-03
5.527949     5.81692000e-03
5.529792     5.80010000e-03
5.531635     6.04298000e-03
5.533479     8.93958000e-03
5.535323     5.79985000e-03
5.537168     6.08975000e-03
5.539014     5.95517000e-03
5.540860     5.81519000e-03
5.542707     5.92793000e-03
5.544555     6.01564000e-03
5.546403     5.81201000e-03
5.548252     5.85804000e-03
5.550101     5.81194000e-03
5.551951     5.86319000e-03
5.553802     5.80170000e-03
5.555653     5.80411000e-03
5.557505     6.08220000e-03
5.559358     6.16552000e-03
5.561211     6.12027000e-03
5.563064     5.91982000e-03
5.564919     5.82061000e-03
5.566774     5.87976000e-03
5.568629     5.95690000e-03
5.570486     5.82529000e-03
5.572342     6.13254000e-03
5.574200     5.92942000e-03
5.576058     5.87561000e-03
5.577917     5.95234000e-03
5.579776     5.92551000e-03
5.581636     5.92594000e-03
5.583496     6.04090000e-03
5.585358     5.81488000e-03
5.587219     6.19618000e-03
5.589082     5.99656000e-03
5.590945     5.86611000e-03
5.592808     5.86419000e-03
5.594673     6.02964000e-03
5.596538     5.93138000e-03
5.598403     5.84711000e-03
5.600269     6.14039000e-03
5.602136     5.96575000e-03
5.604003     5.83788000e-03
5.605871     5.86647000e-03
5.607740     5.86570000e-03
5.609609     6.14679000e-03
5.611479     6.13635000e-03
5.613350     5.89224000e-03
5.615221     5.96487000e-03
5.617092     5.88641000e-03
5.618965     5.83493000e-03
5.620838     6.14928000e-03
5.622711     5.84971000e-03
5.624586     5.82370000e-03
5.626461     5.90422000e-03
5.628336     6.07549000e-03
5.630212     5.82698000e-03
5.632089     5.88152000e-03
5.633966     6.12544000e-03
5.635844     5.91281000e-03
5.637723     6.11946000e-03
5.639602     5.85112000e-03
5.641482     5.89547000e-03
5.643362     5.86047000e-03
5.645244     6.03515000e-03
5.647125     6.04741000e-03
5.649008     5.87112000e-03
5.650891     5.83146000e-03
5.652774     6.06704000e-03
5.654659     5.85777000e-03
5.656543     5.97179000e-03
5.658429     5.85192000e-03
5.660315     6.06381000e-03
5.662202     6.20152000e-03
5.664089     6.21833000e-03
5.665977     6.17013000e-03
5.667866     5.84761000e-03
5.669755     5.90799000e-03
5.671645     5.92211000e-03
5.673536     5.85206000e-03
5.675427     5.92417000e-03
5.677319     5.95845000e-03
5.679211     5.89128000e-03
5.681104     6.08629000e-03
5.682998     5.85552000e-03
5.684892     5.89275000e-03
5.686787     5.91977000e-03
5.688683     5.84276000e-03
5.690579     5.87061000e-03
5.692476     5.99229000e-03
5.694373     8.29043000e-03
5.696272     5.89751000e-03
5.698170     5.84527000e-03
5.700070     5.85303000e-03
5.701970     6.15632000e-03
5.703870     6.06132000e-03
5.705772     6.14675000e-03
5.707674     5.85376000e-03
5.709576     6.02161000e-03
5.711479     6.01168000e-03
5.713383     6.08844000e-03
5.715288     5.95829000e-03
5.717193     6.96651000e-03
5.719098     5.88278000e-03
5.721005     5.99462000e-03
5.722912     5.85466000e-03
5.724819     6.15687000e-03
5.726728     5.85915000e-03
5.728637     5.94506000e-03
5.730546     5.85944000e-03
5.732456     5.87249000e-03
5.734367     5.86801000e-03
5.736279     6.10805000e-03
5.738191     5.85517000e-03
5.740103     6.16280000e-03
5.742017     6.16185000e-03
5.743931     6.01882000e-03
5.745845     6.01017000e-03
5.747761     5.96539000e-03
5.749677     6.03780000e-03
5.751593     6.15923000e-03
5.753510     6.17631000e-03
5.755428     5.89738000e-03
5.757347     5.88486000e-03
5.759266     6.21129000e-03
5.761186     6.14329000e-03
5.763106     6.28740000e-03
5.765027     6.03756000e-03
5.766949     5.95967000e-03
5.768871     5.95254000e-03
5.770794     5.91046000e-03
5.772718     5.95794000e-03
5.774642     5.90342000e-03
5.776567     6.17647000e-03
5.778492     6.23149000e-03
5.780418     6.02851000e-03
5.782345     5.93009000e-03
5.784273     6.03156000e-03
5.786201     5.87494000e-03
5.788129     6.09674000e-03
5.790059     5.88342000e-03
5.791989     5.89262000e-03
5.793920     6.22295000e-03
5.795851     5.98916000e-03
5.797783     5.95259000e-03
5.799715     5.98237000e-03
5.801649     5.88104000e-03
5.803583     6.13422000e-03
5.805517     5.87821000e-03
5.807452     6.05256000e-03
5.809388     5.91790000e-03
5.811324     5.89635000e-03
5.813262     8.41924000e-03
5.815199     6.08991000e-03
5.817138     6.14894000e-03
5.819077     6.21286000e-03
5.821016     5.89917000e-03
5.822957     6.15443000e-03
5.824898     6.30581000e-03
5.826839     6.67348000e-03
5.828782     5.91611000e-03
5.830725     6.09144000e-03
5.832668     6.18555000e-03
5.834612     6.21077000e-03
5.836557     5.88347000e-03
5.838503     6.06670000e-03
5.840449     6.12729000e-03
5.842396     6.09376000e-03
5.844343     6.06662000e-03
5.846291     5.88736000e-03
5.848240     5.96808000e-03
5.850190     6.19448000e-03
5.852140     5.97835000e-03
5.854090     6.17640000e-03
5.856042     8.39371000e-03
5.857994     6.25067000e-03
5.859946     5.91007000e-03
5.861900     5.92943000e-03
5.863854     6.01029000e-03
5.865808     6.20954000e-03
5.867764     6.19662000e-03
5.869720     5.96574000e-03
5.871676     6.23946000e-03
5.873633     5.89530000e-03
5.875591     6.22293000e-03
5.877550     5.89677000e-03
5.879509     5.89516000e-03
5.881469     6.20552000e-03
5.883429     6.21232000e-03
5.885390     5.92712000e-03
5.887352     5.90029000e-03
5.889315     5.97607000e-03
5.891278     6.20102000e-03
5.893241     6.22889000e-03
5.895206     6.24195000e-03
5.897171     6.09081000e-03
5.899137     5.94344000e-03
5.901103     6.06342000e-03
5.903070     6.10819000e-03
5.905038     5.97166000e-03
5.907006     6.00870000e-03
5.908975     6.06913000e-03
5.910945     6.14270000e-03
5.912915     6.25813000e-03
5.914886     6.00257000e-03
5.916858     6.08345000e-03
5.918830     6.08127000e-03
5.920803     6.20964000e-03
5.922777     5.95642000e-03
5.924751     5.94394000e-03
5.926726     6.31982000e-03
5.928701     5.93791000e-03
5.930678     6.03137000e-03
5.932654     6.13298000e-03
5.934632     5.96072000e-03
5.936610     6.01154000e-03
5.938589     5.96377000e-03
5.940569     6.22578000e-03
5.942549     5.92106000e-03
5.944530     6.14166000e-03
5.946511     5.97410000e-03
5.948493     6.41014000e-03
5.950476     6.14554000e-03
5.952460     6.23101000e-03
5.954444     6.23320000e-03
5.956429     7.37460000e-03
5.958414     6.00084000e-03
5.960400     6.09875000e-03
5.962387     6.16168000e-03
5.964374     6.14639000e-03
5.966363     5.96002000e-03
5.968351     6.00837000e-03
5.970341     5.97002000e-03
5.972331     5.92060000e-03
5.974322     5.92265000e-03
5.976313     5.96304000e-03
5.978305     6.05967000e-03
5.980298     6.05997000e-03
5.982291     6.03373000e-03
5.984286     6.25567000e-03
5.986280     6.06721000e-03
5.988276     6.31165000e-03
5.990272     5.99520000e-03
5.992269     5.95765000e-03
5.994266     6.13002000e-03
5.996264     5.92895000e-03
5.998263     6.24659000e-03
6.000262     6.03970000e-03
6.002262     5.95408000e-03
6.004263     6.34084000e-03
6.006265     6.03233000e-03
6.008267     6.26909000e-03
6.010269     5.93412000e-03
6.012273     6.06298000e-03
6.014277     6.29459000e-03
6.016282     5.99472000e-03
6.018287     6.12857000e-03
6.020293     6.04467000e-03
6.022300     6.22817000e-03
6.024307     6.01626000e-03
6.026315     7.26481000e-03
6.028324     6.13393000e-03
6.030334     5.94748000e-03
6.032344     5.95827000e-03
6.034355     5.95013000e-03
6.036366     6.01214000e-03
6.038378     6.23400000e-03
6.040391     5.96791000e-03
6.042404     6.06223000e-03
6.044419     6.26908000e-03
6.046433     6.22914000e-03
6.048449     6.08617000e-03
6.050465     5.94029000e-03
6.052482     6.07018000e-03
6.054499     5.94557000e-03
6.056517     6.19983000e-03
6.058536     5.94224000e-03
6.060556     6.29905000e-03
6.062576     6.09878000e-03
6.064597     5.95026000e-03
6.066618     6.02634000e-03
6.068641     6.33134000e-03
6.070663     5.94438000e-03
6.072687     6.03568000e-03
6.074711     6.25716000e-03
6.076736     6.03494000e-03
6.078762     6.37105000e-03
6.080788     6.11417000e-03
6.082815     6.05293000e-03
6.084843     6.17011000e-03
6.086871     6.32946000e-03
6.088900     6.11479000e-03
6.090929     6.24180000e-03
6.092960     6.10628000e-03
6.094991     6.10339000e-03
6.097022     6.06450000e-03
6.099055     5.98085000e-03
6.101088     6.08843000e-03
6.103121     6.12309000e-03
6.105156     6.04499000e-03
6.107191     6.21387000e-03
6.109227     5.95866000e-03
6.111263     6.23945000e-03
6.113300     6.18432000e-03
6.115338     5.95753000e-03
6.117376     6.02171000e-03
6.119415     5.96968000e-03
6.121455     6.36083000e-03
6.123496     5.95839000e-03
6.125537     6.18229000e-03
6.127579     6.22147000e-03
6.129621     6.11212000e-03
6.131664     5.96231000e-03
6.133708     6.32563000e-03
6.135753     6.24335000e-03
6.137798     6.19240000e-03
6.139844     6.26388000e-03
6.141891     6.06483000e-03
6.143938     6.07146000e-03
6.145986     5.97220000e-03
6.148035     6.03227000e-03
6.150084     6.18946000e-03
6.152134     6.28080000e-03
6.154185     6.16476000e-03
6.156236     6.07370000e-03
6.158288     5.97398000e-03
6.160341     6.03598000e-03
6.162394     7.40571000e-03
6.164449     6.32922000e-03
6.166503     6.02435000e-03
6.168559     6.19054000e-03
6.170615     6.21510000e-03
6.172672     6.87702000e-03
6.174729     5.99824000e-03
6.176788     6.03702000e-03
6.178847     6.26508000e-03
6.180906     6.00820000e-03
6.182967     6.00737000e-03
6.185028     6.24249000e-03
6.187089     5.98144000e-03
6.189152     6.13895000e-03
6.191215     6.15035000e-03
6.193278     6.09524000e-03
6.195343     6.28339000e-03
6.197408     5.99927000e-03
6.199474     6.27858000e-03
6.201540     6.00055000e-03
6.203607     6.13044000e-03
6.205675     6.03152000e-03
6.207744     6.04643000e-03
6.209813     6.17596000e-03
6.211883     6.23376000e-03
6.213954     5.99081000e-03
6.216025     6.21529000e-03
6.218097     6.06028000e-03
6.220170     6.07055000e-03
6.222243     6.23241000e-03
6.224317     6.27910000e-03
6.226392     6.02135000e-03
6.228467     6.35152000e-03
6.230544     6.01539000e-03
6.232620     6.26132000e-03
6.234698     5.98646000e-03
6.236776     6.26123000e-03
6.238855     5.98911000e-03
6.240935     6.17899000e-03
6.243015     6.09606000e-03
6.245096     6.03412000e-03
6.247178     6.12830000e-03
6.249260     6.24328000e-03
6.251343     6.03893000e-03
6.253427     6.01219000e-03
6.255511     6.09346000e-03
6.257597     6.16006000e-03
6.259682     6.28000000e-03
6.261769     5.99946000e-03
6.263856     6.08623000e-03
6.265944     6.14968000e-03
6.268033     6.12064000e-03
6.270122     6.00702000e-03
6.272212     6.10238000e-03
6.274303     6.10954000e-03
6.276394     6.11536000e-03
6.278487     6.00468000e-03
6.280579     6.30730000e-03
6.282673     6.02583000e-03
6.284767     6.13872000e-03
6.286862     6.16680000e-03
6.288958     6.05669000e-03
6.291054     6.00448000e-03
6.293151     6.12986000e-03
6.295249     6.12991000e-03
6.297347     6.00848000e-03
6.299446     6.00131000e-03
6.301546     6.00438000e-03
6.303647     6.08052000e-03
6.305748     6.41474000e-03
6.307850     6.04246000e-03
6.309952     6.24372000e-03
6.312056     6.00285000e-03
6.314160     6.26750000e-03
6.316264     6.30832000e-03
6.318370     6.33736000e-03
6.320476     6.38676000e-03
6.322583     6.10322000e-03
6.324690     6.20352000e-03
6.326799     6.03337000e-03
6.328907     6.20382000e-03
6.331017     6.35744000e-03
6.333127     6.28248000e-03
6.335238     6.23089000e-03
6.337350     6.22052000e-03
6.339463     6.29847000e-03
6.341576     6.09151000e-03
6.343690     6.05571000e-03
6.345804     6.05586000e-03
6.347920     6.41735000e-03
6.350036     6.23693000e-03
6.352152     6.11985000e-03
6.354270     6.25945000e-03
6.356388     6.31464000e-03
6.358506     6.01657000e-03
6.360626     6.02376000e-03
6.362746     6.07032000e-03
6.364867     6.39988000e-03
6.366989     6.13585000e-03
6.369111     6.01988000e-03
6.371234     6.40690000e-03
6.373358     6.11701000e-03
6.375482     6.17059000e-03
6.377607     6.21106000e-03
6.379733     6.14614000e-03
6.381860     6.42648000e-03
6.383987     6.35462000e-03
6.386115     6.15617000e-03
6.388244     6.07466000e-03
6.390373     6.50696000e-03
6.392503     6.25319000e-03
6.394634     6.22856000e-03
6.396766     6.25309000e-03
6.398898     6.02618000e-03
6.401031     6.15454000e-03
6.403165     6.25901000e-03
6.405299     6.04205000e-03
6.407434     6.04112000e-03
6.409570     6.31145000e-03
6.411707     6.04248000e-03
6.413844     6.08601000e-03
6.415982     6.06425000e-03
6.418120     6.05106000e-03
6.420260     6.04793000e-03
6.422400     6.40778000e-03
6.424541     6.08778000e-03
6.426682     6.10544000e-03
6.428824     6.05085000e-03
6.430967     6.05589000e-03
6.433111     6.08640000e-03
6.435255     6.05375000e-03
6.437400     6.31865000e-03
6.439546     6.15445000e-03
6.441693     6.16859000e-03
6.443840     6.19849000e-03
6.445988     6.24346000e-03
6.448137     6.27322000e-03
6.450286     6.05795000e-03
6.452436     6.05778000e-03
6.454587     6.36054000e-03
6.456738     6.04069000e-03
6.458891     6.05066000e-03
6.461044     6.32677000e-03
6.463197     6.30881000e-03
6.465352     6.31493000e-03
6.467507     6.31107000e-03
6.469663     6.11897000e-03
6.471819     6.61668000e-03
6.473976     6.05416000e-03
6.476134     6.32129000e-03
6.478293     6.11051000e-03
6.480453     6.21468000e-03
6.482613     6.09525000e-03
6.484774     6.20643000e-03
6.486935     6.19771000e-03
6.489098     6.09882000e-03
6.491261     6.16873000e-03
6.493424     6.19183000e-03
6.495589     6.32063000e-03
6.497754     6.05385000e-03
6.499920     6.17146000e-03
6.502087     6.10614000e-03
6.504254     6.13928000e-03
6.506422     6.05663000e-03
6.508591     6.30992000e-03
6.510760     6.20276000e-03
6.512931     6.05903000e-03
6.515102     6.40243000e-03
6.517273     6.07034000e-03
6.519446     6.05211000e-03
6.521619     6.08952000e-03
6.523793     6.05278000e-03
6.525967     6.07537000e-03
6.528143     6.11614000e-03
6.530319     6.16797000e-03
6.532495     6.06387000e-03
6.534673     6.07231000e-03
6.536851     6.41191000e-03
6.539030     6.21024000e-03
6.541210     6.15708000e-03
6.543390     6.16486000e-03
6.545571     6.26633000e-03
6.547753     6.28386000e-03
6.549936     6.24658000e-03
6.552119     6.07947000e-03
6.554303     6.05946000e-03
6.556488     6.18614000e-03
6.558673     6.17431000e-03
6.560860     6.48071000e-03
6.563047     6.10482000e-03
6.565234     6.28792000e-03
6.567423     6.07577000e-03
6.569612     6.28846000e-03
6.571802     6.06724000e-03
6.573992     6.46706000e-03
6.576184     6.25712000e-03
6.578376     6.07335000e-03
6.580568     6.07193000e-03
6.582762     6.14955000e-03
6.584956     6.28990000e-03
6.587151     6.10942000e-03
6.589347     6.19728000e-03
6.591543     6.31451000e-03
6.593741     6.13286000e-03
6.595938     6.15832000e-03
6.598137     6.40755000e-03
6.600336     6.25735000e-03
6.602537     6.12814000e-03
6.604737     6.19283000e-03
6.606939     6.08967000e-03
6.609141     6.37059000e-03
6.611344     6.08314000e-03
6.613548     6.36126000e-03
6.615753     6.17573000e-03
6.617958     6.12078000e-03
6.620164     6.28331000e-03
6.622371     6.13587000e-03
6.624578     6.68505000e-03
6.626786     6.09054000e-03
6.628995     6.08551000e-03
6.631205     6.62802000e-03
6.633415     6.30849000e-03
6.635626     6.25779000e-03
6.637838     6.31442000e-03
6.640051     6.23234000e-03
6.642264     6.20061000e-03
6.644478     6.35594000e-03
6.646693     6.13008000e-03
6.648909     6.26018000e-03
6.651125     6.17515000e-03
6.653342     6.09231000e-03
6.655560     6.24233000e-03
6.657778     6.22393000e-03
6.659998     6.13116000e-03
6.662218     6.20535000e-03
6.664438     6.27890000e-03
6.666660     6.22034000e-03
6.668882     6.26973000e-03
6.671105     6.49501000e-03
6.673329     6.27156000e-03
6.675553     6.16342000e-03
6.677778     6.10340000e-03
6.680004     6.30981000e-03
6.682231     6.23761000e-03
6.684458     6.08912000e-03
6.686687     6.68884000e-03
6.688915     6.16547000e-03
6.691145     6.13579000e-03
6.693375     6.09712000e-03
6.695607     6.17326000e-03
6.697838     6.35104000e-03
6.700071     6.37255000e-03
6.702304     6.09330000e-03
6.704538     6.10135000e-03
6.706773     6.09558000e-03
6.709009     6.15899000e-03
6.711245     6.18909000e-03
6.713482     6.25179000e-03
6.715720     6.46024000e-03
6.717959     6.10922000e-03
6.720198     6.11385000e-03
6.722438     6.14514000e-03
6.724679     6.14804000e-03
6.726921     6.09836000e-03
6.729163     6.11719000e-03
6.731406     6.12168000e-03
6.733650     6.10108000e-03
6.735894     6.11752000e-03
6.738140     6.10440000e-03
6.740386     6.09912000e-03
6.742632     6.27624000e-03
6.744880     6.12591000e-03
6.747128     6.24984000e-03
6.749377     6.12534000e-03
6.751627     6.26144000e-03
6.753878     6.21823000e-03
6.756129     6.15668000e-03
6.758381     6.18646000e-03
6.760634     6.12649000e-03
6.762887     6.12251000e-03
6.765142     6.13346000e-03
6.767397     6.10949000e-03
6.769652     6.20970000e-03
6.771909     6.15363000e-03
6.774166     6.11789000e-03
6.776424     6.28385000e-03
6.778683     6.19400000e-03
6.780943     6.27316000e-03
6.783203     6.13169000e-03
6.785464     6.20475000e-03
6.787726     6.14088000e-03
6.789988     6.40323000e-03
6.792252     6.23450000e-03
6.794516     6.11371000e-03
6.796781     6.11658000e-03
6.799046     6.12802000e-03
6.801313     6.16773000e-03
6.803580     6.14752000e-03
6.805848     6.18327000e-03
6.808116     6.36232000e-03
6.810386     6.16492000e-03
6.812656     6.27783000e-03
6.814927     6.12329000e-03
6.817198     6.12732000e-03
6.819471     6.15254000e-03
6.821744     6.31525000e-03
6.824018     6.20960000e-03
6.826292     6.11186000e-03
6.828568     6.11205000e-03
6.830844     6.15073000e-03
6.833121     6.25627000e-03
6.835399     6.25312000e-03
6.837677     6.17331000e-03
6.839956     6.19265000e-03
6.842236     6.12853000e-03
6.844517     6.52880000e-03
6.846799     6.23305000e-03
6.849081     6.19411000e-03
6.851364     6.13821000e-03
6.853648     6.33507000e-03
6.855932     6.18542000e-03
6.858218     6.19715000e-03
6.860504     6.16544000e-03
6.862790     6.12632000e-03
6.865078     6.21959000e-03
6.867366     6.29455000e-03
6.869656     6.29819000e-03
6.871945     6.18988000e-03
6.874236     6.13935000e-03
6.876527     6.45716000e-03
6.878820     6.13203000e-03
6.881113     6.24123000e-03
6.883406     6.13104000e-03
6.885701     6.21454000e-03
6.887996     6.19189000e-03
6.890292     6.14218000e-03
6.892589     6.14601000e-03
6.894886     6.27883000e-03
6.897185     6.14954000e-03
6.899484     6.13748000e-03
6.901783     6.15330000e-03
6.904084     6.13377000e-03
6.906385     6.56292000e-03
6.908688     6.37508000e-03
6.910990     6.15317000e-03
6.913294     6.14625000e-03
6.915599     6.36479000e-03
6.917904     6.17049000e-03
6.920210     6.30425000e-03
6.922516     6.33434000e-03
6.924824     6.14330000e-03
6.927132     6.14413000e-03
6.929441     6.29338000e-03
6.931751     6.14696000e-03
6.934062     6.17510000e-03
6.936373     6.49546000e-03
6.938685     6.14468000e-03
6.940998     6.39123000e-03
6.943312     6.15182000e-03
6.945626     6.31006000e-03
6.947941     6.24481000e-03
6.950257     6.58928000e-03
6.952574     6.15547000e-03
6.954892     6.14847000e-03
6.957210     6.15815000e-03
6.959529     6.48010000e-03
6.961849     6.14678000e-03
6.964169     6.29376000e-03
6.966491     6.29139000e-03
6.968813     6.14859000e-03
6.971136     6.58646000e-03
6.973460     6.22061000e-03
6.975784     6.14961000e-03
6.978109     6.26054000e-03
6.980435     6.15932000e-03
6.982762     6.22114000e-03
6.985090     6.19429000e-03
6.987418     6.39870000e-03
6.989747     6.17813000e-03
6.992077     6.36569000e-03
6.994408     6.43459000e-03
6.996739     6.16166000e-03
6.999072     6.16030000e-03
7.001405     6.43565000e-03
7.003738     6.16224000e-03
7.006073     6.22698000e-03
7.008408     6.15797000e-03
7.010745     6.16712000e-03
7.013081     6.17855000e-03
7.015419     6.21364000e-03
7.017758     6.19250000e-03
7.020097     6.27270000e-03
7.022437     6.22408000e-03
7.024778     6.54518000e-03
7.027119     6.21852000e-03
7.029462     6.15888000e-03
7.031805     6.16623000e-03
7.034149     6.16645000e-03
7.036494     6.43316000e-03
7.038839     6.16236000e-03
7.041185     6.40919000e-03
7.043532     6.17192000e-03
7.045880     6.19301000e-03
7.048229     6.16320000e-03
7.050578     6.30974000e-03
7.052928     6.30615000e-03
7.055279     6.28871000e-03
7.057631     6.24792000e-03
7.059984     6.25760000e-03
7.062337     6.42623000e-03
7.064691     6.30341000e-03
7.067046     6.24758000e-03
7.069402     6.17198000e-03
7.071758     6.44617000e-03
7.074115     6.36327000e-03
7.076473     6.45477000e-03
7.078832     6.18799000e-03
7.081192     6.17337000e-03
7.083552     6.17556000e-03
7.085914     6.17146000e-03
7.088275     6.32552000e-03
7.090638     6.27349000e-03
7.093002     6.25044000e-03
7.095366     6.20116000e-03
7.097731     6.30039000e-03
7.100097     6.37751000e-03
7.102464     6.28897000e-03
7.104831     6.22249000e-03
7.107200     6.25444000e-03
7.109569     6.22026000e-03
7.111939     6.17541000e-03
7.114309     6.24833000e-03
7.116681     6.38576000e-03
7.119053     6.34017000e-03
7.121426     6.19633000e-03
7.123800     6.19659000e-03
7.126174     6.21212000e-03
7.128550     6.22853000e-03
7.130926     6.43414000e-03
7.133303     6.18897000e-03
7.135681     6.33798000e-03
7.138059     6.78387000e-03
7.140438     6.48926000e-03
7.142819     6.40235000e-03
7.145200     6.33192000e-03
7.147581     6.25193000e-03
7.149964     6.38132000e-03
7.152347     6.20959000e-03
7.154731     6.20401000e-03
7.157116     6.24558000e-03
7.159502     6.20579000e-03
7.161888     6.33318000e-03
7.164276     6.46181000e-03
7.166664     6.29276000e-03
7.169053     6.21248000e-03
7.171442     6.63329000e-03
7.173833     6.29558000e-03
7.176224     6.22355000e-03
7.178616     6.24111000e-03
7.181009     6.20321000e-03
7.183403     6.33708000e-03
7.185797     6.42149000e-03
7.188192     6.39443000e-03
7.190589     6.32013000e-03
7.192985     6.19258000e-03
7.195383     6.21254000e-03
7.197782     6.22807000e-03
7.200181     6.19874000e-03
7.202581     6.19229000e-03
7.204982     6.69633000e-03
7.207383     6.27235000e-03
7.209786     6.37724000e-03
7.212189     6.33332000e-03
7.214593     6.24718000e-03
7.216998     6.20632000e-03
7.219404     6.19470000e-03
7.221810     6.30498000e-03
7.224217     6.21500000e-03
7.226625     6.41114000e-03
7.229034     6.30320000e-03
7.231444     6.24828000e-03
7.233855     6.22231000e-03
7.236266     6.21667000e-03
7.238678     6.26963000e-03
7.241091     6.24629000e-03
7.243504     6.28220000e-03
7.245919     6.28370000e-03
7.248334     6.27921000e-03
7.250750     6.37133000e-03
7.253167     6.23867000e-03
7.255585     6.22930000e-03
7.258004     6.64295000e-03
7.260423     6.33356000e-03
7.262843     6.47287000e-03
7.265264     6.21454000e-03
7.267686     6.24733000e-03
7.270108     6.22040000e-03
7.272532     6.20357000e-03
7.274956     6.40960000e-03
7.277381     6.26281000e-03
7.279807     6.50703000e-03
7.282233     6.35571000e-03
7.284661     6.32400000e-03
7.287089     6.22534000e-03
7.289518     6.27023000e-03
7.291948     6.35675000e-03
7.294378     6.21747000e-03
7.296810     6.25024000e-03
7.299242     6.43698000e-03
7.301675     6.22217000e-03
7.304109     6.42054000e-03
7.306544     6.22804000e-03
7.308979     6.30289000e-03
7.311416     6.29233000e-03
7.313853     6.30820000e-03
7.316291     6.25382000e-03
7.318729     6.29614000e-03
7.321169     6.29931000e-03
7.323609     6.25306000e-03
7.326051     6.25632000e-03
7.328493     6.43587000e-03
7.330935     6.26255000e-03
7.333379     6.30306000e-03
7.335824     6.48956000e-03
7.338269     6.34456000e-03
7.340715     6.43243000e-03
7.343162     6.21317000e-03
7.345610     6.22447000e-03
7.348058     6.32762000e-03
7.350507     6.23052000e-03
7.352958     6.35854000e-03
7.355409     6.26240000e-03
7.357860     6.22230000e-03
7.360313     6.22351000e-03
7.362767     6.29625000e-03
7.365221     6.25150000e-03
7.367676     6.32131000e-03
7.370132     6.31031000e-03
7.372588     6.24495000e-03
7.375046     6.26497000e-03
7.377504     6.29743000e-03
7.379963     6.29165000e-03
7.382423     6.45078000e-03
7.384884     6.23267000e-03
7.387346     6.35947000e-03
7.389808     6.23051000e-03
7.392272     6.25118000e-03
7.394736     6.27787000e-03
7.397201     6.23599000e-03
7.399666     6.39202000e-03
7.402133     6.23694000e-03
7.404600     6.26473000e-03
7.407068     6.46298000e-03
7.409538     6.23843000e-03
7.412007     6.25087000e-03
7.414478     6.59380000e-03
7.416950     6.24318000e-03
7.419422     6.38262000e-03
7.421895     6.23153000e-03
7.424369     6.31162000e-03
7.426844     6.23663000e-03
7.429319     6.22207000e-03
7.431796     6.50329000e-03
7.434273     6.32589000e-03
7.436751     6.39976000e-03
7.439230     6.48824000e-03
7.441710     6.33977000e-03
7.444190     6.58281000e-03
7.446672     6.23747000e-03
7.449154     6.23820000e-03
7.451637     6.41393000e-03
7.454121     6.30544000e-03
7.456606     6.33227000e-03
7.459091     6.24698000e-03
7.461578     6.31532000e-03
7.464065     6.23964000e-03
7.466553     6.41660000e-03
7.469042     6.34196000e-03
7.471531     6.28729000e-03
7.474022     6.61227000e-03
7.476513     6.37851000e-03
7.479005     6.38391000e-03
7.481498     6.24273000e-03
7.483992     6.29503000e-03
7.486487     6.24919000e-03
7.488982     6.24463000e-03
7.491479     6.33345000e-03
7.493976     6.40950000e-03
7.496474     6.31448000e-03
7.498973     6.29566000e-03
7.501472     6.25149000e-03
7.503973     6.24388000e-03
7.506474     6.33359000e-03
7.508976     6.27284000e-03
7.511479     6.41497000e-03
7.513983     6.34222000e-03
7.516488     6.43673000e-03
7.518993     6.33360000e-03
7.521500     6.31162000e-03
7.524007     6.27909000e-03
7.526515     6.34113000e-03
7.529024     6.43700000e-03
7.531533     6.71243000e-03
7.534044     6.27829000e-03
7.536555     6.57897000e-03
7.539067     6.53539000e-03
7.541580     6.25502000e-03
7.544094     6.33756000e-03
7.546609     6.30776000e-03
7.549124     6.29391000e-03
7.551641     6.38176000e-03
7.554158     6.27061000e-03
7.556676     6.69648000e-03
7.559195     6.25549000e-03
7.561715     6.35897000e-03
7.564235     6.47533000e-03
7.566757     6.25800000e-03
7.569279     6.32097000e-03
7.571802     6.39909000e-03
7.574326     6.53055000e-03
7.576851     6.28828000e-03
7.579376     6.37159000e-03
7.581903     6.66119000e-03
7.584430     6.42481000e-03
7.586958     6.61272000e-03
7.589487     6.87888000e-03
7.592017     6.26718000e-03
7.594548     6.29043000e-03
7.597079     6.41773000e-03
7.599612     6.42692000e-03
7.602145     6.27092000e-03
7.604679     6.46115000e-03
7.607214     6.27588000e-03
7.609749     6.32965000e-03
7.612286     6.34147000e-03
7.614823     6.76382000e-03
7.617362     6.48560000e-03
7.619901     6.54261000e-03
7.622441     6.35313000e-03
7.624982     6.30256000e-03
7.627523     6.31240000e-03
7.630066     6.28612000e-03
7.632609     6.30959000e-03
7.635153     6.37010000e-03
7.637698     6.28063000e-03
7.640244     6.29069000e-03
7.642791     6.27117000e-03
7.645339     6.54926000e-03
7.647887     6.52917000e-03
7.650436     6.27907000e-03
7.652987     6.27323000e-03
7.655538     6.37896000e-03
7.658089     6.42669000e-03
7.660642     6.31076000e-03
7.663196     6.45346000e-03
7.665750     6.37257000e-03
7.668305     6.28561000e-03
7.670861     6.43267000e-03
7.673418     6.28006000e-03
7.675976     6.39939000e-03
7.678535     6.35599000e-03
7.681094     6.37943000e-03
7.683655     6.28270000e-03
7.686216     6.31207000e-03
7.688778     6.47366000e-03
7.691341     6.32542000e-03
7.693905     6.50214000e-03
7.696469     6.46556000e-03
7.699035     6.28796000e-03
7.701601     6.48891000e-03
7.704168     6.29675000e-03
7.706736     6.34480000e-03
7.709305     6.84846000e-03
7.711875     6.41420000e-03
7.714446     6.42387000e-03
7.717017     6.40771000e-03
7.719590     6.30971000e-03
7.722163     6.34600000e-03
7.724737     6.40024000e-03
7.727312     6.35346000e-03
7.729887     6.41892000e-03
7.732464     6.39639000e-03
7.735042     6.68320000e-03
7.737620     6.27525000e-03
7.740199     6.30919000e-03
7.742779     6.46057000e-03
7.745360     6.46273000e-03
7.747942     6.36395000e-03
7.750525     6.55630000e-03
7.753108     6.55771000e-03
7.755692     6.33082000e-03
7.758278     6.29864000e-03
7.760864     6.36225000e-03
7.763451     6.29248000e-03
7.766039     6.30264000e-03
7.768627     6.31294000e-03
7.771217     6.39357000e-03
7.773807     6.36300000e-03
7.776398     6.30522000e-03
7.778991     6.33497000e-03
7.781584     6.29388000e-03
7.784177     6.41796000e-03
7.786772     6.45098000e-03
7.789368     6.32348000e-03
7.791964     6.46617000e-03
7.794562     6.46538000e-03
7.797160     6.48559000e-03
7.799759     6.29781000e-03
7.802359     6.37433000e-03
7.804959     6.93125000e-03
7.807561     6.34840000e-03
7.810164     6.31002000e-03
7.812767     6.46547000e-03
7.815371     6.43613000e-03
7.817976     6.29731000e-03
7.820582     6.32674000e-03
7.823189     6.30069000e-03
7.825797     6.31635000e-03
7.828406     6.32295000e-03
7.831015     6.33422000e-03
7.833625     6.60918000e-03
7.836237     6.30056000e-03
7.838849     6.31350000e-03
7.841462     6.54632000e-03
7.844075     6.40278000e-03
7.846690     6.30450000e-03
7.849306     6.59913000e-03
7.851922     6.56197000e-03
7.854539     6.30451000e-03
7.857158     6.74881000e-03
7.859777     6.36358000e-03
7.862397     6.43610000e-03
7.865017     6.30632000e-03
7.867639     6.35059000e-03
7.870262     6.31278000e-03
7.872885     6.44582000e-03
7.875509     6.37205000e-03
7.878134     6.56642000e-03
7.880761     6.32970000e-03
7.883387     6.35785000e-03
7.886015     6.40378000e-03
7.888644     6.47150000e-03
7.891273     6.72804000e-03
7.893904     6.30653000e-03
7.896535     6.53462000e-03
7.899167     6.31300000e-03
7.901800     6.33149000e-03
7.904434     6.31364000e-03
7.907069     6.35352000e-03
7.909705     6.50269000e-03
7.912341     6.55304000e-03
7.914979     6.50559000e-03
7.917617     6.31950000e-03
7.920256     6.35772000e-03
7.922897     6.31422000e-03
7.925537     6.34128000e-03
7.928179     6.56782000e-03
7.930822     6.42413000e-03
7.933466     6.40035000e-03
7.936110     6.34107000e-03
7.938756     6.50920000e-03
7.941402     6.52901000e-03
7.944049     6.33404000e-03
7.946697     6.36980000e-03
7.949346     6.42473000e-03
7.951996     6.45643000e-03
7.954646     6.38417000e-03
7.957298     6.33220000e-03
7.959950     6.58271000e-03
7.962604     6.33135000e-03
7.965258     6.36355000e-03
7.967913     6.32630000e-03
7.970569     6.34086000e-03
7.973226     6.32351000e-03
7.975883     6.35263000e-03
7.978542     6.38339000e-03
7.981202     6.32693000e-03
7.983862     6.35172000e-03
7.986523     6.37515000e-03
7.989185     6.51270000e-03
7.991848     6.46473000e-03
7.994512     6.50308000e-03
7.997177     6.32989000e-03
7.999843     6.48786000e-03
8.002510     6.41777000e-03
8.005177     6.32932000e-03
8.007845     6.46973000e-03
8.010515     6.38095000e-03
8.013185     6.50976000e-03
8.015856     6.33423000e-03
8.018528     6.36592000e-03
8.021201     6.34110000e-03
8.023875     6.55798000e-03
8.026549     6.47560000e-03
8.029225     6.41359000e-03
8.031901     6.57272000e-03
8.034578     6.34333000e-03
8.037257     6.33925000e-03
8.039936     6.34807000e-03
8.042616     6.34486000e-03
8.045297     6.34488000e-03
8.047978     6.82711000e-03
8.050661     6.87883000e-03
8.053344     6.37738000e-03
8.056029     6.47267000e-03
8.058714     6.76774000e-03
8.061401     6.34920000e-03
8.064088     6.56557000e-03
8.066776     6.33960000e-03
8.069465     6.46380000e-03
8.072154     6.48578000e-03
8.074845     6.33805000e-03
8.077537     6.65962000e-03
8.080229     6.35717000e-03
8.082923     6.50474000e-03
8.085617     6.47781000e-03
8.088312     6.39367000e-03
8.091008     6.33867000e-03
8.093705     6.35011000e-03
8.096403     6.44407000e-03
8.099102     6.64897000e-03
8.101802     6.78311000e-03
8.104502     6.45419000e-03
8.107204     6.40200000e-03
8.109906     6.38000000e-03
8.112610     6.58577000e-03
8.115314     6.60408000e-03
8.118019     6.49874000e-03
8.120725     6.34942000e-03
8.123432     6.69397000e-03
8.126140     6.39835000e-03
8.128848     6.46175000e-03
8.131558     6.38209000e-03
8.134268     6.38938000e-03
8.136980     6.39325000e-03
8.139692     6.45535000e-03
8.142405     6.35833000e-03
8.145120     6.35456000e-03
8.147835     6.40300000e-03
8.150550     6.51159000e-03
8.153267     6.39151000e-03
8.155985     6.37370000e-03
8.158704     6.35464000e-03
8.161423     6.36434000e-03
8.164144     6.37380000e-03
8.166865     6.56233000e-03
8.169587     6.38629000e-03
8.172311     6.35149000e-03
8.175035     6.35620000e-03
8.177760     6.38587000e-03
8.180486     6.36463000e-03
8.183213     6.35336000e-03
8.185940     6.61385000e-03
8.188669     6.46002000e-03
8.191398     6.39202000e-03
8.194129     6.39246000e-03
8.196860     6.55291000e-03
8.199593     6.46768000e-03
8.202326     6.36836000e-03
8.205060     6.36122000e-03
8.207795     6.35943000e-03
8.210531     6.38564000e-03
8.213268     6.45371000e-03
8.216005     6.36441000e-03
8.218744     6.53506000e-03
8.221484     6.40318000e-03
8.224224     6.36176000e-03
8.226966     6.37653000e-03
8.229708     6.66505000e-03
8.232451     6.36312000e-03
8.235195     6.48841000e-03
8.237940     6.38387000e-03
8.240686     6.36934000e-03
8.243433     6.53730000e-03
8.246181     6.36432000e-03
8.248930     6.59687000e-03
8.251679     6.36981000e-03
8.254430     6.61170000e-03
8.257181     6.38787000e-03
8.259934     6.41344000e-03
8.262687     6.39286000e-03
8.265441     6.62520000e-03
8.268197     6.54023000e-03
8.270953     6.51878000e-03
8.273710     6.42847000e-03
8.276468     6.39222000e-03
8.279226     6.79598000e-03
8.281986     6.52425000e-03
8.284747     6.80315000e-03
8.287508     6.56111000e-03
8.290271     6.44669000e-03
8.293034     6.39355000e-03
8.295799     6.44059000e-03
8.298564     6.43451000e-03
8.301330     6.36974000e-03
8.304097     6.40724000e-03
8.306865     6.41229000e-03
8.309634     6.49029000e-03
8.312404     6.53924000e-03
8.315175     6.37175000e-03
8.317947     6.57346000e-03
8.320719     6.46698000e-03
8.323493     6.48315000e-03
8.326267     6.41277000e-03
8.329043     6.42685000e-03
8.331819     6.50527000e-03
8.334596     6.44393000e-03
8.337375     6.38534000e-03
8.340154     6.70705000e-03
8.342934     6.58257000e-03
8.345715     6.56246000e-03
8.348497     6.37884000e-03
8.351279     6.49723000e-03
8.354063     6.45233000e-03
8.356848     6.46410000e-03
8.359633     6.42676000e-03
8.362420     6.73083000e-03
8.365207     6.39950000e-03
8.367996     6.39099000e-03
8.370785     6.54830000e-03
8.373575     6.46976000e-03
8.376367     6.53284000e-03
8.379159     6.51502000e-03
8.381952     6.38221000e-03
8.384746     6.65651000e-03
8.387541     6.39059000e-03
8.390337     6.43997000e-03
8.393133     6.70456000e-03
8.395931     6.72629000e-03
8.398730     6.42359000e-03
8.401529     6.39226000e-03
8.404330     6.40266000e-03
8.407131     6.39203000e-03
8.409934     6.47191000e-03
8.412737     6.42198000e-03
8.415541     6.43672000e-03
8.418346     6.42092000e-03
8.421152     6.39500000e-03
8.423960     6.39322000e-03
8.426768     6.41435000e-03
8.429576     6.38783000e-03
8.432386     6.39242000e-03
8.435197     6.73154000e-03
8.438009     6.41640000e-03
8.440822     6.79514000e-03
8.443635     6.84278000e-03
8.446450     6.39504000e-03
8.449265     6.39828000e-03
8.452082     6.40175000e-03
8.454899     6.47189000e-03
8.457717     6.72238000e-03
8.460536     6.55832000e-03
8.463357     6.39764000e-03
8.466178     6.39538000e-03
8.469000     6.61864000e-03
8.471823     6.59164000e-03
8.474647     6.52238000e-03
8.477472     6.39762000e-03
8.480297     6.41116000e-03
8.483124     6.50159000e-03
8.485952     6.40619000e-03
8.488781     6.39802000e-03
8.491610     6.43329000e-03
8.494441     6.42492000e-03
8.497272     6.43630000e-03
8.500105     6.44202000e-03
8.502938     6.72825000e-03
8.505772     6.39977000e-03
8.508608     6.45459000e-03
8.511444     6.43494000e-03
8.514281     6.39950000e-03
8.517119     6.63096000e-03
8.519958     6.65159000e-03
8.522798     6.43751000e-03
8.525639     6.49845000e-03
8.528481     6.63710000e-03
8.531324     6.40735000e-03
8.534167     6.41144000e-03
8.537012     6.42060000e-03
8.539858     6.41375000e-03
8.542704     6.40718000e-03
8.545552     6.51310000e-03
8.548401     6.40831000e-03
8.551250     6.73533000e-03
8.554100     6.50934000e-03
8.556952     6.55289000e-03
8.559804     6.42006000e-03
8.562657     6.57138000e-03
8.565512     6.94437000e-03
8.568367     6.42616000e-03
8.571223     6.65630000e-03
8.574080     6.42900000e-03
8.576938     6.65968000e-03
8.579797     6.50422000e-03
8.582657     6.53273000e-03
8.585518     6.60368000e-03
8.588380     6.41433000e-03
8.591242     6.44681000e-03
8.594106     6.54660000e-03
8.596971     6.64754000e-03
8.599837     6.51511000e-03
8.602703     6.50947000e-03
8.605571     6.66076000e-03
8.608439     6.54543000e-03
8.611309     6.44319000e-03
8.614179     6.49043000e-03
8.617051     6.41935000e-03
8.619923     6.93961000e-03
8.622796     6.42786000e-03
8.625670     6.42288000e-03
8.628546     6.43959000e-03
8.631422     6.60796000e-03
8.634299     6.45178000e-03
8.637177     6.44337000e-03
8.640056     6.49545000e-03
8.642936     6.53455000e-03
8.645817     6.46554000e-03
8.648699     6.52591000e-03
8.651582     6.52551000e-03
8.654466     6.51603000e-03
8.657351     6.52845000e-03
8.660236     6.54609000e-03
8.663123     6.56858000e-03
8.666011     6.68586000e-03
8.668900     6.57512000e-03
8.671789     6.43390000e-03
8.674680     6.46631000e-03
8.677571     6.50047000e-03
8.680464     6.64226000e-03
8.683357     6.44907000e-03
8.686252     6.43436000e-03
8.689147     6.54045000e-03
8.692044     6.46804000e-03
8.694941     6.43834000e-03
8.697839     6.49855000e-03
8.700739     6.60826000e-03
8.703639     6.46363000e-03
8.706540     6.64254000e-03
8.709442     6.75694000e-03
8.712345     6.50794000e-03
8.715249     6.56102000e-03
8.718155     6.44535000e-03
8.721061     6.49979000e-03
8.723968     6.45254000e-03
8.726876     6.59461000e-03
8.729785     6.43110000e-03
8.732695     6.44668000e-03
8.735605     6.62695000e-03
8.738517     6.65037000e-03
8.741430     6.60280000e-03
8.744344     6.44025000e-03
8.747259     6.45383000e-03
8.750174     6.48061000e-03
8.753091     6.51788000e-03
8.756009     6.47849000e-03
8.758928     6.51546000e-03
8.761847     6.54086000e-03
8.764768     6.64430000e-03
8.767689     6.43666000e-03
8.770612     6.72514000e-03
8.773536     6.50768000e-03
8.776460     6.44351000e-03
8.779386     6.63164000e-03
8.782312     6.46587000e-03
8.785239     6.65476000e-03
8.788168     6.69450000e-03
8.791097     6.44622000e-03
8.794028     6.46810000e-03
8.796959     6.44264000e-03
8.799891     6.44767000e-03
8.802825     6.43224000e-03
8.805759     6.48888000e-03
8.808694     6.49739000e-03
8.811630     6.45162000e-03
8.814568     6.52051000e-03
8.817506     6.65876000e-03
8.820445     6.51982000e-03
8.823385     6.47588000e-03
8.826326     6.44849000e-03
8.829268     6.44752000e-03
8.832211     6.47174000e-03
8.835155     6.59214000e-03
8.838100     6.45410000e-03
8.841046     6.61976000e-03
8.843994     6.67302000e-03
8.846942     6.54916000e-03
8.849890     6.50339000e-03
8.852840     6.82358000e-03
8.855791     6.46492000e-03
8.858743     6.50171000e-03
8.861696     6.57051000e-03
8.864650     6.44693000e-03
8.867605     6.58078000e-03
8.870561     6.45029000e-03
8.873518     6.57903000e-03
8.876476     6.53436000e-03
8.879434     6.76146000e-03
8.882394     6.45087000e-03
8.885355     6.56357000e-03
8.888317     6.48790000e-03
8.891280     6.79048000e-03
8.894243     6.53557000e-03
8.897208     6.57430000e-03
8.900174     6.50438000e-03
8.903141     6.44560000e-03
8.906108     6.50051000e-03
8.909077     6.45519000e-03
8.912047     6.45561000e-03
8.915017     6.49974000e-03
8.917989     6.59038000e-03
8.920962     6.47005000e-03
8.923935     6.54098000e-03
8.926910     6.46004000e-03
8.929886     6.58004000e-03
8.932862     6.50045000e-03
8.935840     6.75623000e-03
8.938818     6.55873000e-03
8.941798     6.56737000e-03
8.944779     6.56649000e-03
8.947760     6.46179000e-03
8.950743     6.48462000e-03
8.953726     6.49569000e-03
8.956711     6.53587000e-03
8.959697     6.60187000e-03
8.962683     6.64089000e-03
8.965671     6.56679000e-03
8.968659     6.57268000e-03
8.971649     6.58220000e-03
8.974639     6.73886000e-03
8.977631     6.46260000e-03
8.980623     6.61104000e-03
8.983617     6.46598000e-03
8.986612     6.53496000e-03
8.989607     6.55720000e-03
8.992604     6.52693000e-03
8.995601     6.53624000e-03
8.998600     6.51305000e-03
9.001599     6.57311000e-03
9.004600     6.58430000e-03
9.007601     6.49159000e-03
9.010604     6.48562000e-03
9.013607     6.56570000e-03
9.016612     6.46890000e-03
9.019617     6.52763000e-03
9.022624     6.46778000e-03
9.025631     6.47103000e-03
9.028640     6.51869000e-03
9.031650     6.55348000e-03
9.034660     6.49542000e-03
9.037672     6.47994000e-03
9.040684     6.53740000e-03
9.043698     6.53702000e-03
9.046712     6.51880000e-03
9.049728     6.63003000e-03
9.052745     6.47540000e-03
9.055762     6.58859000e-03
9.058781     6.79497000e-03
9.061800     6.51166000e-03
9.064821     6.48616000e-03
9.067842     6.47466000e-03
9.070865     6.62662000e-03
9.073889     6.52212000e-03
9.076913     6.52296000e-03
9.079939     6.53384000e-03
9.082966     6.61455000e-03
9.085993     6.47770000e-03
9.089022     6.50076000e-03
9.092052     6.47875000e-03
9.095082     6.47419000e-03
9.098114     6.48135000e-03
9.101147     6.48442000e-03
9.104180     6.49964000e-03
9.107215     6.82993000e-03
9.110251     6.47746000e-03
9.113288     6.48560000e-03
9.116325     6.58847000e-03
9.119364     6.61538000e-03
9.122404     6.65385000e-03
9.125445     6.85121000e-03
9.128487     6.52328000e-03
9.131529     6.51145000e-03
9.134573     6.48771000e-03
9.137618     6.48781000e-03
9.140664     6.51853000e-03
9.143711     6.51189000e-03
9.146759     6.49058000e-03
9.149808     6.52363000e-03
9.152858     6.48785000e-03
9.155909     6.50750000e-03
9.158961     6.67524000e-03
9.162014     6.49796000e-03
9.165068     6.60040000e-03
9.168123     6.58957000e-03
9.171179     6.73381000e-03
9.174236     6.52431000e-03
9.177294     6.59827000e-03
9.180353     6.64455000e-03
9.183413     6.73879000e-03
9.186474     6.61950000e-03
9.189536     6.69197000e-03
9.192599     6.57090000e-03
9.195664     6.64832000e-03
9.198729     6.53234000e-03
9.201795     6.49469000e-03
9.204862     6.51387000e-03
9.207931     6.49230000e-03
9.211000     6.49830000e-03
9.214070     6.51157000e-03
9.217142     6.49328000e-03
9.220214     6.49287000e-03
9.223287     6.49883000e-03
9.226362     6.62317000e-03
9.229437     6.61526000e-03
9.232514     6.64054000e-03
9.235591     6.52750000e-03
9.238670     6.59418000e-03
9.241749     6.76504000e-03
9.244830     6.59512000e-03
9.247912     6.79333000e-03
9.250994     6.50594000e-03
9.254078     6.53774000e-03
9.257163     6.70794000e-03
9.260248     6.52989000e-03
9.263335     6.52666000e-03
9.266423     6.51991000e-03
9.269512     6.50233000e-03
9.272601     6.63896000e-03
9.275692     6.50632000e-03
9.278784     6.57433000e-03
9.281877     6.69203000e-03
9.284971     6.51387000e-03
9.288066     6.62754000e-03
9.291162     6.69257000e-03
9.294259     6.62612000e-03
9.297357     6.56152000e-03
9.300456     6.62612000e-03
9.303557     6.52490000e-03
9.306658     6.58020000e-03
9.309760     6.58143000e-03
9.312863     6.53245000e-03
9.315968     6.58771000e-03
9.319073     6.52157000e-03
9.322179     6.50960000e-03
9.325287     6.70577000e-03
9.328395     6.51726000e-03
9.331504     6.62192000e-03
9.334615     6.51142000e-03
9.337727     6.97194000e-03
9.340839     6.50938000e-03
9.343953     6.57013000e-03
9.347067     6.56156000e-03
9.350183     6.57713000e-03
9.353300     6.58593000e-03
9.356418     6.52068000e-03
9.359536     6.52301000e-03
9.362656     6.72093000e-03
9.365777     6.60984000e-03
9.368899     6.50983000e-03
9.372022     6.51583000e-03
9.375146     6.51382000e-03
9.378271     6.59252000e-03
9.381397     6.52133000e-03
9.384524     6.56658000e-03
9.387652     6.71443000e-03
9.390782     6.61501000e-03
9.393912     6.52865000e-03
9.397043     6.56879000e-03
9.400176     6.51580000e-03
9.403309     6.52056000e-03
9.406443     6.53873000e-03
9.409579     6.69216000e-03
9.412715     6.58563000e-03
9.415853     6.70693000e-03
9.418992     6.58355000e-03
9.422131     6.54714000e-03
9.425272     6.51675000e-03
9.428414     6.57377000e-03
9.431557     6.67281000e-03
9.434700     6.54476000e-03
9.437845     6.50690000e-03
9.440991     6.51289000e-03
9.444138     6.55205000e-03
9.447286     6.59025000e-03
9.450435     6.52477000e-03
9.453586     6.67629000e-03
9.456737     6.79147000e-03
9.459889     6.54669000e-03
9.463042     6.52049000e-03
9.466197     6.52488000e-03
9.469352     6.61944000e-03
9.472508     6.56038000e-03
9.475666     6.58027000e-03
9.478824     6.52497000e-03
9.481984     6.57301000e-03
9.485145     6.52720000e-03
9.488306     6.69021000e-03
9.491469     6.52318000e-03
9.494633     6.54278000e-03
9.497798     6.53266000e-03
9.500964     6.56387000e-03
9.504131     6.59006000e-03
9.507299     6.52854000e-03
9.510468     6.59131000e-03
9.513638     6.57987000e-03
9.516809     6.66247000e-03
9.519982     6.59708000e-03
9.523155     6.66566000e-03
9.526329     6.53107000e-03
9.529505     6.98098000e-03
9.532681     6.65214000e-03
9.535859     6.62296000e-03
9.539037     6.55596000e-03
9.542217     6.54805000e-03
9.545398     6.53176000e-03
9.548580     6.59135000e-03
9.551763     6.54056000e-03
9.554946     6.55715000e-03
9.558131     6.62329000e-03
9.561318     6.59283000e-03
9.564505     6.57775000e-03
9.567693     6.54372000e-03
9.570882     6.58020000e-03
9.574072     6.53907000e-03
9.577264     6.54277000e-03
9.580456     6.72778000e-03
9.583650     6.59059000e-03
9.586844     6.57035000e-03
9.590040     6.53776000e-03
9.593236     6.56725000e-03
9.596434     6.65246000e-03
9.599633     6.71756000e-03
9.602833     6.67796000e-03
9.606034     6.65172000e-03
9.609236     6.53884000e-03
9.612439     6.72229000e-03
9.615643     6.54141000e-03
9.618848     6.54138000e-03
9.622055     6.58700000e-03
9.625262     6.60836000e-03
9.628470     6.63591000e-03
9.631680     6.72546000e-03
9.634890     6.55536000e-03
9.638102     6.56477000e-03
9.641315     6.54303000e-03
9.644528     6.55935000e-03
9.647743     6.54752000e-03
9.650959     6.71605000e-03
9.654176     6.57926000e-03
9.657394     6.68422000e-03
9.660613     6.55562000e-03
9.663834     6.60894000e-03
9.667055     6.56404000e-03
9.670277     6.56651000e-03
9.673501     6.54287000e-03
9.676725     6.64830000e-03
9.679951     6.59445000e-03
9.683177     6.77663000e-03
9.686405     6.54866000e-03
9.689634     6.61321000e-03
9.692864     6.56175000e-03
9.696095     6.54889000e-03
9.699327     6.56831000e-03
9.702560     6.55839000e-03
9.705794     6.60556000e-03
9.709029     6.55087000e-03
9.712266     6.55474000e-03
9.715503     6.91095000e-03
9.718742     6.55505000e-03
9.721981     6.60241000e-03
9.725222     6.72828000e-03
9.728464     6.58055000e-03
9.731706     6.56528000e-03
9.734950     6.55251000e-03
9.738195     6.56491000e-03
9.741441     6.55434000e-03
9.744688     6.67967000e-03
9.747937     6.55862000e-03
9.751186     6.56184000e-03
9.754436     6.58641000e-03
9.757688     6.63867000e-03
9.760940     6.78659000e-03
9.764194     6.55853000e-03
9.767449     6.65896000e-03
9.770705     6.55624000e-03
9.773962     6.56490000e-03
9.777220     6.63930000e-03
9.780479     6.55650000e-03
9.783739     6.63604000e-03
9.787000     6.56238000e-03
9.790262     6.58282000e-03
9.793526     6.56176000e-03
9.796790     6.57121000e-03
9.800056     6.56228000e-03
9.803323     6.59267000e-03
9.806590     6.59913000e-03
9.809859     6.58661000e-03
9.813129     6.84295000e-03
9.816400     6.87790000e-03
9.819672     6.67124000e-03
9.822946     6.55889000e-03
9.826220     6.67281000e-03
9.829495     6.59395000e-03
9.832772     6.56969000e-03
9.836049     6.66060000e-03
9.839328     6.60668000e-03
9.842608     6.56541000e-03
9.845889     6.71612000e-03
9.849171     6.58762000e-03
9.852454     6.58277000e-03
9.855738     6.56622000e-03
9.859023     6.56392000e-03
9.862309     6.60814000e-03
9.865597     6.68586000e-03
9.868885     6.56625000e-03
9.872175     6.57289000e-03
9.875466     6.58114000e-03
9.878758     6.57549000e-03
9.882051     6.64772000e-03
9.885345     6.56271000e-03
9.888640     6.61808000e-03
9.891936     6.66602000e-03
9.895233     6.58357000e-03
9.898532     6.57643000e-03
9.901831     6.58515000e-03
9.905132     6.58181000e-03
9.908433     6.57535000e-03
9.911736     6.78410000e-03
9.915040     6.61341000e-03
9.918345     6.72484000e-03
9.921651     6.57078000e-03
9.924958     6.90879000e-03
9.928267     6.65239000e-03
9.931576     6.60670000e-03
9.934887     6.58138000e-03
9.938198     6.59040000e-03
9.941511     6.65330000e-03
9.944825     6.66162000e-03
9.948140     6.58694000e-03
9.951456     6.58939000e-03
9.954773     6.78273000e-03
9.958091     6.60237000e-03
9.961411     6.58642000e-03
9.964731     6.64531000e-03
9.968053     6.66793000e-03
9.971375     6.65261000e-03
9.974699     6.59470000e-03
9.978024     6.61783000e-03
9.981350     6.59274000e-03
9.984677     6.58024000e-03
9.988005     6.76395000e-03
9.991335     6.63769000e-03
9.994665     6.58159000e-03
9.997997     6.59849000e-03
10.001330     6.73837000e-03
10.004663     6.92401000e-03
10.007998     6.58973000e-03
10.011334     6.70240000e-03
10.014671     6.58090000e-03
10.018009     6.70576000e-03
10.021349     6.64285000e-03
10.024689     6.58402000e-03
10.028031     6.60614000e-03
10.031374     6.58900000e-03
10.034717     6.59127000e-03
10.038062     6.58552000e-03
10.041408     6.71137000e-03
10.044755     6.63643000e-03
10.048104     6.60623000e-03
10.051453     6.60377000e-03
10.054804     6.65704000e-03
10.058155     6.60243000e-03
10.061508     6.62312000e-03
10.064862     6.67317000e-03
10.068217     6.58803000e-03
10.071573     6.67799000e-03
10.074930     6.91821000e-03
10.078288     6.72681000e-03
10.081648     6.73034000e-03
10.085008     6.75386000e-03
10.088370     6.60137000e-03
10.091733     6.65273000e-03
10.095097     6.69379000e-03
10.098462     6.67354000e-03
10.101828     6.59162000e-03
10.105195     6.59042000e-03
10.108563     6.59725000e-03
10.111933     6.66681000e-03
10.115303     6.60242000e-03
10.118675     6.61360000e-03
10.122048     6.60419000e-03
10.125422     6.70533000e-03
10.128797     6.60693000e-03
10.132174     6.60292000e-03
10.135551     6.59710000e-03
10.138929     6.62553000e-03
10.142309     6.59701000e-03
10.145690     6.69221000e-03
10.149072     6.62731000e-03
10.152455     6.60567000e-03
10.155839     6.69399000e-03
10.159224     6.71089000e-03
10.162611     6.60276000e-03
10.165998     6.78667000e-03
10.169387     6.60373000e-03
10.172777     6.60801000e-03
10.176168     6.63592000e-03
10.179560     6.60970000e-03
10.182953     6.59865000e-03
10.186347     6.60458000e-03
10.189743     6.59989000e-03
10.193139     6.59999000e-03
10.196537     6.63695000e-03
10.199936     6.59920000e-03
10.203336     6.67619000e-03
10.206737     6.60562000e-03
10.210139     6.61448000e-03
10.213543     6.60676000e-03
10.216947     6.63900000e-03
10.220353     6.62285000e-03
10.223759     6.62697000e-03
10.227167     6.61486000e-03
10.230576     6.68537000e-03
10.233987     6.67117000e-03
10.237398     6.63323000e-03
10.240810     6.62607000e-03
10.244224     6.64254000e-03
10.247639     6.70521000e-03
10.251055     6.64658000e-03
10.254472     6.61539000e-03
10.257890     6.64399000e-03
10.261309     6.63807000e-03
10.264729     6.60174000e-03
10.268151     6.60793000e-03
10.271574     6.63567000e-03
10.274998     6.60874000e-03
10.278423     6.74715000e-03
10.281849     6.67772000e-03
10.285276     6.80550000e-03
10.288704     6.73493000e-03
10.292134     6.66895000e-03
10.295565     6.61136000e-03
10.298997     6.61264000e-03
10.302430     6.63992000e-03
10.305864     6.62376000e-03
10.309299     6.66739000e-03
10.312736     6.61573000e-03
10.316173     6.61666000e-03
10.319612     6.60827000e-03
10.323052     6.70681000e-03
10.326493     6.82993000e-03
10.329935     6.61371000e-03
10.333378     6.79181000e-03
10.336823     6.80142000e-03
10.340268     6.63129000e-03
10.343715     6.69754000e-03
10.347163     6.61553000e-03
10.350612     6.67197000e-03
10.354062     6.68385000e-03
10.357513     6.61651000e-03
10.360966     6.63831000e-03
10.364420     6.62891000e-03
10.367874     6.62738000e-03
10.371330     6.64525000e-03
10.374788     6.62534000e-03
10.378246     7.02229000e-03
10.381705     6.62439000e-03
10.385166     6.61248000e-03
10.388628     6.62999000e-03
10.392090     6.61933000e-03
10.395554     6.62158000e-03
10.399020     6.62563000e-03
10.402486     6.61926000e-03
10.405954     6.68323000e-03
10.409422     6.62966000e-03
10.412892     6.69261000e-03
10.416363     6.66077000e-03
10.419835     6.62379000e-03
10.423308     6.63742000e-03
10.426783     6.64052000e-03
10.430258     6.62423000e-03
10.433735     6.63646000e-03
10.437213     6.63519000e-03
10.440692     6.68756000e-03
10.444172     6.62809000e-03
10.447654     6.68336000e-03
10.451136     6.62574000e-03
10.454620     6.61313000e-03
10.458105     6.71603000e-03
10.461591     6.64053000e-03
10.465078     6.63109000e-03
10.468566     6.63410000e-03
10.472056     6.63139000e-03
10.475547     6.63189000e-03
10.479038     6.85474000e-03
10.482532     6.62825000e-03
10.486026     6.68702000e-03
10.489521     6.65177000e-03
10.493018     6.70209000e-03
10.496515     6.66344000e-03
10.500014     6.64458000e-03
10.503514     6.62626000e-03
10.507015     6.67721000e-03
10.510518     6.92190000e-03
10.514021     6.74955000e-03
10.517526     6.81001000e-03
10.521031     6.80791000e-03
10.524539     6.65994000e-03
10.528047     6.63828000e-03
10.531556     7.30374000e-03
10.535067     6.76026000e-03
10.538578     6.63344000e-03
10.542091     6.64569000e-03
10.545605     6.66836000e-03
10.549120     6.71456000e-03
10.552637     6.68681000e-03
10.556154     6.70537000e-03
10.559673     6.66794000e-03
10.563193     6.67713000e-03
10.566714     6.66112000e-03
10.570236     6.68966000e-03
10.573760     6.64307000e-03
10.577284     6.66567000e-03
10.580810     6.65153000e-03
10.584337     6.67695000e-03
10.587865     6.64319000e-03
10.591394     6.69901000e-03
10.594925     6.68179000e-03
10.598456     6.92944000e-03
10.601989     6.66959000e-03
10.605523     6.96425000e-03
10.609058     6.68112000e-03
10.612595     6.91965000e-03
10.616132     6.66814000e-03
10.619671     6.99132000e-03
10.623211     6.68524000e-03
10.626752     6.64656000e-03
10.630294     7.04258000e-03
10.633838     6.66355000e-03
10.637382     7.10803000e-03
10.640928     7.16987000e-03
10.644475     6.67350000e-03
10.648023     6.66783000e-03
10.651573     6.65702000e-03
10.655123     6.64807000e-03
10.658675     6.71005000e-03
10.662228     6.82948000e-03
10.665782     6.64811000e-03
10.669337     6.78559000e-03
10.672893     6.75727000e-03
10.676451     6.69785000e-03
10.680010     6.65506000e-03
10.683570     6.65613000e-03
10.687131     6.73090000e-03
10.690693     6.67373000e-03
10.694257     6.67279000e-03
10.697822     6.72478000e-03
10.701388     6.67186000e-03
10.704955     7.06472000e-03
10.708523     6.74156000e-03
10.712093     6.79519000e-03
10.715663     6.68723000e-03
10.719235     6.93631000e-03
10.722808     6.95911000e-03
10.726383     6.73530000e-03
10.729958     6.69155000e-03
10.733535     6.65034000e-03
10.737113     6.65073000e-03
10.740692     6.70626000e-03
10.744272     6.77596000e-03
10.747853     6.68381000e-03
10.751436     7.12126000e-03
10.755020     6.77961000e-03
10.758605     6.65442000e-03
10.762191     6.66164000e-03
10.765778     6.66518000e-03
10.769367     6.66572000e-03
10.772957     6.70197000e-03
10.776548     6.65631000e-03
10.780140     6.69922000e-03
10.783733     6.71762000e-03
10.787328     6.86958000e-03
10.790924     6.66625000e-03
10.794521     6.65997000e-03
10.798119     6.71907000e-03
10.801718     6.65992000e-03
10.805319     6.65810000e-03
10.808920     6.68517000e-03
10.812523     6.73644000e-03
10.816128     6.78580000e-03
10.819733     6.87081000e-03
10.823339     6.76726000e-03
10.826947     6.72099000e-03
10.830556     6.67603000e-03
10.834167     6.79535000e-03
10.837778     6.65922000e-03
10.841390     6.66344000e-03
10.845004     7.04465000e-03
10.848619     6.73979000e-03
10.852236     6.70145000e-03
10.855853     6.98763000e-03
10.859471     6.66724000e-03
10.863091     6.66915000e-03
10.866712     7.05783000e-03
10.870335     6.66163000e-03
10.873958     6.66865000e-03
10.877583     6.75757000e-03
10.881208     6.68832000e-03
10.884836     6.66524000e-03
10.888464     6.99173000e-03
10.892093     6.67887000e-03
10.895724     6.79426000e-03
10.899356     6.70725000e-03
10.902989     7.09114000e-03
10.906623     7.21465000e-03
10.910259     6.69833000e-03
10.913896     7.37298000e-03
10.917534     6.68266000e-03
10.921173     6.67370000e-03
10.924813     6.74035000e-03
10.928455     6.75880000e-03
10.932098     6.67059000e-03
10.935742     6.66888000e-03
10.939387     6.68141000e-03
10.943033     6.71324000e-03
10.946681     6.78992000e-03
10.950330     6.82876000e-03
10.953980     6.67736000e-03
10.957631     6.70839000e-03
10.961284     6.84178000e-03
10.964938     6.74226000e-03
10.968593     6.83175000e-03
10.972249     6.70202000e-03
10.975906     6.67547000e-03
10.979565     6.67306000e-03
10.983225     7.22844000e-03
10.986886     6.70471000e-03
10.990548     6.68497000e-03
10.994212     6.68957000e-03
10.997876     6.72338000e-03
11.001542     6.68117000e-03
11.005210     6.90071000e-03
11.008878     6.84131000e-03
11.012548     6.68847000e-03
11.016219     6.67971000e-03
11.019891     6.69120000e-03
11.023564     6.72519000e-03
11.027238     6.99995000e-03
11.030914     6.68860000e-03
11.034591     6.68760000e-03
11.038269     6.74513000e-03
11.041949     6.74361000e-03
11.045629     6.68075000e-03
11.049311     6.71289000e-03
11.052994     6.70411000e-03
11.056679     6.71157000e-03
11.060364     6.74063000e-03
11.064051     6.78757000e-03
11.067739     7.24792000e-03
11.071428     6.77435000e-03
11.075119     6.70316000e-03
11.078810     6.68310000e-03
11.082503     6.68270000e-03
11.086198     6.75277000e-03
11.089893     6.77634000e-03
11.093590     6.98077000e-03
11.097287     6.78161000e-03
11.100986     7.24240000e-03
11.104687     6.68569000e-03
11.108388     6.72079000e-03
11.112091     6.69083000e-03
11.115795     6.69124000e-03
11.119500     6.72196000e-03
11.123207     6.68675000e-03
11.126915     6.76617000e-03
11.130624     6.69383000e-03
11.134334     6.74923000e-03
11.138045     6.70253000e-03
11.141758     6.81705000e-03
11.145472     6.69330000e-03
11.149187     6.72316000e-03
11.152904     6.84066000e-03
11.156621     6.77547000e-03
11.160340     6.71657000e-03
11.164060     6.68828000e-03
11.167782     6.74149000e-03
11.171504     6.70658000e-03
11.175228     6.74283000e-03
11.178953     7.10285000e-03
11.182679     6.69123000e-03
11.186407     7.46052000e-03
11.190136     6.79523000e-03
11.193866     6.70128000e-03
11.197597     6.78011000e-03
11.201330     7.12306000e-03
11.205063     6.69189000e-03
11.208798     6.84712000e-03
11.212535     6.71387000e-03
11.216272     6.75076000e-03
11.220011     6.75466000e-03
11.223751     6.76204000e-03
11.227492     6.79684000e-03
11.231235     6.81678000e-03
11.234978     6.74323000e-03
11.238723     6.69788000e-03
11.242470     6.70822000e-03
11.246217     6.95426000e-03
11.249966     6.69821000e-03
11.253716     6.81357000e-03
11.257467     6.85810000e-03
11.261220     6.93325000e-03
11.264973     6.77283000e-03
11.268728     7.37468000e-03
11.272484     6.70054000e-03
11.276242     6.75958000e-03
11.280001     6.69990000e-03
11.283761     6.73454000e-03
11.287522     6.97793000e-03
11.291285     6.76289000e-03
11.295048     6.75225000e-03
11.298813     6.70120000e-03
11.302580     6.73212000e-03
11.306347     6.71637000e-03
11.310116     6.78894000e-03
11.313886     6.81369000e-03
11.317657     6.89814000e-03
11.321430     6.73906000e-03
11.325204     6.84805000e-03
11.328979     6.78206000e-03
11.332755     6.70300000e-03
11.336533     6.73137000e-03
11.340311     6.84495000e-03
11.344091     6.70936000e-03
11.347873     6.71566000e-03
11.351655     6.73676000e-03
11.355439     6.70872000e-03
11.359225     6.70804000e-03
11.363011     6.70178000e-03
11.366799     6.71887000e-03
11.370588     6.73600000e-03
11.374378     6.73103000e-03
11.378169     6.71754000e-03
11.381962     6.73671000e-03
11.385756     6.86421000e-03
11.389551     6.74291000e-03
11.393348     6.84515000e-03
11.397146     6.71212000e-03
11.400944     6.75103000e-03
11.404745     6.73894000e-03
11.408546     6.71601000e-03
11.412349     6.71251000e-03
11.416153     6.71360000e-03
11.419959     6.73704000e-03
11.423765     6.71985000e-03
11.427573     6.72445000e-03
11.431382     6.71638000e-03
11.435193     6.70763000e-03
11.439005     6.82121000e-03
11.442818     6.79453000e-03
11.446632     6.71146000e-03
11.450447     6.78569000e-03
11.454264     6.92190000e-03
11.458082     6.72104000e-03
11.461902     6.72233000e-03
11.465722     6.75987000e-03
11.469544     6.70941000e-03
11.473368     6.73929000e-03
11.477192     6.72506000e-03
11.481018     6.74903000e-03
11.484845     6.71581000e-03
11.488673     6.79185000e-03
11.492503     6.73070000e-03
11.496333     6.80792000e-03
11.500165     6.76211000e-03
11.503999     6.89881000e-03
11.507834     6.76929000e-03
11.511669     6.80633000e-03
11.515507     6.71957000e-03
11.519345     6.75307000e-03
11.523185     6.95906000e-03
11.527026     8.23510000e-03
11.530868     6.71882000e-03
11.534712     7.02949000e-03
11.538557     6.76138000e-03
11.542403     6.76952000e-03
11.546251     7.05993000e-03
11.550099     6.79745000e-03
11.553949     6.79542000e-03
11.557801     6.72472000e-03
11.561653     6.72608000e-03
11.565507     6.99891000e-03
11.569362     6.77810000e-03
11.573219     6.79738000e-03
11.577077     6.74395000e-03
11.580936     6.72547000e-03
11.584796     6.87081000e-03
11.588658     6.76836000e-03
11.592520     6.73767000e-03
11.596384     6.90470000e-03
11.600250     6.73721000e-03
11.604117     6.75483000e-03
11.607985     6.82091000e-03
11.611854     6.77940000e-03
11.615725     6.77506000e-03
11.619597     6.78459000e-03
11.623470     6.81434000e-03
11.627344     7.06062000e-03
11.631220     6.87114000e-03
11.635097     6.73628000e-03
11.638976     6.87306000e-03
11.642855     6.73360000e-03
11.646736     7.04886000e-03
11.650618     6.82935000e-03
11.654502     6.72849000e-03
11.658387     6.73318000e-03
11.662273     6.84431000e-03
11.666160     6.90376000e-03
11.670049     6.90346000e-03
11.673939     7.18771000e-03
11.677830     6.82174000e-03
11.681723     6.76831000e-03
11.685617     6.72979000e-03
11.689512     6.77579000e-03
11.693409     6.79736000e-03
11.697306     6.73809000e-03
11.701206     6.73614000e-03
11.705106     6.76193000e-03
11.709008     6.80257000e-03
11.712911     7.19223000e-03
11.716815     6.76909000e-03
11.720721     6.73560000e-03
11.724627     7.23460000e-03
11.728536     6.77876000e-03
11.732445     6.97782000e-03
11.736356     6.73265000e-03
11.740268     6.73727000e-03
11.744181     6.78693000e-03
11.748096     6.73535000e-03
11.752012     6.75547000e-03
11.755930     6.79953000e-03
11.759848     6.74147000e-03
11.763768     6.73629000e-03
11.767689     6.76637000e-03
11.771612     6.77439000e-03
11.775536     6.74293000e-03
11.779461     6.75795000e-03
11.783388     6.75278000e-03
11.787315     6.77430000e-03
11.791244     6.77716000e-03
11.795175     6.88754000e-03
11.799107     6.78314000e-03
11.803040     6.74652000e-03
11.806974     6.76247000e-03
11.810910     6.74426000e-03
11.814847     6.74196000e-03
11.818785     6.74391000e-03
11.822724     6.74984000e-03
11.826665     6.75621000e-03
11.830608     6.77688000e-03
11.834551     6.78909000e-03
11.838496     6.74541000e-03
11.842442     6.75809000e-03
11.846390     6.74362000e-03
11.850338     6.95389000e-03
11.854289     6.96094000e-03
11.858240     7.05064000e-03
11.862193     6.80855000e-03
11.866147     6.76184000e-03
11.870102     6.75266000e-03
11.874059     6.74519000e-03
11.878017     6.82504000e-03
11.881976     6.75374000e-03
11.885937     6.78687000e-03
11.889899     6.76816000e-03
11.893862     6.76114000e-03
11.897827     6.85732000e-03
11.901793     6.74901000e-03
11.905760     6.82365000e-03
11.909729     6.77932000e-03
11.913699     6.74325000e-03
11.917670     6.83526000e-03
11.921642     6.73669000e-03
11.925616     6.78057000e-03
11.929591     6.80175000e-03
11.933568     6.94749000e-03
11.937546     6.81479000e-03
11.941525     6.81608000e-03
11.945505     6.79053000e-03
11.949487     6.86155000e-03
11.953470     6.92693000e-03
11.957455     6.75071000e-03
11.961441     6.76758000e-03
11.965428     6.84473000e-03
11.969416     6.99143000e-03
11.973406     6.99267000e-03
11.977397     6.85204000e-03
11.981390     7.13495000e-03
11.985384     6.76128000e-03
11.989379     6.76514000e-03
11.993375     7.01050000e-03
11.997373     6.76526000e-03
12.001372     7.31275000e-03
12.005373     6.78795000e-03
12.009374     6.75978000e-03
12.013378     6.76994000e-03
12.017382     6.79141000e-03
12.021388     6.77541000e-03
12.025395     7.04970000e-03
12.029403     6.82399000e-03
12.033413     6.85709000e-03
12.037424     6.83213000e-03
12.041437     6.82825000e-03
12.045450     6.88090000e-03
12.049466     6.83223000e-03
12.053482     7.16845000e-03
12.057500     6.77386000e-03
12.061519     6.92236000e-03
12.065540     6.79196000e-03
12.069562     6.76429000e-03
12.073585     6.76547000e-03
12.077609     6.76391000e-03
12.081635     7.00157000e-03
12.085662     6.76351000e-03
12.089691     6.76594000e-03
12.093721     6.88014000e-03
12.097752     6.80077000e-03
12.101785     6.88375000e-03
12.105818     6.86212000e-03
12.109854     6.82530000e-03
12.113890     6.76607000e-03
12.117928     6.76609000e-03
12.121968     6.91053000e-03
12.126008     7.37791000e-03
12.130050     6.91830000e-03
12.134094     6.83720000e-03
12.138138     6.76974000e-03
12.142184     6.76870000e-03
12.146232     6.81044000e-03
12.150281     6.84666000e-03
12.154331     6.91376000e-03
12.158382     6.77770000e-03
12.162435     6.75858000e-03
12.166489     6.78540000e-03
12.170545     6.85648000e-03
12.174601     6.83256000e-03
12.178660     6.87690000e-03
12.182719     6.82902000e-03
12.186780     7.37395000e-03
12.190842     6.77932000e-03
12.194906     6.77555000e-03
12.198971     6.78250000e-03
12.203037     6.81137000e-03
12.207105     6.88248000e-03
12.211174     6.84496000e-03
12.215244     6.84216000e-03
12.219316     6.76853000e-03
12.223389     6.78801000e-03
12.227464     6.79700000e-03
12.231540     6.77472000e-03
12.235617     6.80129000e-03
12.239695     6.83886000e-03
12.243775     6.79072000e-03
12.247856     6.82044000e-03
12.251939     6.76242000e-03
12.256023     6.81864000e-03
12.260108     6.78699000e-03
12.264195     6.86411000e-03
12.268283     6.87639000e-03
12.272372     6.84003000e-03
12.276463     6.80279000e-03
12.280555     6.81122000e-03
12.284649     7.18269000e-03
12.288744     7.55694000e-03
12.292840     6.89626000e-03
12.296938     6.80157000e-03
12.301037     6.77965000e-03
12.305137     6.84810000e-03
12.309239     6.82041000e-03
12.313342     6.91318000e-03
12.317446     6.77889000e-03
12.321552     6.76983000e-03
12.325659     7.27569000e-03
12.329768     6.86226000e-03
12.333878     7.00157000e-03
12.337989     7.08100000e-03
12.342102     6.88417000e-03
12.346216     6.97064000e-03
12.350331     6.79974000e-03
12.354448     6.91021000e-03
12.358566     6.87155000e-03
12.362686     6.78446000e-03
12.366806     6.91957000e-03
12.370929     6.79619000e-03
12.375052     6.81288000e-03
12.379177     7.00750000e-03
12.383304     6.79163000e-03
12.387432     6.81202000e-03
12.391561     6.83891000e-03
12.395691     7.05417000e-03
12.399823     6.78196000e-03
12.403956     7.19419000e-03
12.408091     6.89352000e-03
12.412227     6.89452000e-03
12.416365     6.93966000e-03
12.420503     6.86778000e-03
12.424643     6.79957000e-03
12.428785     7.50255000e-03
12.432928     7.04527000e-03
12.437072     6.89622000e-03
12.441218     6.89493000e-03
12.445365     7.25910000e-03
12.449514     6.78644000e-03
12.453663     6.82430000e-03
12.457814     6.92075000e-03
12.461967     6.93343000e-03
12.466121     6.86627000e-03
12.470277     6.79410000e-03
12.474433     6.85572000e-03
12.478591     7.17508000e-03
12.482751     6.81479000e-03
12.486912     6.79241000e-03
12.491074     7.16086000e-03
12.495238     6.80108000e-03
12.499403     7.04575000e-03
12.503569     6.80439000e-03
12.507737     6.79743000e-03
12.511907     7.00822000e-03
12.516077     6.81241000e-03
12.520249     7.07398000e-03
12.524423     6.84829000e-03
12.528597     6.82018000e-03
12.532774     6.82703000e-03
12.536951     6.96588000e-03
12.541130     6.81078000e-03
12.545310     6.79498000e-03
12.549492     6.79812000e-03
12.553675     6.78467000e-03
12.557860     6.79836000e-03
12.562046     6.81898000e-03
12.566233     6.79944000e-03
12.570422     7.04892000e-03
12.574612     6.82582000e-03
12.578804     6.83721000e-03
12.582997     6.79689000e-03
12.587191     6.86458000e-03
12.591387     6.81836000e-03
12.595584     6.82344000e-03
12.599782     6.82974000e-03
12.603982     6.88725000e-03
12.608184     7.01696000e-03
12.612386     6.86585000e-03
12.616590     6.91169000e-03
12.620796     6.80142000e-03
12.625003     6.83889000e-03
12.629211     6.81404000e-03
12.633421     6.83908000e-03
12.637632     6.91486000e-03
12.641845     7.24068000e-03
12.646059     6.84834000e-03
12.650274     6.83259000e-03
12.654491     6.80319000e-03
12.658709     7.34778000e-03
12.662928     6.84197000e-03
12.667150     7.00501000e-03
12.671372     6.80240000e-03
12.675596     6.81793000e-03
12.679821     6.91089000e-03
12.684048     7.37192000e-03
12.688275     6.80818000e-03
12.692505     6.89211000e-03
12.696736     7.01378000e-03
12.700968     7.23816000e-03
12.705202     7.06809000e-03
12.709437     6.84128000e-03
12.713673     6.83058000e-03
12.717911     7.02226000e-03
12.722150     6.82091000e-03
12.726391     6.82497000e-03
12.730633     7.32838000e-03
12.734877     6.82113000e-03
12.739122     6.80968000e-03
12.743368     6.88195000e-03
12.747616     6.85031000e-03
12.751865     6.82795000e-03
12.756116     6.98804000e-03
12.760368     6.91216000e-03
12.764621     6.81591000e-03
12.768876     6.81245000e-03
12.773132     7.08950000e-03
12.777390     6.84450000e-03
12.781649     6.85594000e-03
12.785910     7.07402000e-03
12.790172     6.80486000e-03
12.794435     6.83550000e-03
12.798700     6.84377000e-03
12.802966     6.84529000e-03
12.807234     7.05410000e-03
12.811503     6.81604000e-03
12.815773     7.19844000e-03
12.820045     6.85430000e-03
12.824319     6.81707000e-03
12.828594     6.84025000e-03
12.832870     6.81414000e-03
12.837147     6.83063000e-03
12.841426     6.79822000e-03
12.845707     6.83160000e-03
12.849989     6.88811000e-03
12.854272     6.92948000e-03
12.858557     6.84188000e-03
12.862843     6.89716000e-03
12.867131     6.85178000e-03
12.871420     6.94552000e-03
12.875710     6.87581000e-03
12.880002     6.82149000e-03
12.884295     6.86162000e-03
12.888590     6.95784000e-03
12.892886     6.82588000e-03
12.897184     6.82344000e-03
12.901483     7.07360000e-03
12.905784     6.89700000e-03
12.910085     6.84202000e-03
12.914389     6.82123000e-03
12.918694     6.82380000e-03
12.923000     7.18363000e-03
12.927307     7.00570000e-03
12.931617     6.82300000e-03
12.935927     6.83955000e-03
12.940239     6.83324000e-03
12.944553     6.84605000e-03
12.948867     6.83919000e-03
12.953184     6.86044000e-03
12.957501     7.40988000e-03
12.961820     6.81973000e-03
12.966141     6.87141000e-03
12.970463     7.04564000e-03
12.974787     6.89222000e-03
12.979112     6.81745000e-03
12.983438     6.82550000e-03
12.987766     6.82679000e-03
12.992095     6.85874000e-03
12.996426     6.96575000e-03
13.000758     6.86480000e-03
13.005092     6.84307000e-03
13.009427     7.13258000e-03
13.013763     6.82775000e-03
13.018101     6.86245000e-03
13.022440     6.96663000e-03
13.026781     7.43586000e-03
13.031123     6.82714000e-03
13.035467     7.12591000e-03
13.039812     6.97525000e-03
13.044159     6.86157000e-03
13.048507     6.95893000e-03
13.052856     7.14109000e-03
13.057207     6.85156000e-03
13.061560     6.88473000e-03
13.065914     6.87771000e-03
13.070269     6.88889000e-03
13.074626     6.87897000e-03
13.078984     6.84906000e-03
13.083343     6.99380000e-03
13.087705     6.87276000e-03
13.092067     7.12199000e-03
13.096431     7.10563000e-03
13.100797     6.84820000e-03
13.105164     6.90176000e-03
13.109532     6.85484000e-03
13.113902     6.83469000e-03
13.118273     6.83739000e-03
13.122646     6.86525000e-03
13.127020     6.85110000e-03
13.131396     6.84139000e-03
13.135773     6.83383000e-03
13.140151     6.96320000e-03
13.144532     6.87234000e-03
13.148913     6.96411000e-03
13.153296     6.85617000e-03
13.157680     7.30376000e-03
13.162066     6.84919000e-03
13.166454     6.90948000e-03
13.170842     7.16660000e-03
13.175233     6.95735000e-03
13.179625     6.90877000e-03
13.184018     6.89754000e-03
13.188413     6.90415000e-03
13.192809     6.96153000e-03
13.197206     6.86772000e-03
13.201605     6.96864000e-03
13.206006     6.96639000e-03
13.210408     7.15514000e-03
13.214811     6.86344000e-03
13.219216     7.00362000e-03
13.223623     6.82794000e-03
13.228030     6.84212000e-03
13.232440     6.84542000e-03
13.236851     6.98661000e-03
13.241263     7.29347000e-03
13.245677     6.85922000e-03
13.250092     6.85784000e-03
13.254509     6.84784000e-03
13.258927     7.10105000e-03
13.263346     6.85565000e-03
13.267767     7.22751000e-03
13.272190     7.33922000e-03
13.276614     6.97081000e-03
13.281040     6.85061000e-03
13.285467     7.18460000e-03
13.289895     6.85107000e-03
13.294325     6.91775000e-03
13.298757     6.85147000e-03
13.303190     6.91008000e-03
13.307624     7.07451000e-03
13.312060     6.84403000e-03
13.316497     6.86025000e-03
13.320936     7.08555000e-03
13.325376     6.85224000e-03
13.329818     7.02130000e-03
13.334261     6.85202000e-03
13.338706     7.03974000e-03
13.343152     7.04805000e-03
13.347600     6.85038000e-03
13.352049     6.88058000e-03
13.356500     6.85470000e-03
13.360952     6.92370000e-03
13.365406     7.10212000e-03
13.369861     6.96182000e-03
13.374318     6.88331000e-03
13.378776     6.86941000e-03
13.383235     7.29876000e-03
13.387696     6.88143000e-03
13.392159     7.21384000e-03
13.396623     6.97225000e-03
13.401089     6.96416000e-03
13.405556     7.01093000e-03
13.410024     6.88132000e-03
13.414494     6.88102000e-03
13.418966     6.89071000e-03
13.423438     6.85713000e-03
13.427913     6.86130000e-03
13.432389     6.85717000e-03
13.436866     6.90542000e-03
13.441345     6.85695000e-03
13.445826     7.77278000e-03
13.450308     6.96213000e-03
13.454791     6.95646000e-03
13.459276     6.87032000e-03
13.463763     6.85910000e-03
13.468250     6.84496000e-03
13.472740     6.90358000e-03
13.477231     6.84842000e-03
13.481723     6.89156000e-03
13.486217     6.98575000e-03
13.490713     6.85993000e-03
13.495209     6.93656000e-03
13.499708     6.88976000e-03
13.504208     6.94507000e-03
13.508709     6.91080000e-03
13.513212     6.97189000e-03
13.517717     6.98906000e-03
13.522222     6.88948000e-03
13.526730     6.94361000e-03
13.531239     6.86291000e-03
13.535749     6.92708000e-03
13.540261     6.85033000e-03
13.544774     7.01146000e-03
13.549289     7.80111000e-03
13.553806     6.96160000e-03
13.558324     6.86331000e-03
13.562843     7.03337000e-03
13.567364     6.89713000e-03
13.571887     6.90404000e-03
13.576410     6.86496000e-03
13.580936     6.98588000e-03
13.585463     6.86784000e-03
13.589992     6.91551000e-03
13.594522     6.87271000e-03
13.599053     7.19639000e-03
13.603586     6.86749000e-03
13.608121     6.88592000e-03
13.612657     6.90011000e-03
13.617194     6.88724000e-03
13.621733     6.97470000e-03
13.626274     6.86048000e-03
13.630816     7.02874000e-03
13.635359     6.89731000e-03
13.639905     6.94310000e-03
13.644451     6.87032000e-03
13.648999     7.00789000e-03
13.653549     7.03946000e-03
13.658100     6.87292000e-03
13.662653     6.98998000e-03
13.667207     6.90732000e-03
13.671763     6.89220000e-03
13.676320     6.87365000e-03
13.680879     6.87177000e-03
13.685439     6.91581000e-03
13.690001     6.90119000e-03
13.694564     7.77621000e-03
13.699129     6.94016000e-03
13.703696     6.91995000e-03
13.708263     6.87653000e-03
13.712833     7.03203000e-03
13.717404     6.91976000e-03
13.721976     6.86502000e-03
13.726550     6.87254000e-03
13.731126     6.94077000e-03
13.735703     6.88487000e-03
13.740281     6.88107000e-03
13.744862     7.32258000e-03
13.749443     6.96183000e-03
13.754026     6.87590000e-03
13.758611     6.99622000e-03
13.763197     6.86765000e-03
13.767785     6.90374000e-03
13.772374     6.97219000e-03
13.776965     7.13838000e-03
13.781557     7.01627000e-03
13.786151     6.87839000e-03
13.790746     6.87877000e-03
13.795343     6.90390000e-03
13.799942     6.88174000e-03
13.804542     6.91044000e-03
13.809143     7.02469000e-03
13.813746     6.93573000e-03
13.818351     6.96343000e-03
13.822957     7.42884000e-03
13.827565     7.05341000e-03
13.832174     6.88447000e-03
13.836785     6.89043000e-03
13.841397     6.90443000e-03
13.846011     6.88018000e-03
13.850626     6.95181000e-03
13.855243     7.97659000e-03
13.859861     6.88179000e-03
13.864481     7.02399000e-03
13.869103     6.87903000e-03
13.873726     6.91492000e-03
13.878350     6.89125000e-03
13.882976     6.89176000e-03
13.887604     6.87305000e-03
13.892233     7.15224000e-03
13.896864     6.96469000e-03
13.901496     6.97264000e-03
13.906130     6.90249000e-03
13.910766     6.90650000e-03
13.915403     6.89126000e-03
13.920041     6.88542000e-03
13.924681     6.90652000e-03
13.929323     7.15184000e-03
13.933966     6.96893000e-03
13.938610     6.88132000e-03
13.943257     7.10898000e-03
13.947904     7.23200000e-03
13.952554     6.90569000e-03
13.957204     6.88327000e-03
13.961857     7.26850000e-03
13.966511     6.88860000e-03
13.971166     7.06595000e-03
13.975823     6.90252000e-03
13.980482     6.88941000e-03
13.985142     6.90047000e-03
13.989804     7.66033000e-03
13.994467     6.89231000e-03
13.999132     6.88933000e-03
14.003798     6.91063000e-03
14.008466     6.94032000e-03
14.013136     6.90666000e-03
14.017807     7.09164000e-03
14.022479     6.89036000e-03
14.027154     6.97401000e-03
14.031829     6.91854000e-03
14.036506     6.89342000e-03
14.041185     6.91736000e-03
14.045866     6.93168000e-03
14.050548     6.96236000e-03
14.055231     7.04067000e-03
14.059916     7.13964000e-03
14.064603     6.92603000e-03
14.069291     6.97508000e-03
14.073981     6.89424000e-03
14.078672     6.89983000e-03
14.083365     6.98936000e-03
14.088060     6.94559000e-03
14.092756     6.96295000e-03
14.097453     6.91583000e-03
14.102152     7.00972000e-03
14.106853     6.96321000e-03
14.111555     6.89855000e-03
14.116259     7.49026000e-03
14.120965     6.90489000e-03
14.125672     6.90266000e-03
14.130380     6.93214000e-03
14.135090     7.42063000e-03
14.139802     6.91216000e-03
14.144515     6.99366000e-03
14.149230     6.98469000e-03
14.153946     6.90763000e-03
14.158665     6.95528000e-03
14.163384     7.41785000e-03
14.168105     6.87978000e-03
14.172828     6.90688000e-03
14.177552     7.13836000e-03
14.182278     7.06943000e-03
14.187005     6.93414000e-03
14.191734     7.00912000e-03
14.196465     6.94981000e-03
14.201197     7.17352000e-03
14.205931     6.95686000e-03
14.210666     7.86876000e-03
14.215403     6.90460000e-03
14.220142     7.01091000e-03
14.224882     6.90905000e-03
14.229623     6.92296000e-03
14.234367     6.88356000e-03
14.239111     6.88466000e-03
14.243858     6.90841000e-03
14.248606     7.04074000e-03
14.253355     6.92998000e-03
14.258106     7.07745000e-03
14.262859     6.94584000e-03
14.267613     6.97253000e-03
14.272369     6.91680000e-03
14.277126     6.95398000e-03
14.281886     6.91041000e-03
14.286646     6.91713000e-03
14.291408     6.92123000e-03
14.296172     7.35662000e-03
14.300938     6.99675000e-03
14.305705     6.92188000e-03
14.310473     6.94533000e-03
14.315243     6.91470000e-03
14.320015     6.91581000e-03
14.324788     7.33378000e-03
14.329563     7.29050000e-03
14.334340     6.90621000e-03
14.339118     6.95141000e-03
14.343898     7.04575000e-03
14.348679     6.92862000e-03
14.353462     7.32256000e-03
14.358246     6.97092000e-03
14.363032     6.92959000e-03
14.367820     6.93732000e-03
14.372609     6.90418000e-03
14.377400     6.93497000e-03
14.382193     7.10785000e-03
14.386987     6.92109000e-03
14.391782     6.91637000e-03
14.396580     6.92302000e-03
14.401379     7.01279000e-03
14.406179     6.99174000e-03
14.410981     6.93844000e-03
14.415785     6.96306000e-03
14.420590     7.02322000e-03
14.425397     7.08369000e-03
14.430205     6.91579000e-03
14.435015     6.92023000e-03
14.439827     7.02507000e-03
14.444640     6.93979000e-03
14.449455     7.02455000e-03
14.454272     6.92392000e-03
14.459090     6.92766000e-03
14.463909     7.68073000e-03
14.468731     6.90285000e-03
14.473554     6.97364000e-03
14.478378     7.15923000e-03
14.483204     6.99226000e-03
14.488032     7.30148000e-03
14.492861     7.02287000e-03
14.497692     7.07852000e-03
14.502525     7.03088000e-03
14.507359     7.47463000e-03
14.512195     6.94499000e-03
14.517032     6.96826000e-03
14.521871     6.97174000e-03
14.526712     7.10157000e-03
14.531554     6.94548000e-03
14.536398     6.93449000e-03
14.541244     6.97676000e-03
14.546091     7.42978000e-03
14.550939     6.92393000e-03
14.555790     7.05283000e-03
14.560641     6.96513000e-03
14.565495     6.92932000e-03
14.570350     6.92742000e-03
14.575207     6.93309000e-03
14.580065     6.93290000e-03
14.584926     6.92359000e-03
14.589787     7.59182000e-03
14.594650     6.97897000e-03
14.599515     6.96723000e-03
14.604382     7.02904000e-03
14.609250     6.97783000e-03
14.614120     6.93638000e-03
14.618991     7.06106000e-03
14.623864     7.38004000e-03
14.628739     6.94321000e-03
14.633615     6.93205000e-03
14.638493     6.92534000e-03
14.643372     7.03776000e-03
14.648253     6.99424000e-03
14.653136     6.94041000e-03
14.658020     7.16579000e-03
14.662907     7.16528000e-03
14.667794     6.93681000e-03
14.672683     6.93854000e-03
14.677574     6.92922000e-03
14.682467     6.92612000e-03
14.687361     7.22360000e-03
14.692257     6.96639000e-03
14.697154     7.53652000e-03
14.702053     7.56392000e-03
14.706954     6.95746000e-03
14.711856     7.00131000e-03
14.716760     7.00749000e-03
14.721666     6.93034000e-03
14.726573     6.94735000e-03
14.731482     7.01083000e-03
14.736392     6.93292000e-03
14.741305     6.93441000e-03
14.746218     6.94840000e-03
14.751134     6.96236000e-03
14.756051     7.01172000e-03
14.760969     6.92983000e-03
14.765890     7.03630000e-03
14.770812     6.93697000e-03
14.775735     7.11803000e-03
14.780660     7.05771000e-03
14.785587     6.94492000e-03
14.790516     6.99812000e-03
14.795446     7.14271000e-03
14.800378     6.93251000e-03
14.805311     6.94457000e-03
14.810246     6.94423000e-03
14.815183     7.10420000e-03
14.820122     6.99265000e-03
14.825062     7.55144000e-03
14.830003     6.95302000e-03
14.834947     6.94638000e-03
14.839892     7.02734000e-03
14.844838     6.94438000e-03
14.849787     6.94613000e-03
14.854736     7.04274000e-03
14.859688     6.94075000e-03
14.864641     7.18179000e-03
14.869596     6.96193000e-03
14.874553     6.95558000e-03
14.879511     6.96863000e-03
14.884471     6.94135000e-03
14.889432     6.94282000e-03
14.894395     7.07718000e-03
14.899360     7.03268000e-03
14.904327     6.94049000e-03
14.909295     7.06055000e-03
14.914264     6.99046000e-03
14.919236     6.96560000e-03
14.924209     7.00688000e-03
14.929184     6.95032000e-03
14.934160     7.22763000e-03
14.939138     6.99231000e-03
14.944118     6.98325000e-03
14.949099     7.07077000e-03
14.954082     6.94621000e-03
14.959067     7.00521000e-03
14.964053     6.96530000e-03
14.969041     7.05930000e-03
14.974031     7.06903000e-03
14.979022     6.98451000e-03
14.984015     6.95847000e-03
14.989010     6.96092000e-03
14.994006     7.70862000e-03
14.999004     6.94762000e-03
15.004004     6.95365000e-03
15.009005     6.95981000e-03
15.014008     6.98802000e-03
15.019013     7.03638000e-03
15.024019     6.96394000e-03
15.029027     6.94936000e-03
15.034037     7.04904000e-03
15.039048     6.98445000e-03
15.044061     6.96742000e-03
15.049076     7.34014000e-03
15.054092     6.94930000e-03
15.059110     6.95050000e-03
15.064130     7.01585000e-03
15.069152     6.96692000e-03
15.074175     6.95515000e-03
15.079199     7.08539000e-03
15.084226     7.21526000e-03
15.089254     7.05595000e-03
15.094284     7.06684000e-03
15.099315     6.95358000e-03
15.104348     6.95529000e-03
15.109383     7.09438000e-03
15.114419     7.04056000e-03
15.119457     6.96462000e-03
15.124497     7.35329000e-03
15.129539     6.97316000e-03
15.134582     7.10854000e-03
15.139627     7.05574000e-03
15.144673     6.99676000e-03
15.149722     6.95589000e-03
15.154772     6.96886000e-03
15.159823     6.96726000e-03
15.164876     7.07308000e-03
15.169931     7.24345000e-03
15.174988     6.98430000e-03
15.180046     6.94129000e-03
15.185106     7.16319000e-03
15.190168     6.97403000e-03
15.195232     6.97101000e-03
15.200297     6.98676000e-03
15.205363     7.04504000e-03
15.210432     7.03538000e-03
15.215502     7.01310000e-03
15.220574     6.99367000e-03
15.225647     6.95842000e-03
15.230723     6.97913000e-03
15.235799     7.06113000e-03
15.240878     7.04395000e-03
15.245958     6.95928000e-03
15.251040     6.98025000e-03
15.256124     7.44921000e-03
15.261209     6.95875000e-03
15.266296     6.95050000e-03
15.271385     6.99906000e-03
15.276476     6.97441000e-03
15.281568     7.08654000e-03
15.286662     6.99941000e-03
15.291757     6.96779000e-03
15.296855     6.96433000e-03
15.301953     7.19809000e-03
15.307054     6.94874000e-03
15.312156     7.25962000e-03
15.317260     7.25599000e-03
15.322366     7.21008000e-03
15.327474     6.99640000e-03
15.332583     7.04061000e-03
15.337694     7.02503000e-03
15.342806     7.02065000e-03
15.347921     6.96633000e-03
15.353036     7.02878000e-03
15.358154     7.07902000e-03
15.363274     7.33090000e-03
15.368395     7.06819000e-03
15.373518     6.96915000e-03
15.378642     6.99348000e-03
15.383768     7.00168000e-03
15.388896     6.96935000e-03
15.394026     6.97952000e-03
15.399157     6.99051000e-03
15.404290     7.03117000e-03
15.409425     6.97148000e-03
15.414561     6.96969000e-03
15.419700     7.00879000e-03
15.424839     6.99441000e-03
15.429981     7.00604000e-03
15.435124     7.07748000e-03
15.440269     7.00094000e-03
15.445416     7.50467000e-03
15.450565     7.29969000e-03
15.455715     6.95747000e-03
15.460867     7.30360000e-03
15.466020     7.00962000e-03
15.471176     6.98457000e-03
15.476333     6.99061000e-03
15.481492     6.97842000e-03
15.486652     6.97397000e-03
15.491814     7.06081000e-03
15.496978     6.97787000e-03
15.502144     7.07916000e-03
15.507311     7.03881000e-03
15.512480     7.05721000e-03
15.517651     7.09059000e-03
15.522824     6.97615000e-03
15.527998     7.42639000e-03
15.533174     7.03792000e-03
15.538352     7.10627000e-03
15.543531     7.05626000e-03
15.548712     7.00839000e-03
15.553895     6.96951000e-03
15.559080     6.99440000e-03
15.564266     6.97231000e-03
15.569454     6.98216000e-03
15.574644     7.25355000e-03
15.579836     7.02676000e-03
15.585029     7.04750000e-03
15.590224     7.11489000e-03
15.595421     7.00200000e-03
15.600619     7.01581000e-03
15.605819     6.98432000e-03
15.611021     7.00112000e-03
15.616225     7.54264000e-03
15.621430     7.10041000e-03
15.626638     6.98556000e-03
15.631846     7.18029000e-03
15.637057     6.99435000e-03
15.642269     7.10476000e-03
15.647483     6.98029000e-03
15.652699     7.05402000e-03
15.657917     6.99015000e-03
15.663136     7.03043000e-03
15.668357     7.00511000e-03
15.673580     7.08830000e-03
15.678805     6.98811000e-03
15.684031     7.01052000e-03
15.689259     7.22442000e-03
15.694489     7.01970000e-03
15.699720     6.99204000e-03
15.704953     7.00862000e-03
15.710188     6.99852000e-03
15.715425     7.06388000e-03
15.720664     7.24816000e-03
15.725904     7.00667000e-03
15.731146     7.10355000e-03
15.736389     7.12971000e-03
15.741635     6.97572000e-03
15.746882     7.14525000e-03
15.752131     6.98626000e-03
15.757382     6.98495000e-03
15.762634     7.36516000e-03
15.767888     6.99408000e-03
15.773144     7.05080000e-03
15.778402     7.04541000e-03
15.783662     6.99926000e-03
15.788923     7.00945000e-03
15.794186     7.03489000e-03
15.799451     7.77180000e-03
15.804717     6.99633000e-03
15.809985     7.21750000e-03
15.815255     7.11982000e-03
15.820527     7.03962000e-03
15.825800     7.35804000e-03
15.831076     7.00987000e-03
15.836353     7.04137000e-03
15.841632     7.11399000e-03
15.846912     7.03297000e-03
15.852194     7.02256000e-03
15.857478     7.01575000e-03
15.862764     7.04793000e-03
15.868052     6.98639000e-03
15.873341     7.00889000e-03
15.878632     7.04708000e-03
15.883925     7.16047000e-03
15.889220     7.02653000e-03
15.894516     7.07973000e-03
15.899814     7.00682000e-03
15.905114     7.07218000e-03
15.910416     7.04334000e-03
15.915720     7.07045000e-03
15.921025     7.22482000e-03
15.926332     6.98879000e-03
15.931641     7.00034000e-03
15.936951     7.03838000e-03
15.942263     7.11598000e-03
15.947577     7.00460000e-03
15.952893     7.07095000e-03
15.958211     7.04125000e-03
15.963530     7.00819000e-03
15.968852     7.01131000e-03
15.974175     7.00977000e-03
15.979499     7.99492000e-03
15.984826     7.04716000e-03
15.990154     7.11401000e-03
15.995484     7.29567000e-03
16.000816     7.11805000e-03
16.006150     7.29667000e-03
16.011485     7.04541000e-03
16.016822     7.03703000e-03
16.022161     7.02922000e-03
16.027502     7.14413000e-03
16.032844     7.15519000e-03
16.038189     7.00439000e-03
16.043535     7.00564000e-03
16.048883     7.00146000e-03
16.054232     7.33712000e-03
16.059583     6.98297000e-03
16.064937     7.01987000e-03
16.070292     7.00031000e-03
16.075648     7.44209000e-03
16.081007     7.05672000e-03
16.086367     7.02214000e-03
16.091729     7.10105000e-03
16.097093     7.11548000e-03
16.102459     7.30604000e-03
16.107827     7.04111000e-03
16.113196     7.00646000e-03
16.118567     7.10870000e-03
16.123940     7.00481000e-03
16.129314     7.03914000e-03
16.134691     7.00480000e-03
16.140069     7.07321000e-03
16.145449     7.29106000e-03
16.150831     7.04067000e-03
16.156215     7.01250000e-03
16.161600     7.53854000e-03
16.166987     6.99848000e-03
16.172376     7.03660000e-03
16.177767     7.01318000e-03
16.183159     7.04077000e-03
16.188554     7.07296000e-03
16.193950     7.12526000e-03
16.199348     7.06731000e-03
16.204748     7.12280000e-03
16.210149     7.23054000e-03
16.215553     6.99973000e-03
16.220958     7.14222000e-03
16.226365     7.01180000e-03
16.231774     7.05065000e-03
16.237184     7.37060000e-03
16.242597     7.15576000e-03
16.248011     7.01347000e-03
16.253427     7.02154000e-03
16.258845     7.07100000e-03
16.264264     7.09989000e-03
16.269686     7.03588000e-03
16.275109     7.48593000e-03
16.280534     7.02329000e-03
16.285961     7.22948000e-03
16.291390     7.31055000e-03
16.296820     7.11396000e-03
16.302252     7.14253000e-03
16.307686     7.42962000e-03
16.313122     7.03514000e-03
16.318560     7.02285000e-03
16.323999     7.36360000e-03
16.329441     7.35934000e-03
16.334884     7.01595000e-03
16.340329     7.14556000e-03
16.345776     7.04113000e-03
16.351224     7.17678000e-03
16.356675     7.03331000e-03
16.362127     7.04264000e-03
16.367581     7.14027000e-03
16.373037     7.23962000e-03
16.378494     7.05454000e-03
16.383954     7.13046000e-03
16.389415     7.05995000e-03
16.394879     7.02919000e-03
16.400343     7.02448000e-03
16.405810     7.03482000e-03
16.411279     7.03035000e-03
16.416749     7.07234000e-03
16.422221     7.31587000e-03
16.427695     7.02908000e-03
16.433171     7.54381000e-03
16.438649     7.14178000e-03
16.444129     7.40475000e-03
16.449610     7.05949000e-03
16.455093     7.26985000e-03
16.460578     7.02324000e-03
16.466065     7.06804000e-03
16.471554     7.17469000e-03
16.477044     7.29389000e-03
16.482537     7.25638000e-03
16.488031     7.14941000e-03
16.493527     7.04027000e-03
16.499025     7.11343000e-03
16.504524     7.05033000e-03
16.510026     7.30481000e-03
16.515529     7.06474000e-03
16.521034     7.03083000e-03
16.526542     7.04827000e-03
16.532050     7.17726000e-03
16.537561     7.11133000e-03
16.543073     7.10920000e-03
16.548588     7.13389000e-03
16.554104     7.14884000e-03
16.559622     7.35989000e-03
16.565142     7.19397000e-03
16.570664     7.04409000e-03
16.576187     7.02949000e-03
16.581713     7.28633000e-03
16.587240     7.03302000e-03
16.592769     7.07085000e-03
16.598300     7.51413000e-03
16.603833     7.22363000e-03
16.609367     7.04023000e-03
16.614904     7.03109000e-03
16.620442     7.04911000e-03
16.625982     7.02359000e-03
16.631524     7.03479000e-03
16.637068     7.16710000e-03
16.642614     7.39498000e-03
16.648161     7.04367000e-03
16.653711     7.20440000e-03
16.659262     7.06163000e-03
16.664815     7.03605000e-03
16.670370     7.03139000e-03
16.675927     7.70369000e-03
16.681485     7.12549000e-03
16.687046     7.29752000e-03
16.692608     7.11370000e-03
16.698172     7.11852000e-03
16.703738     7.07075000e-03
16.709306     7.15303000e-03
16.714876     7.06376000e-03
16.720448     7.35147000e-03
16.726021     7.87786000e-03
16.731597     7.07461000e-03
16.737174     7.13006000e-03
16.742753     7.14973000e-03
16.748334     7.59235000e-03
16.753916     7.15731000e-03
16.759501     7.03864000e-03
16.765088     7.02425000e-03
16.770676     7.14222000e-03
16.776266     7.11496000e-03
16.781858     7.04193000e-03
16.787452     7.04460000e-03
16.793048     7.09797000e-03
16.798646     7.04351000e-03
16.804245     7.06774000e-03
16.809847     7.24480000e-03
16.815450     7.09107000e-03
16.821055     7.08084000e-03
16.826662     7.05408000e-03
16.832271     7.33899000e-03
16.837882     7.02053000e-03
16.843494     7.13525000e-03
16.849109     7.04305000e-03
16.854725     7.04399000e-03
16.860344     7.06225000e-03
16.865964     7.09015000e-03
16.871586     7.77342000e-03
16.877209     7.05908000e-03
16.882835     7.07840000e-03
16.888463     7.03942000e-03
16.894092     7.06135000e-03
16.899724     7.25580000e-03
16.905357     7.08193000e-03
16.910992     7.12626000e-03
16.916629     7.17026000e-03
16.922268     7.08302000e-03
16.927909     7.08199000e-03
16.933551     7.38111000e-03
16.939196     7.10944000e-03
16.944842     7.07281000e-03
16.950491     7.04891000e-03
16.956141     7.05745000e-03
16.961793     7.05919000e-03
16.967447     7.15438000e-03
16.973102     7.27875000e-03
16.978760     7.18601000e-03
16.984420     7.26922000e-03
16.990081     7.03704000e-03
16.995745     7.26742000e-03
17.001410     7.06579000e-03
17.007077     7.04720000e-03
17.012746     7.21951000e-03
17.018417     7.05232000e-03
17.024090     7.15978000e-03
17.029764     7.20309000e-03
17.035441     7.09258000e-03
17.041120     7.12955000e-03
17.046800     7.82191000e-03
17.052482     7.09121000e-03
17.058166     7.05634000e-03
17.063852     7.37536000e-03
17.069540     7.04576000e-03
17.075230     7.31386000e-03
17.080922     7.07068000e-03
17.086616     7.40002000e-03
17.092311     7.05609000e-03
17.098009     7.94529000e-03
17.103708     7.29674000e-03
17.109409     7.47913000e-03
17.115112     7.05353000e-03
17.120817     7.43954000e-03
17.126524     7.14564000e-03
17.132233     7.04430000e-03
17.137944     7.04871000e-03
17.143656     7.05949000e-03
17.149371     7.14039000e-03
17.155088     7.09414000e-03
17.160806     7.06546000e-03
17.166526     7.06223000e-03
17.172248     7.10994000e-03
17.177972     7.06690000e-03
17.183698     7.53775000e-03
17.189426     7.11804000e-03
17.195156     7.05868000e-03
17.200888     7.06810000e-03
17.206621     7.04388000e-03
17.212357     7.07736000e-03
17.218094     7.09351000e-03
17.223834     7.14607000e-03
17.229575     7.04076000e-03
17.235318     7.11855000e-03
17.241063     7.07512000e-03
17.246810     7.12392000e-03
17.252559     7.06224000e-03
17.258310     7.05606000e-03
17.264063     7.06926000e-03
17.269818     7.15216000e-03
17.275574     7.06376000e-03
17.281333     7.12026000e-03
17.287093     7.36184000e-03
17.292856     7.39541000e-03
17.298620     7.06486000e-03
17.304386     7.08516000e-03
17.310154     7.05745000e-03
17.315924     7.09419000e-03
17.321696     7.09211000e-03
17.327470     7.10579000e-03
17.333246     7.08596000e-03
17.339024     7.32029000e-03
17.344803     7.10369000e-03
17.350585     7.05699000e-03
17.356368     7.18867000e-03
17.362154     7.11724000e-03
17.367941     7.07603000e-03
17.373731     7.66924000e-03
17.379522     7.27234000e-03
17.385315     7.53672000e-03
17.391110     7.13540000e-03
17.396907     7.06802000e-03
17.402706     7.36800000e-03
17.408507     7.06973000e-03
17.414310     7.11432000e-03
17.420115     7.17410000e-03
17.425921     7.32084000e-03
17.431730     7.33805000e-03
17.437541     7.09701000e-03
17.443353     7.14451000e-03
17.449168     7.07543000e-03
17.454984     7.07263000e-03
17.460802     7.15126000e-03
17.466622     7.06464000e-03
17.472445     7.47606000e-03
17.478269     7.34763000e-03
17.484095     7.09841000e-03
17.489923     7.14891000e-03
17.495753     7.14596000e-03
17.501585     7.08045000e-03
17.507419     7.08560000e-03
17.513255     7.20319000e-03
17.519092     7.12328000e-03
17.524932     7.08814000e-03
17.530774     7.19032000e-03
17.536617     7.13619000e-03
17.542463     7.06182000e-03
17.548310     7.07335000e-03
17.554160     7.16205000e-03
17.560011     7.08621000e-03
17.565864     7.13034000e-03
17.571720     7.22974000e-03
17.577577     7.07096000e-03
17.583436     7.09560000e-03
17.589297     7.27669000e-03
17.595160     7.08401000e-03
17.601025     7.08660000e-03
17.606893     7.07862000e-03
17.612761     7.06471000e-03
17.618632     7.14984000e-03
17.624505     7.28968000e-03
17.630380     7.08343000e-03
17.636257     7.07512000e-03
17.642136     7.07942000e-03
17.648016     7.12209000e-03
17.653899     7.23548000e-03
17.659784     7.61278000e-03
17.665670     7.07675000e-03
17.671559     7.07714000e-03
17.677449     7.07616000e-03
17.683342     7.18364000e-03
17.689236     7.24957000e-03
17.695133     7.15288000e-03
17.701031     7.14145000e-03
17.706931     7.12601000e-03
17.712834     7.12627000e-03
17.718738     7.28860000e-03
17.724644     7.23323000e-03
17.730552     7.50133000e-03
17.736463     7.08916000e-03
17.742375     7.17412000e-03
17.748289     7.08180000e-03
17.754205     7.73709000e-03
17.760123     7.09299000e-03
17.766043     7.25198000e-03
17.771965     7.10910000e-03
17.777889     7.33038000e-03
17.783815     7.14476000e-03
17.789743     7.12851000e-03
17.795673     7.16574000e-03
17.801605     7.14771000e-03
17.807539     7.06839000e-03
17.813475     7.15864000e-03
17.819412     7.06872000e-03
17.825352     7.43058000e-03
17.831294     7.08314000e-03
17.837238     7.06747000e-03
17.843183     7.39495000e-03
17.849131     7.09881000e-03
17.855081     7.14082000e-03
17.861033     7.08923000e-03
17.866986     7.15364000e-03
17.872942     7.08514000e-03
17.878900     7.09374000e-03
17.884859     7.09198000e-03
17.890821     7.34107000e-03
17.896784     7.12390000e-03
17.902750     7.09644000e-03
17.908718     7.09294000e-03
17.914687     7.28845000e-03
17.920659     7.10348000e-03
17.926632     7.09125000e-03
17.932608     7.06940000e-03
17.938585     7.08928000e-03
17.944565     7.10903000e-03
17.950546     7.10284000e-03
17.956530     7.14556000e-03
17.962515     7.10726000e-03
17.968503     7.19361000e-03
17.974492     7.12238000e-03
17.980484     7.18820000e-03
17.986477     7.10659000e-03
17.992473     7.09924000e-03
17.998470     7.14560000e-03
18.004470     7.12481000e-03
18.010471     7.12226000e-03
18.016475     7.16718000e-03
18.022480     7.12449000e-03
18.028488     7.45996000e-03
18.034497     7.78051000e-03
18.040509     7.29853000e-03
18.046522     7.09599000e-03
18.052538     7.11263000e-03
18.058555     7.07952000e-03
18.064575     7.12153000e-03
18.070596     7.10177000e-03
18.076620     7.08245000e-03
18.082646     7.11250000e-03
18.088673     7.13130000e-03
18.094703     7.33974000e-03
18.100734     7.10136000e-03
18.106768     7.14494000e-03
18.112803     7.08120000e-03
18.118841     7.17790000e-03
18.124881     7.11993000e-03
18.130922     7.14389000e-03
18.136966     7.12776000e-03
18.143012     7.19135000e-03
18.149059     7.10225000e-03
18.155109     7.14073000e-03
18.161161     7.08275000e-03
18.167214     7.09140000e-03
18.173270     7.09793000e-03
18.179328     7.73705000e-03
18.185388     7.14333000e-03
18.191449     7.10035000e-03
18.197513     7.10185000e-03
18.203579     7.09722000e-03
18.209647     7.72661000e-03
18.215717     7.24285000e-03
18.221789     7.28565000e-03
18.227863     7.14258000e-03
18.233939     7.09204000e-03
18.240016     7.11912000e-03
18.246097     7.11127000e-03
18.252178     7.11716000e-03
18.258263     7.13309000e-03
18.264349     7.17564000e-03
18.270437     7.14994000e-03
18.276527     7.08728000e-03
18.282619     7.20986000e-03
18.288713     7.46526000e-03
18.294810     7.13944000e-03
18.300908     7.16018000e-03
18.307008     7.31413000e-03
18.313111     7.31739000e-03
18.319215     7.25039000e-03
18.325321     7.11197000e-03
18.331430     7.11666000e-03
18.337540     7.54512000e-03
18.343653     7.11320000e-03
18.349767     7.10983000e-03
18.355884     7.21180000e-03
18.362002     7.11569000e-03
18.368123     7.11174000e-03
18.374246     7.11307000e-03
18.380371     7.14226000e-03
18.386497     7.11326000e-03
18.392626     7.12308000e-03
18.398757     7.18738000e-03
18.404890     7.43126000e-03
18.411025     7.11935000e-03
18.417162     7.11375000e-03
18.423301     7.14775000e-03
18.429442     7.10554000e-03
18.435585     7.10251000e-03
18.441730     7.09389000e-03
18.447878     7.20471000e-03
18.454027     7.17453000e-03
18.460178     7.10977000e-03
18.466332     7.12041000e-03
18.472487     7.13221000e-03
18.478645     7.17655000e-03
18.484804     7.11445000e-03
18.490966     7.16957000e-03
18.497129     7.59414000e-03
18.503295     7.11771000e-03
18.509463     7.09167000e-03
18.515633     7.15797000e-03
18.521805     7.11947000e-03
18.527979     7.46669000e-03
18.534155     7.10951000e-03
18.540333     7.34541000e-03
18.546513     7.11650000e-03
18.552695     7.12612000e-03
18.558879     7.66302000e-03
18.565065     7.13149000e-03
18.571254     7.21624000e-03
18.577444     7.10834000e-03
18.583637     7.10982000e-03
18.589831     7.20453000e-03
18.596028     7.11299000e-03
18.602227     7.14556000e-03
18.608427     7.12024000e-03
18.614630     7.28772000e-03
18.620835     7.11928000e-03
18.627042     7.15138000e-03
18.633251     7.15609000e-03
18.639462     7.21043000e-03
18.645675     7.51921000e-03
18.651890     7.39673000e-03
18.658108     7.52649000e-03
18.664327     7.16568000e-03
18.670548     7.15837000e-03
18.676772     7.22009000e-03
18.682998     7.14869000e-03
18.689225     7.22429000e-03
18.695455     7.15302000e-03
18.701687     7.28773000e-03
18.707921     7.19366000e-03
18.714157     7.12223000e-03
18.720395     7.23503000e-03
18.726635     7.15558000e-03
18.732877     7.43675000e-03
18.739121     7.13473000e-03
18.745368     7.20140000e-03
18.751616     7.15355000e-03
18.757867     7.15480000e-03
18.764119     7.65639000e-03
18.770374     7.17990000e-03
18.776631     7.22164000e-03
18.782890     7.22116000e-03
18.789151     7.19650000e-03
18.795414     7.12863000e-03
18.801679     7.15217000e-03
18.807946     7.21315000e-03
18.814215     8.01474000e-03
18.820487     7.12679000e-03
18.826760     7.73283000e-03
18.833036     7.17601000e-03
18.839314     7.24799000e-03
18.845593     7.15580000e-03
18.851875     7.16418000e-03
18.858159     7.17118000e-03
18.864445     7.17387000e-03
18.870733     7.16744000e-03
18.877024     7.18221000e-03
18.883316     7.24681000e-03
18.889610     7.41822000e-03
18.895907     7.13130000e-03
18.902206     7.20556000e-03
18.908506     7.37405000e-03
18.914809     7.14816000e-03
18.921114     7.22584000e-03
18.927421     7.38442000e-03
18.933730     7.13425000e-03
18.940041     7.12969000e-03
18.946355     7.12538000e-03
18.952670     7.15917000e-03
18.958988     7.58735000e-03
18.965308     7.21208000e-03
18.971629     7.21472000e-03
18.977953     7.22834000e-03
18.984279     7.30109000e-03
18.990607     7.21679000e-03
18.996938     7.15225000e-03
19.003270     7.15180000e-03
19.009604     7.25573000e-03
19.015941     7.18814000e-03
19.022279     7.29179000e-03
19.028620     7.13799000e-03
19.034963     7.92331000e-03
19.041308     7.15104000e-03
19.047655     7.21598000e-03
19.054004     7.15429000e-03
19.060356     7.14844000e-03
19.066709     7.22722000e-03
19.073065     7.28415000e-03
19.079422     7.13881000e-03
19.085782     7.78372000e-03
19.092144     7.14542000e-03
19.098508     7.15473000e-03
19.104874     7.15185000e-03
19.111243     7.14736000e-03
19.117613     7.15454000e-03
19.123986     7.14254000e-03
19.130360     7.28057000e-03
19.136737     7.65255000e-03
19.143116     7.18469000e-03
19.149497     7.46548000e-03
19.155880     7.14938000e-03
19.162265     7.27535000e-03
19.168653     7.34571000e-03
19.175042     7.14540000e-03
19.181434     7.23874000e-03
19.187828     7.19202000e-03
19.194224     7.19205000e-03
19.200622     7.19799000e-03
19.207022     7.19308000e-03
19.213424     7.16260000e-03
19.219829     7.14553000e-03
19.226236     7.29198000e-03
19.232644     7.29228000e-03
19.239055     7.35413000e-03
19.245468     7.12704000e-03
19.251883     7.14576000e-03
19.258301     7.17229000e-03
19.264720     7.17120000e-03
19.271142     7.86216000e-03
19.277565     7.72609000e-03
19.283991     7.17385000e-03
19.290419     7.14075000e-03
19.296849     7.25174000e-03
19.303282     7.15219000e-03
19.309716     7.21507000e-03
19.316153     7.19203000e-03
19.322591     7.25449000e-03
19.329032     7.12981000e-03
19.335475     7.61759000e-03
19.341920     7.17497000e-03
19.348368     7.44092000e-03
19.354817     7.16691000e-03
19.361269     7.52598000e-03
19.367722     7.32973000e-03
19.374178     7.29915000e-03
19.380637     7.73676000e-03
19.387097     7.56791000e-03
19.393559     7.23887000e-03
19.400024     7.22645000e-03
19.406490     7.16232000e-03
19.412959     7.18146000e-03
19.419430     7.35590000e-03
19.425903     7.16875000e-03
19.432378     7.22797000e-03
19.438856     7.29220000e-03
19.445336     7.13095000e-03
19.451817     7.25381000e-03
19.458301     7.28538000e-03
19.464787     7.33058000e-03
19.471276     7.14757000e-03
19.477766     7.16752000e-03
19.484259     7.16841000e-03
19.490753     7.16571000e-03
19.497250     7.19735000e-03
19.503749     7.16445000e-03
19.510251     7.16870000e-03
19.516754     7.16900000e-03
19.523260     7.71603000e-03
19.529767     7.16370000e-03
19.536277     7.59887000e-03
19.542789     7.25279000e-03
19.549304     7.15720000e-03
19.555820     7.39211000e-03
19.562339     7.17297000e-03
19.568859     7.17530000e-03
19.575382     7.19929000e-03
19.581908     7.15999000e-03
19.588435     7.17995000e-03
19.594964     7.16691000e-03
19.601496     7.19667000e-03
19.608030     7.25729000e-03
19.614566     7.29452000e-03
19.621104     7.16814000e-03
19.627644     7.14580000e-03
19.634187     7.67478000e-03
19.640732     7.18136000e-03
19.647279     7.55060000e-03
19.653828     7.34304000e-03
19.660379     7.15841000e-03
19.666933     7.16286000e-03
19.673488     7.24255000e-03
19.680046     7.15905000e-03
19.686606     7.46842000e-03
19.693168     7.22018000e-03
19.699732     7.20753000e-03
19.706299     7.25993000e-03
19.712868     7.23906000e-03
19.719439     7.19474000e-03
19.726012     7.16446000e-03
19.732587     7.15608000e-03
19.739165     7.48895000e-03
19.745745     7.21951000e-03
19.752326     7.15620000e-03
19.758911     7.17855000e-03
19.765497     7.64567000e-03
19.772085     7.29071000e-03
19.778676     7.22890000e-03
19.785269     7.21197000e-03
19.791864     7.23327000e-03
19.798461     7.38027000e-03
19.805061     7.21721000e-03
19.811663     7.18205000e-03
19.818266     7.16749000e-03
19.824873     7.16507000e-03
19.831481     7.23655000e-03
19.838091     7.19882000e-03
19.844704     7.21373000e-03
19.851319     7.23275000e-03
19.857936     7.26879000e-03
19.864555     7.68337000e-03
19.871177     7.15460000e-03
19.877801     7.17410000e-03
19.884427     7.45721000e-03
19.891055     7.18583000e-03
19.897685     7.17636000e-03
19.904318     7.53078000e-03
19.910952     7.16299000e-03
19.917589     7.17377000e-03
19.924229     7.17443000e-03
19.930870     7.27454000e-03
19.937514     8.12213000e-03
19.944159     7.24633000e-03
19.950807     7.66163000e-03
19.957458     7.39373000e-03
19.964110     7.19240000e-03
19.970765     7.18146000e-03
19.977422     7.24897000e-03
19.984081     7.53537000e-03
19.990742     7.18916000e-03
19.997406     7.17873000e-03
20.004072     7.17655000e-03
20.010740     7.27633000e-03
20.017410     7.17911000e-03
20.024082     7.22596000e-03
20.030757     7.32536000e-03
20.037434     7.16929000e-03
20.044113     7.18547000e-03
20.050795     7.25274000e-03
20.057478     7.46966000e-03
20.064164     7.22563000e-03
20.070852     7.77335000e-03
20.077542     7.16869000e-03
20.084235     7.23430000e-03
20.090930     7.20989000e-03
20.097627     7.23539000e-03
20.104326     7.23410000e-03
20.111027     7.65918000e-03
20.117731     7.38542000e-03
20.124437     7.18610000e-03
20.131145     7.17861000e-03
20.137855     7.45291000e-03
20.144568     7.21400000e-03
20.151283     7.21159000e-03
20.158000     7.36488000e-03
20.164719     7.18606000e-03
20.171441     7.37773000e-03
20.178165     7.21521000e-03
20.184891     7.21983000e-03
20.191619     7.99324000e-03
20.198349     7.21589000e-03
20.205082     7.17315000e-03
20.211817     7.18693000e-03
20.218555     7.22393000e-03
20.225294     7.20486000e-03
20.232036     7.22798000e-03
20.238780     7.17091000e-03
20.245526     7.31354000e-03
20.252275     7.21889000e-03
20.259025     7.36932000e-03
20.265778     7.28955000e-03
20.272534     7.51466000e-03
20.279291     7.24159000e-03
20.286051     7.38041000e-03
20.292813     7.23487000e-03
20.299577     7.16928000e-03
20.306344     7.24727000e-03
20.313112     7.20322000e-03
20.319884     7.16663000e-03
20.326657     7.26895000e-03
20.333432     7.26559000e-03
20.340210     7.37337000e-03
20.346990     7.18886000e-03
20.353773     7.24599000e-03
20.360557     7.55548000e-03
20.367344     7.27320000e-03
20.374133     7.22212000e-03
20.380925     7.73248000e-03
20.387718     7.29628000e-03
20.394514     7.31474000e-03
20.401312     7.19474000e-03
20.408113     7.20144000e-03
20.414915     7.20514000e-03
20.421720     7.52070000e-03
20.428528     7.21609000e-03
20.435337     7.51942000e-03
20.442149     7.19874000e-03
20.448963     7.20113000e-03
20.455779     7.24426000e-03
20.462598     7.58145000e-03
20.469419     7.89716000e-03
20.476242     7.18676000e-03
20.483067     7.19030000e-03
20.489895     7.17436000e-03
20.496725     7.20540000e-03
20.503557     7.26738000e-03
20.510392     7.54241000e-03
20.517229     7.27684000e-03
20.524068     7.21911000e-03
20.530909     7.24686000e-03
20.537753     7.41752000e-03
20.544598     7.20386000e-03
20.551447     7.23742000e-03
20.558297     7.20257000e-03
20.565150     7.28884000e-03
20.572005     7.18038000e-03
20.578862     7.20391000e-03
20.585722     7.20585000e-03
20.592584     7.23029000e-03
20.599448     7.18678000e-03
20.606315     7.24242000e-03
20.613183     7.33288000e-03
20.620054     7.24805000e-03
20.626928     7.25462000e-03
20.633803     7.57493000e-03
20.640681     7.21622000e-03
20.647561     7.20206000e-03
20.654444     7.26652000e-03
20.661329     7.20504000e-03
20.668216     7.26188000e-03
20.675105     7.24592000e-03
20.681997     7.31347000e-03
20.688891     7.37704000e-03
20.695787     7.23071000e-03
20.702686     7.31375000e-03
20.709587     7.21149000e-03
20.716490     7.41983000e-03
20.723396     7.25993000e-03
20.730303     7.37235000e-03
20.737213     7.21161000e-03
20.744126     7.24575000e-03
20.751041     7.46957000e-03
20.757958     7.22978000e-03
20.764877     7.30155000e-03
20.771798     7.20217000e-03
20.778723     7.58039000e-03
20.785649     7.28607000e-03
20.792577     7.21844000e-03
20.799508     7.21043000e-03
20.806441     7.62237000e-03
20.813377     7.84927000e-03
20.820315     7.20962000e-03
20.827255     7.23507000e-03
20.834197     7.32491000e-03
20.841142     7.32918000e-03
20.848089     7.19935000e-03
20.855038     7.37948000e-03
20.861990     7.29279000e-03
20.868944     7.20500000e-03
20.875900     7.23270000e-03
20.882859     7.24149000e-03
20.889820     7.22291000e-03
20.896783     7.22681000e-03
20.903749     7.21095000e-03
20.910717     7.53781000e-03
20.917687     7.20914000e-03
20.924659     7.21095000e-03
20.931634     7.55476000e-03
20.938612     7.20862000e-03
20.945591     7.19401000e-03
20.952573     7.67769000e-03
20.959557     7.30370000e-03
20.966544     7.23958000e-03
20.973533     7.27297000e-03
20.980524     7.27777000e-03
20.987517     7.19863000e-03
20.994513     7.26483000e-03
21.001511     7.20067000e-03
21.008512     7.46147000e-03
21.015514     7.22645000e-03
21.022520     7.24710000e-03
21.029527     7.31443000e-03
21.036537     7.45984000e-03
21.043549     7.27762000e-03
21.050564     7.22940000e-03
21.057581     7.32097000e-03
21.064600     7.28644000e-03
21.071621     7.22038000e-03
21.078645     7.52515000e-03
21.085671     7.21621000e-03
21.092700     7.23802000e-03
21.099731     7.67967000e-03
21.106764     7.29708000e-03
21.113800     7.56913000e-03
21.120838     7.32473000e-03
21.127878     7.21875000e-03
21.134920     7.30089000e-03
21.141966     7.28697000e-03
21.149013     7.39569000e-03
21.156063     7.24208000e-03
21.163114     7.28883000e-03
21.170169     7.24643000e-03
21.177226     7.20772000e-03
21.184285     7.25176000e-03
21.191346     7.30348000e-03
21.198410     7.30894000e-03
21.205476     7.23259000e-03
21.212544     7.22951000e-03
21.219615     7.29921000e-03
21.226689     7.26566000e-03
21.233764     7.36327000e-03
21.240842     7.23169000e-03
21.247922     7.21426000e-03
21.255005     7.22488000e-03
21.262090     7.27429000e-03
21.269177     7.33528000e-03
21.276267     7.28422000e-03
21.283359     7.35087000e-03
21.290454     7.58396000e-03
21.297550     7.47824000e-03
21.304650     7.37051000e-03
21.311751     7.26986000e-03
21.318855     7.22790000e-03
21.325961     7.24742000e-03
21.333070     7.46130000e-03
21.340181     7.29958000e-03
21.347294     7.27819000e-03
21.354410     7.23009000e-03
21.361528     7.26569000e-03
21.368649     7.24243000e-03
21.375772     7.26718000e-03
21.382897     7.31883000e-03
21.390025     7.23483000e-03
21.397155     7.24910000e-03
21.404287     7.48510000e-03
21.411422     7.26124000e-03
21.418559     7.31445000e-03
21.425698     7.55331000e-03
21.432840     7.34375000e-03
21.439985     7.30379000e-03
21.447131     7.37001000e-03
21.454280     7.24076000e-03
21.461432     7.28779000e-03
21.468585     7.38072000e-03
21.475742     7.23986000e-03
21.482900     7.27502000e-03
21.490061     7.26356000e-03
21.497225     7.28620000e-03
21.504390     7.30663000e-03
21.511558     7.31764000e-03
21.518729     7.22261000e-03
21.525902     7.26904000e-03
21.533077     7.47148000e-03
21.540255     7.23425000e-03
21.547435     7.23437000e-03
21.554617     7.27172000e-03
21.561802     7.25718000e-03
21.568990     7.26012000e-03
21.576179     7.26546000e-03
21.583371     7.25141000e-03
21.590566     7.60927000e-03
21.597763     7.30694000e-03
21.604962     7.28600000e-03
21.612164     7.28582000e-03
21.619368     7.36420000e-03
21.626574     7.22577000e-03
21.633783     7.39128000e-03
21.640994     7.32445000e-03
21.648208     7.45066000e-03
21.655424     7.29200000e-03
21.662642     7.38948000e-03
21.669863     7.27131000e-03
21.677087     7.29492000e-03
21.684312     7.25078000e-03
21.691540     7.58227000e-03
21.698771     7.25979000e-03
21.706004     7.49176000e-03
21.713239     7.46255000e-03
21.720477     7.52582000e-03
21.727717     7.34815000e-03
21.734960     7.26864000e-03
21.742205     7.32909000e-03
21.749452     7.22830000e-03
21.756702     7.26983000e-03
21.763954     7.31323000e-03
21.771209     7.24808000e-03
21.778466     7.24274000e-03
21.785725     7.24566000e-03
21.792987     7.28211000e-03
21.800252     7.23826000e-03
21.807518     7.59434000e-03
21.814787     7.54357000e-03
21.822059     7.24386000e-03
21.829333     7.59250000e-03
21.836610     7.25535000e-03
21.843888     7.25739000e-03
21.851170     7.24447000e-03
21.858453     7.30457000e-03
21.865740     7.27127000e-03
21.873028     7.24464000e-03
21.880319     7.24978000e-03
21.887613     7.26959000e-03
21.894908     7.33929000e-03
21.902207     7.26822000e-03
21.909508     7.69313000e-03
21.916811     7.25907000e-03
21.924116     7.24653000e-03
21.931424     7.25468000e-03
21.938735     7.29926000e-03
21.946048     7.29958000e-03
21.953363     7.57029000e-03
21.960681     7.46129000e-03
21.968001     7.29139000e-03
21.975324     7.26750000e-03
21.982649     7.31538000e-03
21.989976     7.24729000e-03
21.997306     7.25170000e-03
22.004639     7.25152000e-03
22.011974     7.43445000e-03
22.019311     7.25948000e-03
22.026651     7.29556000e-03
22.033993     7.52596000e-03
22.041338     7.23933000e-03
22.048685     7.25681000e-03
22.056034     7.26517000e-03
22.063386     7.27076000e-03
22.070741     7.25613000e-03
22.078098     7.48149000e-03
22.085457     7.28407000e-03
22.092819     7.29964000e-03
22.100183     7.25711000e-03
22.107550     7.25676000e-03
22.114919     7.35250000e-03
22.122291     7.33612000e-03
22.129665     7.44940000e-03
22.137041     7.24089000e-03
22.144420     7.28657000e-03
22.151802     7.25958000e-03
22.159186     7.26045000e-03
22.166572     7.36286000e-03
22.173961     7.29495000e-03
22.181352     7.33605000e-03
22.188746     7.31192000e-03
22.196142     7.31878000e-03
22.203541     7.28367000e-03
22.210942     7.31600000e-03
22.218346     7.27556000e-03
22.225752     7.42767000e-03
22.233161     7.24057000e-03
22.240572     7.62836000e-03
22.247985     7.27977000e-03
22.255401     7.25886000e-03
22.262820     7.30050000e-03
22.270241     7.32304000e-03
22.277664     7.27016000e-03
22.285090     7.26800000e-03
22.292518     7.38205000e-03
22.299949     7.79325000e-03
22.307382     7.50921000e-03
22.314818     7.28808000e-03
22.322257     7.31650000e-03
22.329697     7.31330000e-03
22.337141     7.32420000e-03
22.344586     7.31999000e-03
22.352034     7.26610000e-03
22.359485     7.31565000e-03
22.366938     7.27584000e-03
22.374394     7.43173000e-03
22.381852     7.26466000e-03
22.389313     7.30218000e-03
22.396776     7.28280000e-03
22.404241     7.26891000e-03
22.411709     7.65482000e-03
22.419180     7.26817000e-03
22.426653     7.30155000e-03
22.434129     7.26225000e-03
22.441607     7.27111000e-03
22.449087     7.32355000e-03
22.456570     7.35719000e-03
22.464056     7.28984000e-03
22.471544     7.35384000e-03
22.479034     7.25696000e-03
22.486527     7.32907000e-03
22.494023     7.27226000e-03
22.501521     7.41994000e-03
22.509021     7.26761000e-03
22.516524     7.27250000e-03
22.524030     7.33935000e-03
22.531538     7.58764000e-03
22.539048     7.26697000e-03
22.546561     7.27725000e-03
22.554077     7.31005000e-03
22.561595     7.32979000e-03
22.569115     7.41803000e-03
22.576639     7.25945000e-03
22.584164     7.30780000e-03
22.591692     7.26514000e-03
22.599223     7.26311000e-03
22.606756     7.30415000e-03
22.614291     7.28843000e-03
22.621829     7.29498000e-03
22.629370     7.26164000e-03
22.636913     7.33609000e-03
22.644459     7.31616000e-03
22.652007     7.28909000e-03
22.659558     7.27926000e-03
22.667111     7.26805000e-03
22.674667     7.36955000e-03
22.682225     8.00553000e-03
22.689785     7.34358000e-03
22.697349     7.32475000e-03
22.704915     7.30251000e-03
22.712483     7.33882000e-03
22.720054     7.65367000e-03
22.727627     7.34979000e-03
22.735203     7.29884000e-03
22.742781     7.29602000e-03
22.750362     7.39506000e-03
22.757946     7.34678000e-03
22.765532     7.35358000e-03
22.773120     7.33643000e-03
22.780711     7.31426000e-03
22.788305     7.28348000e-03
22.795901     7.28398000e-03
22.803499     7.37284000e-03
22.811101     7.28375000e-03
22.818704     7.30690000e-03
22.826311     7.28087000e-03
22.833919     7.39808000e-03
22.841531     7.33989000e-03
22.849145     7.30705000e-03
22.856761     7.26365000e-03
22.864380     7.31896000e-03
22.872001     7.31606000e-03
22.879625     7.40829000e-03
22.887252     7.28295000e-03
22.894881     7.65871000e-03
22.902513     7.34939000e-03
22.910147     7.85297000e-03
22.917783     7.87651000e-03
22.925423     7.33411000e-03
22.933064     7.32877000e-03
22.940709     7.28918000e-03
22.948356     7.39830000e-03
22.956005     7.38841000e-03
22.963657     7.31044000e-03
22.971312     7.31761000e-03
22.978969     7.29129000e-03
22.986628     7.31433000e-03
22.994291     7.50532000e-03
23.001955     7.44545000e-03
23.009623     7.31782000e-03
23.017293     7.31267000e-03
23.024965     7.30849000e-03
23.032640     7.27611000e-03
23.040318     7.34122000e-03
23.047998     7.28733000e-03
23.055680     7.36467000e-03
23.063366     7.36262000e-03
23.071053     7.92106000e-03
23.078744     7.95373000e-03
23.086437     7.29407000e-03
23.094132     7.40585000e-03
23.101830     7.29691000e-03
23.109531     7.43112000e-03
23.117234     7.29316000e-03
23.124940     7.72906000e-03
23.132648     7.32592000e-03
23.140359     7.39055000e-03
23.148072     7.33702000e-03
23.155788     7.28461000e-03
23.163507     7.32933000e-03
23.171228     7.34925000e-03
23.178952     7.30441000e-03
23.186678     7.46664000e-03
23.194407     7.30344000e-03
23.202139     7.30261000e-03
23.209873     7.80949000e-03
23.217609     7.31983000e-03
23.225348     7.39748000e-03
23.233090     7.31339000e-03
23.240835     7.35813000e-03
23.248582     7.72112000e-03
23.256331     7.46747000e-03
23.264083     7.50706000e-03
23.271838     7.33147000e-03
23.279595     7.31428000e-03
23.287355     7.66638000e-03
23.295117     7.31912000e-03
23.302882     7.34924000e-03
23.310650     7.30056000e-03
23.318420     7.29489000e-03
23.326193     7.34403000e-03
23.333969     7.51829000e-03
23.341746     7.40317000e-03
23.349527     7.37617000e-03
23.357310     7.32631000e-03
23.365096     7.88909000e-03
23.372884     7.65708000e-03
23.380675     7.31155000e-03
23.388469     7.29978000e-03
23.396265     7.38597000e-03
23.404064     7.38747000e-03
23.411865     7.28537000e-03
23.419669     7.36342000e-03
23.427476     7.30337000e-03
23.435285     7.38538000e-03
23.443097     7.33970000e-03
23.450911     7.40068000e-03
23.458728     7.32760000e-03
23.466548     7.36850000e-03
23.474370     7.35519000e-03
23.482194     7.31615000e-03
23.490022     7.66150000e-03
23.497852     7.30253000e-03
23.505685     7.60579000e-03
23.513520     7.31240000e-03
23.521358     7.44738000e-03
23.529198     7.30749000e-03
23.537041     7.31037000e-03
23.544887     7.31510000e-03
23.552735     7.37811000e-03
23.560586     7.43974000e-03
23.568440     7.32269000e-03
23.576296     7.34335000e-03
23.584155     7.34743000e-03
23.592016     7.39874000e-03
23.599880     7.29008000e-03
23.607747     7.48543000e-03
23.615616     7.30888000e-03
23.623488     7.31750000e-03
23.631362     7.34122000e-03
23.639239     7.38277000e-03
23.647119     7.36180000e-03
23.655001     7.45969000e-03
23.662886     7.37003000e-03
23.670774     7.31249000e-03
23.678664     7.37974000e-03
23.686557     7.41251000e-03
23.694453     7.31380000e-03
23.702351     7.32375000e-03
23.710252     7.47761000e-03
23.718155     7.32416000e-03
23.726061     7.38266000e-03
23.733970     7.35247000e-03
23.741881     7.31838000e-03
23.749795     8.21005000e-03
23.757712     7.60906000e-03
23.765631     7.31107000e-03
23.773553     7.34812000e-03
23.781477     7.59846000e-03
23.789404     7.36858000e-03
23.797334     7.36072000e-03
23.805267     7.36238000e-03
23.813202     7.39433000e-03
23.821140     7.37000000e-03
23.829080     7.31861000e-03
23.837023     7.37544000e-03
23.844969     7.33779000e-03
23.852917     7.69259000e-03
23.860868     7.40573000e-03
23.868821     8.21766000e-03
23.876778     7.32210000e-03
23.884737     7.30994000e-03
23.892698     7.35610000e-03
23.900662     8.00709000e-03
23.908629     7.57970000e-03
23.916599     7.53583000e-03
23.924571     7.33028000e-03
23.932546     7.34047000e-03
23.940524     7.31756000e-03
23.948504     7.31869000e-03
23.956487     7.34034000e-03
23.964472     7.42389000e-03
23.972460     7.33748000e-03
23.980451     7.43900000e-03
23.988444     7.50870000e-03
23.996441     7.32576000e-03
24.004439     7.34743000e-03
24.012441     7.31141000e-03
24.020445     7.65397000e-03
24.028452     7.40492000e-03
24.036461     7.59116000e-03
24.044473     7.34882000e-03
24.052488     7.39193000e-03
24.060506     7.32829000e-03
24.068526     7.39369000e-03
24.076549     7.34867000e-03
24.084574     7.87706000e-03
24.092603     7.32674000e-03
24.100633     7.31821000e-03
24.108667     7.33947000e-03
24.116703     7.40025000e-03
24.124742     7.37336000e-03
24.132784     7.35559000e-03
24.140828     7.32080000e-03
24.148875     7.33432000e-03
24.156924     7.55064000e-03
24.164977     7.38067000e-03
24.173032     7.36087000e-03
24.181089     7.37103000e-03
24.189150     7.35208000e-03
24.197213     7.35533000e-03
24.205279     7.33461000e-03
24.213347     7.33985000e-03
24.221418     7.40569000e-03
24.229492     7.38575000e-03
24.237568     7.37583000e-03
24.245648     7.34319000e-03
24.253729     7.66288000e-03
24.261814     7.39751000e-03
24.269901     7.49331000e-03
24.277991     7.37835000e-03
24.286084     7.37261000e-03
24.294179     7.35080000e-03
24.302277     7.35674000e-03
24.310378     7.38015000e-03
24.318482     7.33988000e-03
24.326588     7.65354000e-03
24.334697     7.36973000e-03
24.342808     7.50118000e-03
24.350922     7.40259000e-03
24.359040     7.39172000e-03
24.367159     7.35217000e-03
24.375281     7.36983000e-03
24.383407     7.35718000e-03
24.391534     7.32125000e-03
24.399665     7.46347000e-03
24.407798     7.33359000e-03
24.415934     7.38490000e-03
24.424073     7.33655000e-03
24.432214     7.51585000e-03
24.440358     7.32961000e-03
24.448505     7.34978000e-03
24.456654     7.35371000e-03
24.464807     7.71482000e-03
24.472962     7.55223000e-03
24.481119     7.32606000e-03
24.489280     8.00943000e-03
24.497443     7.35217000e-03
24.505609     7.35477000e-03
24.513777     7.34130000e-03
24.521948     7.66241000e-03
24.530122     7.34717000e-03
24.538299     7.81979000e-03
24.546478     7.36151000e-03
24.554661     7.38117000e-03
24.562846     7.37709000e-03
24.571033     7.33983000e-03
24.579224     7.35309000e-03
24.587416     7.34301000e-03
24.595612     7.34472000e-03
24.603811     7.36889000e-03
24.612012     7.37019000e-03
24.620216     8.00891000e-03
24.628423     7.37053000e-03
24.636632     7.38209000e-03
24.644845     7.88581000e-03
24.653060     7.35137000e-03
24.661277     7.38608000e-03
24.669498     7.35319000e-03
24.677721     7.35082000e-03
24.685947     7.65941000e-03
24.694175     7.34949000e-03
24.702407     7.52216000e-03
24.710641     7.37756000e-03
24.718878     7.46790000e-03
24.727117     7.35448000e-03
24.735360     7.38894000e-03
24.743605     7.34671000e-03
24.751853     7.34610000e-03
24.760103     7.75440000e-03
24.768357     8.05285000e-03
24.776613     7.41397000e-03
24.784872     7.35698000e-03
24.793133     7.41787000e-03
24.801398     7.36177000e-03
24.809665     7.36350000e-03
24.817935     7.77496000e-03
24.826207     7.36344000e-03
24.834483     7.39209000e-03
24.842761     7.63956000e-03
24.851042     7.35014000e-03
24.859326     7.51585000e-03
24.867612     7.36758000e-03
24.875901     7.38169000e-03
24.884193     7.41515000e-03
24.892488     7.73155000e-03
24.900785     7.36957000e-03
24.909086     7.35332000e-03
24.917389     7.36651000e-03
24.925694     7.40379000e-03
24.934003     7.36395000e-03
24.942314     7.35628000e-03
24.950629     7.37986000e-03
24.958945     7.36333000e-03
24.967265     7.36206000e-03
24.975587     7.37738000e-03
24.983913     7.40539000e-03
24.992241     7.61588000e-03
25.000571     7.39788000e-03
25.008905     7.40370000e-03
25.017241     7.34859000e-03
25.025580     7.45487000e-03
25.033922     7.35586000e-03
25.042267     7.40646000e-03
25.050614     7.38189000e-03
25.058964     7.43064000e-03
25.067317     7.37608000e-03
25.075673     7.38233000e-03
25.084032     7.35604000e-03
25.092393     7.43331000e-03
25.100757     7.40229000e-03
25.109124     7.46833000e-03
25.117494     7.42432000e-03
25.125866     7.42821000e-03
25.134242     7.43524000e-03
25.142620     7.35704000e-03
25.151000     7.41263000e-03
25.159384     7.36346000e-03
25.167771     7.71490000e-03
25.176160     7.46263000e-03
25.184552     7.49229000e-03
25.192947     7.35970000e-03
25.201345     7.37559000e-03
25.209745     7.42137000e-03
25.218148     7.40755000e-03
25.226554     7.36206000e-03
25.234963     7.46701000e-03
25.243375     7.36697000e-03
25.251789     7.82575000e-03
25.260206     7.42248000e-03
25.268626     7.49164000e-03
25.277049     7.42144000e-03
25.285475     7.62705000e-03
25.293904     7.56237000e-03
25.302335     7.40999000e-03
25.310769     7.43976000e-03
25.319206     7.37869000e-03
25.327646     7.70361000e-03
25.336088     7.36942000e-03
25.344534     7.61376000e-03
25.352982     7.43215000e-03
25.361433     7.36160000e-03
25.369886     7.37169000e-03
25.378343     7.38301000e-03
25.386803     7.49766000e-03
25.395265     7.36554000e-03
25.403730     7.37111000e-03
25.412198     7.43310000e-03
25.420669     7.41351000e-03
25.429142     7.37397000e-03
25.437619     7.41712000e-03
25.446098     7.37931000e-03
25.454580     7.41472000e-03
25.463065     7.37893000e-03
25.471552     7.52089000e-03
25.480043     7.37067000e-03
25.488536     7.40674000e-03
25.497032     7.37540000e-03
25.505531     7.37583000e-03
25.514033     7.46725000e-03
25.522538     7.44685000e-03
25.531045     7.39796000e-03
25.539556     7.43632000e-03
25.548069     7.35892000e-03
25.556585     7.55156000e-03
25.565104     7.37811000e-03
25.573626     7.43883000e-03
25.582150     7.35653000e-03
25.590678     7.77842000e-03
25.599208     7.79134000e-03
25.607741     7.56189000e-03
25.616277     7.37535000e-03
25.624815     7.41387000e-03
25.633357     7.40310000e-03
25.641901     7.50536000e-03
25.650449     7.40136000e-03
25.658999     7.40626000e-03
25.667552     7.39973000e-03
25.676108     7.57824000e-03
25.684666     7.52928000e-03
25.693228     7.43319000e-03
25.701792     7.75986000e-03
25.710360     7.42180000e-03
25.718930     7.37157000e-03
25.727503     7.36777000e-03
25.736079     7.38618000e-03
25.744657     7.40646000e-03
25.753239     7.83441000e-03
25.761823     7.41001000e-03
25.770411     7.37953000e-03
25.779001     7.39890000e-03
25.787594     7.46617000e-03
25.796190     7.41177000e-03
25.804788     7.40578000e-03
25.813390     7.49671000e-03
25.821994     7.43586000e-03
25.830602     7.40154000e-03
25.839212     7.39974000e-03
25.847825     7.38417000e-03
25.856441     7.42514000e-03
25.865060     7.38843000e-03
25.873681     7.37634000e-03
25.882306     7.40281000e-03
25.890933     7.41793000e-03
25.899564     7.42406000e-03
25.908197     7.73013000e-03
25.916833     7.63462000e-03
25.925472     7.55010000e-03
25.934114     7.38391000e-03
25.942759     7.38757000e-03
25.951406     7.44587000e-03
25.960057     7.39774000e-03
25.968710     7.97380000e-03
25.977366     7.67763000e-03
25.986025     7.38131000e-03
25.994687     7.39259000e-03
26.003352     7.39979000e-03
26.012020     7.40116000e-03
26.020691     7.37348000e-03
26.029364     7.44806000e-03
26.038041     7.44092000e-03
26.046720     7.41666000e-03
26.055402     7.39333000e-03
26.064087     7.38848000e-03
26.072775     7.40587000e-03
26.081466     7.40485000e-03
26.090160     7.40452000e-03
26.098857     7.46034000e-03
26.107556     7.38560000e-03
26.116259     7.39522000e-03
26.124964     7.42849000e-03
26.133673     7.50057000e-03
26.142384     7.39713000e-03
26.151098     7.60612000e-03
26.159815     7.44374000e-03
26.168535     7.52027000e-03
26.177258     7.39985000e-03
26.185984     7.39126000e-03
26.194712     7.77933000e-03
26.203444     7.39124000e-03
26.212178     7.43091000e-03
26.220916     7.45306000e-03
26.229656     7.89687000e-03
26.238399     7.40026000e-03
26.247145     7.39196000e-03
26.255894     7.42275000e-03
26.264646     7.52977000e-03
26.273401     7.42063000e-03
26.282159     7.73282000e-03
26.290920     7.41318000e-03
26.299683     7.45325000e-03
26.308450     7.39855000e-03
26.317220     7.46894000e-03
26.325992     7.94936000e-03
26.334767     7.49704000e-03
26.343546     7.44954000e-03
26.352327     7.44930000e-03
26.361111     7.41197000e-03
26.369898     7.41055000e-03
26.378688     7.54279000e-03
26.387481     7.44402000e-03
26.396276     7.43783000e-03
26.405075     7.43987000e-03
26.413877     7.39738000e-03
26.422682     7.44212000e-03
26.431489     7.67764000e-03
26.440300     7.41435000e-03
26.449113     7.44332000e-03
26.457929     7.39986000e-03
26.466749     7.45914000e-03
26.475571     7.47289000e-03
26.484396     7.43364000e-03
26.493224     7.42914000e-03
26.502055     7.41889000e-03
26.510889     7.39653000e-03
26.519726     7.40087000e-03
26.528566     7.63017000e-03
26.537409     7.45448000e-03
26.546255     7.80603000e-03
26.555104     7.41708000e-03
26.563955     7.40699000e-03
26.572810     7.40345000e-03
26.581668     7.43250000e-03
26.590528     7.40827000e-03
26.599392     8.31659000e-03
26.608258     7.47258000e-03
26.617128     7.43484000e-03
26.626000     7.40936000e-03
26.634875     7.41847000e-03
26.643754     7.40429000e-03
26.652635     7.61234000e-03
26.661519     7.74833000e-03
26.670406     7.45341000e-03
26.679296     7.40983000e-03
26.688190     7.41102000e-03
26.697086     7.40730000e-03
26.705985     7.60295000e-03
26.714887     7.41314000e-03
26.723792     7.42756000e-03
26.732699     7.45352000e-03
26.741610     7.47699000e-03
26.750524     7.49069000e-03
26.759441     7.40993000e-03
26.768361     7.55369000e-03
26.777284     7.71799000e-03
26.786209     7.41580000e-03
26.795138     7.42417000e-03
26.804070     7.44639000e-03
26.813005     7.43823000e-03
26.821942     7.43087000e-03
26.830883     7.44400000e-03
26.839827     7.49720000e-03
26.848773     7.42146000e-03
26.857723     7.43082000e-03
26.866675     7.42684000e-03
26.875631     7.45677000e-03
26.884589     7.42573000e-03
26.893551     7.49748000e-03
26.902515     7.42414000e-03
26.911483     7.44431000e-03
26.920453     7.43069000e-03
26.929427     7.42365000e-03
26.938403     7.48656000e-03
26.947383     7.50803000e-03
26.956365     7.50652000e-03
26.965351     7.49048000e-03
26.974339     7.57670000e-03
26.983331     7.42519000e-03
26.992325     7.43153000e-03
27.001323     7.48686000e-03
27.010323     7.42585000e-03
27.019326     7.43091000e-03
27.028333     7.45192000e-03
27.037342     7.57055000e-03
27.046355     7.45370000e-03
27.055370     7.41024000e-03
27.064389     7.44849000e-03
27.073410     7.41821000e-03
27.082435     7.44362000e-03
27.091462     7.41577000e-03
27.100493     7.46726000e-03
27.109526     7.45794000e-03
27.118563     7.45595000e-03
27.127602     7.45683000e-03
27.136645     7.43749000e-03
27.145690     7.50513000e-03
27.154739     7.53866000e-03
27.163790     7.54629000e-03
27.172845     7.42984000e-03
27.181902     7.76470000e-03
27.190963     7.42216000e-03
27.200027     7.49198000e-03
27.209094     7.43123000e-03
27.218163     7.44196000e-03
27.227236     7.84883000e-03
27.236312     7.45377000e-03
27.245390     7.46721000e-03
27.254472     7.67560000e-03
27.263557     7.49066000e-03
27.272645     7.44337000e-03
27.281736     7.43048000e-03
27.290830     7.67381000e-03
27.299927     7.44030000e-03
27.309027     7.43885000e-03
27.318130     7.46959000e-03
27.327236     7.45930000e-03
27.336345     7.55877000e-03
27.345457     7.43364000e-03
27.354572     7.47222000e-03
27.363690     7.44646000e-03
27.372811     7.44968000e-03
27.381936     7.48031000e-03
27.391063     7.49466000e-03
27.400193     7.44846000e-03
27.409327     7.48857000e-03
27.418463     7.45691000e-03
27.427603     7.49327000e-03
27.436745     7.46985000e-03
27.445891     7.48114000e-03
27.455040     7.42443000e-03
27.464191     7.68412000e-03
27.473346     7.45713000e-03
27.482504     7.49819000e-03
27.491664     7.43696000e-03
27.500828     7.47674000e-03
27.509995     7.96631000e-03
27.519165     7.44076000e-03
27.528338     7.49351000e-03
27.537515     7.85823000e-03
27.546694     7.45973000e-03
27.555876     7.64370000e-03
27.565061     7.44565000e-03
27.574250     7.56432000e-03
27.583441     7.44590000e-03
27.592635     7.43828000e-03
27.601833     7.52147000e-03
27.611034     7.50360000e-03
27.620237     7.61201000e-03
27.629444     7.48111000e-03
27.638654     7.43142000e-03
27.647867     7.48235000e-03
27.657083     7.44733000e-03
27.666302     7.69806000e-03
27.675524     7.64210000e-03
27.684749     7.83694000e-03
27.693977     7.68145000e-03
27.703208     7.80731000e-03
27.712443     7.44150000e-03
27.721680     7.69947000e-03
27.730921     7.88930000e-03
27.740165     7.64654000e-03
27.749411     7.75469000e-03
27.758661     7.63759000e-03
27.767914     7.46630000e-03
27.777170     7.46105000e-03
27.786429     7.45893000e-03
27.795691     7.97118000e-03
27.804956     7.45513000e-03
27.814225     7.58031000e-03
27.823496     7.44947000e-03
27.832771     7.51219000e-03
27.842048     7.45170000e-03
27.851329     7.45747000e-03
27.860613     7.79739000e-03
27.869900     7.48460000e-03
27.879189     7.45439000e-03
27.888483     7.71253000e-03
27.897779     7.44774000e-03
27.907078     7.51372000e-03
27.916380     7.45416000e-03
27.925686     7.50346000e-03
27.934994     7.47714000e-03
27.944306     7.45417000e-03
27.953621     7.45431000e-03
27.962939     7.55560000e-03
27.972260     7.46679000e-03
27.981584     7.51116000e-03
27.990911     7.44582000e-03
28.000241     7.98144000e-03
28.009575     7.50927000e-03
28.018911     7.45560000e-03
28.028251     7.53291000e-03
28.037594     7.50305000e-03
28.046940     7.81971000e-03
28.056289     7.46077000e-03
28.065641     8.43841000e-03
28.074996     7.48702000e-03
28.084354     7.46838000e-03
28.093715     7.53427000e-03
28.103080     7.49124000e-03
28.112448     7.44535000e-03
28.121819     7.55851000e-03
28.131193     7.50203000e-03
28.140570     7.47480000e-03
28.149950     7.45757000e-03
28.159333     7.45922000e-03
28.168720     7.53268000e-03
28.178109     7.46835000e-03
28.187502     7.73579000e-03
28.196898     7.48947000e-03
28.206297     7.61459000e-03
28.215699     7.49054000e-03
28.225104     7.48351000e-03
28.234512     7.46538000e-03
28.243924     7.48529000e-03
28.253339     7.50719000e-03
28.262756     7.53933000e-03
28.272177     7.48682000e-03
28.281601     7.49516000e-03
28.291028     7.66043000e-03
28.300459     7.55129000e-03
28.309892     7.48549000e-03
28.319329     8.01344000e-03
28.328769     7.57317000e-03
28.338212     7.48002000e-03
28.347658     7.47113000e-03
28.357107     7.47182000e-03
28.366559     7.45373000e-03
28.376015     7.49665000e-03
28.385473     7.48712000e-03
28.394935     7.68879000e-03
28.404400     7.45920000e-03
28.413868     7.49412000e-03
28.423340     7.55561000e-03
28.432814     7.46650000e-03
28.442292     7.53768000e-03
28.451773     7.49031000e-03
28.461256     7.47596000e-03
28.470744     7.47430000e-03
28.480234     7.52352000e-03
28.489727     7.52224000e-03
28.499224     7.51858000e-03
28.508723     7.47095000e-03
28.518226     7.46725000e-03
28.527732     7.50420000e-03
28.537242     7.48046000e-03
28.546754     7.48672000e-03
28.556270     7.93247000e-03
28.565789     7.50898000e-03
28.575310     7.48701000e-03
28.584836     7.88408000e-03
28.594364     7.62994000e-03
28.603895     7.49377000e-03
28.613430     7.48347000e-03
28.622968     7.53101000e-03
28.632509     7.55673000e-03
28.642053     7.46955000e-03
28.651600     7.48742000e-03
28.661151     7.49640000e-03
28.670704     7.46269000e-03
28.680261     7.48682000e-03
28.689821     7.60052000e-03
28.699385     7.49016000e-03
28.708951     7.47109000e-03
28.718521     7.47891000e-03
28.728094     7.47923000e-03
28.737670     7.46981000e-03
28.747249     7.46616000e-03
28.756831     7.47998000e-03
28.766417     7.48008000e-03
28.776006     7.46963000e-03
28.785598     7.52126000e-03
28.795193     7.55261000e-03
28.804791     7.47621000e-03
28.814393     7.49931000e-03
28.823998     7.51355000e-03
28.833606     7.51209000e-03
28.843217     7.53609000e-03
28.852831     7.50137000e-03
28.862449     7.54294000e-03
28.872070     7.51472000e-03
28.881694     7.53516000e-03
28.891321     7.48091000e-03
28.900952     7.51031000e-03
28.910585     7.50544000e-03
28.920222     7.49150000e-03
28.929862     7.48886000e-03
28.939505     7.62961000e-03
28.949152     7.48531000e-03
28.958802     8.07964000e-03
28.968454     7.52744000e-03
28.978111     7.48751000e-03
28.987770     7.52324000e-03
28.997433     7.49807000e-03
29.007098     7.74831000e-03
29.016768     7.52157000e-03
29.026440     7.50290000e-03
29.036115     7.48853000e-03
29.045794     7.50790000e-03
29.055476     7.57981000e-03
29.065161     7.48274000e-03
29.074849     7.54404000e-03
29.084541     7.51828000e-03
29.094236     7.63349000e-03
29.103934     7.70319000e-03
29.113635     7.48332000e-03
29.123340     7.72214000e-03
29.133048     7.53624000e-03
29.142759     7.52294000e-03
29.152473     7.48780000e-03
29.162190     7.49587000e-03
29.171911     7.63538000e-03
29.181635     7.49754000e-03
29.191362     7.66286000e-03
29.201093     7.48195000e-03
29.210826     7.52373000e-03
29.220563     7.75645000e-03
29.230304     7.49687000e-03
29.240047     7.49867000e-03
29.249794     7.50080000e-03
29.259544     7.53651000e-03
29.269297     7.49612000e-03
29.279053     7.51475000e-03
29.288813     7.58500000e-03
29.298576     7.55314000e-03
29.308342     7.50646000e-03
29.318111     7.48261000e-03
29.327884     7.53499000e-03
29.337660     7.52770000e-03
29.347439     7.67197000e-03
29.357222     7.62753000e-03
29.367007     7.48970000e-03
29.376797     7.56461000e-03
29.386589     7.51206000e-03
29.396384     7.54739000e-03
29.406183     7.50184000e-03
29.415985     7.52838000e-03
29.425791     7.55849000e-03
29.435599     7.58996000e-03
29.445411     7.51366000e-03
29.455226     7.66895000e-03
29.465045     7.57240000e-03
29.474866     7.50332000e-03
29.484691     7.52449000e-03
29.494519     7.54030000e-03
29.504351     7.61060000e-03
29.514186     7.49165000e-03
29.524024     7.57095000e-03
29.533865     7.62478000e-03
29.543710     7.73826000e-03
29.553558     7.55132000e-03
29.563409     7.52412000e-03
29.573263     7.50565000e-03
29.583121     7.53350000e-03
29.592982     7.53391000e-03
29.602846     7.57674000e-03
29.612714     7.51059000e-03
29.622585     7.52349000e-03
29.632459     7.73041000e-03
29.642337     7.52409000e-03
29.652217     7.53885000e-03
29.662101     7.62065000e-03
29.671989     7.54749000e-03
29.681880     7.50466000e-03
29.691773     7.52163000e-03
29.701671     7.52493000e-03
29.711571     7.52643000e-03
29.721475     7.52232000e-03
29.731382     7.52988000e-03
29.741293     7.53957000e-03
29.751206     7.72618000e-03
29.761124     7.53704000e-03
29.771044     7.52424000e-03
29.780968     7.50783000e-03
29.790895     7.77786000e-03
29.800825     7.52989000e-03
29.810758     7.53986000e-03
29.820695     7.54010000e-03
29.830636     7.58699000e-03
29.840579     7.60901000e-03
29.850526     7.51316000e-03
29.860476     7.51162000e-03
29.870430     7.52561000e-03
29.880387     7.74600000e-03
29.890347     7.67633000e-03
29.900310     7.53953000e-03
29.910277     7.52636000e-03
29.920247     7.51164000e-03
29.930220     7.51662000e-03
29.940197     7.55053000e-03
29.950177     7.50954000e-03
29.960161     7.87696000e-03
29.970147     7.60250000e-03
29.980137     7.69357000e-03
29.990131     7.51444000e-03
30.000128     7.50845000e-03
30.010127     7.54072000e-03
30.020131     7.55585000e-03
30.030138     7.51603000e-03
30.040148     7.51981000e-03
30.050161     7.51753000e-03
30.060178     7.51987000e-03
30.070198     7.58015000e-03
30.080221     8.25681000e-03
30.090248     7.52257000e-03
30.100278     7.51955000e-03
30.110311     7.68056000e-03
30.120348     7.58295000e-03
30.130388     7.53057000e-03
30.140432     7.54865000e-03
30.150479     7.60292000e-03
30.160529     7.50538000e-03
30.170582     7.52819000e-03
30.180639     7.51870000e-03
30.190699     7.56433000e-03
30.200763     7.53350000e-03
30.210830     7.54314000e-03
30.220900     7.53202000e-03
30.230974     7.54486000e-03
30.241051     7.57730000e-03
30.251131     7.89443000e-03
30.261215     7.58390000e-03
30.271302     7.59763000e-03
30.281392     7.53479000e-03
30.291486     7.56104000e-03
30.301583     7.53330000e-03
30.311684     7.67932000e-03
30.321788     7.59296000e-03
30.331895     7.53306000e-03
30.342006     7.55222000e-03
30.352120     7.65174000e-03
30.362237     7.53513000e-03
30.372358     7.55429000e-03
30.382482     7.66901000e-03
30.392609     7.53425000e-03
30.402740     7.53707000e-03
30.412874     7.53125000e-03
30.423012     7.53727000e-03
30.433153     7.64612000e-03
30.443297     7.51848000e-03
30.453445     7.55607000e-03
30.463596     7.52418000e-03
30.473751     7.52893000e-03
30.483909     7.54931000e-03
30.494070     7.55240000e-03
30.504235     8.37360000e-03
30.514403     7.81750000e-03
30.524574     7.83558000e-03
30.534749     7.53394000e-03
30.544927     7.57612000e-03
30.555109     7.59969000e-03
30.565294     7.73018000e-03
30.575483     7.55974000e-03
30.585674     7.56113000e-03
30.595870     7.52847000e-03
30.606068     7.53578000e-03
30.616270     7.56949000e-03
30.626476     7.59406000e-03
30.636685     7.55663000e-03
30.646897     7.55534000e-03
30.657112     7.54617000e-03
30.667331     7.53085000e-03
30.677554     7.53846000e-03
30.687780     7.54217000e-03
30.698009     7.53430000e-03
30.708242     7.53946000e-03
30.718478     7.55199000e-03
30.728717     7.55563000e-03
30.738960     7.57399000e-03
30.749206     7.62559000e-03
30.759456     7.70047000e-03
30.769709     7.54211000e-03
30.779966     7.53342000e-03
30.790226     7.54338000e-03
30.800489     7.55284000e-03
30.810756     7.60046000e-03
30.821026     7.58179000e-03
30.831300     7.54649000e-03
30.841577     7.56104000e-03
30.851858     7.64814000e-03
30.862142     7.53726000e-03
30.872429     7.60829000e-03
30.882720     7.55435000e-03
30.893014     7.56519000e-03
30.903312     7.54463000e-03
30.913613     7.55877000e-03
30.923917     7.58563000e-03
30.934225     7.98916000e-03
30.944537     7.55026000e-03
30.954852     7.54298000e-03
30.965170     7.54752000e-03
30.975492     7.61799000e-03
30.985817     7.56087000e-03
30.996145     7.55622000e-03
31.006477     7.58299000e-03
31.016813     7.55234000e-03
31.027152     7.56162000e-03
31.037494     7.59189000e-03
31.047840     7.59034000e-03
31.058189     7.58367000e-03
31.068542     7.56452000e-03
31.078898     7.59676000e-03
31.089258     7.74458000e-03
31.099621     7.55986000e-03
31.109987     7.55619000e-03
31.120358     7.55291000e-03
31.130731     7.55335000e-03
31.141108     7.77147000e-03
31.151488     7.57001000e-03
31.161872     7.68953000e-03
31.172259     7.76019000e-03
31.182650     7.71277000e-03
31.193044     7.82233000e-03
31.203442     7.59029000e-03
31.213843     7.73852000e-03
31.224248     7.56732000e-03
31.234656     7.59392000e-03
31.245067     7.65493000e-03
31.255482     7.55031000e-03
31.265901     7.56186000e-03
31.276323     7.60277000e-03
31.286748     7.56375000e-03
31.297177     7.55054000e-03
31.307610     7.56388000e-03
31.318046     7.62261000e-03
31.328485     7.55788000e-03
31.338928     7.55757000e-03
31.349374     7.62000000e-03
31.359824     7.55947000e-03
31.370277     7.60161000e-03
31.380734     7.99894000e-03
31.391194     7.66429000e-03
31.401658     7.56819000e-03
31.412125     7.58795000e-03
31.422596     7.57982000e-03
31.433070     7.60762000e-03
31.443548     7.84935000e-03
31.454029     7.56497000e-03
31.464513     7.56738000e-03
31.475002     7.70043000e-03
31.485493     7.62681000e-03
31.495988     8.06533000e-03
31.506487     7.55881000e-03
31.516989     7.56026000e-03
31.527495     7.59928000e-03
31.538004     7.58805000e-03
31.548517     7.56761000e-03
31.559033     7.60686000e-03
31.569553     7.56997000e-03
31.580076     7.96128000e-03
31.590602     7.57579000e-03
31.601133     7.56929000e-03
31.611666     7.56821000e-03
31.622204     7.56490000e-03
31.632744     7.56847000e-03
31.643289     7.78449000e-03
31.653836     7.56356000e-03
31.664388     7.69511000e-03
31.674943     7.58453000e-03
31.685501     7.63331000e-03
31.696063     7.58262000e-03
31.706628     7.90075000e-03
31.717197     7.59996000e-03
31.727769     7.66881000e-03
31.738345     8.15480000e-03
31.748925     7.86621000e-03
31.759508     7.61456000e-03
31.770094     7.61005000e-03
31.780684     7.59090000e-03
31.791278     7.60293000e-03
31.801875     7.57660000e-03
31.812475     7.65529000e-03
31.823080     7.67915000e-03
31.833687     7.57210000e-03
31.844299     7.57670000e-03
31.854913     7.57171000e-03
31.865532     7.58992000e-03
31.876153     7.69826000e-03
31.886779     7.75989000e-03
31.897408     7.57025000e-03
31.908040     7.74339000e-03
31.918676     7.75252000e-03
31.929316     7.68711000e-03
31.939959     7.61512000e-03
31.950606     8.00137000e-03
31.961256     7.57218000e-03
31.971909     7.56401000e-03
31.982567     7.59068000e-03
31.993228     7.57981000e-03
32.003892     7.58349000e-03
32.014560     7.58107000e-03
32.025231     7.79635000e-03
32.035907     7.63044000e-03
32.046585     7.98478000e-03
32.057267     7.68415000e-03
32.067953     7.59179000e-03
32.078643     8.07945000e-03
32.089335     7.60069000e-03
32.100032     7.78848000e-03
32.110732     7.70293000e-03
32.121435     7.83637000e-03
32.132143     7.58376000e-03
32.142853     8.00266000e-03
32.153568     7.58852000e-03
32.164285     7.67151000e-03
32.175007     7.68311000e-03
32.185732     7.61514000e-03
32.196460     7.91083000e-03
32.207193     7.68989000e-03
32.217928     7.63139000e-03
32.228668     7.58547000e-03
32.239410     7.98094000e-03
32.250157     7.58683000e-03
32.260907     7.84259000e-03
32.271661     8.06555000e-03
32.282418     7.58410000e-03
32.293179     7.57882000e-03
32.303943     7.77122000e-03
32.314711     7.71127000e-03
32.325483     7.68647000e-03
32.336258     7.88009000e-03
32.347037     7.59355000e-03
32.357819     7.60356000e-03
32.368605     7.59166000e-03
32.379394     7.59128000e-03
32.390188     8.08362000e-03
32.400984     7.79487000e-03
32.411785     8.14078000e-03
32.422589     7.87559000e-03
32.433396     7.58822000e-03
32.444207     7.59614000e-03
32.455022     7.60175000e-03
32.465840     7.59595000e-03
32.476662     7.95637000e-03
32.487488     7.63769000e-03
32.498317     7.62467000e-03
32.509150     7.61586000e-03
32.519986     7.62656000e-03
32.530826     7.59704000e-03
32.541670     7.61518000e-03
32.552517     8.01984000e-03
32.563368     7.59931000e-03
32.574222     7.60410000e-03
32.585080     7.62827000e-03
32.595942     7.63749000e-03
32.606807     7.59125000e-03
32.617676     7.59807000e-03
32.628549     7.60931000e-03
32.639425     7.60367000e-03
32.650305     7.79336000e-03
32.661188     7.64682000e-03
32.672075     7.61148000e-03
32.682966     7.60697000e-03
32.693860     7.71989000e-03
32.704758     7.62947000e-03
32.715660     7.62126000e-03
32.726565     7.60247000e-03
32.737474     7.60411000e-03
32.748386     7.75077000e-03
32.759302     7.65363000e-03
32.770222     7.75324000e-03
32.781146     7.63088000e-03
32.792073     7.71081000e-03
32.803003     7.60280000e-03
32.813938     7.60650000e-03
32.824876     7.85688000e-03
32.835817     7.60487000e-03
32.846763     7.65684000e-03
32.857712     7.60915000e-03
32.868664     7.60099000e-03
32.879620     7.59886000e-03
32.890580     7.72967000e-03
32.901544     7.61119000e-03
32.912511     7.62139000e-03
32.923482     7.99659000e-03
32.934456     7.61982000e-03
32.945434     7.61664000e-03
32.956416     7.59870000e-03
32.967402     7.61622000e-03
32.978391     7.60108000e-03
32.989384     7.59837000e-03
33.000380     7.59738000e-03
33.011380     7.67921000e-03
33.022384     8.20769000e-03
33.033391     7.88126000e-03
33.044403     7.64859000e-03
33.055417     7.62355000e-03
33.066436     7.61668000e-03
33.077458     7.95220000e-03
33.088484     7.73978000e-03
33.099513     7.60665000e-03
33.110546     7.62043000e-03
33.121583     7.61963000e-03
33.132624     8.09369000e-03
33.143668     7.81340000e-03
33.154716     7.66613000e-03
33.165768     7.62053000e-03
33.176823     7.76198000e-03
33.187882     7.64072000e-03
33.198944     7.62078000e-03
33.210011     7.62755000e-03
33.221081     7.61948000e-03
33.232154     7.61982000e-03
33.243232     7.62903000e-03
33.254313     7.68719000e-03
33.265398     7.66236000e-03
33.276486     7.64077000e-03
33.287578     7.63499000e-03
33.298674     7.78893000e-03
33.309774     7.61953000e-03
33.320877     7.61746000e-03
33.331984     7.79373000e-03
33.343094     7.67509000e-03
33.354209     7.61874000e-03
33.365327     7.61571000e-03
33.376449     7.62876000e-03
33.387574     7.63974000e-03
33.398703     7.62637000e-03
33.409836     7.68243000e-03
33.420973     7.62233000e-03
33.432113     7.64359000e-03
33.443257     8.15961000e-03
33.454405     7.95155000e-03
33.465556     7.62688000e-03
33.476712     7.62919000e-03
33.487871     7.64908000e-03
33.499033     7.64686000e-03
33.510199     7.98362000e-03
33.521370     7.63311000e-03
33.532543     7.80634000e-03
33.543721     7.65849000e-03
33.554902     7.62058000e-03
33.566087     7.61891000e-03
33.577276     7.62753000e-03
33.588468     7.72658000e-03
33.599664     7.62934000e-03
33.610864     8.03837000e-03
33.622068     7.68844000e-03
33.633275     7.79711000e-03
33.644486     7.63466000e-03
33.655701     7.64705000e-03
33.666920     7.63384000e-03
33.678142     7.67087000e-03
33.689368     8.33117000e-03
33.700598     7.66281000e-03
33.711831     7.65547000e-03
33.723069     7.66741000e-03
33.734310     7.62074000e-03
33.745554     7.63195000e-03
33.756803     7.76790000e-03
33.768055     7.64381000e-03
33.779311     7.63290000e-03
33.790571     7.64996000e-03
33.801835     7.77855000e-03
33.813102     7.63539000e-03
33.824373     7.65263000e-03
33.835648     7.77715000e-03
33.846926     7.66501000e-03
33.858209     7.63946000e-03
33.869495     7.63887000e-03
33.880784     7.80313000e-03
33.892078     7.68967000e-03
33.903375     7.65625000e-03
33.914676     7.68735000e-03
33.925981     7.63813000e-03
33.937290     7.65406000e-03
33.948602     7.64470000e-03
33.959919     7.64313000e-03
33.971239     7.64742000e-03
33.982562     7.72120000e-03
33.993890     7.91288000e-03
34.005221     7.64510000e-03
34.016556     7.64199000e-03
34.027895     7.68009000e-03
34.039238     7.79638000e-03
34.050584     7.82810000e-03
34.061934     7.65305000e-03
34.073288     7.63998000e-03
34.084646     7.64236000e-03
34.096008     7.65204000e-03
34.107373     7.65284000e-03
34.118742     7.63675000e-03
34.130115     7.66843000e-03
34.141492     7.77336000e-03
34.152872     7.74371000e-03
34.164257     7.65342000e-03
34.175645     7.63765000e-03
34.187036     7.65014000e-03
34.198432     7.64724000e-03
34.209832     7.65669000e-03
34.221235     7.84815000e-03
34.232642     7.70124000e-03
34.244053     7.72727000e-03
34.255468     7.64688000e-03
34.266886     7.82818000e-03
34.278308     7.69690000e-03
34.289735     7.66190000e-03
34.301164     7.68420000e-03
34.312598     8.00655000e-03
34.324036     7.65826000e-03
34.335477     7.65588000e-03
34.346922     7.67996000e-03
34.358371     7.64258000e-03
34.369824     7.65332000e-03
34.381281     7.64650000e-03
34.392741     7.63948000e-03
34.404205     7.67811000e-03
34.415673     7.81001000e-03
34.427145     7.65013000e-03
34.438621     7.69592000e-03
34.450100     7.64552000e-03
34.461584     7.66436000e-03
34.473071     7.65387000e-03
34.484562     7.64347000e-03
34.496057     7.67938000e-03
34.507556     8.03389000e-03
34.519058     7.67680000e-03
34.530564     7.65854000e-03
34.542075     7.65869000e-03
34.553589     7.65655000e-03
34.565106     7.66013000e-03
34.576628     7.65869000e-03
34.588154     7.69812000e-03
34.599683     7.65975000e-03
34.611216     7.66377000e-03
34.622753     7.64831000e-03
34.634294     7.67237000e-03
34.645839     7.66158000e-03
34.657388     7.68379000e-03
34.668940     7.65799000e-03
34.680496     7.72291000e-03
34.692057     7.65405000e-03
34.703621     7.65097000e-03
34.715189     7.66690000e-03
34.726760     8.02616000e-03
34.738336     7.65687000e-03
34.749915     7.66384000e-03
34.761499     7.65271000e-03
34.773086     8.02244000e-03
34.784677     7.66584000e-03
34.796272     7.67656000e-03
34.807870     7.66658000e-03
34.819473     7.77757000e-03
34.831080     7.67009000e-03
34.842690     7.66655000e-03
34.854304     7.67833000e-03
34.865922     7.86349000e-03
34.877544     7.67561000e-03
34.889170     7.82721000e-03
34.900800     7.66652000e-03
34.912433     7.67387000e-03
34.924071     7.88723000e-03
34.935712     7.66225000e-03
34.947358     7.67947000e-03
34.959007     7.67027000e-03
34.970660     7.68398000e-03
34.982317     7.70053000e-03
34.993977     7.65968000e-03
