# wavelength(um)    fp/fs
0.100007     4.43570000e-05
0.100040     4.31636000e-05
0.100074     4.43588000e-05
0.100107     4.44045000e-05
0.100140     4.43441000e-05
0.100174     4.42596000e-05
0.100207     3.99833000e-05
0.100241     4.42325000e-05
0.100274     4.41691000e-05
0.100307     4.38652000e-05
0.100341     4.37909000e-05
0.100374     4.42565000e-05
0.100408     4.44109000e-05
0.100441     4.43928000e-05
0.100475     4.42705000e-05
0.100508     4.40929000e-05
0.100542     4.42754000e-05
0.100575     4.39334000e-05
0.100609     4.38161000e-05
0.100642     3.79526000e-05
0.100676     4.39101000e-05
0.100709     4.32008000e-05
0.100743     4.40986000e-05
0.100777     4.42371000e-05
0.100810     4.36946000e-05
0.100844     1.79963000e-07
0.100877     4.37554000e-05
0.100911     4.43135000e-05
0.100945     4.43050000e-05
0.100978     4.43034000e-05
0.101012     4.43021000e-05
0.101046     4.28754000e-05
0.101079     4.42449000e-05
0.101113     4.43329000e-05
0.101147     4.43391000e-05
0.101180     4.43280000e-05
0.101214     4.42886000e-05
0.101248     4.30790000e-05
0.101282     4.41836000e-05
0.101315     4.41939000e-05
0.101349     4.38933000e-05
0.101383     3.84168000e-05
0.101417     4.37218000e-05
0.101451     4.40455000e-05
0.101484     4.37497000e-05
0.101518     4.41847000e-05
0.101552     4.41979000e-05
0.101586     4.41927000e-05
0.101620     4.41786000e-05
0.101654     4.41437000e-05
0.101688     4.33247000e-05
0.101721     4.40601000e-05
0.101755     4.38735000e-05
0.101789     4.17197000e-05
0.101823     3.21804000e-07
0.101857     4.36838000e-05
0.101891     4.37841000e-05
0.101925     4.37591000e-05
0.101959     3.93500000e-05
0.101993     4.32160000e-05
0.102027     4.35151000e-05
0.102061     4.33395000e-05
0.102095     4.31946000e-05
0.102129     4.29088000e-05
0.102163     4.24835000e-05
0.102197     4.17669000e-05
0.102231     4.03641000e-05
0.102265     3.66968000e-05
0.102299     8.21251000e-06
0.102333     3.48422000e-05
0.102368     3.97587000e-05
0.102402     4.10248000e-05
0.102436     4.09941000e-05
0.102470     4.27778000e-05
0.102504     4.29016000e-05
0.102538     4.32828000e-05
0.102573     4.10898000e-05
0.102607     4.30868000e-05
0.102641     4.34161000e-05
0.102675     4.29912000e-05
0.102709     4.30320000e-05
0.102744     3.54519000e-05
0.102778     4.32124000e-05
0.102812     4.36589000e-05
0.102846     4.34625000e-05
0.102881     4.24914000e-05
0.102915     4.38510000e-05
0.102949     4.38835000e-05
0.102984     4.38608000e-05
0.103018     3.54365000e-05
0.103052     4.38511000e-05
0.103087     3.75417000e-05
0.103121     4.35842000e-05
0.103155     4.33800000e-05
0.103190     4.26458000e-06
0.103224     4.36382000e-05
0.103258     4.34839000e-05
0.103293     4.30076000e-05
0.103327     4.27495000e-05
0.103362     4.36260000e-05
0.103396     3.60321000e-07
0.103431     1.76779000e-06
0.103465     4.28440000e-05
0.103500     4.09354000e-05
0.103534     1.02026000e-05
0.103569     4.16704000e-05
0.103603     4.21275000e-05
0.103638     4.05734000e-05
0.103672     3.66132000e-05
0.103707     3.60461000e-05
0.103741     3.19315000e-05
0.103776     4.05858000e-05
0.103811     5.08047000e-10
0.103845     4.24068000e-05
0.103880     4.30883000e-05
0.103914     4.29476000e-05
0.103949     2.69401000e-05
0.103984     4.07014000e-05
0.104018     4.33703000e-05
0.104053     4.26364000e-05
0.104088     3.98803000e-05
0.104122     4.06204000e-05
0.104157     4.31516000e-05
0.104192     4.35908000e-05
0.104227     4.36116000e-05
0.104261     4.17547000e-05
0.104296     4.29726000e-05
0.104331     4.36662000e-05
0.104366     4.32775000e-05
0.104400     3.86010000e-05
0.104435     4.36562000e-05
0.104470     4.37831000e-05
0.104505     4.37428000e-05
0.104540     4.38830000e-05
0.104575     4.39392000e-05
0.104609     4.39416000e-05
0.104644     4.39332000e-05
0.104679     4.16724000e-05
0.104714     4.38385000e-05
0.104749     4.34665000e-05
0.104784     4.01488000e-05
0.104819     4.36600000e-05
0.104854     1.13203000e-06
0.104889     4.33904000e-05
0.104924     4.38082000e-05
0.104959     4.34021000e-05
0.104994     4.36512000e-05
0.105029     4.17268000e-05
0.105064     4.37001000e-05
0.105099     3.86111000e-05
0.105134     4.24092000e-05
0.105169     4.38387000e-05
0.105204     4.38287000e-05
0.105239     4.35982000e-05
0.105274     4.37935000e-05
0.105309     4.36275000e-05
0.105344     4.36427000e-05
0.105379     4.37064000e-05
0.105414     1.61592000e-07
0.105449     4.48647000e-07
0.105485     3.73627000e-05
0.105520     1.73229000e-05
0.105555     4.24592000e-05
0.105590     4.34517000e-05
0.105625     6.01651000e-07
0.105661     4.28337000e-05
0.105696     4.35737000e-05
0.105731     4.34908000e-05
0.105766     4.34902000e-05
0.105802     4.35364000e-05
0.105837     1.41035000e-06
0.105872     4.33607000e-05
0.105907     4.22432000e-05
0.105943     4.34069000e-05
0.105978     4.34270000e-05
0.106013     4.33937000e-05
0.106049     4.32841000e-05
0.106084     4.32182000e-05
0.106119     4.24991000e-05
0.106155     4.24618000e-05
0.106190     4.28426000e-05
0.106225     3.74412000e-05
0.106261     4.29051000e-05
0.106296     4.29047000e-05
0.106332     4.24915000e-05
0.106367     4.26895000e-05
0.106403     4.22152000e-05
0.106438     3.87344000e-05
0.106474     3.92518000e-05
0.106509     4.14470000e-05
0.106545     3.68217000e-05
0.106580     4.19776000e-05
0.106616     4.15248000e-05
0.106651     3.54077000e-05
0.106687     3.04199000e-05
0.106722     3.91450000e-05
0.106758     3.87617000e-05
0.106793     4.12782000e-05
0.106829     4.05237000e-05
0.106865     3.14780000e-05
0.106900     1.76257000e-05
0.106936     7.27500000e-06
0.106972     1.49909000e-05
0.107007     2.55012000e-05
0.107043     8.74509000e-09
0.107079     3.33118000e-05
0.107114     3.68146000e-05
0.107150     3.47850000e-05
0.107186     5.99792000e-08
0.107221     2.33336000e-05
0.107257     8.70754000e-06
0.107293     2.54104000e-09
0.107329     1.36483000e-05
0.107364     2.57169000e-05
0.107400     2.22305000e-09
0.107436     2.68711000e-05
0.107472     3.36952000e-05
0.107508     2.91963000e-06
0.107543     3.16058000e-05
0.107579     1.67512000e-05
0.107615     2.86810000e-05
0.107651     3.43238000e-05
0.107687     2.05976000e-07
0.107723     2.40003000e-08
0.107759     9.52203000e-06
0.107795     2.15814000e-05
0.107831     1.46261000e-05
0.107867     7.88849000e-07
0.107903     3.17333000e-05
0.107938     2.00596000e-05
0.107974     2.81588000e-05
0.108010     3.66637000e-05
0.108046     3.92241000e-06
0.108082     2.75120000e-05
0.108118     3.35814000e-05
0.108155     2.92882000e-05
0.108191     3.58393000e-05
0.108227     3.43136000e-05
0.108263     1.71357000e-05
0.108299     2.58353000e-05
0.108335     3.17808000e-05
0.108371     3.46186000e-05
0.108407     2.62436000e-05
0.108443     4.04882000e-05
0.108479     1.01598000e-05
0.108516     4.04986000e-05
0.108552     4.07647000e-05
0.108588     3.90416000e-05
0.108624     3.97645000e-05
0.108660     1.60557000e-05
0.108697     1.04768000e-07
0.108733     1.58959000e-05
0.108769     3.98462000e-05
0.108805     1.37227000e-05
0.108842     1.23439000e-07
0.108878     6.99267000e-09
0.108914     1.14284000e-05
0.108950     1.93599000e-05
0.108987     3.59703000e-05
0.109023     3.56082000e-05
0.109059     1.76953000e-07
0.109096     1.84970000e-05
0.109132     2.97145000e-05
0.109169     2.04452000e-05
0.109205     2.52441000e-05
0.109241     1.83495000e-05
0.109278     3.26994000e-05
0.109314     3.95274000e-05
0.109351     2.00937000e-06
0.109387     3.52364000e-05
0.109424     3.06888000e-05
0.109460     3.90730000e-05
0.109496     3.80990000e-05
0.109533     8.92606000e-08
0.109569     3.78935000e-05
0.109606     4.08189000e-05
0.109643     4.23643000e-05
0.109679     4.24544000e-07
0.109716     3.58725000e-05
0.109752     3.58880000e-05
0.109789     1.47302000e-05
0.109825     1.20723000e-07
0.109862     1.32063000e-05
0.109899     4.10855000e-05
0.109935     3.42403000e-05
0.109972     4.19405000e-05
0.110009     4.05432000e-05
0.110045     2.41175000e-05
0.110082     3.31166000e-05
0.110119     4.15804000e-05
0.110155     3.69682000e-05
0.110192     2.84043000e-05
0.110229     4.17428000e-05
0.110266     4.28217000e-05
0.110302     4.24259000e-05
0.110339     9.27258000e-07
0.110376     4.31983000e-05
0.110413     4.34824000e-05
0.110449     1.07953000e-05
0.110486     4.27379000e-05
0.110523     4.28612000e-05
0.110560     4.34793000e-05
0.110597     4.36111000e-05
0.110634     4.26447000e-05
0.110670     3.81545000e-05
0.110707     4.32014000e-05
0.110744     5.55004000e-06
0.110781     4.34938000e-05
0.110818     2.09064000e-05
0.110855     4.35588000e-05
0.110892     4.14936000e-05
0.110929     4.34266000e-05
0.110966     4.34161000e-05
0.111003     4.14338000e-05
0.111040     6.50520000e-07
0.111077     4.32976000e-05
0.111114     4.37380000e-05
0.111151     4.36506000e-05
0.111188     4.27597000e-05
0.111225     4.37395000e-05
0.111262     4.27162000e-05
0.111299     4.37218000e-05
0.111336     4.36518000e-05
0.111374     4.28178000e-05
0.111411     4.32671000e-05
0.111448     4.38444000e-05
0.111485     4.37265000e-05
0.111522     4.37751000e-05
0.111559     2.72468000e-07
0.111596     4.37851000e-05
0.111634     4.35104000e-05
0.111671     4.08326000e-05
0.111708     4.37648000e-05
0.111745     4.37215000e-05
0.111783     4.30062000e-05
0.111820     4.34529000e-05
0.111857     3.55894000e-05
0.111894     4.13567000e-05
0.111932     4.38435000e-05
0.111969     4.35151000e-05
0.112006     4.35273000e-05
0.112044     4.37499000e-05
0.112081     4.29112000e-05
0.112118     4.37494000e-05
0.112156     1.92451000e-05
0.112193     2.60953000e-07
0.112231     4.39085000e-05
0.112268     4.37891000e-05
0.112305     1.39251000e-05
0.112343     4.39419000e-05
0.112380     4.39272000e-05
0.112418     4.39299000e-05
0.112455     4.39357000e-05
0.112493     4.37199000e-05
0.112530     4.37739000e-05
0.112568     4.38926000e-05
0.112605     4.38172000e-05
0.112643     9.83846000e-06
0.112680     4.37552000e-05
0.112718     4.38166000e-05
0.112755     3.96507000e-05
0.112793     4.37052000e-05
0.112831     4.38751000e-05
0.112868     4.38598000e-05
0.112906     4.37655000e-05
0.112943     4.36683000e-05
0.112981     4.37784000e-05
0.113019     4.37543000e-05
0.113056     4.00261000e-05
0.113094     4.31571000e-05
0.113132     2.98590000e-06
0.113170     4.31967000e-05
0.113207     4.25549000e-05
0.113245     4.33671000e-05
0.113283     1.87220000e-05
0.113320     4.31823000e-05
0.113358     4.29243000e-05
0.113396     4.25808000e-05
0.113434     3.84325000e-05
0.113472     4.10791000e-05
0.113509     1.30801000e-06
0.113547     2.34588000e-05
0.113585     3.35804000e-05
0.113623     3.98614000e-05
0.113661     4.15515000e-05
0.113699     2.30376000e-05
0.113737     3.88990000e-05
0.113775     3.88021000e-05
0.113813     2.71976000e-06
0.113850     4.33054000e-05
0.113888     9.42027000e-08
0.113926     4.32848000e-05
0.113964     4.31636000e-05
0.114002     3.70116000e-06
0.114040     7.86025000e-07
0.114078     4.36743000e-05
0.114116     4.18244000e-05
0.114154     2.63651000e-05
0.114192     2.43000000e-05
0.114231     3.80095000e-05
0.114269     4.33943000e-05
0.114307     4.33289000e-05
0.114345     4.35822000e-05
0.114383     4.33696000e-05
0.114421     1.14518000e-05
0.114459     4.31595000e-05
0.114497     4.37993000e-05
0.114536     4.16592000e-05
0.114574     5.16425000e-08
0.114612     2.00860000e-05
0.114650     4.36532000e-05
0.114688     4.36997000e-05
0.114727     4.10704000e-05
0.114765     3.07596000e-05
0.114803     4.36413000e-05
0.114841     1.00689000e-05
0.114880     3.64943000e-05
0.114918     4.31894000e-05
0.114956     4.37122000e-05
0.114994     4.22099000e-05
0.115033     4.32818000e-05
0.115071     1.42984000e-06
0.115110     4.37982000e-05
0.115148     4.34038000e-05
0.115186     4.19406000e-05
0.115225     4.27670000e-05
0.115263     3.90535000e-05
0.115301     4.37364000e-05
0.115340     4.37965000e-05
0.115378     4.34775000e-05
0.115417     4.23378000e-05
0.115455     4.37617000e-05
0.115494     4.37937000e-05
0.115532     4.34597000e-05
0.115571     4.33473000e-05
0.115609     3.87133000e-05
0.115648     4.36084000e-05
0.115686     4.36311000e-05
0.115725     4.35265000e-05
0.115764     2.38087000e-05
0.115802     4.35518000e-05
0.115841     4.34586000e-05
0.115879     4.35132000e-05
0.115918     2.60739000e-05
0.115957     4.35077000e-05
0.115995     4.34347000e-05
0.116034     4.32053000e-05
0.116073     4.32707000e-05
0.116111     4.32477000e-05
0.116150     4.30723000e-05
0.116189     8.68060000e-07
0.116227     4.27106000e-05
0.116266     9.53367000e-06
0.116305     5.62382000e-06
0.116344     3.81416000e-05
0.116383     5.71591000e-08
0.116421     3.87015000e-05
0.116460     4.13549000e-05
0.116499     4.21567000e-05
0.116538     4.22657000e-05
0.116577     4.20398000e-05
0.116615     4.26509000e-05
0.116654     4.73271000e-06
0.116693     4.21995000e-05
0.116732     4.24100000e-05
0.116771     4.24326000e-05
0.116810     4.23011000e-05
0.116849     4.21048000e-05
0.116888     4.19373000e-05
0.116927     4.16713000e-05
0.116966     1.60929000e-05
0.117005     4.08478000e-05
0.117044     4.03376000e-05
0.117083     3.94670000e-05
0.117122     3.80673000e-05
0.117161     3.38824000e-05
0.117200     2.95949000e-05
0.117239     1.10652000e-05
0.117278     1.36467000e-05
0.117317     3.03193000e-05
0.117356     3.57245000e-05
0.117395     3.80911000e-05
0.117434     3.89449000e-05
0.117474     4.00883000e-05
0.117513     4.05370000e-05
0.117552     4.07654000e-05
0.117591     4.04723000e-05
0.117630     4.06482000e-05
0.117670     3.44451000e-05
0.117709     3.90903000e-05
0.117748     3.36504000e-05
0.117787     3.14760000e-05
0.117827     9.00147000e-07
0.117866     2.90813000e-05
0.117905     3.67330000e-05
0.117944     3.92128000e-05
0.117984     4.02284000e-05
0.118023     4.05503000e-07
0.118062     4.07157000e-05
0.118102     4.06237000e-05
0.118141     3.97423000e-05
0.118180     2.94020000e-05
0.118220     2.03565000e-05
0.118259     1.46674000e-05
0.118299     3.71955000e-05
0.118338     2.55537000e-05
0.118378     8.90026000e-06
0.118417     3.97168000e-05
0.118457     3.54886000e-05
0.118496     1.21406000e-05
0.118535     2.19039000e-05
0.118575     2.68092000e-05
0.118615     1.02681000e-05
0.118654     3.74061000e-05
0.118694     4.00497000e-05
0.118733     3.95831000e-05
0.118773     4.10084000e-05
0.118812     4.18338000e-05
0.118852     4.18683000e-05
0.118892     4.23592000e-05
0.118931     1.61221000e-06
0.118971     4.14898000e-05
0.119011     3.47538000e-05
0.119050     4.20456000e-05
0.119090     3.99330000e-05
0.119130     3.90862000e-05
0.119169     2.52483000e-05
0.119209     3.75506000e-05
0.119249     4.08992000e-05
0.119288     4.21212000e-05
0.119328     4.24960000e-05
0.119368     6.66015000e-06
0.119408     3.47478000e-05
0.119448     4.27362000e-05
0.119487     4.24085000e-05
0.119527     3.18848000e-06
0.119567     3.85106000e-05
0.119607     3.82202000e-05
0.119647     4.08513000e-05
0.119687     4.23606000e-05
0.119727     3.90870000e-05
0.119767     3.92267000e-05
0.119806     3.79153000e-05
0.119846     1.94339000e-05
0.119886     8.50107000e-08
0.119926     4.16433000e-05
0.119966     3.97017000e-05
0.120006     4.19490000e-05
0.120046     4.16547000e-05
0.120086     4.26532000e-05
0.120126     4.02157000e-05
0.120166     4.00427000e-05
0.120206     3.81272000e-05
0.120246     4.32146000e-05
0.120287     1.79270000e-07
0.120327     4.23677000e-05
0.120367     4.24268000e-05
0.120407     3.97108000e-05
0.120447     1.83569000e-05
0.120487     4.18845000e-05
0.120527     4.26171000e-05
0.120567     6.07553000e-06
0.120608     4.24984000e-05
0.120648     3.71517000e-05
0.120688     4.23211000e-05
0.120728     3.93730000e-05
0.120769     4.07285000e-06
0.120809     3.20093000e-05
0.120849     3.59698000e-05
0.120889     1.36868000e-06
0.120930     4.30996000e-05
0.120970     4.04462000e-05
0.121010     4.21063000e-05
0.121051     3.09913000e-05
0.121091     4.16884000e-05
0.121131     4.20771000e-05
0.121172     1.14539000e-06
0.121212     4.26643000e-05
0.121253     1.90226000e-06
0.121293     1.09174000e-07
0.121333     2.46368000e-05
0.121374     4.26260000e-06
0.121414     9.32546000e-08
0.121455     4.23892000e-05
0.121495     3.85497000e-05
0.121536     9.76059000e-07
0.121576     6.24967000e-06
0.121617     4.11027000e-05
0.121657     9.55941000e-08
0.121698     4.26525000e-05
0.121738     4.14610000e-05
0.121779     7.89089000e-06
0.121820     3.73414000e-07
0.121860     4.22813000e-05
0.121901     4.07830000e-05
0.121941     2.22383000e-05
0.121982     4.27843000e-05
0.122023     2.56307000e-05
0.122063     3.98411000e-05
0.122104     4.25075000e-05
0.122145     4.28426000e-05
0.122186     4.26568000e-05
0.122226     1.15444000e-06
0.122267     2.04283000e-06
0.122308     4.19287000e-05
0.122349     3.46603000e-05
0.122389     1.08029000e-05
0.122430     4.29016000e-05
0.122471     4.27026000e-05
0.122512     2.45531000e-05
0.122553     8.61460000e-06
0.122593     4.28632000e-05
0.122634     4.29621000e-05
0.122675     4.26612000e-05
0.122716     4.15725000e-05
0.122757     4.27303000e-05
0.122798     4.24214000e-05
0.122839     4.14306000e-05
0.122880     4.06260000e-05
0.122921     3.33930000e-05
0.122962     4.00604000e-05
0.123003     3.63931000e-05
0.123044     3.98354000e-05
0.123085     9.16886000e-08
0.123126     2.42358000e-05
0.123167     3.87429000e-05
0.123208     4.13446000e-05
0.123249     4.20351000e-05
0.123290     4.00551000e-05
0.123331     3.65727000e-05
0.123372     4.14602000e-05
0.123413     3.91439000e-05
0.123454     4.15669000e-05
0.123496     3.99076000e-05
0.123537     3.89842000e-05
0.123578     6.08113000e-06
0.123619     5.45870000e-08
0.123660     6.86544000e-06
0.123702     3.75732000e-05
0.123743     4.03553000e-05
0.123784     3.89194000e-05
0.123825     3.75208000e-05
0.123867     4.15711000e-05
0.123908     4.12947000e-05
0.123949     4.15861000e-05
0.123991     4.16658000e-05
0.124032     2.98906000e-07
0.124073     3.96925000e-05
0.124115     2.07213000e-05
0.124156     1.72956000e-05
0.124197     3.94854000e-05
0.124239     4.07968000e-05
0.124280     4.19192000e-05
0.124322     2.07260000e-05
0.124363     3.54467000e-05
0.124404     3.86414000e-05
0.124446     3.72108000e-05
0.124487     3.81088000e-05
0.124529     9.78912000e-08
0.124570     3.33996000e-05
0.124612     3.22652000e-05
0.124653     9.23176000e-07
0.124695     2.16006000e-05
0.124737     3.32567000e-05
0.124778     3.97759000e-05
0.124820     3.82757000e-05
0.124861     3.20741000e-05
0.124903     3.66984000e-05
0.124945     1.44170000e-06
0.124986     3.58897000e-05
0.125028     2.55126000e-05
0.125070     2.37242000e-05
0.125111     9.92103000e-07
0.125153     3.12948000e-05
0.125195     2.34600000e-05
0.125236     3.70380000e-05
0.125278     2.36129000e-05
0.125320     3.14485000e-05
0.125362     4.00552000e-10
0.125403     3.85480000e-05
0.125445     3.84671000e-05
0.125487     3.23806000e-05
0.125529     2.14025000e-05
0.125571     5.05429000e-06
0.125613     9.26869000e-06
0.125655     3.29719000e-05
0.125696     1.90060000e-05
0.125738     2.68786000e-05
0.125780     1.19285000e-07
0.125822     1.11632000e-06
0.125864     2.19468000e-05
0.125906     3.35263000e-05
0.125948     6.54348000e-06
0.125990     3.08914000e-05
0.126032     1.87918000e-05
0.126074     2.89704000e-05
0.126116     2.78778000e-05
0.126158     4.01868000e-07
0.126200     1.49501000e-05
0.126242     5.11950000e-06
0.126284     5.86896000e-07
0.126326     6.26295000e-06
0.126368     7.29994000e-06
0.126411     1.00628000e-05
0.126453     2.49382000e-05
0.126495     5.16883000e-06
0.126537     2.58203000e-05
0.126579     1.69403000e-05
0.126621     3.19801000e-06
0.126664     1.51194000e-05
0.126706     2.54076000e-05
0.126748     7.55908000e-08
0.126790     1.70749000e-05
0.126833     2.79851000e-05
0.126875     1.44526000e-07
0.126917     4.57706000e-06
0.126959     9.09406000e-06
0.127002     7.50029000e-06
0.127044     2.21675000e-09
0.127086     2.67265000e-06
0.127129     4.60028000e-10
0.127171     2.10773000e-09
0.127214     1.46544000e-05
0.127256     2.75042000e-07
0.127298     3.34847000e-05
0.127341     3.60398000e-05
0.127383     1.13260000e-07
0.127426     9.07021000e-06
0.127468     1.06584000e-07
0.127511     3.81018000e-05
0.127553     2.41830000e-05
0.127596     2.30969000e-05
0.127638     3.13101000e-08
0.127681     2.63337000e-05
0.127723     3.58311000e-05
0.127766     1.47605000e-05
0.127809     3.74764000e-05
0.127851     3.43978000e-05
0.127894     1.06841000e-05
0.127936     4.03739000e-06
0.127979     8.54014000e-06
0.128022     3.44668000e-05
0.128064     2.62370000e-07
0.128107     3.72389000e-05
0.128150     3.77988000e-05
0.128192     3.81899000e-05
0.128235     2.05182000e-05
0.128278     3.59705000e-05
0.128321     2.36367000e-05
0.128363     3.76401000e-05
0.128406     3.64336000e-05
0.128449     3.39574000e-05
0.128492     3.89799000e-05
0.128535     3.86206000e-05
0.128578     3.79474000e-05
0.128620     3.74967000e-05
0.128663     6.85997000e-06
0.128706     8.30013000e-10
0.128749     5.05037000e-06
0.128792     3.83314000e-05
0.128835     3.83364000e-05
0.128878     3.27544000e-05
0.128921     1.89635000e-09
0.128964     1.55295000e-06
0.129007     3.01739000e-05
0.129050     3.62000000e-05
0.129093     3.92082000e-05
0.129136     3.84962000e-05
0.129179     1.64743000e-07
0.129222     3.94953000e-05
0.129265     3.20561000e-06
0.129308     3.87561000e-05
0.129351     3.80586000e-05
0.129394     2.61372000e-05
0.129437     3.75934000e-05
0.129481     1.95804000e-06
0.129524     1.89768000e-06
0.129567     4.21936000e-07
0.129610     3.72968000e-05
0.129653     3.38570000e-05
0.129697     3.61275000e-05
0.129740     3.31853000e-05
0.129783     3.52515000e-05
0.129826     2.73414000e-06
0.129870     3.68513000e-05
0.129913     3.74280000e-05
0.129956     6.87660000e-07
0.129999     3.75822000e-05
0.130043     1.51712000e-05
0.130086     3.65307000e-05
0.130130     2.31052000e-05
0.130173     2.97393000e-07
0.130216     3.54368000e-05
0.130260     3.75729000e-05
0.130303     3.64521000e-05
0.130347     3.60460000e-05
0.130390     3.64800000e-07
0.130433     3.83575000e-06
0.130477     3.54146000e-05
0.130520     3.46355000e-05
0.130564     3.52099000e-05
0.130607     3.42411000e-05
0.130651     4.18716000e-07
0.130695     3.21696000e-05
0.130738     3.14097000e-05
0.130782     2.41697000e-05
0.130825     3.01526000e-05
0.130869     2.70550000e-05
0.130913     5.26657000e-08
0.130956     2.29889000e-05
0.131000     2.10640000e-05
0.131043     1.54274000e-05
0.131087     2.81400000e-06
0.131131     6.51855000e-06
0.131175     1.82287000e-06
0.131218     1.00563000e-07
0.131262     2.97739000e-06
0.131306     8.12671000e-06
0.131350     1.32673000e-05
0.131393     1.57850000e-05
0.131437     1.15878000e-05
0.131481     1.21895000e-05
0.131525     1.36298000e-05
0.131569     6.15838000e-06
0.131612     1.40348000e-06
0.131656     1.34982000e-05
0.131700     2.03318000e-05
0.131744     2.11947000e-05
0.131788     2.23479000e-05
0.131832     2.11617000e-08
0.131876     1.33368000e-05
0.131920     1.09832000e-10
0.131964     7.84740000e-06
0.132008     1.15404000e-05
0.132052     1.74130000e-05
0.132096     7.83121000e-07
0.132140     1.29629000e-05
0.132184     2.29999000e-05
0.132228     7.31518000e-06
0.132272     1.98715000e-05
0.132316     1.88998000e-05
0.132360     1.89457000e-05
0.132404     4.62977000e-06
0.132449     1.46256000e-05
0.132493     3.10576000e-05
0.132537     2.23537000e-05
0.132581     3.28173000e-05
0.132625     3.10409000e-05
0.132669     1.36957000e-06
0.132714     2.86732000e-05
0.132758     3.36640000e-05
0.132802     4.45913000e-08
0.132846     2.71398000e-05
0.132891     2.90985000e-05
0.132935     3.45699000e-05
0.132979     2.19437000e-10
0.133024     3.37237000e-05
0.133068     3.39222000e-05
0.133112     3.05792000e-05
0.133157     2.39184000e-05
0.133201     1.56785000e-06
0.133245     2.38896000e-05
0.133290     2.69476000e-05
0.133334     2.97583000e-05
0.133379     2.62197000e-05
0.133423     1.78442000e-05
0.133468     3.66958000e-06
0.133512     4.33868000e-06
0.133557     1.76903000e-07
0.133601     4.45110000e-09
0.133646     2.38438000e-05
0.133690     3.10167000e-05
0.133735     3.05972000e-05
0.133779     3.27422000e-06
0.133824     1.86228000e-05
0.133869     4.02424000e-06
0.133913     1.19613000e-05
0.133958     9.05790000e-06
0.134003     1.81434000e-06
0.134047     1.09027000e-05
0.134092     3.42493000e-08
0.134137     3.24071000e-05
0.134181     3.44143000e-05
0.134226     3.15546000e-05
0.134271     3.52316000e-09
0.134316     2.07676000e-05
0.134360     7.48662000e-08
0.134405     3.18418000e-05
0.134450     3.20239000e-05
0.134495     2.75298000e-05
0.134540     3.01653000e-06
0.134584     1.53658000e-05
0.134629     1.28708000e-05
0.134674     2.70951000e-06
0.134719     4.98036000e-08
0.134764     2.72442000e-05
0.134809     4.47492000e-06
0.134854     3.18455000e-05
0.134899     4.60127000e-06
0.134944     2.16996000e-05
0.134989     3.51465000e-06
0.135034     2.73466000e-05
0.135079     2.88935000e-05
0.135124     3.15018000e-05
0.135169     3.72518000e-05
0.135214     3.12224000e-05
0.135259     3.47830000e-05
0.135304     3.69725000e-05
0.135349     3.66909000e-05
0.135394     3.25628000e-05
0.135439     4.23490000e-06
0.135484     3.22120000e-05
0.135530     3.24653000e-05
0.135575     2.61412000e-05
0.135620     1.29293000e-05
0.135665     2.25939000e-05
0.135710     4.94117000e-06
0.135756     1.29136000e-05
0.135801     1.08977000e-06
0.135846     1.78802000e-05
0.135891     2.02817000e-05
0.135937     1.38996000e-05
0.135982     5.67525000e-08
0.136027     4.56182000e-06
0.136073     8.75313000e-06
0.136118     3.39685000e-07
0.136163     7.35891000e-06
0.136209     1.74628000e-05
0.136254     1.85807000e-05
0.136300     1.70217000e-05
0.136345     1.09522000e-05
0.136391     3.73741000e-06
0.136436     1.78825000e-05
0.136481     9.90438000e-06
0.136527     7.61904000e-06
0.136572     5.93714000e-07
0.136618     1.36051000e-06
0.136664     2.12502000e-05
0.136709     1.05756000e-05
0.136755     1.38783000e-06
0.136800     2.90407000e-06
0.136846     1.39169000e-05
0.136891     6.00636000e-06
0.136937     6.34777000e-06
0.136983     1.12810000e-06
0.137028     2.49923000e-05
0.137074     1.96065000e-05
0.137120     7.77077000e-09
0.137165     9.19830000e-07
0.137211     2.33595000e-05
0.137257     1.90015000e-06
0.137303     2.66880000e-05
0.137348     2.20049000e-05
0.137394     1.61622000e-05
0.137440     2.59606000e-05
0.137486     7.44302000e-06
0.137532     1.56918000e-05
0.137578     3.62863000e-05
0.137623     3.70041000e-05
0.137669     1.86460000e-05
0.137715     3.79775000e-05
0.137761     6.77286000e-08
0.137807     3.69385000e-05
0.137853     3.78331000e-05
0.137899     6.15073000e-08
0.137945     5.58214000e-07
0.137991     3.66788000e-05
0.138037     3.92765000e-05
0.138083     3.79435000e-05
0.138129     2.69404000e-05
0.138175     3.94396000e-05
0.138221     3.80553000e-05
0.138267     3.96974000e-05
0.138313     3.64115000e-05
0.138359     3.85626000e-05
0.138405     3.17719000e-05
0.138451     3.19948000e-05
0.138498     3.24002000e-05
0.138544     2.82399000e-05
0.138590     2.52970000e-06
0.138636     3.66593000e-05
0.138682     1.64320000e-05
0.138729     3.75316000e-05
0.138775     3.84248000e-05
0.138821     3.96886000e-05
0.138867     3.93782000e-05
0.138914     4.02834000e-05
0.138960     3.74934000e-05
0.139006     7.90550000e-06
0.139053     3.96293000e-05
0.139099     3.61643000e-05
0.139145     3.90799000e-05
0.139192     1.58706000e-05
0.139238     2.74801000e-05
0.139285     3.65003000e-05
0.139331     3.97452000e-05
0.139377     3.73293000e-05
0.139424     3.74439000e-05
0.139470     4.00865000e-05
0.139517     3.87410000e-05
0.139563     1.31431000e-10
0.139610     3.78322000e-05
0.139656     3.92009000e-05
0.139703     4.01435000e-05
0.139750     3.50412000e-05
0.139796     3.64720000e-05
0.139843     3.82066000e-05
0.139889     3.82846000e-05
0.139936     3.97603000e-05
0.139983     3.93267000e-05
0.140029     6.23122000e-08
0.140076     4.11922000e-05
0.140123     3.96026000e-05
0.140169     4.06019000e-05
0.140216     3.93949000e-05
0.140263     4.03856000e-05
0.140310     2.75116000e-05
0.140356     4.11326000e-05
0.140403     3.78555000e-05
0.140450     4.14157000e-05
0.140497     3.69172000e-05
0.140544     3.73295000e-05
0.140590     4.13302000e-05
0.140637     4.12795000e-05
0.140684     3.51382000e-05
0.140731     4.08306000e-05
0.140778     4.16326000e-05
0.140825     4.06184000e-05
0.140872     3.46123000e-05
0.140919     3.64418000e-05
0.140966     3.21465000e-05
0.141013     4.16952000e-05
0.141060     4.11102000e-05
0.141107     4.14282000e-05
0.141154     4.16059000e-05
0.141201     4.00097000e-05
0.141248     3.34190000e-05
0.141295     8.45621000e-10
0.141342     3.93583000e-05
0.141389     4.13323000e-05
0.141436     4.16071000e-05
0.141483     4.18820000e-05
0.141531     4.16493000e-05
0.141578     4.13929000e-05
0.141625     4.07298000e-05
0.141672     3.73394000e-05
0.141719     2.84033000e-05
0.141767     3.35788000e-05
0.141814     4.06798000e-05
0.141861     3.90360000e-05
0.141909     4.10397000e-05
0.141956     2.43859000e-05
0.142003     4.18282000e-05
0.142050     4.02585000e-05
0.142098     4.13576000e-05
0.142145     2.63636000e-05
0.142193     3.85804000e-05
0.142240     3.84471000e-05
0.142287     4.14820000e-05
0.142335     4.06015000e-05
0.142382     4.17656000e-05
0.142430     4.17687000e-05
0.142477     3.09332000e-05
0.142525     4.06022000e-05
0.142572     3.87224000e-05
0.142620     4.21282000e-05
0.142667     3.99671000e-05
0.142715     4.13661000e-05
0.142762     3.49130000e-05
0.142810     7.51760000e-06
0.142858     3.59269000e-05
0.142905     4.09136000e-05
0.142953     4.17477000e-05
0.143000     4.18681000e-05
0.143048     4.09758000e-05
0.143096     3.18718000e-05
0.143144     3.40536000e-08
0.143191     3.05269000e-05
0.143239     3.93468000e-05
0.143287     4.00396000e-05
0.143334     2.71084000e-05
0.143382     2.75533000e-05
0.143430     2.16640000e-05
0.143478     4.04504000e-05
0.143526     3.88660000e-05
0.143574     4.10365000e-05
0.143621     3.95758000e-05
0.143669     3.54845000e-05
0.143717     1.37993000e-05
0.143765     3.68035000e-05
0.143813     3.02980000e-05
0.143861     4.18340000e-05
0.143909     3.96739000e-05
0.143957     4.97650000e-06
0.144005     3.30940000e-05
0.144053     1.96976000e-07
0.144101     3.98636000e-05
0.144149     4.10178000e-05
0.144197     3.25609000e-05
0.144245     3.36786000e-05
0.144293     3.65551000e-05
0.144341     3.56170000e-05
0.144389     3.72444000e-05
0.144437     1.77947000e-06
0.144486     4.10928000e-05
0.144534     4.02208000e-05
0.144582     3.94067000e-05
0.144630     3.97726000e-05
0.144678     4.08842000e-05
0.144727     3.15811000e-06
0.144775     2.36941000e-06
0.144823     4.13965000e-05
0.144871     4.22895000e-05
0.144920     3.63093000e-05
0.144968     4.21567000e-05
0.145016     4.04497000e-05
0.145065     3.12335000e-05
0.145113     4.18819000e-05
0.145161     4.18193000e-05
0.145210     3.69720000e-05
0.145258     3.74303000e-05
0.145306     4.18706000e-05
0.145355     4.18734000e-05
0.145403     4.16271000e-05
0.145452     2.81452000e-08
0.145500     4.17770000e-05
0.145549     4.23474000e-05
0.145597     3.95525000e-05
0.145646     4.24857000e-05
0.145694     3.85720000e-05
0.145743     4.19803000e-05
0.145792     4.04459000e-05
0.145840     4.02698000e-05
0.145889     4.15127000e-05
0.145937     4.14175000e-05
0.145986     4.05439000e-05
0.146035     3.69768000e-05
0.146083     4.38212000e-07
0.146132     3.27598000e-05
0.146181     3.99180000e-05
0.146230     3.61614000e-05
0.146278     4.18559000e-05
0.146327     4.22863000e-05
0.146376     4.24858000e-05
0.146425     4.12392000e-05
0.146473     4.11593000e-05
0.146522     3.37918000e-05
0.146571     4.19048000e-05
0.146620     3.99349000e-05
0.146669     3.98431000e-05
0.146718     3.90631000e-05
0.146767     4.20614000e-05
0.146816     1.27410000e-06
0.146864     3.14874000e-05
0.146913     4.14528000e-05
0.146962     3.46602000e-05
0.147011     1.95809000e-08
0.147060     3.68057000e-05
0.147109     3.60068000e-05
0.147158     4.22435000e-05
0.147207     4.27480000e-05
0.147257     4.24495000e-05
0.147306     3.02824000e-05
0.147355     4.30445000e-05
0.147404     4.29628000e-05
0.147453     4.10386000e-05
0.147502     4.05015000e-05
0.147551     4.26282000e-05
0.147600     3.21257000e-05
0.147650     4.13039000e-05
0.147699     4.04607000e-06
0.147748     4.17056000e-05
0.147797     4.29343000e-05
0.147847     4.30723000e-05
0.147896     3.84371000e-05
0.147945     4.31552000e-05
0.147995     4.30079000e-05
0.148044     4.24757000e-05
0.148093     2.26365000e-06
0.148143     4.28872000e-05
0.148192     4.06331000e-05
0.148241     4.29400000e-05
0.148291     4.26876000e-05
0.148340     4.25243000e-05
0.148390     3.96543000e-05
0.148439     1.98066000e-05
0.148489     4.19645000e-05
0.148538     3.96563000e-05
0.148588     4.16742000e-05
0.148637     3.96592000e-05
0.148687     3.97007000e-05
0.148736     1.89246000e-06
0.148786     4.29289000e-05
0.148835     4.18336000e-05
0.148885     4.25320000e-05
0.148935     4.26347000e-05
0.148984     4.24568000e-05
0.149034     4.27481000e-05
0.149084     4.25413000e-05
0.149133     4.02032000e-05
0.149183     4.14331000e-05
0.149233     2.83019000e-05
0.149283     1.26219000e-06
0.149332     3.61953000e-05
0.149382     4.07574000e-05
0.149432     3.93959000e-05
0.149482     2.00826000e-05
0.149532     4.26692000e-05
0.149581     4.28140000e-05
0.149631     4.28328000e-05
0.149681     4.19549000e-05
0.149731     4.23899000e-05
0.149781     2.47834000e-07
0.149831     4.26216000e-05
0.149881     2.68520000e-05
0.149931     3.95808000e-05
0.149981     3.37308000e-06
0.150031     4.18435000e-05
0.150081     4.15590000e-05
0.150131     4.25631000e-05
0.150181     4.12172000e-05
0.150231     4.13161000e-05
0.150281     4.25107000e-05
0.150331     6.57260000e-08
0.150381     3.89555000e-05
0.150431     3.75626000e-05
0.150481     4.06192000e-05
0.150532     4.28134000e-05
0.150582     3.55700000e-05
0.150632     4.29531000e-05
0.150682     3.95464000e-05
0.150732     4.13253000e-05
0.150783     4.29521000e-05
0.150833     4.25413000e-05
0.150883     4.26184000e-05
0.150933     4.29333000e-05
0.150984     4.29205000e-05
0.151034     4.19451000e-05
0.151084     3.92811000e-05
0.151135     4.28748000e-05
0.151185     4.29709000e-05
0.151236     4.29749000e-05
0.151286     4.29853000e-05
0.151336     4.29728000e-05
0.151387     4.28758000e-05
0.151437     4.23040000e-05
0.151488     4.23141000e-05
0.151538     4.28574000e-05
0.151589     4.29308000e-05
0.151639     4.29255000e-05
0.151690     3.88539000e-05
0.151740     4.27770000e-05
0.151791     4.28968000e-05
0.151842     4.28905000e-05
0.151892     4.28748000e-05
0.151943     4.28515000e-05
0.151993     4.28468000e-05
0.152044     4.28305000e-05
0.152095     4.28106000e-05
0.152146     4.27946000e-05
0.152196     3.84624000e-05
0.152247     4.27486000e-05
0.152298     4.27172000e-05
0.152348     4.26453000e-05
0.152399     4.26451000e-05
0.152450     4.16679000e-05
0.152501     4.25636000e-05
0.152552     4.11385000e-05
0.152603     4.25208000e-05
0.152653     4.24776000e-05
0.152704     4.23399000e-05
0.152755     4.23489000e-05
0.152806     4.22110000e-05
0.152857     4.04160000e-05
0.152908     4.20004000e-05
0.152959     4.19936000e-05
0.153010     4.18686000e-05
0.153061     4.16757000e-05
0.153112     3.99717000e-05
0.153163     4.11387000e-05
0.153214     4.04695000e-05
0.153265     3.93966000e-05
0.153316     3.90159000e-05
0.153367     3.65076000e-05
0.153419     6.13047000e-07
0.153470     2.44783000e-05
0.153521     3.71316000e-05
0.153572     3.66397000e-05
0.153623     2.95471000e-05
0.153674     6.70078000e-06
0.153726     2.96767000e-05
0.153777     2.37966000e-05
0.153828     1.18591000e-05
0.153879     2.90587000e-05
0.153931     3.77134000e-05
0.153982     3.75308000e-05
0.154033     3.19759000e-05
0.154085     1.42903000e-07
0.154136     3.74032000e-05
0.154187     3.13935000e-05
0.154239     2.75519000e-05
0.154290     3.33438000e-05
0.154342     3.69532000e-05
0.154393     3.33113000e-05
0.154445     3.57228000e-06
0.154496     2.13619000e-05
0.154548     5.12992000e-10
0.154599     2.19817000e-05
0.154651     3.21694000e-05
0.154702     2.51479000e-09
0.154754     3.68641000e-05
0.154805     1.00752000e-06
0.154857     3.57474000e-05
0.154908     3.52211000e-05
0.154960     7.76772000e-07
0.155012     3.56717000e-05
0.155063     3.96235000e-06
0.155115     3.01820000e-05
0.155167     3.62273000e-05
0.155219     2.11207000e-07
0.155270     3.66604000e-05
0.155322     3.06249000e-06
0.155374     3.88131000e-05
0.155426     4.04808000e-05
0.155477     3.66510000e-05
0.155529     3.80414000e-05
0.155581     2.69899000e-06
0.155633     3.69094000e-05
0.155685     1.50610000e-05
0.155737     4.12571000e-05
0.155789     2.81378000e-05
0.155841     4.08053000e-05
0.155893     3.51738000e-05
0.155944     2.87111000e-05
0.155996     4.06160000e-05
0.156048     3.58530000e-05
0.156100     4.06310000e-05
0.156153     1.06705000e-08
0.156205     3.91875000e-05
0.156257     4.01951000e-05
0.156309     4.15664000e-05
0.156361     4.06814000e-05
0.156413     4.15374000e-05
0.156465     4.09286000e-05
0.156517     4.05190000e-05
0.156569     3.15029000e-05
0.156622     3.98870000e-05
0.156674     3.67351000e-05
0.156726     3.66236000e-05
0.156778     4.07966000e-05
0.156831     2.82522000e-05
0.156883     3.43679000e-05
0.156935     4.03923000e-05
0.156987     3.89776000e-05
0.157040     3.08946000e-05
0.157092     3.88809000e-05
0.157144     4.15050000e-05
0.157197     3.73684000e-05
0.157249     4.12642000e-05
0.157302     2.35814000e-05
0.157354     4.08720000e-05
0.157407     3.95408000e-05
0.157459     3.05113000e-05
0.157511     4.04415000e-05
0.157564     3.27860000e-05
0.157617     1.31677000e-08
0.157669     4.09321000e-05
0.157722     4.06983000e-05
0.157774     2.67932000e-05
0.157827     4.11136000e-05
0.157879     3.91815000e-05
0.157932     3.97792000e-05
0.157985     7.36486000e-08
0.158037     4.03720000e-05
0.158090     4.50677000e-07
0.158143     3.89659000e-05
0.158195     4.03450000e-05
0.158248     4.73902000e-06
0.158301     4.10099000e-05
0.158354     4.08115000e-05
0.158406     4.12739000e-05
0.158459     3.99642000e-05
0.158512     3.65328000e-05
0.158565     3.20428000e-06
0.158618     3.16534000e-05
0.158671     3.24528000e-05
0.158724     4.10599000e-05
0.158776     4.09473000e-05
0.158829     3.85453000e-05
0.158882     3.96094000e-05
0.158935     4.06885000e-05
0.158988     4.02520000e-05
0.159041     3.87575000e-05
0.159094     3.97516000e-05
0.159147     3.93390000e-05
0.159200     3.54195000e-05
0.159253     3.80398000e-05
0.159306     3.84470000e-05
0.159360     3.35932000e-05
0.159413     3.98462000e-05
0.159466     3.98191000e-05
0.159519     3.92730000e-05
0.159572     3.37880000e-05
0.159625     3.61521000e-05
0.159679     3.89042000e-05
0.159732     3.83815000e-05
0.159785     2.86495000e-05
0.159838     3.48983000e-05
0.159892     4.40622000e-08
0.159945     3.28400000e-05
0.159998     3.60811000e-05
0.160052     3.38459000e-05
0.160105     1.81212000e-08
0.160158     3.36927000e-05
0.160212     3.47003000e-05
0.160265     1.97306000e-05
0.160318     1.09397000e-07
0.160372     3.03268000e-05
0.160425     1.48767000e-06
0.160479     1.77344000e-08
0.160532     3.05634000e-05
0.160586     2.50329000e-05
0.160639     7.29324000e-10
0.160693     1.88280000e-05
0.160746     2.40942000e-05
0.160800     7.37895000e-07
0.160854     7.70455000e-09
0.160907     1.04425000e-05
0.160961     6.70308000e-07
0.161015     1.85890000e-06
0.161068     1.24968000e-05
0.161122     1.48749000e-05
0.161176     2.49493000e-08
0.161229     2.84059000e-05
0.161283     3.10006000e-05
0.161337     2.96090000e-05
0.161391     2.14553000e-06
0.161444     3.32816000e-05
0.161498     2.98356000e-05
0.161552     3.40542000e-05
0.161606     3.31140000e-05
0.161660     3.30615000e-05
0.161714     2.02344000e-05
0.161768     3.52752000e-05
0.161822     3.21929000e-05
0.161875     3.04128000e-05
0.161929     2.90654000e-05
0.161983     3.48715000e-05
0.162037     6.01414000e-07
0.162091     5.76904000e-09
0.162145     1.93027000e-05
0.162199     1.36241000e-05
0.162254     2.86101000e-08
0.162308     3.23877000e-05
0.162362     3.40635000e-05
0.162416     3.46954000e-05
0.162470     2.28555000e-08
0.162524     1.23654000e-05
0.162578     2.32077000e-06
0.162633     3.09149000e-05
0.162687     4.35671000e-08
0.162741     3.23445000e-05
0.162795     3.34880000e-05
0.162849     3.27212000e-05
0.162904     3.22345000e-05
0.162958     1.01302000e-08
0.163012     2.35334000e-08
0.163067     3.00056000e-05
0.163121     2.89097000e-05
0.163175     2.84956000e-09
0.163230     2.21579000e-06
0.163284     4.99310000e-06
0.163339     2.09179000e-05
0.163393     1.53669000e-05
0.163448     1.41626000e-05
0.163502     9.50405000e-06
0.163557     1.94265000e-06
0.163611     1.06762000e-06
0.163666     3.61679000e-07
0.163720     3.79173000e-08
0.163775     7.82295000e-06
0.163829     1.31992000e-05
0.163884     5.96049000e-07
0.163939     1.97167000e-05
0.163993     3.73349000e-08
0.164048     2.49455000e-05
0.164103     2.26040000e-05
0.164157     2.75705000e-05
0.164212     2.10148000e-05
0.164267     2.91451000e-05
0.164321     3.04890000e-05
0.164376     3.07063000e-05
0.164431     1.40190000e-05
0.164486     1.84305000e-05
0.164541     3.11614000e-05
0.164596     1.61175000e-05
0.164650     2.98444000e-05
0.164705     1.06537000e-05
0.164760     2.50319000e-05
0.164815     3.19421000e-05
0.164870     3.23139000e-05
0.164925     3.43231000e-05
0.164980     3.17894000e-05
0.165035     3.31618000e-05
0.165090     3.53943000e-05
0.165145     2.89094000e-05
0.165200     3.64398000e-05
0.165255     3.69184000e-05
0.165310     3.73452000e-05
0.165365     3.44161000e-05
0.165420     5.13140000e-08
0.165476     2.14215000e-05
0.165531     3.72275000e-05
0.165586     7.13552000e-06
0.165641     1.29087000e-05
0.165696     3.78548000e-05
0.165752     3.74760000e-05
0.165807     3.59366000e-05
0.165862     2.12685000e-05
0.165917     3.56073000e-05
0.165973     3.20647000e-05
0.166028     3.84428000e-05
0.166083     3.83843000e-05
0.166139     3.72274000e-07
0.166194     1.44294000e-07
0.166249     3.72522000e-05
0.166305     3.55650000e-05
0.166360     3.53686000e-05
0.166416     3.12278000e-05
0.166471     3.71530000e-05
0.166527     7.60577000e-06
0.166582     3.81163000e-05
0.166638     3.17367000e-05
0.166693     3.82252000e-05
0.166749     2.21382000e-05
0.166804     3.83371000e-05
0.166860     3.81628000e-05
0.166916     3.73966000e-05
0.166971     3.35525000e-05
0.167027     2.48620000e-05
0.167083     3.55313000e-05
0.167138     3.21651000e-05
0.167194     3.13520000e-05
0.167250     3.95934000e-08
0.167306     3.39508000e-05
0.167361     2.58558000e-05
0.167417     1.16911000e-07
0.167473     2.38796000e-05
0.167529     2.79495000e-06
0.167585     2.76929000e-07
0.167640     2.67339000e-05
0.167696     2.04717000e-06
0.167752     2.28324000e-05
0.167808     2.30682000e-05
0.167864     2.05785000e-06
0.167920     5.25888000e-06
0.167976     8.47429000e-06
0.168032     1.18483000e-05
0.168088     1.07916000e-06
0.168144     3.53729000e-07
0.168200     5.68570000e-09
0.168256     2.52253000e-05
0.168312     2.85634000e-05
0.168368     2.51378000e-05
0.168424     2.11987000e-05
0.168481     1.07022000e-05
0.168537     3.14706000e-05
0.168593     1.46581000e-05
0.168649     3.28034000e-05
0.168705     2.35639000e-07
0.168762     8.71938000e-08
0.168818     3.37073000e-05
0.168874     2.94284000e-05
0.168930     3.18183000e-05
0.168987     3.04138000e-05
0.169043     3.36196000e-05
0.169099     3.23714000e-05
0.169156     2.92447000e-05
0.169212     3.26334000e-05
0.169269     3.18297000e-05
0.169325     2.21968000e-05
0.169381     3.82294000e-05
0.169438     9.86980000e-08
0.169494     4.17263000e-08
0.169551     3.81480000e-05
0.169607     3.70952000e-05
0.169664     3.89604000e-05
0.169720     3.79204000e-05
0.169777     3.70042000e-05
0.169834     3.77271000e-05
0.169890     3.63945000e-05
0.169947     3.64274000e-05
0.170004     3.09126000e-05
0.170060     3.16498000e-05
0.170117     2.69189000e-07
0.170174     2.98940000e-05
0.170230     1.60503000e-06
0.170287     9.67408000e-06
0.170344     7.05985000e-09
0.170401     7.40853000e-06
0.170457     1.09017000e-05
0.170514     2.24381000e-05
0.170571     3.01827000e-05
0.170628     1.77051000e-05
0.170685     3.27833000e-05
0.170742     2.71622000e-05
0.170799     1.59516000e-05
0.170856     3.40974000e-05
0.170912     3.17443000e-05
0.170969     5.79944000e-08
0.171026     9.50822000e-06
0.171083     2.90537000e-05
0.171140     9.65867000e-06
0.171198     2.74976000e-05
0.171255     2.20895000e-05
0.171312     2.89002000e-05
0.171369     3.26511000e-05
0.171426     6.18968000e-06
0.171483     1.41455000e-06
0.171540     4.28436000e-10
0.171597     3.86586000e-06
0.171655     2.71511000e-06
0.171712     3.01834000e-05
0.171769     1.96795000e-06
0.171826     2.20651000e-05
0.171884     3.04581000e-05
0.171941     2.26144000e-05
0.171998     1.36372000e-05
0.172055     2.97638000e-05
0.172113     3.05428000e-05
0.172170     2.49593000e-05
0.172228     8.30980000e-06
0.172285     1.71713000e-05
0.172342     6.09324000e-06
0.172400     1.88071000e-05
0.172457     2.92256000e-05
0.172515     3.16753000e-05
0.172572     3.37411000e-05
0.172630     2.97200000e-05
0.172687     2.42360000e-05
0.172745     3.32572000e-05
0.172803     3.30941000e-05
0.172860     3.38610000e-05
0.172918     3.57180000e-05
0.172975     2.94473000e-05
0.173033     3.43048000e-05
0.173091     2.69969000e-05
0.173148     2.74965000e-05
0.173206     3.02593000e-05
0.173264     2.99991000e-06
0.173322     2.90108000e-05
0.173379     3.49020000e-05
0.173437     3.74365000e-05
0.173495     3.73621000e-05
0.173553     1.96997000e-05
0.173611     2.97694000e-05
0.173669     2.89304000e-05
0.173726     2.91761000e-05
0.173784     2.39683000e-05
0.173842     3.84580000e-05
0.173900     2.63874000e-05
0.173958     3.82201000e-05
0.174016     3.94804000e-05
0.174074     3.80182000e-05
0.174132     1.29286000e-05
0.174190     3.94573000e-05
0.174248     3.79718000e-05
0.174306     3.85880000e-05
0.174365     3.71003000e-05
0.174423     3.50478000e-06
0.174481     3.86052000e-05
0.174539     1.87780000e-05
0.174597     3.88692000e-05
0.174655     3.93199000e-05
0.174714     3.80788000e-05
0.174772     1.86318000e-05
0.174830     3.67335000e-05
0.174888     3.51560000e-05
0.174947     2.86186000e-05
0.175005     3.09901000e-05
0.175063     3.55777000e-05
0.175122     3.89948000e-05
0.175180     3.93628000e-05
0.175238     2.30473000e-05
0.175297     3.64854000e-05
0.175355     1.30210000e-08
0.175414     3.22980000e-05
0.175472     3.44881000e-05
0.175531     3.84271000e-05
0.175589     8.49426000e-06
0.175648     3.12593000e-05
0.175706     8.09661000e-06
0.175765     2.84622000e-05
0.175823     1.86247000e-05
0.175882     2.47687000e-05
0.175941     2.59058000e-05
0.175999     3.75505000e-05
0.176058     3.69680000e-05
0.176117     2.52441000e-05
0.176175     2.13899000e-05
0.176234     2.68742000e-05
0.176293     1.07355000e-05
0.176352     2.84825000e-05
0.176410     2.07053000e-05
0.176469     3.43569000e-05
0.176528     2.40728000e-09
0.176587     3.64313000e-05
0.176646     3.15379000e-05
0.176705     3.86370000e-05
0.176763     3.66960000e-05
0.176822     1.05321000e-05
0.176881     2.94367000e-05
0.176940     2.72306000e-05
0.176999     3.26587000e-05
0.177058     1.97228000e-05
0.177117     2.18346000e-05
0.177176     3.85936000e-05
0.177235     3.96788000e-05
0.177294     4.03649000e-05
0.177354     3.94320000e-05
0.177413     3.61277000e-05
0.177472     3.75798000e-05
0.177531     3.90341000e-05
0.177590     4.03368000e-05
0.177649     4.05817000e-05
0.177709     3.89881000e-05
0.177768     4.05723000e-05
0.177827     3.98487000e-05
0.177886     4.09374000e-05
0.177946     4.07747000e-05
0.178005     3.83027000e-05
0.178064     4.08960000e-05
0.178124     4.02561000e-05
0.178183     4.02461000e-05
0.178242     4.09474000e-05
0.178302     4.04419000e-05
0.178361     4.09076000e-05
0.178421     4.07510000e-05
0.178480     4.08746000e-05
0.178540     3.96012000e-05
0.178599     4.09115000e-05
0.178659     4.02513000e-05
0.178718     4.09339000e-05
0.178778     4.09101000e-05
0.178837     3.90936000e-05
0.178897     4.04597000e-05
0.178957     4.08662000e-05
0.179016     4.08648000e-05
0.179076     4.08710000e-05
0.179136     4.08487000e-05
0.179195     4.08625000e-05
0.179255     4.08760000e-05
0.179315     4.07917000e-05
0.179375     4.08549000e-05
0.179434     4.08467000e-05
0.179494     4.08327000e-05
0.179554     4.07395000e-05
0.179614     4.02552000e-05
0.179674     4.06866000e-05
0.179734     4.07366000e-05
0.179794     3.80523000e-05
0.179854     4.06612000e-05
0.179914     3.97156000e-05
0.179973     4.06947000e-05
0.180033     4.06653000e-05
0.180093     4.03291000e-05
0.180154     3.92519000e-05
0.180214     2.76716000e-08
0.180274     3.98074000e-05
0.180334     4.00500000e-05
0.180394     3.56509000e-05
0.180454     3.96572000e-05
0.180514     2.65430000e-05
0.180574     4.01234000e-05
0.180634     4.04411000e-05
0.180695     4.03891000e-05
0.180755     3.40672000e-05
0.180815     4.04058000e-05
0.180875     2.81359000e-05
0.180936     4.03761000e-05
0.180996     4.03414000e-05
0.181056     4.03045000e-05
0.181117     4.01592000e-05
0.181177     3.93855000e-05
0.181238     4.01944000e-05
0.181298     4.01629000e-05
0.181358     3.99790000e-05
0.181419     3.94310000e-05
0.181479     3.99258000e-05
0.181540     3.90046000e-05
0.181600     3.99774000e-05
0.181661     3.98207000e-05
0.181721     3.67330000e-05
0.181782     3.98092000e-05
0.181843     3.97883000e-05
0.181903     3.96614000e-05
0.181964     3.82711000e-05
0.182024     3.95069000e-05
0.182085     3.93999000e-05
0.182146     3.69393000e-05
0.182207     3.91384000e-05
0.182267     3.89263000e-05
0.182328     3.86771000e-05
0.182389     3.83325000e-05
0.182450     3.77329000e-05
0.182510     3.53670000e-05
0.182571     3.60638000e-05
0.182632     3.38330000e-05
0.182693     3.00588000e-05
0.182754     1.77428000e-05
0.182815     8.78614000e-06
0.182876     2.77911000e-05
0.182937     3.31071000e-05
0.182998     3.53757000e-05
0.183059     3.65441000e-05
0.183120     3.71910000e-05
0.183181     3.74834000e-05
0.183242     3.75828000e-05
0.183303     2.69085000e-05
0.183364     3.79447000e-05
0.183425     3.79472000e-05
0.183486     3.78979000e-05
0.183547     3.77664000e-05
0.183609     3.76964000e-05
0.183670     3.74224000e-05
0.183731     3.71967000e-05
0.183792     3.64648000e-05
0.183854     3.62454000e-05
0.183915     3.38687000e-05
0.183976     1.59097000e-05
0.184037     3.39442000e-05
0.184099     2.97503000e-05
0.184160     1.42070000e-06
0.184222     2.78444000e-05
0.184283     3.37812000e-05
0.184344     3.28695000e-05
0.184406     3.28256000e-05
0.184467     3.38331000e-05
0.184529     3.29918000e-05
0.184590     3.24704000e-05
0.184652     3.14922000e-05
0.184713     2.49389000e-05
0.184775     1.91804000e-05
0.184837     1.27280000e-05
0.184898     2.59100000e-05
0.184960     2.34511000e-05
0.185021     1.89591000e-05
0.185083     1.09038000e-05
0.185145     9.86794000e-07
0.185207     2.57070000e-06
0.185268     1.31132000e-05
0.185330     1.80707000e-05
0.185392     1.63547000e-06
0.185454     1.35401000e-05
0.185515     1.16794000e-05
0.185577     6.08022000e-06
0.185639     1.33387000e-05
0.185701     2.11547000e-05
0.185763     3.22680000e-07
0.185825     2.29092000e-05
0.185887     2.60620000e-05
0.185949     2.31789000e-05
0.186011     2.62509000e-05
0.186073     2.41734000e-05
0.186135     1.81941000e-05
0.186197     6.34466000e-06
0.186259     3.53468000e-06
0.186321     1.59743000e-05
0.186383     4.39236000e-06
0.186445     1.11516000e-05
0.186507     2.92633000e-06
0.186569     4.66545000e-06
0.186632     4.73507000e-06
0.186694     2.62696000e-06
0.186756     2.04437000e-05
0.186818     2.46860000e-05
0.186881     2.51903000e-05
0.186943     1.92831000e-05
0.187005     1.63646000e-06
0.187068     1.50953000e-05
0.187130     1.92456000e-05
0.187192     8.85005000e-07
0.187255     3.47390000e-06
0.187317     9.28909000e-07
0.187380     1.31346000e-05
0.187442     2.27528000e-05
0.187504     1.98861000e-05
0.187567     2.18244000e-05
0.187630     6.04158000e-06
0.187692     2.14513000e-05
0.187755     2.52724000e-05
0.187817     9.81020000e-06
0.187880     1.46636000e-06
0.187942     2.48596000e-05
0.188005     2.28303000e-05
0.188068     2.80260000e-05
0.188130     3.91285000e-08
0.188193     2.60756000e-05
0.188256     2.47040000e-05
0.188319     1.62596000e-05
0.188381     1.30242000e-07
0.188444     1.75024000e-05
0.188507     2.33873000e-05
0.188570     1.93792000e-05
0.188633     2.40519000e-05
0.188696     2.02329000e-05
0.188758     4.20879000e-06
0.188821     4.33526000e-06
0.188884     1.77979000e-05
0.188947     2.31623000e-05
0.189010     2.81428000e-05
0.189073     3.18001000e-05
0.189136     3.15288000e-05
0.189199     3.00525000e-05
0.189262     2.86254000e-05
0.189326     3.24967000e-05
0.189389     3.50482000e-05
0.189452     3.31919000e-05
0.189515     3.59034000e-05
0.189578     3.64076000e-05
0.189641     3.65257000e-05
0.189704     3.64087000e-05
0.189768     3.64528000e-05
0.189831     3.56586000e-05
0.189894     2.94124000e-05
0.189958     3.18160000e-05
0.190021     3.60143000e-05
0.190084     3.64276000e-05
0.190148     3.67925000e-05
0.190211     3.57373000e-05
0.190274     3.46615000e-05
0.190338     1.05467000e-06
0.190401     2.97531000e-05
0.190465     2.70635000e-05
0.190528     3.60371000e-05
0.190592     3.70426000e-05
0.190655     3.72827000e-05
0.190719     3.73229000e-05
0.190782     3.73917000e-05
0.190846     3.73368000e-05
0.190910     3.71681000e-05
0.190973     3.64874000e-05
0.191037     2.82451000e-05
0.191101     3.53040000e-05
0.191164     3.67155000e-05
0.191228     2.94024000e-05
0.191292     3.53418000e-05
0.191355     3.39945000e-05
0.191419     3.43098000e-05
0.191483     2.84590000e-05
0.191547     2.33942000e-05
0.191611     3.39808000e-05
0.191675     3.27386000e-05
0.191738     2.41358000e-05
0.191802     3.63918000e-05
0.191866     2.59209000e-05
0.191930     3.64166000e-05
0.191994     3.63277000e-05
0.192058     3.61747000e-05
0.192122     3.60217000e-05
0.192186     3.53680000e-05
0.192250     3.54698000e-05
0.192314     3.50731000e-05
0.192379     3.27469000e-05
0.192443     2.88683000e-05
0.192507     3.40701000e-05
0.192571     3.40889000e-05
0.192635     3.35713000e-05
0.192699     3.27579000e-05
0.192764     2.69150000e-05
0.192828     3.19456000e-05
0.192892     3.12927000e-05
0.192956     2.79678000e-05
0.193021     1.40405000e-05
0.193085     2.60309000e-05
0.193149     2.57437000e-05
0.193214     2.31317000e-05
0.193278     1.92143000e-05
0.193343     1.29184000e-05
0.193407     3.07541000e-06
0.193472     4.30973000e-07
0.193536     8.86387000e-06
0.193601     1.64919000e-05
0.193665     1.97220000e-05
0.193730     4.74807000e-07
0.193794     2.33737000e-05
0.193859     2.49625000e-05
0.193924     2.36705000e-05
0.193988     1.80038000e-05
0.194053     1.19691000e-06
0.194117     1.31424000e-05
0.194182     2.26052000e-05
0.194247     2.59538000e-05
0.194312     2.74910000e-05
0.194376     2.73646000e-05
0.194441     2.49942000e-05
0.194506     7.14877000e-06
0.194571     1.76325000e-05
0.194636     9.64856000e-06
0.194701     4.47961000e-08
0.194766     1.78707000e-05
0.194830     2.31294000e-05
0.194895     2.16155000e-05
0.194960     5.82888000e-09
0.195025     7.01610000e-08
0.195090     1.41607000e-05
0.195155     5.39945000e-08
0.195220     1.16570000e-06
0.195286     5.83200000e-06
0.195351     1.92725000e-05
0.195416     2.43966000e-05
0.195481     2.45974000e-05
0.195546     1.58489000e-05
0.195611     2.72982000e-07
0.195676     2.01151000e-05
0.195742     1.41468000e-05
0.195807     6.35617000e-06
0.195872     4.85203000e-07
0.195937     1.51205000e-05
0.196003     6.66659000e-07
0.196068     1.07524000e-05
0.196133     3.16696000e-06
0.196199     1.30169000e-06
0.196264     1.25858000e-05
0.196330     1.35064000e-05
0.196395     5.22104000e-06
0.196461     2.32375000e-05
0.196526     2.79907000e-05
0.196592     3.04907000e-05
0.196657     7.85523000e-08
0.196723     3.24943000e-05
0.196788     3.30576000e-05
0.196854     3.36392000e-05
0.196919     3.39769000e-05
0.196985     3.43274000e-05
0.197051     3.45678000e-05
0.197116     3.47873000e-05
0.197182     3.49560000e-05
0.197248     3.50896000e-05
0.197314     3.51884000e-05
0.197379     3.51037000e-05
0.197445     3.49473000e-05
0.197511     2.11438000e-05
0.197577     3.39126000e-05
0.197643     3.54779000e-05
0.197709     3.56254000e-05
0.197774     3.57012000e-05
0.197840     3.57433000e-05
0.197906     3.57695000e-05
0.197972     3.57570000e-05
0.198038     3.54602000e-05
0.198104     3.50628000e-05
0.198170     3.57591000e-05
0.198236     3.57491000e-05
0.198302     3.54324000e-05
0.198369     3.57881000e-05
0.198435     3.52936000e-05
0.198501     3.57904000e-05
0.198567     3.57715000e-05
0.198633     3.56415000e-05
0.198699     3.57176000e-05
0.198766     3.56479000e-05
0.198832     3.56286000e-05
0.198898     3.56016000e-05
0.198964     3.55454000e-05
0.199031     3.54037000e-05
0.199097     3.51546000e-05
0.199163     3.02723000e-05
0.199230     3.28910000e-05
0.199296     3.42815000e-05
0.199363     3.51056000e-05
0.199429     3.51203000e-05
0.199496     3.50782000e-05
0.199562     3.49944000e-05
0.199629     3.47787000e-05
0.199695     3.45359000e-05
0.199762     3.17866000e-05
0.199828     3.25994000e-05
0.199895     3.39194000e-05
0.199962     3.34267000e-05
0.200028     3.43237000e-05
0.200095     3.42774000e-05
0.200162     3.41795000e-05
0.200228     3.40298000e-05
0.200295     3.12315000e-05
0.200362     3.36411000e-05
0.200429     3.20711000e-05
0.200495     3.30152000e-05
0.200562     3.31491000e-05
0.200629     3.29980000e-05
0.200696     8.80203000e-06
0.200763     2.98032000e-05
0.200830     3.19415000e-05
0.200897     3.13606000e-05
0.200964     3.17519000e-05
0.201031     3.16839000e-05
0.201098     2.14788000e-05
0.201165     3.11745000e-05
0.201232     3.08432000e-05
0.201299     3.04652000e-05
0.201366     3.00353000e-05
0.201433     2.95999000e-05
0.201500     5.48720000e-06
0.201567     2.85095000e-05
0.201635     2.57861000e-05
0.201702     2.71497000e-05
0.201769     2.53277000e-05
0.201836     2.54659000e-05
0.201904     2.45185000e-05
0.201971     2.33482000e-05
0.202038     2.19690000e-05
0.202106     1.96131000e-05
0.202173     1.83927000e-05
0.202240     1.63386000e-05
0.202308     1.37826000e-05
0.202375     1.07189000e-05
0.202443     7.25560000e-06
0.202510     3.77442000e-06
0.202578     1.11724000e-06
0.202645     1.60868000e-09
0.202713     9.72580000e-07
0.202780     3.51362000e-06
0.202848     6.76024000e-06
0.202915     1.03637000e-05
0.202983     1.33593000e-05
0.203051     1.55590000e-05
0.203118     1.79688000e-05
0.203186     1.98342000e-05
0.203254     2.14653000e-05
0.203322     2.27293000e-05
0.203389     2.30418000e-05
0.203457     2.38193000e-05
0.203525     4.19049000e-06
0.203593     2.56302000e-05
0.203661     2.06875000e-05
0.203729     2.73729000e-05
0.203797     2.74938000e-05
0.203864     2.82435000e-05
0.203932     2.85725000e-05
0.204000     2.53333000e-05
0.204068     2.90847000e-05
0.204136     2.94126000e-05
0.204204     2.96179000e-05
0.204273     2.97803000e-05
0.204341     2.99119000e-05
0.204409     3.00158000e-05
0.204477     3.00973000e-05
0.204545     3.01562000e-05
0.204613     3.00414000e-05
0.204681     3.01879000e-05
0.204750     3.00085000e-05
0.204818     2.63689000e-05
0.204886     3.01002000e-05
0.204954     2.98313000e-05
0.205023     3.01092000e-05
0.205091     3.00327000e-05
0.205159     2.98437000e-05
0.205228     2.76142000e-05
0.205296     2.91127000e-05
0.205365     2.82619000e-05
0.205433     2.95813000e-05
0.205502     2.94859000e-05
0.205570     2.93603000e-05
0.205639     2.92183000e-05
0.205707     2.88718000e-05
0.205776     2.87829000e-05
0.205844     2.87104000e-05
0.205913     2.85118000e-05
0.205982     2.80936000e-05
0.206050     2.78808000e-05
0.206119     2.78676000e-05
0.206188     2.76290000e-05
0.206256     2.73789000e-05
0.206325     2.71101000e-05
0.206394     2.68250000e-05
0.206463     2.65207000e-05
0.206532     2.61861000e-05
0.206600     2.58318000e-05
0.206669     2.53653000e-05
0.206738     2.51041000e-05
0.206807     2.24954000e-05
0.206876     2.42877000e-05
0.206945     2.37461000e-05
0.207014     2.33355000e-05
0.207083     2.26233000e-05
0.207152     2.22479000e-05
0.207221     2.16524000e-05
0.207290     2.09861000e-05
0.207359     2.02432000e-05
0.207428     1.95202000e-05
0.207497     1.86650000e-05
0.207567     1.76078000e-05
0.207636     1.65081000e-05
0.207705     1.47115000e-05
0.207774     7.30940000e-06
0.207844     9.89909000e-06
0.207913     1.15639000e-05
0.207982     1.03484000e-05
0.208051     8.66547000e-06
0.208121     6.73753000e-06
0.208190     4.66194000e-06
0.208260     2.65037000e-06
0.208329     1.11533000e-06
0.208398     3.10747000e-07
0.208468     1.00378000e-08
0.208537     1.75865000e-07
0.208607     7.59247000e-07
0.208676     1.69134000e-06
0.208746     1.55088000e-06
0.208816     4.09654000e-09
0.208885     1.89390000e-06
0.208955     5.24001000e-06
0.209024     6.86102000e-06
0.209094     2.98814000e-06
0.209164     3.39047000e-07
0.209234     7.08472000e-06
0.209303     7.23195000e-06
0.209373     2.70104000e-06
0.209443     5.28859000e-08
0.209513     4.17293000e-06
0.209583     8.92623000e-06
0.209652     1.12464000e-05
0.209722     1.20681000e-05
0.209792     1.13545000e-05
0.209862     8.10655000e-06
0.209932     1.78850000e-06
0.210002     2.42167000e-06
0.210072     1.01427000e-07
0.210142     4.99513000e-08
0.210212     1.94723000e-06
0.210282     1.38620000e-07
0.210352     1.64544000e-07
0.210422     4.09215000e-06
0.210493     7.54681000e-06
0.210563     9.48945000e-06
0.210633     6.95186000e-06
0.210703     2.66661000e-08
0.210773     6.26358000e-06
0.210844     6.53132000e-06
0.210914     1.31236000e-06
0.210984     9.06556000e-07
0.211054     9.99586000e-06
0.211125     1.36598000e-05
0.211195     4.27738000e-06
0.211266     1.40843000e-05
0.211336     4.37620000e-06
0.211406     7.61283000e-06
0.211477     9.22541000e-06
0.211547     2.23903000e-06
0.211618     4.53259000e-06
0.211688     1.46906000e-05
0.211759     1.42769000e-05
0.211830     2.08725000e-05
0.211900     2.20906000e-05
0.211971     1.66382000e-05
0.212042     2.34827000e-05
0.212112     2.41903000e-05
0.212183     2.12305000e-05
0.212254     2.14110000e-05
0.212324     2.51652000e-05
0.212395     2.54383000e-05
0.212466     2.55981000e-05
0.212537     2.56381000e-05
0.212608     2.28104000e-05
0.212679     2.07861000e-05
0.212749     1.18696000e-08
0.212820     1.99467000e-05
0.212891     2.56342000e-05
0.212962     2.55253000e-05
0.213033     2.44695000e-05
0.213104     2.44742000e-05
0.213175     2.25740000e-05
0.213246     1.02021000e-05
0.213317     1.79204000e-05
0.213389     2.27254000e-05
0.213460     2.28119000e-05
0.213531     2.28012000e-05
0.213602     2.19610000e-05
0.213673     2.06438000e-05
0.213744     1.86889000e-05
0.213816     1.56871000e-05
0.213887     9.59149000e-06
0.213958     4.38992000e-06
0.214030     5.48120000e-08
0.214101     3.58338000e-06
0.214172     9.16931000e-06
0.214244     8.48982000e-06
0.214315     1.70111000e-05
0.214386     1.78945000e-05
0.214458     8.82332000e-06
0.214529     9.51187000e-06
0.214601     7.62410000e-07
0.214672     1.31599000e-05
0.214744     3.67666000e-06
0.214816     1.53453000e-05
0.214887     1.99226000e-05
0.214959     2.04665000e-05
0.215031     4.12391000e-06
0.215102     1.77172000e-05
0.215174     3.38422000e-07
0.215246     1.59881000e-05
0.215317     1.24846000e-05
0.215389     4.80395000e-06
0.215461     1.57668000e-05
0.215533     1.64118000e-05
0.215605     1.37112000e-05
0.215676     1.46718000e-05
0.215748     1.16511000e-05
0.215820     2.58895000e-06
0.215892     3.44581000e-06
0.215964     1.08997000e-07
0.216036     3.47757000e-07
0.216108     8.63521000e-06
0.216180     7.84969000e-06
0.216252     5.26151000e-06
0.216324     6.84070000e-06
0.216396     5.09397000e-06
0.216469     1.81957000e-06
0.216541     1.26192000e-06
0.216613     6.79958000e-07
0.216685     1.47530000e-07
0.216757     9.98746000e-09
0.216830     2.74442000e-07
0.216902     9.87003000e-07
0.216974     2.34149000e-06
0.217047     4.04221000e-06
0.217119     5.48693000e-06
0.217191     4.86647000e-07
0.217264     5.27669000e-06
0.217336     1.28931000e-06
0.217408     5.16794000e-06
0.217481     9.24180000e-06
0.217553     8.87135000e-06
0.217626     7.39914000e-06
0.217699     4.76013000e-06
0.217771     1.53691000e-06
0.217844     1.72488000e-07
0.217916     2.49996000e-07
0.217989     2.22969000e-06
0.218062     5.46021000e-06
0.218134     7.10128000e-06
0.218207     9.59668000e-06
0.218280     1.10076000e-05
0.218352     1.13121000e-05
0.218425     9.57742000e-06
0.218498     9.21045000e-06
0.218571     6.26621000e-06
0.218644     1.98234000e-06
0.218717     2.09115000e-12
0.218790     4.75707000e-09
0.218862     3.16464000e-06
0.218935     7.14750000e-06
0.219008     8.96590000e-06
0.219081     8.42994000e-06
0.219154     4.91316000e-06
0.219227     3.14391000e-07
0.219301     1.26131000e-06
0.219374     6.65732000e-06
0.219447     9.79605000e-06
0.219520     9.92302000e-06
0.219593     5.93305000e-06
0.219666     5.12922000e-08
0.219740     4.73994000e-06
0.219813     1.03224000e-05
0.219886     1.27789000e-05
0.219959     1.21025000e-05
0.220033     7.35233000e-06
0.220106     1.02515000e-08
0.220179     6.66040000e-08
0.220253     1.16595000e-05
0.220326     1.57942000e-05
0.220400     1.82598000e-05
0.220473     1.99140000e-05
0.220547     2.11140000e-05
0.220620     2.20238000e-05
0.220694     2.26702000e-05
0.220767     1.69616000e-05
0.220841     2.36476000e-05
0.220914     2.35760000e-05
0.220988     2.39909000e-05
0.221062     1.07927000e-05
0.221135     8.08205000e-07
0.221209     1.78564000e-05
0.221283     2.49369000e-05
0.221357     2.54554000e-05
0.221430     2.57727000e-05
0.221504     2.58116000e-05
0.221578     2.61145000e-05
0.221652     2.62388000e-05
0.221726     2.63399000e-05
0.221800     2.60035000e-05
0.221874     2.55425000e-05
0.221948     2.66789000e-05
0.222022     2.24623000e-05
0.222096     2.69189000e-05
0.222170     2.51033000e-05
0.222244     2.70965000e-05
0.222318     2.71759000e-05
0.222392     2.71928000e-05
0.222466     2.72174000e-05
0.222540     2.72095000e-05
0.222614     2.71425000e-05
0.222689     2.69388000e-05
0.222763     2.62789000e-05
0.222837     2.25097000e-05
0.222911     1.65507000e-05
0.222986     1.32258000e-05
0.223060     2.47203000e-05
0.223134     2.01820000e-05
0.223209     8.65433000e-06
0.223283     2.38394000e-05
0.223357     2.62646000e-05
0.223432     2.70094000e-05
0.223506     2.73243000e-05
0.223581     2.74795000e-05
0.223655     2.75546000e-05
0.223730     2.75513000e-05
0.223805     2.74254000e-05
0.223879     2.33035000e-05
0.223954     2.70891000e-05
0.224028     2.74054000e-05
0.224103     2.71030000e-05
0.224178     2.67048000e-05
0.224253     2.48076000e-05
0.224327     4.58954000e-10
0.224402     2.43095000e-05
0.224477     2.19063000e-05
0.224552     2.48751000e-05
0.224627     6.31274000e-06
0.224701     2.41460000e-05
0.224776     2.60520000e-05
0.224851     2.62571000e-05
0.224926     2.60313000e-05
0.225001     2.52784000e-05
0.225076     2.23228000e-05
0.225151     1.83256000e-07
0.225226     1.85057000e-05
0.225301     2.16904000e-05
0.225376     2.46460000e-05
0.225452     2.48439000e-05
0.225527     2.45244000e-05
0.225602     2.38849000e-05
0.225677     1.00972000e-05
0.225752     2.11889000e-05
0.225828     1.83975000e-05
0.225903     1.33116000e-05
0.225978     2.83188000e-06
0.226053     2.23958000e-06
0.226129     1.26634000e-05
0.226204     1.77940000e-05
0.226280     2.02964000e-05
0.226355     2.09586000e-05
0.226430     1.32074000e-05
0.226506     2.08216000e-05
0.226581     5.10354000e-06
0.226657     1.94291000e-05
0.226733     1.25592000e-05
0.226808     8.32635000e-06
0.226884     1.53109000e-05
0.226959     3.66201000e-06
0.227035     1.17066000e-05
0.227111     1.63692000e-05
0.227186     1.39783000e-05
0.227262     1.36165000e-06
0.227338     1.10362000e-05
0.227414     1.44914000e-05
0.227489     1.04514000e-05
0.227565     4.33783000e-06
0.227641     8.48988000e-07
0.227717     1.87943000e-06
0.227793     9.47790000e-06
0.227869     1.34795000e-05
0.227945     3.40220000e-06
0.228021     1.02443000e-05
0.228097     8.10461000e-06
0.228173     1.42832000e-05
0.228249     5.22719000e-06
0.228325     9.95623000e-06
0.228401     9.07680000e-12
0.228477     1.52117000e-08
0.228553     6.16985000e-06
0.228630     1.38903000e-05
0.228706     1.57539000e-05
0.228782     4.49190000e-06
0.228858     1.49701000e-05
0.228935     1.17237000e-05
0.229011     1.35285000e-05
0.229087     1.65329000e-05
0.229164     1.60875000e-05
0.229240     9.38394000e-06
0.229316     3.07878000e-06
0.229393     1.20424000e-05
0.229469     6.50368000e-06
0.229546     7.99955000e-06
0.229622     6.74930000e-06
0.229699     3.90249000e-06
0.229775     1.14798000e-06
0.229852     8.13127000e-09
0.229929     1.59304000e-07
0.230005     8.09547000e-07
0.230082     6.26066000e-07
0.230159     6.90822000e-06
0.230235     4.32983000e-07
0.230312     1.08420000e-05
0.230389     1.16842000e-05
0.230466     1.28541000e-05
0.230542     1.52508000e-05
0.230619     1.62234000e-05
0.230696     1.67737000e-05
0.230773     1.68051000e-05
0.230850     1.55830000e-05
0.230927     8.98932000e-06
0.231004     6.67767000e-06
0.231081     1.49291000e-05
0.231158     1.56914000e-05
0.231235     1.36088000e-05
0.231312     7.56023000e-06
0.231389     1.08909000e-07
0.231466     9.26222000e-06
0.231543     1.44505000e-05
0.231621     1.65780000e-05
0.231698     1.71903000e-05
0.231775     1.67641000e-05
0.231852     1.52980000e-05
0.231930     1.24188000e-05
0.232007     7.25647000e-06
0.232084     3.84191000e-07
0.232162     2.74101000e-06
0.232239     9.77877000e-06
0.232316     1.40601000e-05
0.232394     1.66221000e-05
0.232471     1.82939000e-05
0.232549     1.94753000e-05
0.232626     1.94727000e-05
0.232704     2.10318000e-05
0.232781     2.15305000e-05
0.232859     2.17959000e-05
0.232937     2.16753000e-05
0.233014     1.52931000e-05
0.233092     2.09185000e-05
0.233170     2.24171000e-05
0.233247     2.27227000e-05
0.233325     2.27388000e-05
0.233403     2.29602000e-05
0.233481     2.29675000e-05
0.233559     2.30661000e-05
0.233636     2.30930000e-05
0.233714     2.31096000e-05
0.233792     2.31156000e-05
0.233870     2.31156000e-05
0.233948     2.30923000e-05
0.234026     2.28864000e-05
0.234104     2.25325000e-05
0.234182     2.29258000e-05
0.234260     2.27501000e-05
0.234338     2.29823000e-05
0.234416     2.29528000e-05
0.234494     2.28876000e-05
0.234573     2.27017000e-05
0.234651     2.18173000e-05
0.234729     1.94066000e-05
0.234807     2.24904000e-05
0.234886     2.25949000e-05
0.234964     2.24871000e-05
0.235042     2.18701000e-05
0.235121     7.88969000e-06
0.235199     2.19659000e-05
0.235277     2.18099000e-05
0.235356     2.22427000e-05
0.235434     2.20648000e-05
0.235513     2.13575000e-05
0.235591     1.02481000e-05
0.235670     1.18394000e-05
0.235748     2.15958000e-05
0.235827     2.18641000e-05
0.235905     2.18067000e-05
0.235984     8.96575000e-06
0.236063     2.17093000e-05
0.236141     2.17691000e-05
0.236220     2.16841000e-05
0.236299     2.06868000e-05
0.236378     2.15904000e-05
0.236456     2.15388000e-05
0.236535     2.14691000e-05
0.236614     2.13936000e-05
0.236693     2.13130000e-05
0.236772     2.12273000e-05
0.236851     2.11319000e-05
0.236930     2.10147000e-05
0.237009     1.98029000e-05
0.237088     2.06145000e-05
0.237167     1.93205000e-05
0.237246     1.75161000e-05
0.237325     1.95060000e-05
0.237404     1.38531000e-05
0.237483     1.66712000e-05
0.237562     1.94951000e-05
0.237641     2.00612000e-05
0.237721     2.01240000e-05
0.237800     2.00938000e-05
0.237879     2.00270000e-05
0.237959     1.99353000e-05
0.238038     1.98089000e-05
0.238117     1.95766000e-05
0.238197     1.84966000e-05
0.238276     1.32646000e-05
0.238355     1.90914000e-05
0.238435     1.93180000e-05
0.238514     1.92969000e-05
0.238594     1.92247000e-05
0.238673     1.91316000e-05
0.238753     1.90219000e-05
0.238832     1.88848000e-05
0.238912     1.86667000e-05
0.238992     1.79485000e-05
0.239071     6.13698000e-08
0.239151     1.78168000e-05
0.239231     1.82818000e-05
0.239311     1.82903000e-05
0.239390     1.82238000e-05
0.239470     1.81220000e-05
0.239550     1.80280000e-05
0.239630     1.79214000e-05
0.239710     1.78171000e-05
0.239790     1.77071000e-05
0.239869     1.75973000e-05
0.239949     1.74850000e-05
0.240029     1.73713000e-05
0.240109     1.72559000e-05
0.240189     1.71396000e-05
0.240270     1.70218000e-05
0.240350     1.69027000e-05
0.240430     1.67825000e-05
0.240510     1.66608000e-05
0.240590     1.65378000e-05
0.240670     1.64134000e-05
0.240750     1.62876000e-05
0.240831     1.61607000e-05
0.240911     1.60318000e-05
0.240991     1.59021000e-05
0.241072     1.57709000e-05
0.241152     1.56383000e-05
0.241232     1.54987000e-05
0.241313     1.53680000e-05
0.241393     1.52310000e-05
0.241474     1.44794000e-05
0.241554     1.49522000e-05
0.241635     1.48104000e-05
0.241715     1.46669000e-05
0.241796     1.45219000e-05
0.241876     1.43743000e-05
0.241957     1.42251000e-05
0.242038     1.40752000e-05
0.242118     1.39203000e-05
0.242199     1.37688000e-05
0.242280     1.36125000e-05
0.242361     1.34541000e-05
0.242441     1.32936000e-05
0.242522     1.31308000e-05
0.242603     1.29657000e-05
0.242684     1.27983000e-05
0.242765     1.26283000e-05
0.242846     1.24557000e-05
0.242927     1.22803000e-05
0.243008     1.21018000e-05
0.243089     1.19205000e-05
0.243170     1.17426000e-05
0.243251     1.15540000e-05
0.243332     1.13615000e-05
0.243413     1.11648000e-05
0.243494     1.09637000e-05
0.243575     1.07572000e-05
0.243656     1.05450000e-05
0.243738     1.03260000e-05
0.243819     1.00992000e-05
0.243900     9.85109000e-06
0.243981     9.61539000e-06
0.244063     9.35310000e-06
0.244144     9.07085000e-06
0.244226     8.76126000e-06
0.244307     8.41153000e-06
0.244388     7.99841000e-06
0.244470     7.47597000e-06
0.244551     6.75783000e-06
0.244633     5.62377000e-06
0.244714     3.58996000e-06
0.244796     5.80507000e-07
0.244878     2.44728000e-07
0.244959     2.84049000e-06
0.245041     4.63805000e-06
0.245122     5.27460000e-06
0.245204     5.39956000e-06
0.245286     5.29187000e-06
0.245368     5.06022000e-06
0.245449     4.74992000e-06
0.245531     4.38022000e-06
0.245613     3.95762000e-06
0.245695     3.48331000e-06
0.245777     2.95566000e-06
0.245859     2.37724000e-06
0.245941     1.75997000e-06
0.246023     1.14373000e-06
0.246105     6.11772000e-07
0.246187     2.50184000e-07
0.246269     4.69893000e-08
0.246351     3.53976000e-09
0.246433     1.09412000e-07
0.246515     3.38567000e-07
0.246597     6.68672000e-07
0.246680     9.90245000e-07
0.246762     1.19485000e-06
0.246844     1.24902000e-06
0.246926     1.16670000e-06
0.247009     9.73283000e-07
0.247091     7.06985000e-07
0.247173     4.13870000e-07
0.247256     1.63405000e-07
0.247338     1.51515000e-08
0.247421     5.40496000e-08
0.247503     2.19906000e-07
0.247586     3.56502000e-07
0.247668     3.89070000e-07
0.247751     3.44711000e-07
0.247833     2.65762000e-07
0.247916     1.72756000e-07
0.247999     6.17666000e-08
0.248081     2.46457000e-08
0.248164     6.29099000e-08
0.248247     3.51626000e-08
0.248329     1.04121000e-08
0.248412     3.59816000e-10
0.248495     2.10997000e-10
0.248578     3.77914000e-08
0.248661     6.05325000e-08
0.248744     5.36860000e-08
0.248826     1.87696000e-08
0.248909     3.12665000e-09
0.248992     3.18633000e-08
0.249075     2.01774000e-08
0.249158     5.40166000e-09
0.249241     3.86015000e-08
0.249324     1.25454000e-07
0.249408     2.26250000e-07
0.249491     3.39293000e-07
0.249574     4.61218000e-07
0.249657     5.81926000e-07
0.249740     6.81798000e-07
0.249824     7.28262000e-07
0.249907     6.73653000e-07
0.249990     4.81581000e-07
0.250073     2.15030000e-07
0.250157     2.44810000e-08
0.250240     5.53288000e-08
0.250324     2.92870000e-07
0.250407     6.61360000e-07
0.250491     1.04149000e-06
0.250574     1.33354000e-06
0.250658     1.50403000e-06
0.250741     1.53747000e-06
0.250825     1.41152000e-06
0.250908     1.09799000e-06
0.250992     6.18450000e-07
0.251076     1.81180000e-07
0.251159     3.92327000e-14
0.251243     1.80725000e-07
0.251327     5.84986000e-07
0.251411     9.52146000e-07
0.251494     1.09597000e-06
0.251578     1.03364000e-06
0.251662     8.18681000e-07
0.251746     4.93788000e-07
0.251830     1.34461000e-07
0.251914     4.31604000e-08
0.251998     2.33203000e-07
0.252082     2.00412000e-07
0.252166     1.11777000e-07
0.252250     4.24493000e-08
0.252334     4.17168000e-09
0.252418     1.40053000e-08
0.252502     2.31180000e-09
0.252586     1.10502000e-07
0.252671     1.37059000e-07
0.252755     5.37507000e-08
0.252839     8.16607000e-09
0.252923     8.67314000e-08
0.253008     2.31801000e-08
0.253092     1.76065000e-07
0.253176     5.77510000e-07
0.253261     9.51935000e-07
0.253345     1.27424000e-06
0.253430     1.44083000e-06
0.253514     1.17048000e-06
0.253599     1.98086000e-07
0.253683     2.79310000e-07
0.253768     1.46721000e-06
0.253852     2.05067000e-06
0.253937     2.00097000e-06
0.254021     1.33323000e-06
0.254106     3.11738000e-07
0.254191     2.74018000e-08
0.254276     6.83852000e-07
0.254360     1.53428000e-06
0.254445     1.57846000e-06
0.254530     8.89024000e-07
0.254615     1.64621000e-07
0.254700     3.64379000e-08
0.254785     4.83236000e-07
0.254869     7.41107000e-07
0.254954     2.55714000e-07
0.255039     2.89494000e-10
0.255124     2.88740000e-07
0.255209     1.22029000e-06
0.255295     2.43198000e-06
0.255380     3.49340000e-06
0.255465     4.35687000e-06
0.255550     5.06001000e-06
0.255635     5.64355000e-06
0.255720     6.13784000e-06
0.255806     6.56408000e-06
0.255891     6.93765000e-06
0.255976     7.27021000e-06
0.256061     7.56911000e-06
0.256147     7.84098000e-06
0.256232     8.08992000e-06
0.256318     8.31899000e-06
0.256403     8.53360000e-06
0.256489     8.73409000e-06
0.256574     8.92170000e-06
0.256660     9.09852000e-06
0.256745     9.26561000e-06
0.256831     9.42411000e-06
0.256916     9.57463000e-06
0.257002     9.71773000e-06
0.257088     9.85499000e-06
0.257173     9.98630000e-06
0.257259     1.01118000e-05
0.257345     1.02320000e-05
0.257431     1.03474000e-05
0.257516     1.04581000e-05
0.257602     1.05644000e-05
0.257688     1.06648000e-05
0.257774     1.07543000e-05
0.257860     1.08603000e-05
0.257946     1.09518000e-05
0.258032     1.10396000e-05
0.258118     1.11232000e-05
0.258204     1.12073000e-05
0.258290     1.12861000e-05
0.258376     1.13611000e-05
0.258462     1.14262000e-05
0.258548     1.13697000e-05
0.258634     1.15695000e-05
0.258721     1.16378000e-05
0.258807     1.17015000e-05
0.258893     1.17624000e-05
0.258979     1.18201000e-05
0.259066     1.18764000e-05
0.259152     1.19240000e-05
0.259239     1.19816000e-05
0.259325     1.20309000e-05
0.259411     1.20743000e-05
0.259498     1.20827000e-05
0.259584     1.21665000e-05
0.259671     1.22085000e-05
0.259757     1.22492000e-05
0.259844     1.22864000e-05
0.259931     1.23211000e-05
0.260017     1.23226000e-05
0.260104     5.72422000e-06
0.260191     1.24147000e-05
0.260277     1.24413000e-05
0.260364     1.24623000e-05
0.260451     1.24873000e-05
0.260538     1.25040000e-05
0.260625     1.25167000e-05
0.260712     1.25165000e-05
0.260798     1.25078000e-05
0.260885     1.24986000e-05
0.260972     1.24208000e-05
0.261059     1.20569000e-05
0.261146     1.93293000e-06
0.261233     1.14479000e-05
0.261320     7.99799000e-06
0.261408     9.88962000e-06
0.261495     1.20746000e-05
0.261582     1.23558000e-05
0.261669     1.23706000e-05
0.261756     1.21858000e-05
0.261844     1.13072000e-05
0.261931     2.97415000e-06
0.262018     9.99053000e-06
0.262105     1.19604000e-05
0.262193     1.22729000e-05
0.262280     1.21661000e-05
0.262368     1.02503000e-05
0.262455     9.63881000e-06
0.262543     1.21883000e-05
0.262630     1.24508000e-05
0.262718     1.25081000e-05
0.262805     1.24988000e-05
0.262893     1.24158000e-05
0.262980     1.17686000e-05
0.263068     1.06291000e-05
0.263156     1.20281000e-05
0.263244     1.11899000e-05
0.263331     5.29390000e-07
0.263419     1.08076000e-05
0.263507     1.20480000e-05
0.263595     1.22894000e-05
0.263683     1.23517000e-05
0.263770     1.23820000e-05
0.263858     1.23810000e-05
0.263946     1.23676000e-05
0.264034     1.23463000e-05
0.264122     1.23180000e-05
0.264210     1.22798000e-05
0.264298     1.22336000e-05
0.264387     1.21668000e-05
0.264475     1.17932000e-05
0.264563     1.14356000e-05
0.264651     1.00263000e-05
0.264739     1.06253000e-05
0.264827     4.62189000e-07
0.264916     1.02362000e-05
0.265004     1.15439000e-05
0.265092     1.17905000e-05
0.265181     1.18544000e-05
0.265269     1.18621000e-05
0.265358     1.18492000e-05
0.265446     1.18233000e-05
0.265534     1.17916000e-05
0.265623     1.17557000e-05
0.265712     1.17168000e-05
0.265800     1.16755000e-05
0.265889     1.16323000e-05
0.265977     1.15874000e-05
0.266066     1.15408000e-05
0.266155     1.14925000e-05
0.266243     1.14423000e-05
0.266332     1.13909000e-05
0.266421     1.13373000e-05
0.266510     1.12796000e-05
0.266599     1.12141000e-05
0.266687     1.11243000e-05
0.266776     8.59429000e-06
0.266865     1.92892000e-06
0.266954     1.07398000e-05
0.267043     1.08941000e-05
0.267132     1.08723000e-05
0.267221     1.08242000e-05
0.267310     1.07681000e-05
0.267399     1.03224000e-05
0.267489     1.06451000e-05
0.267578     1.05804000e-05
0.267667     1.05138000e-05
0.267756     1.04454000e-05
0.267845     1.03749000e-05
0.267935     1.02963000e-05
0.268024     1.02127000e-05
0.268113     3.12422000e-11
0.268203     1.00729000e-05
0.268292     1.00006000e-05
0.268382     9.92072000e-06
0.268471     9.83728000e-06
0.268560     9.74861000e-06
0.268650     9.65775000e-06
0.268740     9.55685000e-06
0.268829     9.43725000e-06
0.268919     9.25695000e-06
0.269008     8.56645000e-06
0.269098     2.24289000e-06
0.269188     8.73226000e-06
0.269277     8.90164000e-06
0.269367     8.84504000e-06
0.269457     8.65751000e-06
0.269547     8.53497000e-06
0.269637     8.53245000e-06
0.269727     8.41741000e-06
0.269816     8.28858000e-06
0.269906     8.15067000e-06
0.269996     7.95582000e-06
0.270086     7.84924000e-06
0.270176     7.68418000e-06
0.270266     7.50805000e-06
0.270357     7.31937000e-06
0.270447     7.11646000e-06
0.270537     6.89746000e-06
0.270627     6.65991000e-06
0.270717     6.39381000e-06
0.270807     6.11721000e-06
0.270898     5.80589000e-06
0.270988     5.46088000e-06
0.271078     5.07714000e-06
0.271169     4.64874000e-06
0.271259     4.16719000e-06
0.271350     3.62905000e-06
0.271440     3.02387000e-06
0.271530     2.35142000e-06
0.271621     1.59606000e-06
0.271712     9.19932000e-07
0.271802     3.70182000e-07
0.271893     9.09605000e-08
0.271983     5.63224000e-15
0.272074     7.80614000e-08
0.272165     3.32834000e-09
0.272255     2.39859000e-07
0.272346     6.06079000e-07
0.272437     9.26377000e-10
0.272528     1.15066000e-06
0.272619     2.13785000e-06
0.272709     2.99247000e-06
0.272800     3.52130000e-06
0.272891     3.91466000e-06
0.272982     2.66132000e-06
0.273073     4.44599000e-06
0.273164     4.60599000e-06
0.273255     4.69499000e-06
0.273346     4.70301000e-06
0.273438     1.77847000e-06
0.273529     4.34763000e-06
0.273620     3.69689000e-06
0.273711     2.22137000e-06
0.273802     2.74552000e-08
0.273894     1.64545000e-06
0.273985     3.14483000e-06
0.274076     3.23382000e-06
0.274168     2.38260000e-06
0.274259     5.49137000e-07
0.274350     1.11156000e-07
0.274442     9.18577000e-07
0.274533     8.46043000e-07
0.274625     3.08004000e-06
0.274716     3.47671000e-06
0.274808     3.30654000e-06
0.274900     2.59478000e-06
0.274991     1.13438000e-06
0.275083     1.87296000e-08
0.275175     6.58119000e-07
0.275266     2.27165000e-06
0.275358     3.19733000e-06
0.275450     1.50395000e-06
0.275542     3.58687000e-06
0.275633     2.60112000e-06
0.275725     9.14769000e-08
0.275817     3.10414000e-06
0.275909     3.87144000e-06
0.276001     4.07716000e-06
0.276093     4.13720000e-06
0.276185     4.14213000e-06
0.276277     4.10005000e-06
0.276369     4.08294000e-06
0.276461     4.03598000e-06
0.276554     3.98175000e-06
0.276646     3.92170000e-06
0.276738     3.85600000e-06
0.276830     3.66149000e-06
0.276923     3.70167000e-06
0.277015     3.59772000e-06
0.277107     3.42731000e-06
0.277200     2.91321000e-06
0.277292     3.12824000e-10
0.277384     2.80013000e-06
0.277477     3.18028000e-06
0.277569     3.20976000e-06
0.277662     3.17586000e-06
0.277754     3.12282000e-06
0.277847     3.06205000e-06
0.277940     2.99710000e-06
0.278032     2.93211000e-06
0.278125     2.86541000e-06
0.278218     2.79814000e-06
0.278310     2.73065000e-06
0.278403     2.66322000e-06
0.278496     2.59589000e-06
0.278589     2.52876000e-06
0.278682     2.46196000e-06
0.278775     2.39546000e-06
0.278867     2.32725000e-06
0.278960     2.26377000e-06
0.279053     2.19907000e-06
0.279146     2.13462000e-06
0.279239     2.07065000e-06
0.279333     2.00708000e-06
0.279426     1.94345000e-06
0.279519     1.87205000e-06
0.279612     1.77025000e-06
0.279705     1.75954000e-06
0.279798     1.70208000e-06
0.279892     1.64390000e-06
0.279985     1.58626000e-06
0.280078     1.52945000e-06
0.280172     1.47347000e-06
0.280265     1.41838000e-06
0.280358     1.36322000e-06
0.280452     1.31061000e-06
0.280545     1.25872000e-06
0.280639     1.20748000e-06
0.280732     1.15434000e-06
0.280826     1.05404000e-06
0.280920     1.06002000e-06
0.281013     1.01447000e-06
0.281107     9.69028000e-07
0.281201     9.24536000e-07
0.281294     8.81147000e-07
0.281388     8.38846000e-07
0.281482     7.97757000e-07
0.281576     7.57749000e-07
0.281670     7.18862000e-07
0.281764     6.81131000e-07
0.281857     6.44548000e-07
0.281951     6.09038000e-07
0.282045     5.74621000e-07
0.282139     5.38312000e-07
0.282233     5.09038000e-07
0.282328     4.78247000e-07
0.282422     4.48173000e-07
0.282516     4.18700000e-07
0.282610     3.82478000e-07
0.282704     3.59798000e-07
0.282798     3.38814000e-07
0.282893     3.13891000e-07
0.282987     2.90971000e-07
0.283081     2.68307000e-07
0.283176     2.46603000e-07
0.283270     2.25838000e-07
0.283364     2.06015000e-07
0.283459     1.87044000e-07
0.283553     1.68296000e-07
0.283648     1.38946000e-07
0.283742     1.36125000e-07
0.283837     1.21235000e-07
0.283932     1.07044000e-07
0.284026     9.36777000e-08
0.284121     6.02777000e-08
0.284216     6.96963000e-08
0.284310     5.90355000e-08
0.284405     4.91889000e-08
0.284500     4.01528000e-08
0.284595     3.20509000e-08
0.284690     2.47374000e-08
0.284785     1.82643000e-08
0.284880     1.26341000e-08
0.284974     7.86863000e-09
0.285069     4.02508000e-09
0.285164     1.27175000e-09
0.285260     6.22983000e-11
0.285355     1.83674000e-10
0.285450     1.76451000e-09
0.285545     4.75983000e-09
0.285640     8.75226000e-09
0.285735     1.36026000e-08
0.285831     1.92688000e-08
0.285926     2.57074000e-08
0.286021     3.29257000e-08
0.286116     4.09119000e-08
0.286212     4.96477000e-08
0.286307     5.91477000e-08
0.286403     6.93410000e-08
0.286498     7.98173000e-08
0.286594     9.21564000e-08
0.286689     1.04705000e-07
0.286785     1.17958000e-07
0.286880     1.31821000e-07
0.286976     1.43102000e-07
0.287072     1.60219000e-07
0.287167     1.78319000e-07
0.287263     1.95382000e-07
0.287359     2.12307000e-07
0.287455     2.17382000e-07
0.287550     2.35561000e-07
0.287646     2.69793000e-07
0.287742     2.92069000e-07
0.287838     3.14197000e-07
0.287934     3.36888000e-07
0.288030     3.60266000e-07
0.288126     3.84400000e-07
0.288222     4.09294000e-07
0.288318     4.34996000e-07
0.288414     4.61448000e-07
0.288510     4.88726000e-07
0.288607     5.16785000e-07
0.288703     5.45626000e-07
0.288799     5.75274000e-07
0.288895     6.05899000e-07
0.288992     6.37177000e-07
0.289088     6.69223000e-07
0.289184     7.02033000e-07
0.289281     7.35658000e-07
0.289377     7.70027000e-07
0.289473     8.05061000e-07
0.289570     8.41042000e-07
0.289666     8.77639000e-07
0.289763     9.14897000e-07
0.289860     9.52835000e-07
0.289956     9.91427000e-07
0.290053     1.03060000e-06
0.290150     1.07035000e-06
0.290246     1.11057000e-06
0.290343     1.15123000e-06
0.290440     1.19220000e-06
0.290537     1.23328000e-06
0.290633     1.27418000e-06
0.290730     1.31433000e-06
0.290827     1.35252000e-06
0.290924     1.38592000e-06
0.291021     1.40616000e-06
0.291118     1.37995000e-06
0.291215     1.08100000e-06
0.291312     4.51615000e-08
0.291409     1.28189000e-06
0.291507     1.56366000e-06
0.291604     1.67052000e-06
0.291701     1.73889000e-06
0.291798     1.79831000e-06
0.291895     1.85087000e-06
0.291993     1.90036000e-06
0.292090     1.94782000e-06
0.292187     1.99343000e-06
0.292285     2.03697000e-06
0.292382     2.07780000e-06
0.292480     2.11413000e-06
0.292577     2.14274000e-06
0.292675     2.15442000e-06
0.292772     2.12050000e-06
0.292870     1.88228000e-06
0.292967     1.81298000e-07
0.293065     1.57003000e-06
0.293163     2.11464000e-06
0.293261     2.19466000e-06
0.293358     2.14682000e-06
0.293456     1.97269000e-06
0.293554     1.57377000e-06
0.293652     7.68207000e-07
0.293750     3.73494000e-08
0.293848     2.55362000e-07
0.293946     1.21512000e-06
0.294044     1.84135000e-06
0.294142     1.91045000e-06
0.294240     4.88256000e-07
0.294338     2.34772000e-06
0.294436     2.52459000e-06
0.294534     2.49058000e-06
0.294632     2.24945000e-06
0.294730     1.56751000e-06
0.294829     2.09996000e-07
0.294927     2.95166000e-07
0.295025     1.66785000e-06
0.295123     2.32691000e-06
0.295222     2.50931000e-06
0.295320     2.26065000e-06
0.295419     9.14249000e-07
0.295517     3.38930000e-07
0.295616     2.06888000e-06
0.295714     2.21841000e-06
0.295813     6.22840000e-08
0.295911     2.14056000e-06
0.296010     2.75665000e-06
0.296109     2.81694000e-06
0.296207     2.70294000e-06
0.296306     2.45539000e-06
0.296405     2.04692000e-06
0.296504     1.41038000e-06
0.296603     9.55639000e-08
0.296701     1.19000000e-07
0.296800     1.48428000e-08
0.296899     3.38171000e-07
0.296998     9.39735000e-07
0.297097     5.90724000e-12
0.297196     1.35666000e-06
0.297295     8.13162000e-07
0.297394     8.51574000e-09
0.297494     5.21523000e-07
0.297593     1.67527000e-06
0.297692     2.28570000e-06
0.297791     2.52169000e-06
0.297890     2.51528000e-06
0.297990     2.30657000e-06
0.298089     1.88903000e-06
0.298188     1.23305000e-06
0.298288     4.90887000e-07
0.298387     5.85193000e-08
0.298487     3.45168000e-08
0.298586     3.97098000e-07
0.298686     1.14415000e-06
0.298785     1.81055000e-06
0.298885     2.25086000e-06
0.298984     2.46575000e-06
0.299084     2.45832000e-06
0.299184     2.20290000e-06
0.299284     1.63928000e-06
0.299383     7.45579000e-07
0.299483     6.75681000e-08
0.299583     8.49985000e-08
0.299683     7.90423000e-07
0.299783     1.59516000e-06
0.299883     1.91493000e-06
0.299983     1.62356000e-06
0.300083     6.19126000e-07
0.300183     8.05365000e-14
0.300283     6.37111000e-07
0.300383     1.77317000e-06
0.300483     2.38767000e-06
0.300583     2.57839000e-06
0.300683     2.37528000e-06
0.300783     1.50597000e-06
0.300884     4.36759000e-08
0.300984     9.22030000e-07
0.301084     2.02833000e-06
0.301185     2.28312000e-06
0.301285     2.20871000e-06
0.301386     1.98461000e-06
0.301486     1.67336000e-06
0.301586     1.30388000e-06
0.301687     9.00463000e-07
0.301788     4.67674000e-07
0.301888     2.04569000e-07
0.301989     9.39754000e-08
0.302089     1.67313000e-08
0.302190     9.94802000e-10
0.302291     5.53301000e-08
0.302392     1.81989000e-07
0.302492     2.05976000e-09
0.302593     4.56536000e-07
0.302694     7.07707000e-08
0.302795     1.08053000e-06
0.302896     1.70041000e-06
0.302997     2.13402000e-06
0.303098     2.47814000e-06
0.303199     2.74904000e-06
0.303300     2.93680000e-06
0.303401     3.00834000e-06
0.303502     2.88668000e-06
0.303603     2.40812000e-06
0.303705     1.27760000e-06
0.303806     3.80047000e-08
0.303907     5.95582000e-07
0.304008     2.12010000e-06
0.304110     3.01142000e-06
0.304211     3.45939000e-06
0.304313     3.60152000e-06
0.304414     3.48504000e-06
0.304515     3.06898000e-06
0.304617     2.26528000e-06
0.304719     9.96500000e-07
0.304820     4.14386000e-08
0.304922     2.75851000e-07
0.305023     1.60565000e-06
0.305125     2.73109000e-06
0.305227     3.44477000e-06
0.305328     3.83183000e-06
0.305430     3.94110000e-06
0.305532     3.77770000e-06
0.305634     3.30746000e-06
0.305736     2.47007000e-06
0.305838     1.08416000e-06
0.305940     1.30142000e-07
0.306042     7.46406000e-08
0.306144     1.05805000e-06
0.306246     2.40604000e-06
0.306348     3.46777000e-06
0.306450     4.27510000e-06
0.306552     4.89529000e-06
0.306654     5.38001000e-06
0.306756     5.74319000e-06
0.306859     6.03533000e-06
0.306961     6.35296000e-06
0.307063     6.58362000e-06
0.307166     6.78108000e-06
0.307268     6.95405000e-06
0.307370     7.10768000e-06
0.307473     7.24487000e-06
0.307575     7.36076000e-06
0.307678     7.16447000e-06
0.307780     7.58965000e-06
0.307883     7.69517000e-06
0.307986     7.79039000e-06
0.308088     7.87954000e-06
0.308191     7.96369000e-06
0.308294     8.04278000e-06
0.308397     8.10805000e-06
0.308499     8.14614000e-06
0.308602     8.26270000e-06
0.308705     8.33333000e-06
0.308808     8.39997000e-06
0.308911     8.46416000e-06
0.309014     8.52621000e-06
0.309117     8.58547000e-06
0.309220     8.60129000e-06
0.309323     8.69773000e-06
0.309426     8.75889000e-06
0.309529     8.81436000e-06
0.309632     8.86801000e-06
0.309736     8.91986000e-06
0.309839     8.96900000e-06
0.309942     9.01000000e-06
0.310045     8.91825000e-06
0.310149     7.63500000e-06
0.310252     9.14335000e-06
0.310356     9.21313000e-06
0.310459     9.26488000e-06
0.310563     9.31313000e-06
0.310666     9.35986000e-06
0.310770     9.40563000e-06
0.310873     9.45067000e-06
0.310977     9.49508000e-06
0.311080     9.53895000e-06
0.311184     9.58226000e-06
0.311288     9.62508000e-06
0.311392     9.66740000e-06
0.311495     9.35117000e-06
0.311599     9.75042000e-06
0.311703     9.78747000e-06
0.311807     9.82863000e-06
0.311911     9.87249000e-06
0.312015     9.91276000e-06
0.312119     9.95243000e-06
0.312223     9.99166000e-06
0.312327     1.00305000e-05
0.312431     1.00689000e-05
0.312535     1.01063000e-05
0.312640     1.00739000e-05
0.312744     1.01808000e-05
0.312848     1.02200000e-05
0.312952     1.02576000e-05
0.313057     1.02945000e-05
0.313161     1.03311000e-05
0.313265     1.03673000e-05
0.313370     1.04027000e-05
0.313474     1.04150000e-05
0.313579     1.04720000e-05
0.313683     1.05100000e-05
0.313788     1.05447000e-05
0.313892     1.05800000e-05
0.313997     1.06146000e-05
0.314102     1.06490000e-05
0.314206     1.06830000e-05
0.314311     1.07151000e-05
0.314416     5.23007000e-10
0.314521     1.07828000e-05
0.314626     1.08180000e-05
0.314730     1.08516000e-05
0.314835     1.08996000e-05
0.314940     1.09327000e-05
0.315045     1.09692000e-05
0.315150     1.10015000e-05
0.315255     1.10162000e-05
0.315360     1.10654000e-05
0.315466     1.10996000e-05
0.315571     1.11316000e-05
0.315676     1.11635000e-05
0.315781     1.11950000e-05
0.315886     1.12265000e-05
0.315992     1.12578000e-05
0.316097     1.12889000e-05
0.316202     1.13199000e-05
0.316308     1.13507000e-05
0.316413     1.13813000e-05
0.316519     1.14119000e-05
0.316624     1.14422000e-05
0.316730     1.14724000e-05
0.316835     1.15025000e-05
0.316941     1.15323000e-05
0.317047     1.15621000e-05
0.317152     1.15917000e-05
0.317258     1.16143000e-05
0.317364     1.16514000e-05
0.317469     1.16805000e-05
0.317575     1.17094000e-05
0.317681     1.17381000e-05
0.317787     1.17665000e-05
0.317893     1.17299000e-05
0.317999     1.18230000e-05
0.318105     1.18358000e-05
0.318211     1.18445000e-05
0.318317     1.19029000e-05
0.318423     1.19244000e-05
0.318529     1.18512000e-05
0.318635     1.18836000e-05
0.318742     1.20031000e-05
0.318848     1.20335000e-05
0.318954     1.20526000e-05
0.319061     1.20533000e-05
0.319167     1.19072000e-05
0.319273     7.82207000e-06
0.319380     1.12584000e-05
0.319486     1.19570000e-05
0.319593     1.21723000e-05
0.319699     1.21553000e-05
0.319806     9.68870000e-06
0.319912     1.22571000e-05
0.320019     1.22079000e-05
0.320126     1.23026000e-05
0.320232     1.23648000e-05
0.320339     1.24198000e-05
0.320446     1.24499000e-05
0.320553     1.24774000e-05
0.320660     1.25041000e-05
0.320766     1.25303000e-05
0.320873     1.25561000e-05
0.320980     1.25815000e-05
0.321087     1.26065000e-05
0.321194     1.26307000e-05
0.321301     1.26528000e-05
0.321409     1.26633000e-05
0.321516     1.17165000e-05
0.321623     1.26944000e-05
0.321730     1.27484000e-05
0.321837     1.27561000e-05
0.321945     1.28042000e-05
0.322052     1.26786000e-05
0.322159     1.28539000e-05
0.322267     1.28790000e-05
0.322374     1.29029000e-05
0.322481     1.29077000e-05
0.322589     1.29475000e-05
0.322696     1.29532000e-05
0.322804     1.29352000e-05
0.322912     1.29947000e-05
0.323019     1.21785000e-05
0.323127     1.30459000e-05
0.323235     1.30741000e-05
0.323342     1.30795000e-05
0.323450     1.29999000e-05
0.323558     2.20467000e-06
0.323666     1.27540000e-05
0.323774     1.29401000e-05
0.323882     1.31883000e-05
0.323990     1.32359000e-05
0.324098     1.32663000e-05
0.324206     1.32919000e-05
0.324314     1.33150000e-05
0.324422     1.33352000e-05
0.324530     1.33458000e-05
0.324638     1.32207000e-05
0.324746     1.32184000e-05
0.324855     1.34120000e-05
0.324963     1.34474000e-05
0.325071     1.34731000e-05
0.325180     1.34964000e-05
0.325288     1.35188000e-05
0.325396     1.35408000e-05
0.325505     1.35623000e-05
0.325613     1.35837000e-05
0.325722     1.36050000e-05
0.325830     1.36251000e-05
0.325939     1.36466000e-05
0.326048     1.36669000e-05
0.326156     1.36864000e-05
0.326265     1.37043000e-05
0.326374     1.37170000e-05
0.326483     1.36975000e-05
0.326592     7.77580000e-06
0.326700     1.37207000e-05
0.326809     1.37958000e-05
0.326918     1.36975000e-05
0.327027     1.38485000e-05
0.327136     1.38697000e-05
0.327245     1.38900000e-05
0.327354     1.38793000e-05
0.327463     1.39294000e-05
0.327573     1.39486000e-05
0.327682     1.39675000e-05
0.327791     1.39862000e-05
0.327900     1.40045000e-05
0.328010     1.40206000e-05
0.328119     1.40401000e-05
0.328228     1.40573000e-05
0.328338     1.40739000e-05
0.328447     1.40880000e-05
0.328557     1.41052000e-05
0.328666     1.41198000e-05
0.328776     1.41314000e-05
0.328885     1.41449000e-05
0.328995     1.41548000e-05
0.329105     1.41621000e-05
0.329214     1.41657000e-05
0.329324     1.41641000e-05
0.329434     1.41546000e-05
0.329544     1.41328000e-05
0.329653     1.40905000e-05
0.329763     1.40116000e-05
0.329873     1.38604000e-05
0.329983     1.35448000e-05
0.330093     1.27715000e-05
0.330203     1.02684000e-05
0.330313     9.01255000e-07
0.330423     3.25877000e-06
0.330534     1.13374000e-05
0.330644     1.31408000e-05
0.330754     1.37702000e-05
0.330864     1.40635000e-05
0.330975     1.42274000e-05
0.331085     1.43316000e-05
0.331195     1.44047000e-05
0.331306     1.44598000e-05
0.331416     1.45038000e-05
0.331526     1.45407000e-05
0.331637     1.45728000e-05
0.331748     1.46014000e-05
0.331858     1.46276000e-05
0.331969     1.46518000e-05
0.332079     1.46747000e-05
0.332190     1.46964000e-05
0.332301     1.47172000e-05
0.332412     1.47374000e-05
0.332522     1.47569000e-05
0.332633     1.47759000e-05
0.332744     1.47945000e-05
0.332855     1.48127000e-05
0.332966     1.48304000e-05
0.333077     1.48481000e-05
0.333188     1.48654000e-05
0.333299     1.48825000e-05
0.333410     1.48994000e-05
0.333521     1.49160000e-05
0.333632     1.49326000e-05
0.333744     1.49488000e-05
0.333855     1.49650000e-05
0.333966     1.49803000e-05
0.334078     1.49966000e-05
0.334189     1.50124000e-05
0.334300     1.50280000e-05
0.334412     1.50433000e-05
0.334523     1.50586000e-05
0.334635     1.50737000e-05
0.334746     1.50881000e-05
0.334858     1.51034000e-05
0.334969     1.51181000e-05
0.335081     1.51326000e-05
0.335193     1.51471000e-05
0.335305     1.51613000e-05
0.335416     1.51753000e-05
0.335528     1.51892000e-05
0.335640     1.51991000e-05
0.335752     1.52153000e-05
0.335864     1.52303000e-05
0.335976     1.52430000e-05
0.336088     1.52552000e-05
0.336200     1.52697000e-05
0.336312     1.52826000e-05
0.336424     1.52950000e-05
0.336536     1.53076000e-05
0.336648     1.53198000e-05
0.336760     1.53319000e-05
0.336873     1.53435000e-05
0.336985     1.53552000e-05
0.337097     1.53666000e-05
0.337210     1.53777000e-05
0.337322     1.53886000e-05
0.337435     1.53988000e-05
0.337547     1.54065000e-05
0.337660     1.54192000e-05
0.337772     1.54292000e-05
0.337885     1.54385000e-05
0.337997     1.54371000e-05
0.338110     1.54561000e-05
0.338223     1.54645000e-05
0.338335     1.54724000e-05
0.338448     1.54798000e-05
0.338561     1.54863000e-05
0.338674     1.54931000e-05
0.338787     1.54990000e-05
0.338900     1.55043000e-05
0.339013     1.55090000e-05
0.339126     1.55130000e-05
0.339239     1.55161000e-05
0.339352     1.55183000e-05
0.339465     1.55199000e-05
0.339578     1.55201000e-05
0.339691     1.55171000e-05
0.339804     1.52490000e-05
0.339918     1.55124000e-05
0.340031     1.26588000e-05
0.340144     1.54981000e-05
0.340258     1.45396000e-05
0.340371     1.54831000e-05
0.340485     1.54734000e-05
0.340598     1.54630000e-05
0.340712     1.54479000e-05
0.340825     1.54288000e-05
0.340939     1.54062000e-05
0.341052     1.53808000e-05
0.341166     1.53359000e-05
0.341280     1.53141000e-05
0.341394     1.52734000e-05
0.341507     1.52255000e-05
0.341621     1.51703000e-05
0.341735     1.51058000e-05
0.341849     1.50283000e-05
0.341963     1.49441000e-05
0.342077     1.48425000e-05
0.342191     1.47233000e-05
0.342305     1.45832000e-05
0.342419     1.44172000e-05
0.342533     1.42199000e-05
0.342648     1.39833000e-05
0.342762     1.35135000e-05
0.342876     1.33594000e-05
0.342990     1.29452000e-05
0.343105     1.24364000e-05
0.343219     1.18107000e-05
0.343333     1.10386000e-05
0.343448     1.00853000e-05
0.343562     8.91688000e-06
0.343677     7.50513000e-06
0.343791     5.84742000e-06
0.343906     3.96428000e-06
0.344021     1.85805000e-06
0.344135     4.59035000e-08
0.344250     5.69231000e-07
0.344365     1.55060000e-06
0.344480     6.54664000e-08
0.344594     4.82971000e-06
0.344709     7.15458000e-06
0.344824     8.63028000e-06
0.344939     9.99337000e-06
0.345054     1.09543000e-05
0.345169     1.17136000e-05
0.345284     1.23027000e-05
0.345399     1.27854000e-05
0.345514     1.31596000e-05
0.345630     1.34395000e-05
0.345745     1.36357000e-05
0.345860     1.37478000e-05
0.345975     1.37660000e-05
0.346091     1.36481000e-05
0.346206     1.33270000e-05
0.346321     1.26132000e-05
0.346437     1.10428000e-05
0.346552     7.48333000e-06
0.346668     5.45552000e-07
0.346783     5.72730000e-06
0.346899     1.00612000e-05
0.347015     1.17211000e-05
0.347130     1.20512000e-05
0.347246     1.15000000e-05
0.347362     9.95265000e-06
0.347477     6.91605000e-06
0.347593     1.98002000e-06
0.347709     2.33376000e-06
0.347825     4.21807000e-06
0.347941     9.01009000e-06
0.348057     1.13091000e-05
0.348173     1.25102000e-05
0.348289     1.31097000e-05
0.348405     1.31526000e-05
0.348521     1.32003000e-05
0.348637     1.26935000e-05
0.348754     1.16380000e-05
0.348870     9.70813000e-06
0.348986     6.41553000e-06
0.349103     1.71766000e-06
0.349219     2.02943000e-06
0.349335     6.62620000e-06
0.349452     9.74233000e-06
0.349568     1.12957000e-05
0.349685     1.11318000e-05
0.349801     6.99951000e-06
0.349918     2.90298000e-06
0.350035     1.07294000e-05
0.350151     1.34379000e-05
0.350268     1.45381000e-05
0.350385     1.51098000e-05
0.350502     1.54582000e-05
0.350618     1.56939000e-05
0.350735     1.58646000e-05
0.350852     1.60140000e-05
0.350969     1.61144000e-05
0.351086     1.53620000e-05
0.351203     1.62493000e-05
0.351320     1.62671000e-05
0.351437     1.57524000e-05
0.351554     1.61332000e-05
0.351672     1.63655000e-05
0.351789     1.63896000e-05
0.351906     1.63734000e-05
0.352023     1.63125000e-05
0.352141     1.61241000e-05
0.352258     1.53886000e-05
0.352376     1.54444000e-05
0.352493     1.40569000e-05
0.352611     9.23732000e-06
0.352728     2.17258000e-06
0.352846     1.19160000e-05
0.352963     1.48521000e-05
0.353081     1.58388000e-05
0.353199     1.62787000e-05
0.353316     1.65063000e-05
0.353434     1.66433000e-05
0.353552     1.67344000e-05
0.353670     1.67999000e-05
0.353788     1.68494000e-05
0.353906     1.68885000e-05
0.354024     1.69195000e-05
0.354142     1.68947000e-05
0.354260     1.69713000e-05
0.354378     1.69979000e-05
0.354496     1.70176000e-05
0.354614     1.70350000e-05
0.354732     1.70508000e-05
0.354850     1.70651000e-05
0.354969     1.70782000e-05
0.355087     1.19642000e-05
0.355205     1.71006000e-05
0.355324     1.71091000e-05
0.355442     1.71039000e-05
0.355561     1.70914000e-05
0.355679     1.71252000e-05
0.355798     1.71109000e-05
0.355916     1.66397000e-05
0.356035     1.71646000e-05
0.356154     1.72550000e-05
0.356272     1.72499000e-05
0.356391     1.72060000e-05
0.356510     1.69733000e-05
0.356629     9.92435000e-06
0.356748     1.68095000e-05
0.356867     1.68906000e-05
0.356986     1.61406000e-05
0.357105     4.24363000e-06
0.357224     9.54746000e-06
0.357343     1.68533000e-05
0.357462     1.70218000e-05
0.357581     1.70173000e-05
0.357700     1.68814000e-05
0.357819     1.66482000e-05
0.357939     1.60534000e-05
0.358058     1.44395000e-05
0.358177     8.14678000e-06
0.358297     1.08498000e-05
0.358416     1.50028000e-05
0.358536     1.59626000e-05
0.358655     1.17877000e-05
0.358775     1.48920000e-05
0.358894     1.67941000e-05
0.359014     4.54676000e-07
0.359134     1.72102000e-05
0.359253     1.73352000e-05
0.359373     1.73876000e-05
0.359493     1.74200000e-05
0.359613     1.74435000e-05
0.359733     1.74735000e-05
0.359852     1.74863000e-05
0.359972     1.74955000e-05
0.360092     1.75016000e-05
0.360212     1.75042000e-05
0.360332     1.75025000e-05
0.360453     1.74935000e-05
0.360573     1.74701000e-05
0.360693     1.74090000e-05
0.360813     1.71874000e-05
0.360933     1.52348000e-05
0.361054     1.56779000e-05
0.361174     1.72072000e-05
0.361294     1.74082000e-05
0.361415     1.74448000e-05
0.361535     1.74350000e-05
0.361656     1.73568000e-05
0.361776     1.71167000e-05
0.361897     1.56588000e-05
0.362018     1.27357000e-05
0.362138     1.68617000e-05
0.362259     1.72884000e-05
0.362380     1.73933000e-05
0.362501     1.74268000e-05
0.362621     1.74227000e-05
0.362742     1.73898000e-05
0.362863     1.73067000e-05
0.362984     1.70963000e-05
0.363105     1.63257000e-05
0.363226     9.17528000e-06
0.363347     1.53557000e-05
0.363468     1.68841000e-05
0.363590     1.71944000e-05
0.363711     1.72913000e-05
0.363832     1.73191000e-05
0.363953     1.73157000e-05
0.364075     1.72988000e-05
0.364196     1.72597000e-05
0.364317     1.71906000e-05
0.364439     1.70745000e-05
0.364560     1.68416000e-05
0.364682     1.62574000e-05
0.364803     1.38764000e-05
0.364925     9.76719000e-06
0.365047     2.14305000e-06
0.365168     1.50385000e-05
0.365290     1.64194000e-05
0.365412     1.67652000e-05
0.365534     1.68847000e-05
0.365655     1.69200000e-05
0.365777     1.69188000e-05
0.365899     1.68923000e-05
0.366021     1.68496000e-05
0.366143     1.67920000e-05
0.366265     1.67210000e-05
0.366387     1.66356000e-05
0.366509     1.65302000e-05
0.366632     1.64073000e-05
0.366754     1.62566000e-05
0.366876     1.60702000e-05
0.366998     1.58359000e-05
0.367121     1.55333000e-05
0.367243     1.51300000e-05
0.367366     1.45769000e-05
0.367488     1.37808000e-05
0.367610     1.25851000e-05
0.367733     1.07167000e-05
0.367856     7.79029000e-06
0.367978     3.69369000e-06
0.368101     7.90428000e-09
0.368224     3.97578000e-06
0.368346     5.98997000e-06
0.368469     6.70992000e-06
0.368592     1.12385000e-05
0.368715     1.24983000e-05
0.368838     7.24912000e-06
0.368961     1.33294000e-05
0.369084     1.38077000e-05
0.369207     1.38831000e-05
0.369330     1.38175000e-05
0.369453     1.36557000e-05
0.369576     1.34095000e-05
0.369699     1.30769000e-05
0.369822     1.26468000e-05
0.369946     1.20888000e-05
0.370069     1.13513000e-05
0.370192     1.03354000e-05
0.370316     8.84559000e-06
0.370439     6.52891000e-06
0.370563     2.99379000e-06
0.370686     2.99213000e-07
0.370810     4.03121000e-06
0.370933     4.54130000e-06
0.371057     6.43356000e-06
0.371181     6.88670000e-06
0.371304     6.30082000e-06
0.371428     5.43164000e-06
0.371552     4.41275000e-06
0.371676     3.31344000e-06
0.371800     2.16441000e-06
0.371924     9.68265000e-07
0.372048     5.75944000e-08
0.372172     1.27734000e-07
0.372296     9.03961000e-07
0.372420     1.31865000e-06
0.372544     3.00562000e-06
0.372668     4.10739000e-06
0.372792     4.96042000e-06
0.372917     5.51291000e-06
0.373041     5.79120000e-06
0.373165     5.51517000e-06
0.373290     4.40644000e-06
0.373414     7.55382000e-07
0.373539     2.58559000e-06
0.373663     1.67282000e-06
0.373788     6.47357000e-08
0.373912     7.70488000e-07
0.374037     2.52829000e-06
0.374162     3.84936000e-06
0.374286     4.41787000e-06
0.374411     3.85070000e-06
0.374536     2.12271000e-06
0.374661     6.08556000e-10
0.374786     1.68306000e-06
0.374910     2.64276000e-07
0.375035     2.43981000e-06
0.375160     5.24296000e-06
0.375286     7.16503000e-06
0.375411     8.60887000e-06
0.375536     9.73404000e-06
0.375661     1.05972000e-05
0.375786     1.10567000e-05
0.375911     6.42232000e-06
0.376037     1.16934000e-05
0.376162     1.27892000e-05
0.376287     1.32058000e-05
0.376413     1.25699000e-05
0.376538     1.20088000e-05
0.376664     1.39450000e-05
0.376789     1.20556000e-05
0.376915     1.41350000e-05
0.377041     1.49509000e-05
0.377166     1.52379000e-05
0.377292     1.54396000e-05
0.377418     1.56082000e-05
0.377544     1.57537000e-05
0.377669     1.58826000e-05
0.377795     1.59980000e-05
0.377921     1.61011000e-05
0.378047     1.61914000e-05
0.378173     1.62752000e-05
0.378299     1.63465000e-05
0.378425     1.64076000e-05
0.378552     1.64516000e-05
0.378678     1.64539000e-05
0.378804     1.61454000e-05
0.378930     1.45163000e-05
0.379057     1.64854000e-05
0.379183     1.46758000e-05
0.379309     1.66054000e-05
0.379436     1.64826000e-05
0.379562     1.46991000e-05
0.379689     1.58159000e-05
0.379815     1.62276000e-05
0.379942     1.06900000e-05
0.380069     5.70566000e-06
0.380195     1.61857000e-05
0.380322     1.64785000e-05
0.380449     1.65035000e-05
0.380576     1.64638000e-05
0.380702     1.63885000e-05
0.380829     1.62815000e-05
0.380956     1.61399000e-05
0.381083     1.59574000e-05
0.381210     1.57156000e-05
0.381337     1.54028000e-05
0.381464     1.49878000e-05
0.381592     1.44145000e-05
0.381719     1.33125000e-05
0.381846     1.25231000e-05
0.381973     1.06550000e-05
0.382101     6.19275000e-06
0.382228     6.48490000e-06
0.382355     4.77567000e-06
0.382483     1.28654000e-06
0.382610     9.34001000e-07
0.382738     4.08425000e-06
0.382865     7.48949000e-06
0.382993     9.92417000e-06
0.383121     1.15419000e-05
0.383248     1.25154000e-05
0.383376     1.27478000e-05
0.383504     7.99035000e-06
0.383632     1.25584000e-05
0.383760     1.37502000e-05
0.383888     1.39024000e-05
0.384016     1.35721000e-05
0.384144     5.49896000e-06
0.384272     1.30896000e-05
0.384400     1.31568000e-05
0.384528     1.28030000e-05
0.384656     1.22843000e-05
0.384784     1.16289000e-05
0.384913     1.08191000e-05
0.385041     9.69082000e-06
0.385169     8.63063000e-06
0.385298     7.43728000e-06
0.385426     5.87883000e-06
0.385555     3.98814000e-06
0.385683     1.35766000e-06
0.385812     1.23950000e-06
0.385940     1.21458000e-06
0.386069     3.70501000e-08
0.386198     5.22649000e-07
0.386326     2.05279000e-06
0.386455     3.56147000e-06
0.386584     5.04043000e-06
0.386713     6.39972000e-06
0.386842     7.70074000e-06
0.386971     8.75614000e-06
0.387100     9.57532000e-06
0.387229     1.00944000e-05
0.387358     2.12947000e-06
0.387487     1.01062000e-05
0.387616     9.45826000e-06
0.387745     7.43569000e-06
0.387874     3.36568000e-06
0.388004     1.06985000e-06
0.388133     5.68649000e-06
0.388262     7.40457000e-06
0.388392     6.69589000e-06
0.388521     4.46994000e-06
0.388651     1.53938000e-06
0.388780     4.51981000e-07
0.388910     3.49122000e-06
0.389040     6.28245000e-06
0.389169     8.39003000e-06
0.389299     9.54495000e-06
0.389429     9.37138000e-06
0.389559     6.37255000e-06
0.389688     3.58128000e-07
0.389818     6.66338000e-06
0.389948     5.43194000e-06
0.390078     7.03724000e-09
0.390208     5.45576000e-06
0.390338     9.68004000e-06
0.390468     1.16117000e-05
0.390599     1.13228000e-05
0.390729     3.14903000e-06
0.390859     9.68290000e-06
0.390989     1.34984000e-05
0.391120     1.44716000e-05
0.391250     1.47741000e-05
0.391380     1.47666000e-05
0.391511     1.45048000e-05
0.391641     1.39299000e-05
0.391772     1.28170000e-05
0.391903     1.07839000e-05
0.392033     6.29120000e-06
0.392164     1.52852000e-06
0.392295     3.81133000e-06
0.392425     4.75835000e-07
0.392556     5.58259000e-06
0.392687     7.21311000e-06
0.392818     3.83590000e-06
0.392949     1.92500000e-06
0.393080     2.20427000e-06
0.393211     2.65743000e-06
0.393342     7.76973000e-06
0.393473     1.11031000e-05
0.393604     1.31278000e-05
0.393735     1.44149000e-05
0.393867     1.52814000e-05
0.393998     1.58903000e-05
0.394129     1.63058000e-05
0.394261     1.66331000e-05
0.394392     1.69499000e-05
0.394524     1.71698000e-05
0.394655     1.73457000e-05
0.394787     1.74920000e-05
0.394918     1.76162000e-05
0.395050     1.77218000e-05
0.395181     1.78121000e-05
0.395313     1.78925000e-05
0.395445     1.79635000e-05
0.395577     1.80264000e-05
0.395709     1.80754000e-05
0.395841     1.81332000e-05
0.395973     1.81794000e-05
0.396105     1.82182000e-05
0.396237     1.82600000e-05
0.396369     1.82944000e-05
0.396501     1.83252000e-05
0.396633     1.83503000e-05
0.396765     1.83782000e-05
0.396897     1.83976000e-05
0.397030     1.59038000e-05
0.397162     1.84368000e-05
0.397294     1.84438000e-05
0.397427     1.84978000e-05
0.397559     1.85209000e-05
0.397692     1.85395000e-05
0.397824     1.85566000e-05
0.397957     1.85641000e-05
0.398090     1.85902000e-05
0.398222     1.80438000e-05
0.398355     1.86191000e-05
0.398488     1.86285000e-05
0.398621     1.86469000e-05
0.398754     1.86602000e-05
0.398886     1.86711000e-05
0.399019     1.86810000e-05
0.399152     1.86927000e-05
0.399286     1.87061000e-05
0.399419     1.87142000e-05
0.399552     1.87260000e-05
0.399685     1.87330000e-05
0.399818     1.87452000e-05
0.399951     1.87543000e-05
0.400085     1.87621000e-05
0.400218     1.87680000e-05
0.400352     1.87770000e-05
0.400485     1.87806000e-05
0.400618     1.83788000e-05
0.400752     1.87889000e-05
0.400886     1.88059000e-05
0.401019     1.88157000e-05
0.401153     1.88230000e-05
0.401287     1.88295000e-05
0.401420     1.88361000e-05
0.401554     1.88431000e-05
0.401688     1.88413000e-05
0.401822     1.88478000e-05
0.401956     1.88577000e-05
0.402090     1.88639000e-05
0.402224     1.88696000e-05
0.402358     1.88603000e-05
0.402492     1.88791000e-05
0.402626     1.88827000e-05
0.402760     1.88862000e-05
0.402895     1.88887000e-05
0.403029     1.88862000e-05
0.403163     1.88297000e-05
0.403298     1.88944000e-05
0.403432     1.86852000e-05
0.403567     1.88897000e-05
0.403701     1.88809000e-05
0.403836     1.88617000e-05
0.403970     1.88337000e-05
0.404105     1.87638000e-05
0.404240     1.85894000e-05
0.404374     1.78406000e-05
0.404509     5.30649000e-06
0.404644     1.64180000e-05
0.404779     1.53182000e-05
0.404914     1.69006000e-05
0.405049     1.85603000e-05
0.405184     1.87908000e-05
0.405319     1.88695000e-05
0.405454     1.89086000e-05
0.405589     1.89320000e-05
0.405724     1.89468000e-05
0.405860     1.89570000e-05
0.405995     1.89641000e-05
0.406130     1.89665000e-05
0.406266     1.89597000e-05
0.406401     1.88131000e-05
0.406537     1.87535000e-05
0.406672     1.89718000e-05
0.406808     1.89911000e-05
0.406943     1.89974000e-05
0.407079     1.89945000e-05
0.407215     1.89141000e-05
0.407350     1.88742000e-05
0.407486     1.89901000e-05
0.407622     1.90165000e-05
0.407758     1.90107000e-05
0.407894     1.90272000e-05
0.408030     1.90282000e-05
0.408166     1.90331000e-05
0.408302     1.90302000e-05
0.408438     1.90388000e-05
0.408574     1.90395000e-05
0.408710     1.90436000e-05
0.408846     1.90462000e-05
0.408983     1.90422000e-05
0.409119     1.90504000e-05
0.409255     1.90523000e-05
0.409392     1.90548000e-05
0.409528     1.90568000e-05
0.409665     1.90593000e-05
0.409801     1.90610000e-05
0.409938     1.90622000e-05
0.410075     1.90650000e-05
0.410211     1.90645000e-05
0.410348     1.90685000e-05
0.410485     1.90691000e-05
0.410622     1.90715000e-05
0.410758     1.90682000e-05
0.410895     1.90748000e-05
0.411032     1.90751000e-05
0.411169     1.90781000e-05
0.411306     1.90806000e-05
0.411444     1.90819000e-05
0.411581     1.90832000e-05
0.411718     1.90850000e-05
0.411855     1.90863000e-05
0.411992     1.90874000e-05
0.412130     1.90887000e-05
0.412267     1.90894000e-05
0.412405     1.90915000e-05
0.412542     1.90920000e-05
0.412679     1.90920000e-05
0.412817     1.90945000e-05
0.412955     1.90954000e-05
0.413092     1.90932000e-05
0.413230     1.90780000e-05
0.413368     1.90182000e-05
0.413506     1.90939000e-05
0.413643     1.90987000e-05
0.413781     1.90996000e-05
0.413919     1.91030000e-05
0.414057     1.91032000e-05
0.414195     1.91020000e-05
0.414333     1.90948000e-05
0.414471     1.87836000e-05
0.414610     1.90760000e-05
0.414748     1.91011000e-05
0.414886     1.32288000e-05
0.415024     1.90999000e-05
0.415163     1.91113000e-05
0.415301     1.91095000e-05
0.415439     1.91127000e-05
0.415578     1.91140000e-05
0.415716     1.91115000e-05
0.415855     1.91214000e-05
0.415994     1.91119000e-05
0.416132     1.91218000e-05
0.416271     1.91243000e-05
0.416410     1.91221000e-05
0.416549     1.91250000e-05
0.416687     1.91161000e-05
0.416826     1.91149000e-05
0.416965     1.91270000e-05
0.417104     1.91271000e-05
0.417243     1.91271000e-05
0.417382     1.90899000e-05
0.417521     1.91199000e-05
0.417661     1.91274000e-05
0.417800     1.91284000e-05
0.417939     1.91265000e-05
0.418078     1.91305000e-05
0.418218     1.91303000e-05
0.418357     1.91115000e-05
0.418497     1.91308000e-05
0.418636     1.91312000e-05
0.418776     1.91311000e-05
0.418915     1.91300000e-05
0.419055     1.91286000e-05
0.419195     1.91303000e-05
0.419334     1.91328000e-05
0.419474     1.91296000e-05
0.419614     1.91231000e-05
0.419754     1.91296000e-05
0.419894     1.91315000e-05
0.420034     1.90055000e-05
0.420174     1.91073000e-05
0.420314     1.52402000e-05
0.420454     1.91005000e-05
0.420594     1.91266000e-05
0.420734     1.91285000e-05
0.420874     1.91322000e-05
0.421015     1.91336000e-05
0.421155     1.89856000e-05
0.421295     1.91323000e-05
0.421436     1.91295000e-05
0.421576     1.91336000e-05
0.421717     1.90286000e-05
0.421858     1.91310000e-05
0.421998     1.91343000e-05
0.422139     1.91348000e-05
0.422279     1.91352000e-05
0.422420     1.91356000e-05
0.422561     1.91372000e-05
0.422702     1.91391000e-05
0.422843     1.91430000e-05
0.422984     1.91357000e-05
0.423125     1.91363000e-05
0.423266     1.91355000e-05
0.423407     1.91349000e-05
0.423548     1.91341000e-05
0.423689     1.91321000e-05
0.423830     1.91119000e-05
0.423972     1.91322000e-05
0.424113     1.91127000e-05
0.424254     1.91320000e-05
0.424396     1.91318000e-05
0.424537     1.91294000e-05
0.424679     1.91276000e-05
0.424820     1.91290000e-05
0.424962     1.83165000e-05
0.425104     1.90970000e-05
0.425245     1.90018000e-05
0.425387     1.91218000e-05
0.425529     1.91292000e-05
0.425671     1.91114000e-05
0.425813     1.91259000e-05
0.425955     1.35837000e-05
0.426097     1.91227000e-05
0.426239     1.91130000e-05
0.426381     1.91222000e-05
0.426523     1.91191000e-05
0.426665     1.91102000e-05
0.426807     1.91085000e-05
0.426949     1.90934000e-05
0.427092     1.90375000e-05
0.427234     1.46824000e-05
0.427377     1.86173000e-05
0.427519     1.90502000e-05
0.427661     1.90954000e-05
0.427804     1.90937000e-05
0.427947     1.91082000e-05
0.428089     1.91124000e-05
0.428232     1.91136000e-05
0.428375     1.91122000e-05
0.428518     1.91124000e-05
0.428660     1.91120000e-05
0.428803     1.91118000e-05
0.428946     1.91108000e-05
0.429089     1.91167000e-05
0.429232     1.91063000e-05
0.429375     1.91058000e-05
0.429518     1.86685000e-05
0.429662     1.91010000e-05
0.429805     1.91058000e-05
0.429948     1.91033000e-05
0.430091     1.91040000e-05
0.430235     1.91026000e-05
0.430378     1.90995000e-05
0.430522     1.90893000e-05
0.430665     1.89788000e-05
0.430809     1.89238000e-05
0.430952     1.81753000e-05
0.431096     1.90438000e-05
0.431240     1.90809000e-05
0.431383     1.90903000e-05
0.431527     1.90911000e-05
0.431671     1.90921000e-05
0.431815     1.90909000e-05
0.431959     1.90905000e-05
0.432103     1.90891000e-05
0.432247     1.90846000e-05
0.432391     1.90775000e-05
0.432535     1.90443000e-05
0.432679     1.70565000e-05
0.432823     1.90131000e-05
0.432968     1.90698000e-05
0.433112     1.90755000e-05
0.433256     1.90797000e-05
0.433401     1.90798000e-05
0.433545     1.90803000e-05
0.433690     1.90780000e-05
0.433834     1.88902000e-05
0.433979     1.90776000e-05
0.434124     1.90780000e-05
0.434268     1.89410000e-05
0.434413     1.90744000e-05
0.434558     1.90733000e-05
0.434703     1.90716000e-05
0.434848     5.99308000e-07
0.434993     1.90670000e-05
0.435138     1.90661000e-05
0.435283     1.90679000e-05
0.435428     1.90618000e-05
0.435573     1.90645000e-05
0.435718     1.90620000e-05
0.435863     1.90602000e-05
0.436009     1.90601000e-05
0.436154     1.90585000e-05
0.436299     1.90544000e-05
0.436445     1.90469000e-05
0.436590     1.90534000e-05
0.436736     1.90465000e-05
0.436881     1.89131000e-05
0.437027     1.90478000e-05
0.437173     1.90467000e-05
0.437318     1.90436000e-05
0.437464     1.90373000e-05
0.437610     1.90095000e-05
0.437756     1.88318000e-05
0.437902     1.90165000e-05
0.438048     1.90153000e-05
0.438194     1.89883000e-05
0.438340     1.88363000e-05
0.438486     1.12608000e-05
0.438632     1.88673000e-05
0.438778     1.89872000e-05
0.438925     1.90088000e-05
0.439071     1.90113000e-05
0.439217     1.89758000e-05
0.439364     1.90156000e-05
0.439510     1.90149000e-05
0.439657     1.90196000e-05
0.439803     1.90174000e-05
0.439950     1.90100000e-05
0.440096     1.90081000e-05
0.440243     1.90056000e-05
0.440390     1.89917000e-05
0.440537     1.87879000e-05
0.440684     1.88896000e-05
0.440830     1.89800000e-05
0.440977     1.89942000e-05
0.441124     1.89985000e-05
0.441271     1.89898000e-05
0.441418     1.89908000e-05
0.441566     1.89629000e-05
0.441713     1.89660000e-05
0.441860     1.89897000e-05
0.442007     1.89925000e-05
0.442155     1.89864000e-05
0.442302     1.89884000e-05
0.442449     1.63647000e-05
0.442597     1.89633000e-05
0.442745     1.85536000e-05
0.442892     1.87978000e-05
0.443040     1.88669000e-05
0.443187     1.64824000e-05
0.443335     1.87799000e-05
0.443483     1.89446000e-05
0.443631     1.89306000e-05
0.443779     1.89528000e-05
0.443927     1.89642000e-05
0.444075     1.89663000e-05
0.444223     1.89564000e-05
0.444371     1.89312000e-05
0.444519     1.89603000e-05
0.444667     1.88997000e-05
0.444815     1.88999000e-05
0.444963     1.89550000e-05
0.445112     1.89541000e-05
0.445260     1.89470000e-05
0.445409     1.89470000e-05
0.445557     1.89431000e-05
0.445705     1.89353000e-05
0.445854     1.89398000e-05
0.446003     1.89348000e-05
0.446151     1.89304000e-05
0.446300     1.79018000e-05
0.446449     1.89203000e-05
0.446598     1.89312000e-05
0.446747     1.88777000e-05
0.446895     1.89240000e-05
0.447044     1.89205000e-05
0.447193     1.88572000e-05
0.447342     1.88735000e-05
0.447492     1.89186000e-05
0.447641     1.88874000e-05
0.447790     1.89143000e-05
0.447939     1.89104000e-05
0.448089     1.89012000e-05
0.448238     1.89066000e-05
0.448387     1.88847000e-05
0.448537     1.88473000e-05
0.448686     1.87427000e-05
0.448836     1.85632000e-05
0.448985     1.88944000e-05
0.449135     1.87154000e-05
0.449285     1.88889000e-05
0.449435     1.88865000e-05
0.449584     1.66384000e-05
0.449734     1.85775000e-05
0.449884     1.88792000e-05
0.450034     1.88770000e-05
0.450184     1.87833000e-05
0.450334     1.88739000e-05
0.450484     1.88707000e-05
0.450634     1.88654000e-05
0.450785     1.88691000e-05
0.450935     1.87926000e-05
0.451085     1.85384000e-05
0.451236     1.88577000e-05
0.451386     1.88470000e-05
0.451537     1.88565000e-05
0.451687     1.88481000e-05
0.451838     1.87499000e-05
0.451988     1.88324000e-05
0.452139     1.88435000e-05
0.452290     1.88195000e-05
0.452440     1.88445000e-05
0.452591     1.88388000e-05
0.452742     1.88297000e-05
0.452893     1.88323000e-05
0.453044     1.85614000e-05
0.453195     1.88093000e-05
0.453346     1.88224000e-05
0.453497     1.88285000e-05
0.453648     1.88117000e-05
0.453799     1.88133000e-05
0.453951     1.88145000e-05
0.454102     1.87880000e-05
0.454253     1.88128000e-05
0.454405     1.88098000e-05
0.454556     1.88071000e-05
0.454708     1.87991000e-05
0.454859     1.88015000e-05
0.455011     1.88008000e-05
0.455163     1.84916000e-05
0.455314     1.87936000e-05
0.455466     1.87870000e-05
0.455618     1.87903000e-05
0.455770     1.87851000e-05
0.455922     1.87814000e-05
0.456074     1.87817000e-05
0.456226     1.87249000e-05
0.456378     1.87766000e-05
0.456530     1.87383000e-05
0.456682     1.86797000e-05
0.456834     1.87678000e-05
0.456987     1.87650000e-05
0.457139     1.87501000e-05
0.457291     1.87666000e-05
0.457444     1.87579000e-05
0.457596     1.87605000e-05
0.457749     1.87653000e-05
0.457901     1.86572000e-05
0.458054     1.87615000e-05
0.458207     1.87279000e-05
0.458359     1.87465000e-05
0.458512     1.87490000e-05
0.458665     1.87516000e-05
0.458818     1.87455000e-05
0.458971     1.87429000e-05
0.459124     1.87397000e-05
0.459277     1.87321000e-05
0.459430     1.87225000e-05
0.459583     1.87293000e-05
0.459736     1.87249000e-05
0.459890     1.87258000e-05
0.460043     1.87202000e-05
0.460196     1.87213000e-05
0.460350     1.87103000e-05
0.460503     1.87161000e-05
0.460657     1.87131000e-05
0.460810     1.87146000e-05
0.460964     1.87073000e-05
0.461117     1.87088000e-05
0.461271     1.86034000e-05
0.461425     1.86945000e-05
0.461579     1.86927000e-05
0.461733     1.87019000e-05
0.461886     1.86944000e-05
0.462040     1.86941000e-05
0.462194     1.86877000e-05
0.462349     1.86848000e-05
0.462503     1.86846000e-05
0.462657     1.86817000e-05
0.462811     1.86793000e-05
0.462965     1.86726000e-05
0.463120     1.86670000e-05
0.463274     1.86647000e-05
0.463428     1.85686000e-05
0.463583     1.86606000e-05
0.463737     1.86539000e-05
0.463892     1.86567000e-05
0.464047     1.86463000e-05
0.464201     1.86473000e-05
0.464356     1.86415000e-05
0.464511     1.86402000e-05
0.464666     1.86381000e-05
0.464821     1.86206000e-05
0.464975     1.86237000e-05
0.465130     1.86232000e-05
0.465286     1.86272000e-05
0.465441     1.86188000e-05
0.465596     1.85875000e-05
0.465751     1.86138000e-05
0.465906     1.85953000e-05
0.466062     1.86013000e-05
0.466217     1.86048000e-05
0.466372     1.85962000e-05
0.466528     1.85989000e-05
0.466683     1.85905000e-05
0.466839     1.85360000e-05
0.466994     1.85698000e-05
0.467150     1.85805000e-05
0.467306     1.85704000e-05
0.467462     1.85718000e-05
0.467617     1.85516000e-05
0.467773     1.85608000e-05
0.467929     1.85638000e-05
0.468085     1.85639000e-05
0.468241     1.85546000e-05
0.468397     1.85545000e-05
0.468553     1.85457000e-05
0.468710     1.84916000e-05
0.468866     1.84084000e-05
0.469022     1.85329000e-05
0.469178     1.85351000e-05
0.469335     1.85187000e-05
0.469491     1.85068000e-05
0.469648     1.84347000e-05
0.469804     1.84760000e-05
0.469961     1.84611000e-05
0.470118     1.84649000e-05
0.470274     1.84447000e-05
0.470431     1.84828000e-05
0.470588     1.85013000e-05
0.470745     1.84737000e-05
0.470902     1.84556000e-05
0.471059     1.84612000e-05
0.471216     1.84869000e-05
0.471373     1.84799000e-05
0.471530     1.83896000e-05
0.471687     1.84509000e-05
0.471844     1.84723000e-05
0.472002     1.84648000e-05
0.472159     1.84488000e-05
0.472316     1.84460000e-05
0.472474     1.84519000e-05
0.472631     1.84441000e-05
0.472789     1.84041000e-05
0.472946     1.84262000e-05
0.473104     1.84328000e-05
0.473262     1.84139000e-05
0.473419     1.84177000e-05
0.473577     1.84236000e-05
0.473735     1.83915000e-05
0.473893     1.84100000e-05
0.474051     1.83579000e-05
0.474209     1.83632000e-05
0.474367     1.84157000e-05
0.474525     1.83936000e-05
0.474683     1.81964000e-05
0.474842     1.83998000e-05
0.475000     1.83957000e-05
0.475158     1.83826000e-05
0.475317     1.38589000e-05
0.475475     1.83482000e-05
0.475633     1.83629000e-05
0.475792     1.83674000e-05
0.475951     1.83736000e-05
0.476109     1.83542000e-05
0.476268     1.83591000e-05
0.476427     1.83474000e-05
0.476586     1.83405000e-05
0.476744     1.83364000e-05
0.476903     1.83412000e-05
0.477062     1.83159000e-05
0.477221     1.83024000e-05
0.477380     1.82739000e-05
0.477540     1.83287000e-05
0.477699     1.83220000e-05
0.477858     1.83184000e-05
0.478017     1.83106000e-05
0.478177     1.83135000e-05
0.478336     1.83051000e-05
0.478495     1.83078000e-05
0.478655     1.83110000e-05
0.478814     1.78930000e-05
0.478974     1.82978000e-05
0.479134     1.82949000e-05
0.479293     1.82964000e-05
0.479453     1.82881000e-05
0.479613     1.82828000e-05
0.479773     1.82550000e-05
0.479933     1.82765000e-05
0.480093     1.82192000e-05
0.480253     1.82610000e-05
0.480413     1.82521000e-05
0.480573     1.82447000e-05
0.480733     1.82408000e-05
0.480893     1.82443000e-05
0.481054     1.82446000e-05
0.481214     1.82192000e-05
0.481375     1.82226000e-05
0.481535     1.82347000e-05
0.481695     1.82283000e-05
0.481856     1.82202000e-05
0.482017     1.82024000e-05
0.482177     1.81789000e-05
0.482338     1.81975000e-05
0.482499     1.82063000e-05
0.482660     1.82051000e-05
0.482821     1.81884000e-05
0.482982     1.81945000e-05
0.483143     1.81802000e-05
0.483304     1.81643000e-05
0.483465     1.81783000e-05
0.483626     1.81572000e-05
0.483787     1.81684000e-05
0.483948     1.81592000e-05
0.484110     1.81561000e-05
0.484271     1.81596000e-05
0.484432     1.81292000e-05
0.484594     1.81482000e-05
0.484755     1.81332000e-05
0.484917     1.81334000e-05
0.485079     1.80578000e-05
0.485240     1.80718000e-05
0.485402     1.81184000e-05
0.485564     1.81149000e-05
0.485726     1.81137000e-05
0.485888     1.80578000e-05
0.486050     1.81050000e-05
0.486212     1.80996000e-05
0.486374     1.80856000e-05
0.486536     1.80884000e-05
0.486698     1.80773000e-05
0.486860     1.80483000e-05
0.487022     1.80630000e-05
0.487185     1.80716000e-05
0.487347     1.79390000e-05
0.487510     1.80538000e-05
0.487672     1.80593000e-05
0.487835     1.80431000e-05
0.487997     1.80329000e-05
0.488160     1.80336000e-05
0.488323     1.80448000e-05
0.488486     1.80346000e-05
0.488648     1.80324000e-05
0.488811     1.80214000e-05
0.488974     1.80211000e-05
0.489137     1.79873000e-05
0.489300     1.80122000e-05
0.489463     1.79872000e-05
0.489626     1.79946000e-05
0.489790     1.79861000e-05
0.489953     1.79822000e-05
0.490116     1.79788000e-05
0.490280     1.79750000e-05
0.490443     1.79742000e-05
0.490607     1.79718000e-05
0.490770     1.79239000e-05
0.490934     1.79571000e-05
0.491097     1.79545000e-05
0.491261     1.79285000e-05
0.491425     1.79217000e-05
0.491589     1.78856000e-05
0.491752     1.79051000e-05
0.491916     1.79319000e-05
0.492080     1.79249000e-05
0.492244     1.79312000e-05
0.492408     1.79108000e-05
0.492573     1.79033000e-05
0.492737     1.78872000e-05
0.492901     1.79020000e-05
0.493065     1.78516000e-05
0.493230     1.78709000e-05
0.493394     1.78699000e-05
0.493559     1.78685000e-05
0.493723     1.78621000e-05
0.493888     1.78236000e-05
0.494052     1.74572000e-05
0.494217     1.77425000e-05
0.494382     1.78245000e-05
0.494546     1.78200000e-05
0.494711     1.78372000e-05
0.494876     1.77499000e-05
0.495041     1.78284000e-05
0.495206     1.78206000e-05
0.495371     1.77712000e-05
0.495536     1.78126000e-05
0.495702     1.78057000e-05
0.495867     1.52281000e-05
0.496032     1.78005000e-05
0.496197     1.77302000e-05
0.496363     1.77495000e-05
0.496528     1.77010000e-05
0.496694     1.77697000e-05
0.496859     1.77628000e-05
0.497025     1.77468000e-05
0.497191     1.77098000e-05
0.497356     1.77277000e-05
0.497522     1.76969000e-05
0.497688     1.77070000e-05
0.497854     1.77184000e-05
0.498020     1.77097000e-05
0.498186     1.77057000e-05
0.498352     1.77303000e-05
0.498518     1.74864000e-05
0.498684     1.76867000e-05
0.498850     1.76848000e-05
0.499017     1.76803000e-05
0.499183     1.75330000e-05
0.499349     1.76068000e-05
0.499516     1.68934000e-05
0.499682     1.74838000e-05
0.499849     1.76302000e-05
0.500016     1.76363000e-05
0.500182     1.75939000e-05
0.500349     1.76461000e-05
0.500516     1.76111000e-05
0.500683     1.76154000e-05
0.500849     1.73823000e-05
0.501016     1.73715000e-05
0.501183     1.73598000e-05
0.501351     3.54134000e-06
0.501518     1.70588000e-05
0.501685     1.75426000e-05
0.501852     1.72854000e-05
0.502019     1.74991000e-05
0.502187     1.74751000e-05
0.502354     1.72490000e-05
0.502521     1.65698000e-05
0.502689     1.75280000e-05
0.502857     1.75442000e-05
0.503024     1.65255000e-05
0.503192     1.74883000e-05
0.503360     1.75071000e-05
0.503527     1.49411000e-05
0.503695     1.73155000e-05
0.503863     1.74510000e-05
0.504031     1.74272000e-05
0.504199     1.71876000e-05
0.504367     1.72964000e-05
0.504535     1.54159000e-05
0.504703     1.73499000e-05
0.504872     1.69136000e-05
0.505040     1.73136000e-05
0.505208     1.71292000e-05
0.505377     1.59406000e-05
0.505545     1.73022000e-05
0.505714     1.72505000e-05
0.505882     1.65678000e-05
0.506051     1.72960000e-05
0.506220     1.73173000e-05
0.506388     1.73219000e-05
0.506557     1.74164000e-05
0.506726     1.73614000e-05
0.506895     1.73369000e-05
0.507064     1.66923000e-05
0.507233     1.70261000e-05
0.507402     1.73583000e-05
0.507571     1.72021000e-05
0.507740     1.71155000e-05
0.507910     1.71415000e-05
0.508079     1.62297000e-05
0.508248     1.72701000e-05
0.508418     1.70128000e-05
0.508587     1.71798000e-05
0.508757     1.71765000e-05
0.508926     1.72252000e-05
0.509096     1.72031000e-05
0.509266     1.72728000e-05
0.509435     1.72732000e-05
0.509605     1.71308000e-05
0.509775     1.71804000e-05
0.509945     1.71506000e-05
0.510115     1.72350000e-05
0.510285     1.71930000e-05
0.510455     1.72032000e-05
0.510625     1.61411000e-05
0.510795     1.71510000e-05
0.510966     1.71470000e-05
0.511136     1.71748000e-05
0.511306     1.71533000e-05
0.511477     1.71726000e-05
0.511647     1.71290000e-05
0.511818     1.68775000e-05
0.511988     1.70348000e-05
0.512159     1.66490000e-05
0.512330     1.69616000e-05
0.512501     1.53977000e-05
0.512671     1.67757000e-05
0.512842     1.57513000e-05
0.513013     1.66759000e-05
0.513184     1.70039000e-05
0.513355     1.70964000e-05
0.513526     1.69864000e-05
0.513698     1.70865000e-05
0.513869     1.69617000e-05
0.514040     1.69791000e-05
0.514211     1.64259000e-05
0.514383     1.68268000e-05
0.514554     1.69056000e-05
0.514726     1.70603000e-05
0.514897     1.69716000e-05
0.515069     1.70271000e-05
0.515241     1.51341000e-05
0.515412     1.68724000e-05
0.515584     1.70197000e-05
0.515756     1.69448000e-05
0.515928     1.68427000e-05
0.516100     1.67105000e-05
0.516272     1.69630000e-05
0.516444     1.69329000e-05
0.516616     1.69582000e-05
0.516789     1.69365000e-05
0.516961     1.67916000e-05
0.517133     1.69156000e-05
0.517305     2.47871000e-06
0.517478     1.67166000e-05
0.517650     1.68808000e-05
0.517823     1.65802000e-05
0.517996     1.68774000e-05
0.518168     1.69015000e-05
0.518341     1.69283000e-05
0.518514     1.64914000e-05
0.518687     1.68863000e-05
0.518859     1.68200000e-05
0.519032     1.68154000e-05
0.519205     1.68018000e-05
0.519379     1.32613000e-05
0.519552     1.65791000e-05
0.519725     1.68333000e-05
0.519898     1.65778000e-05
0.520071     1.67231000e-05
0.520245     1.67511000e-05
0.520418     1.67474000e-05
0.520592     1.67826000e-05
0.520765     1.68037000e-05
0.520939     1.67315000e-05
0.521112     1.67426000e-05
0.521286     1.67155000e-05
0.521460     1.66616000e-05
0.521634     1.65852000e-05
0.521808     1.66465000e-05
0.521981     1.64386000e-05
0.522155     1.66189000e-05
0.522330     1.66395000e-05
0.522504     1.66090000e-05
0.522678     1.62821000e-05
0.522852     1.63300000e-05
0.523026     1.65760000e-05
0.523201     1.65545000e-05
0.523375     1.65859000e-05
0.523550     1.65858000e-05
0.523724     1.65340000e-05
0.523899     1.65392000e-05
0.524073     1.65474000e-05
0.524248     1.64547000e-05
0.524423     1.65037000e-05
0.524597     1.64951000e-05
0.524772     1.65042000e-05
0.524947     1.64673000e-05
0.525122     1.64567000e-05
0.525297     1.63936000e-05
0.525472     1.63989000e-05
0.525648     1.63205000e-05
0.525823     1.63850000e-05
0.525998     1.63094000e-05
0.526173     1.63731000e-05
0.526349     1.63609000e-05
0.526524     1.62090000e-05
0.526700     1.61826000e-05
0.526875     1.55860000e-05
0.527051     1.06516000e-05
0.527227     1.45995000e-05
0.527402     1.59501000e-05
0.527578     1.61617000e-05
0.527754     1.61526000e-05
0.527930     1.61193000e-05
0.528106     1.58833000e-05
0.528282     1.62419000e-05
0.528458     1.62160000e-05
0.528634     1.61553000e-05
0.528810     1.60156000e-05
0.528987     1.61992000e-05
0.529163     1.61722000e-05
0.529339     1.61537000e-05
0.529516     1.61800000e-05
0.529692     1.61486000e-05
0.529869     1.61665000e-05
0.530046     1.61026000e-05
0.530222     1.61289000e-05
0.530399     1.61172000e-05
0.530576     1.60961000e-05
0.530753     1.59062000e-05
0.530930     1.59449000e-05
0.531106     1.60484000e-05
0.531284     1.60440000e-05
0.531461     1.60372000e-05
0.531638     1.60208000e-05
0.531815     1.59982000e-05
0.531992     1.58777000e-05
0.532170     1.59408000e-05
0.532347     1.59392000e-05
0.532524     1.57690000e-05
0.532702     1.55979000e-05
0.532879     1.38204000e-05
0.533057     1.47793000e-05
0.533235     1.57175000e-05
0.533413     1.58323000e-05
0.533590     1.58566000e-05
0.533768     1.58336000e-05
0.533946     1.58324000e-05
0.534124     1.58135000e-05
0.534302     1.58167000e-05
0.534480     1.57529000e-05
0.534658     1.57811000e-05
0.534837     1.57958000e-05
0.535015     1.57158000e-05
0.535193     1.56508000e-05
0.535372     1.56088000e-05
0.535550     1.57017000e-05
0.535729     1.55093000e-05
0.535907     1.56607000e-05
0.536086     1.56428000e-05
0.536265     1.55437000e-05
0.536443     1.56508000e-05
0.536622     1.56045000e-05
0.536801     1.55918000e-05
0.536980     1.55396000e-05
0.537159     1.52156000e-05
0.537338     1.27584000e-05
0.537517     1.53579000e-05
0.537696     1.54849000e-05
0.537875     1.54347000e-05
0.538055     1.53576000e-05
0.538234     1.54415000e-05
0.538414     1.54460000e-05
0.538593     1.53421000e-05
0.538773     1.54289000e-05
0.538952     1.52831000e-05
0.539132     1.53248000e-05
0.539311     1.53482000e-05
0.539491     1.52760000e-05
0.539671     1.51397000e-05
0.539851     7.71547000e-06
0.540031     1.50942000e-05
0.540211     1.52270000e-05
0.540391     1.51414000e-05
0.540571     1.51122000e-05
0.540751     1.18681000e-05
0.540932     1.47065000e-05
0.541112     1.49077000e-05
0.541292     1.51488000e-05
0.541473     1.48317000e-05
0.541653     1.51255000e-05
0.541834     1.48090000e-05
0.542014     1.42617000e-05
0.542195     1.50517000e-05
0.542376     1.50332000e-05
0.542557     1.49075000e-05
0.542737     1.49533000e-05
0.542918     1.48612000e-05
0.543099     1.05502000e-05
0.543280     1.47830000e-05
0.543461     1.48233000e-05
0.543643     1.40466000e-05
0.543824     1.45533000e-05
0.544005     1.46335000e-05
0.544186     1.47498000e-05
0.544368     1.47526000e-05
0.544549     1.45015000e-05
0.544731     1.43983000e-05
0.544912     1.40385000e-05
0.545094     1.41705000e-05
0.545276     1.46821000e-05
0.545457     1.46519000e-05
0.545639     1.43746000e-05
0.545821     1.45195000e-05
0.546003     1.33673000e-05
0.546185     1.44729000e-05
0.546367     1.45629000e-05
0.546549     1.44691000e-05
0.546731     1.44534000e-05
0.546914     1.40928000e-05
0.547096     1.43612000e-05
0.547278     1.43937000e-05
0.547461     1.34771000e-05
0.547643     1.43703000e-05
0.547826     1.32027000e-05
0.548008     1.41894000e-05
0.548191     1.41498000e-05
0.548374     1.42844000e-05
0.548557     1.41669000e-05
0.548739     1.42692000e-05
0.548922     1.42340000e-05
0.549105     1.41572000e-05
0.549288     1.40044000e-05
0.549471     1.32735000e-05
0.549655     1.41042000e-05
0.549838     1.23411000e-05
0.550021     1.40537000e-05
0.550204     1.40208000e-05
0.550388     1.39516000e-05
0.550571     1.38274000e-05
0.550755     1.38189000e-05
0.550938     1.36140000e-05
0.551122     1.38528000e-05
0.551306     1.37808000e-05
0.551490     1.36893000e-05
0.551673     1.36356000e-05
0.551857     1.37733000e-05
0.552041     1.36660000e-05
0.552225     1.35565000e-05
0.552409     1.33590000e-05
0.552593     1.33199000e-05
0.552778     1.36198000e-05
0.552962     1.35202000e-05
0.553146     1.34388000e-05
0.553331     1.35165000e-05
0.553515     1.33046000e-05
0.553700     1.33835000e-05
0.553884     1.31413000e-05
0.554069     1.32403000e-05
0.554253     1.33313000e-05
0.554438     1.32949000e-05
0.554623     1.32730000e-05
0.554808     1.32193000e-05
0.554993     1.31738000e-05
0.555178     1.31180000e-05
0.555363     1.30428000e-05
0.555548     1.30080000e-05
0.555733     1.28569000e-05
0.555918     1.25998000e-05
0.556104     1.29358000e-05
0.556289     1.28811000e-05
0.556475     1.27917000e-05
0.556660     1.28067000e-05
0.556846     1.27068000e-05
0.557031     1.27014000e-05
0.557217     1.27197000e-05
0.557403     1.26423000e-05
0.557588     1.26052000e-05
0.557774     1.23684000e-05
0.557960     1.24978000e-05
0.558146     1.25101000e-05
0.558332     1.24346000e-05
0.558518     1.23561000e-05
0.558705     1.23587000e-05
0.558891     1.22546000e-05
0.559077     1.22861000e-05
0.559263     1.20352000e-05
0.559450     1.22004000e-05
0.559636     1.21146000e-05
0.559823     1.20643000e-05
0.560009     1.20986000e-05
0.560196     1.20155000e-05
0.560383     1.19311000e-05
0.560570     1.18326000e-05
0.560757     1.17807000e-05
0.560943     1.17117000e-05
0.561130     1.17071000e-05
0.561317     1.16858000e-05
0.561505     1.15758000e-05
0.561692     1.16066000e-05
0.561879     1.15300000e-05
0.562066     1.14828000e-05
0.562254     1.13754000e-05
0.562441     1.12646000e-05
0.562629     1.12981000e-05
0.562816     1.12285000e-05
0.563004     1.11753000e-05
0.563191     1.11282000e-05
0.563379     1.10222000e-05
0.563567     1.09981000e-05
0.563755     1.09406000e-05
0.563943     1.08730000e-05
0.564131     1.08220000e-05
0.564319     1.07613000e-05
0.564507     1.06946000e-05
0.564695     1.05405000e-05
0.564883     1.05690000e-05
0.565071     1.05043000e-05
0.565260     1.04385000e-05
0.565448     1.03728000e-05
0.565637     1.03039000e-05
0.565825     1.02413000e-05
0.566014     1.01802000e-05
0.566203     1.00466000e-05
0.566391     1.00314000e-05
0.566580     9.92636000e-06
0.566769     9.85846000e-06
0.566958     9.72404000e-06
0.567147     9.68550000e-06
0.567336     9.67324000e-06
0.567525     9.57582000e-06
0.567714     9.48369000e-06
0.567903     9.39741000e-06
0.568093     9.31694000e-06
0.568282     9.20797000e-06
0.568472     9.19367000e-06
0.568661     8.14821000e-06
0.568851     9.03070000e-06
0.569040     8.96746000e-06
0.569230     8.86854000e-06
0.569420     8.75726000e-06
0.569609     8.67240000e-06
0.569799     8.33445000e-06
0.569989     8.50681000e-06
0.570179     8.35130000e-06
0.570369     8.35904000e-06
0.570559     8.26906000e-06
0.570750     8.06782000e-06
0.570940     8.08894000e-06
0.571130     7.97989000e-06
0.571321     7.90477000e-06
0.571511     7.81773000e-06
0.571701     7.72830000e-06
0.571892     7.63188000e-06
0.572083     7.47658000e-06
0.572273     7.40939000e-06
0.572464     7.35186000e-06
0.572655     7.24813000e-06
0.572846     5.76386000e-06
0.573037     6.86484000e-06
0.573228     6.96495000e-06
0.573419     6.64573000e-06
0.573610     6.74226000e-06
0.573801     6.64521000e-06
0.573992     6.56668000e-06
0.574184     6.45630000e-06
0.574375     6.28968000e-06
0.574567     6.25425000e-06
0.574758     6.13791000e-06
0.574950     5.98104000e-06
0.575141     5.93556000e-06
0.575333     5.82652000e-06
0.575525     5.70822000e-06
0.575717     5.61926000e-06
0.575909     5.51422000e-06
0.576101     5.36023000e-06
0.576293     5.27706000e-06
0.576485     4.88955000e-06
0.576677     5.08345000e-06
0.576869     4.96840000e-06
0.577061     4.85799000e-06
0.577254     4.73745000e-06
0.577446     4.63098000e-06
0.577639     4.53793000e-06
0.577831     4.35758000e-06
0.578024     4.30861000e-06
0.578217     4.20460000e-06
0.578409     4.08394000e-06
0.578602     3.97619000e-06
0.578795     3.88120000e-06
0.578988     3.76865000e-06
0.579181     3.60240000e-06
0.579374     3.54669000e-06
0.579567     3.43744000e-06
0.579760     3.32499000e-06
0.579953     3.20878000e-06
0.580147     3.10999000e-06
0.580340     2.88975000e-06
0.580534     2.89901000e-06
0.580727     2.78865000e-06
0.580921     2.68721000e-06
0.581114     2.58656000e-06
0.581308     2.48207000e-06
0.581502     2.37679000e-06
0.581696     2.27349000e-06
0.581890     2.17998000e-06
0.582084     2.07964000e-06
0.582278     1.97909000e-06
0.582472     1.88761000e-06
0.582666     1.79370000e-06
0.582860     1.70163000e-06
0.583054     1.61027000e-06
0.583249     1.50220000e-06
0.583443     1.43002000e-06
0.583638     1.34641000e-06
0.583832     1.26432000e-06
0.584027     1.18292000e-06
0.584221     1.10308000e-06
0.584416     1.01006000e-06
0.584611     9.50783000e-07
0.584806     8.77394000e-07
0.585001     8.07713000e-07
0.585196     7.39800000e-07
0.585391     6.74417000e-07
0.585586     6.11497000e-07
0.585781     5.51269000e-07
0.585976     4.94531000e-07
0.586172     4.37772000e-07
0.586367     3.88350000e-07
0.586563     3.39684000e-07
0.586758     2.87656000e-07
0.586954     2.51268000e-07
0.587149     2.08418000e-07
0.587345     1.75187000e-07
0.587541     1.41786000e-07
0.587737     1.10970000e-07
0.587933     8.47348000e-08
0.588129     6.11331000e-08
0.588325     4.10884000e-08
0.588521     2.46365000e-08
0.588717     1.20897000e-08
0.588913     3.83099000e-09
0.589109     1.58763000e-10
0.589306     1.35595000e-09
0.589502     4.06902000e-09
0.589699     4.15288000e-10
0.589895     2.37683000e-09
0.590092     1.19601000e-08
0.590289     2.63532000e-08
0.590485     4.48352000e-08
0.590682     6.64540000e-08
0.590879     9.11838000e-08
0.591076     1.18874000e-07
0.591273     1.49319000e-07
0.591470     1.82668000e-07
0.591667     2.18499000e-07
0.591865     2.55614000e-07
0.592062     2.97965000e-07
0.592259     3.42804000e-07
0.592457     3.89782000e-07
0.592654     4.36050000e-07
0.592852     4.90143000e-07
0.593049     5.43520000e-07
0.593247     6.00219000e-07
0.593445     6.46440000e-07
0.593643     7.18135000e-07
0.593840     7.80750000e-07
0.594038     8.43028000e-07
0.594236     9.09821000e-07
0.594434     9.66145000e-07
0.594633     1.04714000e-06
0.594831     1.11626000e-06
0.595029     1.18512000e-06
0.595227     1.26392000e-06
0.595426     1.33571000e-06
0.595624     1.41308000e-06
0.595823     1.48899000e-06
0.596021     1.57038000e-06
0.596220     1.65436000e-06
0.596419     1.73387000e-06
0.596618     1.80378000e-06
0.596817     1.90596000e-06
0.597015     1.95232000e-06
0.597214     1.83742000e-06
0.597414     2.14573000e-06
0.597613     2.23373000e-06
0.597812     2.33392000e-06
0.598011     2.42057000e-06
0.598211     2.50264000e-06
0.598410     2.60029000e-06
0.598609     2.69791000e-06
0.598809     2.76905000e-06
0.599009     2.86423000e-06
0.599208     2.66581000e-06
0.599408     3.04337000e-06
0.599608     2.80527000e-06
0.599808     2.16929000e-06
0.600008     3.32475000e-06
0.600208     3.41088000e-06
0.600408     3.47015000e-06
0.600608     3.56871000e-06
0.600808     3.58669000e-06
0.601008     3.71906000e-06
0.601209     3.84762000e-06
0.601409     3.93173000e-06
0.601609     3.98876000e-06
0.601810     4.11759000e-06
0.602011     4.16959000e-06
0.602211     4.30657000e-06
0.602412     3.91733000e-06
0.602613     4.48753000e-06
0.602814     4.36574000e-06
0.603015     4.11048000e-06
0.603216     4.74380000e-06
0.603417     4.36575000e-06
0.603618     4.91177000e-06
0.603819     4.88706000e-06
0.604020     5.07527000e-06
0.604222     5.06734000e-06
0.604423     5.25640000e-06
0.604624     5.27891000e-06
0.604826     4.94054000e-06
0.605028     4.39531000e-06
0.605229     5.43892000e-06
0.605431     5.65438000e-06
0.605633     5.69949000e-06
0.605835     5.84196000e-06
0.606037     5.88338000e-06
0.606239     5.98856000e-06
0.606441     6.01624000e-06
0.606643     6.14322000e-06
0.606845     6.14093000e-06
0.607047     5.88469000e-06
0.607250     5.56372000e-06
0.607452     6.41086000e-06
0.607655     6.47811000e-06
0.607857     4.36774000e-06
0.608060     6.59746000e-06
0.608263     6.66392000e-06
0.608465     6.73086000e-06
0.608668     6.78048000e-06
0.608871     6.82523000e-06
0.609074     6.51523000e-06
0.609277     7.01042000e-06
0.609480     7.11136000e-06
0.609683     7.09360000e-06
0.609886     7.20281000e-06
0.610090     7.21699000e-06
0.610293     7.35559000e-06
0.610497     7.57535000e-06
0.610700     7.53734000e-06
0.610904     7.63467000e-06
0.611107     7.65674000e-06
0.611311     7.42239000e-06
0.611515     7.42027000e-06
0.611719     7.63724000e-06
0.611922     7.70964000e-06
0.612126     7.99039000e-06
0.612330     8.00627000e-06
0.612535     7.81510000e-06
0.612739     8.09738000e-06
0.612943     7.95019000e-06
0.613147     8.25807000e-06
0.613352     8.20043000e-06
0.613556     7.80016000e-06
0.613761     8.39559000e-06
0.613965     8.18026000e-06
0.614170     8.28039000e-06
0.614375     8.07657000e-06
0.614579     7.88828000e-06
0.614784     8.68336000e-06
0.614989     8.46100000e-06
0.615194     8.45840000e-06
0.615399     8.80366000e-06
0.615604     8.85121000e-06
0.615810     8.96364000e-06
0.616015     8.94581000e-06
0.616220     8.32794000e-06
0.616426     9.29728000e-06
0.616631     8.67969000e-06
0.616837     9.03968000e-06
0.617042     8.75861000e-06
0.617248     9.19325000e-06
0.617454     9.22802000e-06
0.617660     9.09375000e-06
0.617865     9.27003000e-06
0.618071     9.39584000e-06
0.618277     9.34482000e-06
0.618483     9.42007000e-06
0.618690     9.54832000e-06
0.618896     9.46702000e-06
0.619102     9.58623000e-06
0.619309     9.55397000e-06
0.619515     9.70809000e-06
0.619721     9.73813000e-06
0.619928     9.73007000e-06
0.620135     9.43384000e-06
0.620341     9.69480000e-06
0.620548     9.55866000e-06
0.620755     9.68552000e-06
0.620962     9.78039000e-06
0.621169     9.83627000e-06
0.621376     9.76861000e-06
0.621583     9.74786000e-06
0.621790     9.73841000e-06
0.621998     1.01505000e-05
0.622205     9.49070000e-06
0.622412     1.01668000e-05
0.622620     1.00951000e-05
0.622827     1.01926000e-05
0.623035     1.01304000e-05
0.623243     8.25376000e-06
0.623450     1.03409000e-05
0.623658     1.03862000e-05
0.623866     1.04445000e-05
0.624074     1.02516000e-05
0.624282     1.03941000e-05
0.624490     1.03630000e-05
0.624698     1.05681000e-05
0.624907     1.04269000e-05
0.625115     1.03646000e-05
0.625323     1.06586000e-05
0.625532     1.06317000e-05
0.625740     9.79936000e-06
0.625949     8.87811000e-06
0.626157     1.07526000e-05
0.626366     1.08118000e-05
0.626575     1.07045000e-05
0.626784     1.07503000e-05
0.626993     1.08076000e-05
0.627202     9.98442000e-06
0.627411     8.43995000e-06
0.627620     1.03061000e-05
0.627829     1.08537000e-05
0.628038     1.04535000e-05
0.628248     1.09044000e-05
0.628457     1.08607000e-05
0.628667     1.09570000e-05
0.628876     1.10195000e-05
0.629086     1.04251000e-05
0.629295     1.10588000e-05
0.629505     1.03396000e-05
0.629715     1.10410000e-05
0.629925     1.10144000e-05
0.630135     1.10984000e-05
0.630345     1.11403000e-05
0.630555     1.08521000e-05
0.630765     1.11326000e-05
0.630976     1.11529000e-05
0.631186     1.11638000e-05
0.631396     1.03714000e-05
0.631607     1.09760000e-05
0.631817     1.09713000e-05
0.632028     1.14416000e-05
0.632239     1.10815000e-05
0.632449     1.13357000e-05
0.632660     1.14033000e-05
0.632871     1.08744000e-05
0.633082     1.14098000e-05
0.633293     1.11214000e-05
0.633504     1.14576000e-05
0.633715     1.12336000e-05
0.633927     1.13385000e-05
0.634138     1.13111000e-05
0.634349     1.13069000e-05
0.634561     1.15773000e-05
0.634772     1.11192000e-05
0.634984     1.06398000e-05
0.635195     1.11546000e-05
0.635407     1.13971000e-05
0.635619     1.14875000e-05
0.635831     1.14312000e-05
0.636043     1.94914000e-06
0.636255     1.17581000e-05
0.636467     1.16144000e-05
0.636679     1.16888000e-05
0.636891     1.17965000e-05
0.637104     1.15893000e-05
0.637316     1.14030000e-05
0.637528     1.14807000e-05
0.637741     1.17106000e-05
0.637953     1.12113000e-05
0.638166     1.17356000e-05
0.638379     1.12262000e-05
0.638592     1.16489000e-05
0.638804     1.16883000e-05
0.639017     1.11433000e-05
0.639230     1.18539000e-05
0.639444     1.19323000e-05
0.639657     1.16730000e-05
0.639870     1.18574000e-05
0.640083     1.19592000e-05
0.640297     1.12313000e-05
0.640510     1.14358000e-05
0.640723     1.18236000e-05
0.640937     1.15558000e-05
0.641151     1.11161000e-05
0.641364     1.20463000e-05
0.641578     1.19344000e-05
0.641792     1.11709000e-05
0.642006     1.17373000e-05
0.642220     1.18199000e-05
0.642434     1.18348000e-05
0.642648     1.20862000e-05
0.642862     1.13790000e-05
0.643077     1.15705000e-05
0.643291     1.12901000e-05
0.643505     1.17150000e-05
0.643720     1.21050000e-05
0.643935     1.21788000e-05
0.644149     1.15582000e-05
0.644364     1.20796000e-05
0.644579     9.68616000e-06
0.644794     1.20320000e-05
0.645008     1.18306000e-05
0.645223     1.20930000e-05
0.645439     5.10337000e-06
0.645654     1.07728000e-05
0.645869     9.34799000e-06
0.646084     1.11797000e-05
0.646300     1.22789000e-05
0.646515     1.13591000e-05
0.646731     7.49541000e-06
0.646946     1.09033000e-05
0.647162     1.15907000e-05
0.647377     1.21247000e-05
0.647593     1.00029000e-05
0.647809     1.10769000e-05
0.648025     1.01420000e-05
0.648241     1.06210000e-05
0.648457     9.53548000e-06
0.648673     1.12199000e-05
0.648890     1.19163000e-05
0.649106     1.16382000e-05
0.649322     1.18778000e-05
0.649539     1.21761000e-05
0.649755     1.18147000e-05
0.649972     1.16948000e-05
0.650188     1.17026000e-05
0.650405     1.17362000e-05
0.650622     1.19768000e-05
0.650839     1.18668000e-05
0.651056     1.07848000e-05
0.651273     1.20648000e-05
0.651490     8.58830000e-06
0.651707     1.21151000e-05
0.651924     1.11404000e-05
0.652142     1.11762000e-05
0.652359     1.09879000e-05
0.652576     1.02271000e-05
0.652794     8.99271000e-06
0.653012     1.21518000e-05
0.653229     1.20536000e-05
0.653447     1.17963000e-05
0.653665     1.22682000e-05
0.653883     1.20961000e-05
0.654101     1.22045000e-05
0.654319     1.15639000e-05
0.654537     1.22129000e-05
0.654755     1.04327000e-05
0.654973     1.23064000e-05
0.655191     1.23371000e-05
0.655410     1.19710000e-05
0.655628     1.23851000e-05
0.655847     1.20657000e-05
0.656066     1.17360000e-05
0.656284     1.19153000e-05
0.656503     1.03968000e-05
0.656722     1.17897000e-05
0.656941     1.19163000e-05
0.657160     1.20591000e-05
0.657379     1.13993000e-05
0.657598     1.15813000e-05
0.657817     1.00573000e-05
0.658036     1.25738000e-05
0.658256     9.39846000e-06
0.658475     1.22422000e-05
0.658695     1.24178000e-05
0.658914     1.22667000e-05
0.659134     1.07185000e-05
0.659354     1.21360000e-05
0.659573     1.24819000e-05
0.659793     7.14602000e-06
0.660013     1.22711000e-05
0.660233     1.25765000e-05
0.660453     1.10634000e-05
0.660673     1.23313000e-05
0.660894     9.31988000e-06
0.661114     1.22996000e-05
0.661334     1.21673000e-05
0.661555     1.22942000e-05
0.661775     1.24128000e-05
0.661996     1.07167000e-05
0.662216     8.25083000e-06
0.662437     1.24832000e-05
0.662658     1.13538000e-05
0.662879     1.24828000e-05
0.663100     1.14715000e-05
0.663321     1.26167000e-05
0.663542     1.03086000e-05
0.663763     1.25784000e-05
0.663984     1.23942000e-05
0.664206     1.21158000e-05
0.664427     1.24050000e-05
0.664649     1.26408000e-05
0.664870     1.27298000e-05
0.665092     1.25062000e-05
0.665313     9.81475000e-06
0.665535     1.21439000e-05
0.665757     1.25734000e-05
0.665979     1.13714000e-05
0.666201     1.24584000e-05
0.666423     1.24273000e-05
0.666645     1.25855000e-05
0.666867     9.15799000e-06
0.667090     1.25755000e-05
0.667312     1.27432000e-05
0.667535     1.21187000e-05
0.667757     1.27467000e-05
0.667980     1.18968000e-05
0.668202     1.26663000e-05
0.668425     1.13993000e-05
0.668648     1.19518000e-05
0.668871     1.24420000e-05
0.669094     4.52251000e-06
0.669317     1.18551000e-05
0.669540     1.27589000e-05
0.669763     1.19739000e-05
0.669986     1.05237000e-05
0.670210     1.24154000e-05
0.670433     1.26561000e-05
0.670656     1.18379000e-05
0.670880     1.32186000e-05
0.671104     1.28593000e-05
0.671327     1.26751000e-05
0.671551     1.28275000e-05
0.671775     1.18823000e-05
0.671999     1.25748000e-05
0.672223     1.14108000e-05
0.672447     1.22402000e-05
0.672671     1.25546000e-05
0.672895     1.22028000e-05
0.673120     1.23446000e-05
0.673344     1.27738000e-05
0.673568     1.26257000e-05
0.673793     1.25852000e-05
0.674018     1.21307000e-05
0.674242     1.28576000e-05
0.674467     1.20058000e-05
0.674692     1.27665000e-05
0.674917     1.27392000e-05
0.675142     1.23556000e-05
0.675367     1.25843000e-05
0.675592     1.25757000e-05
0.675817     1.09900000e-05
0.676042     1.25044000e-05
0.676268     1.25054000e-05
0.676493     1.26431000e-05
0.676719     1.19693000e-05
0.676944     1.31109000e-05
0.677170     1.27489000e-05
0.677396     1.25381000e-05
0.677621     1.20407000e-05
0.677847     1.15281000e-05
0.678073     1.18593000e-05
0.678299     1.19124000e-05
0.678525     1.23876000e-05
0.678751     1.22461000e-05
0.678978     1.28284000e-05
0.679204     1.25967000e-05
0.679430     1.28022000e-05
0.679657     1.27609000e-05
0.679883     1.23165000e-05
0.680110     1.29784000e-05
0.680337     1.31136000e-05
0.680564     1.27371000e-05
0.680790     1.30074000e-05
0.681017     1.31032000e-05
0.681244     1.15991000e-05
0.681471     1.23397000e-05
0.681699     1.29806000e-05
0.681926     1.21561000e-05
0.682153     1.28796000e-05
0.682381     1.27794000e-05
0.682608     1.28968000e-05
0.682836     1.29650000e-05
0.683063     1.28464000e-05
0.683291     1.29340000e-05
0.683519     1.28867000e-05
0.683746     1.29153000e-05
0.683974     1.22921000e-05
0.684202     1.27102000e-05
0.684430     1.31448000e-05
0.684659     1.30119000e-05
0.684887     1.27034000e-05
0.685115     1.32750000e-05
0.685343     1.23235000e-05
0.685572     1.28658000e-05
0.685800     1.31247000e-05
0.686029     1.31518000e-05
0.686258     1.27505000e-05
0.686486     1.20551000e-05
0.686715     1.31410000e-05
0.686944     1.27254000e-05
0.687173     1.32216000e-05
0.687402     1.30624000e-05
0.687631     1.26144000e-05
0.687861     1.22611000e-05
0.688090     1.23596000e-05
0.688319     1.13673000e-05
0.688549     1.33722000e-05
0.688778     1.26445000e-05
0.689008     1.30821000e-05
0.689237     1.30082000e-05
0.689467     1.31582000e-05
0.689697     1.26339000e-05
0.689927     1.23513000e-05
0.690157     1.28018000e-05
0.690387     5.86360000e-06
0.690617     1.29755000e-05
0.690847     6.54643000e-06
0.691078     1.26663000e-05
0.691308     1.21247000e-05
0.691538     8.55770000e-06
0.691769     1.24984000e-05
0.691999     1.05522000e-05
0.692230     5.22495000e-06
0.692461     7.97362000e-06
0.692692     1.12506000e-05
0.692923     1.23278000e-05
0.693154     8.78293000e-06
0.693385     8.53212000e-06
0.693616     1.11160000e-05
0.693847     1.26983000e-05
0.694078     1.20927000e-05
0.694310     3.53836000e-06
0.694541     1.22060000e-05
0.694772     9.03257000e-06
0.695004     1.14805000e-05
0.695236     1.26921000e-05
0.695467     1.25992000e-05
0.695699     1.27117000e-05
0.695931     1.01338000e-05
0.696163     9.71886000e-06
0.696395     1.15218000e-05
0.696627     1.10567000e-05
0.696860     1.04938000e-05
0.697092     9.26759000e-06
0.697324     1.07636000e-05
0.697557     1.12305000e-05
0.697789     9.18600000e-06
0.698022     1.19998000e-05
0.698254     1.11124000e-05
0.698487     1.30565000e-05
0.698720     1.05390000e-05
0.698953     1.19569000e-05
0.699186     1.20032000e-05
0.699419     1.20924000e-05
0.699652     8.77001000e-06
0.699885     1.21038000e-05
0.700119     7.40509000e-06
0.700352     1.23636000e-05
0.700585     1.26452000e-05
0.700819     7.26507000e-06
0.701053     1.04630000e-05
0.701286     5.13701000e-06
0.701520     1.20595000e-05
0.701754     1.17543000e-05
0.701988     9.32581000e-06
0.702222     1.05523000e-05
0.702456     1.24159000e-05
0.702690     1.18039000e-05
0.702924     7.47305000e-06
0.703159     1.13188000e-05
0.703393     1.24681000e-05
0.703627     1.23717000e-05
0.703862     1.28953000e-05
0.704097     1.22979000e-05
0.704331     1.20051000e-05
0.704566     7.70163000e-07
0.704801     1.24879000e-05
0.705036     1.09656000e-05
0.705271     1.02531000e-05
0.705506     1.24026000e-05
0.705741     1.29519000e-05
0.705976     1.21460000e-05
0.706212     1.23456000e-05
0.706447     1.21347000e-05
0.706683     1.04876000e-05
0.706918     1.17532000e-05
0.707154     1.25062000e-05
0.707390     4.40381000e-06
0.707625     1.20769000e-05
0.707861     8.06425000e-06
0.708097     1.14280000e-05
0.708333     8.42337000e-06
0.708569     1.12724000e-05
0.708805     1.25660000e-05
0.709042     7.22309000e-06
0.709278     1.09969000e-05
0.709515     1.15167000e-05
0.709751     8.58047000e-06
0.709988     1.24709000e-05
0.710224     1.14504000e-05
0.710461     1.12299000e-05
0.710698     4.69921000e-06
0.710935     6.97674000e-06
0.711172     5.45215000e-06
0.711409     1.18284000e-05
0.711646     1.21951000e-05
0.711883     1.28793000e-05
0.712120     8.67659000e-06
0.712358     6.42428000e-06
0.712595     8.37557000e-06
0.712833     1.23417000e-05
0.713070     1.22774000e-05
0.713308     1.18452000e-05
0.713546     8.32994000e-06
0.713784     8.62870000e-06
0.714022     9.35292000e-06
0.714260     1.11073000e-05
0.714498     6.40370000e-06
0.714736     1.11345000e-05
0.714974     6.84878000e-06
0.715212     3.29901000e-06
0.715451     9.26319000e-06
0.715689     1.01293000e-05
0.715928     4.88776000e-06
0.716167     6.27045000e-06
0.716405     8.70356000e-07
0.716644     2.53084000e-06
0.716883     7.46548000e-06
0.717122     7.99672000e-06
0.717361     5.83899000e-06
0.717600     8.50732000e-06
0.717839     7.34040000e-06
0.718079     6.91553000e-06
0.718318     7.64361000e-06
0.718557     9.42358000e-06
0.718797     9.90698000e-06
0.719036     8.89353000e-06
0.719276     9.22385000e-06
0.719516     1.05204000e-05
0.719756     6.82728000e-06
0.719996     1.11191000e-05
0.720236     7.63300000e-07
0.720476     1.01125000e-05
0.720716     4.45987000e-06
0.720956     8.30518000e-06
0.721196     3.71753000e-06
0.721437     2.75881000e-06
0.721677     1.07279000e-05
0.721918     9.40643000e-06
0.722159     1.09571000e-05
0.722399     9.66828000e-06
0.722640     8.91170000e-06
0.722881     4.54834000e-06
0.723122     1.08654000e-05
0.723363     5.86171000e-06
0.723604     1.01965000e-05
0.723845     9.65175000e-07
0.724087     1.06122000e-05
0.724328     2.92604000e-06
0.724569     5.10646000e-08
0.724811     8.61164000e-06
0.725052     8.98289000e-06
0.725294     9.63663000e-06
0.725536     5.15018000e-06
0.725778     6.67321000e-06
0.726020     7.50309000e-06
0.726262     6.52870000e-06
0.726504     7.81453000e-06
0.726746     5.32933000e-06
0.726988     8.24569000e-06
0.727231     5.27508000e-06
0.727473     5.52115000e-06
0.727715     9.04922000e-06
0.727958     6.16256000e-06
0.728201     1.07568000e-05
0.728443     8.37616000e-06
0.728686     8.36109000e-06
0.728929     6.31894000e-06
0.729172     8.29050000e-06
0.729415     8.86635000e-07
0.729658     9.56130000e-06
0.729901     1.05503000e-05
0.730145     4.77090000e-06
0.730388     1.07399000e-05
0.730632     6.11719000e-06
0.730875     9.78105000e-06
0.731119     8.13824000e-06
0.731362     8.47108000e-06
0.731606     4.12625000e-06
0.731850     5.79790000e-06
0.732094     8.43575000e-06
0.732338     6.33226000e-06
0.732582     8.92191000e-06
0.732826     1.21068000e-05
0.733071     9.90692000e-06
0.733315     9.50916000e-06
0.733560     4.46979000e-06
0.733804     6.68560000e-06
0.734049     9.11732000e-06
0.734293     7.95722000e-06
0.734538     1.06257000e-05
0.734783     1.06296000e-05
0.735028     2.90354000e-06
0.735273     1.04808000e-05
0.735518     5.92619000e-06
0.735763     1.10215000e-05
0.736008     4.30993000e-06
0.736254     9.47823000e-06
0.736499     8.74358000e-06
0.736745     4.87221000e-06
0.736990     4.40587000e-06
0.737236     9.09458000e-06
0.737482     1.01255000e-05
0.737727     4.31457000e-06
0.737973     3.92356000e-06
0.738219     9.01057000e-06
0.738465     3.76210000e-06
0.738712     8.46041000e-06
0.738958     1.04056000e-05
0.739204     1.00944000e-05
0.739451     5.36361000e-06
0.739697     1.21160000e-05
0.739944     6.24530000e-06
0.740190     1.08194000e-05
0.740437     6.54536000e-06
0.740684     1.07846000e-05
0.740931     2.22779000e-06
0.741178     9.82501000e-06
0.741425     9.09413000e-06
0.741672     6.20336000e-06
0.741919     7.21294000e-06
0.742166     5.94158000e-06
0.742414     9.92117000e-06
0.742661     9.06351000e-06
0.742909     8.95679000e-06
0.743156     6.02233000e-07
0.743404     1.06517000e-05
0.743652     8.36279000e-06
0.743900     8.53675000e-06
0.744148     8.75186000e-06
0.744396     5.32004000e-06
0.744644     1.04661000e-05
0.744892     1.13320000e-05
0.745140     1.11804000e-05
0.745389     1.09111000e-05
0.745637     5.84962000e-06
0.745886     1.01080000e-05
0.746135     1.65657000e-06
0.746383     7.71640000e-06
0.746632     4.73664000e-06
0.746881     1.12322000e-05
0.747130     9.65909000e-06
0.747379     5.16465000e-06
0.747628     9.30582000e-06
0.747877     8.92306000e-06
0.748127     9.03130000e-06
0.748376     5.78339000e-06
0.748625     5.43223000e-06
0.748875     1.04359000e-05
0.749125     6.76434000e-06
0.749374     1.05271000e-05
0.749624     1.12285000e-05
0.749874     1.13025000e-05
0.750124     9.21792000e-06
0.750374     8.34913000e-06
0.750624     8.83569000e-06
0.750874     6.04924000e-06
0.751125     1.02258000e-05
0.751375     5.37399000e-06
0.751625     6.55742000e-06
0.751876     9.12781000e-06
0.752127     9.52697000e-06
0.752377     3.01830000e-06
0.752628     8.35619000e-06
0.752879     7.96054000e-06
0.753130     8.12169000e-06
0.753381     9.73050000e-06
0.753632     8.49738000e-06
0.753883     6.65949000e-06
0.754135     9.40491000e-06
0.754386     5.37213000e-06
0.754637     8.83806000e-06
0.754889     6.48680000e-06
0.755141     9.07009000e-06
0.755392     8.63096000e-06
0.755644     7.82939000e-06
0.755896     8.73159000e-06
0.756148     8.79862000e-06
0.756400     5.71324000e-06
0.756652     7.69564000e-06
0.756904     7.66406000e-06
0.757157     6.69313000e-06
0.757409     5.64208000e-06
0.757661     6.87472000e-06
0.757914     8.43878000e-06
0.758167     8.35941000e-06
0.758419     7.97495000e-06
0.758672     8.08335000e-06
0.758925     8.18755000e-06
0.759178     7.74837000e-06
0.759431     7.16423000e-06
0.759684     6.80831000e-06
0.759937     7.49375000e-06
0.760191     6.29655000e-06
0.760444     6.79965000e-06
0.760698     6.03822000e-06
0.760951     5.44590000e-06
0.761205     5.80624000e-06
0.761459     5.70523000e-06
0.761712     5.22417000e-06
0.761966     5.13763000e-06
0.762220     4.60781000e-06
0.762474     4.50451000e-06
0.762729     4.13231000e-06
0.762983     3.86450000e-06
0.763237     3.21668000e-06
0.763492     2.71533000e-06
0.763746     2.79620000e-06
0.764001     2.41102000e-06
0.764255     2.04225000e-06
0.764510     1.69499000e-06
0.764765     1.30985000e-06
0.765020     1.02042000e-06
0.765275     7.61369000e-07
0.765530     5.26044000e-07
0.765785     3.29906000e-07
0.766040     1.81048000e-07
0.766296     7.56286000e-08
0.766551     1.14371000e-08
0.766807     5.43278000e-09
0.767062     6.15027000e-08
0.767318     1.55412000e-07
0.767574     2.88490000e-07
0.767830     4.44508000e-07
0.768085     5.94107000e-07
0.768342     7.30969000e-07
0.768598     7.80367000e-07
0.768854     7.24385000e-07
0.769110     5.75487000e-07
0.769366     3.77295000e-07
0.769623     1.80427000e-07
0.769879     4.93100000e-08
0.770136     6.69316000e-10
0.770393     7.19867000e-08
0.770650     2.24237000e-07
0.770907     4.60882000e-07
0.771163     7.62056000e-07
0.771421     1.14577000e-06
0.771678     1.58755000e-06
0.771935     1.98110000e-06
0.772192     2.34859000e-06
0.772450     2.87249000e-06
0.772707     3.36229000e-06
0.772965     3.91099000e-06
0.773222     4.25214000e-06
0.773480     4.29950000e-06
0.773738     4.91428000e-06
0.773996     5.48355000e-06
0.774254     5.83049000e-06
0.774512     5.98277000e-06
0.774770     6.36880000e-06
0.775028     5.69936000e-06
0.775287     7.14851000e-06
0.775545     7.38245000e-06
0.775804     7.15668000e-06
0.776062     7.69758000e-06
0.776321     7.40755000e-06
0.776580     7.86758000e-06
0.776839     7.87811000e-06
0.777097     8.10758000e-06
0.777356     9.02048000e-06
0.777616     6.86821000e-06
0.777875     7.90815000e-06
0.778134     9.79865000e-06
0.778393     8.78785000e-06
0.778653     8.85434000e-06
0.778913     1.03294000e-05
0.779172     8.37855000e-06
0.779432     8.20655000e-06
0.779692     9.64928000e-06
0.779952     1.07235000e-05
0.780212     1.04998000e-05
0.780472     1.02185000e-05
0.780732     7.22263000e-06
0.780992     8.99355000e-06
0.781252     1.11654000e-05
0.781513     1.07239000e-05
0.781773     8.48454000e-06
0.782034     1.02517000e-05
0.782295     1.05595000e-05
0.782555     8.71779000e-06
0.782816     1.18726000e-05
0.783077     1.12372000e-05
0.783338     1.23722000e-05
0.783599     1.11523000e-05
0.783860     1.11926000e-05
0.784122     1.15588000e-05
0.784383     1.05091000e-05
0.784645     1.20324000e-05
0.784906     1.23788000e-05
0.785168     1.15643000e-05
0.785429     9.92848000e-06
0.785691     9.60996000e-06
0.785953     1.10517000e-05
0.786215     1.00894000e-05
0.786477     1.07593000e-05
0.786739     1.24018000e-05
0.787002     1.21475000e-05
0.787264     1.96022000e-06
0.787526     1.18137000e-05
0.787789     1.23596000e-05
0.788051     1.25925000e-05
0.788314     1.24069000e-05
0.788577     9.95399000e-06
0.788840     1.09403000e-05
0.789103     1.25891000e-05
0.789366     1.28115000e-05
0.789629     1.28409000e-05
0.789892     1.15901000e-05
0.790155     1.28676000e-05
0.790419     1.19163000e-05
0.790682     9.73069000e-06
0.790946     1.32826000e-05
0.791209     1.32556000e-05
0.791473     1.07860000e-05
0.791737     1.27977000e-05
0.792001     1.31355000e-05
0.792265     1.30817000e-05
0.792529     1.18481000e-05
0.792793     1.17051000e-05
0.793057     8.74088000e-06
0.793322     1.33221000e-05
0.793586     1.20320000e-05
0.793851     1.34627000e-05
0.794115     1.20578000e-05
0.794380     1.23359000e-05
0.794645     1.39760000e-05
0.794910     1.38311000e-05
0.795175     1.41797000e-05
0.795440     1.08123000e-05
0.795705     1.35383000e-05
0.795970     1.39331000e-05
0.796236     1.36253000e-05
0.796501     5.11557000e-06
0.796766     1.39065000e-05
0.797032     1.76216000e-06
0.797298     1.15708000e-05
0.797563     1.28443000e-05
0.797829     1.23695000e-05
0.798095     1.35006000e-05
0.798361     9.09858000e-06
0.798627     1.29504000e-05
0.798894     1.13661000e-05
0.799160     1.39736000e-05
0.799426     1.01594000e-05
0.799693     1.11757000e-05
0.799959     1.21632000e-05
0.800226     1.44794000e-05
0.800493     1.43073000e-05
0.800760     1.20036000e-05
0.801027     1.45310000e-05
0.801294     1.21499000e-05
0.801561     7.28843000e-06
0.801828     1.29748000e-05
0.802095     1.44951000e-05
0.802362     1.06128000e-05
0.802630     9.59465000e-06
0.802897     1.04510000e-05
0.803165     6.71533000e-06
0.803433     1.21228000e-05
0.803701     1.48135000e-05
0.803969     1.45979000e-05
0.804237     9.32397000e-06
0.804505     1.20521000e-05
0.804773     6.85873000e-06
0.805041     1.36050000e-05
0.805309     1.07926000e-05
0.805578     1.35356000e-05
0.805846     5.94406000e-06
0.806115     1.29660000e-05
0.806384     1.07431000e-05
0.806652     1.27587000e-05
0.806921     1.20894000e-05
0.807190     8.49430000e-06
0.807459     1.07290000e-05
0.807729     9.50492000e-06
0.807998     1.44967000e-05
0.808267     1.22500000e-05
0.808537     9.33762000e-06
0.808806     8.48611000e-06
0.809076     8.73599000e-06
0.809345     3.83435000e-06
0.809615     8.50784000e-06
0.809885     1.70242000e-06
0.810155     9.12036000e-06
0.810425     4.74769000e-06
0.810695     3.76392000e-07
0.810965     5.05160000e-06
0.811236     2.86610000e-06
0.811506     7.44422000e-06
0.811777     1.06107000e-05
0.812047     9.98388000e-06
0.812318     9.79905000e-06
0.812589     3.99102000e-06
0.812859     8.86124000e-06
0.813130     8.68936000e-06
0.813401     5.14124000e-06
0.813673     8.85667000e-06
0.813944     6.19842000e-06
0.814215     1.18797000e-05
0.814487     4.55961000e-06
0.814758     1.19839000e-05
0.815030     1.06520000e-06
0.815301     1.99217000e-06
0.815573     1.30550000e-05
0.815845     1.18134000e-05
0.816117     9.76113000e-06
0.816389     9.07883000e-06
0.816661     3.51434000e-06
0.816933     6.46133000e-06
0.817206     8.59041000e-06
0.817478     5.20458000e-06
0.817750     1.18699000e-05
0.818023     7.07912000e-06
0.818296     7.23032000e-06
0.818569     4.14802000e-06
0.818841     9.06402000e-06
0.819114     1.13422000e-05
0.819387     1.33280000e-05
0.819660     5.46341000e-06
0.819934     5.48240000e-06
0.820207     1.03411000e-05
0.820480     1.13310000e-05
0.820754     9.87124000e-06
0.821028     1.33535000e-05
0.821301     1.12787000e-05
0.821575     1.02681000e-05
0.821849     8.89682000e-06
0.822123     1.36966000e-05
0.822397     8.23142000e-06
0.822671     4.12990000e-08
0.822945     1.03062000e-05
0.823219     1.06793000e-05
0.823494     1.14165000e-05
0.823768     1.09632000e-05
0.824043     9.16733000e-06
0.824318     8.11172000e-06
0.824592     9.30258000e-06
0.824867     1.17802000e-05
0.825142     2.18818000e-06
0.825417     1.21803000e-05
0.825692     8.81361000e-06
0.825968     1.33901000e-05
0.826243     1.34717000e-05
0.826518     1.29106000e-05
0.826794     1.28209000e-05
0.827069     3.36911000e-06
0.827345     1.25599000e-05
0.827621     1.29570000e-05
0.827897     3.03295000e-07
0.828173     9.25276000e-06
0.828449     2.71726000e-06
0.828725     1.38340000e-05
0.829001     4.37333000e-07
0.829278     8.76166000e-06
0.829554     6.41995000e-06
0.829831     1.90977000e-07
0.830107     1.25479000e-05
0.830384     1.32636000e-05
0.830661     7.99444000e-07
0.830938     9.96398000e-06
0.831215     5.81403000e-06
0.831492     1.29591000e-05
0.831769     1.41921000e-05
0.832046     4.72011000e-07
0.832323     1.09310000e-05
0.832601     4.18660000e-06
0.832878     1.20284000e-05
0.833156     4.00833000e-06
0.833434     1.06345000e-05
0.833711     9.81860000e-06
0.833989     1.33876000e-05
0.834267     1.42260000e-05
0.834545     8.48549000e-06
0.834824     1.24078000e-05
0.835102     1.35297000e-05
0.835380     1.44795000e-05
0.835659     2.84493000e-06
0.835937     1.56373000e-06
0.836216     1.00721000e-05
0.836495     8.62064000e-06
0.836774     1.03190000e-05
0.837052     1.49347000e-05
0.837331     1.07708000e-05
0.837611     7.92826000e-06
0.837890     3.60667000e-06
0.838169     5.35888000e-06
0.838448     7.98638000e-06
0.838728     9.27451000e-06
0.839008     1.43345000e-06
0.839287     8.19125000e-06
0.839567     1.47405000e-05
0.839847     9.18518000e-06
0.840127     1.04695000e-05
0.840407     1.25332000e-05
0.840687     1.17990000e-05
0.840967     7.73598000e-06
0.841247     1.40472000e-05
0.841528     1.36946000e-05
0.841808     3.64801000e-06
0.842089     1.67146000e-06
0.842370     9.35311000e-06
0.842650     1.46882000e-05
0.842931     1.59718000e-05
0.843212     8.17227000e-06
0.843493     7.97686000e-06
0.843775     1.40210000e-05
0.844056     1.50723000e-05
0.844337     2.27093000e-06
0.844619     3.32802000e-06
0.844900     1.21903000e-05
0.845182     5.58954000e-06
0.845464     1.27454000e-05
0.845745     1.37940000e-05
0.846027     1.55181000e-05
0.846309     9.48086000e-06
0.846591     1.17728000e-05
0.846874     1.19527000e-05
0.847156     9.76801000e-06
0.847438     1.30920000e-05
0.847721     1.35857000e-05
0.848003     1.09865000e-05
0.848286     9.31165000e-06
0.848569     2.03513000e-06
0.848852     6.14035000e-06
0.849135     1.16841000e-05
0.849418     1.44802000e-05
0.849701     1.09067000e-05
0.849984     2.98051000e-06
0.850267     1.23280000e-05
0.850551     1.11360000e-05
0.850834     1.15138000e-05
0.851118     1.16423000e-05
0.851402     1.34837000e-05
0.851685     1.19014000e-05
0.851969     1.06433000e-05
0.852253     1.12764000e-05
0.852537     5.56232000e-06
0.852822     1.41092000e-05
0.853106     1.46603000e-05
0.853390     3.02898000e-06
0.853675     1.20297000e-05
0.853959     1.41099000e-05
0.854244     1.15373000e-05
0.854529     2.15680000e-05
0.854813     1.62721000e-05
0.855098     1.49451000e-05
0.855383     1.41660000e-05
0.855669     1.04620000e-05
0.855954     1.69159000e-05
0.856239     1.53086000e-05
0.856524     1.65994000e-05
0.856810     8.94909000e-06
0.857096     1.44562000e-05
0.857381     1.48608000e-05
0.857667     6.29401000e-06
0.857953     1.54427000e-05
0.858239     1.27109000e-05
0.858525     7.74423000e-06
0.858811     1.16362000e-05
0.859097     1.30038000e-05
0.859384     1.30970000e-05
0.859670     7.44427000e-06
0.859957     1.04786000e-05
0.860244     1.36870000e-05
0.860530     1.18796000e-05
0.860817     1.14054000e-05
0.861104     1.03509000e-05
0.861391     1.71749000e-05
0.861678     1.20659000e-05
0.861965     1.15363000e-05
0.862253     1.64788000e-05
0.862540     1.28576000e-05
0.862828     1.21292000e-05
0.863115     1.58558000e-05
0.863403     1.67198000e-05
0.863691     1.64890000e-05
0.863979     1.40014000e-05
0.864267     1.54426000e-05
0.864555     1.72289000e-05
0.864843     1.47509000e-05
0.865131     1.68358000e-05
0.865420     1.69083000e-05
0.865708     1.70243000e-05
0.865997     1.62289000e-05
0.866285     1.70067000e-05
0.866574     2.20751000e-05
0.866863     1.30985000e-05
0.867152     1.65733000e-05
0.867441     1.37837000e-05
0.867730     1.08270000e-05
0.868019     8.76344000e-06
0.868309     1.50528000e-05
0.868598     1.27000000e-05
0.868888     1.81939000e-05
0.869177     2.01059000e-05
0.869467     1.72907000e-05
0.869757     1.46023000e-05
0.870047     1.20922000e-05
0.870337     1.42708000e-05
0.870627     1.43713000e-05
0.870917     1.18668000e-05
0.871207     1.52259000e-05
0.871498     1.24694000e-05
0.871788     1.36641000e-05
0.872079     1.46876000e-05
0.872370     1.90118000e-05
0.872660     1.61623000e-05
0.872951     1.78292000e-05
0.873242     1.57787000e-05
0.873533     1.59763000e-05
0.873825     1.69369000e-05
0.874116     1.65092000e-05
0.874407     1.73722000e-05
0.874699     1.61514000e-05
0.874990     1.78659000e-05
0.875282     1.38888000e-05
0.875574     1.54188000e-05
0.875865     1.62849000e-05
0.876157     1.90775000e-05
0.876449     1.85982000e-05
0.876742     1.66089000e-05
0.877034     1.56893000e-05
0.877326     1.62455000e-05
0.877619     1.99379000e-05
0.877911     1.35016000e-05
0.878204     1.63649000e-05
0.878497     1.68296000e-05
0.878789     1.61146000e-05
0.879082     1.77415000e-05
0.879375     1.41519000e-05
0.879668     1.79540000e-05
0.879962     1.99663000e-05
0.880255     1.68004000e-05
0.880548     1.69156000e-05
0.880842     2.42396000e-05
0.881136     2.05843000e-05
0.881429     4.95564000e-06
0.881723     1.87355000e-05
0.882017     1.70060000e-05
0.882311     1.52257000e-05
0.882605     1.73289000e-05
0.882899     1.61602000e-05
0.883194     1.64764000e-05
0.883488     1.80414000e-05
0.883783     1.67284000e-05
0.884077     1.96495000e-05
0.884372     1.57273000e-05
0.884667     1.84088000e-05
0.884961     1.60439000e-05
0.885256     1.77132000e-05
0.885552     1.66482000e-05
0.885847     1.55303000e-05
0.886142     1.60172000e-05
0.886437     1.73579000e-05
0.886733     1.62227000e-05
0.887028     1.70841000e-05
0.887324     1.51983000e-05
0.887620     1.51867000e-05
0.887916     1.52581000e-05
0.888212     1.44549000e-05
0.888508     1.44193000e-05
0.888804     4.66365000e-06
0.889100     4.64804000e-06
0.889397     1.43518000e-05
0.889693     1.07094000e-05
0.889990     1.39449000e-05
0.890286     9.41480000e-06
0.890583     6.41593000e-06
0.890880     5.19633000e-06
0.891177     1.12018000e-05
0.891474     1.02618000e-05
0.891771     2.38218000e-06
0.892068     6.07101000e-06
0.892366     7.70298000e-06
0.892663     1.49521000e-05
0.892961     5.58861000e-06
0.893258     6.88855000e-06
0.893556     1.22970000e-05
0.893854     1.02816000e-05
0.894152     1.50990000e-05
0.894450     1.48566000e-05
0.894748     1.67173000e-05
0.895046     1.05598000e-05
0.895345     1.34995000e-05
0.895643     1.16362000e-05
0.895942     1.47417000e-05
0.896240     1.69091000e-05
0.896539     1.25819000e-05
0.896838     3.24151000e-06
0.897137     5.99688000e-06
0.897436     8.16855000e-06
0.897735     1.32892000e-05
0.898034     1.54115000e-05
0.898334     8.00065000e-06
0.898633     4.89779000e-06
0.898933     1.94898000e-06
0.899232     1.08593000e-05
0.899532     4.92994000e-06
0.899832     7.93585000e-06
0.900132     5.47490000e-06
0.900432     1.15775000e-05
0.900732     1.18603000e-05
0.901032     9.61385000e-08
0.901333     1.31090000e-05
0.901633     8.46540000e-07
0.901934     2.46807000e-06
0.902234     1.79868000e-05
0.902535     1.20563000e-06
0.902836     7.64332000e-08
0.903137     6.27900000e-06
0.903438     1.77586000e-05
0.903739     4.34271000e-07
0.904040     1.26296000e-05
0.904342     1.35556000e-05
0.904643     1.36127000e-05
0.904945     1.39421000e-05
0.905246     1.15640000e-05
0.905548     2.66154000e-07
0.905850     6.03234000e-06
0.906152     1.61742000e-05
0.906454     1.66751000e-05
0.906756     1.40442000e-05
0.907058     1.37022000e-05
0.907361     1.60339000e-05
0.907663     7.07704000e-06
0.907966     1.69010000e-05
0.908268     7.89969000e-06
0.908571     1.30746000e-05
0.908874     1.58841000e-05
0.909177     1.52926000e-05
0.909480     1.02822000e-05
0.909783     3.66813000e-08
0.910086     1.68830000e-05
0.910390     1.37570000e-05
0.910693     1.94068000e-05
0.910997     2.43695000e-06
0.911300     2.14263000e-06
0.911604     1.47246000e-05
0.911908     1.34858000e-05
0.912212     1.73929000e-05
0.912516     1.88526000e-05
0.912820     1.01896000e-05
0.913124     6.11832000e-06
0.913429     3.24878000e-06
0.913733     7.90581000e-07
0.914038     1.77343000e-05
0.914343     2.77167000e-06
0.914647     9.66717000e-06
0.914952     8.91558000e-06
0.915257     4.17440000e-06
0.915562     1.56028000e-06
0.915868     5.52985000e-06
0.916173     6.02460000e-06
0.916478     5.61743000e-06
0.916784     1.76714000e-05
0.917089     1.68922000e-05
0.917395     1.22985000e-05
0.917701     1.06775000e-05
0.918007     1.50220000e-05
0.918313     1.54534000e-05
0.918619     4.01844000e-06
0.918925     6.04870000e-07
0.919231     1.79397000e-05
0.919538     2.88561000e-06
0.919844     5.91059000e-06
0.920151     1.54130000e-05
0.920458     3.23454000e-06
0.920764     1.35165000e-05
0.921071     1.55353000e-05
0.921378     1.25183000e-05
0.921685     8.56831000e-06
0.921993     3.87402000e-08
0.922300     1.58462000e-05
0.922607     6.59219000e-06
0.922915     4.38496000e-07
0.923223     1.79919000e-05
0.923530     7.45767000e-08
0.923838     1.08064000e-05
0.924146     4.58021000e-08
0.924454     1.45111000e-05
0.924762     1.08704000e-05
0.925071     9.41237000e-06
0.925379     9.93045000e-06
0.925687     3.90009000e-07
0.925996     7.71432000e-06
0.926305     9.79416000e-06
0.926613     4.04266000e-06
0.926922     1.03457000e-05
0.927231     1.19667000e-06
0.927540     2.96245000e-06
0.927850     3.21553000e-06
0.928159     9.64656000e-08
0.928468     9.13024000e-08
0.928778     6.26390000e-06
0.929087     2.23252000e-08
0.929397     4.99181000e-07
0.929707     3.87470000e-06
0.930017     1.64645000e-06
0.930327     4.29219000e-07
0.930637     6.10672000e-09
0.930947     3.28535000e-07
0.931257     7.41653000e-06
0.931568     6.17715000e-06
0.931878     1.70844000e-09
0.932189     2.65686000e-07
0.932500     8.16187000e-08
0.932810     1.07614000e-08
0.933121     3.93091000e-07
0.933432     1.15572000e-05
0.933744     7.25442000e-06
0.934055     7.94288000e-07
0.934366     8.53232000e-06
0.934678     1.20970000e-07
0.934989     5.90946000e-07
0.935301     1.09997000e-08
0.935613     1.75211000e-07
0.935924     1.42502000e-06
0.936236     1.61840000e-07
0.936549     8.08090000e-06
0.936861     1.04189000e-05
0.937173     7.21324000e-06
0.937485     6.36345000e-06
0.937798     3.12541000e-06
0.938110     6.41842000e-06
0.938423     5.02383000e-06
0.938736     7.93291000e-06
0.939049     5.19277000e-06
0.939362     1.84400000e-06
0.939675     2.35581000e-07
0.939988     1.03483000e-05
0.940302     7.75192000e-06
0.940615     8.60697000e-07
0.940929     2.62830000e-06
0.941242     5.39319000e-06
0.941556     8.53256000e-06
0.941870     3.57411000e-07
0.942184     2.26341000e-06
0.942498     2.27880000e-06
0.942812     4.48432000e-06
0.943126     3.92602000e-06
0.943441     6.20737000e-07
0.943755     1.53972000e-07
0.944070     1.95204000e-08
0.944384     1.88982000e-06
0.944699     9.48000000e-09
0.945014     5.57577000e-06
0.945329     2.60383000e-06
0.945644     4.23981000e-06
0.945959     1.44382000e-06
0.946275     4.76714000e-06
0.946590     1.08998000e-05
0.946906     4.40832000e-06
0.947221     7.14571000e-06
0.947537     1.26889000e-05
0.947853     4.72234000e-08
0.948169     3.78627000e-06
0.948485     8.33516000e-06
0.948801     3.85634000e-06
0.949117     1.40887000e-05
0.949434     7.61536000e-06
0.949750     6.29441000e-06
0.950067     7.91564000e-06
0.950383     7.99354000e-06
0.950700     3.36035000e-07
0.951017     1.86319000e-06
0.951334     2.41987000e-08
0.951651     4.75167000e-06
0.951969     5.04524000e-07
0.952286     1.21366000e-05
0.952603     7.24901000e-06
0.952921     1.13843000e-05
0.953238     5.61549000e-06
0.953556     1.38007000e-07
0.953874     6.37470000e-08
0.954192     4.08815000e-06
0.954510     4.25159000e-06
0.954828     1.21614000e-05
0.955146     2.86679000e-06
0.955465     7.18229000e-07
0.955783     9.96433000e-06
0.956102     1.55300000e-08
0.956421     9.87822000e-06
0.956739     3.55798000e-06
0.957058     1.07655000e-05
0.957377     6.49424000e-06
0.957697     5.45677000e-07
0.958016     1.35222000e-05
0.958335     5.46567000e-06
0.958655     1.09366000e-05
0.958974     9.94317000e-09
0.959294     2.33599000e-06
0.959614     2.13655000e-06
0.959933     6.38968000e-06
0.960253     1.36844000e-05
0.960573     6.75245000e-06
0.960894     7.80659000e-06
0.961214     5.01566000e-06
0.961534     2.63337000e-06
0.961855     1.77005000e-06
0.962175     6.35273000e-06
0.962496     2.89610000e-08
0.962817     2.35108000e-06
0.963138     1.56334000e-07
0.963459     1.91375000e-05
0.963780     9.84318000e-06
0.964101     2.11332000e-06
0.964423     5.66391000e-06
0.964744     2.46450000e-06
0.965066     1.72387000e-06
0.965388     2.88080000e-06
0.965709     4.54657000e-07
0.966031     8.63849000e-06
0.966353     1.53612000e-07
0.966675     5.69467000e-06
0.966998     8.20648000e-09
0.967320     1.11861000e-06
0.967642     1.24009000e-05
0.967965     1.02896000e-05
0.968288     1.39042000e-07
0.968610     1.11341000e-05
0.968933     8.11201000e-06
0.969256     8.11039000e-06
0.969579     7.64585000e-06
0.969902     1.17206000e-05
0.970226     3.34288000e-06
0.970549     3.68912000e-07
0.970873     1.48596000e-06
0.971196     5.94923000e-07
0.971520     1.29195000e-08
0.971844     5.72426000e-06
0.972168     2.76864000e-06
0.972492     2.33747000e-07
0.972816     1.02509000e-05
0.973140     5.10848000e-07
0.973465     1.67920000e-05
0.973789     3.20705000e-06
0.974114     1.50863000e-06
0.974438     2.74467000e-06
0.974763     4.39262000e-07
0.975088     1.30093000e-05
0.975413     9.63837000e-07
0.975738     9.51037000e-06
0.976064     6.25512000e-06
0.976389     5.28282000e-07
0.976714     4.46597000e-06
0.977040     4.92408000e-06
0.977366     4.47252000e-06
0.977691     4.70391000e-06
0.978017     8.26470000e-06
0.978343     9.07253000e-06
0.978670     9.47242000e-06
0.978996     9.33464000e-06
0.979322     3.94479000e-07
0.979649     8.23720000e-08
0.979975     1.55673000e-05
0.980302     3.20460000e-06
0.980628     8.02913000e-06
0.980955     9.72318000e-06
0.981282     1.47353000e-05
0.981609     1.62490000e-06
0.981937     6.87611000e-06
0.982264     1.22846000e-05
0.982591     8.28603000e-06
0.982919     2.34972000e-06
0.983247     1.46206000e-05
0.983574     6.47810000e-06
0.983902     4.15059000e-06
0.984230     1.24424000e-05
0.984558     1.21732000e-05
0.984886     7.94519000e-06
0.985215     4.95384000e-06
0.985543     2.92627000e-06
0.985872     8.24304000e-06
0.986200     6.53289000e-07
0.986529     1.37201000e-05
0.986858     7.36097000e-06
0.987187     3.06354000e-06
0.987516     1.17674000e-05
0.987845     1.55488000e-05
0.988174     1.30480000e-05
0.988504     7.08361000e-06
0.988833     2.72967000e-06
0.989163     7.97822000e-06
0.989492     3.48958000e-06
0.989822     8.58502000e-06
0.990152     1.13515000e-05
0.990482     1.54189000e-05
0.990812     1.90007000e-05
0.991143     9.97003000e-06
0.991473     7.48501000e-07
0.991804     2.75437000e-06
0.992134     4.51456000e-06
0.992465     1.13883000e-05
0.992796     1.75243000e-05
0.993127     1.22427000e-05
0.993458     4.56520000e-06
0.993789     1.27031000e-05
0.994120     1.24612000e-05
0.994452     1.34556000e-05
0.994783     1.20311000e-05
0.995115     1.80527000e-05
0.995446     2.80754000e-06
0.995778     2.97941000e-06
0.996110     3.95730000e-06
0.996442     7.84127000e-06
0.996774     3.95529000e-06
0.997106     6.94740000e-06
0.997439     1.60722000e-05
0.997771     5.07294000e-06
0.998104     6.20863000e-06
0.998437     8.68814000e-06
0.998769     2.29135000e-05
0.999102     3.60201000e-07
0.999435     8.00130000e-06
0.999769     6.34881000e-06
1.000102     9.39953000e-06
1.000435     2.01122000e-06
1.000769     1.76751000e-05
1.001102     5.40868000e-06
1.001436     3.05370000e-06
1.001770     2.14026000e-05
1.002104     1.75426000e-05
1.002438     1.55017000e-05
1.002772     7.53756000e-06
1.003106     1.47175000e-05
1.003440     2.97852000e-06
1.003775     6.54268000e-06
1.004110     1.07761000e-05
1.004444     9.75282000e-06
1.004779     1.87688000e-05
1.005114     1.95177000e-05
1.005449     9.74819000e-06
1.005784     2.83612000e-06
1.006119     1.43813000e-05
1.006455     6.16436000e-06
1.006790     8.49060000e-06
1.007126     1.42183000e-05
1.007462     1.92927000e-05
1.007797     1.90385000e-05
1.008133     6.48805000e-06
1.008469     2.01403000e-05
1.008806     1.84505000e-05
1.009142     2.12868000e-05
1.009478     2.56845000e-05
1.009815     7.29394000e-06
1.010151     1.98702000e-05
1.010488     6.95151000e-06
1.010825     8.79322000e-06
1.011162     6.04701000e-06
1.011499     5.88431000e-06
1.011836     7.67416000e-06
1.012173     1.84662000e-05
1.012511     2.83937000e-05
1.012848     1.53549000e-05
1.013186     4.67219000e-06
1.013524     1.77766000e-05
1.013861     5.16171000e-06
1.014199     1.79199000e-05
1.014537     1.91638000e-06
1.014876     1.42209000e-05
1.015214     4.38994000e-06
1.015552     3.82297000e-06
1.015891     8.68323000e-06
1.016229     2.26352000e-05
1.016568     1.88317000e-05
1.016907     1.74396000e-05
1.017246     4.88821000e-06
1.017585     1.08082000e-05
1.017924     1.34898000e-05
1.018264     9.59467000e-06
1.018603     1.23340000e-05
1.018943     1.75693000e-05
1.019282     5.74503000e-06
1.019622     1.24955000e-05
1.019962     1.95895000e-05
1.020302     1.45258000e-05
1.020642     2.32797000e-05
1.020982     2.03522000e-05
1.021322     1.95793000e-05
1.021663     1.46303000e-05
1.022003     9.20339000e-06
1.022344     5.50608000e-06
1.022685     1.44713000e-05
1.023026     6.13604000e-06
1.023367     1.91834000e-05
1.023708     2.68910000e-05
1.024049     1.27116000e-05
1.024390     2.55959000e-05
1.024732     2.10835000e-05
1.025074     1.80890000e-05
1.025415     3.01201000e-05
1.025757     8.85177000e-06
1.026099     2.19026000e-05
1.026441     2.83932000e-05
1.026783     1.54301000e-05
1.027125     1.80461000e-05
1.027468     2.02239000e-05
1.027810     2.75926000e-05
1.028153     1.81068000e-05
1.028496     2.89582000e-05
1.028838     2.31884000e-05
1.029181     2.84371000e-05
1.029524     2.77023000e-05
1.029868     2.63420000e-05
1.030211     1.49777000e-05
1.030554     1.62154000e-05
1.030898     2.60924000e-05
1.031241     2.49129000e-05
1.031585     1.26020000e-05
1.031929     2.89910000e-05
1.032273     1.73538000e-05
1.032617     2.83997000e-05
1.032961     2.58044000e-05
1.033306     2.77479000e-05
1.033650     2.74834000e-05
1.033995     2.87637000e-05
1.034339     1.91466000e-05
1.034684     2.05787000e-05
1.035029     3.17029000e-05
1.035374     2.53405000e-05
1.035719     2.17436000e-05
1.036064     2.82118000e-05
1.036410     2.01796000e-05
1.036755     3.11862000e-05
1.037101     3.22969000e-05
1.037446     3.31349000e-05
1.037792     2.55396000e-05
1.038138     3.43059000e-05
1.038484     3.08096000e-05
1.038830     1.92317000e-05
1.039177     2.76011000e-05
1.039523     1.90645000e-05
1.039870     3.58326000e-05
1.040216     2.44936000e-05
1.040563     3.08617000e-05
1.040910     2.86148000e-05
1.041257     2.04063000e-05
1.041604     3.39367000e-05
1.041951     2.49263000e-05
1.042298     2.96532000e-05
1.042646     2.53689000e-05
1.042993     2.43236000e-05
1.043341     3.16969000e-05
1.043689     3.30975000e-05
1.044037     2.95481000e-05
1.044385     2.97306000e-05
1.044733     2.64846000e-05
1.045081     3.06691000e-05
1.045429     2.48937000e-05
1.045778     2.83543000e-05
1.046126     3.67164000e-05
1.046475     3.66806000e-05
1.046824     3.71108000e-05
1.047173     2.86414000e-05
1.047522     2.91894000e-05
1.047871     3.49572000e-05
1.048220     1.65191000e-05
1.048570     1.84084000e-05
1.048919     3.64805000e-05
1.049269     2.73493000e-05
1.049619     3.78186000e-05
1.049969     3.87626000e-05
1.050319     3.14330000e-05
1.050669     2.65273000e-05
1.051019     3.22648000e-05
1.051369     3.27839000e-05
1.051720     3.69994000e-05
1.052070     3.38349000e-05
1.052421     2.63610000e-05
1.052772     3.04338000e-05
1.053123     3.26868000e-05
1.053474     3.98311000e-05
1.053825     3.45295000e-05
1.054176     3.27532000e-05
1.054528     4.22971000e-05
1.054879     3.34675000e-05
1.055231     3.64529000e-05
1.055583     4.06395000e-05
1.055934     3.69530000e-05
1.056286     3.75027000e-05
1.056638     3.93850000e-05
1.056991     3.88415000e-05
1.057343     4.11831000e-05
1.057695     3.80980000e-05
1.058048     3.85623000e-05
1.058401     4.01081000e-05
1.058754     3.65623000e-05
1.059106     1.84932000e-05
1.059459     3.41517000e-05
1.059813     3.14924000e-05
1.060166     3.92884000e-05
1.060519     3.65375000e-05
1.060873     2.47189000e-05
1.061226     3.75522000e-05
1.061580     4.04041000e-05
1.061934     4.09128000e-05
1.062288     4.01820000e-05
1.062642     3.49929000e-05
1.062996     3.13237000e-05
1.063351     3.75580000e-05
1.063705     3.27208000e-05
1.064060     4.16413000e-05
1.064414     4.06200000e-05
1.064769     4.13536000e-05
1.065124     3.82987000e-05
1.065479     7.89971000e-06
1.065834     2.96409000e-05
1.066190     3.63143000e-05
1.066545     4.18553000e-05
1.066900     1.63159000e-05
1.067256     3.83556000e-05
1.067612     2.63272000e-05
1.067968     4.32856000e-05
1.068324     3.01080000e-05
1.068680     2.84104000e-05
1.069036     4.28867000e-05
1.069392     1.38559000e-05
1.069749     3.39954000e-05
1.070105     3.32071000e-05
1.070462     4.37667000e-05
1.070819     3.94827000e-05
1.071176     2.35277000e-05
1.071533     4.05570000e-05
1.071890     3.77493000e-05
1.072247     3.81877000e-05
1.072605     2.40919000e-05
1.072962     4.02433000e-05
1.073320     4.43634000e-05
1.073678     4.52923000e-05
1.074036     4.08964000e-05
1.074394     4.21134000e-05
1.074752     2.18768000e-05
1.075110     4.32340000e-05
1.075468     4.60469000e-05
1.075827     4.05296000e-05
1.076186     3.99980000e-05
1.076544     3.43082000e-05
1.076903     2.09464000e-05
1.077262     3.51409000e-05
1.077621     4.41192000e-05
1.077980     3.82520000e-05
1.078340     2.31956000e-05
1.078699     1.82473000e-05
1.079059     4.28161000e-05
1.079418     4.04073000e-05
1.079778     4.03723000e-05
1.080138     3.02673000e-05
1.080498     3.69301000e-05
1.080858     3.08324000e-05
1.081219     4.67412000e-05
1.081579     3.79486000e-05
1.081940     4.14099000e-05
1.082300     2.75222000e-05
1.082661     4.09559000e-05
1.083022     3.78859000e-05
1.083383     4.04016000e-05
1.083744     4.26866000e-05
1.084105     1.36277000e-05
1.084467     4.41130000e-05
1.084828     4.11592000e-05
1.085190     3.70752000e-05
1.085551     3.30141000e-05
1.085913     3.05766000e-05
1.086275     2.08576000e-06
1.086637     8.88035000e-06
1.087000     3.66760000e-05
1.087362     4.48427000e-05
1.087724     4.25744000e-05
1.088087     4.18904000e-05
1.088450     2.44599000e-05
1.088812     2.88393000e-05
1.089175     1.08220000e-05
1.089538     2.68058000e-05
1.089902     3.42196000e-05
1.090265     9.98928000e-06
1.090628     1.48730000e-05
1.090992     3.60860000e-05
1.091356     2.49465000e-05
1.091719     2.30738000e-05
1.092083     1.24784000e-05
1.092447     2.67115000e-05
1.092811     3.02998000e-05
1.093176     4.46808000e-06
1.093540     8.41078000e-06
1.093905     1.68626000e-05
1.094269     7.32293000e-07
1.094634     3.35258000e-05
1.094999     1.33044000e-05
1.095364     2.46144000e-05
1.095729     1.82081000e-06
1.096094     1.06009000e-05
1.096460     2.32978000e-06
1.096825     1.58232000e-05
1.097191     2.21972000e-05
1.097556     1.37344000e-05
1.097922     3.24578000e-06
1.098288     1.35628000e-05
1.098654     8.18598000e-06
1.099021     1.41347000e-05
1.099387     5.67124000e-06
1.099753     1.37701000e-05
1.100120     1.25818000e-05
1.100487     4.42967000e-06
1.100853     1.58814000e-05
1.101220     4.21525000e-06
1.101588     1.79082000e-05
1.101955     2.34769000e-05
1.102322     2.90758000e-05
1.102689     2.88392000e-05
1.103057     6.55997000e-06
1.103425     1.84081000e-07
1.103793     1.35826000e-05
1.104160     1.52448000e-05
1.104529     2.01358000e-05
1.104897     2.32139000e-05
1.105265     1.00433000e-05
1.105633     5.72681000e-06
1.106002     2.31453000e-05
1.106371     2.05911000e-05
1.106739     1.77594000e-05
1.107108     2.14317000e-05
1.107477     1.32459000e-07
1.107847     1.32395000e-05
1.108216     8.44776000e-06
1.108585     1.77255000e-06
1.108955     2.80247000e-05
1.109324     1.11153000e-05
1.109694     3.99135000e-06
1.110064     5.94910000e-06
1.110434     8.58650000e-06
1.110804     2.24585000e-05
1.111174     6.89298000e-07
1.111545     9.20493000e-07
1.111915     1.49007000e-06
1.112286     1.15355000e-06
1.112657     1.75938000e-06
1.113028     6.26002000e-06
1.113399     1.67383000e-05
1.113770     9.14675000e-06
1.114141     8.38155000e-07
1.114512     3.39716000e-06
1.114884     8.74967000e-06
1.115256     8.30464000e-06
1.115627     1.32449000e-05
1.115999     1.90371000e-05
1.116371     1.48173000e-08
1.116743     1.25421000e-05
1.117116     3.34312000e-06
1.117488     1.27741000e-06
1.117860     1.70097000e-06
1.118233     1.77912000e-05
1.118606     1.48388000e-05
1.118979     7.63182000e-06
1.119352     2.67249000e-06
1.119725     1.94857000e-06
1.120098     1.20020000e-05
1.120471     5.69541000e-06
1.120845     5.64039000e-06
1.121219     1.75138000e-05
1.121592     1.04046000e-05
1.121966     1.18178000e-07
1.122340     6.18409000e-07
1.122714     7.12417000e-07
1.123088     1.68154000e-06
1.123463     6.33194000e-06
1.123837     2.82970000e-07
1.124212     4.74279000e-06
1.124587     1.08347000e-05
1.124962     4.25099000e-06
1.125337     3.94827000e-07
1.125712     1.21367000e-05
1.126087     1.61750000e-05
1.126462     1.04514000e-05
1.126838     5.00445000e-07
1.127213     5.99861000e-07
1.127589     2.19798000e-05
1.127965     5.66409000e-06
1.128341     7.12956000e-06
1.128717     1.77637000e-05
1.129093     1.94304000e-06
1.129470     2.08456000e-05
1.129846     1.81052000e-07
1.130223     1.00444000e-05
1.130599     5.14256000e-06
1.130976     1.06147000e-05
1.131353     9.55911000e-06
1.131730     8.01795000e-07
1.132108     1.79112000e-06
1.132485     6.27571000e-06
1.132863     3.43407000e-07
1.133240     1.78717000e-06
1.133618     1.00329000e-05
1.133996     1.09261000e-05
1.134374     3.92930000e-08
1.134752     3.21738000e-06
1.135130     2.25809000e-08
1.135509     1.99443000e-06
1.135887     1.39855000e-07
1.136266     4.51181000e-06
1.136644     1.46403000e-06
1.137023     9.19798000e-06
1.137402     1.24165000e-05
1.137781     1.30941000e-05
1.138161     1.26086000e-07
1.138540     2.20976000e-08
1.138920     1.15678000e-05
1.139299     8.14694000e-06
1.139679     5.16451000e-06
1.140059     7.56818000e-07
1.140439     1.04780000e-05
1.140819     1.87221000e-05
1.141199     2.68321000e-07
1.141580     1.53027000e-06
1.141960     1.92569000e-07
1.142341     4.45398000e-06
1.142722     2.24828000e-06
1.143103     2.50642000e-06
1.143484     7.64304000e-06
1.143865     1.91084000e-06
1.144246     3.52626000e-06
1.144628     7.68733000e-06
1.145009     1.20027000e-05
1.145391     7.14276000e-07
1.145773     9.01312000e-06
1.146154     3.77237000e-06
1.146537     2.09533000e-06
1.146919     8.27504000e-06
1.147301     5.47665000e-06
1.147683     4.10368000e-07
1.148066     5.32748000e-06
1.148449     2.82179000e-06
1.148832     6.88327000e-06
1.149214     1.38365000e-05
1.149598     8.94547000e-06
1.149981     6.29519000e-06
1.150364     2.98273000e-06
1.150748     6.10805000e-06
1.151131     2.87510000e-06
1.151515     9.37190000e-06
1.151899     1.51255000e-06
1.152283     4.49391000e-06
1.152667     1.49212000e-06
1.153051     5.53238000e-06
1.153435     3.56429000e-06
1.153820     2.34326000e-06
1.154204     3.83789000e-06
1.154589     5.02402000e-07
1.154974     2.19760000e-06
1.155359     4.85222000e-07
1.155744     3.64326000e-08
1.156129     9.77416000e-07
1.156515     2.25024000e-06
1.156900     2.89295000e-06
1.157286     2.57134000e-06
1.157672     8.40765000e-07
1.158057     7.81075000e-07
1.158443     4.88052000e-06
1.158830     1.38285000e-06
1.159216     2.14735000e-07
1.159602     4.40040000e-06
1.159989     9.41849000e-06
1.160376     5.89003000e-06
1.160762     2.00369000e-07
1.161149     1.18493000e-05
1.161536     1.37527000e-05
1.161923     1.13979000e-06
1.162311     1.25334000e-06
1.162698     1.44434000e-06
1.163086     1.15194000e-06
1.163473     9.72549000e-07
1.163861     7.64320000e-06
1.164249     3.34615000e-06
1.164637     1.67811000e-05
1.165026     1.15817000e-05
1.165414     2.55507000e-06
1.165802     4.14806000e-06
1.166191     1.17722000e-05
1.166580     1.03036000e-05
1.166969     1.64052000e-05
1.167358     1.00850000e-05
1.167747     6.90352000e-06
1.168136     1.23610000e-05
1.168525     2.07088000e-06
1.168915     4.57053000e-06
1.169304     1.21513000e-05
1.169694     1.61828000e-06
1.170084     7.34860000e-06
1.170474     7.16901000e-06
1.170864     9.54821000e-06
1.171255     5.09050000e-06
1.171645     2.61106000e-06
1.172036     9.90532000e-06
1.172426     2.94248000e-06
1.172817     7.50614000e-06
1.173208     3.19431000e-07
1.173599     9.43927000e-07
1.173990     1.59607000e-07
1.174382     3.79741000e-06
1.174773     8.36417000e-06
1.175165     7.83331000e-06
1.175556     2.74684000e-06
1.175948     5.90773000e-06
1.176340     6.86268000e-06
1.176732     1.75286000e-06
1.177125     4.38393000e-06
1.177517     1.12028000e-05
1.177909     1.05531000e-05
1.178302     4.72570000e-06
1.178695     6.76939000e-06
1.179088     3.20891000e-07
1.179481     5.74738000e-06
1.179874     2.69966000e-06
1.180267     6.58234000e-06
1.180661     4.81886000e-06
1.181054     2.13926000e-06
1.181448     1.54821000e-05
1.181842     4.27379000e-06
1.182236     9.93444000e-06
1.182630     2.60476000e-06
1.183024     8.13045000e-07
1.183418     8.54758000e-06
1.183813     2.72304000e-06
1.184207     1.79955000e-05
1.184602     1.10506000e-05
1.184997     1.48940000e-05
1.185392     6.03927000e-06
1.185787     1.48353000e-05
1.186182     2.54153000e-06
1.186578     1.56519000e-06
1.186973     9.94892000e-06
1.187369     2.77225000e-06
1.187765     7.58684000e-06
1.188161     1.59975000e-05
1.188557     2.17354000e-05
1.188953     2.94261000e-06
1.189349     2.22716000e-05
1.189746     3.49638000e-06
1.190142     9.24527000e-06
1.190539     1.12735000e-05
1.190936     3.11193000e-06
1.191333     2.13747000e-05
1.191730     6.86742000e-06
1.192127     1.47273000e-06
1.192524     1.38476000e-06
1.192922     4.40897000e-06
1.193320     2.20476000e-05
1.193717     9.00968000e-06
1.194115     1.78841000e-05
1.194513     1.59368000e-05
1.194911     1.10614000e-05
1.195310     2.23519000e-06
1.195708     1.26905000e-05
1.196107     1.88439000e-05
1.196506     1.35297000e-05
1.196904     2.46659000e-05
1.197303     1.14009000e-05
1.197702     1.32621000e-05
1.198102     3.41456000e-06
1.198501     2.47000000e-05
1.198901     1.17109000e-05
1.199300     2.56019000e-06
1.199700     1.99982000e-05
1.200100     1.92530000e-05
1.200500     1.41896000e-05
1.200900     1.19537000e-05
1.201300     2.60477000e-05
1.201701     4.72309000e-06
1.202101     1.18539000e-05
1.202502     2.23024000e-05
1.202903     2.30057000e-05
1.203304     1.88509000e-05
1.203705     4.67338000e-06
1.204106     8.50185000e-06
1.204508     5.66443000e-06
1.204909     2.61010000e-05
1.205311     3.26365000e-05
1.205712     3.11860000e-05
1.206114     5.93619000e-06
1.206516     1.09720000e-06
1.206919     1.65049000e-05
1.207321     1.56969000e-05
1.207723     1.75560000e-05
1.208126     5.39535000e-07
1.208529     4.40853000e-07
1.208931     4.11326000e-05
1.209334     5.22717000e-06
1.209738     1.76999000e-05
1.210141     4.08194000e-05
1.210544     6.75602000e-06
1.210948     1.01364000e-05
1.211351     2.28056000e-07
1.211755     2.75682000e-05
1.212159     2.82940000e-05
1.212563     3.05369000e-05
1.212967     8.12637000e-06
1.213372     1.44710000e-05
1.213776     2.75842000e-05
1.214181     3.10565000e-05
1.214585     3.39917000e-05
1.214990     1.94327000e-05
1.215395     3.56727000e-05
1.215800     1.66096000e-05
1.216206     1.35716000e-05
1.216611     3.10173000e-05
1.217017     2.54591000e-05
1.217422     3.62583000e-05
1.217828     3.47680000e-05
1.218234     4.64411000e-06
1.218640     1.57557000e-05
1.219046     2.65349000e-05
1.219453     3.48078000e-05
1.219859     3.13204000e-05
1.220266     2.25567000e-05
1.220672     1.40792000e-05
1.221079     2.45919000e-05
1.221486     4.17725000e-05
1.221894     2.66941000e-05
1.222301     4.86230000e-05
1.222708     1.49273000e-05
1.223116     3.13741000e-05
1.223524     9.35884000e-06
1.223931     4.98766000e-05
1.224339     3.33519000e-05
1.224747     5.36494000e-05
1.225156     1.77887000e-05
1.225564     1.79975000e-05
1.225973     4.51243000e-05
1.226381     2.91077000e-05
1.226790     3.46986000e-05
1.227199     4.40577000e-05
1.227608     1.58446000e-05
1.228017     3.32632000e-05
1.228427     4.59910000e-05
1.228836     4.06487000e-05
1.229246     3.57384000e-05
1.229655     5.31959000e-05
1.230065     2.77416000e-05
1.230475     1.72560000e-05
1.230886     3.05014000e-05
1.231296     5.41933000e-05
1.231706     2.44298000e-05
1.232117     3.01719000e-05
1.232528     4.41223000e-05
1.232938     4.06690000e-05
1.233349     4.14529000e-05
1.233760     1.75353000e-05
1.234172     5.17130000e-05
1.234583     5.67813000e-05
1.234995     5.54181000e-05
1.235406     2.69679000e-05
1.235818     7.09857000e-06
1.236230     6.64193000e-05
1.236642     5.33892000e-05
1.237054     5.10757000e-05
1.237467     5.11332000e-05
1.237879     3.88036000e-05
1.238292     3.40714000e-05
1.238705     6.21277000e-05
1.239117     4.06258000e-05
1.239531     3.03947000e-05
1.239944     1.92777000e-05
1.240357     2.38830000e-05
1.240770     4.48019000e-05
1.241184     5.50579000e-05
1.241598     3.29088000e-05
1.242012     5.35388000e-05
1.242426     3.19372000e-05
1.242840     6.60832000e-05
1.243254     2.41466000e-05
1.243668     1.45827000e-05
1.244083     3.65248000e-05
1.244498     3.36199000e-05
1.244913     6.22694000e-05
1.245328     5.49910000e-05
1.245743     5.13455000e-05
1.246158     3.33137000e-05
1.246573     4.78003000e-05
1.246989     5.69561000e-05
1.247404     6.10786000e-05
1.247820     3.12495000e-05
1.248236     5.36117000e-05
1.248652     4.57554000e-05
1.249068     5.05857000e-05
1.249485     5.99886000e-05
1.249901     5.06220000e-05
1.250318     3.81118000e-05
1.250735     5.22331000e-05
1.251152     5.75750000e-05
1.251569     2.35309000e-05
1.251986     3.50783000e-05
1.252403     6.01397000e-05
1.252821     4.71532000e-05
1.253238     6.48051000e-05
1.253656     3.09520000e-05
1.254074     4.21607000e-05
1.254492     6.26738000e-05
1.254910     6.71822000e-05
1.255328     4.70898000e-05
1.255747     7.82672000e-05
1.256165     4.04531000e-05
1.256584     4.83818000e-05
1.257003     5.54521000e-05
1.257422     6.40643000e-05
1.257841     6.64996000e-05
1.258260     6.98746000e-05
1.258680     6.16968000e-05
1.259099     5.04678000e-05
1.259519     5.49728000e-05
1.259939     3.26339000e-05
1.260359     5.46670000e-05
1.260779     4.25157000e-05
1.261199     5.01387000e-05
1.261620     7.60952000e-05
1.262040     6.11148000e-05
1.262461     2.88660000e-06
1.262882     5.14303000e-05
1.263303     6.98515000e-05
1.263724     4.63675000e-05
1.264145     7.15343000e-05
1.264566     6.38364000e-05
1.264988     4.75061000e-05
1.265410     6.52467000e-05
1.265831     2.58331000e-05
1.266253     2.77054000e-05
1.266675     3.88271000e-05
1.267098     5.48267000e-05
1.267520     6.97695000e-05
1.267943     6.17556000e-05
1.268365     8.05905000e-05
1.268788     6.96868000e-05
1.269211     7.30280000e-05
1.269634     5.64530000e-05
1.270057     5.99189000e-05
1.270481     6.97537000e-05
1.270904     4.56856000e-05
1.271328     3.90873000e-05
1.271751     6.56419000e-05
1.272175     6.47818000e-05
1.272599     6.69510000e-05
1.273024     6.50108000e-05
1.273448     1.79898000e-06
1.273872     6.54424000e-05
1.274297     5.23009000e-05
1.274722     5.76293000e-05
1.275147     7.58564000e-05
1.275572     4.26804000e-05
1.275997     1.34131000e-05
1.276422     8.07416000e-05
1.276848     3.35808000e-05
1.277273     4.60846000e-05
1.277699     5.96458000e-05
1.278125     6.66030000e-05
1.278551     6.84817000e-05
1.278977     7.78338000e-05
1.279404     7.77714000e-05
1.279830     1.43546000e-05
1.280257     1.37784000e-05
1.280683     7.37766000e-05
1.281110     1.24190000e-05
1.281537     7.70542000e-05
1.281965     8.49618000e-05
1.282392     8.97020000e-05
1.282819     9.48390000e-07
1.283247     2.79669000e-05
1.283675     5.79094000e-05
1.284103     2.00110000e-05
1.284531     3.59753000e-05
1.284959     4.73606000e-05
1.285387     7.39382000e-05
1.285816     7.87102000e-05
1.286244     1.16263000e-05
1.286673     6.16965000e-05
1.287102     2.53244000e-05
1.287531     4.00178000e-05
1.287960     6.03215000e-05
1.288389     4.99302000e-05
1.288819     7.05028000e-05
1.289248     6.78746000e-05
1.289678     6.28496000e-05
1.290108     7.96891000e-05
1.290538     7.57591000e-05
1.290968     6.65942000e-05
1.291399     1.57843000e-05
1.291829     4.94232000e-05
1.292260     5.72796000e-05
1.292690     1.14575000e-05
1.293121     7.05288000e-05
1.293552     7.22067000e-05
1.293984     8.00289000e-07
1.294415     8.29821000e-05
1.294846     4.46147000e-05
1.295278     7.91685000e-05
1.295710     2.38604000e-05
1.296142     5.86612000e-05
1.296574     7.04329000e-05
1.297006     5.83311000e-05
1.297438     2.13045000e-06
1.297871     7.10694000e-05
1.298303     2.44535000e-05
1.298736     1.13883000e-05
1.299169     5.65889000e-05
1.299602     6.23942000e-05
1.300035     5.61080000e-05
1.300469     2.74924000e-05
1.300902     3.09688000e-05
1.301336     3.73962000e-05
1.301770     4.05590000e-06
1.302203     6.94545000e-05
1.302638     5.77879000e-05
1.303072     5.71244000e-05
1.303506     1.96003000e-05
1.303941     6.52378000e-05
1.304375     3.39812000e-05
1.304810     6.98283000e-05
1.305245     5.10406000e-05
1.305680     3.54392000e-06
1.306115     5.68164000e-05
1.306551     4.86310000e-05
1.306986     3.09238000e-05
1.307422     1.03193000e-05
1.307858     5.47342000e-05
1.308294     3.75675000e-05
1.308730     3.60801000e-05
1.309166     3.35953000e-05
1.309602     3.16748000e-05
1.310039     2.45540000e-05
1.310476     6.92717000e-05
1.310912     8.97600000e-06
1.311349     1.13647000e-05
1.311786     5.41501000e-05
1.312224     2.99714000e-05
1.312661     7.10888000e-05
1.313099     5.70349000e-06
1.313536     7.67719000e-05
1.313974     2.86807000e-05
1.314412     3.05600000e-05
1.314850     5.24666000e-05
1.315289     5.69527000e-05
1.315727     2.33648000e-05
1.316166     4.24842000e-05
1.316604     4.78006000e-06
1.317043     5.65218000e-05
1.317482     4.87718000e-05
1.317921     3.06753000e-05
1.318361     3.76031000e-05
1.318800     1.90529000e-06
1.319240     5.59013000e-05
1.319679     4.74724000e-05
1.320119     2.25450000e-06
1.320559     2.73368000e-05
1.321000     4.22197000e-05
1.321440     1.33125000e-05
1.321880     3.70467000e-05
1.322321     2.45937000e-05
1.322762     3.62394000e-05
1.323203     5.99071000e-06
1.323644     2.06007000e-05
1.324085     3.04213000e-06
1.324526     5.05890000e-05
1.324968     3.13883000e-05
1.325410     5.03650000e-07
1.325851     5.91147000e-05
1.326293     2.18868000e-05
1.326735     2.45976000e-05
1.327178     1.85697000e-06
1.327620     1.03524000e-05
1.328063     9.00676000e-06
1.328505     2.66106000e-05
1.328948     2.00378000e-05
1.329391     1.72416000e-05
1.329834     2.99112000e-05
1.330278     2.52713000e-05
1.330721     1.22930000e-05
1.331165     6.40657000e-06
1.331608     2.00139000e-05
1.332052     1.07495000e-05
1.332496     1.38464000e-07
1.332940     1.55509000e-05
1.333385     1.09816000e-05
1.333829     8.83953000e-06
1.334274     1.67754000e-05
1.334718     5.56458000e-06
1.335163     2.76956000e-06
1.335608     8.80005000e-06
1.336054     9.78288000e-06
1.336499     1.19081000e-05
1.336944     4.69262000e-06
1.337390     3.39473000e-06
1.337836     1.22975000e-05
1.338282     2.13828000e-06
1.338728     4.06084000e-06
1.339174     1.25307000e-05
1.339621     1.22329000e-05
1.340067     6.71623000e-07
1.340514     1.16101000e-07
1.340961     8.33999000e-06
1.341408     1.52484000e-05
1.341855     7.52255000e-08
1.342302     3.31940000e-06
1.342749     1.23735000e-06
1.343197     9.62707000e-06
1.343645     1.06128000e-05
1.344093     1.26279000e-05
1.344541     1.17625000e-07
1.344989     9.20770000e-06
1.345437     1.13743000e-05
1.345886     7.56471000e-06
1.346334     3.62577000e-06
1.346783     2.89964000e-07
1.347232     5.71056000e-06
1.347681     4.11277000e-08
1.348130     3.27283000e-06
1.348580     1.56867000e-05
1.349029     2.08280000e-07
1.349479     9.92476000e-06
1.349929     7.80033000e-08
1.350379     8.17654000e-07
1.350829     1.52614000e-06
1.351279     4.37471000e-06
1.351730     1.40107000e-07
1.352180     6.49462000e-06
1.352631     8.28110000e-06
1.353082     8.23122000e-06
1.353533     7.90525000e-06
1.353984     4.25088000e-06
1.354435     6.91684000e-06
1.354887     7.06900000e-06
1.355338     1.69916000e-06
1.355790     1.85712000e-07
1.356242     1.26048000e-05
1.356694     4.05786000e-06
1.357146     3.46686000e-08
1.357599     6.25544000e-06
1.358051     2.63903000e-06
1.358504     6.93285000e-06
1.358957     3.98855000e-06
1.359410     1.87250000e-06
1.359863     1.62181000e-06
1.360316     2.28096000e-06
1.360770     6.58522000e-06
1.361223     3.31079000e-06
1.361677     1.48234000e-07
1.362131     5.86463000e-06
1.362585     4.38630000e-06
1.363039     4.53737000e-06
1.363493     2.58967000e-06
1.363948     1.85577000e-06
1.364403     1.72128000e-06
1.364857     3.18633000e-07
1.365312     8.34275000e-06
1.365767     1.61320000e-06
1.366223     1.04123000e-07
1.366678     6.49124000e-07
1.367134     9.43669000e-07
1.367589     1.21934000e-06
1.368045     7.37493000e-06
1.368501     8.59296000e-07
1.368957     1.20268000e-05
1.369414     1.30764000e-06
1.369870     6.99006000e-07
1.370327     1.19913000e-07
1.370784     1.01933000e-05
1.371241     2.60341000e-06
1.371698     3.72838000e-06
1.372155     2.00114000e-06
1.372612     6.48138000e-06
1.373070     4.25316000e-06
1.373527     1.06873000e-06
1.373985     1.43615000e-06
1.374443     9.29339000e-08
1.374901     2.73436000e-06
1.375360     8.71562000e-06
1.375818     2.13788000e-06
1.376277     1.97750000e-06
1.376736     4.26453000e-06
1.377195     3.00158000e-06
1.377654     4.15472000e-07
1.378113     3.82576000e-06
1.378572     1.01993000e-07
1.379032     5.87342000e-07
1.379491     1.31100000e-06
1.379951     4.22032000e-06
1.380411     7.32737000e-06
1.380871     1.07376000e-05
1.381332     4.75036000e-06
1.381792     6.14885000e-06
1.382253     7.52705000e-07
1.382713     9.47696000e-08
1.383174     2.68246000e-07
1.383635     8.30635000e-06
1.384097     6.65112000e-07
1.384558     1.54334000e-07
1.385019     1.86972000e-06
1.385481     5.79683000e-06
1.385943     3.41776000e-06
1.386405     1.03654000e-07
1.386867     2.08226000e-06
1.387329     5.15341000e-07
1.387792     3.99164000e-07
1.388254     5.41052000e-06
1.388717     5.25465000e-06
1.389180     1.65360000e-06
1.389643     5.27780000e-07
1.390106     5.51549000e-06
1.390570     2.10556000e-06
1.391033     8.45112000e-06
1.391497     5.87379000e-06
1.391961     1.88367000e-07
1.392425     4.67068000e-06
1.392889     5.04608000e-07
1.393353     2.62426000e-06
1.393818     1.71510000e-06
1.394282     1.38914000e-06
1.394747     3.74549000e-06
1.395212     1.53818000e-07
1.395677     1.47913000e-06
1.396142     1.34378000e-05
1.396608     1.04525000e-07
1.397073     3.60258000e-07
1.397539     1.76294000e-07
1.398005     4.37643000e-07
1.398471     3.21290000e-06
1.398937     6.28674000e-07
1.399403     4.80378000e-06
1.399870     5.11802000e-07
1.400336     8.30666000e-06
1.400803     3.20512000e-06
1.401270     4.95640000e-06
1.401737     4.45300000e-06
1.402204     2.61009000e-06
1.402672     2.90023000e-06
1.403139     7.71399000e-06
1.403607     7.27040000e-06
1.404075     1.67511000e-06
1.404543     3.34536000e-06
1.405011     1.76603000e-07
1.405479     2.27152000e-07
1.405948     5.10852000e-06
1.406416     4.47087000e-06
1.406885     2.32884000e-06
1.407354     2.38138000e-06
1.407823     1.43106000e-06
1.408293     7.81671000e-07
1.408762     4.83141000e-06
1.409232     3.36704000e-06
1.409701     6.57990000e-06
1.410171     8.46093000e-06
1.410641     1.36341000e-07
1.411112     6.62568000e-06
1.411582     4.91358000e-06
1.412052     2.86411000e-06
1.412523     8.23250000e-06
1.412994     1.24072000e-05
1.413465     8.20613000e-06
1.413936     5.87079000e-07
1.414407     1.04749000e-05
1.414879     4.94520000e-07
1.415351     7.29003000e-06
1.415822     6.00959000e-06
1.416294     4.32936000e-06
1.416766     1.02145000e-05
1.417239     1.08160000e-06
1.417711     1.00965000e-06
1.418184     4.84919000e-07
1.418656     5.60077000e-06
1.419129     6.50090000e-06
1.419602     1.38495000e-06
1.420075     2.43443000e-06
1.420549     2.07772000e-07
1.421022     7.99308000e-06
1.421496     2.32423000e-07
1.421970     8.75825000e-07
1.422444     8.81423000e-07
1.422918     7.74546000e-06
1.423392     4.35508000e-06
1.423867     3.50478000e-06
1.424341     2.73116000e-06
1.424816     3.85488000e-06
1.425291     4.34196000e-07
1.425766     8.52904000e-06
1.426241     4.27530000e-06
1.426717     1.69792000e-06
1.427192     6.63512000e-07
1.427668     1.55463000e-06
1.428144     1.50488000e-06
1.428620     4.55586000e-07
1.429096     4.93040000e-06
1.429573     1.15154000e-05
1.430049     8.62125000e-06
1.430526     5.85398000e-06
1.431003     1.59362000e-05
1.431480     4.72704000e-07
1.431957     6.57182000e-06
1.432434     1.44338000e-07
1.432912     3.25205000e-06
1.433389     7.91565000e-06
1.433867     1.09018000e-05
1.434345     2.57555000e-07
1.434823     1.03788000e-05
1.435301     3.42989000e-06
1.435780     1.14652000e-05
1.436258     9.11847000e-06
1.436737     2.75613000e-06
1.437216     6.60455000e-07
1.437695     4.33094000e-06
1.438174     2.87285000e-06
1.438654     1.26359000e-06
1.439133     5.31842000e-06
1.439613     5.63135000e-06
1.440093     1.80588000e-05
1.440573     4.67879000e-06
1.441053     3.92669000e-06
1.441534     9.73242000e-06
1.442014     1.12630000e-05
1.442495     1.06619000e-05
1.442976     5.29507000e-06
1.443457     8.27165000e-06
1.443938     1.67989000e-06
1.444419     3.84802000e-07
1.444900     2.57459000e-06
1.445382     6.40370000e-06
1.445864     4.69113000e-06
1.446346     1.39820000e-05
1.446828     1.48451000e-06
1.447310     3.57517000e-06
1.447793     8.58326000e-06
1.448275     2.45788000e-05
1.448758     1.19151000e-06
1.449241     1.16323000e-05
1.449724     3.94888000e-06
1.450207     4.18317000e-06
1.450691     5.04476000e-07
1.451174     3.01062000e-07
1.451658     2.11514000e-05
1.452142     4.73184000e-06
1.452626     2.44471000e-06
1.453110     1.64686000e-05
1.453595     9.77172000e-07
1.454079     1.92326000e-06
1.454564     2.62601000e-05
1.455049     3.00398000e-05
1.455534     2.95014000e-07
1.456019     8.44951000e-06
1.456504     1.50190000e-06
1.456990     1.53680000e-06
1.457475     1.03946000e-05
1.457961     5.54737000e-06
1.458447     1.67669000e-05
1.458933     1.74400000e-05
1.459420     2.78785000e-06
1.459906     2.02946000e-06
1.460393     2.29172000e-05
1.460879     1.43001000e-06
1.461366     3.54819000e-06
1.461854     1.54589000e-05
1.462341     1.67086000e-05
1.462828     1.69806000e-05
1.463316     1.88743000e-05
1.463804     8.94525000e-06
1.464292     1.68560000e-05
1.464780     1.37664000e-05
1.465268     3.05686000e-07
1.465756     1.12351000e-05
1.466245     1.91664000e-05
1.466734     3.03285000e-05
1.467223     1.84894000e-05
1.467712     1.02078000e-05
1.468201     1.31461000e-06
1.468690     1.88123000e-05
1.469180     5.16166000e-06
1.469670     7.26494000e-07
1.470160     9.46674000e-06
1.470650     1.40719000e-05
1.471140     1.92270000e-05
1.471630     9.38796000e-06
1.472121     2.69355000e-06
1.472611     2.35125000e-07
1.473102     5.89141000e-06
1.473593     1.63070000e-05
1.474085     1.12551000e-05
1.474576     1.09553000e-05
1.475067     9.16683000e-07
1.475559     2.52107000e-05
1.476051     3.72757000e-05
1.476543     2.86365000e-06
1.477035     8.98444000e-06
1.477527     1.85924000e-05
1.478020     6.50801000e-06
1.478513     4.99090000e-05
1.479006     1.66424000e-05
1.479499     2.10887000e-05
1.479992     5.11059000e-07
1.480485     1.99936000e-05
1.480978     7.03721000e-07
1.481472     2.05112000e-05
1.481966     3.89761000e-06
1.482460     2.28163000e-05
1.482954     9.49400000e-06
1.483448     6.88785000e-06
1.483943     3.01668000e-05
1.484438     2.83143000e-06
1.484932     1.52082000e-05
1.485427     2.92800000e-05
1.485923     1.00422000e-05
1.486418     3.20279000e-05
1.486913     3.58767000e-05
1.487409     1.96081000e-05
1.487905     4.00828000e-07
1.488401     1.09246000e-05
1.488897     2.29663000e-05
1.489393     2.43986000e-05
1.489890     3.73830000e-06
1.490386     2.75782000e-05
1.490883     3.53690000e-06
1.491380     1.89592000e-05
1.491877     3.76808000e-07
1.492374     1.54575000e-05
1.492872     4.33273000e-06
1.493369     1.38319000e-05
1.493867     1.65669000e-05
1.494365     1.46583000e-05
1.494863     3.05620000e-06
1.495362     8.83683000e-06
1.495860     4.38898000e-06
1.496359     1.41368000e-05
1.496857     5.84023000e-07
1.497356     2.88223000e-05
1.497856     1.99761000e-05
1.498355     3.20770000e-05
1.498854     2.27238000e-05
1.499354     2.54060000e-05
1.499854     2.10568000e-05
1.500354     6.66761000e-06
1.500854     4.17130000e-05
1.501354     6.93126000e-06
1.501855     7.10691000e-06
1.502355     7.21386000e-07
1.502856     7.72835000e-07
1.503357     2.48480000e-05
1.503858     1.41019000e-06
1.504359     3.40886000e-05
1.504861     4.54144000e-05
1.505362     9.50298000e-07
1.505864     4.06934000e-06
1.506366     3.71300000e-05
1.506868     2.66350000e-05
1.507370     1.47717000e-05
1.507873     2.17534000e-06
1.508376     3.59017000e-05
1.508878     3.11244000e-05
1.509381     2.52077000e-05
1.509884     4.09753000e-05
1.510388     3.30277000e-05
1.510891     1.05445000e-05
1.511395     2.44753000e-05
1.511899     1.81356000e-05
1.512403     2.06313000e-06
1.512907     9.88486000e-06
1.513411     1.97755000e-05
1.513916     5.95032000e-06
1.514420     2.40685000e-05
1.514925     2.54607000e-05
1.515430     1.09183000e-05
1.515935     2.10377000e-05
1.516440     3.92085000e-06
1.516946     8.72158000e-06
1.517452     1.71808000e-05
1.517957     3.10324000e-05
1.518463     9.73324000e-06
1.518969     5.69790000e-05
1.519476     1.85137000e-05
1.519982     3.59841000e-05
1.520489     1.30088000e-05
1.520996     4.73433000e-05
1.521503     3.40950000e-05
1.522010     4.74873000e-06
1.522517     1.01926000e-05
1.523025     1.46199000e-05
1.523532     3.03422000e-05
1.524040     5.23463000e-05
1.524548     9.43941000e-06
1.525057     2.59373000e-06
1.525565     1.38849000e-05
1.526073     3.04861000e-06
1.526582     3.88193000e-05
1.527091     3.04419000e-06
1.527600     4.39813000e-05
1.528109     3.50558000e-05
1.528619     6.21118000e-05
1.529128     3.15303000e-05
1.529638     4.49370000e-05
1.530148     2.02091000e-05
1.530658     3.81092000e-05
1.531168     2.37638000e-05
1.531678     1.15356000e-05
1.532189     9.08168000e-07
1.532700     5.37625000e-05
1.533211     4.70252000e-05
1.533722     3.09596000e-05
1.534233     2.06445000e-05
1.534744     2.89099000e-05
1.535256     1.69907000e-05
1.535768     1.85980000e-05
1.536279     8.19651000e-06
1.536792     5.80061000e-05
1.537304     2.22243000e-06
1.537816     3.63188000e-05
1.538329     1.78666000e-05
1.538842     7.01989000e-05
1.539355     4.37925000e-05
1.539868     4.81784000e-05
1.540381     3.95062000e-05
1.540894     1.21266000e-05
1.541408     3.39498000e-05
1.541922     1.93992000e-05
1.542436     3.35046000e-05
1.542950     1.58494000e-05
1.543464     1.89977000e-05
1.543979     5.42114000e-05
1.544493     1.23397000e-05
1.545008     6.57759000e-05
1.545523     5.58192000e-05
1.546039     2.36041000e-05
1.546554     2.89502000e-05
1.547069     3.02206000e-05
1.547585     2.67279000e-05
1.548101     4.08242000e-05
1.548617     2.29121000e-05
1.549133     2.12612000e-05
1.549650     5.67368000e-05
1.550166     4.79476000e-05
1.550683     5.75069000e-05
1.551200     5.28504000e-05
1.551717     5.52218000e-05
1.552234     3.93590000e-05
1.552751     4.59087000e-05
1.553269     2.93451000e-05
1.553787     4.53677000e-05
1.554305     6.38760000e-05
1.554823     4.16049000e-05
1.555341     4.45454000e-06
1.555860     3.65655000e-05
1.556378     6.04809000e-05
1.556897     3.28239000e-05
1.557416     4.57062000e-05
1.557935     4.75434000e-05
1.558454     3.89764000e-05
1.558974     2.09975000e-05
1.559493     2.74720000e-05
1.560013     5.16440000e-05
1.560533     3.56139000e-05
1.561053     1.48505000e-05
1.561574     5.92696000e-05
1.562094     4.59702000e-05
1.562615     3.64832000e-05
1.563136     1.49955000e-05
1.563657     4.55029000e-05
1.564178     2.64404000e-05
1.564700     4.87095000e-05
1.565221     4.21701000e-05
1.565743     1.87022000e-05
1.566265     3.83947000e-05
1.566787     5.96206000e-05
1.567309     7.72807000e-06
1.567832     6.68475000e-05
1.568354     7.43160000e-05
1.568877     6.35108000e-05
1.569400     6.53761000e-05
1.569923     5.93462000e-06
1.570446     7.00501000e-05
1.570970     3.89921000e-05
1.571494     5.38401000e-05
1.572017     5.26566000e-05
1.572541     4.03854000e-05
1.573066     6.27707000e-05
1.573590     9.38856000e-06
1.574114     2.93100000e-05
1.574639     4.77042000e-05
1.575164     3.31007000e-05
1.575689     7.97839000e-05
1.576214     2.28066000e-05
1.576740     5.99220000e-05
1.577265     1.68579000e-05
1.577791     6.06980000e-05
1.578317     4.48479000e-05
1.578843     2.87232000e-05
1.579369     4.71717000e-05
1.579896     1.42568000e-05
1.580422     3.79863000e-05
1.580949     5.61504000e-05
1.581476     5.83397000e-05
1.582003     3.14844000e-05
1.582531     6.92110000e-05
1.583058     3.35595000e-05
1.583586     1.63370000e-05
1.584114     2.87151000e-05
1.584642     5.47883000e-05
1.585170     3.56935000e-05
1.585698     3.94837000e-05
1.586227     7.76691000e-05
1.586756     4.77786000e-05
1.587285     8.15062000e-05
1.587814     6.66458000e-05
1.588343     4.02562000e-05
1.588872     6.53477000e-05
1.589402     1.59940000e-05
1.589932     2.69767000e-05
1.590462     3.72854000e-05
1.590992     1.45355000e-05
1.591522     5.24864000e-05
1.592053     4.08657000e-05
1.592584     3.95468000e-05
1.593114     6.30315000e-05
1.593645     4.49979000e-05
1.594177     5.36652000e-05
1.594708     6.25570000e-05
1.595240     4.87261000e-05
1.595771     4.80321000e-05
1.596303     2.70511000e-05
1.596835     3.85889000e-05
1.597368     2.90430000e-05
1.597900     5.37980000e-05
1.598433     2.44271000e-05
1.598966     6.98741000e-05
1.599499     4.25901000e-05
1.600032     2.60377000e-05
1.600565     6.43608000e-06
1.601099     4.83859000e-05
1.601632     3.31915000e-05
1.602166     3.91112000e-05
1.602700     3.67575000e-05
1.603234     4.96492000e-05
1.603769     5.57424000e-05
1.604303     8.52050000e-06
1.604838     3.34768000e-05
1.605373     3.19497000e-05
1.605908     3.86607000e-05
1.606444     3.01820000e-05
1.606979     1.14344000e-05
1.607515     3.19953000e-05
1.608051     3.99486000e-05
1.608587     3.52503000e-05
1.609123     8.79505000e-06
1.609659     3.65572000e-05
1.610196     1.89648000e-05
1.610732     8.47246000e-06
1.611269     2.82773000e-06
1.611806     3.91901000e-05
1.612344     2.72407000e-05
1.612881     2.45817000e-05
1.613419     6.74292000e-06
1.613957     2.96855000e-05
1.614495     1.88381000e-05
1.615033     2.11706000e-05
1.615571     1.19059000e-05
1.616110     3.44559000e-05
1.616648     6.07764000e-06
1.617187     3.16184000e-06
1.617726     1.92651000e-05
1.618266     3.58563000e-05
1.618805     2.63206000e-05
1.619345     2.11663000e-05
1.619884     1.50759000e-05
1.620424     3.61957000e-05
1.620964     2.95625000e-05
1.621505     2.13170000e-05
1.622045     3.42077000e-06
1.622586     2.99953000e-05
1.623127     2.64617000e-05
1.623668     3.34168000e-05
1.624209     8.28121000e-07
1.624750     3.31017000e-05
1.625292     1.67712000e-05
1.625834     3.74832000e-05
1.626376     2.18030000e-05
1.626918     2.31806000e-05
1.627460     1.34333000e-05
1.628003     1.70876000e-05
1.628545     2.12801000e-05
1.629088     2.33686000e-05
1.629631     1.03123000e-05
1.630174     1.37220000e-05
1.630718     1.36871000e-05
1.631261     9.15050000e-06
1.631805     1.64184000e-05
1.632349     1.32374000e-05
1.632893     1.79197000e-05
1.633438     2.12472000e-05
1.633982     1.26104000e-05
1.634527     2.01787000e-05
1.635071     8.90177000e-06
1.635617     4.77085000e-06
1.636162     1.44266000e-06
1.636707     2.07069000e-05
1.637253     2.72589000e-05
1.637798     1.47829000e-05
1.638344     1.65774000e-05
1.638890     1.63575000e-05
1.639437     2.93445000e-05
1.639983     1.34555000e-05
1.640530     5.46116000e-06
1.641077     3.30228000e-05
1.641624     2.58528000e-05
1.642171     1.69461000e-05
1.642718     1.37241000e-05
1.643266     1.85821000e-05
1.643814     1.92949000e-05
1.644362     2.24599000e-05
1.644910     2.73905000e-05
1.645458     1.45471000e-05
1.646007     3.03776000e-05
1.646555     2.06478000e-05
1.647104     7.09744000e-06
1.647653     2.76579000e-06
1.648202     5.85508000e-07
1.648752     4.65287000e-06
1.649301     3.33373000e-05
1.649851     1.60719000e-05
1.650401     3.50361000e-05
1.650951     4.80308000e-06
1.651501     2.51804000e-05
1.652052     3.22365000e-05
1.652603     2.23974000e-05
1.653154     3.84395000e-05
1.653705     1.25295000e-05
1.654256     3.96664000e-05
1.654807     2.98165000e-05
1.655359     1.08612000e-05
1.655911     2.58997000e-05
1.656463     1.53279000e-05
1.657015     3.32497000e-05
1.657567     1.01101000e-05
1.658120     2.75643000e-05
1.658672     4.46759000e-06
1.659225     6.76146000e-06
1.659778     6.65192000e-06
1.660332     1.95661000e-05
1.660885     6.48781000e-06
1.661439     1.98925000e-05
1.661992     1.10840000e-05
1.662546     1.11895000e-05
1.663101     1.40759000e-05
1.663655     1.48788000e-05
1.664210     2.70158000e-05
1.664764     1.41287000e-05
1.665319     2.02842000e-05
1.665874     3.18711000e-05
1.666430     4.40683000e-06
1.666985     2.08890000e-05
1.667541     9.82022000e-07
1.668097     2.07992000e-05
1.668653     3.73691000e-06
1.669209     1.26531000e-05
1.669765     6.93426000e-06
1.670322     1.30749000e-05
1.670879     8.38964000e-06
1.671436     2.00459000e-05
1.671993     7.58152000e-06
1.672550     5.46449000e-06
1.673108     2.94713000e-06
1.673665     9.19400000e-06
1.674223     1.21374000e-05
1.674781     6.83227000e-06
1.675339     7.49305000e-06
1.675898     3.48802000e-06
1.676457     3.16720000e-06
1.677015     1.01844000e-05
1.677574     1.26953000e-05
1.678134     7.17990000e-06
1.678693     4.47118000e-06
1.679252     1.01908000e-05
1.679812     9.65915000e-06
1.680372     3.85794000e-06
1.680932     2.22192000e-05
1.681493     7.46223000e-06
1.682053     1.97331000e-05
1.682614     2.34113000e-05
1.683175     1.65608000e-05
1.683736     2.42553000e-05
1.684297     1.15050000e-05
1.684858     5.29721000e-06
1.685420     1.81383000e-05
1.685982     1.61887000e-05
1.686544     1.54822000e-05
1.687106     2.63657000e-05
1.687668     2.02947000e-05
1.688231     1.15940000e-05
1.688794     2.18176000e-05
1.689357     6.49445000e-06
1.689920     1.65311000e-05
1.690483     8.02340000e-06
1.691047     1.03452000e-05
1.691610     1.01081000e-05
1.692174     9.82812000e-06
1.692738     2.03563000e-05
1.693302     3.94107000e-06
1.693867     7.63572000e-06
1.694431     7.07025000e-06
1.694996     1.52096000e-05
1.695561     1.08570000e-05
1.696126     5.68378000e-06
1.696692     3.39818000e-06
1.697257     6.25775000e-06
1.697823     9.67345000e-06
1.698389     2.72665000e-05
1.698955     1.38127000e-05
1.699522     6.72463000e-06
1.700088     1.95222000e-05
1.700655     2.05230000e-05
1.701222     1.05770000e-05
1.701789     2.42163000e-05
1.702356     8.54543000e-06
1.702923     8.55656000e-06
1.703491     4.50764000e-06
1.704059     7.33787000e-06
1.704627     1.38477000e-05
1.705195     1.22710000e-05
1.705763     1.67776000e-05
1.706332     1.71505000e-05
1.706901     2.68489000e-06
1.707470     1.59606000e-05
1.708039     1.22086000e-05
1.708608     1.24487000e-06
1.709178     2.47089000e-05
1.709748     2.89605000e-05
1.710317     2.60212000e-05
1.710888     1.18073000e-05
1.711458     2.52607000e-05
1.712028     3.15602000e-06
1.712599     2.31630000e-06
1.713170     1.18847000e-06
1.713741     1.69062000e-05
1.714312     1.37850000e-06
1.714884     2.08650000e-05
1.715455     3.03460000e-06
1.716027     2.66575000e-05
1.716599     4.38184000e-06
1.717171     1.86508000e-05
1.717744     4.28504000e-06
1.718316     5.12229000e-06
1.718889     1.65693000e-05
1.719462     2.26130000e-05
1.720035     1.89673000e-05
1.720609     2.38927000e-05
1.721182     7.21299000e-06
1.721756     1.63241000e-05
1.722330     1.80826000e-05
1.722904     9.01016000e-06
1.723478     1.85637000e-05
1.724053     1.59658000e-05
1.724627     1.35484000e-05
1.725202     2.78950000e-05
1.725777     2.14215000e-05
1.726352     2.22206000e-05
1.726928     7.17370000e-06
1.727504     2.01513000e-05
1.728079     2.90339000e-06
1.728655     6.29908000e-06
1.729232     1.99037000e-05
1.729808     4.70296000e-06
1.730385     2.54151000e-05
1.730961     1.90221000e-05
1.731538     1.53014000e-05
1.732116     1.31334000e-05
1.732693     3.61551000e-06
1.733271     1.11189000e-05
1.733848     2.13057000e-05
1.734426     1.17553000e-05
1.735004     9.01623000e-06
1.735583     1.71692000e-05
1.736161     5.24272000e-06
1.736740     9.36923000e-06
1.737319     1.75892000e-05
1.737898     6.15708000e-06
1.738477     2.82350000e-06
1.739057     1.31947000e-05
1.739637     8.71259000e-06
1.740216     2.06518000e-05
1.740796     1.84187000e-05
1.741377     1.86004000e-05
1.741957     1.64174000e-05
1.742538     8.00705000e-06
1.743119     1.76472000e-05
1.743700     1.74005000e-05
1.744281     9.93822000e-06
1.744862     2.25000000e-05
1.745444     2.68564000e-05
1.746026     7.81801000e-06
1.746608     1.64933000e-05
1.747190     2.03282000e-06
1.747772     1.63913000e-05
1.748355     1.66973000e-05
1.748938     1.90068000e-05
1.749521     1.06606000e-05
1.750104     3.03205000e-05
1.750687     5.18857000e-06
1.751271     7.70510000e-06
1.751855     1.89858000e-05
1.752439     2.69168000e-05
1.753023     1.25665000e-05
1.753607     2.42777000e-05
1.754192     1.69152000e-05
1.754776     3.57010000e-05
1.755361     2.51734000e-05
1.755946     1.27526000e-05
1.756532     8.41798000e-06
1.757117     2.57863000e-05
1.757703     1.35256000e-05
1.758289     1.87744000e-05
1.758875     1.95960000e-05
1.759461     1.55358000e-05
1.760048     3.44720000e-06
1.760634     7.53349000e-06
1.761221     1.84181000e-05
1.761808     2.63370000e-05
1.762396     2.69828000e-05
1.762983     2.45491000e-05
1.763571     6.05466000e-06
1.764159     1.53128000e-05
1.764747     1.11609000e-05
1.765335     2.12361000e-05
1.765923     1.82210000e-05
1.766512     1.89633000e-05
1.767101     1.61776000e-05
1.767690     1.44256000e-05
1.768279     1.01399000e-05
1.768869     3.14829000e-05
1.769458     9.53825000e-06
1.770048     1.65738000e-05
1.770638     9.44282000e-06
1.771228     2.66696000e-05
1.771819     2.03376000e-05
1.772409     9.41672000e-06
1.773000     1.17195000e-05
1.773591     1.52869000e-05
1.774182     1.07878000e-05
1.774774     7.41044000e-06
1.775365     9.44297000e-06
1.775957     1.49889000e-05
1.776549     1.57347000e-05
1.777141     1.61929000e-05
1.777734     4.80583000e-06
1.778326     1.93041000e-05
1.778919     2.07135000e-05
1.779512     1.20139000e-05
1.780105     2.90709000e-05
1.780698     4.06802000e-05
1.781292     1.69179000e-05
1.781886     1.31966000e-05
1.782480     1.17856000e-05
1.783074     3.22285000e-05
1.783668     1.40382000e-05
1.784263     6.22461000e-06
1.784857     1.08332000e-05
1.785452     1.34303000e-05
1.786048     4.87524000e-06
1.786643     4.90840000e-06
1.787238     4.87801000e-06
1.787834     1.05825000e-05
1.788430     2.27419000e-05
1.789026     2.39711000e-05
1.789623     3.40555000e-06
1.790219     2.26832000e-05
1.790816     2.37776000e-06
1.791413     1.33553000e-06
1.792010     1.59499000e-05
1.792607     9.86877000e-06
1.793205     1.39914000e-05
1.793803     2.28630000e-05
1.794401     1.91607000e-05
1.794999     1.06094000e-05
1.795597     2.49786000e-05
1.796196     6.70673000e-06
1.796794     9.05667000e-06
1.797393     1.42854000e-05
1.797992     3.57554000e-05
1.798592     2.27710000e-05
1.799191     1.58156000e-05
1.799791     8.73066000e-06
1.800391     1.78229000e-05
1.800991     1.60231000e-06
1.801591     2.09057000e-05
1.802192     1.02083000e-05
1.802793     7.71800000e-06
1.803394     2.45605000e-05
1.803995     1.78276000e-05
1.804596     1.17419000e-05
1.805198     1.36520000e-05
1.805799     2.10315000e-05
1.806401     1.97141000e-05
1.807003     2.01082000e-05
1.807606     1.75911000e-06
1.808208     8.00613000e-06
1.808811     1.05537000e-05
1.809414     4.21502000e-05
1.810017     2.90694000e-05
1.810620     1.04177000e-05
1.811224     8.01143000e-07
1.811828     5.25474000e-05
1.812432     3.49806000e-05
1.813036     2.43057000e-05
1.813640     8.87259000e-06
1.814245     1.01386000e-05
1.814849     3.98550000e-06
1.815454     2.86268000e-05
1.816059     2.97071000e-05
1.816665     2.78140000e-05
1.817270     1.16144000e-05
1.817876     1.00797000e-05
1.818482     1.39242000e-05
1.819088     4.80780000e-05
1.819695     2.93162000e-06
1.820301     6.83451000e-06
1.820908     1.22239000e-05
1.821515     8.46084000e-06
1.822122     2.16492000e-06
1.822729     1.40924000e-05
1.823337     3.17595000e-05
1.823945     3.94415000e-05
1.824553     1.71242000e-05
1.825161     4.63844000e-05
1.825769     4.32559000e-05
1.826378     1.38264000e-06
1.826987     1.96595000e-05
1.827596     2.14531000e-05
1.828205     2.96798000e-05
1.828814     1.35287000e-05
1.829424     1.12568000e-05
1.830034     3.68842000e-05
1.830644     1.59555000e-06
1.831254     7.77800000e-06
1.831864     3.18294000e-05
1.832475     3.03215000e-05
1.833086     2.94995000e-05
1.833697     4.14768000e-05
1.834308     5.13787000e-05
1.834920     8.31212000e-06
1.835531     3.87418000e-06
1.836143     1.45795000e-05
1.836755     1.03110000e-05
1.837367     2.24719000e-05
1.837980     1.35880000e-05
1.838592     4.39929000e-06
1.839205     1.27469000e-05
1.839818     1.44971000e-05
1.840432     9.42711000e-06
1.841045     4.93480000e-05
1.841659     3.03496000e-05
1.842273     3.90731000e-05
1.842887     3.58543000e-05
1.843501     9.87991000e-06
1.844116     4.12050000e-06
1.844730     4.34356000e-05
1.845345     1.02470000e-05
1.845960     2.42139000e-05
1.846576     2.28746000e-05
1.847191     2.13872000e-05
1.847807     3.97321000e-05
1.848423     1.75538000e-05
1.849039     4.32075000e-05
1.849655     6.61320000e-06
1.850272     1.42796000e-05
1.850889     1.56329000e-05
1.851506     2.10639000e-05
1.852123     3.85109000e-05
1.852740     2.37631000e-05
1.853358     1.05517000e-05
1.853975     1.34847000e-05
1.854593     3.21398000e-05
1.855212     5.54122000e-05
1.855830     3.58397000e-05
1.856449     1.54488000e-05
1.857068     4.41210000e-05
1.857687     3.86545000e-05
1.858306     1.56197000e-05
1.858925     2.82821000e-05
1.859545     3.15290000e-05
1.860165     2.60459000e-05
1.860785     2.45282000e-05
1.861405     1.57552000e-06
1.862025     1.91053000e-05
1.862646     2.19042000e-05
1.863267     8.51913000e-06
1.863888     3.93573000e-05
1.864509     2.32978000e-05
1.865131     2.00909000e-06
1.865753     1.42854000e-05
1.866375     3.39109000e-05
1.866997     4.61591000e-05
1.867619     2.80550000e-05
1.868242     8.67943000e-07
1.868864     2.13066000e-05
1.869487     3.75056000e-05
1.870110     1.97656000e-06
1.870734     3.87735000e-05
1.871357     4.26319000e-05
1.871981     4.83978000e-05
1.872605     4.74201000e-05
1.873229     1.83296000e-05
1.873854     3.07456000e-05
1.874478     4.94489000e-05
1.875103     1.10305000e-05
1.875728     4.70290000e-05
1.876353     2.87508000e-06
1.876979     1.97061000e-05
1.877605     2.31937000e-05
1.878230     4.88137000e-05
1.878857     1.49923000e-05
1.879483     1.95376000e-06
1.880109     2.79198000e-05
1.880736     5.46433000e-05
1.881363     2.55179000e-05
1.881990     2.05711000e-05
1.882617     6.16738000e-05
1.883245     4.22627000e-05
1.883873     5.44838000e-05
1.884501     4.35284000e-05
1.885129     2.91129000e-05
1.885757     4.05038000e-05
1.886386     6.17347000e-05
1.887015     3.70623000e-05
1.887644     4.34200000e-05
1.888273     6.47479000e-05
1.888902     2.23362000e-05
1.889532     5.88157000e-05
1.890162     3.69001000e-05
1.890792     5.27750000e-05
1.891422     6.31457000e-05
1.892052     4.56450000e-05
1.892683     6.20744000e-05
1.893314     3.53908000e-05
1.893945     2.30379000e-05
1.894576     4.03443000e-05
1.895208     2.37966000e-05
1.895840     4.97469000e-05
1.896472     3.22027000e-05
1.897104     4.95606000e-05
1.897736     4.56136000e-05
1.898369     3.53831000e-05
1.899002     2.71307000e-05
1.899635     2.29529000e-05
1.900268     3.49100000e-05
1.900901     1.23887000e-05
1.901535     3.70046000e-05
1.902169     7.72128000e-05
1.902803     6.76342000e-05
1.903437     2.29907000e-05
1.904071     6.29117000e-06
1.904706     3.68852000e-05
1.905341     5.03055000e-06
1.905976     2.22540000e-05
1.906611     2.02262000e-05
1.907247     2.94538000e-05
1.907883     6.12313000e-05
1.908519     1.69420000e-05
1.909155     4.30202000e-05
1.909791     7.87905000e-05
1.910428     7.15179000e-05
1.911065     4.50622000e-05
1.911702     1.32570000e-05
1.912339     1.64633000e-05
1.912976     7.62195000e-05
1.913614     1.20303000e-05
1.914252     1.39171000e-05
1.914890     1.97057000e-05
1.915528     3.14998000e-05
1.916167     1.25847000e-06
1.916806     4.53583000e-05
1.917444     3.42278000e-05
1.918084     5.23191000e-06
1.918723     1.33750000e-05
1.919363     7.56395000e-05
1.920002     4.61523000e-05
1.920642     1.30031000e-05
1.921283     7.42999000e-05
1.921923     4.21241000e-05
1.922564     2.49323000e-05
1.923204     7.14292000e-05
1.923846     4.53828000e-05
1.924487     6.42549000e-06
1.925128     4.87400000e-05
1.925770     2.91028000e-05
1.926412     3.33322000e-05
1.927054     4.72856000e-05
1.927696     3.99775000e-05
1.928339     7.72313000e-05
1.928982     6.53682000e-05
1.929625     8.99083000e-05
1.930268     1.45093000e-06
1.930911     2.97079000e-06
1.931555     2.67663000e-05
1.932199     6.95353000e-05
1.932843     9.38438000e-06
1.933487     3.49383000e-06
1.934132     4.16063000e-05
1.934776     5.82711000e-05
1.935421     8.41282000e-05
1.936067     6.52344000e-05
1.936712     1.24422000e-05
1.937357     3.60331000e-05
1.938003     1.78926000e-06
1.938649     3.25771000e-05
1.939295     4.80200000e-05
1.939942     5.23134000e-05
1.940589     2.85899000e-05
1.941235     2.14625000e-05
1.941882     2.32941000e-05
1.942530     8.48287000e-06
1.943177     3.47768000e-06
1.943825     5.11295000e-05
1.944473     2.04665000e-05
1.945121     3.57810000e-06
1.945769     2.82814000e-05
1.946418     1.97900000e-05
1.947067     5.42959000e-05
1.947716     1.04326000e-05
1.948365     3.17737000e-05
1.949015     1.33886000e-05
1.949664     7.40558000e-05
1.950314     6.26116000e-05
1.950964     7.66295000e-05
1.951615     4.05178000e-06
1.952265     6.12791000e-05
1.952916     5.28225000e-05
1.953567     5.86866000e-05
1.954218     8.40281000e-06
1.954869     5.80163000e-05
1.955521     2.92799000e-05
1.956173     1.74955000e-05
1.956825     8.24009000e-05
1.957477     1.43939000e-05
1.958130     3.64958000e-05
1.958782     8.17159000e-05
1.959435     4.75008000e-05
1.960089     7.77420000e-05
1.960742     2.20800000e-05
1.961395     7.70084000e-05
1.962049     2.41777000e-05
1.962703     4.61751000e-05
1.963358     3.25648000e-06
1.964012     7.53756000e-05
1.964667     1.70967000e-05
1.965322     5.01417000e-05
1.965977     3.96178000e-05
1.966632     6.89063000e-06
1.967288     4.53914000e-05
1.967943     1.91781000e-06
1.968599     3.22232000e-05
1.969255     8.43418000e-05
1.969912     8.93639000e-05
1.970569     7.78867000e-05
1.971225     5.81727000e-05
1.971882     1.97835000e-05
1.972540     9.08320000e-05
1.973197     6.01973000e-06
1.973855     4.24287000e-05
1.974513     9.35252000e-05
1.975171     7.73024000e-05
1.975829     5.86597000e-05
1.976488     6.64318000e-06
1.977147     2.40650000e-05
1.977806     2.62721000e-05
1.978465     1.01710000e-04
1.979125     4.83761000e-05
1.979784     8.56257000e-05
1.980444     4.27714000e-06
1.981105     1.43370000e-05
1.981765     1.32374000e-05
1.982425     2.25342000e-05
1.983086     4.39147000e-05
1.983747     9.88942000e-05
1.984409     5.55015000e-05
1.985070     5.27701000e-05
1.985732     2.49230000e-05
1.986394     4.14543000e-05
1.987056     6.19518000e-05
1.987718     4.34591000e-05
1.988381     3.46544000e-05
1.989043     2.24818000e-05
1.989707     1.25834000e-05
1.990370     1.33558000e-05
1.991033     8.28601000e-05
1.991697     4.10296000e-05
1.992361     1.15031000e-04
1.993025     1.25275000e-04
1.993689     2.54352000e-05
1.994354     6.12298000e-05
1.995019     1.13133000e-05
1.995684     8.51234000e-05
1.996349     9.22176000e-05
1.997014     3.08181000e-05
1.997680     2.39921000e-05
1.998346     5.48307000e-05
1.999012     8.98076000e-05
1.999678     2.39954000e-05
2.000345     7.62255000e-05
2.001012     1.15121000e-05
2.001679     3.34531000e-05
2.002346     3.67261000e-05
2.003013     8.75934000e-05
2.003681     1.24069000e-04
2.004349     5.77287000e-06
2.005017     1.03035000e-04
2.005685     9.45627000e-05
2.006354     1.47853000e-05
2.007023     7.09621000e-05
2.007692     5.93130000e-05
2.008361     9.85359000e-05
2.009030     9.65987000e-05
2.009700     4.91094000e-05
2.010370     8.73757000e-05
2.011040     5.80494000e-05
2.011710     3.92890000e-05
2.012381     8.17709000e-05
2.013052     3.24467000e-05
2.013723     6.72949000e-05
2.014394     5.18384000e-05
2.015065     1.37321000e-05
2.015737     4.62353000e-05
2.016409     8.68016000e-05
2.017081     1.32618000e-05
2.017754     1.04573000e-04
2.018426     9.81308000e-05
2.019099     1.08892000e-04
2.019772     3.02408000e-05
2.020445     8.47260000e-05
2.021119     7.55857000e-05
2.021792     4.48172000e-05
2.022466     1.05647000e-04
2.023141     1.15196000e-04
2.023815     1.33760000e-04
2.024490     6.57759000e-05
2.025164     1.13925000e-04
2.025839     6.11915000e-05
2.026515     9.39583000e-05
2.027190     8.69534000e-05
2.027866     1.75728000e-05
2.028542     1.33180000e-04
2.029218     6.66429000e-06
2.029894     6.53575000e-05
2.030571     8.88199000e-06
2.031248     3.62613000e-05
2.031925     5.25011000e-05
2.032602     1.12163000e-04
2.033280     1.04670000e-04
2.033958     6.08902000e-05
2.034636     7.05657000e-05
2.035314     7.66967000e-05
2.035992     7.99810000e-05
2.036671     1.16329000e-04
2.037350     3.62477000e-05
2.038029     5.55970000e-05
2.038708     5.61524000e-05
2.039388     5.53277000e-05
2.040068     5.54286000e-06
2.040748     2.56924000e-05
2.041428     5.15844000e-05
2.042108     9.55497000e-05
2.042789     1.33079000e-04
2.043470     1.08911000e-04
2.044151     8.80613000e-05
2.044833     8.34835000e-05
2.045514     1.16646000e-04
2.046196     1.10863000e-04
2.046878     8.86836000e-05
2.047560     4.71963000e-05
2.048243     1.32346000e-04
2.048926     3.53488000e-05
2.049609     1.10034000e-04
2.050292     9.61848000e-05
2.050975     1.20100000e-04
2.051659     6.79066000e-05
2.052343     1.15376000e-04
2.053027     1.41740000e-04
2.053711     1.17656000e-04
2.054396     5.77889000e-05
2.055081     1.39168000e-04
2.055766     1.03376000e-04
2.056451     1.04039000e-04
2.057136     8.32026000e-05
2.057822     9.81749000e-05
2.058508     1.05140000e-04
2.059194     6.10443000e-05
2.059881     5.36821000e-05
2.060567     1.17370000e-04
2.061254     1.05241000e-04
2.061941     1.11240000e-04
2.062629     1.43263000e-04
2.063316     1.38438000e-04
2.064004     8.66402000e-05
2.064692     1.33115000e-04
2.065380     5.38450000e-05
2.066069     1.19676000e-04
2.066757     1.07934000e-04
2.067446     1.38559000e-04
2.068135     1.32728000e-04
2.068825     1.51920000e-05
2.069514     9.42965000e-05
2.070204     1.31792000e-04
2.070894     9.74314000e-05
2.071584     1.33488000e-04
2.072275     1.20421000e-04
2.072966     1.38090000e-04
2.073657     5.24365000e-05
2.074348     9.07384000e-05
2.075039     7.27027000e-05
2.075731     1.37181000e-05
2.076423     1.25341000e-04
2.077115     7.12340000e-05
2.077808     5.84176000e-05
2.078500     1.38037000e-04
2.079193     1.01079000e-04
2.079886     1.27938000e-04
2.080579     1.24153000e-04
2.081273     9.74505000e-05
2.081967     1.32281000e-04
2.082661     1.19632000e-04
2.083355     4.72081000e-05
2.084049     1.47705000e-04
2.084744     9.57331000e-05
2.085439     1.17426000e-04
2.086134     1.09701000e-04
2.086829     8.43986000e-05
2.087525     2.04850000e-05
2.088221     1.42610000e-04
2.088917     8.77234000e-05
2.089613     1.24027000e-04
2.090310     7.83674000e-05
2.091007     8.82125000e-05
2.091704     1.17794000e-04
2.092401     1.59864000e-04
2.093098     6.36486000e-05
2.093796     1.12265000e-04
2.094494     1.25783000e-04
2.095192     1.18109000e-04
2.095890     1.32140000e-04
2.096589     1.40751000e-04
2.097288     1.13183000e-04
2.097987     1.03701000e-04
2.098686     1.10979000e-04
2.099386     7.12414000e-05
2.100086     5.58979000e-05
2.100786     1.28216000e-04
2.101486     1.06914000e-05
2.102186     1.00251000e-04
2.102887     1.48875000e-04
2.103588     1.33785000e-04
2.104289     7.63034000e-05
2.104991     7.67526000e-05
2.105692     5.80638000e-05
2.106394     1.02389000e-04
2.107096     1.11605000e-04
2.107799     1.26953000e-04
2.108501     9.51456000e-05
2.109204     1.11608000e-04
2.109907     5.00406000e-05
2.110611     8.64448000e-05
2.111314     1.18211000e-04
2.112018     1.19646000e-04
2.112722     1.32418000e-04
2.113426     1.25978000e-04
2.114131     1.14523000e-04
2.114835     1.16938000e-04
2.115540     9.55318000e-05
2.116246     1.15093000e-04
2.116951     5.94158000e-05
2.117657     1.01637000e-04
2.118362     1.15878000e-04
2.119069     8.74436000e-05
2.119775     1.06817000e-04
2.120482     9.03760000e-05
2.121188     1.02431000e-04
2.121895     9.63136000e-05
2.122603     1.23528000e-04
2.123310     3.99176000e-05
2.124018     1.08607000e-04
2.124726     1.07944000e-04
2.125434     9.75295000e-05
2.126143     9.76302000e-05
2.126851     1.20901000e-04
2.127560     3.20945000e-05
2.128270     1.17254000e-04
2.128979     1.05825000e-04
2.129689     1.05833000e-04
2.130399     7.49898000e-05
2.131109     7.39628000e-05
2.131819     1.06265000e-04
2.132530     1.01465000e-04
2.133241     8.50055000e-05
2.133952     7.71192000e-06
2.134663     6.29489000e-05
2.135374     1.02386000e-04
2.136086     1.13459000e-04
2.136798     8.37192000e-05
2.137511     8.86102000e-06
2.138223     1.19431000e-04
2.138936     6.46459000e-05
2.139649     2.50905000e-05
2.140362     1.12664000e-04
2.141075     9.76512000e-05
2.141789     1.03068000e-04
2.142503     8.64789000e-05
2.143217     9.09090000e-05
2.143932     1.13349000e-04
2.144646     6.50305000e-05
2.145361     8.86355000e-05
2.146076     6.28275000e-05
2.146792     9.91991000e-05
2.147507     5.08966000e-05
2.148223     1.27038000e-04
2.148939     7.74206000e-05
2.149655     4.31210000e-05
2.150372     9.11307000e-05
2.151089     8.12412000e-05
2.151806     6.60022000e-05
2.152523     9.33035000e-05
2.153241     6.67701000e-05
2.153958     8.72793000e-05
2.154676     8.38445000e-05
2.155395     3.59591000e-05
2.156113     3.95134000e-05
2.156832     5.47843000e-05
2.157551     6.93961000e-05
2.158270     9.63852000e-05
2.158989     5.30368000e-05
2.159709     9.92278000e-05
2.160429     6.67279000e-05
2.161149     8.68204000e-05
2.161869     7.51212000e-05
2.162590     9.85331000e-05
2.163311     6.04724000e-05
2.164032     7.72633000e-05
2.164753     9.91464000e-05
2.165475     5.41104000e-05
2.166197     8.14129000e-05
2.166919     3.68311000e-05
2.167641     8.66151000e-05
2.168364     8.31138000e-05
2.169086     6.57040000e-05
2.169809     8.20330000e-05
2.170533     7.48350000e-05
2.171256     6.71891000e-05
2.171980     8.56639000e-05
2.172704     8.66194000e-06
2.173428     5.22421000e-05
2.174153     8.13961000e-05
2.174877     7.00488000e-05
2.175602     5.89753000e-05
2.176328     3.18513000e-05
2.177053     5.23799000e-05
2.177779     4.16988000e-05
2.178505     6.91369000e-05
2.179231     5.82884000e-05
2.179957     5.03522000e-05
2.180684     3.41053000e-05
2.181411     4.92375000e-05
2.182138     2.48506000e-05
2.182865     6.73982000e-05
2.183593     5.17480000e-05
2.184321     2.49250000e-05
2.185049     6.10863000e-05
2.185777     2.23832000e-05
2.186506     2.72687000e-05
2.187235     1.81166000e-05
2.187964     4.45941000e-05
2.188693     1.78120000e-05
2.189423     1.76860000e-05
2.190152     3.11548000e-05
2.190882     7.19986000e-05
2.191613     4.53001000e-05
2.192343     5.05084000e-05
2.193074     3.15292000e-05
2.193805     2.97657000e-05
2.194536     2.60956000e-05
2.195268     1.65235000e-05
2.196000     3.96519000e-05
2.196732     2.49178000e-05
2.197464     2.15698000e-05
2.198196     2.68790000e-05
2.198929     3.32377000e-05
2.199662     2.33449000e-05
2.200395     2.83064000e-05
2.201129     1.64063000e-05
2.201862     1.01491000e-05
2.202596     1.73389000e-05
2.203331     1.32302000e-05
2.204065     3.18002000e-05
2.204800     1.19879000e-05
2.205535     1.85283000e-05
2.206270     1.49091000e-05
2.207005     1.86914000e-05
2.207741     1.61235000e-05
2.208477     1.89502000e-05
2.209213     2.84460000e-05
2.209949     1.08076000e-05
2.210686     2.51808000e-05
2.211423     2.43350000e-05
2.212160     2.23799000e-05
2.212898     1.92200000e-05
2.213635     1.34974000e-05
2.214373     2.54469000e-05
2.215111     3.47637000e-05
2.215850     3.66550000e-05
2.216588     3.24166000e-05
2.217327     1.92745000e-05
2.218066     3.10484000e-05
2.218805     2.02344000e-05
2.219545     2.78140000e-05
2.220285     4.17941000e-05
2.221025     1.69290000e-05
2.221765     3.26603000e-05
2.222506     2.16869000e-05
2.223247     1.95284000e-05
2.223988     2.92499000e-05
2.224729     2.43475000e-05
2.225471     1.94534000e-05
2.226213     2.24828000e-05
2.226955     3.97877000e-05
2.227697     2.93114000e-05
2.228440     1.22540000e-05
2.229182     2.40419000e-05
2.229925     1.21451000e-05
2.230669     2.58308000e-05
2.231412     9.37302000e-06
2.232156     3.60970000e-05
2.232900     2.68314000e-05
2.233644     1.36150000e-05
2.234389     1.64435000e-05
2.235134     2.65333000e-05
2.235879     2.81550000e-05
2.236624     1.16265000e-05
2.237370     2.31821000e-05
2.238115     1.39911000e-05
2.238862     2.16771000e-05
2.239608     2.06660000e-05
2.240354     2.85547000e-05
2.241101     2.01663000e-05
2.241848     1.49322000e-05
2.242595     2.10866000e-05
2.243343     2.44777000e-05
2.244091     3.19579000e-05
2.244839     2.36049000e-05
2.245587     2.72159000e-05
2.246336     9.25141000e-06
2.247084     1.02295000e-05
2.247833     2.73935000e-05
2.248583     2.45701000e-05
2.249332     1.54503000e-05
2.250082     1.84894000e-05
2.250832     2.04114000e-05
2.251582     2.04813000e-05
2.252333     1.47495000e-05
2.253084     1.87259000e-05
2.253835     9.87568000e-06
2.254586     1.86907000e-05
2.255337     2.67694000e-05
2.256089     1.61637000e-05
2.256841     2.36340000e-05
2.257594     1.84990000e-05
2.258346     1.39476000e-05
2.259099     1.86512000e-05
2.259852     1.08609000e-05
2.260605     3.36346000e-05
2.261359     1.52043000e-05
2.262112     2.01915000e-05
2.262866     2.70927000e-05
2.263621     1.76149000e-05
2.264375     2.30564000e-05
2.265130     1.15133000e-05
2.265885     2.08080000e-05
2.266640     1.60357000e-05
2.267396     2.86496000e-05
2.268152     1.35241000e-05
2.268908     1.42322000e-05
2.269664     1.90991000e-05
2.270421     1.27244000e-05
2.271178     2.14674000e-05
2.271935     1.95487000e-05
2.272692     2.80733000e-05
2.273449     2.01338000e-05
2.274207     2.47030000e-05
2.274965     2.67764000e-05
2.275724     1.60780000e-05
2.276482     3.66794000e-05
2.277241     2.11054000e-05
2.278000     1.41668000e-05
2.278759     1.42795000e-05
2.279519     2.08415000e-05
2.280279     2.02925000e-05
2.281039     1.27875000e-05
2.281799     1.39435000e-05
2.282560     2.13540000e-05
2.283321     1.50045000e-05
2.284082     2.51609000e-05
2.284843     2.27502000e-05
2.285605     1.45636000e-05
2.286367     1.98509000e-05
2.287129     1.50726000e-05
2.287891     2.49003000e-05
2.288654     1.85383000e-05
2.289417     2.08006000e-05
2.290180     1.12637000e-05
2.290943     1.96319000e-05
2.291707     1.08231000e-05
2.292471     1.31231000e-05
2.293235     1.61837000e-05
2.293999     1.74677000e-05
2.294764     1.70765000e-05
2.295529     2.00061000e-05
2.296294     1.13303000e-05
2.297060     3.88720000e-05
2.297825     2.33615000e-05
2.298591     1.62066000e-05
2.299357     2.11718000e-05
2.300124     1.18411000e-05
2.300891     2.54962000e-05
2.301658     1.28167000e-05
2.302425     2.38721000e-05
2.303192     2.17901000e-05
2.303960     2.30450000e-05
2.304728     2.25007000e-05
2.305496     2.41539000e-05
2.306265     3.11593000e-05
2.307033     2.35600000e-05
2.307802     2.64828000e-05
2.308572     2.13140000e-05
2.309341     3.60793000e-05
2.310111     3.34408000e-05
2.310881     2.90732000e-05
2.311651     1.39140000e-05
2.312422     2.57424000e-05
2.313193     3.35162000e-05
2.313964     2.49060000e-05
2.314735     3.29053000e-05
2.315507     3.81418000e-05
2.316279     1.05627000e-05
2.317051     8.34406000e-06
2.317823     2.17873000e-05
2.318596     1.23034000e-05
2.319368     3.09838000e-05
2.320142     2.02952000e-05
2.320915     1.88157000e-05
2.321689     2.64861000e-05
2.322462     2.86958000e-05
2.323237     1.83994000e-05
2.324011     2.69588000e-05
2.324786     1.31425000e-05
2.325561     2.09888000e-05
2.326336     2.40880000e-05
2.327111     2.45759000e-05
2.327887     2.55081000e-05
2.328663     1.83409000e-05
2.329439     1.65743000e-05
2.330216     1.89776000e-05
2.330992     1.69389000e-05
2.331769     1.38100000e-05
2.332547     1.96518000e-05
2.333324     2.27095000e-05
2.334102     1.86873000e-05
2.334880     2.09186000e-05
2.335658     1.81365000e-05
2.336437     1.28503000e-05
2.337216     1.80576000e-05
2.337995     2.53771000e-05
2.338774     2.70523000e-05
2.339554     2.25112000e-05
2.340333     1.91149000e-05
2.341114     2.23835000e-05
2.341894     2.20039000e-05
2.342675     1.16726000e-05
2.343455     1.22662000e-05
2.344237     2.49616000e-05
2.345018     1.56162000e-05
2.345800     1.90078000e-05
2.346582     2.23871000e-05
2.347364     2.50637000e-05
2.348146     1.65301000e-05
2.348929     2.05160000e-05
2.349712     1.28130000e-05
2.350495     1.02545000e-05
2.351279     2.20920000e-05
2.352062     2.31654000e-05
2.352846     4.40798000e-05
2.353631     1.83655000e-05
2.354415     2.84463000e-05
2.355200     3.55387000e-05
2.355985     2.59506000e-05
2.356771     2.51847000e-05
2.357556     3.12196000e-05
2.358342     3.05273000e-05
2.359128     3.57887000e-05
2.359914     2.95005000e-05
2.360701     1.93425000e-05
2.361488     2.76050000e-05
2.362275     2.33799000e-05
2.363063     3.71031000e-05
2.363850     3.14270000e-05
2.364638     2.84247000e-05
2.365426     3.03962000e-05
2.366215     2.17614000e-05
2.367004     2.31349000e-05
2.367793     3.06431000e-05
2.368582     3.36893000e-05
2.369371     2.85344000e-05
2.370161     1.65548000e-05
2.370951     3.96881000e-05
2.371742     3.21107000e-05
2.372532     2.68352000e-05
2.373323     2.49667000e-05
2.374114     3.47532000e-05
2.374906     3.17899000e-05
2.375697     2.38999000e-05
2.376489     3.01860000e-05
2.377281     2.13363000e-05
2.378074     2.12001000e-05
2.378866     1.60130000e-05
2.379659     2.04769000e-05
2.380452     1.22322000e-05
2.381246     1.58626000e-05
2.382040     2.98444000e-05
2.382834     2.49794000e-05
2.383628     3.05407000e-05
2.384423     2.41304000e-05
2.385217     2.68173000e-05
2.386012     3.38933000e-05
2.386808     1.89377000e-05
2.387603     2.67808000e-05
2.388399     2.95836000e-05
2.389195     2.58529000e-05
2.389992     2.91538000e-05
2.390788     2.13256000e-05
2.391585     3.89329000e-05
2.392383     2.11724000e-05
2.393180     2.70232000e-05
2.393978     3.22053000e-05
2.394776     2.23366000e-05
2.395574     3.14195000e-05
2.396373     2.25971000e-05
2.397171     3.28334000e-05
2.397970     3.57191000e-05
2.398770     2.84476000e-05
2.399569     3.02090000e-05
2.400369     2.17971000e-05
2.401169     3.78010000e-05
2.401970     4.20978000e-05
2.402770     1.94503000e-05
2.403571     3.99165000e-05
2.404372     2.99289000e-05
2.405174     2.01273000e-05
2.405976     3.89675000e-05
2.406778     1.83796000e-05
2.407580     3.75190000e-05
2.408382     3.96760000e-05
2.409185     2.41346000e-05
2.409988     3.72138000e-05
2.410792     2.23209000e-05
2.411595     1.88771000e-05
2.412399     4.23427000e-05
2.413203     1.61674000e-05
2.414008     2.76374000e-05
2.414812     4.92650000e-05
2.415617     2.07229000e-05
2.416422     3.04240000e-05
2.417228     2.34598000e-05
2.418034     3.91007000e-05
2.418840     2.70963000e-05
2.419646     2.71142000e-05
2.420452     2.73253000e-05
2.421259     5.83530000e-05
2.422066     1.80680000e-05
2.422874     4.59719000e-05
2.423681     4.09013000e-05
2.424489     2.23168000e-05
2.425297     3.32414000e-05
2.426106     6.42187000e-05
2.426915     5.78845000e-05
2.427723     1.56031000e-05
2.428533     3.57301000e-05
2.429342     3.05932000e-05
2.430152     1.92702000e-05
2.430962     4.53667000e-05
2.431772     5.16257000e-05
2.432583     5.93440000e-05
2.433394     4.39878000e-05
2.434205     2.15298000e-05
2.435016     3.43564000e-05
2.435828     3.74229000e-05
2.436640     5.22238000e-05
2.437452     3.10579000e-05
2.438265     5.20018000e-05
2.439077     3.95061000e-05
2.439890     3.93840000e-05
2.440704     3.03145000e-05
2.441517     3.57121000e-05
2.442331     4.39508000e-05
2.443145     2.35992000e-05
2.443960     4.97682000e-05
2.444774     6.33446000e-05
2.445589     4.42127000e-05
2.446404     3.14682000e-05
2.447220     2.94761000e-05
2.448036     2.39877000e-05
2.448852     4.74382000e-05
2.449668     3.50699000e-05
2.450484     2.71529000e-05
2.451301     4.68232000e-05
2.452118     2.45736000e-05
2.452936     4.46910000e-05
2.453753     5.84456000e-05
2.454571     4.33845000e-05
2.455390     7.58960000e-05
2.456208     3.11893000e-05
2.457027     5.19033000e-05
2.457846     5.74892000e-05
2.458665     5.79301000e-05
2.459485     1.87352000e-05
2.460304     4.30538000e-05
2.461125     3.26479000e-05
2.461945     4.81235000e-05
2.462766     4.28407000e-05
2.463586     2.43443000e-05
2.464408     2.51443000e-05
2.465229     6.61401000e-05
2.466051     4.91528000e-05
2.466873     8.26700000e-05
2.467695     4.57187000e-05
2.468518     4.74406000e-05
2.469341     5.04641000e-05
2.470164     4.00950000e-05
2.470987     6.34669000e-05
2.471811     6.03217000e-05
2.472635     6.27351000e-05
2.473459     2.68540000e-05
2.474283     6.70369000e-05
2.475108     3.78926000e-05
2.475933     5.79174000e-05
2.476758     6.16827000e-05
2.477584     5.03342000e-05
2.478410     3.95166000e-05
2.479236     3.46197000e-05
2.480062     2.40097000e-05
2.480889     7.30351000e-05
2.481716     5.19206000e-05
2.482543     4.91854000e-05
2.483371     1.33125000e-05
2.484199     4.69471000e-05
2.485027     7.67191000e-05
2.485855     5.43366000e-05
2.486684     4.64314000e-05
2.487513     5.00026000e-05
2.488342     4.25136000e-05
2.489171     8.98801000e-05
2.490001     4.08768000e-05
2.490831     5.34552000e-05
2.491661     1.04018000e-04
2.492492     7.15709000e-05
2.493323     4.76428000e-05
2.494154     6.47737000e-05
2.494985     7.46991000e-05
2.495817     1.91668000e-05
2.496649     7.16063000e-05
2.497481     7.37602000e-05
2.498313     5.99141000e-05
2.499146     3.40376000e-05
2.499979     5.57706000e-05
2.500813     8.51306000e-05
2.501646     5.56873000e-05
2.502480     5.99784000e-05
2.503314     7.18947000e-05
2.504149     7.99736000e-05
2.504983     1.03874000e-04
2.505818     8.16250000e-06
2.506654     4.07405000e-05
2.507489     9.86482000e-05
2.508325     5.92700000e-05
2.509161     6.32443000e-05
2.509998     7.17519000e-05
2.510834     2.08587000e-05
2.511671     7.22500000e-05
2.512508     8.67836000e-05
2.513346     6.63358000e-05
2.514184     3.45420000e-05
2.515022     5.42624000e-05
2.515860     3.05581000e-05
2.516699     7.52541000e-05
2.517538     1.58942000e-05
2.518377     9.31285000e-05
2.519216     7.25954000e-05
2.520056     1.07515000e-04
2.520896     7.97318000e-05
2.521736     7.31010000e-05
2.522577     9.31980000e-05
2.523418     5.17616000e-05
2.524259     6.32611000e-05
2.525100     7.91255000e-05
2.525942     8.71145000e-05
2.526784     9.55203000e-05
2.527626     6.54677000e-05
2.528469     5.32114000e-05
2.529312     6.18047000e-05
2.530155     2.00460000e-05
2.530998     4.94076000e-05
2.531842     7.75123000e-05
2.532686     6.40553000e-05
2.533530     7.79150000e-05
2.534374     9.06738000e-05
2.535219     4.60734000e-05
2.536064     6.98571000e-05
2.536910     9.78431000e-05
2.537755     6.53006000e-05
2.538601     8.80404000e-05
2.539447     6.67355000e-05
2.540294     9.28144000e-05
2.541141     2.75900000e-05
2.541988     8.50921000e-05
2.542835     3.27055000e-05
2.543683     4.40617000e-05
2.544530     2.31547000e-05
2.545379     8.00696000e-05
2.546227     8.28846000e-05
2.547076     1.87914000e-05
2.547925     8.25563000e-05
2.548774     1.79398000e-05
2.549624     1.03672000e-04
2.550474     9.11466000e-05
2.551324     1.14099000e-04
2.552174     1.15505000e-04
2.553025     7.37267000e-05
2.553876     7.81470000e-05
2.554727     8.07591000e-05
2.555579     2.76888000e-05
2.556431     6.81701000e-05
2.557283     9.11190000e-05
2.558135     5.09381000e-05
2.558988     4.09977000e-05
2.559841     2.53165000e-05
2.560694     8.87507000e-05
2.561548     7.36941000e-05
2.562402     7.08772000e-05
2.563256     8.54220000e-05
2.564110     9.07971000e-05
2.564965     1.03350000e-04
2.565820     5.81667000e-05
2.566675     8.61437000e-05
2.567531     1.18443000e-04
2.568387     1.27860000e-04
2.569243     3.80711000e-05
2.570099     7.18192000e-05
2.570956     5.18576000e-05
2.571813     1.16136000e-04
2.572670     4.07970000e-05
2.573528     3.02516000e-05
2.574386     6.61221000e-05
2.575244     8.59891000e-05
2.576102     8.75925000e-05
2.576961     7.92562000e-05
2.577820     8.32495000e-05
2.578679     9.90522000e-05
2.579539     3.39599000e-05
2.580398     5.92484000e-05
2.581259     8.41031000e-05
2.582119     8.84511000e-05
2.582980     1.05102000e-05
2.583841     3.38777000e-05
2.584702     7.13108000e-05
2.585564     5.89358000e-05
2.586425     8.31649000e-05
2.587288     3.30607000e-05
2.588150     2.26413000e-05
2.589013     2.03267000e-05
2.589876     4.05928000e-05
2.590739     1.49573000e-04
2.591603     8.00999000e-05
2.592466     7.28582000e-05
2.593331     3.52526000e-05
2.594195     8.45188000e-05
2.595060     4.41773000e-05
2.595925     3.64123000e-05
2.596790     1.42601000e-04
2.597656     2.49720000e-05
2.598522     5.16900000e-05
2.599388     5.33365000e-05
2.600254     1.02831000e-04
2.601121     1.16724000e-04
2.601988     1.18803000e-04
2.602855     8.75496000e-05
2.603723     4.74938000e-05
2.604591     8.39311000e-05
2.605459     7.34606000e-05
2.606328     1.05736000e-04
2.607196     1.08294000e-04
2.608065     1.17408000e-04
2.608935     8.89768000e-05
2.609804     1.35328000e-05
2.610674     1.09665000e-04
2.611545     8.41529000e-05
2.612415     1.14596000e-04
2.613286     6.98543000e-05
2.614157     8.76750000e-05
2.615028     8.25592000e-05
2.615900     6.80618000e-05
2.616772     8.77815000e-05
2.617644     9.95945000e-05
2.618517     8.20028000e-05
2.619390     1.12942000e-04
2.620263     8.71738000e-05
2.621136     9.38886000e-05
2.622010     6.47578000e-05
2.622884     6.86709000e-05
2.623758     1.47245000e-04
2.624633     1.15100000e-04
2.625508     4.87831000e-05
2.626383     3.94413000e-05
2.627258     3.82882000e-05
2.628134     1.35891000e-04
2.629010     5.02090000e-05
2.629886     1.29369000e-04
2.630763     6.98898000e-05
2.631640     4.00940000e-05
2.632517     7.13109000e-05
2.633395     6.65191000e-05
2.634272     4.08150000e-05
2.635151     1.30582000e-04
2.636029     1.34033000e-04
2.636908     5.74872000e-05
2.637787     9.36922000e-05
2.638666     7.62883000e-05
2.639545     1.64567000e-04
2.640425     7.29596000e-05
2.641305     6.83875000e-05
2.642186     1.07097000e-04
2.643067     1.55773000e-04
2.643948     7.41062000e-05
2.644829     7.06588000e-05
2.645711     8.16203000e-05
2.646592     8.69254000e-05
2.647475     9.53812000e-05
2.648357     1.27896000e-04
2.649240     1.37111000e-04
2.650123     1.12537000e-04
2.651006     1.60106000e-04
2.651890     1.45780000e-04
2.652774     9.89935000e-05
2.653658     1.61411000e-04
2.654543     3.10923000e-05
2.655428     5.84670000e-05
2.656313     3.16693000e-05
2.657198     4.71344000e-05
2.658084     1.36057000e-04
2.658970     1.26513000e-04
2.659856     1.26111000e-04
2.660743     1.12907000e-04
2.661630     1.28072000e-04
2.662517     1.96030000e-04
2.663405     1.28743000e-04
2.664292     1.26306000e-04
2.665180     6.34589000e-05
2.666069     2.84058000e-05
2.666958     1.82825000e-05
2.667847     1.53566000e-04
2.668736     8.43272000e-05
2.669625     1.47636000e-04
2.670515     3.92465000e-05
2.671405     1.23634000e-04
2.672296     5.92545000e-05
2.673187     3.62027000e-05
2.674078     1.36729000e-04
2.674969     6.51413000e-05
2.675861     1.04385000e-04
2.676753     9.76683000e-05
2.677645     1.60973000e-05
2.678537     1.00991000e-04
2.679430     1.06369000e-05
2.680323     1.89518000e-04
2.681217     1.54143000e-04
2.682111     3.17592000e-05
2.683005     9.32367000e-05
2.683899     9.07522000e-05
2.684794     8.87956000e-05
2.685689     8.37035000e-05
2.686584     2.82502000e-05
2.687479     1.80354000e-04
2.688375     8.10500000e-05
2.689271     1.47795000e-04
2.690168     8.74647000e-05
2.691064     3.04507000e-05
2.691961     4.04832000e-05
2.692859     1.21797000e-04
2.693756     5.99742000e-05
2.694654     7.87761000e-05
2.695553     6.27402000e-05
2.696451     3.14175000e-05
2.697350     1.77270000e-04
2.698249     1.54502000e-04
2.699148     1.78186000e-04
2.700048     9.52309000e-05
2.700948     1.43093000e-04
2.701848     3.82757000e-05
2.702749     1.01390000e-04
2.703650     5.83799000e-05
2.704551     6.87366000e-05
2.705453     9.04059000e-05
2.706355     6.87508000e-05
2.707257     2.37142000e-05
2.708159     1.39784000e-04
2.709062     1.50853000e-05
2.709965     9.67024000e-05
2.710868     1.14886000e-04
2.711772     4.14736000e-05
2.712676     1.24426000e-04
2.713580     1.47215000e-04
2.714484     3.42016000e-05
2.715389     1.57131000e-04
2.716294     8.30180000e-05
2.717200     1.91600000e-04
2.718106     1.27129000e-04
2.719012     1.39979000e-04
2.719918     1.13823000e-04
2.720825     5.93533000e-05
2.721732     1.36154000e-04
2.722639     1.64914000e-04
2.723546     1.63804000e-04
2.724454     9.13943000e-05
2.725362     1.52026000e-04
2.726271     9.29354000e-05
2.727180     1.40657000e-04
2.728089     4.89112000e-05
2.728998     8.14374000e-05
2.729908     2.06883000e-04
2.730818     4.05767000e-05
2.731728     6.32092000e-05
2.732638     1.79454000e-04
2.733549     1.82236000e-04
2.734460     1.81277000e-04
2.735372     7.86187000e-05
2.736284     4.28615000e-05
2.737196     2.05514000e-04
2.738108     1.70394000e-04
2.739021     3.93578000e-05
2.739934     5.26933000e-05
2.740847     4.88037000e-05
2.741761     1.01824000e-04
2.742675     1.07509000e-04
2.743589     2.57107000e-04
2.744504     1.37338000e-04
2.745418     1.50299000e-04
2.746334     1.92110000e-04
2.747249     1.77980000e-04
2.748165     1.31372000e-04
2.749081     1.48524000e-04
2.749997     5.94169000e-05
2.750914     1.02815000e-04
2.751831     8.74138000e-05
2.752748     8.81899000e-05
2.753666     9.50379000e-05
2.754584     1.49093000e-04
2.755502     9.00245000e-05
2.756420     1.46191000e-04
2.757339     1.25868000e-04
2.758258     1.30539000e-04
2.759178     1.43510000e-04
2.760097     1.22480000e-04
2.761017     9.09681000e-05
2.761938     2.01711000e-04
2.762858     5.99440000e-05
2.763779     3.31793000e-05
2.764701     3.94380000e-05
2.765622     2.12562000e-05
2.766544     9.13574000e-05
2.767466     1.56260000e-04
2.768389     1.30635000e-04
2.769311     8.32247000e-05
2.770235     3.73713000e-05
2.771158     1.63939000e-04
2.772082     4.13129000e-05
2.773006     1.11690000e-04
2.773930     1.50500000e-04
2.774855     1.18595000e-04
2.775780     1.14467000e-04
2.776705     1.22407000e-04
2.777630     3.84718000e-05
2.778556     3.57121000e-05
2.779483     2.09452000e-04
2.780409     1.09998000e-04
2.781336     6.76541000e-05
2.782263     1.82709000e-04
2.783190     5.32608000e-05
2.784118     1.00749000e-04
2.785046     7.69608000e-05
2.785974     1.56436000e-04
2.786903     1.30556000e-04
2.787832     7.11652000e-05
2.788761     1.57001000e-04
2.789691     2.11559000e-04
2.790621     1.77196000e-04
2.791551     1.62268000e-04
2.792482     2.67933000e-05
2.793412     1.03929000e-04
2.794344     3.35006000e-05
2.795275     1.99385000e-04
2.796207     2.33282000e-04
2.797139     1.18371000e-04
2.798071     3.51208000e-05
2.799004     4.08510000e-05
2.799937     2.93729000e-04
2.800870     3.51770000e-05
2.801804     1.33434000e-04
2.802738     1.66749000e-05
2.803672     1.31496000e-05
2.804607     9.82001000e-05
2.805541     1.42452000e-04
2.806477     4.53664000e-05
2.807412     1.43320000e-04
2.808348     1.13231000e-04
2.809284     1.19136000e-04
2.810220     7.40327000e-05
2.811157     1.98039000e-04
2.812094     1.98913000e-04
2.813032     3.39726000e-05
2.813969     5.36608000e-05
2.814907     1.27470000e-04
2.815846     2.59114000e-04
2.816784     1.43380000e-04
2.817723     2.38722000e-04
2.818662     1.99109000e-04
2.819602     1.27158000e-04
2.820542     1.03764000e-04
2.821482     1.06575000e-04
2.822422     4.93995000e-05
2.823363     2.56732000e-04
2.824304     4.05820000e-05
2.825246     5.53816000e-05
2.826188     3.42563000e-05
2.827130     2.92059000e-05
2.828072     1.56873000e-04
2.829015     3.47744000e-04
2.829958     2.70733000e-04
2.830901     2.80306000e-04
2.831845     8.63091000e-05
2.832789     4.54980000e-05
2.833733     1.02020000e-04
2.834677     1.55914000e-04
2.835622     3.86981000e-05
2.836568     1.33428000e-04
2.837513     8.87642000e-05
2.838459     8.84407000e-05
2.839405     2.58358000e-04
2.840352     2.28460000e-04
2.841298     2.46167000e-04
2.842245     1.70643000e-04
2.843193     5.30842000e-05
2.844141     3.06934000e-04
2.845089     4.39498000e-05
2.846037     2.48982000e-04
2.846986     1.22646000e-04
2.847935     2.08377000e-04
2.848884     2.14969000e-04
2.849834     9.35917000e-05
2.850784     4.85324000e-05
2.851734     2.05292000e-04
2.852684     1.46665000e-04
2.853635     6.53835000e-05
2.854586     7.18817000e-05
2.855538     1.41945000e-04
2.856490     1.82735000e-04
2.857442     1.27604000e-04
2.858394     2.05894000e-04
2.859347     1.96669000e-04
2.860300     1.78172000e-04
2.861254     1.55193000e-04
2.862208     1.49457000e-04
2.863162     1.99906000e-04
2.864116     1.29905000e-04
2.865071     2.39146000e-04
2.866026     1.93020000e-04
2.866981     8.20949000e-05
2.867937     1.47527000e-04
2.868893     9.19271000e-05
2.869849     2.00232000e-04
2.870806     2.48063000e-04
2.871763     9.23422000e-05
2.872720     1.55114000e-04
2.873677     1.89087000e-04
2.874635     3.72449000e-05
2.875594     3.30717000e-04
2.876552     2.07863000e-04
2.877511     5.52770000e-05
2.878470     1.65797000e-04
2.879430     7.19214000e-05
2.880389     1.10149000e-04
2.881350     9.72746000e-05
2.882310     2.60556000e-04
2.883271     1.60137000e-04
2.884232     4.76748000e-05
2.885193     5.06017000e-05
2.886155     1.45630000e-04
2.887117     2.85247000e-04
2.888079     4.78224000e-05
2.889042     3.76032000e-05
2.890005     6.72623000e-05
2.890968     1.86001000e-04
2.891932     2.41110000e-04
2.892896     4.68162000e-05
2.893860     5.57184000e-05
2.894825     1.05099000e-04
2.895790     1.13692000e-04
2.896755     2.25931000e-04
2.897721     2.94689000e-04
2.898687     1.40749000e-04
2.899653     3.29425000e-05
2.900619     1.16905000e-04
2.901586     2.79161000e-04
2.902554     5.14122000e-05
2.903521     3.08852000e-04
2.904489     1.62828000e-04
2.905457     1.96939000e-04
2.906426     2.24690000e-04
2.907394     1.97663000e-04
2.908363     1.25273000e-04
2.909333     1.97861000e-04
2.910303     1.20977000e-04
2.911273     1.59268000e-04
2.912243     1.01254000e-04
2.913214     3.00207000e-04
2.914185     2.11447000e-04
2.915156     1.71811000e-04
2.916128     2.54293000e-04
2.917100     1.16796000e-04
2.918073     1.72811000e-04
2.919045     2.50593000e-04
2.920018     2.85882000e-04
2.920992     1.63859000e-04
2.921965     5.01831000e-05
2.922939     1.24699000e-04
2.923914     1.85484000e-04
2.924888     2.01953000e-04
2.925863     7.87089000e-05
2.926838     2.89655000e-04
2.927814     4.17784000e-05
2.928790     1.95766000e-04
2.929766     8.10874000e-05
2.930743     1.81838000e-04
2.931720     2.22691000e-04
2.932697     1.44893000e-04
2.933675     3.01785000e-04
2.934652     1.19056000e-04
2.935631     1.94341000e-04
2.936609     2.23817000e-04
2.937588     4.43725000e-05
2.938567     3.28097000e-04
2.939547     2.09901000e-04
2.940527     1.47930000e-04
2.941507     1.77528000e-04
2.942487     1.76237000e-04
2.943468     5.03785000e-05
2.944449     2.20855000e-04
2.945431     3.48431000e-04
2.946413     1.77438000e-04
2.947395     1.63901000e-04
2.948377     8.35612000e-05
2.949360     2.22779000e-04
2.950343     3.11696000e-04
2.951327     2.62820000e-04
2.952310     2.07934000e-04
2.953294     2.33187000e-04
2.954279     1.76027000e-04
2.955264     7.42266000e-05
2.956249     8.28091000e-05
2.957234     1.23850000e-04
2.958220     2.26302000e-04
2.959206     2.45871000e-04
2.960192     2.07550000e-04
2.961179     4.85236000e-05
2.962166     2.57102000e-04
2.963154     2.39710000e-04
2.964141     1.89583000e-04
2.965129     3.24563000e-04
2.966118     2.40563000e-04
2.967106     9.42674000e-05
2.968095     4.55138000e-05
2.969085     2.53470000e-04
2.970075     3.43232000e-04
2.971065     1.27614000e-04
2.972055     1.13518000e-04
2.973046     1.49012000e-04
2.974037     1.65912000e-04
2.975028     9.71281000e-05
2.976020     7.06174000e-05
2.977012     2.68024000e-04
2.978004     9.57546000e-05
2.978997     1.72345000e-04
2.979990     4.73027000e-05
2.980983     1.02906000e-04
2.981977     3.37117000e-04
2.982971     3.28176000e-04
2.983965     6.25842000e-05
2.984960     2.42953000e-04
2.985955     2.55423000e-04
2.986950     1.34432000e-04
2.987946     6.34769000e-05
2.988942     1.08747000e-04
2.989938     1.47776000e-04
2.990934     2.54148000e-04
2.991931     1.37779000e-04
2.992929     2.16976000e-04
2.993926     2.66517000e-04
2.994924     5.31598000e-05
2.995923     1.93919000e-04
2.996921     1.58976000e-04
2.997920     3.06229000e-04
2.998920     1.50714000e-04
2.999919     2.88127000e-04
3.000919     1.91540000e-04
3.001920     8.71860000e-05
3.002920     3.46794000e-04
3.003921     2.55400000e-04
3.004922     1.47362000e-04
3.005924     1.86940000e-04
3.006926     5.51869000e-05
3.007928     5.37935000e-05
3.008931     2.23437000e-04
3.009934     1.52646000e-04
3.010937     9.28818000e-05
3.011941     9.20818000e-05
3.012945     1.05425000e-04
3.013949     1.37527000e-04
3.014954     1.13799000e-04
3.015959     2.67256000e-04
3.016964     1.31761000e-04
3.017970     1.04916000e-04
3.018976     8.16842000e-05
3.019982     2.35886000e-04
3.020989     2.25376000e-04
3.021996     2.04135000e-04
3.023003     2.33554000e-04
3.024011     2.62337000e-04
3.025019     7.19549000e-05
3.026027     1.89784000e-04
3.027036     1.30807000e-04
3.028045     1.78123000e-04
3.029054     1.89695000e-04
3.030064     1.63217000e-04
3.031074     1.10498000e-04
3.032084     1.16552000e-04
3.033095     2.72186000e-04
3.034106     1.31652000e-04
3.035117     1.09504000e-04
3.036129     1.06581000e-04
3.037141     1.99830000e-04
3.038154     2.37160000e-04
3.039166     1.32588000e-04
3.040179     1.16417000e-04
3.041193     1.38663000e-04
3.042206     1.63697000e-04
3.043220     1.02039000e-04
3.044235     1.61841000e-04
3.045250     1.38212000e-04
3.046265     2.09063000e-04
3.047280     2.24567000e-04
3.048296     1.20625000e-04
3.049312     1.72748000e-04
3.050328     2.41464000e-04
3.051345     6.38156000e-05
3.052362     1.95967000e-04
3.053380     2.00085000e-04
3.054398     1.26568000e-04
3.055416     1.92781000e-04
3.056434     1.25309000e-04
3.057453     1.66969000e-04
3.058472     9.25536000e-05
3.059492     1.98380000e-04
3.060511     1.01443000e-04
3.061532     1.56526000e-04
3.062552     1.45552000e-04
3.063573     1.38289000e-04
3.064594     1.35722000e-04
3.065616     1.79672000e-04
3.066638     1.75130000e-04
3.067660     1.03348000e-04
3.068682     1.39826000e-04
3.069705     1.29995000e-04
3.070728     1.61338000e-04
3.071752     1.70506000e-04
3.072776     1.16620000e-04
3.073800     1.12128000e-04
3.074825     1.27599000e-04
3.075850     1.93885000e-04
3.076875     1.62976000e-04
3.077901     7.36178000e-05
3.078927     1.07719000e-04
3.079953     1.12106000e-04
3.080980     1.53124000e-04
3.082007     6.17122000e-05
3.083034     1.75663000e-04
3.084062     6.59372000e-05
3.085090     1.59484000e-04
3.086118     1.97860000e-04
3.087147     1.58780000e-04
3.088176     1.45735000e-04
3.089205     1.15661000e-04
3.090235     1.47746000e-04
3.091265     1.59770000e-04
3.092295     6.11984000e-05
3.093326     6.51520000e-05
3.094357     1.19435000e-04
3.095389     1.42753000e-04
3.096420     1.04519000e-04
3.097453     9.15645000e-05
3.098485     1.44272000e-04
3.099518     1.36754000e-04
3.100551     1.25896000e-04
3.101585     1.52963000e-04
3.102619     1.13406000e-04
3.103653     9.13770000e-05
3.104687     1.13532000e-04
3.105722     1.17698000e-04
3.106757     1.16688000e-04
3.107793     1.02275000e-04
3.108829     7.39254000e-05
3.109865     9.04347000e-05
3.110902     1.08055000e-04
3.111939     7.64571000e-05
3.112976     8.37033000e-05
3.114014     1.24138000e-04
3.115052     8.46319000e-05
3.116090     6.36905000e-05
3.117129     1.00844000e-04
3.118168     1.10446000e-04
3.119207     9.94046000e-05
3.120247     8.29447000e-05
3.121287     7.78948000e-05
3.122327     1.07301000e-04
3.123368     1.18542000e-04
3.124409     5.29032000e-05
3.125451     1.05438000e-04
3.126493     1.22062000e-04
3.127535     1.11773000e-04
3.128577     7.21852000e-05
3.129620     7.77200000e-05
3.130663     1.27959000e-04
3.131707     9.51958000e-05
3.132751     7.68373000e-05
3.133795     1.26477000e-04
3.134840     1.05829000e-04
3.135885     1.18272000e-04
3.136930     9.11123000e-05
3.137976     7.80725000e-05
3.139022     8.99736000e-05
3.140068     9.12753000e-05
3.141115     9.17346000e-05
3.142162     7.96291000e-05
3.143209     8.99493000e-05
3.144257     8.80608000e-05
3.145305     9.88108000e-05
3.146353     7.98711000e-05
3.147402     9.86380000e-05
3.148451     9.46012000e-05
3.149501     1.01155000e-04
3.150551     9.99765000e-05
3.151601     7.59965000e-05
3.152651     1.04852000e-04
3.153702     7.75272000e-05
3.154753     6.99918000e-05
3.155805     7.58108000e-05
3.156857     8.86900000e-05
3.157909     4.15390000e-05
3.158962     9.16617000e-05
3.160015     1.08530000e-04
3.161068     9.38485000e-05
3.162122     9.90537000e-05
3.163176     1.11074000e-04
3.164230     1.03563000e-04
3.165285     8.94415000e-05
3.166340     9.69804000e-05
3.167396     9.15032000e-05
3.168451     9.16662000e-05
3.169507     8.18879000e-05
3.170564     9.35934000e-05
3.171621     1.01017000e-04
3.172678     1.13013000e-04
3.173736     1.00139000e-04
3.174794     1.07855000e-04
3.175852     1.01204000e-04
3.176910     9.65806000e-05
3.177969     1.23391000e-04
3.179029     8.56936000e-05
3.180088     1.04218000e-04
3.181148     1.25940000e-04
3.182209     9.43945000e-05
3.183270     1.16379000e-04
3.184331     6.40756000e-05
3.185392     9.47867000e-05
3.186454     8.31696000e-05
3.187516     6.56163000e-05
3.188579     9.64131000e-05
3.189641     1.03391000e-04
3.190705     8.88364000e-05
3.191768     7.02379000e-05
3.192832     8.95588000e-05
3.193896     7.78516000e-05
3.194961     8.23254000e-05
3.196026     9.34733000e-05
3.197091     6.72659000e-05
3.198157     8.02483000e-05
3.199223     6.97990000e-05
3.200289     1.01939000e-04
3.201356     1.20162000e-04
3.202423     4.11949000e-05
3.203491     7.36237000e-05
3.204559     9.36223000e-05
3.205627     1.04954000e-04
3.206695     1.16688000e-04
3.207764     1.12024000e-04
3.208834     8.58646000e-05
3.209903     1.05242000e-04
3.210973     9.73334000e-05
3.212043     9.01766000e-05
3.213114     8.14492000e-05
3.214185     1.05488000e-04
3.215257     1.01569000e-04
3.216328     9.31864000e-05
3.217400     8.39856000e-05
3.218473     9.17620000e-05
3.219546     1.02403000e-04
3.220619     7.78996000e-05
3.221692     1.12980000e-04
3.222766     9.04615000e-05
3.223841     8.63978000e-05
3.224915     6.17924000e-05
3.225990     8.75759000e-05
3.227066     6.69921000e-05
3.228141     1.00401000e-04
3.229217     1.13282000e-04
3.230294     1.10329000e-04
3.231370     8.13944000e-05
3.232448     8.97087000e-05
3.233525     1.16047000e-04
3.234603     5.96460000e-05
3.235681     1.39726000e-04
3.236760     1.01093000e-04
3.237839     1.01337000e-04
3.238918     7.28407000e-05
3.239997     1.35723000e-04
3.241077     1.01241000e-04
3.242158     9.66836000e-05
3.243239     9.49528000e-05
3.244320     1.14460000e-04
3.245401     1.30648000e-04
3.246483     1.20732000e-04
3.247565     1.03520000e-04
3.248648     1.14196000e-04
3.249730     9.04316000e-05
3.250814     8.85722000e-05
3.251897     1.16877000e-04
3.252981     1.15398000e-04
3.254066     1.11721000e-04
3.255150     1.01584000e-04
3.256235     1.10914000e-04
3.257321     1.35511000e-04
3.258406     1.40823000e-04
3.259493     1.27936000e-04
3.260579     9.63467000e-05
3.261666     1.13669000e-04
3.262753     8.69977000e-05
3.263841     9.35367000e-05
3.264929     1.06553000e-04
3.266017     1.02397000e-04
3.267106     7.36224000e-05
3.268195     1.17945000e-04
3.269284     1.24169000e-04
3.270374     9.78162000e-05
3.271464     1.32027000e-04
3.272555     1.15141000e-04
3.273645     1.08988000e-04
3.274737     1.17469000e-04
3.275828     8.89318000e-05
3.276920     1.07463000e-04
3.278012     1.09030000e-04
3.279105     1.07825000e-04
3.280198     1.07354000e-04
3.281292     1.42843000e-04
3.282385     1.41799000e-04
3.283479     1.43976000e-04
3.284574     1.17927000e-04
3.285669     7.27957000e-05
3.286764     9.84545000e-05
3.287860     1.05621000e-04
3.288956     1.20349000e-04
3.290052     1.14114000e-04
3.291149     7.44326000e-05
3.292246     9.28652000e-05
3.293343     1.28659000e-04
3.294441     1.09272000e-04
3.295539     1.01598000e-04
3.296637     1.28367000e-04
3.297736     8.73515000e-05
3.298836     1.12819000e-04
3.299935     1.33104000e-04
3.301035     1.17463000e-04
3.302135     1.16083000e-04
3.303236     1.07176000e-04
3.304337     1.33126000e-04
3.305439     1.25531000e-04
3.306541     1.18253000e-04
3.307643     1.06997000e-04
3.308745     1.09932000e-04
3.309848     8.01203000e-05
3.310951     8.86338000e-05
3.312055     8.79754000e-05
3.313159     1.00340000e-04
3.314264     5.29811000e-05
3.315368     1.09857000e-04
3.316473     1.01481000e-04
3.317579     1.01629000e-04
3.318685     5.43923000e-05
3.319791     8.88033000e-05
3.320898     1.21006000e-04
3.322005     7.10924000e-05
3.323112     6.00206000e-05
3.324220     8.13935000e-05
3.325328     7.70063000e-05
3.326436     1.01086000e-04
3.327545     7.87669000e-05
3.328654     9.33244000e-05
3.329764     7.33630000e-05
3.330874     8.14602000e-05
3.331984     9.41471000e-05
3.333095     6.85987000e-05
3.334206     7.86491000e-05
3.335317     8.52887000e-05
3.336429     1.03060000e-04
3.337541     9.20428000e-05
3.338653     9.89122000e-05
3.339766     9.33615000e-05
3.340880     1.07762000e-04
3.341993     9.98908000e-05
3.343107     9.63852000e-05
3.344222     1.10754000e-04
3.345336     9.89710000e-05
3.346451     8.91536000e-05
3.347567     9.95394000e-05
3.348683     1.05310000e-04
3.349799     1.12534000e-04
3.350916     1.11149000e-04
3.352033     1.09218000e-04
3.353150     1.11400000e-04
3.354268     1.17703000e-04
3.355386     1.05456000e-04
3.356504     1.13216000e-04
3.357623     1.18336000e-04
3.358742     1.18972000e-04
3.359862     1.13406000e-04
3.360982     1.24464000e-04
3.362102     1.23853000e-04
3.363223     1.27042000e-04
3.364344     1.07001000e-04
3.365465     1.05577000e-04
3.366587     1.15438000e-04
3.367709     1.18862000e-04
3.368832     1.13075000e-04
3.369955     1.27969000e-04
3.371078     1.20533000e-04
3.372202     1.25047000e-04
3.373326     7.94677000e-05
3.374450     1.05583000e-04
3.375575     1.43485000e-04
3.376700     1.17405000e-04
3.377826     1.26745000e-04
3.378952     1.43372000e-04
3.380078     8.02081000e-05
3.381205     1.43218000e-04
3.382332     9.38032000e-05
3.383459     1.23308000e-04
3.384587     1.33885000e-04
3.385715     1.46741000e-04
3.386844     1.31246000e-04
3.387973     1.45580000e-04
3.389102     1.29836000e-04
3.390232     9.89380000e-05
3.391362     1.23207000e-04
3.392492     1.11345000e-04
3.393623     1.44039000e-04
3.394754     1.01498000e-04
3.395886     1.57214000e-04
3.397018     1.45179000e-04
3.398150     1.51970000e-04
3.399283     1.75235000e-04
3.400416     1.47702000e-04
3.401550     1.60918000e-04
3.402683     1.17725000e-04
3.403818     5.89900000e-05
3.404952     1.09547000e-04
3.406087     1.12464000e-04
3.407223     9.06431000e-05
3.408358     1.55465000e-04
3.409495     1.17854000e-04
3.410631     1.44640000e-04
3.411768     1.56497000e-04
3.412905     1.65548000e-04
3.414043     1.14856000e-04
3.415181     1.28318000e-04
3.416319     1.08207000e-04
3.417458     1.21487000e-04
3.418597     7.42819000e-05
3.419737     1.28455000e-04
3.420877     1.23500000e-04
3.422017     1.17445000e-04
3.423158     1.27034000e-04
3.424299     1.62591000e-04
3.425440     1.47089000e-04
3.426582     1.29272000e-04
3.427724     1.56771000e-04
3.428867     8.46398000e-05
3.430010     1.31559000e-04
3.431153     1.64819000e-04
3.432297     1.08385000e-04
3.433441     1.46006000e-04
3.434585     1.15862000e-04
3.435730     1.23346000e-04
3.436875     1.38757000e-04
3.438021     1.45175000e-04
3.439167     1.31953000e-04
3.440313     1.05916000e-04
3.441460     1.19422000e-04
3.442607     1.43826000e-04
3.443755     1.71925000e-04
3.444903     1.26165000e-04
3.446051     1.01395000e-04
3.447200     1.19528000e-04
3.448349     1.23737000e-04
3.449498     1.45978000e-04
3.450648     1.06173000e-04
3.451798     1.45891000e-04
3.452949     1.54392000e-04
3.454100     1.22057000e-04
3.455251     1.29848000e-04
3.456403     1.51431000e-04
3.457555     1.40884000e-04
3.458708     1.38417000e-04
3.459861     1.44434000e-04
3.461014     1.38733000e-04
3.462167     1.23290000e-04
3.463322     1.46079000e-04
3.464476     1.04490000e-04
3.465631     1.60196000e-04
3.466786     1.77133000e-04
3.467942     1.45896000e-04
3.469098     1.65460000e-04
3.470254     1.34096000e-04
3.471411     1.21492000e-04
3.472568     1.26536000e-04
3.473725     1.10165000e-04
3.474883     1.12678000e-04
3.476042     1.22746000e-04
3.477200     1.29994000e-04
3.478359     1.10893000e-04
3.479519     1.48650000e-04
3.480679     1.16103000e-04
3.481839     1.73624000e-04
3.482999     1.30971000e-04
3.484160     1.16478000e-04
3.485322     1.31004000e-04
3.486484     1.53151000e-04
3.487646     1.22302000e-04
3.488808     1.79035000e-04
3.489971     1.89342000e-04
3.491135     8.13589000e-05
3.492298     1.08393000e-04
3.493462     1.53952000e-04
3.494627     1.29145000e-04
3.495792     1.47340000e-04
3.496957     1.64901000e-04
3.498123     1.82016000e-04
3.499289     1.85069000e-04
3.500455     1.95473000e-04
3.501622     1.68145000e-04
3.502789     1.58266000e-04
3.503957     1.17182000e-04
3.505125     1.27139000e-04
3.506293     1.50924000e-04
3.507462     1.73602000e-04
3.508631     1.57850000e-04
3.509801     1.25084000e-04
3.510970     1.40561000e-04
3.512141     1.60234000e-04
3.513312     1.69386000e-04
3.514483     1.62619000e-04
3.515654     1.34878000e-04
3.516826     1.34745000e-04
3.517998     1.31549000e-04
3.519171     1.35614000e-04
3.520344     1.73487000e-04
3.521517     1.34109000e-04
3.522691     1.87098000e-04
3.523866     1.57794000e-04
3.525040     1.32622000e-04
3.526215     1.62462000e-04
3.527391     2.00025000e-04
3.528566     1.75247000e-04
3.529743     1.20204000e-04
3.530919     9.21862000e-05
3.532096     9.20201000e-05
3.533273     1.55753000e-04
3.534451     1.53449000e-04
3.535629     1.62945000e-04
3.536808     1.86357000e-04
3.537987     1.56806000e-04
3.539166     1.84694000e-04
3.540346     1.80448000e-04
3.541526     1.73357000e-04
3.542707     1.56200000e-04
3.543887     1.81707000e-04
3.545069     1.28358000e-04
3.546250     1.80699000e-04
3.547433     1.77012000e-04
3.548615     2.10438000e-04
3.549798     1.34938000e-04
3.550981     1.63067000e-04
3.552165     1.98411000e-04
3.553349     1.70430000e-04
3.554533     1.17246000e-04
3.555718     2.03115000e-04
3.556903     1.57151000e-04
3.558089     1.48003000e-04
3.559275     1.67598000e-04
3.560461     1.73129000e-04
3.561648     1.47170000e-04
3.562835     1.60654000e-04
3.564023     1.69880000e-04
3.565211     1.77608000e-04
3.566400     1.86276000e-04
3.567588     1.56269000e-04
3.568778     9.95239000e-05
3.569967     1.20746000e-04
3.571157     1.22162000e-04
3.572347     2.05598000e-04
3.573538     1.17765000e-04
3.574729     2.26986000e-04
3.575921     2.03387000e-04
3.577113     2.05844000e-04
3.578305     1.40415000e-04
3.579498     2.07882000e-04
3.580691     1.99347000e-04
3.581885     2.08090000e-04
3.583079     1.80069000e-04
3.584273     1.60393000e-04
3.585468     1.93419000e-04
3.586663     1.97271000e-04
3.587859     1.84506000e-04
3.589055     1.42670000e-04
3.590251     1.63333000e-04
3.591448     1.97147000e-04
3.592645     1.45664000e-04
3.593842     1.70063000e-04
3.595040     2.13878000e-04
3.596239     1.98361000e-04
3.597437     1.41659000e-04
3.598637     2.23941000e-04
3.599836     1.60068000e-04
3.601036     1.43600000e-04
3.602236     1.77051000e-04
3.603437     1.83497000e-04
3.604638     2.18582000e-04
3.605840     1.79747000e-04
3.607042     1.88806000e-04
3.608244     1.37284000e-04
3.609447     1.38034000e-04
3.610650     1.70388000e-04
3.611854     1.99407000e-04
3.613058     1.40260000e-04
3.614262     2.07535000e-04
3.615467     2.12308000e-04
3.616672     1.99269000e-04
3.617877     2.27920000e-04
3.619083     1.99157000e-04
3.620290     1.68959000e-04
3.621496     2.40590000e-04
3.622704     2.14848000e-04
3.623911     1.44616000e-04
3.625119     1.76964000e-04
3.626328     1.69741000e-04
3.627536     1.52538000e-04
3.628745     2.11957000e-04
3.629955     2.04619000e-04
3.631165     2.10490000e-04
3.632375     1.98147000e-04
3.633586     1.66257000e-04
3.634797     1.76552000e-04
3.636009     2.09458000e-04
3.637221     2.32224000e-04
3.638433     1.97250000e-04
3.639646     1.95406000e-04
3.640859     2.09779000e-04
3.642073     2.69411000e-04
3.643287     2.19092000e-04
3.644502     2.06204000e-04
3.645716     2.33170000e-04
3.646932     2.18708000e-04
3.648147     2.02171000e-04
3.649363     2.13776000e-04
3.650580     2.82799000e-04
3.651797     2.56833000e-04
3.653014     2.80791000e-04
3.654232     2.68968000e-04
3.655450     2.29345000e-04
3.656668     1.94445000e-04
3.657887     2.36423000e-04
3.659106     2.36384000e-04
3.660326     2.19657000e-04
3.661546     1.82348000e-04
3.662767     2.14639000e-04
3.663988     2.04606000e-04
3.665209     1.65836000e-04
3.666431     2.33612000e-04
3.667653     1.71738000e-04
3.668875     2.85160000e-04
3.670098     2.99265000e-04
3.671322     2.12592000e-04
3.672545     2.05687000e-04
3.673770     2.41278000e-04
3.674994     1.69524000e-04
3.676219     2.66639000e-04
3.677445     2.47318000e-04
3.678670     2.56022000e-04
3.679897     2.50120000e-04
3.681123     2.92596000e-04
3.682350     2.34134000e-04
3.683578     2.44422000e-04
3.684806     2.26055000e-04
3.686034     2.97101000e-04
3.687263     1.24326000e-04
3.688492     2.58270000e-04
3.689721     1.99636000e-04
3.690951     2.46009000e-04
3.692181     2.64036000e-04
3.693412     2.45935000e-04
3.694643     2.13050000e-04
3.695875     3.66621000e-04
3.697107     2.09525000e-04
3.698339     2.85595000e-04
3.699572     2.38488000e-04
3.700805     1.73481000e-04
3.702039     2.73181000e-04
3.703273     3.08640000e-04
3.704507     2.64409000e-04
3.705742     3.03072000e-04
3.706977     1.61808000e-04
3.708213     1.99353000e-04
3.709449     3.08878000e-04
3.710685     2.95619000e-04
3.711922     2.74685000e-04
3.713160     1.71109000e-04
3.714397     2.45711000e-04
3.715635     3.01486000e-04
3.716874     3.33410000e-04
3.718113     3.66132000e-04
3.719352     2.49891000e-04
3.720592     2.03154000e-04
3.721832     3.28671000e-04
3.723073     3.21357000e-04
3.724314     3.72412000e-04
3.725555     2.66903000e-04
3.726797     3.11456000e-04
3.728040     1.47641000e-04
3.729282     3.40186000e-04
3.730525     3.11823000e-04
3.731769     2.19194000e-04
3.733013     2.66230000e-04
3.734257     3.88082000e-04
3.735502     2.75884000e-04
3.736747     2.01057000e-04
3.737993     4.40884000e-04
3.739239     2.14238000e-04
3.740485     3.31555000e-04
3.741732     2.50513000e-04
3.742979     2.96465000e-04
3.744227     2.17550000e-04
3.745475     3.04065000e-04
3.746723     4.25770000e-04
3.747972     4.10098000e-04
3.749221     3.18653000e-04
3.750471     3.21952000e-04
3.751721     3.52629000e-04
3.752972     3.59448000e-04
3.754223     4.02198000e-04
3.755474     2.93270000e-04
3.756726     3.26607000e-04
3.757978     3.10619000e-04
3.759231     2.91266000e-04
3.760484     2.72717000e-04
3.761738     3.30250000e-04
3.762992     3.46740000e-04
3.764246     2.80551000e-04
3.765501     2.19176000e-04
3.766756     3.28040000e-04
3.768011     2.86239000e-04
3.769267     2.34567000e-04
3.770524     2.53393000e-04
3.771781     3.57275000e-04
3.773038     3.90645000e-04
3.774296     1.99981000e-04
3.775554     2.57154000e-04
3.776812     5.09567000e-04
3.778071     2.33299000e-04
3.779331     3.76714000e-04
3.780590     2.95882000e-04
3.781851     2.49127000e-04
3.783111     2.26579000e-04
3.784372     2.34748000e-04
3.785634     3.29535000e-04
3.786895     2.32688000e-04
3.788158     3.21971000e-04
3.789421     2.86329000e-04
3.790684     3.53395000e-04
3.791947     1.61640000e-04
3.793211     2.58683000e-04
3.794476     3.37687000e-04
3.795740     2.83911000e-04
3.797006     4.13961000e-04
3.798271     1.60364000e-04
3.799537     3.89623000e-04
3.800804     3.70307000e-04
3.802071     3.88493000e-04
3.803338     3.49229000e-04
3.804606     2.84536000e-04
3.805874     3.21522000e-04
3.807143     4.44444000e-04
3.808412     2.56169000e-04
3.809681     5.02036000e-04
3.810951     3.86152000e-04
3.812222     2.36058000e-04
3.813492     4.43796000e-04
3.814763     4.23115000e-04
3.816035     3.47580000e-04
3.817307     5.20686000e-04
3.818580     3.03511000e-04
3.819852     4.45153000e-04
3.821126     1.84175000e-04
3.822399     3.16062000e-04
3.823673     3.57733000e-04
3.824948     4.91075000e-04
3.826223     4.48857000e-04
3.827498     3.60576000e-04
3.828774     4.54530000e-04
3.830051     4.92581000e-04
3.831327     3.94613000e-04
3.832604     2.96966000e-04
3.833882     3.92746000e-04
3.835160     5.07558000e-04
3.836438     3.44738000e-04
3.837717     4.90972000e-04
3.838996     4.08785000e-04
3.840276     5.41853000e-04
3.841556     2.88602000e-04
3.842837     4.18062000e-04
3.844117     2.68841000e-04
3.845399     4.84624000e-04
3.846681     4.61974000e-04
3.847963     4.90771000e-04
3.849246     6.53990000e-04
3.850529     3.92919000e-04
3.851812     3.56884000e-04
3.853096     5.63225000e-04
3.854380     5.31517000e-04
3.855665     5.65694000e-04
3.856950     3.63040000e-04
3.858236     6.33188000e-04
3.859522     3.66212000e-04
3.860809     4.57625000e-04
3.862096     4.15458000e-04
3.863383     4.73774000e-04
3.864671     5.19146000e-04
3.865959     3.91164000e-04
3.867248     3.27952000e-04
3.868537     3.71273000e-04
3.869826     3.42564000e-04
3.871116     4.44386000e-04
3.872407     4.98824000e-04
3.873697     5.12732000e-04
3.874989     4.63183000e-04
3.876280     4.97113000e-04
3.877572     5.18409000e-04
3.878865     4.66236000e-04
3.880158     6.51898000e-04
3.881451     3.35933000e-04
3.882745     2.88175000e-04
3.884039     3.17817000e-04
3.885334     4.86690000e-04
3.886629     2.61097000e-04
3.887925     4.60865000e-04
3.889221     3.75914000e-04
3.890517     3.52886000e-04
3.891814     2.51473000e-04
3.893111     4.14627000e-04
3.894409     2.94874000e-04
3.895707     5.92265000e-04
3.897006     3.18758000e-04
3.898305     4.81055000e-04
3.899604     3.32674000e-04
3.900904     3.32523000e-04
3.902204     5.68892000e-04
3.903505     1.99137000e-04
3.904806     5.27779000e-04
3.906108     3.56552000e-04
3.907410     7.43972000e-04
3.908712     3.40034000e-04
3.910015     4.02690000e-04
3.911318     4.26422000e-04
3.912622     4.98536000e-04
3.913926     3.79809000e-04
3.915231     4.94612000e-04
3.916536     2.96642000e-04
3.917842     3.13511000e-04
3.919148     4.40741000e-04
3.920454     6.74760000e-04
3.921761     2.96921000e-04
3.923068     5.58445000e-04
3.924376     6.27921000e-04
3.925684     4.39656000e-04
3.926992     3.76174000e-04
3.928301     5.53181000e-04
3.929611     6.50247000e-04
3.930921     4.00725000e-04
3.932231     4.75113000e-04
3.933542     4.60234000e-04
3.934853     4.76839000e-04
3.936165     7.59728000e-04
3.937477     5.45631000e-04
3.938789     3.37247000e-04
3.940102     5.06506000e-04
3.941415     4.49846000e-04
3.942729     7.83900000e-04
3.944043     6.25370000e-04
3.945358     4.06725000e-04
3.946673     5.55034000e-04
3.947989     6.58682000e-04
3.949305     5.44137000e-04
3.950621     6.78549000e-04
3.951938     5.01810000e-04
3.953255     4.12649000e-04
3.954573     4.08804000e-04
3.955891     5.93074000e-04
3.957210     5.26587000e-04
3.958529     6.71720000e-04
3.959849     2.55266000e-04
3.961168     3.21941000e-04
3.962489     5.06042000e-04
3.963810     5.46155000e-04
3.965131     6.53160000e-04
3.966453     4.87507000e-04
3.967775     3.97316000e-04
3.969097     3.46443000e-04
3.970420     4.71805000e-04
3.971744     5.82596000e-04
3.973068     6.57288000e-04
3.974392     4.79128000e-04
3.975717     8.49024000e-04
3.977042     6.22553000e-04
3.978368     5.66896000e-04
3.979694     2.06991000e-04
3.981021     6.03345000e-04
3.982348     4.38842000e-04
3.983675     3.46832000e-04
3.985003     4.60952000e-04
3.986331     9.07956000e-04
3.987660     5.69980000e-04
3.988989     5.46082000e-04
3.990319     7.95119000e-04
3.991649     4.85066000e-04
3.992980     7.69313000e-04
3.994311     4.83920000e-04
3.995642     5.86989000e-04
3.996974     6.36858000e-04
3.998306     7.76171000e-04
3.999639     6.83923000e-04
4.000972     3.48682000e-04
4.002306     4.44437000e-04
4.003640     5.12269000e-04
4.004975     3.10794000e-04
4.006310     7.55564000e-04
4.007645     7.53642000e-04
4.008981     4.51390000e-04
4.010317     5.41144000e-04
4.011654     5.86560000e-04
4.012991     7.51867000e-04
4.014329     6.97469000e-04
4.015667     6.01898000e-04
4.017005     6.89447000e-04
4.018344     6.42191000e-04
4.019684     2.29829000e-04
4.021024     8.39014000e-04
4.022364     8.81271000e-04
4.023705     5.83611000e-04
4.025046     4.04770000e-04
4.026388     4.91579000e-04
4.027730     5.05591000e-04
4.029073     7.41071000e-04
4.030416     6.96320000e-04
4.031759     6.99811000e-04
4.033103     4.61293000e-04
4.034447     6.36226000e-04
4.035792     8.74069000e-04
4.037137     7.53951000e-04
4.038483     7.82903000e-04
4.039829     9.10818000e-04
4.041176     7.98796000e-04
4.042523     7.22795000e-04
4.043870     7.27984000e-04
4.045218     3.69642000e-04
4.046567     2.98190000e-04
4.047916     8.76894000e-04
4.049265     3.32035000e-04
4.050615     7.12695000e-04
4.051965     5.16185000e-04
4.053316     1.03587000e-03
4.054667     5.05876000e-04
4.056018     8.76137000e-04
4.057370     2.80497000e-04
4.058723     7.18757000e-04
4.060076     8.16529000e-04
4.061429     8.19844000e-04
4.062783     3.52143000e-04
4.064137     8.25176000e-04
4.065492     7.32403000e-04
4.066847     7.91165000e-04
4.068203     6.79401000e-04
4.069559     6.67332000e-04
4.070915     9.00921000e-04
4.072272     8.23310000e-04
4.073630     9.29823000e-04
4.074987     5.28209000e-04
4.076346     6.58613000e-04
4.077705     4.46622000e-04
4.079064     8.11303000e-04
4.080423     9.18165000e-04
4.081784     5.81924000e-04
4.083144     5.74912000e-04
4.084505     8.96461000e-04
4.085867     9.42995000e-04
4.087229     5.72242000e-04
4.088591     6.73057000e-04
4.089954     1.00205000e-03
4.091317     4.44580000e-04
4.092681     1.01753000e-03
4.094045     6.50589000e-04
4.095410     3.76783000e-04
4.096775     1.04663000e-03
4.098141     4.74013000e-04
4.099507     9.52008000e-04
4.100873     6.88533000e-04
4.102240     6.56119000e-04
4.103608     9.37875000e-04
4.104976     8.80668000e-04
4.106344     1.00227000e-03
4.107713     2.79707000e-04
4.109082     8.28253000e-04
4.110452     7.31167000e-04
4.111822     1.18058000e-03
4.113192     5.23430000e-04
4.114563     1.05625000e-03
4.115935     3.30306000e-04
4.117307     1.00989000e-03
4.118679     7.09787000e-04
4.120052     5.73026000e-04
4.121426     4.91526000e-04
4.122799     9.78911000e-04
4.124174     8.08993000e-04
4.125548     3.50717000e-04
4.126924     7.89799000e-04
4.128299     9.15801000e-04
4.129675     5.29396000e-04
4.131052     1.03741000e-03
4.132429     7.03355000e-04
4.133806     4.67469000e-04
4.135184     1.12623000e-03
4.136563     7.86847000e-04
4.137942     8.68642000e-04
4.139321     3.10866000e-04
4.140701     8.59517000e-04
4.142081     4.69561000e-04
4.143462     9.83370000e-04
4.144843     8.18817000e-04
4.146224     1.26278000e-03
4.147606     5.18648000e-04
4.148989     3.91145000e-04
4.150372     1.07646000e-03
4.151755     3.85675000e-04
4.153139     1.03208000e-03
4.154524     8.67795000e-04
4.155908     9.97162000e-04
4.157294     7.22250000e-04
4.158680     7.97256000e-04
4.160066     6.38936000e-04
4.161452     9.65020000e-04
4.162840     7.00501000e-04
4.164227     4.16265000e-04
4.165615     7.59551000e-04
4.167004     1.09706000e-03
4.168393     1.01608000e-03
4.169782     9.70349000e-04
4.171172     2.90118000e-04
4.172563     5.38844000e-04
4.173953     8.49832000e-04
4.175345     8.95879000e-04
4.176737     7.64477000e-04
4.178129     7.39923000e-04
4.179522     1.08312000e-03
4.180915     1.17730000e-03
4.182308     9.51594000e-04
4.183702     8.49217000e-04
4.185097     8.90505000e-04
4.186492     3.47520000e-04
4.187888     8.93728000e-04
4.189284     8.76028000e-04
4.190680     7.99296000e-04
4.192077     9.37595000e-04
4.193474     4.48778000e-04
4.194872     7.03739000e-04
4.196270     7.96963000e-04
4.197669     8.68054000e-04
4.199068     5.07341000e-04
4.200468     5.71940000e-04
4.201868     9.52475000e-04
4.203269     9.21264000e-04
4.204670     1.05780000e-03
4.206071     9.20812000e-04
4.207473     4.99931000e-04
4.208876     7.95478000e-04
4.210279     9.68926000e-04
4.211682     5.58371000e-04
4.213086     4.90755000e-04
4.214491     1.03376000e-03
4.215895     7.86125000e-04
4.217301     5.27807000e-04
4.218706     7.93209000e-04
4.220113     7.09672000e-04
4.221519     6.93946000e-04
4.222927     8.03258000e-04
4.224334     6.65941000e-04
4.225742     2.61268000e-04
4.227151     9.13742000e-04
4.228560     5.86705000e-04
4.229969     4.93695000e-04
4.231379     8.77022000e-04
4.232790     8.79185000e-04
4.234201     8.04427000e-04
4.235612     9.03937000e-04
4.237024     4.33682000e-04
4.238436     8.08791000e-04
4.239849     4.59575000e-04
4.241263     7.22406000e-04
4.242676     7.37726000e-04
4.244091     7.45879000e-04
4.245505     1.64326000e-04
4.246920     5.51224000e-04
4.248336     6.61076000e-04
4.249752     2.87328000e-04
4.251169     5.46524000e-04
4.252586     5.34005000e-04
4.254003     5.63864000e-04
4.255421     2.64964000e-04
4.256840     7.40354000e-04
4.258259     9.42968000e-04
4.259678     5.98629000e-04
4.261098     3.51452000e-04
4.262518     7.09048000e-04
4.263939     2.79308000e-04
4.265361     3.79105000e-04
4.266782     5.00352000e-04
4.268205     4.98327000e-04
4.269627     4.47843000e-04
4.271051     8.71958000e-04
4.272474     8.28400000e-04
4.273898     6.15343000e-04
4.275323     5.85201000e-04
4.276748     4.13190000e-04
4.278174     4.68772000e-04
4.279600     3.63860000e-04
4.281026     3.23042000e-04
4.282453     7.45988000e-04
4.283881     7.64484000e-04
4.285309     6.97459000e-04
4.286737     3.42099000e-04
4.288166     7.38246000e-04
4.289596     3.31461000e-04
4.291025     2.83307000e-04
4.292456     1.00500000e-03
4.293887     6.24087000e-04
4.295318     4.94693000e-04
4.296750     8.40406000e-04
4.298182     3.10793000e-04
4.299615     8.40855000e-04
4.301048     5.77767000e-04
4.302481     7.74698000e-04
4.303916     7.15955000e-04
4.305350     7.25745000e-04
4.306785     4.41693000e-04
4.308221     2.06249000e-04
4.309657     6.37194000e-04
4.311094     9.89001000e-04
4.312531     3.04366000e-04
4.313968     5.57588000e-04
4.315406     5.77858000e-04
4.316845     5.08682000e-04
4.318284     8.64950000e-04
4.319723     5.11575000e-04
4.321163     8.97395000e-04
4.322603     3.42047000e-04
4.324044     2.97457000e-04
4.325486     7.90737000e-04
4.326927     1.82225000e-04
4.328370     6.16857000e-04
4.329812     6.55441000e-04
4.331256     2.81532000e-04
4.332699     8.90760000e-04
4.334144     4.67975000e-04
4.335588     7.95126000e-04
4.337034     6.38170000e-04
4.338479     9.09255000e-04
4.339925     6.88894000e-04
4.341372     8.29524000e-04
4.342819     1.53057000e-04
4.344267     5.54808000e-04
4.345715     3.08093000e-04
4.347163     4.63900000e-04
4.348613     8.74644000e-04
4.350062     5.39344000e-04
4.351512     5.74714000e-04
4.352963     8.65404000e-04
4.354414     6.62212000e-04
4.355865     5.40782000e-04
4.357317     6.16092000e-04
4.358769     9.48300000e-04
4.360222     7.66783000e-04
4.361676     9.59895000e-04
4.363130     5.90331000e-04
4.364584     5.22323000e-04
4.366039     6.54196000e-04
4.367494     4.45365000e-04
4.368950     5.49373000e-04
4.370406     2.57096000e-04
4.371863     9.58752000e-04
4.373320     3.06631000e-04
4.374778     8.44779000e-04
4.376237     8.40661000e-04
4.377695     6.59099000e-04
4.379155     7.85971000e-04
4.380614     7.85962000e-04
4.382074     4.37499000e-04
4.383535     8.57840000e-04
4.384996     7.73844000e-04
4.386458     7.35130000e-04
4.387920     5.30786000e-04
4.389383     8.40544000e-04
4.390846     7.11165000e-04
4.392309     8.85460000e-04
4.393774     6.51555000e-04
4.395238     3.20412000e-04
4.396703     2.75813000e-04
4.398169     4.56370000e-04
4.399635     9.14108000e-04
4.401101     3.43244000e-04
4.402568     4.95810000e-04
4.404036     8.83135000e-04
4.405504     7.51463000e-04
4.406973     5.49562000e-04
4.408442     4.33667000e-04
4.409911     8.87236000e-04
4.411381     6.41072000e-04
4.412851     1.05105000e-03
4.414322     6.50656000e-04
4.415794     7.24251000e-04
4.417266     9.45930000e-04
4.418738     7.54626000e-04
4.420211     4.73758000e-04
4.421684     4.66741000e-04
4.423158     3.18452000e-04
4.424633     6.77701000e-04
4.426108     8.78898000e-04
4.427583     6.42291000e-04
4.429059     5.73594000e-04
4.430535     7.25156000e-04
4.432012     9.68019000e-04
4.433489     8.04048000e-04
4.434967     3.58827000e-04
4.436446     9.37560000e-04
4.437924     9.08776000e-04
4.439404     5.85737000e-04
4.440883     8.08118000e-04
4.442364     7.20186000e-04
4.443845     6.05357000e-04
4.445326     5.49164000e-04
4.446808     6.44513000e-04
4.448290     7.89844000e-04
4.449773     7.45326000e-04
4.451256     7.76783000e-04
4.452740     4.09221000e-04
4.454224     3.90365000e-04
4.455709     4.99497000e-04
4.457194     5.18628000e-04
4.458680     7.34138000e-04
4.460166     7.24844000e-04
4.461653     7.48066000e-04
4.463140     5.75163000e-04
4.464627     8.71309000e-04
4.466116     6.45576000e-04
4.467604     8.03414000e-04
4.469094     5.71306000e-04
4.470583     9.07431000e-04
4.472073     5.08479000e-04
4.473564     7.66570000e-04
4.475055     9.80375000e-04
4.476547     7.86987000e-04
4.478039     6.61469000e-04
4.479532     8.93429000e-04
4.481025     8.27004000e-04
4.482519     7.06032000e-04
4.484013     7.04601000e-04
4.485508     8.47018000e-04
4.487003     9.03876000e-04
4.488498     6.82428000e-04
4.489995     6.81758000e-04
4.491491     7.72480000e-04
4.492988     7.48395000e-04
4.494486     6.38248000e-04
4.495984     7.50364000e-04
4.497483     9.41210000e-04
4.498982     8.45378000e-04
4.500482     6.06400000e-04
4.501982     7.32602000e-04
4.503483     7.70429000e-04
4.504984     7.93341000e-04
4.506485     6.86722000e-04
4.507988     6.15755000e-04
4.509490     8.62905000e-04
4.510993     2.40221000e-04
4.512497     7.14348000e-04
4.514001     4.83438000e-04
4.515506     7.19160000e-04
4.517011     9.04126000e-04
4.518517     7.74292000e-04
4.520023     6.12100000e-04
4.521530     3.36284000e-04
4.523037     8.45598000e-04
4.524544     7.86230000e-04
4.526053     4.44729000e-04
4.527561     6.59330000e-04
4.529070     9.41846000e-04
4.530580     8.30318000e-04
4.532090     5.57268000e-04
4.533601     7.64513000e-04
4.535112     8.41961000e-04
4.536624     8.90962000e-04
4.538136     7.06958000e-04
4.539649     7.02958000e-04
4.541162     8.09228000e-04
4.542676     9.04143000e-04
4.544190     8.28017000e-04
4.545705     4.13415000e-04
4.547220     8.75939000e-04
4.548736     8.32468000e-04
4.550252     8.86702000e-04
4.551769     5.07975000e-04
4.553286     7.06765000e-04
4.554804     9.00492000e-04
4.556322     8.98574000e-04
4.557841     7.67385000e-04
4.559360     4.23226000e-04
4.560880     7.93433000e-04
4.562400     9.73381000e-04
4.563921     7.26496000e-04
4.565442     6.97595000e-04
4.566964     7.32774000e-04
4.568486     8.45813000e-04
4.570009     9.43866000e-04
4.571533     8.35961000e-04
4.573056     4.42770000e-04
4.574581     7.67500000e-04
4.576106     5.91146000e-04
4.577631     8.44157000e-04
4.579157     8.39458000e-04
4.580683     5.20573000e-04
4.582210     3.98544000e-04
4.583738     9.33773000e-04
4.585265     9.67649000e-04
4.586794     7.35530000e-04
4.588323     7.27240000e-04
4.589852     1.00389000e-03
4.591382     9.55746000e-04
4.592913     9.18937000e-04
4.594444     6.76459000e-04
4.595975     4.07461000e-04
4.597507     9.00679000e-04
4.599040     1.04530000e-03
4.600573     8.97639000e-04
4.602106     5.15615000e-04
4.603640     8.19144000e-04
4.605175     1.00223000e-03
4.606710     9.44068000e-04
4.608245     9.72630000e-04
4.609781     5.17076000e-04
4.611318     8.24650000e-04
4.612855     3.89939000e-04
4.614393     1.00056000e-03
4.615931     4.63690000e-04
4.617470     4.80912000e-04
4.619009     8.39154000e-04
4.620548     8.43218000e-04
4.622089     8.14589000e-04
4.623629     5.95410000e-04
4.625170     5.48026000e-04
4.626712     7.24992000e-04
4.628254     8.19644000e-04
4.629797     7.49207000e-04
4.631340     7.32826000e-04
4.632884     6.55455000e-04
4.634429     8.69628000e-04
4.635973     1.04673000e-03
4.637519     5.29191000e-04
4.639064     1.10133000e-03
4.640611     7.92932000e-04
4.642158     8.83013000e-04
4.643705     9.57718000e-04
4.645253     8.57649000e-04
4.646801     7.92687000e-04
4.648350     5.07647000e-04
4.649900     8.73216000e-04
4.651450     9.26458000e-04
4.653000     8.28865000e-04
4.654551     1.09223000e-03
4.656103     1.12169000e-03
4.657655     6.42401000e-04
4.659207     8.25178000e-04
4.660760     1.10724000e-03
4.662314     8.91262000e-04
4.663868     1.23555000e-03
4.665423     8.22849000e-04
4.666978     4.90452000e-04
4.668534     1.13126000e-03
4.670090     7.51339000e-04
4.671646     1.23297000e-03
4.673204     9.19350000e-04
4.674761     9.05512000e-04
4.676320     1.05578000e-03
4.677878     1.13406000e-03
4.679438     8.50137000e-04
4.680998     8.91138000e-04
4.682558     4.46571000e-04
4.684119     9.81905000e-04
4.685680     1.19710000e-03
4.687242     1.18012000e-03
4.688804     1.06774000e-03
4.690367     8.79102000e-04
4.691931     8.46264000e-04
4.693495     9.49299000e-04
4.695059     9.08690000e-04
4.696624     1.11871000e-03
4.698190     7.93724000e-04
4.699756     5.54649000e-04
4.701322     9.69432000e-04
4.702890     1.00106000e-03
4.704457     5.47893000e-04
4.706025     1.08301000e-03
4.707594     7.84133000e-04
4.709163     5.27177000e-04
4.710733     5.51965000e-04
4.712303     1.09524000e-03
4.713874     1.13696000e-03
4.715445     9.53608000e-04
4.717017     6.13587000e-04
4.718589     6.38537000e-04
4.720162     8.67253000e-04
4.721736     1.13328000e-03
4.723310     1.13018000e-03
4.724884     9.37584000e-04
4.726459     5.94211000e-04
4.728034     5.32196000e-04
4.729610     8.46570000e-04
4.731187     1.01475000e-03
4.732764     8.71747000e-04
4.734342     9.34771000e-04
4.735920     4.04804000e-04
4.737498     9.28333000e-04
4.739078     1.03821000e-03
4.740657     4.70682000e-04
4.742237     6.94433000e-04
4.743818     8.53608000e-04
4.745399     5.44122000e-04
4.746981     9.65806000e-04
4.748564     4.03481000e-04
4.750146     7.79430000e-04
4.751730     1.10834000e-03
4.753314     8.23248000e-04
4.754898     6.38750000e-04
4.756483     1.00820000e-03
4.758069     1.04019000e-03
4.759655     7.06625000e-04
4.761241     1.00512000e-03
4.762828     7.57511000e-04
4.764416     6.40408000e-04
4.766004     8.03076000e-04
4.767593     8.32033000e-04
4.769182     8.59615000e-04
4.770772     4.56792000e-04
4.772362     8.20242000e-04
4.773953     5.95501000e-04
4.775544     9.45616000e-04
4.777136     7.24925000e-04
4.778728     1.10733000e-03
4.780321     1.11727000e-03
4.781915     8.75487000e-04
4.783509     5.02842000e-04
4.785103     8.07499000e-04
4.786698     1.09250000e-03
4.788294     1.11737000e-03
4.789890     1.00733000e-03
4.791486     8.60475000e-04
4.793084     4.46043000e-04
4.794681     8.59393000e-04
4.796279     1.06043000e-03
4.797878     1.03915000e-03
4.799478     9.93321000e-04
4.801077     1.04129000e-03
4.802678     6.72062000e-04
4.804279     8.44009000e-04
4.805880     1.00545000e-03
4.807482     1.16206000e-03
4.809084     1.07171000e-03
4.810688     9.59715000e-04
4.812291     7.86807000e-04
4.813895     8.39330000e-04
4.815500     8.51378000e-04
4.817105     1.11350000e-03
4.818711     1.19157000e-03
4.820317     7.51982000e-04
4.821924     8.78928000e-04
4.823531     5.95227000e-04
4.825139     4.27857000e-04
4.826747     1.00062000e-03
4.828356     1.02684000e-03
4.829966     1.09836000e-03
4.831576     1.00582000e-03
4.833186     6.94815000e-04
4.834797     8.42893000e-04
4.836409     9.27715000e-04
4.838021     1.15002000e-03
4.839634     1.11573000e-03
4.841247     9.01024000e-04
4.842861     6.07446000e-04
4.844475     6.94135000e-04
4.846090     1.04829000e-03
4.847705     8.13728000e-04
4.849321     4.33192000e-04
4.850937     1.12363000e-03
4.852554     9.35327000e-04
4.854172     7.22697000e-04
4.855790     7.72991000e-04
4.857408     1.03615000e-03
4.859028     1.11370000e-03
4.860647     9.28706000e-04
4.862268     1.04845000e-03
4.863888     7.88862000e-04
4.865510     6.54275000e-04
4.867131     9.72622000e-04
4.868754     9.95719000e-04
4.870377     1.14218000e-03
4.872000     9.86701000e-04
4.873624     8.94097000e-04
4.875249     8.72072000e-04
4.876874     5.77515000e-04
4.878499     1.15905000e-03
4.880126     1.07459000e-03
4.881752     1.13863000e-03
4.883380     1.12245000e-03
4.885007     5.49738000e-04
4.886636     6.49681000e-04
4.888265     8.90457000e-04
4.889894     1.16053000e-03
4.891524     1.01483000e-03
4.893154     9.95801000e-04
4.894785     3.52648000e-04
4.896417     9.64214000e-04
4.898049     5.07195000e-04
4.899682     9.63491000e-04
4.901315     1.08114000e-03
4.902949     1.24118000e-03
4.904583     9.81454000e-04
4.906218     1.06239000e-03
4.907853     8.71913000e-04
4.909489     5.46112000e-04
4.911126     1.10742000e-03
4.912763     1.18700000e-03
4.914401     1.14599000e-03
4.916039     6.36475000e-04
4.917677     1.13330000e-03
4.919317     1.04047000e-03
4.920956     8.53315000e-04
4.922597     4.01298000e-04
4.924238     9.79750000e-04
4.925879     1.03455000e-03
4.927521     1.19973000e-03
4.929163     1.12565000e-03
4.930806     9.66247000e-04
4.932450     8.89294000e-04
4.934094     1.05996000e-03
4.935739     9.53944000e-04
4.937384     1.05555000e-03
4.939030     6.31156000e-04
4.940676     1.19673000e-03
4.942323     9.86569000e-04
4.943971     9.14659000e-04
4.945619     1.16119000e-03
4.947267     1.23066000e-03
4.948916     7.69704000e-04
4.950566     3.67973000e-04
4.952216     1.05680000e-03
4.953867     4.57471000e-04
4.955518     8.61393000e-04
4.957170     1.01917000e-03
4.958822     1.00162000e-03
4.960475     9.49528000e-04
4.962129     1.17003000e-03
4.963783     1.05267000e-03
4.965437     5.53693000e-04
4.967093     7.59058000e-04
4.968748     1.14624000e-03
4.970405     1.02811000e-03
4.972061     1.11797000e-03
4.973719     6.96901000e-04
4.975377     1.00534000e-03
4.977035     4.94167000e-04
4.978694     5.91654000e-04
4.980354     1.04211000e-03
4.982014     1.01077000e-03
4.983674     9.79450000e-04
4.985336     6.10971000e-04
4.986997     1.14123000e-03
4.988660     1.22879000e-03
4.990323     1.01331000e-03
4.991986     1.15101000e-03
4.993650     1.20923000e-03
4.995315     4.45483000e-04
4.996980     5.89353000e-04
4.998645     1.27298000e-03
5.000312     8.96800000e-04
5.001978     1.08340000e-03
5.003646     7.83889000e-04
5.005314     1.07696000e-03
5.006982     7.29479000e-04
5.008651     1.20575000e-03
5.010321     1.21423000e-03
5.011991     9.40493000e-04
5.013661     9.28233000e-04
5.015333     5.61977000e-04
5.017004     5.11921000e-04
5.018677     8.75123000e-04
5.020350     2.47514000e-04
5.022023     1.11979000e-03
5.023697     1.14828000e-03
5.025372     8.59606000e-04
5.027047     1.00835000e-03
5.028722     9.19814000e-04
5.030399     6.10096000e-04
5.032075     1.21329000e-03
5.033753     1.22396000e-03
5.035431     1.10667000e-03
5.037109     1.40182000e-03
5.038788     6.20677000e-04
5.040468     2.90432000e-04
5.042148     1.18446000e-03
5.043829     1.31201000e-03
5.045510     1.12321000e-03
5.047192     7.11304000e-04
5.048874     1.06251000e-03
5.050557     9.87064000e-04
5.052241     1.13854000e-03
5.053925     5.65461000e-04
5.055609     5.78643000e-04
5.057295     1.27856000e-03
5.058980     9.97917000e-04
5.060667     1.20426000e-03
5.062354     6.42395000e-04
5.064041     1.08880000e-03
5.065729     1.08003000e-03
5.067418     1.05302000e-03
5.069107     1.16000000e-03
5.070796     7.47881000e-04
5.072487     8.66134000e-04
5.074178     1.03489000e-03
5.075869     1.10308000e-03
5.077561     6.04423000e-04
5.079253     7.70842000e-04
5.080947     7.90553000e-04
5.082640     3.56428000e-04
5.084334     9.29476000e-04
5.086029     7.72965000e-04
5.087724     1.26661000e-03
5.089420     1.23171000e-03
5.091117     1.15370000e-03
5.092814     1.09354000e-03
5.094512     1.20157000e-03
5.096210     1.27553000e-03
5.097908     1.27980000e-03
5.099608     9.52604000e-04
5.101308     1.34628000e-03
5.103008     5.59537000e-04
5.104709     1.21381000e-03
5.106411     1.13956000e-03
5.108113     5.37240000e-04
5.109815     1.17903000e-03
5.111519     1.09359000e-03
5.113223     1.36194000e-03
5.114927     8.82389000e-04
5.116632     1.25412000e-03
5.118337     8.41534000e-04
5.120044     1.34179000e-03
5.121750     1.44746000e-03
5.123458     1.50543000e-03
5.125165     1.29117000e-03
5.126874     1.20514000e-03
5.128583     5.94898000e-04
5.130292     4.97836000e-04
5.132002     1.16322000e-03
5.133713     1.28443000e-03
5.135424     5.03469000e-04
5.137136     7.88635000e-04
5.138848     5.23227000e-04
5.140561     6.37209000e-04
5.142275     8.42690000e-04
5.143989     9.19699000e-04
5.145704     1.10634000e-03
5.147419     6.84131000e-04
5.149135     7.74876000e-04
5.150851     8.55249000e-04
5.152568     7.30079000e-04
5.154286     1.04039000e-03
5.156004     1.11831000e-03
5.157722     1.22253000e-03
5.159442     1.19752000e-03
5.161161     1.19791000e-03
5.162882     1.02316000e-03
5.164603     8.56781000e-04
5.166324     1.08743000e-03
5.168046     1.16126000e-03
5.169769     9.66957000e-04
5.171492     9.65276000e-04
5.173216     4.69145000e-04
5.174941     1.18092000e-03
5.176665     9.10101000e-04
5.178391     1.28253000e-03
5.180117     7.93409000e-04
5.181844     1.02594000e-03
5.183571     1.16223000e-03
5.185299     6.49903000e-04
5.187027     7.01506000e-04
5.188756     4.94724000e-04
5.190486     1.14387000e-03
5.192216     1.33365000e-03
5.193947     8.01518000e-04
5.195678     7.03678000e-04
5.197410     1.20244000e-03
5.199143     1.14850000e-03
5.200876     6.36008000e-04
5.202609     1.01380000e-03
5.204344     1.29664000e-03
5.206078     9.13803000e-04
5.207814     9.26814000e-04
5.209550     7.57596000e-04
5.211286     9.97179000e-04
5.213023     1.04908000e-03
5.214761     6.88082000e-04
5.216499     1.29762000e-03
5.218238     1.26432000e-03
5.219977     1.14356000e-03
5.221717     9.21815000e-04
5.223458     8.87957000e-04
5.225199     1.24004000e-03
5.226941     1.33414000e-03
5.228683     1.20676000e-03
5.230426     1.47266000e-03
5.232170     1.04402000e-03
5.233914     1.34407000e-03
5.235658     5.79516000e-04
5.237403     7.41374000e-04
5.239149     6.75850000e-04
5.240896     5.86211000e-04
5.242643     9.59376000e-04
5.244390     1.07829000e-03
5.246138     8.07483000e-04
5.247887     1.53603000e-03
5.249636     1.00366000e-03
5.251386     8.76741000e-04
5.253137     1.24655000e-03
5.254888     1.03986000e-03
5.256639     1.07356000e-03
5.258391     7.12122000e-04
5.260144     7.32394000e-04
5.261898     6.25558000e-04
5.263652     5.63516000e-04
5.265406     1.19136000e-03
5.267161     1.19566000e-03
5.268917     5.41805000e-04
5.270673     7.68692000e-04
5.272430     1.35610000e-03
5.274188     1.18014000e-03
5.275946     4.43228000e-04
5.277704     5.86483000e-04
5.279464     1.14466000e-03
5.281223     1.15969000e-03
5.282984     7.99654000e-04
5.284745     1.08608000e-03
5.286506     5.60121000e-04
5.288269     1.13499000e-03
5.290031     1.14488000e-03
5.291795     8.52087000e-04
5.293559     8.44192000e-04
5.295323     6.04358000e-04
5.297088     1.05828000e-03
5.298854     1.32405000e-03
5.300620     1.16137000e-03
5.302387     6.68952000e-04
5.304155     4.41729000e-04
5.305923     1.00081000e-03
5.307691     5.87191000e-04
5.309461     7.72915000e-04
5.311230     9.77579000e-04
5.313001     1.29267000e-03
5.314772     1.26325000e-03
5.316543     6.48441000e-04
5.318316     1.15457000e-03
5.320088     8.71416000e-04
5.321862     5.64722000e-04
5.323636     1.17659000e-03
5.325410     1.38880000e-03
5.327185     7.81689000e-04
5.328961     8.50869000e-04
5.330737     5.64989000e-04
5.332514     1.28311000e-03
5.334292     1.16629000e-03
5.336070     5.50759000e-04
5.337849     9.99735000e-04
5.339628     1.27351000e-03
5.341408     6.39724000e-04
5.343188     1.23786000e-03
5.344969     7.65882000e-04
5.346751     1.23352000e-03
5.348533     1.07102000e-03
5.350316     7.55111000e-04
5.352099     8.53974000e-04
5.353883     7.82542000e-04
5.355668     1.33705000e-03
5.357453     1.03672000e-03
5.359239     1.17715000e-03
5.361026     7.47897000e-04
5.362813     1.24648000e-03
5.364600     5.42556000e-04
5.366388     1.24041000e-03
5.368177     6.98820000e-04
5.369967     1.27079000e-03
5.371757     7.91797000e-04
5.373547     7.95255000e-04
5.375338     1.20729000e-03
5.377130     5.73587000e-04
5.378922     1.15964000e-03
5.380715     7.24519000e-04
5.382509     1.14302000e-03
5.384303     1.11068000e-03
5.386098     1.47713000e-03
5.387893     1.15614000e-03
5.389689     6.16030000e-04
5.391486     1.03399000e-03
5.393283     1.01336000e-03
5.395081     8.44322000e-04
5.396879     1.02841000e-03
5.398678     8.72393000e-04
5.400478     1.19322000e-03
5.402278     5.34385000e-04
5.404079     1.19928000e-03
5.405880     1.16029000e-03
5.407682     1.06788000e-03
5.409484     8.88749000e-04
5.411288     1.06392000e-03
5.413091     5.07869000e-04
5.414896     9.86930000e-04
5.416701     9.50119000e-04
5.418506     9.54440000e-04
5.420312     1.05358000e-03
5.422119     7.90982000e-04
5.423927     8.61920000e-04
5.425735     1.10027000e-03
5.427543     9.12364000e-04
5.429352     1.03154000e-03
5.431162     7.54719000e-04
5.432972     1.27622000e-03
5.434783     1.00547000e-03
5.436595     9.53137000e-04
5.438407     1.15215000e-03
5.440220     7.04533000e-04
5.442033     1.26673000e-03
5.443847     1.21260000e-03
5.445662     1.11155000e-03
5.447477     1.34861000e-03
5.449293     1.16531000e-03
5.451110     8.27645000e-04
5.452927     1.20939000e-03
5.454744     4.07705000e-04
5.456562     1.00730000e-03
5.458381     9.34025000e-04
5.460201     6.59039000e-04
5.462021     8.54747000e-04
5.463842     5.90145000e-04
5.465663     1.28050000e-03
5.467485     1.02092000e-03
5.469307     8.82700000e-04
5.471130     1.14158000e-03
5.472954     1.09830000e-03
5.474778     1.17537000e-03
5.476603     9.76944000e-04
5.478429     3.94554000e-04
5.480255     7.13431000e-04
5.482082     1.18129000e-03
5.483909     8.86085000e-04
5.485737     5.27988000e-04
5.487566     9.49367000e-04
5.489395     1.23000000e-03
5.491225     9.54224000e-04
5.493055     1.15654000e-03
5.494886     8.72741000e-04
5.496718     8.63292000e-04
5.498550     1.22147000e-03
5.500383     1.02691000e-03
5.502216     3.21406000e-04
5.504050     9.63497000e-04
5.505885     1.21641000e-03
5.507720     8.54055000e-04
5.509556     1.16072000e-03
5.511393     5.80805000e-04
5.513230     1.13723000e-03
5.515068     8.61917000e-04
5.516906     1.06287000e-03
5.518745     9.27444000e-04
5.520584     6.43261000e-04
5.522425     9.44773000e-04
5.524265     6.35507000e-04
5.526107     7.03214000e-04
5.527949     8.31773000e-04
5.529792     6.11561000e-04
5.531635     8.50613000e-04
5.533479     1.08612000e-03
5.535323     9.72785000e-04
5.537168     1.01439000e-03
5.539014     9.96487000e-04
5.540860     9.15403000e-04
5.542707     1.11867000e-03
5.544555     1.13803000e-03
5.546403     7.83587000e-04
5.548252     7.75201000e-04
5.550101     9.02644000e-04
5.551951     8.15768000e-04
5.553802     9.35063000e-04
5.555653     9.42772000e-04
5.557505     9.74759000e-04
5.559358     1.02770000e-03
5.561211     8.33381000e-04
5.563064     1.14227000e-03
5.564919     7.75104000e-04
5.566774     9.16378000e-04
5.568629     7.71694000e-04
5.570486     7.90581000e-04
5.572342     8.59867000e-04
5.574200     1.10312000e-03
5.576058     7.36747000e-04
5.577917     8.10850000e-04
5.579776     9.42292000e-04
5.581636     1.00838000e-03
5.583496     6.45027000e-04
5.585358     5.78737000e-04
5.587219     4.35673000e-04
5.589082     9.82916000e-04
5.590945     4.44118000e-04
5.592808     5.99139000e-04
5.594673     8.87214000e-04
5.596538     1.19734000e-03
5.598403     1.01068000e-03
5.600269     8.70181000e-04
5.602136     6.74265000e-04
5.604003     1.02417000e-03
5.605871     5.91725000e-04
5.607740     7.81209000e-04
5.609609     1.15793000e-03
5.611479     1.00584000e-03
5.613350     7.27368000e-04
5.615221     8.31693000e-04
5.617092     1.02095000e-03
5.618965     9.19480000e-04
5.620838     3.76779000e-04
5.622711     8.02957000e-04
5.624586     6.97090000e-04
5.626461     1.12659000e-03
5.628336     1.12968000e-03
5.630212     1.09958000e-03
5.632089     8.57165000e-04
5.633966     7.39210000e-04
5.635844     1.21276000e-03
5.637723     1.22339000e-03
5.639602     8.58402000e-04
5.641482     8.12354000e-04
5.643362     8.02230000e-04
5.645244     8.53495000e-04
5.647125     9.38269000e-04
5.649008     9.52092000e-04
5.650891     6.95679000e-04
5.652774     6.82842000e-04
5.654659     7.59725000e-04
5.656543     8.20598000e-04
5.658429     7.99829000e-04
5.660315     8.75169000e-04
5.662202     5.97885000e-04
5.664089     6.87051000e-04
5.665977     8.58988000e-04
5.667866     8.64082000e-04
5.669755     9.18542000e-04
5.671645     1.35270000e-03
5.673536     7.80288000e-04
5.675427     7.34099000e-04
5.677319     9.35750000e-04
5.679211     8.46671000e-04
5.681104     1.22079000e-03
5.682998     1.05405000e-03
5.684892     9.37213000e-04
5.686787     7.86495000e-04
5.688683     1.21864000e-03
5.690579     7.52852000e-04
5.692476     8.45000000e-04
5.694373     1.05774000e-03
5.696272     9.10271000e-04
5.698170     1.32461000e-03
5.700070     6.71162000e-04
5.701970     1.22415000e-03
5.703870     9.60929000e-04
5.705772     1.11115000e-03
5.707674     7.63533000e-04
5.709576     6.07258000e-04
5.711479     5.66241000e-04
5.713383     9.40824000e-04
5.715288     9.49482000e-04
5.717193     1.08497000e-03
5.719098     6.81527000e-04
5.721005     7.50467000e-04
5.722912     1.07943000e-03
5.724819     1.01014000e-03
5.726728     1.09608000e-03
5.728637     7.34873000e-04
5.730546     8.61849000e-04
5.732456     1.01537000e-03
5.734367     1.00468000e-03
5.736279     9.86618000e-04
5.738191     1.06517000e-03
5.740103     1.27622000e-03
5.742017     1.14081000e-03
5.743931     6.11032000e-04
5.745845     1.27235000e-03
5.747761     6.87204000e-04
5.749677     9.65652000e-04
5.751593     1.17547000e-03
5.753510     9.88414000e-04
5.755428     9.69740000e-04
5.757347     1.24547000e-03
5.759266     8.05194000e-04
5.761186     1.11817000e-03
5.763106     9.50130000e-04
5.765027     7.19612000e-04
5.766949     6.39622000e-04
5.768871     6.75074000e-04
5.770794     8.30903000e-04
5.772718     1.22481000e-03
5.774642     1.13254000e-03
5.776567     9.84182000e-04
5.778492     1.16964000e-03
5.780418     8.88754000e-04
5.782345     8.35073000e-04
5.784273     1.00133000e-03
5.786201     8.23518000e-04
5.788129     1.05579000e-03
5.790059     9.25294000e-04
5.791989     8.78225000e-04
5.793920     9.14116000e-04
5.795851     5.59951000e-04
5.797783     1.20979000e-03
5.799715     7.17744000e-04
5.801649     8.17104000e-04
5.803583     7.56147000e-04
5.805517     1.07085000e-03
5.807452     1.12881000e-03
5.809388     9.87650000e-04
5.811324     8.44679000e-04
5.813262     1.08479000e-03
5.815199     8.16016000e-04
5.817138     7.92594000e-04
5.819077     9.68623000e-04
5.821016     8.12151000e-04
5.822957     7.04942000e-04
5.824898     8.39792000e-04
5.826839     6.41219000e-04
5.828782     8.61843000e-04
5.830725     8.49762000e-04
5.832668     8.44926000e-04
5.834612     8.76428000e-04
5.836557     6.58962000e-04
5.838503     7.56602000e-04
5.840449     8.12873000e-04
5.842396     9.38105000e-04
5.844343     7.17315000e-04
5.846291     8.36356000e-04
5.848240     9.53161000e-04
5.850190     7.82780000e-04
5.852140     9.71915000e-04
5.854090     8.15762000e-04
5.856042     1.13056000e-03
5.857994     9.61394000e-04
5.859946     9.93318000e-04
5.861900     9.12954000e-04
5.863854     1.18100000e-03
5.865808     1.02888000e-03
5.867764     9.49721000e-04
5.869720     8.18778000e-04
5.871676     9.46131000e-04
5.873633     9.89939000e-04
5.875591     7.79681000e-04
5.877550     7.71106000e-04
5.879509     7.46575000e-04
5.881469     1.01546000e-03
5.883429     8.93173000e-04
5.885390     1.14518000e-03
5.887352     7.06151000e-04
5.889315     8.90200000e-04
5.891278     9.92746000e-04
5.893241     9.19206000e-04
5.895206     1.07181000e-03
5.897171     8.72680000e-04
5.899137     1.10121000e-03
5.901103     9.47028000e-04
5.903070     4.71912000e-04
5.905038     1.02982000e-03
5.907006     1.19938000e-03
5.908975     8.79041000e-04
5.910945     8.93301000e-04
5.912915     8.20408000e-04
5.914886     1.09952000e-03
5.916858     8.89394000e-04
5.918830     1.11227000e-03
5.920803     9.75128000e-04
5.922777     6.81964000e-04
5.924751     9.11265000e-04
5.926726     9.70660000e-04
5.928701     8.56538000e-04
5.930678     1.35251000e-03
5.932654     1.09661000e-03
5.934632     9.42852000e-04
5.936610     9.33553000e-04
5.938589     8.22495000e-04
5.940569     1.03089000e-03
5.942549     1.04795000e-03
5.944530     9.11336000e-04
5.946511     7.90706000e-04
5.948493     5.10435000e-04
5.950476     8.36298000e-04
5.952460     1.05656000e-03
5.954444     6.16344000e-04
5.956429     1.11590000e-03
5.958414     1.23709000e-03
5.960400     8.04288000e-04
5.962387     9.39942000e-04
5.964374     1.18206000e-03
5.966363     8.74140000e-04
5.968351     6.80420000e-04
5.970341     1.04816000e-03
5.972331     1.06199000e-03
5.974322     1.20148000e-03
5.976313     8.14628000e-04
5.978305     6.45463000e-04
5.980298     1.17200000e-03
5.982291     1.02872000e-03
5.984286     8.20220000e-04
5.986280     9.66447000e-04
5.988276     1.23349000e-03
5.990272     7.03679000e-04
5.992269     9.63920000e-04
5.994266     7.62080000e-04
5.996264     6.99545000e-04
5.998263     1.46372000e-03
6.000262     9.77738000e-04
6.002262     7.27844000e-04
6.004263     8.22314000e-04
6.006265     1.14904000e-03
6.008267     1.19193000e-03
6.010269     1.06564000e-03
6.012273     1.17732000e-03
6.014277     9.59910000e-04
6.016282     9.02154000e-04
6.018287     9.91854000e-04
6.020293     1.20919000e-03
6.022300     9.68849000e-04
6.024307     1.18060000e-03
6.026315     1.05969000e-03
6.028324     6.64312000e-04
6.030334     6.91291000e-04
6.032344     7.44015000e-04
6.034355     1.00394000e-03
6.036366     1.06418000e-03
6.038378     1.34435000e-03
6.040391     1.17201000e-03
6.042404     8.52947000e-04
6.044419     7.39395000e-04
6.046433     1.12292000e-03
6.048449     7.79088000e-04
6.050465     9.90594000e-04
6.052482     1.00918000e-03
6.054499     6.58727000e-04
6.056517     1.12563000e-03
6.058536     1.06568000e-03
6.060556     1.05413000e-03
6.062576     8.60373000e-04
6.064597     1.12004000e-03
6.066618     5.93432000e-04
6.068641     1.09809000e-03
6.070663     9.25444000e-04
6.072687     9.42838000e-04
6.074711     8.52889000e-04
6.076736     9.44713000e-04
6.078762     1.08204000e-03
6.080788     1.15876000e-03
6.082815     1.07076000e-03
6.084843     1.16815000e-03
6.086871     1.41184000e-03
6.088900     9.27671000e-04
6.090929     1.25432000e-03
6.092960     1.21168000e-03
6.094991     8.08401000e-04
6.097022     1.23425000e-03
6.099055     7.35428000e-04
6.101088     8.10439000e-04
6.103121     1.03039000e-03
6.105156     1.08179000e-03
6.107191     1.12753000e-03
6.109227     1.11600000e-03
6.111263     8.85956000e-04
6.113300     8.81131000e-04
6.115338     1.06349000e-03
6.117376     9.51866000e-04
6.119415     1.21712000e-03
6.121455     6.96953000e-04
6.123496     9.04916000e-04
6.125537     9.51635000e-04
6.127579     8.98549000e-04
6.129621     9.28800000e-04
6.131664     1.05607000e-03
6.133708     1.17585000e-03
6.135753     9.20037000e-04
6.137798     8.49851000e-04
6.139844     1.28658000e-03
6.141891     9.96762000e-04
6.143938     1.00149000e-03
6.145986     9.36486000e-04
6.148035     1.18058000e-03
6.150084     1.07713000e-03
6.152134     1.07321000e-03
6.154185     1.15757000e-03
6.156236     1.01825000e-03
6.158288     6.05564000e-04
6.160341     1.04062000e-03
6.162394     8.25129000e-04
6.164449     1.25878000e-03
6.166503     8.11893000e-04
6.168559     5.48199000e-04
6.170615     9.55839000e-04
6.172672     1.03860000e-03
6.174729     8.75212000e-04
6.176788     9.82761000e-04
6.178847     1.43628000e-03
6.180906     1.17148000e-03
6.182967     9.68299000e-04
6.185028     9.36257000e-04
6.187089     6.52008000e-04
6.189152     1.23998000e-03
6.191215     8.72237000e-04
6.193278     1.18905000e-03
6.195343     9.57584000e-04
6.197408     1.14794000e-03
6.199474     1.12464000e-03
6.201540     1.37394000e-03
6.203607     9.96680000e-04
6.205675     1.18144000e-03
6.207744     1.23091000e-03
6.209813     1.29583000e-03
6.211883     1.11979000e-03
6.213954     1.18463000e-03
6.216025     1.06226000e-03
6.218097     1.20146000e-03
6.220170     9.81930000e-04
6.222243     1.00276000e-03
6.224317     1.00599000e-03
6.226392     7.16387000e-04
6.228467     1.03247000e-03
6.230544     1.26740000e-03
6.232620     9.68547000e-04
6.234698     9.08006000e-04
6.236776     1.17498000e-03
6.238855     9.59085000e-04
6.240935     1.10018000e-03
6.243015     1.25235000e-03
6.245096     1.00524000e-03
6.247178     1.14734000e-03
6.249260     9.67522000e-04
6.251343     1.00875000e-03
6.253427     1.25860000e-03
6.255511     9.53985000e-04
6.257597     1.17825000e-03
6.259682     1.07881000e-03
6.261769     1.16430000e-03
6.263856     9.12024000e-04
6.265944     1.19364000e-03
6.268033     1.19789000e-03
6.270122     1.08276000e-03
6.272212     1.15000000e-03
6.274303     1.14669000e-03
6.276394     1.27219000e-03
6.278487     1.02145000e-03
6.280579     1.05507000e-03
6.282673     7.12210000e-04
6.284767     9.32611000e-04
6.286862     1.21788000e-03
6.288958     1.28035000e-03
6.291054     1.39201000e-03
6.293151     1.02261000e-03
6.295249     1.04598000e-03
6.297347     1.33980000e-03
6.299446     8.89146000e-04
6.301546     8.27570000e-04
6.303647     8.21118000e-04
6.305748     1.07227000e-03
6.307850     1.08803000e-03
6.309952     1.22203000e-03
6.312056     1.17793000e-03
6.314160     1.34961000e-03
6.316264     1.27024000e-03
6.318370     1.20974000e-03
6.320476     1.07987000e-03
6.322583     1.21323000e-03
6.324690     9.80448000e-04
6.326799     9.20369000e-04
6.328907     1.37417000e-03
6.331017     9.10994000e-04
6.333127     1.19199000e-03
6.335238     9.23812000e-04
6.337350     1.32120000e-03
6.339463     1.13714000e-03
6.341576     1.19296000e-03
6.343690     1.08788000e-03
6.345804     1.13463000e-03
6.347920     1.28292000e-03
6.350036     9.51089000e-04
6.352152     1.24188000e-03
6.354270     1.13459000e-03
6.356388     1.26084000e-03
6.358506     1.16221000e-03
6.360626     1.13659000e-03
6.362746     1.03624000e-03
6.364867     8.17351000e-04
6.366989     1.03000000e-03
6.369111     9.39546000e-04
6.371234     1.00532000e-03
6.373358     9.06781000e-04
6.375482     9.14951000e-04
6.377607     8.79455000e-04
6.379733     1.28200000e-03
6.381860     9.33482000e-04
6.383987     1.16624000e-03
6.386115     8.32792000e-04
6.388244     8.30404000e-04
6.390373     8.99060000e-04
6.392503     9.21764000e-04
6.394634     1.25363000e-03
6.396766     1.01052000e-03
6.398898     9.24224000e-04
6.401031     7.59586000e-04
6.403165     1.18063000e-03
6.405299     8.05798000e-04
6.407434     8.70332000e-04
6.409570     9.20566000e-04
6.411707     8.64809000e-04
6.413844     1.04780000e-03
6.415982     8.97888000e-04
6.418120     1.06963000e-03
6.420260     9.18688000e-04
6.422400     1.05234000e-03
6.424541     8.17102000e-04
6.426682     8.81383000e-04
6.428824     9.97079000e-04
6.430967     8.38960000e-04
6.433111     9.15789000e-04
6.435255     1.08726000e-03
6.437400     1.03629000e-03
6.439546     8.39847000e-04
6.441693     1.17949000e-03
6.443840     8.21244000e-04
6.445988     7.09344000e-04
6.448137     1.22225000e-03
6.450286     9.26352000e-04
6.452436     9.12477000e-04
6.454587     8.07314000e-04
6.456738     9.60932000e-04
6.458891     1.05315000e-03
6.461044     9.42847000e-04
6.463197     1.04838000e-03
6.465352     1.21058000e-03
6.467507     1.03201000e-03
6.469663     8.55086000e-04
6.471819     4.34961000e-04
6.473976     8.76815000e-04
6.476134     9.82856000e-04
6.478293     1.00100000e-03
6.480453     7.92295000e-04
6.482613     1.03519000e-03
6.484774     8.92987000e-04
6.486935     9.54742000e-04
6.489098     9.19728000e-04
6.491261     8.58127000e-04
6.493424     1.00843000e-03
6.495589     1.09611000e-03
6.497754     8.33003000e-04
6.499920     1.13275000e-03
6.502087     1.13155000e-03
6.504254     8.69958000e-04
6.506422     1.00243000e-03
6.508591     1.11043000e-03
6.510760     8.19302000e-04
6.512931     9.35852000e-04
6.515102     7.92011000e-04
6.517273     8.58267000e-04
6.519446     9.09052000e-04
6.521619     1.13710000e-03
6.523793     9.04106000e-04
6.525967     9.94789000e-04
6.528143     8.47252000e-04
6.530319     1.11768000e-03
6.532495     1.25236000e-03
6.534673     1.16437000e-03
6.536851     1.06216000e-03
6.539030     1.04433000e-03
6.541210     1.12343000e-03
6.543390     9.90546000e-04
6.545571     1.07022000e-03
6.547753     9.45099000e-04
6.549936     8.64079000e-04
6.552119     1.06467000e-03
6.554303     9.60164000e-04
6.556488     1.00745000e-03
6.558673     1.16333000e-03
6.560860     7.19386000e-04
6.563047     1.00151000e-03
6.565234     1.32852000e-03
6.567423     8.31937000e-04
6.569612     1.07411000e-03
6.571802     1.14122000e-03
6.573992     9.70061000e-04
6.576184     1.14477000e-03
6.578376     8.39048000e-04
6.580568     1.33231000e-03
6.582762     1.22671000e-03
6.584956     8.93589000e-04
6.587151     1.25357000e-03
6.589347     1.22002000e-03
6.591543     1.24748000e-03
6.593741     1.08339000e-03
6.595938     8.76415000e-04
6.598137     6.83845000e-04
6.600336     9.56979000e-04
6.602537     1.23289000e-03
6.604737     1.47486000e-03
6.606939     1.35452000e-03
6.609141     1.40073000e-03
6.611344     1.15919000e-03
6.613548     1.15859000e-03
6.615753     1.05638000e-03
6.617958     1.25808000e-03
6.620164     6.62870000e-04
6.622371     1.04920000e-03
6.624578     4.75372000e-04
6.626786     1.24571000e-03
6.628995     9.11573000e-04
6.631205     4.99562000e-04
6.633415     8.87327000e-04
6.635626     8.69413000e-04
6.637838     1.08844000e-03
6.640051     8.31203000e-04
6.642264     8.05025000e-04
6.644478     1.20625000e-03
6.646693     1.24227000e-03
6.648909     1.50025000e-03
6.651125     1.55377000e-03
6.653342     1.48518000e-03
6.655560     1.26088000e-03
6.657778     1.13853000e-03
6.659998     1.21694000e-03
6.662218     1.50404000e-03
6.664438     9.30355000e-04
6.666660     8.35168000e-04
6.668882     1.41802000e-03
6.671105     7.18099000e-04
6.673329     8.28491000e-04
6.675553     1.34896000e-03
6.677778     1.32507000e-03
6.680004     1.48372000e-03
6.682231     1.16270000e-03
6.684458     1.18861000e-03
6.686687     5.80995000e-04
6.688915     1.03426000e-03
6.691145     1.11231000e-03
6.693375     9.40231000e-04
6.695607     1.38695000e-03
6.697838     9.17630000e-04
6.700071     1.34046000e-03
6.702304     1.21926000e-03
6.704538     1.24151000e-03
6.706773     1.13825000e-03
6.709009     1.26469000e-03
6.711245     1.03632000e-03
6.713482     1.20761000e-03
6.715720     7.35958000e-04
6.717959     1.26630000e-03
6.720198     1.31541000e-03
6.722438     1.14666000e-03
6.724679     1.13336000e-03
6.726921     1.36191000e-03
6.729163     1.08365000e-03
6.731406     1.50913000e-03
6.733650     9.98978000e-04
6.735894     1.30769000e-03
6.738140     1.25168000e-03
6.740386     1.16205000e-03
6.742632     9.74964000e-04
6.744880     1.22783000e-03
6.747128     1.25084000e-03
6.749377     1.13797000e-03
6.751627     1.15301000e-03
6.753878     9.24266000e-04
6.756129     1.30144000e-03
6.758381     1.03140000e-03
6.760634     1.08811000e-03
6.762887     1.13047000e-03
6.765142     1.10134000e-03
6.767397     1.41731000e-03
6.769652     1.13436000e-03
6.771909     1.08101000e-03
6.774166     1.06177000e-03
6.776424     1.06041000e-03
6.778683     1.39379000e-03
6.780943     1.14061000e-03
6.783203     1.17082000e-03
6.785464     1.04349000e-03
6.787726     9.81785000e-04
6.789988     9.77917000e-04
6.792252     1.01821000e-03
6.794516     1.23328000e-03
6.796781     1.01718000e-03
6.799046     1.14751000e-03
6.801313     1.05289000e-03
6.803580     1.25575000e-03
6.805848     1.32376000e-03
6.808116     1.27631000e-03
6.810386     9.12507000e-04
6.812656     1.17732000e-03
6.814927     1.22870000e-03
6.817198     1.26092000e-03
6.819471     1.11461000e-03
6.821744     1.11818000e-03
6.824018     1.37333000e-03
6.826292     8.72813000e-04
6.828568     9.87377000e-04
6.830844     1.25285000e-03
6.833121     1.15100000e-03
6.835399     1.24220000e-03
6.837677     1.19504000e-03
6.839956     1.24850000e-03
6.842236     1.21598000e-03
6.844517     6.97841000e-04
6.846799     1.12068000e-03
6.849081     1.11906000e-03
6.851364     1.08325000e-03
6.853648     1.19888000e-03
6.855932     1.14260000e-03
6.858218     1.08472000e-03
6.860504     1.28651000e-03
6.862790     1.00663000e-03
6.865078     1.11435000e-03
6.867366     1.08889000e-03
6.869656     9.16356000e-04
6.871945     1.05368000e-03
6.874236     1.24257000e-03
6.876527     7.85258000e-04
6.878820     1.17370000e-03
6.881113     1.39734000e-03
6.883406     1.18702000e-03
6.885701     1.15385000e-03
6.887996     1.25354000e-03
6.890292     1.29109000e-03
6.892589     8.85314000e-04
6.894886     1.11548000e-03
6.897185     1.45549000e-03
6.899484     1.24624000e-03
6.901783     1.25451000e-03
6.904084     1.43475000e-03
6.906385     8.11574000e-04
6.908688     9.29477000e-04
6.910990     9.46096000e-04
6.913294     1.05119000e-03
6.915599     1.24434000e-03
6.917904     1.22317000e-03
6.920210     1.14567000e-03
6.922516     1.41377000e-03
6.924824     1.41937000e-03
6.927132     1.13715000e-03
6.929441     8.38143000e-04
6.931751     1.19725000e-03
6.934062     1.29351000e-03
6.936373     7.93416000e-04
6.938685     1.04134000e-03
6.940998     9.29907000e-04
6.943312     9.89488000e-04
6.945626     1.34592000e-03
6.947941     1.14503000e-03
6.950257     8.07122000e-04
6.952574     1.25521000e-03
6.954892     1.41817000e-03
6.957210     1.30997000e-03
6.959529     8.99008000e-04
6.961849     1.04579000e-03
6.964169     1.37703000e-03
6.966491     1.35077000e-03
6.968813     1.30440000e-03
6.971136     9.09822000e-04
6.973460     1.48010000e-03
6.975784     1.29110000e-03
6.978109     1.02969000e-03
6.980435     1.38996000e-03
6.982762     1.06995000e-03
6.985090     1.19207000e-03
6.987418     9.72762000e-04
6.989747     1.31342000e-03
6.992077     1.28355000e-03
6.994408     1.34817000e-03
6.996739     1.07244000e-03
6.999072     1.24923000e-03
7.001405     8.05806000e-04
7.003738     1.45440000e-03
7.006073     1.14690000e-03
7.008408     1.22170000e-03
7.010745     1.22160000e-03
7.013081     1.21509000e-03
7.015419     1.11132000e-03
7.017758     1.24290000e-03
7.020097     9.98468000e-04
7.022437     9.62115000e-04
7.024778     8.13162000e-04
7.027119     1.23848000e-03
7.029462     1.27063000e-03
7.031805     1.12658000e-03
7.034149     1.10750000e-03
7.036494     1.14371000e-03
7.038839     1.29289000e-03
7.041185     8.79036000e-04
7.043532     1.19368000e-03
7.045880     1.04677000e-03
7.048229     1.01058000e-03
7.050578     9.16404000e-04
7.052928     1.16244000e-03
7.055279     1.11915000e-03
7.057631     1.31068000e-03
7.059984     8.49563000e-04
7.062337     1.07373000e-03
7.064691     1.24667000e-03
7.067046     8.88849000e-04
7.069402     9.95540000e-04
7.071758     9.69996000e-04
7.074115     1.17036000e-03
7.076473     1.20525000e-03
7.078832     1.09074000e-03
7.081192     1.17625000e-03
7.083552     1.25792000e-03
7.085914     1.26042000e-03
7.088275     1.40628000e-03
7.090638     1.33392000e-03
7.093002     1.23409000e-03
7.095366     9.30617000e-04
7.097731     1.32895000e-03
7.100097     1.07801000e-03
7.102464     1.09977000e-03
7.104831     1.13996000e-03
7.107200     9.27906000e-04
7.109569     1.21153000e-03
7.111939     8.63310000e-04
7.114309     1.13002000e-03
7.116681     1.20091000e-03
7.119053     1.21601000e-03
7.121426     1.14238000e-03
7.123800     1.29008000e-03
7.126174     1.21547000e-03
7.128550     1.09927000e-03
7.130926     8.04512000e-04
7.133303     1.28860000e-03
7.135681     1.21351000e-03
7.138059     6.43422000e-04
7.140438     8.84129000e-04
7.142819     1.06872000e-03
7.145200     1.00818000e-03
7.147581     1.05667000e-03
7.149964     9.30290000e-04
7.152347     1.08772000e-03
7.154731     1.04765000e-03
7.157116     1.11611000e-03
7.159502     1.33657000e-03
7.161888     1.14348000e-03
7.164276     7.49820000e-04
7.166664     1.13330000e-03
7.169053     1.15739000e-03
7.171442     8.07951000e-04
7.173833     9.67624000e-04
7.176224     9.24339000e-04
7.178616     9.37172000e-04
7.181009     1.05188000e-03
7.183403     1.12842000e-03
7.185797     9.22314000e-04
7.188192     1.05853000e-03
7.190589     9.11514000e-04
7.192985     1.21560000e-03
7.195383     1.09602000e-03
7.197782     1.05116000e-03
7.200181     1.10434000e-03
7.202581     9.55750000e-04
7.204982     6.80476000e-04
7.207383     1.01414000e-03
7.209786     9.70657000e-04
7.212189     1.06841000e-03
7.214593     1.25049000e-03
7.216998     1.09129000e-03
7.219404     1.09603000e-03
7.221810     1.13911000e-03
7.224217     9.35666000e-04
7.226625     9.65721000e-04
7.229034     1.27122000e-03
7.231444     1.03767000e-03
7.233855     1.18119000e-03
7.236266     9.79185000e-04
7.238678     1.03682000e-03
7.241091     1.04290000e-03
7.243504     1.10916000e-03
7.245919     1.12159000e-03
7.248334     9.47657000e-04
7.250750     1.07771000e-03
7.253167     1.20920000e-03
7.255585     1.15392000e-03
7.258004     9.07070000e-04
7.260423     9.31191000e-04
7.262843     1.11159000e-03
7.265264     1.06680000e-03
7.267686     1.01859000e-03
7.270108     7.63545000e-04
7.272532     1.13042000e-03
7.274956     1.10495000e-03
7.277381     1.00431000e-03
7.279807     8.39891000e-04
7.282233     1.07838000e-03
7.284661     1.04514000e-03
7.287089     9.69535000e-04
7.289518     9.68932000e-04
7.291948     1.02796000e-03
7.294378     1.02312000e-03
7.296810     1.09049000e-03
7.299242     9.31025000e-04
7.301675     7.21186000e-04
7.304109     1.08310000e-03
7.306544     9.87619000e-04
7.308979     1.08842000e-03
7.311416     9.56195000e-04
7.313853     1.11884000e-03
7.316291     1.11093000e-03
7.318729     9.81620000e-04
7.321169     9.11170000e-04
7.323609     8.95399000e-04
7.326051     1.04083000e-03
7.328493     1.04967000e-03
7.330935     1.07096000e-03
7.333379     9.14388000e-04
7.335824     8.63995000e-04
7.338269     1.00098000e-03
7.340715     9.94329000e-04
7.343162     9.15057000e-04
7.345610     7.37533000e-04
7.348058     9.28982000e-04
7.350507     1.07905000e-03
7.352958     9.55909000e-04
7.355409     1.18795000e-03
7.357860     1.18225000e-03
7.360313     1.06331000e-03
7.362767     1.10212000e-03
7.365221     1.03183000e-03
7.367676     1.01079000e-03
7.370132     1.06284000e-03
7.372588     1.11056000e-03
7.375046     1.10849000e-03
7.377504     9.12952000e-04
7.379963     9.52917000e-04
7.382423     1.09865000e-03
7.384884     1.07577000e-03
7.387346     1.02788000e-03
7.389808     9.98205000e-04
7.392272     1.07614000e-03
7.394736     1.01323000e-03
7.397201     1.09338000e-03
7.399666     8.56949000e-04
7.402133     9.43382000e-04
7.404600     8.43347000e-04
7.407068     1.00594000e-03
7.409538     1.15536000e-03
7.412007     8.62379000e-04
7.414478     9.59476000e-04
7.416950     1.12775000e-03
7.419422     1.06743000e-03
7.421895     1.02370000e-03
7.424369     8.35826000e-04
7.426844     1.17430000e-03
7.429319     1.04343000e-03
7.431796     1.03715000e-03
7.434273     1.11294000e-03
7.436751     1.05988000e-03
7.439230     9.89443000e-04
7.441710     1.03577000e-03
7.444190     9.33529000e-04
7.446672     1.07863000e-03
7.449154     1.15182000e-03
7.451637     1.08216000e-03
7.454121     1.06937000e-03
7.456606     1.12211000e-03
7.459091     9.75233000e-04
7.461578     1.06706000e-03
7.464065     8.78196000e-04
7.466553     1.05739000e-03
7.469042     1.07630000e-03
7.471531     1.14850000e-03
7.474022     9.26404000e-04
7.476513     1.14848000e-03
7.479005     1.21467000e-03
7.481498     1.04394000e-03
7.483992     1.10854000e-03
7.486487     1.00703000e-03
7.488982     9.84845000e-04
7.491479     1.10647000e-03
7.493976     1.06432000e-03
7.496474     1.05608000e-03
7.498973     1.19952000e-03
7.501472     1.18944000e-03
7.503973     1.05934000e-03
7.506474     1.09252000e-03
7.508976     1.20609000e-03
7.511479     1.18560000e-03
7.513983     1.17558000e-03
7.516488     8.38656000e-04
7.518993     1.04050000e-03
7.521500     1.26401000e-03
7.524007     1.18286000e-03
7.526515     1.14568000e-03
7.529024     1.07523000e-03
7.531533     1.06292000e-03
7.534044     1.05874000e-03
7.536555     9.55228000e-04
7.539067     1.04303000e-03
7.541580     1.05878000e-03
7.544094     8.95766000e-04
7.546609     9.43310000e-04
7.549124     1.13891000e-03
7.551641     1.18687000e-03
7.554158     1.30421000e-03
7.556676     7.39899000e-04
7.559195     1.11077000e-03
7.561715     1.22851000e-03
7.564235     1.34083000e-03
7.566757     1.22944000e-03
7.569279     1.16623000e-03
7.571802     1.31012000e-03
7.574326     1.08781000e-03
7.576851     1.07521000e-03
7.579376     1.06718000e-03
7.581903     6.42607000e-04
7.584430     1.27797000e-03
7.586958     1.02699000e-03
7.589487     6.93478000e-04
7.592017     1.21989000e-03
7.594548     1.00378000e-03
7.597079     1.25705000e-03
7.599612     8.66228000e-04
7.602145     1.02398000e-03
7.604679     1.29782000e-03
7.607214     1.18009000e-03
7.609749     1.19551000e-03
7.612286     1.24790000e-03
7.614823     8.37675000e-04
7.617362     1.06095000e-03
7.619901     8.57593000e-04
7.622441     8.89005000e-04
7.624982     1.17135000e-03
7.627523     1.14548000e-03
7.630066     1.24184000e-03
7.632609     1.36122000e-03
7.635153     1.41580000e-03
7.637698     1.14665000e-03
7.640244     1.22251000e-03
7.642791     1.19484000e-03
7.645339     1.31056000e-03
7.647887     1.23647000e-03
7.650436     1.25463000e-03
7.652987     1.16391000e-03
7.655538     1.29946000e-03
7.658089     1.05457000e-03
7.660642     7.66689000e-04
7.663196     1.10286000e-03
7.665750     9.32585000e-04
7.668305     1.17931000e-03
7.670861     8.71466000e-04
7.673418     1.10613000e-03
7.675976     1.15456000e-03
7.678535     1.31568000e-03
7.681094     1.00137000e-03
7.683655     8.05842000e-04
7.686216     1.14071000e-03
7.688778     8.10284000e-04
7.691341     1.02787000e-03
7.693905     9.76267000e-04
7.696469     1.10081000e-03
7.699035     1.00339000e-03
7.701601     1.04922000e-03
7.704168     1.05328000e-03
7.706736     1.17038000e-03
7.709305     8.70419000e-04
7.711875     1.04661000e-03
7.714446     1.01024000e-03
7.717017     1.21184000e-03
7.719590     1.02690000e-03
7.722163     1.04515000e-03
7.724737     1.01750000e-03
7.727312     1.18376000e-03
7.729887     8.93605000e-04
7.732464     1.04687000e-03
7.735042     8.84371000e-04
7.737620     9.96817000e-04
7.740199     1.02336000e-03
7.742779     1.04687000e-03
7.745360     1.03182000e-03
7.747942     1.04677000e-03
7.750525     9.21384000e-04
7.753108     1.12559000e-03
7.755692     1.05452000e-03
7.758278     1.06129000e-03
7.760864     1.23161000e-03
7.763451     1.04099000e-03
7.766039     1.13797000e-03
7.768627     9.96245000e-04
7.771217     9.97921000e-04
7.773807     1.02141000e-03
7.776398     1.09761000e-03
7.778991     9.82349000e-04
7.781584     1.03790000e-03
7.784177     1.09432000e-03
7.786772     1.08309000e-03
7.789368     1.00469000e-03
7.791964     1.00999000e-03
7.794562     1.09361000e-03
7.797160     1.07627000e-03
7.799759     1.11388000e-03
7.802359     1.07914000e-03
7.804959     8.93640000e-04
7.807561     1.07785000e-03
7.810164     1.07275000e-03
7.812767     1.01633000e-03
7.815371     1.08025000e-03
7.817976     1.14269000e-03
7.820582     1.08640000e-03
7.823189     1.14803000e-03
7.825797     1.16199000e-03
7.828406     9.10781000e-04
7.831015     1.20172000e-03
7.833625     9.34988000e-04
7.836237     1.06356000e-03
7.838849     1.04682000e-03
7.841462     1.10779000e-03
7.844075     1.17723000e-03
7.846690     1.07994000e-03
7.849306     1.09352000e-03
7.851922     1.10071000e-03
7.854539     1.26213000e-03
7.857158     1.15453000e-03
7.859777     1.13748000e-03
7.862397     1.22418000e-03
7.865017     1.22587000e-03
7.867639     1.12976000e-03
7.870262     1.14801000e-03
7.872885     1.16391000e-03
7.875509     1.24443000e-03
7.878134     1.08061000e-03
7.880761     7.99682000e-04
7.883387     1.21175000e-03
7.886015     1.17518000e-03
7.888644     1.17114000e-03
7.891273     1.12455000e-03
7.893904     1.17113000e-03
7.896535     1.16254000e-03
7.899167     1.26918000e-03
7.901800     1.11320000e-03
7.904434     9.20822000e-04
7.907069     1.16980000e-03
7.909705     1.07569000e-03
7.912341     1.27447000e-03
7.914979     1.28441000e-03
7.917617     1.18308000e-03
7.920256     1.18251000e-03
7.922897     1.19706000e-03
7.925537     1.23988000e-03
7.928179     1.07343000e-03
7.930822     1.13857000e-03
7.933466     1.17661000e-03
7.936110     1.26073000e-03
7.938756     1.21574000e-03
7.941402     1.23491000e-03
7.944049     1.13838000e-03
7.946697     1.13563000e-03
7.949346     1.13141000e-03
7.951996     1.34623000e-03
7.954646     1.19899000e-03
7.957298     1.39524000e-03
7.959950     1.30217000e-03
7.962604     1.20732000e-03
7.965258     1.23720000e-03
7.967913     1.24116000e-03
7.970569     1.30663000e-03
7.973226     1.11363000e-03
7.975883     1.18677000e-03
7.978542     1.31910000e-03
7.981202     1.07722000e-03
7.983862     1.15802000e-03
7.986523     1.23213000e-03
7.989185     1.07343000e-03
7.991848     1.06598000e-03
7.994512     1.28124000e-03
7.997177     1.26060000e-03
7.999843     1.22046000e-03
8.002510     1.31166000e-03
8.005177     1.24190000e-03
8.007845     1.30329000e-03
8.010515     1.19304000e-03
8.013185     1.13091000e-03
8.015856     1.14628000e-03
8.018528     1.33271000e-03
8.021201     1.26978000e-03
8.023875     1.22306000e-03
8.026549     1.51220000e-03
8.029225     1.13097000e-03
8.031901     1.27214000e-03
8.034578     1.28968000e-03
8.037257     1.25237000e-03
8.039936     1.31512000e-03
8.042616     1.35218000e-03
8.045297     1.15347000e-03
8.047978     1.02814000e-03
8.050661     9.73929000e-04
8.053344     1.18042000e-03
8.056029     1.19813000e-03
8.058714     1.04283000e-03
8.061401     1.23206000e-03
8.064088     1.54888000e-03
8.066776     1.02995000e-03
8.069465     1.22948000e-03
8.072154     1.12698000e-03
8.074845     1.23342000e-03
8.077537     1.34250000e-03
8.080229     1.22668000e-03
8.082923     9.04607000e-04
8.085617     1.06459000e-03
8.088312     1.26998000e-03
8.091008     1.12444000e-03
8.093705     1.20309000e-03
8.096403     1.22153000e-03
8.099102     1.32245000e-03
8.101802     1.20567000e-03
8.104502     1.23731000e-03
8.107204     1.17948000e-03
8.109906     1.38629000e-03
8.112610     1.20835000e-03
8.115314     1.14500000e-03
8.118019     1.50491000e-03
8.120725     1.58299000e-03
8.123432     1.14683000e-03
8.126140     1.27487000e-03
8.128848     1.31289000e-03
8.131558     9.64906000e-04
8.134268     1.22224000e-03
8.136980     1.24648000e-03
8.139692     1.39816000e-03
8.142405     1.29837000e-03
8.145120     1.33664000e-03
8.147835     1.45531000e-03
8.150550     1.23586000e-03
8.153267     1.37830000e-03
8.155985     1.25569000e-03
8.158704     1.27144000e-03
8.161423     1.41183000e-03
8.164144     1.33292000e-03
8.166865     1.38503000e-03
8.169587     1.47934000e-03
8.172311     1.14531000e-03
8.175035     1.38909000e-03
8.177760     1.06984000e-03
8.180486     9.95827000e-04
8.183213     1.37627000e-03
8.185940     1.44623000e-03
8.188669     1.15770000e-03
8.191398     1.15088000e-03
8.194129     1.42008000e-03
8.196860     1.39803000e-03
8.199593     1.20432000e-03
8.202326     1.03469000e-03
8.205060     1.09898000e-03
8.207795     1.17370000e-03
8.210531     1.29431000e-03
8.213268     1.08288000e-03
8.216005     1.25147000e-03
8.218744     1.38528000e-03
8.221484     1.48460000e-03
8.224224     1.25883000e-03
8.226966     1.42739000e-03
8.229708     1.20318000e-03
8.232451     1.42632000e-03
8.235195     1.03332000e-03
8.237940     1.08952000e-03
8.240686     1.53716000e-03
8.243433     1.21241000e-03
8.246181     1.29106000e-03
8.248930     1.34980000e-03
8.251679     8.95496000e-04
8.254430     1.21834000e-03
8.257181     1.33603000e-03
8.259934     1.27136000e-03
8.262687     1.37004000e-03
8.265441     1.41611000e-03
8.268197     1.36993000e-03
8.270953     1.44971000e-03
8.273710     1.17921000e-03
8.276468     1.29843000e-03
8.279226     1.08858000e-03
8.281986     1.27236000e-03
8.284747     1.15401000e-03
8.287508     1.26066000e-03
8.290271     1.47803000e-03
8.293034     1.31755000e-03
8.295799     1.35749000e-03
8.298564     1.12382000e-03
8.301330     1.26529000e-03
8.304097     1.45782000e-03
8.306865     1.09145000e-03
8.309634     1.32219000e-03
8.312404     1.28200000e-03
8.315175     1.38244000e-03
8.317947     1.37357000e-03
8.320719     1.21771000e-03
8.323493     1.34792000e-03
8.326267     1.34569000e-03
8.329043     1.43283000e-03
8.331819     1.52543000e-03
8.334596     1.26717000e-03
8.337375     1.47538000e-03
8.340154     1.20949000e-03
8.342934     1.49225000e-03
8.345715     1.09163000e-03
8.348497     1.38239000e-03
8.351279     1.29449000e-03
8.354063     1.56150000e-03
8.356848     1.43357000e-03
8.359633     1.46249000e-03
8.362420     1.42322000e-03
8.365207     1.35584000e-03
8.367996     1.36280000e-03
8.370785     1.45875000e-03
8.373575     1.25912000e-03
8.376367     1.37863000e-03
8.379159     1.31445000e-03
8.381952     1.55101000e-03
8.384746     1.40697000e-03
8.387541     1.25632000e-03
8.390337     1.47045000e-03
8.393133     1.41726000e-03
8.395931     1.16957000e-03
8.398730     1.43353000e-03
8.401529     1.52054000e-03
8.404330     1.25055000e-03
8.407131     1.45421000e-03
8.409934     1.10682000e-03
8.412737     1.30745000e-03
8.415541     1.33487000e-03
8.418346     1.38777000e-03
8.421152     1.43477000e-03
8.423960     1.30109000e-03
8.426768     1.47676000e-03
8.429576     1.22568000e-03
8.432386     1.13286000e-03
8.435197     1.30912000e-03
8.438009     1.50775000e-03
8.440822     1.19879000e-03
8.443635     1.37305000e-03
8.446450     1.62750000e-03
8.449265     1.67495000e-03
8.452082     1.34044000e-03
8.454899     1.42113000e-03
8.457717     1.07765000e-03
8.460536     1.62393000e-03
8.463357     1.63725000e-03
8.466178     1.69884000e-03
8.469000     1.47228000e-03
8.471823     1.29343000e-03
8.474647     1.45673000e-03
8.477472     1.67329000e-03
8.480297     1.27670000e-03
8.483124     1.47534000e-03
8.485952     1.42045000e-03
8.488781     1.59977000e-03
8.491610     1.42600000e-03
8.494441     1.52797000e-03
8.497272     1.21671000e-03
8.500105     1.68279000e-03
8.502938     1.32528000e-03
8.505772     1.51633000e-03
8.508608     1.60020000e-03
8.511444     1.66561000e-03
8.514281     1.23562000e-03
8.517119     1.48490000e-03
8.519958     1.23744000e-03
8.522798     1.58297000e-03
8.525639     1.19967000e-03
8.528481     1.53392000e-03
8.531324     1.44391000e-03
8.534167     1.41459000e-03
8.537012     1.33114000e-03
8.539858     1.27358000e-03
8.542704     1.51737000e-03
8.545552     1.26223000e-03
8.548401     1.35885000e-03
8.551250     1.56141000e-03
8.554100     1.61522000e-03
8.556952     1.46414000e-03
8.559804     1.64496000e-03
8.562657     1.48075000e-03
8.565512     1.26952000e-03
8.568367     1.23547000e-03
8.571223     1.44813000e-03
8.574080     1.55651000e-03
8.576938     1.47519000e-03
8.579797     1.58093000e-03
8.582657     1.46283000e-03
8.585518     1.54333000e-03
8.588380     1.14329000e-03
8.591242     1.82602000e-03
8.594106     1.43835000e-03
8.596971     1.45321000e-03
8.599837     1.82029000e-03
8.602703     1.52106000e-03
8.605571     1.64307000e-03
8.608439     1.31850000e-03
8.611309     1.79852000e-03
8.614179     1.50228000e-03
8.617051     1.60592000e-03
8.619923     1.09302000e-03
8.622796     1.43713000e-03
8.625670     1.26708000e-03
8.628546     1.37351000e-03
8.631422     1.31812000e-03
8.634299     1.34936000e-03
8.637177     1.40797000e-03
8.640056     1.46196000e-03
8.642936     1.30494000e-03
8.645817     1.26046000e-03
8.648699     1.74670000e-03
8.651582     1.72420000e-03
8.654466     1.31843000e-03
8.657351     1.55518000e-03
8.660236     1.55716000e-03
8.663123     1.66430000e-03
8.666011     1.32576000e-03
8.668900     1.66118000e-03
8.671789     1.52520000e-03
8.674680     1.78493000e-03
8.677571     1.55946000e-03
8.680464     1.71082000e-03
8.683357     1.63022000e-03
8.686252     1.58893000e-03
8.689147     1.53560000e-03
8.692044     1.36528000e-03
8.694941     1.52340000e-03
8.697839     1.71474000e-03
8.700739     1.09470000e-03
8.703639     1.53230000e-03
8.706540     1.53368000e-03
8.709442     1.31065000e-03
8.712345     1.52044000e-03
8.715249     1.54374000e-03
8.718155     1.97776000e-03
8.721061     1.71347000e-03
8.723968     1.86508000e-03
8.726876     1.86838000e-03
8.729785     1.77017000e-03
8.732695     1.61794000e-03
8.735605     1.56952000e-03
8.738517     1.44429000e-03
8.741430     1.56207000e-03
8.744344     1.78011000e-03
8.747259     1.55266000e-03
8.750174     1.82037000e-03
8.753091     1.72359000e-03
8.756009     1.24458000e-03
8.758928     1.76222000e-03
8.761847     1.81600000e-03
8.764768     2.06656000e-03
8.767689     1.82054000e-03
8.770612     1.85293000e-03
8.773536     1.51764000e-03
8.776460     1.72734000e-03
8.779386     1.30145000e-03
8.782312     1.56907000e-03
8.785239     1.22100000e-03
8.788168     1.41328000e-03
8.791097     1.94517000e-03
8.794028     1.49065000e-03
8.796959     1.31914000e-03
8.799891     1.34698000e-03
8.802825     1.69666000e-03
8.805759     1.53233000e-03
8.808694     2.10151000e-03
8.811630     1.56274000e-03
8.814568     2.09834000e-03
8.817506     1.30892000e-03
8.820445     1.42030000e-03
8.823385     1.77954000e-03
8.826326     2.00733000e-03
8.829268     1.86188000e-03
8.832211     1.94559000e-03
8.835155     1.46105000e-03
8.838100     1.62777000e-03
8.841046     1.95270000e-03
8.843994     1.86414000e-03
8.846942     1.28873000e-03
8.849890     1.92384000e-03
8.852840     1.31856000e-03
8.855791     2.03064000e-03
8.858743     1.96776000e-03
8.861696     1.76475000e-03
8.864650     1.94344000e-03
8.867605     1.90406000e-03
8.870561     1.93147000e-03
8.873518     1.83125000e-03
8.876476     1.26983000e-03
8.879434     1.97117000e-03
8.882394     1.42878000e-03
8.885355     1.79602000e-03
8.888317     1.62394000e-03
8.891280     1.44061000e-03
8.894243     2.16476000e-03
8.897208     1.64793000e-03
8.900174     1.79088000e-03
8.903141     1.38366000e-03
8.906108     1.56248000e-03
8.909077     1.93242000e-03
8.912047     1.61673000e-03
8.915017     1.54296000e-03
8.917989     2.01111000e-03
8.920962     1.49623000e-03
8.923935     2.00685000e-03
8.926910     2.16702000e-03
8.929886     1.78702000e-03
8.932862     1.49162000e-03
8.935840     1.60413000e-03
8.938818     2.02518000e-03
8.941798     1.36404000e-03
8.944779     1.80827000e-03
8.947760     1.67718000e-03
8.950743     1.87550000e-03
8.953726     1.60625000e-03
8.956711     1.87154000e-03
8.959697     2.06819000e-03
8.962683     1.45007000e-03
8.965671     1.58407000e-03
8.968659     1.40395000e-03
8.971649     1.80180000e-03
8.974639     1.56372000e-03
8.977631     1.95384000e-03
8.980623     1.72975000e-03
8.983617     1.84836000e-03
8.986612     1.69153000e-03
8.989607     1.80502000e-03
8.992604     1.84471000e-03
8.995601     2.00641000e-03
8.998600     1.69763000e-03
9.001599     2.08952000e-03
9.004600     1.55159000e-03
9.007601     1.54097000e-03
9.010604     2.00159000e-03
9.013607     2.01999000e-03
9.016612     1.93396000e-03
9.019617     1.87207000e-03
9.022624     1.56282000e-03
9.025631     1.99161000e-03
9.028640     2.15354000e-03
9.031650     1.89621000e-03
9.034660     1.85820000e-03
9.037672     1.96016000e-03
9.040684     1.76025000e-03
9.043698     2.35239000e-03
9.046712     2.07785000e-03
9.049728     2.18929000e-03
9.052745     2.18228000e-03
9.055762     1.73651000e-03
9.058781     1.30256000e-03
9.061800     1.97185000e-03
9.064821     2.00732000e-03
9.067842     2.23498000e-03
9.070865     1.69984000e-03
9.073889     2.14219000e-03
9.076913     2.40844000e-03
9.079939     1.74815000e-03
9.082966     1.70401000e-03
9.085993     2.32030000e-03
9.089022     2.06543000e-03
9.092052     1.95233000e-03
9.095082     1.64649000e-03
9.098114     2.26434000e-03
9.101147     1.97160000e-03
9.104180     2.35667000e-03
9.107215     1.42838000e-03
9.110251     2.37936000e-03
9.113288     1.43897000e-03
9.116325     2.35741000e-03
9.119364     2.30238000e-03
9.122404     1.85577000e-03
9.125445     1.33901000e-03
9.128487     1.48525000e-03
9.131529     2.19405000e-03
9.134573     1.98260000e-03
9.137618     1.64287000e-03
9.140664     2.48495000e-03
9.143711     2.11996000e-03
9.146759     1.81443000e-03
9.149808     2.27455000e-03
9.152858     2.05025000e-03
9.155909     2.11818000e-03
9.158961     2.15949000e-03
9.162014     2.33483000e-03
9.165068     1.82422000e-03
9.168123     2.29675000e-03
9.171179     2.12864000e-03
9.174236     1.50582000e-03
9.177294     2.42542000e-03
9.180353     1.73992000e-03
9.183413     1.67071000e-03
9.186474     2.30613000e-03
9.189536     2.49121000e-03
9.192599     1.96140000e-03
9.195664     2.25931000e-03
9.198729     2.31495000e-03
9.201795     2.58144000e-03
9.204862     2.23286000e-03
9.207931     2.57418000e-03
9.211000     2.20871000e-03
9.214070     2.17395000e-03
9.217142     2.50579000e-03
9.220214     1.70627000e-03
9.223287     2.54384000e-03
9.226362     1.35635000e-03
9.229437     2.21585000e-03
9.232514     2.40783000e-03
9.235591     2.41276000e-03
9.238670     2.34891000e-03
9.241749     1.99130000e-03
9.244830     2.41095000e-03
9.247912     1.94475000e-03
9.250994     1.51206000e-03
9.254078     2.08070000e-03
9.257163     1.63617000e-03
9.260248     1.81484000e-03
9.263335     1.42587000e-03
9.266423     2.22492000e-03
9.269512     2.72234000e-03
9.272601     2.39477000e-03
9.275692     1.91849000e-03
9.278784     2.05860000e-03
9.281877     2.14549000e-03
9.284971     2.34011000e-03
9.288066     2.23483000e-03
9.291162     2.07420000e-03
9.294259     2.30299000e-03
9.297357     2.25850000e-03
9.300456     2.47526000e-03
9.303557     2.52136000e-03
9.306658     2.37045000e-03
9.309760     2.07108000e-03
9.312863     1.64829000e-03
9.315968     2.50354000e-03
9.319073     2.03500000e-03
9.322179     2.45392000e-03
9.325287     2.54369000e-03
9.328395     2.71046000e-03
9.331504     1.86090000e-03
9.334615     2.32350000e-03
9.337727     1.74874000e-03
9.340839     2.44604000e-03
9.343953     2.44517000e-03
9.347067     1.98231000e-03
9.350183     2.54089000e-03
9.353300     2.24819000e-03
9.356418     2.78068000e-03
9.359536     2.42458000e-03
9.362656     1.97766000e-03
9.365777     2.29862000e-03
9.368899     2.37649000e-03
9.372022     2.22320000e-03
9.375146     2.55127000e-03
9.378271     2.38991000e-03
9.381397     2.31837000e-03
9.384524     1.39918000e-03
9.387652     2.18522000e-03
9.390782     2.28437000e-03
9.393912     2.80194000e-03
9.397043     2.14039000e-03
9.400176     2.38552000e-03
9.403309     2.14559000e-03
9.406443     2.13843000e-03
9.409579     2.46357000e-03
9.412715     2.70244000e-03
9.415853     2.48023000e-03
9.418992     2.41566000e-03
9.422131     2.35107000e-03
9.425272     2.41636000e-03
9.428414     1.63256000e-03
9.431557     2.56589000e-03
9.434700     2.39376000e-03
9.437845     1.77331000e-03
9.440991     1.91608000e-03
9.444138     1.89239000e-03
9.447286     2.34565000e-03
9.450435     2.36865000e-03
9.453586     2.18238000e-03
9.456737     1.69214000e-03
9.459889     2.59137000e-03
9.463042     2.30153000e-03
9.466197     2.63760000e-03
9.469352     2.08411000e-03
9.472508     2.44528000e-03
9.475666     2.46851000e-03
9.478824     2.17288000e-03
9.481984     1.97426000e-03
9.485145     2.71892000e-03
9.488306     2.11320000e-03
9.491469     1.79978000e-03
9.494633     2.41317000e-03
9.497798     2.71288000e-03
9.500964     2.64613000e-03
9.504131     2.41259000e-03
9.507299     2.55825000e-03
9.510468     2.69440000e-03
9.513638     1.74550000e-03
9.516809     2.12950000e-03
9.519982     2.29256000e-03
9.523155     2.05577000e-03
9.526329     2.49947000e-03
9.529505     1.46389000e-03
9.532681     2.40276000e-03
9.535859     2.52303000e-03
9.539037     2.75777000e-03
9.542217     2.88052000e-03
9.545398     2.98223000e-03
9.548580     2.67246000e-03
9.551763     2.75300000e-03
9.554946     2.61820000e-03
9.558131     2.54100000e-03
9.561318     2.78535000e-03
9.564505     2.02133000e-03
9.567693     2.44165000e-03
9.570882     2.52590000e-03
9.574072     2.90483000e-03
9.577264     2.86249000e-03
9.580456     1.87305000e-03
9.583650     2.17618000e-03
9.586844     2.05777000e-03
9.590040     2.91839000e-03
9.593236     2.62770000e-03
9.596434     1.91507000e-03
9.599633     2.47031000e-03
9.602833     2.23656000e-03
9.606034     2.80646000e-03
9.609236     2.53269000e-03
9.612439     2.67510000e-03
9.615643     2.79936000e-03
9.618848     2.42898000e-03
9.622055     2.43601000e-03
9.625262     2.16550000e-03
9.628470     1.94813000e-03
9.631680     1.65286000e-03
9.634890     2.74900000e-03
9.638102     2.27011000e-03
9.641315     2.94817000e-03
9.644528     2.00288000e-03
9.647743     2.41947000e-03
9.650959     2.78199000e-03
9.654176     2.81551000e-03
9.657394     2.15107000e-03
9.660613     2.61313000e-03
9.663834     2.79097000e-03
9.667055     2.83162000e-03
9.670277     3.04284000e-03
9.673501     1.40279000e-03
9.676725     2.66010000e-03
9.679951     2.55063000e-03
9.683177     1.88305000e-03
9.686405     2.91728000e-03
9.689634     2.81784000e-03
9.692864     2.57042000e-03
9.696095     2.89238000e-03
9.699327     2.50835000e-03
9.702560     2.75058000e-03
9.705794     2.75658000e-03
9.709029     2.61506000e-03
9.712266     2.70325000e-03
9.715503     2.94054000e-03
9.718742     2.70481000e-03
9.721981     2.15252000e-03
9.725222     2.43584000e-03
9.728464     2.89656000e-03
9.731706     3.00089000e-03
9.734950     2.80290000e-03
9.738195     2.67126000e-03
9.741441     2.33842000e-03
9.744688     2.21886000e-03
9.747937     2.93565000e-03
9.751186     2.72527000e-03
9.754436     2.52707000e-03
9.757688     1.81061000e-03
9.760940     3.08079000e-03
9.764194     2.79389000e-03
9.767449     2.86936000e-03
9.770705     2.78711000e-03
9.773962     2.90790000e-03
9.777220     2.84137000e-03
9.780479     2.71905000e-03
9.783739     1.82676000e-03
9.787000     2.91779000e-03
9.790262     2.94349000e-03
9.793526     2.91490000e-03
9.796790     2.73233000e-03
9.800056     2.33051000e-03
9.803323     2.78344000e-03
9.806590     2.70103000e-03
9.809859     2.90826000e-03
9.813129     2.07488000e-03
9.816400     2.00273000e-03
9.819672     2.34801000e-03
9.822946     2.57052000e-03
9.826220     2.30740000e-03
9.829495     2.73553000e-03
9.832772     3.06181000e-03
9.836049     2.57390000e-03
9.839328     2.78346000e-03
9.842608     3.03211000e-03
9.845889     3.17784000e-03
9.849171     2.75505000e-03
9.852454     2.62442000e-03
9.855738     2.71016000e-03
9.859023     2.66229000e-03
9.862309     2.89471000e-03
9.865597     3.02637000e-03
9.868885     2.62408000e-03
9.872175     2.97640000e-03
9.875466     2.78880000e-03
9.878758     2.81413000e-03
9.882051     2.67051000e-03
9.885345     1.83969000e-03
9.888640     2.32264000e-03
9.891936     1.99534000e-03
9.895233     1.94606000e-03
9.898532     2.36605000e-03
9.901831     2.70701000e-03
9.905132     2.52053000e-03
9.908433     2.68946000e-03
9.911736     2.07999000e-03
9.915040     2.51059000e-03
9.918345     3.00653000e-03
9.921651     2.78742000e-03
9.924958     2.31969000e-03
9.928267     1.88622000e-03
9.931576     2.83391000e-03
9.934887     2.94330000e-03
9.938198     3.12031000e-03
9.941511     2.77720000e-03
9.944825     3.05292000e-03
9.948140     3.00668000e-03
9.951456     2.20042000e-03
9.954773     3.11692000e-03
9.958091     2.73316000e-03
9.961411     3.13554000e-03
9.964731     2.81719000e-03
9.968053     3.10411000e-03
9.971375     2.07676000e-03
9.974699     2.71711000e-03
9.978024     3.21672000e-03
9.981350     2.68487000e-03
9.984677     2.77327000e-03
9.988005     2.59693000e-03
9.991335     2.89235000e-03
9.994665     3.05964000e-03
9.997997     2.42054000e-03
10.001330     3.27247000e-03
10.004663     3.10298000e-03
10.007998     3.09438000e-03
10.011334     2.19024000e-03
10.014671     2.70330000e-03
10.018009     3.10528000e-03
10.021349     2.25231000e-03
10.024689     2.82113000e-03
10.028031     2.42546000e-03
10.031374     2.82515000e-03
10.034717     2.95752000e-03
10.038062     3.10644000e-03
10.041408     2.75384000e-03
10.044755     2.02377000e-03
10.048104     1.81126000e-03
10.051453     2.60376000e-03
10.054804     2.57943000e-03
10.058155     2.31735000e-03
10.061508     2.98320000e-03
10.064862     2.96940000e-03
10.068217     2.92511000e-03
10.071573     2.51986000e-03
10.074930     2.82227000e-03
10.078288     2.67992000e-03
10.081648     2.62993000e-03
10.085008     2.80769000e-03
10.088370     2.25744000e-03
10.091733     2.14184000e-03
10.095097     2.95962000e-03
10.098462     3.04729000e-03
10.101828     2.80446000e-03
10.105195     2.90281000e-03
10.108563     3.06658000e-03
10.111933     2.50947000e-03
10.115303     2.85018000e-03
10.118675     3.06604000e-03
10.122048     3.25693000e-03
10.125422     2.97956000e-03
10.128797     2.79851000e-03
10.132174     3.12382000e-03
10.135551     3.21796000e-03
10.138929     3.32268000e-03
10.142309     3.05821000e-03
10.145690     2.79621000e-03
10.149072     2.80555000e-03
10.152455     3.09132000e-03
10.155839     3.02975000e-03
10.159224     3.19338000e-03
10.162611     2.45830000e-03
10.165998     2.76273000e-03
10.169387     2.66667000e-03
10.172777     2.28670000e-03
10.176168     3.11753000e-03
10.179560     3.19175000e-03
10.182953     2.86848000e-03
10.186347     2.74647000e-03
10.189743     2.36508000e-03
10.193139     2.99700000e-03
10.196537     3.27338000e-03
10.199936     2.85165000e-03
10.203336     3.25510000e-03
10.206737     2.86485000e-03
10.210139     3.08682000e-03
10.213543     2.84970000e-03
10.216947     2.84525000e-03
10.220353     3.04094000e-03
10.223759     3.25462000e-03
10.227167     2.72541000e-03
10.230576     2.06073000e-03
10.233987     3.17604000e-03
10.237398     1.88763000e-03
10.240810     2.01451000e-03
10.244224     2.64770000e-03
10.247639     3.14307000e-03
10.251055     2.87502000e-03
10.254472     3.34233000e-03
10.257890     3.34183000e-03
10.261309     2.96032000e-03
10.264729     2.54416000e-03
10.268151     2.88799000e-03
10.271574     2.75230000e-03
10.274998     1.88585000e-03
10.278423     2.98138000e-03
10.281849     2.74581000e-03
10.285276     2.81293000e-03
10.288704     2.96733000e-03
10.292134     2.32525000e-03
10.295565     2.13976000e-03
10.298997     3.21500000e-03
10.302430     2.58186000e-03
10.305864     2.78439000e-03
10.309299     3.18357000e-03
10.312736     3.17510000e-03
10.316173     2.97122000e-03
10.319612     2.25740000e-03
10.323052     3.17403000e-03
10.326493     2.99423000e-03
10.329935     2.53468000e-03
10.333378     1.54270000e-03
10.336823     1.78815000e-03
10.340268     2.92818000e-03
10.343715     3.00044000e-03
10.347163     3.10429000e-03
10.350612     2.91252000e-03
10.354062     2.60015000e-03
10.357513     2.64715000e-03
10.360966     2.53125000e-03
10.364420     2.84141000e-03
10.367874     2.81375000e-03
10.371330     3.18555000e-03
10.374788     2.18151000e-03
10.378246     1.87129000e-03
10.381705     2.28902000e-03
10.385166     2.36202000e-03
10.388628     3.08064000e-03
10.392090     2.28095000e-03
10.395554     2.83261000e-03
10.399020     2.83729000e-03
10.402486     2.68966000e-03
10.405954     2.20687000e-03
10.409422     2.34008000e-03
10.412892     2.58470000e-03
10.416363     1.95638000e-03
10.419835     2.91730000e-03
10.423308     2.48982000e-03
10.426783     2.55237000e-03
10.430258     2.71432000e-03
10.433735     2.99894000e-03
10.437213     3.01395000e-03
10.440692     3.05412000e-03
10.444172     3.23795000e-03
10.447654     3.19762000e-03
10.451136     2.73671000e-03
10.454620     2.17694000e-03
10.458105     2.03332000e-03
10.461591     2.12471000e-03
10.465078     2.77801000e-03
10.468566     2.78325000e-03
10.472056     2.51065000e-03
10.475547     1.88208000e-03
10.479038     2.42829000e-03
10.482532     2.95909000e-03
10.486026     2.84364000e-03
10.489521     2.42661000e-03
10.493018     2.45539000e-03
10.496515     2.15908000e-03
10.500014     1.77800000e-03
10.503514     3.09781000e-03
10.507015     2.46767000e-03
10.510518     3.05061000e-03
10.514021     3.10267000e-03
10.517526     3.28888000e-03
10.521031     2.48240000e-03
10.524539     3.16823000e-03
10.528047     2.19302000e-03
10.531556     1.43782000e-03
10.535067     2.29151000e-03
10.538578     2.95461000e-03
10.542091     3.04262000e-03
10.545605     1.41024000e-03
10.549120     2.39169000e-03
10.552637     2.81219000e-03
10.556154     2.52175000e-03
10.559673     2.78989000e-03
10.563193     2.84410000e-03
10.566714     2.00748000e-03
10.570236     2.89320000e-03
10.573760     2.67355000e-03
10.577284     1.67784000e-03
10.580810     3.00449000e-03
10.584337     2.67675000e-03
10.587865     2.94696000e-03
10.591394     2.53928000e-03
10.594925     1.70185000e-03
10.598456     3.19498000e-03
10.601989     3.15562000e-03
10.605523     2.76898000e-03
10.609058     2.95247000e-03
10.612595     2.86545000e-03
10.616132     3.02451000e-03
10.619671     2.59333000e-03
10.623211     2.07504000e-03
10.626752     1.44476000e-03
10.630294     2.75118000e-03
10.633838     3.03611000e-03
10.637382     2.75931000e-03
10.640928     2.23695000e-03
10.644475     2.80890000e-03
10.648023     3.24537000e-03
10.651573     2.96548000e-03
10.655123     2.89392000e-03
10.658675     3.13844000e-03
10.662228     2.96647000e-03
10.665782     3.13885000e-03
10.669337     1.74305000e-03
10.672893     1.98315000e-03
10.676451     3.10602000e-03
10.680010     3.16361000e-03
10.683570     3.11792000e-03
10.687131     2.73364000e-03
10.690693     3.35642000e-03
10.694257     3.15354000e-03
10.697822     3.31664000e-03
10.701388     3.30855000e-03
10.704955     3.14100000e-03
10.708523     2.19747000e-03
10.712093     2.15523000e-03
10.715663     2.47658000e-03
10.719235     3.07924000e-03
10.722808     2.57390000e-03
10.726383     2.01552000e-03
10.729958     3.15450000e-03
10.733535     3.01031000e-03
10.737113     2.89686000e-03
10.740692     3.18023000e-03
10.744272     2.65492000e-03
10.747853     2.11167000e-03
10.751436     2.73536000e-03
10.755020     2.84024000e-03
10.758605     2.04638000e-03
10.762191     2.58787000e-03
10.765778     2.65179000e-03
10.769367     1.68858000e-03
10.772957     3.04245000e-03
10.776548     3.09499000e-03
10.780140     2.77982000e-03
10.783733     1.59916000e-03
10.787328     2.59988000e-03
10.790924     3.29029000e-03
10.794521     3.25148000e-03
10.798119     3.03194000e-03
10.801718     3.22141000e-03
10.805319     2.62758000e-03
10.808920     3.35919000e-03
10.812523     3.32864000e-03
10.816128     3.30071000e-03
10.819733     2.85867000e-03
10.823339     3.16315000e-03
10.826947     3.20280000e-03
10.830556     2.86518000e-03
10.834167     3.02315000e-03
10.837778     2.88628000e-03
10.841390     3.29162000e-03
10.845004     2.54095000e-03
10.848619     3.11102000e-03
10.852236     2.54365000e-03
10.855853     2.45262000e-03
10.859471     3.34208000e-03
10.863091     3.31268000e-03
10.866712     2.77118000e-03
10.870335     1.58501000e-03
10.873958     3.14374000e-03
10.877583     3.11780000e-03
10.881208     2.62109000e-03
10.884836     2.57640000e-03
10.888464     2.55276000e-03
10.892093     3.18322000e-03
10.895724     2.56480000e-03
10.899356     3.14902000e-03
10.902989     2.72872000e-03
10.906623     2.65353000e-03
10.910259     3.09552000e-03
10.913896     2.33394000e-03
10.917534     3.00135000e-03
10.921173     2.97839000e-03
10.924813     2.53899000e-03
10.928455     3.08691000e-03
10.932098     2.69694000e-03
10.935742     2.94754000e-03
10.939387     2.91721000e-03
10.943033     2.46429000e-03
10.946681     3.30623000e-03
10.950330     3.13429000e-03
10.953980     3.00501000e-03
10.957631     3.18708000e-03
10.961284     3.29435000e-03
10.964938     3.22953000e-03
10.968593     2.95106000e-03
10.972249     2.72114000e-03
10.975906     2.52606000e-03
10.979565     2.34955000e-03
10.983225     2.47587000e-03
10.986886     2.51800000e-03
10.990548     2.80652000e-03
10.994212     2.33242000e-03
10.997876     2.42422000e-03
11.001542     1.86760000e-03
11.005210     2.77226000e-03
11.008878     3.16009000e-03
11.012548     2.55180000e-03
11.016219     2.91796000e-03
11.019891     2.57001000e-03
11.023564     2.97513000e-03
11.027238     2.59476000e-03
11.030914     2.69639000e-03
11.034591     1.79691000e-03
11.038269     2.64138000e-03
11.041949     2.94088000e-03
11.045629     2.91566000e-03
11.049311     2.91245000e-03
11.052994     2.61338000e-03
11.056679     3.11987000e-03
11.060364     2.94678000e-03
11.064051     3.13626000e-03
11.067739     1.50597000e-03
11.071428     3.13475000e-03
11.075119     3.21093000e-03
11.078810     2.86171000e-03
11.082503     2.37928000e-03
11.086198     2.75892000e-03
11.089893     2.97758000e-03
11.093590     2.64704000e-03
11.097287     3.30406000e-03
11.100986     2.42774000e-03
11.104687     2.92025000e-03
11.108388     2.81622000e-03
11.112091     3.33573000e-03
11.115795     2.61722000e-03
11.119500     2.68337000e-03
11.123207     3.09688000e-03
11.126915     3.18830000e-03
11.130624     3.30138000e-03
11.134334     2.05368000e-03
11.138045     3.01310000e-03
11.141758     3.16270000e-03
11.145472     3.17749000e-03
11.149187     3.27981000e-03
11.152904     3.37351000e-03
11.156621     3.39028000e-03
11.160340     3.20352000e-03
11.164060     2.79989000e-03
11.167782     2.48931000e-03
11.171504     3.21114000e-03
11.175228     3.05445000e-03
11.178953     1.61491000e-03
11.182679     2.78147000e-03
11.186407     2.15448000e-03
11.190136     3.26991000e-03
11.193866     2.86864000e-03
11.197597     3.00744000e-03
11.201330     3.12114000e-03
11.205063     2.75621000e-03
11.208798     1.84001000e-03
11.212535     2.99424000e-03
11.216272     3.23803000e-03
11.220011     2.83703000e-03
11.223751     2.49157000e-03
11.227492     3.08277000e-03
11.231235     2.42806000e-03
11.234978     2.19535000e-03
11.238723     2.99641000e-03
11.242470     3.21454000e-03
11.246217     3.21424000e-03
11.249966     3.27986000e-03
11.253716     2.43774000e-03
11.257467     3.13000000e-03
11.261220     1.68477000e-03
11.264973     2.76173000e-03
11.268728     1.49278000e-03
11.272484     3.06420000e-03
11.276242     3.07378000e-03
11.280001     3.29594000e-03
11.283761     3.30267000e-03
11.287522     3.40962000e-03
11.291285     3.38314000e-03
11.295048     2.78289000e-03
11.298813     2.72334000e-03
11.302580     3.29124000e-03
11.306347     3.20573000e-03
11.310116     3.11323000e-03
11.313886     2.59444000e-03
11.317657     2.43531000e-03
11.321430     2.42090000e-03
11.325204     2.51782000e-03
11.328979     2.55747000e-03
11.332755     2.62362000e-03
11.336533     2.25067000e-03
11.340311     2.76901000e-03
11.344091     3.16684000e-03
11.347873     3.47735000e-03
11.351655     3.35082000e-03
11.355439     2.64311000e-03
11.359225     2.88861000e-03
11.363011     2.28243000e-03
11.366799     3.12021000e-03
11.370588     3.28001000e-03
11.374378     3.24995000e-03
11.378169     3.32051000e-03
11.381962     2.16130000e-03
11.385756     3.22960000e-03
11.389551     2.59447000e-03
11.393348     3.31664000e-03
11.397146     3.42814000e-03
11.400944     3.42585000e-03
11.404745     3.37930000e-03
11.408546     3.01052000e-03
11.412349     3.35770000e-03
11.416153     1.87322000e-03
11.419959     3.24764000e-03
11.423765     3.46475000e-03
11.427573     3.15306000e-03
11.431382     3.23981000e-03
11.435193     3.16301000e-03
11.439005     2.69990000e-03
11.442818     2.71767000e-03
11.446632     3.40452000e-03
11.450447     2.97148000e-03
11.454264     2.51902000e-03
11.458082     2.59777000e-03
11.461902     2.31875000e-03
11.465722     3.37982000e-03
11.469544     2.83864000e-03
11.473368     2.83180000e-03
11.477192     2.97282000e-03
11.481018     2.75883000e-03
11.484845     3.37317000e-03
11.488673     3.19049000e-03
11.492503     3.25264000e-03
11.496333     2.53426000e-03
11.500165     3.54533000e-03
11.503999     3.37357000e-03
11.507834     3.55122000e-03
11.511669     3.54081000e-03
11.515507     3.53685000e-03
11.519345     3.01530000e-03
11.523185     3.05114000e-03
11.527026     3.03041000e-03
11.530868     2.94989000e-03
11.534712     3.13890000e-03
11.538557     3.38681000e-03
11.542403     3.06953000e-03
11.546251     2.92059000e-03
11.550099     2.55063000e-03
11.553949     2.50815000e-03
11.557801     3.02132000e-03
11.561653     2.60797000e-03
11.565507     2.20905000e-03
11.569362     2.74267000e-03
11.573219     2.24709000e-03
11.577077     3.30826000e-03
11.580936     3.05563000e-03
11.584796     2.98967000e-03
11.588658     3.41881000e-03
11.592520     3.23128000e-03
11.596384     3.08493000e-03
11.600250     3.18141000e-03
11.604117     3.38975000e-03
11.607985     3.36974000e-03
11.611854     3.22964000e-03
11.615725     2.55796000e-03
11.619597     2.97417000e-03
11.623470     3.15617000e-03
11.627344     2.53372000e-03
11.631220     2.64058000e-03
11.635097     2.71983000e-03
11.638976     3.03453000e-03
11.642855     3.02627000e-03
11.646736     2.14438000e-03
11.650618     2.72797000e-03
11.654502     2.46064000e-03
11.658387     3.23881000e-03
11.662273     3.08455000e-03
11.666160     2.99744000e-03
11.670049     3.29044000e-03
11.673939     2.82297000e-03
11.677830     2.99393000e-03
11.681723     3.36450000e-03
11.685617     3.35296000e-03
11.689512     3.35375000e-03
11.693409     3.17515000e-03
11.697306     3.29357000e-03
11.701206     2.25844000e-03
11.705106     3.25881000e-03
11.709008     3.39616000e-03
11.712911     3.06270000e-03
11.716815     2.50851000e-03
11.720721     2.69060000e-03
11.724627     1.33434000e-03
11.728536     2.62875000e-03
11.732445     2.67415000e-03
11.736356     2.24551000e-03
11.740268     3.04443000e-03
11.744181     2.95818000e-03
11.748096     2.58733000e-03
11.752012     2.52321000e-03
11.755930     2.86969000e-03
11.759848     2.77283000e-03
11.763768     2.84291000e-03
11.767689     2.84513000e-03
11.771612     2.92684000e-03
11.775536     3.34942000e-03
11.779461     3.03867000e-03
11.783388     3.25045000e-03
11.787315     3.25236000e-03
11.791244     3.45517000e-03
11.795175     3.04303000e-03
11.799107     3.24637000e-03
11.803040     3.09768000e-03
11.806974     3.46852000e-03
11.810910     3.53258000e-03
11.814847     1.82078000e-03
11.818785     2.94845000e-03
11.822724     2.72236000e-03
11.826665     2.70418000e-03
11.830608     3.08193000e-03
11.834551     3.19107000e-03
11.838496     2.79652000e-03
11.842442     3.55599000e-03
11.846390     3.51780000e-03
11.850338     3.22448000e-03
11.854289     2.77738000e-03
11.858240     1.89764000e-03
11.862193     3.26923000e-03
11.866147     3.15162000e-03
11.870102     3.51738000e-03
11.874059     3.20496000e-03
11.878017     3.19585000e-03
11.881976     1.88919000e-03
11.885937     3.07510000e-03
11.889899     2.66626000e-03
11.893862     3.05187000e-03
11.897827     3.07867000e-03
11.901793     2.81623000e-03
11.905760     2.68598000e-03
11.909729     2.13906000e-03
11.913699     3.06307000e-03
11.917670     3.39215000e-03
11.921642     2.74393000e-03
11.925616     3.23052000e-03
11.929591     3.38895000e-03
11.933568     2.71691000e-03
11.937546     3.52215000e-03
11.941525     2.80625000e-03
11.945505     3.50704000e-03
11.949487     3.42486000e-03
11.953470     3.01155000e-03
11.957455     2.89147000e-03
11.961441     2.67194000e-03
11.965428     2.84870000e-03
11.969416     2.13420000e-03
11.973406     2.78316000e-03
11.977397     3.14234000e-03
11.981390     3.25766000e-03
11.985384     3.06750000e-03
11.989379     3.31513000e-03
11.993375     3.12753000e-03
11.997373     3.13352000e-03
12.001372     2.16783000e-03
12.005373     2.54303000e-03
12.009374     3.08059000e-03
12.013378     3.23917000e-03
12.017382     3.01559000e-03
12.021388     3.26205000e-03
12.025395     3.16298000e-03
12.029403     3.09726000e-03
12.033413     3.41217000e-03
12.037424     2.39690000e-03
12.041437     3.42106000e-03
12.045450     3.46395000e-03
12.049466     3.50345000e-03
12.053482     2.97991000e-03
12.057500     3.53283000e-03
12.061519     2.88437000e-03
12.065540     2.83187000e-03
12.069562     3.18091000e-03
12.073585     3.28832000e-03
12.077609     2.97900000e-03
12.081635     1.80978000e-03
12.085662     2.97344000e-03
12.089691     2.47919000e-03
12.093721     3.10156000e-03
12.097752     3.43387000e-03
12.101785     3.26922000e-03
12.105818     3.00068000e-03
12.109854     3.01507000e-03
12.113890     3.18764000e-03
12.117928     3.25163000e-03
12.121968     3.12909000e-03
12.126008     2.31997000e-03
12.130050     2.73740000e-03
12.134094     2.50137000e-03
12.138138     3.46871000e-03
12.142184     2.96303000e-03
12.146232     3.10424000e-03
12.150281     3.18390000e-03
12.154331     2.98086000e-03
12.158382     3.42283000e-03
12.162435     3.03899000e-03
12.166489     3.49179000e-03
12.170545     3.69827000e-03
12.174601     3.49934000e-03
12.178660     3.71142000e-03
12.182719     3.55084000e-03
12.186780     2.48897000e-03
12.190842     3.31641000e-03
12.194906     3.31835000e-03
12.198971     3.07114000e-03
12.203037     3.27235000e-03
12.207105     3.48214000e-03
12.211174     3.53846000e-03
12.215244     3.30869000e-03
12.219316     2.92916000e-03
12.223389     3.48597000e-03
12.227464     3.62773000e-03
12.231540     3.40852000e-03
12.235617     3.33005000e-03
12.239695     2.70509000e-03
12.243775     2.94164000e-03
12.247856     2.16991000e-03
12.251939     2.92515000e-03
12.256023     3.27560000e-03
12.260108     2.94355000e-03
12.264195     2.14074000e-03
12.268283     2.63337000e-03
12.272372     3.19471000e-03
12.276463     2.49416000e-03
12.280555     2.92894000e-03
12.284649     2.83460000e-03
12.288744     1.68114000e-03
12.292840     3.38065000e-03
12.296938     3.49390000e-03
12.301037     3.34834000e-03
12.305137     2.65469000e-03
12.309239     3.23913000e-03
12.313342     2.53432000e-03
12.317446     3.05255000e-03
12.321552     2.73903000e-03
12.325659     2.98813000e-03
12.329768     3.59632000e-03
12.333878     2.66249000e-03
12.337989     2.57372000e-03
12.342102     3.10364000e-03
12.346216     3.30965000e-03
12.350331     3.07300000e-03
12.354448     3.45778000e-03
12.358566     3.24874000e-03
12.362686     3.30755000e-03
12.366806     2.80232000e-03
12.370929     2.87005000e-03
12.375052     2.18054000e-03
12.379177     2.80769000e-03
12.383304     2.92933000e-03
12.387432     3.04815000e-03
12.391561     3.00242000e-03
12.395691     2.18442000e-03
12.399823     2.87368000e-03
12.403956     2.01960000e-03
12.408091     2.50103000e-03
12.412227     3.07756000e-03
12.416365     2.85147000e-03
12.420503     3.16697000e-03
12.424643     2.97712000e-03
12.428785     1.97987000e-03
12.432928     3.13840000e-03
12.437072     3.12532000e-03
12.441218     2.76079000e-03
12.445365     1.78349000e-03
12.449514     2.91576000e-03
12.453663     1.90587000e-03
12.457814     3.02546000e-03
12.461967     3.21284000e-03
12.466121     3.37953000e-03
12.470277     3.35034000e-03
12.474433     3.32553000e-03
12.478591     2.41169000e-03
12.482751     3.26671000e-03
12.486912     3.45180000e-03
12.491074     2.94468000e-03
12.495238     2.88650000e-03
12.499403     3.14926000e-03
12.503569     3.40186000e-03
12.507737     3.16114000e-03
12.511907     2.93289000e-03
12.516077     2.62094000e-03
12.520249     2.26231000e-03
12.524423     2.86108000e-03
12.528597     3.03535000e-03
12.532774     3.23940000e-03
12.536951     2.92403000e-03
12.541130     3.23563000e-03
12.545310     2.99432000e-03
12.549492     3.36275000e-03
12.553675     2.62136000e-03
12.557860     2.98042000e-03
12.562046     3.09405000e-03
12.566233     2.98137000e-03
12.570422     2.92901000e-03
12.574612     3.55103000e-03
12.578804     2.92005000e-03
12.582997     3.17579000e-03
12.587191     3.22577000e-03
12.591387     2.70433000e-03
12.595584     2.10298000e-03
12.599782     2.60005000e-03
12.603982     2.88294000e-03
12.608184     3.38377000e-03
12.612386     3.34061000e-03
12.616590     2.28934000e-03
12.620796     2.76388000e-03
12.625003     2.93954000e-03
12.629211     2.96691000e-03
12.633421     2.64925000e-03
12.637632     3.29196000e-03
12.641845     1.95734000e-03
12.646059     3.22658000e-03
12.650274     2.78668000e-03
12.654491     2.96876000e-03
12.658709     2.62629000e-03
12.662928     2.89603000e-03
12.667150     3.21986000e-03
12.671372     3.02451000e-03
12.675596     2.90019000e-03
12.679821     3.06534000e-03
12.684048     1.55405000e-03
12.688275     3.28485000e-03
12.692505     3.35518000e-03
12.696736     3.33283000e-03
12.700968     2.99423000e-03
12.705202     3.47827000e-03
12.709437     3.56951000e-03
12.713673     3.35601000e-03
12.717911     1.77169000e-03
12.722150     3.14946000e-03
12.726391     3.09479000e-03
12.730633     2.25662000e-03
12.734877     3.27336000e-03
12.739122     2.11375000e-03
12.743368     3.35947000e-03
12.747616     1.56973000e-03
12.751865     2.65637000e-03
12.756116     2.88804000e-03
12.760368     2.70611000e-03
12.764621     3.14992000e-03
12.768876     3.11249000e-03
12.773132     2.77477000e-03
12.777390     3.01844000e-03
12.781649     3.11922000e-03
12.785910     2.46458000e-03
12.790172     2.68353000e-03
12.794435     2.85043000e-03
12.798700     3.32548000e-03
12.802966     3.50098000e-03
12.807234     2.54372000e-03
12.811503     2.79273000e-03
12.815773     2.94301000e-03
12.820045     3.31021000e-03
12.824319     2.86308000e-03
12.828594     2.74703000e-03
12.832870     2.74059000e-03
12.837147     3.23383000e-03
12.841426     2.71986000e-03
12.845707     3.34189000e-03
12.849989     2.88213000e-03
12.854272     2.83834000e-03
12.858557     3.40591000e-03
12.862843     3.26490000e-03
12.867131     3.22913000e-03
12.871420     2.73938000e-03
12.875710     3.35568000e-03
12.880002     3.55897000e-03
12.884295     3.39830000e-03
12.888590     3.26122000e-03
12.892886     2.90638000e-03
12.897184     3.04452000e-03
12.901483     2.28297000e-03
12.905784     2.95965000e-03
12.910085     3.04249000e-03
12.914389     2.94943000e-03
12.918694     2.95678000e-03
12.923000     2.96273000e-03
12.927307     2.02773000e-03
12.931617     2.99282000e-03
12.935927     3.29733000e-03
12.940239     3.24949000e-03
12.944553     2.86505000e-03
12.948867     3.02272000e-03
12.953184     3.12313000e-03
12.957501     2.41548000e-03
12.961820     2.98988000e-03
12.966141     3.21897000e-03
12.970463     3.31707000e-03
12.974787     3.31886000e-03
12.979112     3.12471000e-03
12.983438     2.69566000e-03
12.987766     2.92235000e-03
12.992095     2.75396000e-03
12.996426     3.53275000e-03
13.000758     3.56164000e-03
13.005092     3.06459000e-03
13.009427     3.34920000e-03
13.013763     3.09197000e-03
13.018101     3.06643000e-03
13.022440     3.00561000e-03
13.026781     2.61625000e-03
13.031123     2.57530000e-03
13.035467     2.33333000e-03
13.039812     2.79605000e-03
13.044159     2.74443000e-03
13.048507     3.21700000e-03
13.052856     3.16825000e-03
13.057207     3.43335000e-03
13.061560     3.52627000e-03
13.065914     2.93252000e-03
13.070269     3.39022000e-03
13.074626     3.15801000e-03
13.078984     2.89026000e-03
13.083343     3.57200000e-03
13.087705     2.41997000e-03
13.092067     2.94297000e-03
13.096431     3.08042000e-03
13.100797     3.00633000e-03
13.105164     2.89496000e-03
13.109532     3.60306000e-03
13.113902     3.37324000e-03
13.118273     2.54432000e-03
13.122646     3.03147000e-03
13.127020     3.01192000e-03
13.131396     2.46122000e-03
13.135773     2.91618000e-03
13.140151     2.87733000e-03
13.144532     3.32889000e-03
13.148913     2.12856000e-03
13.153296     2.47187000e-03
13.157680     2.27536000e-03
13.162066     3.36516000e-03
13.166454     3.21302000e-03
13.170842     3.13861000e-03
13.175233     3.16926000e-03
13.179625     2.41428000e-03
13.184018     2.90600000e-03
13.188413     2.75076000e-03
13.192809     3.58619000e-03
13.197206     3.26883000e-03
13.201605     3.13632000e-03
13.206006     2.33964000e-03
13.210408     2.30591000e-03
13.214811     3.02348000e-03
13.219216     1.99631000e-03
13.223623     3.00368000e-03
13.228030     1.98373000e-03
13.232440     2.50478000e-03
13.236851     2.05183000e-03
13.241263     2.88102000e-03
13.245677     2.71712000e-03
13.250092     2.88397000e-03
13.254509     3.03593000e-03
13.258927     2.34575000e-03
13.263346     2.65674000e-03
13.267767     2.59232000e-03
13.272190     2.31852000e-03
13.276614     2.70611000e-03
13.281040     2.97660000e-03
13.285467     2.47491000e-03
13.289895     2.74583000e-03
13.294325     2.35650000e-03
13.298757     2.66180000e-03
13.303190     3.04369000e-03
13.307624     2.92945000e-03
13.312060     2.13836000e-03
13.316497     2.59895000e-03
13.320936     2.28828000e-03
13.325376     2.96741000e-03
13.329818     2.59911000e-03
13.334261     2.90265000e-03
13.338706     2.71751000e-03
13.343152     3.22175000e-03
13.347600     3.42716000e-03
13.352049     3.52323000e-03
13.356500     3.22608000e-03
13.360952     3.26267000e-03
13.365406     3.20613000e-03
13.369861     2.73952000e-03
13.374318     3.47820000e-03
13.378776     3.37745000e-03
13.383235     3.12149000e-03
13.387696     3.44906000e-03
13.392159     2.90479000e-03
13.396623     3.34084000e-03
13.401089     3.15092000e-03
13.405556     2.73127000e-03
13.410024     2.93533000e-03
13.414494     3.02061000e-03
13.418966     2.35029000e-03
13.423438     2.67400000e-03
13.427913     2.51960000e-03
13.432389     2.94770000e-03
13.436866     1.99406000e-03
13.441345     2.80497000e-03
13.445826     1.90017000e-03
13.450308     2.85626000e-03
13.454791     2.83790000e-03
13.459276     2.85789000e-03
13.463763     3.20903000e-03
13.468250     2.64864000e-03
13.472740     2.72085000e-03
13.477231     2.18886000e-03
13.481723     2.99805000e-03
13.486217     2.12502000e-03
13.490713     2.32766000e-03
13.495209     3.18767000e-03
13.499708     2.98995000e-03
13.504208     2.44665000e-03
13.508709     3.14365000e-03
13.513212     3.26628000e-03
13.517717     3.15677000e-03
13.522222     3.26723000e-03
13.526730     3.00677000e-03
13.531239     3.22053000e-03
13.535749     3.08229000e-03
13.540261     2.97388000e-03
13.544774     3.14862000e-03
13.549289     1.85744000e-03
13.553806     2.17349000e-03
13.558324     3.11889000e-03
13.562843     3.29456000e-03
13.567364     3.24642000e-03
13.571887     2.97576000e-03
13.576410     3.04279000e-03
13.580936     3.19210000e-03
13.585463     3.36669000e-03
13.589992     3.37209000e-03
13.594522     3.37537000e-03
13.599053     2.11208000e-03
13.603586     2.59839000e-03
13.608121     2.74420000e-03
13.612657     2.98822000e-03
13.617194     3.20144000e-03
13.621733     3.17056000e-03
13.626274     3.07201000e-03
13.630816     2.57372000e-03
13.635359     2.59458000e-03
13.639905     3.11030000e-03
13.644451     3.45984000e-03
13.648999     3.06487000e-03
13.653549     2.86609000e-03
13.658100     3.24393000e-03
13.662653     3.48251000e-03
13.667207     3.44548000e-03
13.671763     3.47477000e-03
13.676320     2.73401000e-03
13.680879     2.79797000e-03
13.685439     2.84329000e-03
13.690001     2.61526000e-03
13.694564     1.88992000e-03
13.699129     2.57905000e-03
13.703696     3.16228000e-03
13.708263     2.84608000e-03
13.712833     2.57349000e-03
13.717404     2.56738000e-03
13.721976     3.10101000e-03
13.726550     2.65955000e-03
13.731126     2.27580000e-03
13.735703     3.06554000e-03
13.740281     3.35996000e-03
13.744862     3.05616000e-03
13.749443     2.63105000e-03
13.754026     3.37711000e-03
13.758611     3.08942000e-03
13.763197     2.43762000e-03
13.767785     2.85191000e-03
13.772374     2.97930000e-03
13.776965     3.07308000e-03
13.781557     3.21406000e-03
13.786151     3.10454000e-03
13.790746     3.56651000e-03
13.795343     3.40461000e-03
13.799942     3.28966000e-03
13.804542     3.18177000e-03
13.809143     2.58848000e-03
13.813746     2.03866000e-03
13.818351     3.38002000e-03
13.822957     2.77057000e-03
13.827565     2.80648000e-03
13.832174     2.84688000e-03
13.836785     2.76175000e-03
13.841397     2.51728000e-03
13.846011     3.03564000e-03
13.850626     2.97089000e-03
13.855243     1.66015000e-03
13.859861     2.83955000e-03
13.864481     2.58669000e-03
13.869103     3.16093000e-03
13.873726     3.00439000e-03
13.878350     3.18056000e-03
13.882976     3.33665000e-03
13.887604     2.53029000e-03
13.892233     1.93116000e-03
13.896864     3.17754000e-03
13.901496     2.80916000e-03
13.906130     2.77308000e-03
13.910766     2.99946000e-03
13.915403     2.26655000e-03
13.920041     2.99347000e-03
13.924681     3.38210000e-03
13.929323     3.32002000e-03
13.933966     3.41867000e-03
13.938610     3.05540000e-03
13.943257     2.62195000e-03
13.947904     2.62367000e-03
13.952554     2.74378000e-03
13.957204     2.75554000e-03
13.961857     2.56857000e-03
13.966511     2.39061000e-03
13.971166     3.14155000e-03
13.975823     2.43386000e-03
13.980482     3.36987000e-03
13.985142     3.04170000e-03
13.989804     2.04463000e-03
13.994467     3.11086000e-03
13.999132     2.97188000e-03
14.003798     2.74511000e-03
14.008466     2.51808000e-03
14.013136     2.90250000e-03
14.017807     2.92462000e-03
14.022479     1.87996000e-03
14.027154     2.93330000e-03
14.031829     3.27578000e-03
14.036506     3.25961000e-03
14.041185     2.52795000e-03
14.045866     1.88122000e-03
14.050548     3.32640000e-03
14.055231     2.92069000e-03
14.059916     3.24795000e-03
14.064603     3.16599000e-03
14.069291     3.28287000e-03
14.073981     3.12125000e-03
14.078672     3.23249000e-03
14.083365     3.35913000e-03
14.088060     2.84861000e-03
14.092756     3.18269000e-03
14.097453     1.98162000e-03
14.102152     2.59548000e-03
14.106853     2.85462000e-03
14.111555     2.92951000e-03
14.116259     2.58344000e-03
14.120965     2.84993000e-03
14.125672     2.97527000e-03
14.130380     2.94146000e-03
14.135090     2.25676000e-03
14.139802     2.95411000e-03
14.144515     3.10250000e-03
14.149230     3.02448000e-03
14.153946     3.16900000e-03
14.158665     2.69210000e-03
14.163384     2.90485000e-03
14.168105     2.27564000e-03
14.172828     2.85528000e-03
14.177552     2.17256000e-03
14.182278     2.95904000e-03
14.187005     3.24130000e-03
14.191734     2.97841000e-03
14.196465     2.92763000e-03
14.201197     2.89823000e-03
14.205931     2.66827000e-03
14.210666     1.91697000e-03
14.215403     2.82985000e-03
14.220142     3.04144000e-03
14.224882     3.22704000e-03
14.229623     3.21069000e-03
14.234367     2.92758000e-03
14.239111     2.47354000e-03
14.243858     3.01532000e-03
14.248606     2.63224000e-03
14.253355     2.78329000e-03
14.258106     2.87030000e-03
14.262859     3.45719000e-03
14.267613     3.02274000e-03
14.272369     2.74110000e-03
14.277126     3.31331000e-03
14.281886     3.23896000e-03
14.286646     3.42543000e-03
14.291408     3.06776000e-03
14.296172     2.72473000e-03
14.300938     3.51933000e-03
14.305705     3.40577000e-03
14.310473     2.92402000e-03
14.315243     3.28512000e-03
14.320015     2.23489000e-03
14.324788     2.87434000e-03
14.329563     2.43681000e-03
14.334340     2.62312000e-03
14.339118     2.78521000e-03
14.343898     2.68786000e-03
14.348679     2.82830000e-03
14.353462     3.07533000e-03
14.358246     3.02598000e-03
14.363032     2.45058000e-03
14.367820     3.45063000e-03
14.372609     3.03908000e-03
14.377400     2.53071000e-03
14.382193     2.67128000e-03
14.386987     3.02712000e-03
14.391782     3.17090000e-03
14.396580     2.73862000e-03
14.401379     2.85149000e-03
14.406179     2.47766000e-03
14.410981     2.91519000e-03
14.415785     3.15199000e-03
14.420590     2.97991000e-03
14.425397     2.59827000e-03
14.430205     2.68024000e-03
14.435015     3.06386000e-03
14.439827     3.16282000e-03
14.444640     2.90770000e-03
14.449455     3.26279000e-03
14.454272     2.95224000e-03
14.459090     3.23349000e-03
14.463909     2.22218000e-03
14.468731     2.54071000e-03
14.473554     2.32915000e-03
14.478378     3.09178000e-03
14.483204     1.97463000e-03
14.488032     1.53653000e-03
14.492861     2.70337000e-03
14.497692     2.55139000e-03
14.502525     3.16225000e-03
14.507359     2.64210000e-03
14.512195     2.30836000e-03
14.517032     1.91816000e-03
14.521871     3.03964000e-03
14.526712     2.63616000e-03
14.531554     2.56242000e-03
14.536398     2.62773000e-03
14.541244     3.02209000e-03
14.546091     2.21219000e-03
14.550939     2.97318000e-03
14.555790     2.60948000e-03
14.560641     3.25166000e-03
14.565495     2.86263000e-03
14.570350     3.53582000e-03
14.575207     3.39359000e-03
14.580065     3.24318000e-03
14.584926     2.25509000e-03
14.589787     2.47613000e-03
14.594650     3.05147000e-03
14.599515     3.21371000e-03
14.604382     2.53035000e-03
14.609250     2.88069000e-03
14.614120     2.14937000e-03
14.618991     3.29253000e-03
14.623864     2.97643000e-03
14.628739     3.34025000e-03
14.633615     2.43607000e-03
14.638493     3.14951000e-03
14.643372     2.23078000e-03
14.648253     2.39188000e-03
14.653136     2.69231000e-03
14.658020     2.61016000e-03
14.662907     2.26073000e-03
14.667794     2.90489000e-03
14.672683     2.76959000e-03
14.677574     3.32656000e-03
14.682467     2.93978000e-03
14.687361     2.39143000e-03
14.692257     3.00213000e-03
14.697154     2.64764000e-03
14.702053     2.40073000e-03
14.706954     3.23517000e-03
14.711856     3.06533000e-03
14.716760     3.14219000e-03
14.721666     2.70157000e-03
14.726573     3.30702000e-03
14.731482     2.36047000e-03
14.736392     2.75897000e-03
14.741305     2.48303000e-03
14.746218     2.84393000e-03
14.751134     1.97507000e-03
14.756051     3.49770000e-03
14.760969     3.17770000e-03
14.765890     3.26523000e-03
14.770812     3.49201000e-03
14.775735     2.57837000e-03
14.780660     2.27147000e-03
14.785587     2.74506000e-03
14.790516     2.28052000e-03
14.795446     2.96420000e-03
14.800378     2.62436000e-03
14.805311     3.19577000e-03
14.810246     3.34924000e-03
14.815183     2.51831000e-03
14.820122     2.88706000e-03
14.825062     1.65040000e-03
14.830003     2.92756000e-03
14.834947     2.83668000e-03
14.839892     3.02462000e-03
14.844838     2.79945000e-03
14.849787     3.26506000e-03
14.854736     3.18154000e-03
14.859688     2.75222000e-03
14.864641     2.66027000e-03
14.869596     1.87323000e-03
14.874553     2.85040000e-03
14.879511     2.90785000e-03
14.884471     2.34687000e-03
14.889432     2.28801000e-03
14.894395     2.16933000e-03
14.899360     2.52520000e-03
14.904327     2.99614000e-03
14.909295     2.97503000e-03
14.914264     2.54851000e-03
14.919236     2.37771000e-03
14.924209     2.40710000e-03
14.929184     2.58495000e-03
14.934160     1.91425000e-03
14.939138     2.99484000e-03
14.944118     2.76326000e-03
14.949099     2.20860000e-03
14.954082     1.99910000e-03
14.959067     1.90050000e-03
14.964053     2.95659000e-03
14.969041     2.92815000e-03
14.974031     2.46553000e-03
14.979022     2.17989000e-03
14.984015     2.76346000e-03
14.989010     3.03492000e-03
14.994006     2.07858000e-03
14.999004     3.00533000e-03
15.004004     2.67866000e-03
15.009005     3.08843000e-03
15.014008     3.38857000e-03
15.019013     2.03146000e-03
15.024019     2.71627000e-03
15.029027     2.15815000e-03
15.034037     2.92341000e-03
15.039048     2.99202000e-03
15.044061     2.94176000e-03
15.049076     2.58361000e-03
15.054092     2.71303000e-03
15.059110     2.86687000e-03
15.064130     3.26645000e-03
15.069152     3.37683000e-03
15.074175     3.51892000e-03
15.079199     3.31527000e-03
15.084226     2.27660000e-03
15.089254     2.51954000e-03
15.094284     2.43806000e-03
15.099315     3.18403000e-03
15.104348     3.44191000e-03
15.109383     3.12127000e-03
15.114419     3.35699000e-03
15.119457     3.20871000e-03
15.124497     2.41641000e-03
15.129539     3.25730000e-03
15.134582     3.27607000e-03
15.139627     3.11645000e-03
15.144673     2.86973000e-03
15.149722     2.91812000e-03
15.154772     2.98096000e-03
15.159823     3.13025000e-03
15.164876     2.64434000e-03
15.169931     2.51544000e-03
15.174988     2.45823000e-03
15.180046     2.53700000e-03
15.185106     2.81647000e-03
15.190168     3.07125000e-03
15.195232     2.57400000e-03
15.200297     3.04849000e-03
15.205363     3.21813000e-03
15.210432     3.37013000e-03
15.215502     2.49997000e-03
15.220574     3.35263000e-03
15.225647     2.89262000e-03
15.230723     2.34199000e-03
15.235799     3.27626000e-03
15.240878     3.31187000e-03
15.245958     2.94481000e-03
15.251040     2.84897000e-03
15.256124     2.20806000e-03
15.261209     3.38210000e-03
15.266296     3.20368000e-03
15.271385     3.34637000e-03
15.276476     3.24624000e-03
15.281568     3.49953000e-03
15.286662     2.73844000e-03
15.291757     3.04743000e-03
15.296855     3.28634000e-03
15.301953     3.32838000e-03
15.307054     2.25041000e-03
15.312156     3.22922000e-03
15.317260     3.15140000e-03
15.322366     2.11503000e-03
15.327474     2.53462000e-03
15.332583     2.91156000e-03
15.337694     3.13447000e-03
15.342806     2.51454000e-03
15.347921     2.35196000e-03
15.353036     3.10057000e-03
15.358154     3.25451000e-03
15.363274     2.99176000e-03
15.368395     2.90436000e-03
15.373518     3.17913000e-03
15.378642     2.46407000e-03
15.383768     2.95941000e-03
15.388896     2.93618000e-03
15.394026     3.02672000e-03
15.399157     3.17333000e-03
15.404290     3.19404000e-03
15.409425     3.07161000e-03
15.414561     2.72923000e-03
15.419700     2.72129000e-03
15.424839     3.01356000e-03
15.429981     2.84465000e-03
15.435124     3.14285000e-03
15.440269     3.14169000e-03
15.445416     2.70983000e-03
15.450565     2.70934000e-03
15.455715     2.45878000e-03
15.460867     2.76477000e-03
15.466020     3.22178000e-03
15.471176     3.18367000e-03
15.476333     2.80758000e-03
15.481492     2.95198000e-03
15.486652     3.13911000e-03
15.491814     2.46030000e-03
15.496978     2.93130000e-03
15.502144     3.00357000e-03
15.507311     2.54218000e-03
15.512480     3.22819000e-03
15.517651     2.90850000e-03
15.522824     2.55811000e-03
15.527998     2.92586000e-03
15.533174     3.07620000e-03
15.538352     3.33323000e-03
15.543531     2.98441000e-03
15.548712     2.84012000e-03
15.553895     2.30658000e-03
15.559080     2.58688000e-03
15.564266     2.85943000e-03
15.569454     2.55984000e-03
15.574644     2.54325000e-03
15.579836     2.22130000e-03
15.585029     2.96474000e-03
15.590224     3.13079000e-03
15.595421     3.31564000e-03
15.600619     2.62441000e-03
15.605819     2.71356000e-03
15.611021     3.09667000e-03
15.616225     2.28152000e-03
15.621430     2.73062000e-03
15.626638     2.31872000e-03
15.631846     2.79098000e-03
15.637057     3.13234000e-03
15.642269     2.71971000e-03
15.647483     2.51542000e-03
15.652699     3.25819000e-03
15.657917     2.98326000e-03
15.663136     3.33725000e-03
15.668357     2.78723000e-03
15.673580     2.92338000e-03
15.678805     3.43818000e-03
15.684031     3.30308000e-03
15.689259     2.77415000e-03
15.694489     3.41897000e-03
15.699720     3.31338000e-03
15.704953     3.16912000e-03
15.710188     3.19741000e-03
15.715425     3.11764000e-03
15.720664     2.63702000e-03
15.725904     2.49119000e-03
15.731146     2.89460000e-03
15.736389     2.53035000e-03
15.741635     2.73906000e-03
15.746882     2.79516000e-03
15.752131     2.84177000e-03
15.757382     2.30904000e-03
15.762634     2.80361000e-03
15.767888     2.73394000e-03
15.773144     2.55750000e-03
15.778402     2.67557000e-03
15.783662     3.06379000e-03
15.788923     2.75968000e-03
15.794186     2.58365000e-03
15.799451     2.17221000e-03
15.804717     2.52360000e-03
15.809985     2.66548000e-03
15.815255     3.08751000e-03
15.820527     2.10327000e-03
15.825800     3.13375000e-03
15.831076     2.24627000e-03
15.836353     2.78433000e-03
15.841632     2.63036000e-03
15.846912     3.35700000e-03
15.852194     3.14486000e-03
15.857478     2.38345000e-03
15.862764     2.78046000e-03
15.868052     2.57661000e-03
15.873341     2.90057000e-03
15.878632     3.49540000e-03
15.883925     2.95300000e-03
15.889220     3.45437000e-03
15.894516     3.60079000e-03
15.899814     3.26084000e-03
15.905114     3.43444000e-03
15.910416     3.61397000e-03
15.915720     2.51494000e-03
15.921025     3.62984000e-03
15.926332     3.06640000e-03
15.931641     3.39139000e-03
15.936951     2.54808000e-03
15.942263     3.52463000e-03
15.947577     3.04422000e-03
15.952893     3.30499000e-03
15.958211     2.82531000e-03
15.963530     2.78801000e-03
15.968852     2.78829000e-03
15.974175     3.10517000e-03
15.979499     1.82724000e-03
15.984826     2.86731000e-03
15.990154     2.85271000e-03
15.995484     2.29769000e-03
16.000816     2.76389000e-03
16.006150     2.48441000e-03
16.011485     2.23368000e-03
16.016822     2.95883000e-03
16.022161     2.56687000e-03
16.027502     2.25226000e-03
16.032844     2.94111000e-03
16.038189     2.16115000e-03
16.043535     3.10005000e-03
16.048883     2.72442000e-03
16.054232     2.36712000e-03
16.059583     2.84222000e-03
16.064937     3.35867000e-03
16.070292     3.31996000e-03
16.075648     2.36847000e-03
16.081007     3.33084000e-03
16.086367     3.07700000e-03
16.091729     3.30471000e-03
16.097093     2.85959000e-03
16.102459     2.79759000e-03
16.107827     2.76456000e-03
16.113196     2.30378000e-03
16.118567     2.78155000e-03
16.123940     2.98229000e-03
16.129314     3.08248000e-03
16.134691     3.02041000e-03
16.140069     2.99122000e-03
16.145449     3.33967000e-03
16.150831     3.22931000e-03
16.156215     2.78623000e-03
16.161600     3.27488000e-03
16.166987     2.98042000e-03
16.172376     3.37349000e-03
16.177767     3.00188000e-03
16.183159     3.39606000e-03
16.188554     3.46806000e-03
16.193950     3.37775000e-03
16.199348     3.37489000e-03
16.204748     3.24416000e-03
16.210149     2.99221000e-03
16.215553     2.94518000e-03
16.220958     2.40375000e-03
16.226365     2.84760000e-03
16.231774     2.24167000e-03
16.237184     2.30635000e-03
16.242597     3.05942000e-03
16.248011     3.00521000e-03
16.253427     3.02121000e-03
16.258845     2.91889000e-03
16.264264     2.96171000e-03
16.269686     2.55018000e-03
16.275109     2.66998000e-03
16.280534     3.06757000e-03
16.285961     3.23245000e-03
16.291390     3.22452000e-03
16.296820     3.25371000e-03
16.302252     3.18681000e-03
16.307686     2.62273000e-03
16.313122     3.03171000e-03
16.318560     2.81407000e-03
16.323999     2.39250000e-03
16.329441     2.84435000e-03
16.334884     3.11945000e-03
16.340329     3.27719000e-03
16.345776     3.28983000e-03
16.351224     3.40075000e-03
16.356675     2.16886000e-03
16.362127     3.42677000e-03
16.367581     3.32816000e-03
16.373037     3.26413000e-03
16.378494     3.27050000e-03
16.383954     2.89424000e-03
16.389415     3.07880000e-03
16.394879     2.95669000e-03
16.400343     2.44174000e-03
16.405810     2.73808000e-03
16.411279     2.31242000e-03
16.416749     3.22977000e-03
16.422221     3.16256000e-03
16.427695     3.04685000e-03
16.433171     2.12510000e-03
16.438649     3.05889000e-03
16.444129     2.46044000e-03
16.449610     3.15845000e-03
16.455093     3.30197000e-03
16.460578     2.84904000e-03
16.466065     3.17782000e-03
16.471554     2.19552000e-03
16.477044     2.70295000e-03
16.482537     2.32956000e-03
16.488031     3.05242000e-03
16.493527     3.17634000e-03
16.499025     3.02942000e-03
16.504524     2.35884000e-03
16.510026     2.89586000e-03
16.515529     3.27567000e-03
16.521034     3.25642000e-03
16.526542     3.28654000e-03
16.532050     2.23984000e-03
16.537561     3.22664000e-03
16.543073     2.53654000e-03
16.548588     3.13452000e-03
16.554104     3.08505000e-03
16.559622     2.82993000e-03
16.565142     3.38726000e-03
16.570664     3.04389000e-03
16.576187     3.20753000e-03
16.581713     3.03900000e-03
16.587240     3.00065000e-03
16.592769     2.72891000e-03
16.598300     2.75340000e-03
16.603833     2.23147000e-03
16.609367     2.52505000e-03
16.614904     2.94266000e-03
16.620442     2.79046000e-03
16.625982     3.10783000e-03
16.631524     3.17949000e-03
16.637068     2.99050000e-03
16.642614     2.80045000e-03
16.648161     2.27757000e-03
16.653711     2.20531000e-03
16.659262     2.68514000e-03
16.664815     2.30956000e-03
16.670370     2.89596000e-03
16.675927     2.22435000e-03
16.681485     3.10308000e-03
16.687046     2.59848000e-03
16.692608     3.33835000e-03
16.698172     2.74363000e-03
16.703738     3.12942000e-03
16.709306     3.22188000e-03
16.714876     3.06293000e-03
16.720448     2.80764000e-03
16.726021     2.16721000e-03
16.731597     2.87461000e-03
16.737174     3.13132000e-03
16.742753     2.47088000e-03
16.748334     2.53998000e-03
16.753916     3.16491000e-03
16.759501     3.08802000e-03
16.765088     2.89155000e-03
16.770676     2.12977000e-03
16.776266     3.59021000e-03
16.781858     3.02624000e-03
16.787452     3.56229000e-03
16.793048     3.63898000e-03
16.798646     3.53530000e-03
16.804245     3.34390000e-03
16.809847     2.89993000e-03
16.815450     3.55181000e-03
16.821055     3.39029000e-03
16.826662     3.26489000e-03
16.832271     2.75323000e-03
16.837882     2.38103000e-03
16.843494     3.21718000e-03
16.849109     3.34498000e-03
16.854725     3.48734000e-03
16.860344     3.52139000e-03
16.865964     2.90868000e-03
16.871586     2.16256000e-03
16.877209     3.29298000e-03
16.882835     3.12327000e-03
16.888463     2.44592000e-03
16.894092     2.88477000e-03
16.899724     2.47066000e-03
16.905357     3.08696000e-03
16.910992     3.14765000e-03
16.916629     3.39848000e-03
16.922268     3.29267000e-03
16.927909     2.98986000e-03
16.933551     2.91141000e-03
16.939196     2.76750000e-03
16.944842     3.19754000e-03
16.950491     3.25785000e-03
16.956141     3.36399000e-03
16.961793     3.29683000e-03
16.967447     3.15392000e-03
16.973102     3.05229000e-03
16.978760     2.81623000e-03
16.984420     2.21468000e-03
16.990081     2.83218000e-03
16.995745     3.04611000e-03
17.001410     2.91073000e-03
17.007077     3.04508000e-03
17.012746     3.34044000e-03
17.018417     3.42640000e-03
17.024090     3.44047000e-03
17.029764     3.36884000e-03
17.035441     2.68417000e-03
17.041120     3.45548000e-03
17.046800     1.98016000e-03
17.052482     3.34470000e-03
17.058166     3.44153000e-03
17.063852     3.44422000e-03
17.069540     3.37805000e-03
17.075230     3.19684000e-03
17.080922     3.11848000e-03
17.086616     2.37718000e-03
17.092311     3.01873000e-03
17.098009     2.01788000e-03
17.103708     2.36680000e-03
17.109409     2.80482000e-03
17.115112     2.50509000e-03
17.120817     2.69504000e-03
17.126524     2.94192000e-03
17.132233     3.01624000e-03
17.137944     2.82913000e-03
17.143656     2.81556000e-03
17.149371     3.22046000e-03
17.155088     3.30749000e-03
17.160806     3.28873000e-03
17.166526     3.04224000e-03
17.172248     3.45967000e-03
17.177972     3.34881000e-03
17.183698     3.00536000e-03
17.189426     3.09316000e-03
17.195156     2.87810000e-03
17.200888     2.83427000e-03
17.206621     2.95593000e-03
17.212357     2.86065000e-03
17.218094     2.57565000e-03
17.223834     2.59801000e-03
17.229575     2.39259000e-03
17.235318     2.34858000e-03
17.241063     2.92492000e-03
17.246810     3.15888000e-03
17.252559     3.18203000e-03
17.258310     3.08577000e-03
17.264063     3.36900000e-03
17.269818     3.17854000e-03
17.275574     3.38062000e-03
17.281333     3.42535000e-03
17.287093     3.38319000e-03
17.292856     3.33363000e-03
17.298620     3.30327000e-03
17.304386     3.10760000e-03
17.310154     2.62741000e-03
17.315924     3.01427000e-03
17.321696     2.66704000e-03
17.327470     2.71272000e-03
17.333246     3.09328000e-03
17.339024     2.95733000e-03
17.344803     3.12084000e-03
17.350585     2.99351000e-03
17.356368     2.46446000e-03
17.362154     2.80576000e-03
17.367941     2.79072000e-03
17.373731     2.21321000e-03
17.379522     2.77600000e-03
17.385315     2.61121000e-03
17.391110     2.95577000e-03
17.396907     2.89382000e-03
17.402706     2.50498000e-03
17.408507     2.64719000e-03
17.414310     2.97122000e-03
17.420115     3.08811000e-03
17.425921     3.21476000e-03
17.431730     3.06886000e-03
17.437541     3.32326000e-03
17.443353     3.26804000e-03
17.449168     3.03631000e-03
17.454984     2.67966000e-03
17.460802     3.23025000e-03
17.466622     2.89340000e-03
17.472445     2.47603000e-03
17.478269     3.06079000e-03
17.484095     3.26717000e-03
17.489923     3.27456000e-03
17.495753     3.06385000e-03
17.501585     2.65043000e-03
17.507419     2.66256000e-03
17.513255     2.85675000e-03
17.519092     3.27188000e-03
17.524932     2.81131000e-03
17.530774     2.83696000e-03
17.536617     3.16888000e-03
17.542463     3.13642000e-03
17.548310     3.53199000e-03
17.554160     3.40216000e-03
17.560011     3.36377000e-03
17.565864     2.64326000e-03
17.571720     3.09552000e-03
17.577577     3.33611000e-03
17.583436     3.44075000e-03
17.589297     3.04871000e-03
17.595160     2.82436000e-03
17.601025     3.20937000e-03
17.606893     3.28062000e-03
17.612761     2.64192000e-03
17.618632     2.82050000e-03
17.624505     3.25149000e-03
17.630380     2.50494000e-03
17.636257     3.24366000e-03
17.642136     3.05388000e-03
17.648016     3.42207000e-03
17.653899     2.23439000e-03
17.659784     2.72209000e-03
17.665670     3.26471000e-03
17.671559     3.01276000e-03
17.677449     2.82070000e-03
17.683342     3.01171000e-03
17.689236     3.18067000e-03
17.695133     3.02448000e-03
17.701031     2.88171000e-03
17.706931     2.93130000e-03
17.712834     2.69344000e-03
17.718738     2.38854000e-03
17.724644     2.83325000e-03
17.730552     2.62588000e-03
17.736463     3.19421000e-03
17.742375     3.29627000e-03
17.748289     3.36223000e-03
17.754205     1.99301000e-03
17.760123     3.38872000e-03
17.766043     2.72638000e-03
17.771965     3.36766000e-03
17.777889     3.19276000e-03
17.783815     3.34489000e-03
17.789743     3.29497000e-03
17.795673     2.98363000e-03
17.801605     2.89568000e-03
17.807539     2.76536000e-03
17.813475     3.27880000e-03
17.819412     3.07321000e-03
17.825352     2.88008000e-03
17.831294     2.84021000e-03
17.837238     2.45744000e-03
17.843183     2.18602000e-03
17.849131     3.16756000e-03
17.855081     3.32029000e-03
17.861033     3.34556000e-03
17.866986     3.41819000e-03
17.872942     3.02543000e-03
17.878900     3.34729000e-03
17.884859     3.45332000e-03
17.890821     2.91663000e-03
17.896784     3.41051000e-03
17.902750     3.08795000e-03
17.908718     3.20176000e-03
17.914687     3.07239000e-03
17.920659     2.53480000e-03
17.926632     2.85113000e-03
17.932608     2.40753000e-03
17.938585     2.58523000e-03
17.944565     2.73644000e-03
17.950546     2.88753000e-03
17.956530     3.14153000e-03
17.962515     3.18029000e-03
17.968503     3.26133000e-03
17.974492     3.38328000e-03
17.980484     3.45543000e-03
17.986477     3.25612000e-03
17.992473     3.51153000e-03
17.998470     3.49538000e-03
18.004470     3.45284000e-03
18.010471     3.25776000e-03
18.016475     3.23452000e-03
18.022480     3.03527000e-03
18.028488     2.50809000e-03
18.034497     2.05320000e-03
18.040509     3.02855000e-03
18.046522     3.12958000e-03
18.052538     3.15857000e-03
18.058555     3.24204000e-03
18.064575     3.20810000e-03
18.070596     3.10181000e-03
18.076620     2.68009000e-03
18.082646     3.20950000e-03
18.088673     3.35981000e-03
18.094703     2.27559000e-03
18.100734     3.43826000e-03
18.106768     3.12943000e-03
18.112803     3.09695000e-03
18.118841     3.24515000e-03
18.124881     3.33650000e-03
18.130922     3.16429000e-03
18.136966     3.13982000e-03
18.143012     2.85672000e-03
18.149059     2.91697000e-03
18.155109     2.64365000e-03
18.161161     2.40377000e-03
18.167214     2.74084000e-03
18.173270     2.50205000e-03
18.179328     2.43692000e-03
18.185388     2.79757000e-03
18.191449     2.85385000e-03
18.197513     3.00159000e-03
18.203579     3.21693000e-03
18.209647     2.45066000e-03
18.215717     3.04582000e-03
18.221789     2.83019000e-03
18.227863     3.29347000e-03
18.233939     3.32665000e-03
18.240016     3.35715000e-03
18.246097     3.16375000e-03
18.252178     2.71412000e-03
18.258263     2.93893000e-03
18.264349     3.28134000e-03
18.270437     2.97004000e-03
18.276527     2.76291000e-03
18.282619     3.42056000e-03
18.288713     3.25207000e-03
18.294810     3.22528000e-03
18.300908     2.96100000e-03
18.307008     2.93212000e-03
18.313111     3.02942000e-03
18.319215     3.39817000e-03
18.325321     3.53152000e-03
18.331430     3.42747000e-03
18.337540     2.92031000e-03
18.343653     3.30383000e-03
18.349767     3.43321000e-03
18.355884     3.32082000e-03
18.362002     2.96134000e-03
18.368123     2.89996000e-03
18.374246     2.37640000e-03
18.380371     2.55479000e-03
18.386497     3.16221000e-03
18.392626     3.03875000e-03
18.398757     3.29363000e-03
18.404890     2.91791000e-03
18.411025     3.42560000e-03
18.417162     3.35136000e-03
18.423301     3.14154000e-03
18.429442     2.78244000e-03
18.435585     2.73366000e-03
18.441730     3.30810000e-03
18.447878     3.35905000e-03
18.454027     3.46935000e-03
18.460178     3.41085000e-03
18.466332     3.24180000e-03
18.472487     2.84490000e-03
18.478645     2.66930000e-03
18.484804     2.87655000e-03
18.490966     3.30232000e-03
18.497129     2.84633000e-03
18.503295     3.18405000e-03
18.509463     2.86264000e-03
18.515633     2.80910000e-03
18.521805     2.91502000e-03
18.527979     2.61895000e-03
18.534155     2.38335000e-03
18.540333     2.79821000e-03
18.546513     2.78364000e-03
18.552695     3.03104000e-03
18.558879     2.59097000e-03
18.565065     3.22445000e-03
18.571254     2.95139000e-03
18.577444     2.97932000e-03
18.583637     2.82081000e-03
18.589831     2.50575000e-03
18.596028     2.84016000e-03
18.602227     2.85911000e-03
18.608427     3.00463000e-03
18.614630     2.81704000e-03
18.620835     2.61965000e-03
18.627042     2.61994000e-03
18.633251     2.87106000e-03
18.639462     2.69350000e-03
18.645675     3.02374000e-03
18.651890     2.42184000e-03
18.658108     2.61472000e-03
18.664327     3.27765000e-03
18.670548     3.04966000e-03
18.676772     3.33906000e-03
18.682998     3.29754000e-03
18.689225     3.26649000e-03
18.695455     3.19423000e-03
18.701687     2.97812000e-03
18.707921     2.88805000e-03
18.714157     2.53922000e-03
18.720395     2.54545000e-03
18.726635     2.88685000e-03
18.732877     3.00148000e-03
18.739121     3.14602000e-03
18.745368     3.11181000e-03
18.751616     2.83119000e-03
18.757867     2.80476000e-03
18.764119     3.04369000e-03
18.770374     3.28933000e-03
18.776631     2.86399000e-03
18.782890     2.44013000e-03
18.789151     3.50309000e-03
18.795414     3.32056000e-03
18.801679     3.49049000e-03
18.807946     3.56447000e-03
18.814215     2.18980000e-03
18.820487     3.49662000e-03
18.826760     2.47904000e-03
18.833036     3.55205000e-03
18.839314     3.48309000e-03
18.845593     3.63695000e-03
18.851875     3.69856000e-03
18.858159     3.66650000e-03
18.864445     3.64049000e-03
18.870733     3.65522000e-03
18.877024     3.54266000e-03
18.883316     2.97834000e-03
18.889610     2.47469000e-03
18.895907     3.23398000e-03
18.902206     3.33968000e-03
18.908506     3.14652000e-03
18.914809     3.31688000e-03
18.921114     3.19373000e-03
18.927421     2.65225000e-03
18.933730     3.05035000e-03
18.940041     3.17713000e-03
18.946355     3.10957000e-03
18.952670     3.37156000e-03
18.958988     3.05924000e-03
18.965308     3.29286000e-03
18.971629     3.10457000e-03
18.977953     2.86880000e-03
18.984279     3.00074000e-03
18.990607     2.66014000e-03
18.996938     2.45781000e-03
19.003270     2.59425000e-03
19.009604     2.65794000e-03
19.015941     2.72035000e-03
19.022279     3.04606000e-03
19.028620     3.19269000e-03
19.034963     2.49989000e-03
19.041308     2.81238000e-03
19.047655     3.38348000e-03
19.054004     3.36023000e-03
19.060356     3.25924000e-03
19.066709     3.44576000e-03
19.073065     3.51431000e-03
19.079422     3.40489000e-03
19.085782     2.22037000e-03
19.092144     3.55076000e-03
19.098508     3.50800000e-03
19.104874     3.16137000e-03
19.111243     3.01084000e-03
19.117613     3.38611000e-03
19.123986     3.15500000e-03
19.130360     2.40431000e-03
19.136737     2.95169000e-03
19.143116     3.42578000e-03
19.149497     3.50417000e-03
19.155880     3.53689000e-03
19.162265     3.60853000e-03
19.168653     3.20492000e-03
19.175042     3.39659000e-03
19.181434     3.36122000e-03
19.187828     3.32994000e-03
19.194224     3.39954000e-03
19.200622     3.11214000e-03
19.207022     2.88366000e-03
19.213424     3.08997000e-03
19.219829     3.20391000e-03
19.226236     2.77575000e-03
19.232644     3.13677000e-03
19.239055     2.69651000e-03
19.245468     2.35968000e-03
19.251883     2.83392000e-03
19.258301     2.89091000e-03
19.264720     2.83303000e-03
19.271142     2.46616000e-03
19.277565     3.02973000e-03
19.283991     2.98630000e-03
19.290419     2.49657000e-03
19.296849     3.07117000e-03
19.303282     3.20603000e-03
19.309716     2.98049000e-03
19.316153     2.77438000e-03
19.322591     3.20219000e-03
19.329032     3.00088000e-03
19.335475     2.61705000e-03
19.341920     3.01266000e-03
19.348368     2.51497000e-03
19.354817     2.83437000e-03
19.361269     2.59220000e-03
19.367722     3.23453000e-03
19.374178     3.22738000e-03
19.380637     2.59541000e-03
19.387097     3.06025000e-03
19.393559     3.15952000e-03
19.400024     2.63430000e-03
19.406490     2.87488000e-03
19.412959     2.51807000e-03
19.419430     2.55826000e-03
19.425903     2.50092000e-03
19.432378     2.69678000e-03
19.438856     2.62060000e-03
19.445336     2.43888000e-03
19.451817     2.75176000e-03
19.458301     2.96222000e-03
19.464787     3.06417000e-03
19.471276     3.04748000e-03
19.477766     2.49410000e-03
19.484259     3.03640000e-03
19.490753     3.19220000e-03
19.497250     3.21060000e-03
19.503749     3.03818000e-03
19.510251     3.37413000e-03
19.516754     3.38833000e-03
19.523260     3.06706000e-03
19.529767     3.15673000e-03
19.536277     3.19740000e-03
19.542789     3.03661000e-03
19.549304     3.33981000e-03
19.555820     3.27463000e-03
19.562339     3.04941000e-03
19.568859     3.03345000e-03
19.575382     2.99128000e-03
19.581908     2.75898000e-03
19.588435     2.52890000e-03
19.594964     2.54141000e-03
19.601496     2.80712000e-03
19.608030     3.02468000e-03
19.614566     3.12041000e-03
19.621104     3.19965000e-03
19.627644     3.13436000e-03
19.634187     3.18628000e-03
19.640732     3.29656000e-03
19.647279     2.41706000e-03
19.653828     3.13023000e-03
19.660379     3.28735000e-03
19.666933     3.23497000e-03
19.673488     3.18746000e-03
19.680046     2.97988000e-03
19.686606     2.50758000e-03
19.693168     2.82478000e-03
19.699732     3.11624000e-03
19.706299     3.10055000e-03
19.712868     3.32595000e-03
19.719439     3.24887000e-03
19.726012     2.52883000e-03
19.732587     3.13008000e-03
19.739165     3.04860000e-03
19.745745     3.29938000e-03
19.752326     3.50665000e-03
19.758911     3.45965000e-03
19.765497     2.62389000e-03
19.772085     3.40284000e-03
19.778676     3.44898000e-03
19.785269     3.48144000e-03
19.791864     3.21862000e-03
19.798461     3.09176000e-03
19.805061     3.17084000e-03
19.811663     3.19047000e-03
19.818266     2.94545000e-03
19.824873     2.50554000e-03
19.831481     2.82609000e-03
19.838091     3.05280000e-03
19.844704     3.11634000e-03
19.851319     3.07249000e-03
19.857936     3.30579000e-03
19.864555     2.67223000e-03
19.871177     3.03195000e-03
19.877801     2.92035000e-03
19.884427     2.55130000e-03
19.891055     3.06109000e-03
19.897685     3.02952000e-03
19.904318     2.18568000e-03
19.910952     2.41539000e-03
19.917589     2.85343000e-03
19.924229     2.88136000e-03
19.930870     2.68193000e-03
19.937514     2.05590000e-03
19.944159     2.71421000e-03
19.950807     2.49594000e-03
19.957458     3.07141000e-03
19.964110     3.03028000e-03
19.970765     3.18129000e-03
19.977422     3.13974000e-03
19.984081     3.09970000e-03
19.990742     3.37626000e-03
19.997406     3.16060000e-03
20.004072     2.50348000e-03
20.010740     3.47768000e-03
20.017410     3.41128000e-03
20.024082     3.48894000e-03
20.030757     3.34829000e-03
20.037434     2.71649000e-03
20.044113     2.93116000e-03
20.050795     3.50895000e-03
20.057478     2.92278000e-03
20.064164     3.53266000e-03
20.070852     3.08419000e-03
20.077542     3.02346000e-03
20.084235     3.38771000e-03
20.090930     3.58304000e-03
20.097627     3.07659000e-03
20.104326     3.23799000e-03
20.111027     2.41121000e-03
20.117731     3.31090000e-03
20.124437     3.49586000e-03
20.131145     3.49671000e-03
20.137855     3.40137000e-03
20.144568     2.98003000e-03
20.151283     2.92340000e-03
20.158000     3.02650000e-03
20.164719     3.08536000e-03
20.171441     3.28289000e-03
20.178165     3.29063000e-03
20.184891     3.10997000e-03
20.191619     1.95531000e-03
20.198349     3.11152000e-03
20.205082     3.20254000e-03
20.211817     3.25950000e-03
20.218555     3.07832000e-03
20.225294     3.02676000e-03
20.232036     2.68066000e-03
20.238780     2.50604000e-03
20.245526     2.87817000e-03
20.252275     3.10855000e-03
20.259025     3.18951000e-03
20.265778     3.31458000e-03
20.272534     3.04239000e-03
20.279291     3.31768000e-03
20.286051     2.83278000e-03
20.292813     3.31895000e-03
20.299577     3.00553000e-03
20.306344     3.22254000e-03
20.313112     3.09470000e-03
20.319884     2.80070000e-03
20.326657     2.85915000e-03
20.333432     2.67469000e-03
20.340210     2.46471000e-03
20.346990     2.64575000e-03
20.353773     2.94162000e-03
20.360557     3.09358000e-03
20.367344     3.20150000e-03
20.374133     3.24118000e-03
20.380925     2.95507000e-03
20.387718     3.23831000e-03
20.394514     3.24988000e-03
20.401312     3.35590000e-03
20.408113     3.27420000e-03
20.414915     3.18639000e-03
20.421720     2.85295000e-03
20.428528     2.72365000e-03
20.435337     3.10173000e-03
20.442149     3.25372000e-03
20.448963     3.33427000e-03
20.455779     3.25950000e-03
20.462598     2.89137000e-03
20.469419     2.39165000e-03
20.476242     2.78918000e-03
20.483067     3.17391000e-03
20.489895     3.08018000e-03
20.496725     3.06551000e-03
20.503557     3.28053000e-03
20.510392     3.19956000e-03
20.517229     3.35967000e-03
20.524068     3.33374000e-03
20.530909     3.13793000e-03
20.537753     3.21052000e-03
20.544598     3.10805000e-03
20.551447     3.02693000e-03
20.558297     2.87477000e-03
20.565150     2.63321000e-03
20.572005     2.46396000e-03
20.578862     2.75565000e-03
20.585722     2.77430000e-03
20.592584     3.10140000e-03
20.599448     3.10508000e-03
20.606315     3.26575000e-03
20.613183     3.35429000e-03
20.620054     3.38087000e-03
20.626928     3.36025000e-03
20.633803     3.27090000e-03
20.640681     3.06273000e-03
20.647561     3.14057000e-03
20.654444     3.39333000e-03
20.661329     2.59474000e-03
20.668216     3.38664000e-03
20.675105     3.54590000e-03
20.681997     3.51445000e-03
20.688891     3.41541000e-03
20.695787     3.51317000e-03
20.702686     3.53073000e-03
20.709587     3.16072000e-03
20.716490     3.44562000e-03
20.723396     3.58303000e-03
20.730303     3.53526000e-03
20.737213     3.29434000e-03
20.744126     3.41318000e-03
20.751041     3.14435000e-03
20.757958     2.96912000e-03
20.764877     3.28080000e-03
20.771798     3.17806000e-03
20.778723     2.65903000e-03
20.785649     2.59955000e-03
20.792577     2.73425000e-03
20.799508     2.93454000e-03
20.806441     3.11327000e-03
20.813377     2.42612000e-03
20.820315     3.10200000e-03
20.827255     2.97884000e-03
20.834197     3.46948000e-03
20.841142     3.40233000e-03
20.848089     3.48976000e-03
20.855038     2.37572000e-03
20.861990     3.60313000e-03
20.868944     3.38577000e-03
20.875900     3.47536000e-03
20.882859     3.26846000e-03
20.889820     3.42184000e-03
20.896783     3.31404000e-03
20.903749     3.37089000e-03
20.910717     3.21536000e-03
20.917687     3.00297000e-03
20.924659     3.38620000e-03
20.931634     2.85421000e-03
20.938612     3.18822000e-03
20.945591     3.06684000e-03
20.952573     3.18596000e-03
20.959557     3.18908000e-03
20.966544     3.09057000e-03
20.973533     2.95926000e-03
20.980524     2.77266000e-03
20.987517     2.50449000e-03
20.994513     2.60997000e-03
21.001511     2.82974000e-03
21.008512     2.68333000e-03
21.015514     3.05257000e-03
21.022520     2.83262000e-03
21.029527     2.94071000e-03
21.036537     3.22795000e-03
21.043549     3.24144000e-03
21.050564     2.93815000e-03
21.057581     3.35979000e-03
21.064600     3.21847000e-03
21.071621     3.24357000e-03
21.078645     2.90177000e-03
21.085671     3.09757000e-03
21.092700     3.28153000e-03
21.099731     2.81042000e-03
21.106764     2.97654000e-03
21.113800     2.85258000e-03
21.120838     3.14172000e-03
21.127878     2.89757000e-03
21.134920     3.27293000e-03
21.141966     2.93601000e-03
21.149013     2.89860000e-03
21.156063     2.85244000e-03
21.163114     3.15599000e-03
21.170169     3.11021000e-03
21.177226     2.75712000e-03
21.184285     3.07760000e-03
21.191346     2.97381000e-03
21.198410     3.17723000e-03
21.205476     3.26773000e-03
21.212544     3.31697000e-03
21.219615     3.05013000e-03
21.226689     3.16518000e-03
21.233764     2.56328000e-03
21.240842     2.86682000e-03
21.247922     2.84831000e-03
21.255005     2.54584000e-03
21.262090     3.02634000e-03
21.269177     3.21886000e-03
21.276267     3.21846000e-03
21.283359     3.23388000e-03
21.290454     2.66394000e-03
21.297550     3.27152000e-03
21.304650     3.22410000e-03
21.311751     3.14391000e-03
21.318855     3.02107000e-03
21.325961     2.79791000e-03
21.333070     2.41988000e-03
21.340181     2.78719000e-03
21.347294     2.94883000e-03
21.354410     2.93887000e-03
21.361528     2.79466000e-03
21.368649     2.30119000e-03
21.375772     2.59792000e-03
21.382897     2.85244000e-03
21.390025     3.00094000e-03
21.397155     3.12965000e-03
21.404287     3.02100000e-03
21.411422     3.27385000e-03
21.418559     3.29929000e-03
21.425698     3.14735000e-03
21.432840     3.37234000e-03
21.439985     3.38689000e-03
21.447131     3.44460000e-03
21.454280     3.52325000e-03
21.461432     3.55307000e-03
21.468585     3.53619000e-03
21.475742     2.93885000e-03
21.482900     3.50054000e-03
21.490061     3.56037000e-03
21.497225     3.60496000e-03
21.504390     3.58789000e-03
21.511558     3.05102000e-03
21.518729     3.26456000e-03
21.525902     3.28859000e-03
21.533077     2.47616000e-03
21.540255     3.23343000e-03
21.547435     3.34141000e-03
21.554617     3.42008000e-03
21.561802     3.27374000e-03
21.568990     3.14903000e-03
21.576179     2.99569000e-03
21.583371     2.56035000e-03
21.590566     2.74198000e-03
21.597763     3.15181000e-03
21.604962     3.26377000e-03
21.612164     3.09344000e-03
21.619368     3.19241000e-03
21.626574     3.13895000e-03
21.633783     3.17720000e-03
21.640994     2.86096000e-03
21.648208     3.02312000e-03
21.655424     2.88563000e-03
21.662642     2.61739000e-03
21.669863     2.47398000e-03
21.677087     2.65753000e-03
21.684312     2.87385000e-03
21.691540     2.99868000e-03
21.698771     3.00774000e-03
21.706004     3.11893000e-03
21.713239     3.10983000e-03
21.720477     3.32159000e-03
21.727717     3.21886000e-03
21.734960     3.35219000e-03
21.742205     3.21248000e-03
21.749452     2.61480000e-03
21.756702     3.24822000e-03
21.763954     2.98603000e-03
21.771209     3.01155000e-03
21.778466     3.33037000e-03
21.785725     3.42461000e-03
21.792987     3.29589000e-03
21.800252     3.10671000e-03
21.807518     3.06899000e-03
21.814787     3.08441000e-03
21.822059     3.20978000e-03
21.829333     2.83377000e-03
21.836610     2.70975000e-03
21.843888     2.55850000e-03
21.851170     2.53605000e-03
21.858453     3.00502000e-03
21.865740     3.16145000e-03
21.873028     3.18139000e-03
21.880319     3.31626000e-03
21.887613     2.55299000e-03
21.894908     3.33928000e-03
21.902207     3.18184000e-03
21.909508     2.92398000e-03
21.916811     3.31077000e-03
21.924116     3.22523000e-03
21.931424     3.36951000e-03
21.938735     3.25407000e-03
21.946048     3.00392000e-03
21.953363     2.49799000e-03
21.960681     2.95881000e-03
21.968001     3.23067000e-03
21.975324     3.22241000e-03
21.982649     3.14122000e-03
21.989976     2.96809000e-03
21.997306     3.37089000e-03
22.004639     3.26014000e-03
22.011974     3.40292000e-03
22.019311     3.27538000e-03
22.026651     3.27904000e-03
22.033993     2.84144000e-03
22.041338     3.02104000e-03
22.048685     3.32625000e-03
22.056034     3.34233000e-03
22.063386     3.21001000e-03
22.070741     3.02498000e-03
22.078098     2.65674000e-03
22.085457     2.75375000e-03
22.092819     3.02815000e-03
22.100183     3.25106000e-03
22.107550     3.24217000e-03
22.114919     3.00869000e-03
22.122291     3.24844000e-03
22.129665     2.95456000e-03
22.137041     2.52911000e-03
22.144420     2.98953000e-03
22.151802     3.25499000e-03
22.159186     3.37843000e-03
22.166572     2.66330000e-03
22.173961     3.37181000e-03
22.181352     3.53735000e-03
22.188746     3.47848000e-03
22.196142     3.50194000e-03
22.203541     3.09560000e-03
22.210942     3.37225000e-03
22.218346     3.16960000e-03
22.225752     2.86961000e-03
22.233161     2.65906000e-03
22.240572     2.67949000e-03
22.247985     3.10068000e-03
22.255401     3.08285000e-03
22.262820     3.20081000e-03
22.270241     3.32151000e-03
22.277664     2.53610000e-03
22.285090     2.57193000e-03
22.292518     3.50741000e-03
22.299949     3.11146000e-03
22.307382     3.12490000e-03
22.314818     3.40281000e-03
22.322257     3.19708000e-03
22.329697     3.28620000e-03
22.337141     3.10628000e-03
22.344586     2.72979000e-03
22.352034     2.62803000e-03
22.359485     2.94694000e-03
22.366938     2.78839000e-03
22.374394     2.46406000e-03
22.381852     2.76160000e-03
22.389313     2.93469000e-03
22.396776     2.87783000e-03
22.404241     2.51435000e-03
22.411709     2.71558000e-03
22.419180     2.84070000e-03
22.426653     3.08162000e-03
22.434129     3.15190000e-03
22.441607     3.27243000e-03
22.449087     3.32918000e-03
22.456570     3.09634000e-03
22.464056     3.33142000e-03
22.471544     3.23602000e-03
22.479034     2.62524000e-03
22.486527     3.23799000e-03
22.494023     3.25921000e-03
22.501521     3.20253000e-03
22.509021     3.12535000e-03
22.516524     3.02182000e-03
22.524030     2.87472000e-03
22.531538     2.67360000e-03
22.539048     2.52599000e-03
22.546561     2.74041000e-03
22.554077     2.92485000e-03
22.561595     3.05996000e-03
22.569115     3.08483000e-03
22.576639     3.19979000e-03
22.584164     3.20686000e-03
22.591692     3.28903000e-03
22.599223     3.15653000e-03
22.606756     3.17140000e-03
22.614291     2.81927000e-03
22.621829     2.94474000e-03
22.629370     2.85764000e-03
22.636913     3.19254000e-03
22.644459     3.36082000e-03
22.652007     3.41850000e-03
22.659558     3.23978000e-03
22.667111     3.15714000e-03
22.674667     3.49408000e-03
22.682225     2.43374000e-03
22.689785     3.61200000e-03
22.697349     3.61012000e-03
22.704915     3.26808000e-03
22.712483     3.49966000e-03
22.720054     3.20238000e-03
22.727627     3.38320000e-03
22.735203     3.08126000e-03
22.742781     3.34845000e-03
22.750362     3.57614000e-03
22.757946     2.92327000e-03
22.765532     3.52772000e-03
22.773120     3.54671000e-03
22.780711     3.36022000e-03
22.788305     2.64880000e-03
22.795901     2.73481000e-03
22.803499     3.31676000e-03
22.811101     3.38155000e-03
22.818704     3.48524000e-03
22.826311     3.11283000e-03
22.833919     3.25684000e-03
22.841531     3.42834000e-03
22.849145     3.36528000e-03
22.856761     3.00763000e-03
22.864380     3.28905000e-03
22.872001     3.04984000e-03
22.879625     3.11712000e-03
22.887252     3.00529000e-03
22.894881     2.92254000e-03
22.902513     2.78125000e-03
22.910147     2.56498000e-03
22.917783     2.46037000e-03
22.925423     2.80998000e-03
22.933064     2.96108000e-03
22.940709     3.05775000e-03
22.948356     3.13145000e-03
22.956005     3.17737000e-03
22.963657     3.06840000e-03
22.971312     2.76427000e-03
22.978969     3.10610000e-03
22.986628     3.00476000e-03
22.994291     2.73396000e-03
23.001955     2.65398000e-03
23.009623     2.98069000e-03
23.017293     3.04087000e-03
23.024965     3.28665000e-03
23.032640     3.31600000e-03
23.040318     3.41049000e-03
23.047998     3.45358000e-03
23.055680     3.36678000e-03
23.063366     3.46306000e-03
23.071053     2.50792000e-03
23.078744     2.79840000e-03
23.086437     3.52703000e-03
23.094132     3.63205000e-03
23.101830     3.55742000e-03
23.109531     3.26556000e-03
23.117234     3.29009000e-03
23.124940     3.04236000e-03
23.132648     2.75292000e-03
23.140359     3.53609000e-03
23.148072     3.64094000e-03
23.155788     3.09745000e-03
23.163507     3.53043000e-03
23.171228     3.53909000e-03
23.178952     3.73255000e-03
23.186678     2.98442000e-03
23.194407     2.86167000e-03
23.202139     3.45882000e-03
23.209873     2.59445000e-03
23.217609     3.56998000e-03
23.225348     3.55227000e-03
23.233090     2.99960000e-03
23.240835     3.18045000e-03
23.248582     3.13177000e-03
23.256331     2.66721000e-03
23.264083     3.26791000e-03
23.271838     3.65816000e-03
23.279595     3.61969000e-03
23.287355     2.63392000e-03
23.295117     3.43430000e-03
23.302882     3.61698000e-03
23.310650     3.57386000e-03
23.318420     2.63424000e-03
23.326193     3.56585000e-03
23.333969     3.40170000e-03
23.341746     3.39760000e-03
23.349527     3.47208000e-03
23.357310     3.31019000e-03
23.365096     2.48095000e-03
23.372884     3.41279000e-03
23.380675     3.30759000e-03
23.388469     3.55145000e-03
23.396265     3.10396000e-03
23.404064     3.61717000e-03
23.411865     3.32488000e-03
23.419669     3.49387000e-03
23.427476     3.44660000e-03
23.435285     3.54629000e-03
23.443097     3.51152000e-03
23.450911     3.45226000e-03
23.458728     3.04477000e-03
23.466548     3.33653000e-03
23.474370     3.16530000e-03
23.482194     3.16399000e-03
23.490022     3.04693000e-03
23.497852     2.79521000e-03
23.505685     2.61186000e-03
23.513520     2.60769000e-03
23.521358     2.83605000e-03
23.529198     3.02253000e-03
23.537041     2.77381000e-03
23.544887     3.11369000e-03
23.552735     3.20940000e-03
23.560586     2.66715000e-03
23.568440     3.25914000e-03
23.576296     3.29146000e-03
23.584155     3.25248000e-03
23.592016     3.15547000e-03
23.599880     2.83527000e-03
23.607747     2.70917000e-03
23.615616     3.02753000e-03
23.623488     2.89469000e-03
23.631362     2.66201000e-03
23.639239     2.64045000e-03
23.647119     2.66273000e-03
23.655001     2.84949000e-03
23.662886     3.02829000e-03
23.670774     3.12787000e-03
23.678664     3.21707000e-03
23.686557     3.27006000e-03
23.694453     3.19032000e-03
23.702351     3.35444000e-03
23.710252     3.36005000e-03
23.718155     3.35941000e-03
23.726061     3.34897000e-03
23.733970     3.28024000e-03
23.741881     3.10209000e-03
23.749795     2.36058000e-03
23.757712     2.99633000e-03
23.765631     3.23722000e-03
23.773553     3.22600000e-03
23.781477     3.00018000e-03
23.789404     3.19117000e-03
23.797334     3.22329000e-03
23.805267     3.10158000e-03
23.813202     2.82355000e-03
23.821140     2.83481000e-03
23.829080     3.03261000e-03
23.837023     2.98746000e-03
23.844969     2.86540000e-03
23.852917     2.64773000e-03
23.860868     2.53986000e-03
23.868821     2.15007000e-03
23.876778     2.88207000e-03
23.884737     2.94181000e-03
23.892698     2.70565000e-03
23.900662     2.63288000e-03
23.908629     2.96404000e-03
23.916599     3.02709000e-03
23.924571     2.82159000e-03
23.932546     2.71927000e-03
23.940524     2.64286000e-03
23.948504     2.77441000e-03
23.956487     2.63577000e-03
23.964472     3.07827000e-03
23.972460     3.14787000e-03
23.980451     3.32378000e-03
23.988444     3.36642000e-03
23.996441     2.61006000e-03
24.004439     3.45600000e-03
24.012441     3.43283000e-03
24.020445     3.17502000e-03
24.028452     3.53368000e-03
24.036461     3.51561000e-03
24.044473     3.53673000e-03
24.052488     3.18514000e-03
24.060506     3.20153000e-03
24.068526     3.54039000e-03
24.076549     3.27673000e-03
24.084574     2.69438000e-03
24.092603     3.28230000e-03
24.100633     2.81879000e-03
24.108667     3.31750000e-03
24.116703     3.43770000e-03
24.124742     3.62190000e-03
24.132784     3.59196000e-03
24.140828     3.06730000e-03
24.148875     3.35146000e-03
24.156924     2.68961000e-03
24.164977     3.50449000e-03
24.173032     3.44584000e-03
24.181089     3.26960000e-03
24.189150     3.69117000e-03
24.197213     3.61086000e-03
24.205279     3.64229000e-03
24.213347     3.08041000e-03
24.221418     3.59520000e-03
24.229492     3.74412000e-03
24.237568     3.74227000e-03
24.245648     3.52969000e-03
24.253729     2.61020000e-03
24.261814     3.40079000e-03
24.269901     3.69212000e-03
24.277991     3.73512000e-03
24.286084     3.34346000e-03
24.294179     3.67627000e-03
24.302277     3.28448000e-03
24.310378     3.15832000e-03
24.318482     3.40243000e-03
24.326588     2.84761000e-03
24.334697     3.45956000e-03
24.342808     2.74147000e-03
24.350922     3.06520000e-03
24.359040     3.13619000e-03
24.367159     3.01957000e-03
24.375281     2.67351000e-03
24.383407     3.58601000e-03
24.391534     3.28474000e-03
24.399665     3.44736000e-03
24.407798     3.49582000e-03
24.415934     3.17454000e-03
24.424073     3.21263000e-03
24.432214     3.39652000e-03
24.440358     3.43484000e-03
24.448505     2.99817000e-03
24.456654     3.53582000e-03
24.464807     2.90885000e-03
24.472962     3.38836000e-03
24.481119     3.14728000e-03
24.489280     2.42672000e-03
24.497443     3.23455000e-03
24.505609     3.39746000e-03
24.513777     3.29324000e-03
24.521948     2.97497000e-03
24.530122     3.07740000e-03
24.538299     2.63808000e-03
24.546478     3.28217000e-03
24.554661     3.26856000e-03
24.562846     3.53350000e-03
24.571033     3.53466000e-03
24.579224     3.50190000e-03
24.587416     3.54678000e-03
24.595612     3.32059000e-03
24.603811     3.21286000e-03
24.612012     3.09642000e-03
24.620216     2.45382000e-03
24.628423     2.95220000e-03
24.636632     3.63815000e-03
24.644845     2.61224000e-03
24.653060     3.45581000e-03
24.661277     2.72140000e-03
24.669498     3.59599000e-03
24.677721     3.37499000e-03
24.685947     3.23766000e-03
24.694175     3.48119000e-03
24.702407     3.39291000e-03
24.710641     2.94916000e-03
24.718878     3.05551000e-03
24.727117     3.04455000e-03
24.735360     3.48066000e-03
24.743605     3.03551000e-03
24.751853     3.06115000e-03
24.760103     2.90152000e-03
24.768357     2.22573000e-03
24.776613     3.08695000e-03
24.784872     3.55484000e-03
24.793133     3.64693000e-03
24.801398     3.55076000e-03
24.809665     3.54383000e-03
24.817935     2.66580000e-03
24.826207     3.54035000e-03
24.834483     3.57631000e-03
24.842761     3.13723000e-03
24.851042     3.46012000e-03
24.859326     3.54037000e-03
24.867612     3.56457000e-03
24.875901     3.49715000e-03
24.884193     3.31235000e-03
24.892488     3.13313000e-03
24.900785     3.29997000e-03
24.909086     2.97339000e-03
24.917389     2.88587000e-03
24.925694     3.19878000e-03
24.934003     3.15312000e-03
24.942314     2.88566000e-03
24.950629     2.67510000e-03
24.958945     2.98235000e-03
24.967265     2.70109000e-03
24.975587     2.83631000e-03
24.983913     2.74878000e-03
24.992241     2.93518000e-03
25.000571     2.66634000e-03
25.008905     3.15472000e-03
25.017241     3.13593000e-03
25.025580     2.84251000e-03
25.033922     2.83259000e-03
25.042267     2.98953000e-03
25.050614     2.86141000e-03
25.058964     2.70088000e-03
25.067317     2.60513000e-03
25.075673     2.70359000e-03
25.084032     2.94784000e-03
25.092393     3.04041000e-03
25.100757     3.11435000e-03
25.109124     3.11245000e-03
25.117494     3.08023000e-03
25.125866     3.04081000e-03
25.134242     2.89339000e-03
25.142620     2.68679000e-03
25.151000     2.72153000e-03
25.159384     2.86486000e-03
25.167771     2.60505000e-03
25.176160     2.91503000e-03
25.184552     3.10572000e-03
25.192947     3.18237000e-03
25.201345     3.00082000e-03
25.209745     3.22067000e-03
25.218148     3.16039000e-03
25.226554     2.75510000e-03
25.234963     2.84122000e-03
25.243375     3.36120000e-03
25.251789     3.23212000e-03
25.260206     3.42315000e-03
25.268626     3.39479000e-03
25.277049     3.31652000e-03
25.285475     3.35792000e-03
25.293904     3.33054000e-03
25.302335     3.26715000e-03
25.310769     3.17619000e-03
25.319206     2.77551000e-03
25.327646     2.81071000e-03
25.336088     3.04711000e-03
25.344534     2.93506000e-03
25.352982     2.82608000e-03
25.361433     2.68190000e-03
25.369886     2.66790000e-03
25.378343     2.81261000e-03
25.386803     2.94445000e-03
25.395265     3.05487000e-03
25.403730     3.14486000e-03
25.412198     3.22683000e-03
25.420669     3.29053000e-03
25.429142     2.80029000e-03
25.437619     3.35836000e-03
25.446098     3.39963000e-03
25.454580     3.44104000e-03
25.463065     3.19103000e-03
25.471552     3.38445000e-03
25.480043     3.39676000e-03
25.488536     3.44326000e-03
25.497032     3.15923000e-03
25.505531     3.40931000e-03
25.514033     3.59285000e-03
25.522538     3.57392000e-03
25.531045     3.41471000e-03
25.539556     3.42942000e-03
25.548069     3.14566000e-03
25.556585     3.22122000e-03
25.565104     3.04514000e-03
25.573626     3.03717000e-03
25.582150     2.82877000e-03
25.590678     2.62316000e-03
25.599208     2.92073000e-03
25.607741     2.71739000e-03
25.616277     3.11860000e-03
25.624815     3.33588000e-03
25.633357     3.44263000e-03
25.641901     3.51565000e-03
25.650449     3.50745000e-03
25.658999     3.41514000e-03
25.667552     3.50942000e-03
25.676108     3.59393000e-03
25.684666     3.43557000e-03
25.693228     2.73046000e-03
25.701792     2.89115000e-03
25.710360     3.51107000e-03
25.718930     3.26762000e-03
25.727503     2.74008000e-03
25.736079     3.31782000e-03
25.744657     3.41248000e-03
25.753239     2.66497000e-03
25.761823     3.61164000e-03
25.770411     3.08753000e-03
25.779001     3.73891000e-03
25.787594     3.74172000e-03
25.796190     3.81400000e-03
25.804788     3.71251000e-03
25.813390     3.60015000e-03
25.821994     3.48017000e-03
25.830602     3.38710000e-03
25.839212     3.51819000e-03
25.847825     3.37094000e-03
25.856441     3.47245000e-03
25.865060     3.55876000e-03
25.873681     3.26305000e-03
25.882306     3.67605000e-03
25.890933     3.71119000e-03
25.899564     3.50816000e-03
25.908197     2.42863000e-03
25.916833     3.07225000e-03
25.925472     3.35900000e-03
25.934114     3.23354000e-03
25.942759     3.02478000e-03
25.951406     3.54383000e-03
25.960057     3.42230000e-03
25.968710     2.63240000e-03
25.977366     3.19584000e-03
25.986025     2.75117000e-03
25.994687     3.18217000e-03
26.003352     2.99440000e-03
26.012020     2.68768000e-03
26.020691     3.02284000e-03
26.029364     2.96156000e-03
26.038041     3.19073000e-03
26.046720     2.96833000e-03
26.055402     2.69169000e-03
26.064087     3.07321000e-03
26.072775     3.28063000e-03
26.081466     3.41827000e-03
26.090160     3.52151000e-03
26.098857     3.49868000e-03
26.107556     3.49198000e-03
26.116259     3.50038000e-03
26.124964     3.62924000e-03
26.133673     3.50689000e-03
26.142384     3.45337000e-03
26.151098     3.29586000e-03
26.159815     3.63556000e-03
26.168535     3.50969000e-03
26.177258     3.42777000e-03
26.185984     3.10974000e-03
26.194712     3.25712000e-03
26.203444     2.83426000e-03
26.212178     3.18647000e-03
26.220916     3.60456000e-03
26.229656     2.99961000e-03
26.238399     2.64975000e-03
26.247145     3.20541000e-03
26.255894     2.68237000e-03
26.264646     3.21218000e-03
26.273401     3.49495000e-03
26.282159     2.92782000e-03
26.290920     3.67482000e-03
26.299683     3.58760000e-03
26.308450     3.52958000e-03
26.317220     3.64055000e-03
26.325992     2.57987000e-03
26.334767     3.66989000e-03
26.343546     3.53840000e-03
26.352327     3.34038000e-03
26.361111     3.59718000e-03
26.369898     3.54003000e-03
26.378688     3.40685000e-03
26.387481     3.67580000e-03
26.396276     3.59031000e-03
26.405075     3.31293000e-03
26.413877     3.30203000e-03
26.422682     3.24727000e-03
26.431489     2.87905000e-03
26.440300     3.41022000e-03
26.449113     3.48207000e-03
26.457929     3.36947000e-03
26.466749     3.32541000e-03
26.475571     3.43974000e-03
26.484396     3.44207000e-03
26.493224     3.39211000e-03
26.502055     3.32067000e-03
26.510889     3.13567000e-03
26.519726     2.83637000e-03
26.528566     2.68316000e-03
26.537409     3.00570000e-03
26.546255     3.08723000e-03
26.555104     3.00838000e-03
26.563955     2.84106000e-03
26.572810     2.73585000e-03
26.581668     2.65478000e-03
26.590528     2.82472000e-03
26.599392     2.10800000e-03
26.608258     2.93654000e-03
26.617128     3.05733000e-03
26.626000     3.04358000e-03
26.634875     2.91432000e-03
26.643754     2.67759000e-03
26.652635     2.93574000e-03
26.661519     2.93780000e-03
26.670406     3.03840000e-03
26.679296     2.94146000e-03
26.688190     2.82773000e-03
26.697086     2.72746000e-03
26.705985     2.69955000e-03
26.714887     2.83825000e-03
26.723792     2.93838000e-03
26.732699     3.05153000e-03
26.741610     3.10818000e-03
26.750524     2.95186000e-03
26.759441     2.96838000e-03
26.768361     3.14809000e-03
26.777284     2.87939000e-03
26.786209     2.99430000e-03
26.795138     2.98752000e-03
26.804070     2.97013000e-03
26.813005     3.27081000e-03
26.821942     3.38931000e-03
26.830883     3.45703000e-03
26.839827     3.48704000e-03
26.848773     3.50481000e-03
26.857723     3.06416000e-03
26.866675     3.49405000e-03
26.875631     3.54565000e-03
26.884589     3.49257000e-03
26.893551     3.44109000e-03
26.902515     3.16559000e-03
26.911483     2.87361000e-03
26.920453     3.39200000e-03
26.929427     3.53505000e-03
26.938403     3.53246000e-03
26.947383     3.65910000e-03
26.956365     3.65152000e-03
26.965351     3.65266000e-03
26.974339     3.62341000e-03
26.983331     3.49853000e-03
26.992325     3.65003000e-03
27.001323     3.29423000e-03
27.010323     3.45896000e-03
27.019326     3.29474000e-03
27.028333     2.76475000e-03
27.037342     2.89476000e-03
27.046355     3.39912000e-03
27.055370     3.06141000e-03
27.064389     3.16274000e-03
27.073410     2.79203000e-03
27.082435     3.02503000e-03
27.091462     3.18855000e-03
27.100493     3.19797000e-03
27.109526     3.44582000e-03
27.118563     3.22205000e-03
27.127602     3.07904000e-03
27.136645     3.11444000e-03
27.145690     3.47024000e-03
27.154739     3.55778000e-03
27.163790     3.48221000e-03
27.172845     3.53482000e-03
27.181902     2.68083000e-03
27.190963     2.85605000e-03
27.200027     3.47852000e-03
27.209094     3.68796000e-03
27.218163     3.72243000e-03
27.227236     3.04684000e-03
27.236312     3.53177000e-03
27.245390     3.41889000e-03
27.254472     3.24421000e-03
27.263557     3.69734000e-03
27.272645     3.63287000e-03
27.281736     3.44473000e-03
27.290830     3.31258000e-03
27.299927     3.55218000e-03
27.309027     3.55055000e-03
27.318130     3.71674000e-03
27.327236     2.82169000e-03
27.336345     3.37256000e-03
27.345457     3.21403000e-03
27.354572     3.69019000e-03
27.363690     3.83906000e-03
27.372811     3.94211000e-03
27.381936     3.22104000e-03
27.391063     3.09990000e-03
27.400193     3.62129000e-03
27.409327     3.92658000e-03
27.418463     3.75412000e-03
27.427603     3.54575000e-03
27.436745     3.75136000e-03
27.445891     3.85726000e-03
27.455040     3.42583000e-03
27.464191     2.76116000e-03
27.473346     3.57639000e-03
27.482504     3.71144000e-03
27.491664     3.60064000e-03
27.500828     3.70794000e-03
27.509995     2.57306000e-03
27.519165     3.62256000e-03
27.528338     3.72116000e-03
27.537515     2.62393000e-03
27.546694     3.22826000e-03
27.555876     3.67863000e-03
27.565061     3.25007000e-03
27.574250     2.66039000e-03
27.583441     3.55994000e-03
27.592635     3.13356000e-03
27.601833     3.78876000e-03
27.611034     3.83897000e-03
27.620237     3.46895000e-03
27.629444     3.74446000e-03
27.638654     3.65310000e-03
27.647867     3.79186000e-03
27.657083     3.66487000e-03
27.666302     3.50438000e-03
27.675524     3.53020000e-03
27.684749     3.76339000e-03
27.693977     3.58979000e-03
27.703208     3.50161000e-03
27.712443     3.40788000e-03
27.721680     3.54011000e-03
27.730921     3.35197000e-03
27.740165     3.54980000e-03
27.749411     3.19227000e-03
27.758661     3.69011000e-03
27.767914     3.73009000e-03
27.777170     3.55610000e-03
27.786429     3.63474000e-03
27.795691     3.20607000e-03
27.804956     3.58398000e-03
27.814225     3.35110000e-03
27.823496     3.44934000e-03
27.832771     3.30638000e-03
27.842048     2.94537000e-03
27.851329     3.08899000e-03
27.860613     2.66144000e-03
27.869900     3.20398000e-03
27.879189     3.06350000e-03
27.888483     2.84017000e-03
27.897779     2.75407000e-03
27.907078     2.98201000e-03
27.916380     3.12301000e-03
27.925686     3.28213000e-03
27.934994     3.36937000e-03
27.944306     3.37425000e-03
27.953621     3.00302000e-03
27.962939     3.44891000e-03
27.972260     3.24420000e-03
27.981584     3.21292000e-03
27.990911     2.72561000e-03
28.000241     2.69000000e-03
28.009575     3.38995000e-03
28.018911     3.45318000e-03
28.028251     3.42737000e-03
28.037594     2.90563000e-03
28.046940     2.74451000e-03
28.056289     3.14746000e-03
28.065641     2.13968000e-03
28.074996     2.77715000e-03
28.084354     3.10772000e-03
28.093715     2.76335000e-03
28.103080     3.13838000e-03
28.112448     2.91146000e-03
28.121819     2.95287000e-03
28.131193     3.21875000e-03
28.140570     3.30257000e-03
28.149950     3.13323000e-03
28.159333     3.25722000e-03
28.168720     3.20428000e-03
28.178109     2.98184000e-03
28.187502     2.96633000e-03
28.196898     2.79139000e-03
28.206297     2.78820000e-03
28.215699     2.94417000e-03
28.225104     2.96114000e-03
28.234512     2.81287000e-03
28.243924     2.81263000e-03
28.253339     3.02286000e-03
28.262756     3.15556000e-03
28.272177     2.88063000e-03
28.281601     3.27817000e-03
28.291028     2.98707000e-03
28.300459     3.14749000e-03
28.309892     3.30162000e-03
28.319329     2.64572000e-03
28.328769     2.95093000e-03
28.338212     3.29107000e-03
28.347658     3.20460000e-03
28.357107     3.00912000e-03
28.366559     2.84645000e-03
28.376015     3.10150000e-03
28.385473     3.01707000e-03
28.394935     2.96826000e-03
28.404400     2.82476000e-03
28.413868     2.80582000e-03
28.423340     2.75899000e-03
28.432814     2.78607000e-03
28.442292     2.92868000e-03
28.451773     3.05109000e-03
28.461256     3.01115000e-03
28.470744     3.18657000e-03
28.480234     3.24986000e-03
28.489727     3.21427000e-03
28.499224     3.21993000e-03
28.508723     3.25619000e-03
28.518226     2.95855000e-03
28.527732     3.17084000e-03
28.537242     3.20813000e-03
28.546754     3.15738000e-03
28.556270     3.03160000e-03
28.565789     2.99496000e-03
28.575310     2.88970000e-03
28.584836     2.29038000e-03
28.594364     2.73634000e-03
28.603895     2.85743000e-03
28.613430     2.92212000e-03
28.622968     3.06829000e-03
28.632509     3.11224000e-03
28.642053     3.21781000e-03
28.651600     3.28645000e-03
28.661151     3.32978000e-03
28.670704     3.28506000e-03
28.680261     3.34053000e-03
28.689821     3.39942000e-03
28.699385     3.12797000e-03
28.708951     2.95795000e-03
28.718521     3.47364000e-03
28.728094     3.45860000e-03
28.737670     3.11306000e-03
28.747249     3.47093000e-03
28.756831     3.44714000e-03
28.766417     3.28374000e-03
28.776006     2.81757000e-03
28.785598     3.18247000e-03
28.795193     3.42478000e-03
28.804791     3.21972000e-03
28.814393     3.60532000e-03
28.823998     3.55166000e-03
28.833606     3.63921000e-03
28.843217     3.70197000e-03
28.852831     3.56015000e-03
28.862449     3.76094000e-03
28.872070     3.65534000e-03
28.881694     3.55062000e-03
28.891321     3.03207000e-03
28.900952     3.44718000e-03
28.910585     3.48877000e-03
28.920222     3.48323000e-03
28.929862     3.82255000e-03
28.939505     3.79175000e-03
28.949152     3.80623000e-03
28.958802     2.89781000e-03
28.968454     3.71363000e-03
28.978111     3.46649000e-03
28.987770     3.19380000e-03
28.997433     3.69807000e-03
29.007098     3.60617000e-03
29.016768     3.53608000e-03
29.026440     3.16176000e-03
29.036115     3.03273000e-03
29.045794     3.47764000e-03
29.055476     3.47807000e-03
29.065161     3.56424000e-03
29.074849     3.49071000e-03
29.084541     3.34120000e-03
29.094236     3.48254000e-03
29.103934     3.42306000e-03
29.113635     3.25870000e-03
29.123340     2.73832000e-03
29.133048     2.82963000e-03
29.142759     2.89816000e-03
29.152473     3.18508000e-03
29.162190     3.34324000e-03
29.171911     3.46364000e-03
29.181635     3.43847000e-03
29.191362     3.51874000e-03
29.201093     3.05701000e-03
29.210826     3.61363000e-03
29.220563     3.47453000e-03
29.230304     3.38581000e-03
29.240047     3.50973000e-03
29.249794     3.59175000e-03
29.259544     3.50283000e-03
29.269297     3.31759000e-03
29.279053     3.68123000e-03
29.288813     3.63211000e-03
29.298576     3.59683000e-03
29.308342     3.61632000e-03
29.318111     3.36124000e-03
29.327884     3.47619000e-03
29.337660     3.19691000e-03
29.347439     3.35888000e-03
29.357222     3.01695000e-03
29.367007     2.85437000e-03
29.376797     3.26623000e-03
29.386589     3.41198000e-03
29.396384     3.54858000e-03
29.406183     3.59401000e-03
29.415985     3.57758000e-03
29.425791     3.57888000e-03
29.435599     3.10233000e-03
29.445411     3.44493000e-03
29.455226     3.51672000e-03
29.465045     3.42718000e-03
29.474866     3.44406000e-03
29.484691     3.25590000e-03
29.494519     2.88977000e-03
29.504351     2.77909000e-03
29.514186     2.96640000e-03
29.524024     2.92483000e-03
29.533865     3.13692000e-03
29.543710     2.76852000e-03
29.553558     3.23372000e-03
29.563409     3.13129000e-03
29.573263     2.93635000e-03
29.583121     2.96023000e-03
29.592982     3.24276000e-03
29.602846     3.40530000e-03
29.612714     3.46793000e-03
29.622585     3.43191000e-03
29.632459     3.58452000e-03
29.642337     3.49574000e-03
29.652217     3.50953000e-03
29.662101     3.71124000e-03
29.671989     3.23877000e-03
29.681880     3.18126000e-03
29.691773     3.77188000e-03
29.701671     3.61038000e-03
29.711571     3.34633000e-03
29.721475     3.54214000e-03
29.731382     3.27645000e-03
29.741293     3.72596000e-03
29.751206     3.61409000e-03
29.761124     3.77751000e-03
29.771044     3.75506000e-03
29.780968     3.52681000e-03
29.790895     3.19052000e-03
29.800825     3.22243000e-03
29.810758     3.36297000e-03
29.820695     2.50140000e-03
29.830636     3.02299000e-03
29.840579     2.92308000e-03
29.850526     2.91873000e-03
29.860476     3.27386000e-03
29.870430     3.29915000e-03
29.880387     3.33205000e-03
29.890347     3.37477000e-03
29.900310     3.47360000e-03
29.910277     3.37570000e-03
29.920247     3.06994000e-03
29.930220     2.98153000e-03
29.940197     3.34388000e-03
29.950177     3.49408000e-03
29.960161     3.18904000e-03
29.970147     3.69999000e-03
29.980137     3.35915000e-03
29.990131     3.56542000e-03
30.000128     3.08004000e-03
30.010127     3.72983000e-03
30.020131     3.68905000e-03
30.030138     3.68865000e-03
30.040148     3.67424000e-03
30.050161     3.62867000e-03
30.060178     3.75097000e-03
30.070198     3.62004000e-03
30.080221     2.54998000e-03
30.090248     3.62781000e-03
30.100278     3.42170000e-03
30.110311     3.34152000e-03
30.120348     3.53975000e-03
30.130388     3.48007000e-03
30.140432     2.89414000e-03
30.150479     3.16996000e-03
30.160529     3.23641000e-03
30.170582     3.25607000e-03
30.180639     2.92229000e-03
30.190699     3.04065000e-03
30.200763     3.30051000e-03
30.210830     3.45569000e-03
30.220900     3.41885000e-03
30.230974     3.20695000e-03
30.241051     3.59143000e-03
30.251131     2.95164000e-03
30.261215     3.68448000e-03
30.271302     3.66336000e-03
30.281392     3.19392000e-03
30.291486     3.48653000e-03
30.301583     3.54759000e-03
30.311684     3.36359000e-03
30.321788     3.19875000e-03
30.331895     3.53885000e-03
30.342006     3.60407000e-03
30.352120     3.56947000e-03
30.362237     3.59994000e-03
30.372358     3.56397000e-03
30.382482     3.49756000e-03
30.392609     3.44130000e-03
30.402740     3.20770000e-03
30.412874     3.25079000e-03
30.423012     3.37979000e-03
30.433153     3.31642000e-03
30.443297     3.01180000e-03
30.453445     3.02884000e-03
30.463596     2.96114000e-03
30.473751     2.80100000e-03
30.483909     2.97337000e-03
30.494070     2.99839000e-03
30.504235     2.16354000e-03
30.514403     2.87409000e-03
30.524574     2.64769000e-03
30.534749     2.84014000e-03
30.544927     2.94858000e-03
30.555109     3.03771000e-03
30.565294     3.14006000e-03
30.575483     3.21779000e-03
30.585674     3.27820000e-03
30.595870     3.30735000e-03
30.606068     3.30753000e-03
30.616270     3.37882000e-03
30.626476     3.19180000e-03
30.636685     3.12355000e-03
30.646897     3.00612000e-03
30.657112     3.37066000e-03
30.667331     3.34397000e-03
30.677554     3.36214000e-03
30.687780     3.02332000e-03
30.698009     2.96049000e-03
30.708242     3.24597000e-03
30.718478     3.31867000e-03
30.728717     3.36440000e-03
30.738960     3.49284000e-03
30.749206     2.92464000e-03
30.759456     3.27706000e-03
30.769709     3.35856000e-03
30.779966     2.89900000e-03
30.790226     3.32384000e-03
30.800489     3.40220000e-03
30.810756     3.38833000e-03
30.821026     3.33584000e-03
30.831300     3.25835000e-03
30.841577     3.14557000e-03
30.851858     2.88977000e-03
30.862142     2.89258000e-03
30.872429     2.78804000e-03
30.882720     2.91313000e-03
30.893014     2.98726000e-03
30.903312     2.93264000e-03
30.913613     3.13953000e-03
30.923917     3.22515000e-03
30.934225     2.80409000e-03
30.944537     3.43841000e-03
30.954852     3.41440000e-03
30.965170     3.51073000e-03
30.975492     3.55430000e-03
30.985817     3.55542000e-03
30.996145     3.44924000e-03
31.006477     3.59411000e-03
31.016813     3.60802000e-03
31.027152     3.55379000e-03
31.037494     3.49743000e-03
31.047840     3.03365000e-03
31.058189     3.40875000e-03
31.068542     3.18940000e-03
31.078898     3.15704000e-03
31.089258     3.07584000e-03
31.099621     3.35083000e-03
31.109987     3.31438000e-03
31.120358     3.27988000e-03
31.130731     3.10892000e-03
31.141108     2.77871000e-03
31.151488     2.94390000e-03
31.161872     3.09508000e-03
31.172259     2.81833000e-03
31.182650     3.10570000e-03
31.193044     3.12574000e-03
31.203442     2.97911000e-03
31.213843     2.90257000e-03
31.224248     3.07976000e-03
31.234656     3.26219000e-03
31.245067     2.92773000e-03
31.255482     3.21954000e-03
31.265901     3.10889000e-03
31.276323     3.44271000e-03
31.286748     3.58677000e-03
31.297177     3.61380000e-03
31.307610     3.68855000e-03
31.318046     3.71305000e-03
31.328485     3.74852000e-03
31.338928     3.30420000e-03
31.349374     3.77828000e-03
31.359824     3.75424000e-03
31.370277     3.10126000e-03
31.380734     3.09024000e-03
31.391194     3.66284000e-03
31.401658     3.87576000e-03
31.412125     3.39227000e-03
31.422596     2.83916000e-03
31.433070     3.71962000e-03
31.443548     2.91629000e-03
31.454029     3.78711000e-03
31.464513     3.74332000e-03
31.475002     3.47457000e-03
31.485493     3.75699000e-03
31.495988     2.88888000e-03
31.506487     3.35355000e-03
31.516989     3.23521000e-03
31.527495     3.63451000e-03
31.538004     3.65709000e-03
31.548517     3.54564000e-03
31.559033     3.73971000e-03
31.569553     3.72995000e-03
31.580076     2.96711000e-03
31.590602     3.69784000e-03
31.601133     3.84948000e-03
31.611666     3.88469000e-03
31.622204     3.68256000e-03
31.632744     3.76607000e-03
31.643289     3.49727000e-03
31.653836     3.53753000e-03
31.664388     3.38912000e-03
31.674943     3.69927000e-03
31.685501     3.54063000e-03
31.696063     3.03338000e-03
31.706628     2.74383000e-03
31.717197     3.29814000e-03
31.727769     3.05354000e-03
31.738345     2.21648000e-03
31.748925     3.07542000e-03
31.759508     3.30398000e-03
31.770094     3.12449000e-03
31.780684     3.50299000e-03
31.791278     3.63134000e-03
31.801875     3.68112000e-03
31.812475     3.35063000e-03
31.823080     3.21560000e-03
31.833687     3.05561000e-03
31.844299     3.78119000e-03
31.854913     3.58056000e-03
31.865532     3.80131000e-03
31.876153     3.74348000e-03
31.886779     3.68626000e-03
31.897408     3.57546000e-03
31.908040     3.40200000e-03
31.918676     3.16585000e-03
31.929316     3.11681000e-03
31.939959     3.38474000e-03
31.950606     2.87337000e-03
31.961256     3.38798000e-03
31.971909     3.04278000e-03
31.982567     3.60849000e-03
31.993228     3.23928000e-03
32.003892     3.44149000e-03
32.014560     3.60726000e-03
32.025231     3.47880000e-03
32.035907     3.55070000e-03
32.046585     2.97479000e-03
32.057267     3.25640000e-03
32.067953     3.12930000e-03
32.078643     2.72073000e-03
32.089335     3.08987000e-03
32.100032     3.20335000e-03
32.110732     3.46099000e-03
32.121435     3.54492000e-03
32.132143     3.35335000e-03
32.142853     2.94351000e-03
32.153568     3.59745000e-03
32.164285     3.39611000e-03
32.175007     3.74020000e-03
32.185732     3.25465000e-03
32.196460     3.36572000e-03
32.207193     3.74656000e-03
32.217928     3.82677000e-03
32.228668     3.55680000e-03
32.239410     3.35683000e-03
32.250157     3.45602000e-03
32.260907     3.50823000e-03
32.271661     2.51454000e-03
32.282418     3.05260000e-03
32.293179     3.59193000e-03
32.303943     3.62740000e-03
32.314711     3.10322000e-03
32.325483     3.58282000e-03
32.336258     3.24298000e-03
32.347037     3.75076000e-03
32.357819     3.62868000e-03
32.368605     3.34196000e-03
32.379394     3.62889000e-03
32.390188     2.59692000e-03
32.400984     2.88436000e-03
32.411785     2.53174000e-03
32.422589     3.52308000e-03
32.433396     2.95156000e-03
32.444207     3.59843000e-03
32.455022     3.72986000e-03
32.465840     3.63886000e-03
32.476662     3.01935000e-03
32.487488     3.45663000e-03
32.498317     3.23729000e-03
32.509150     3.64768000e-03
32.519986     2.99940000e-03
32.530826     3.61090000e-03
32.541670     3.48605000e-03
32.552517     3.14674000e-03
32.563368     3.69352000e-03
32.574222     3.79165000e-03
32.585080     3.76530000e-03
32.595942     3.78098000e-03
32.606807     3.71193000e-03
32.617676     3.75489000e-03
32.628549     3.22227000e-03
32.639425     3.63693000e-03
32.650305     3.64536000e-03
32.661188     3.64779000e-03
32.672075     3.32908000e-03
32.682966     3.44659000e-03
32.693860     3.68134000e-03
32.704758     3.46060000e-03
32.715660     3.55258000e-03
32.726565     3.26024000e-03
32.737474     3.54444000e-03
32.748386     3.48875000e-03
32.759302     3.49039000e-03
32.770222     3.24874000e-03
32.781146     3.32140000e-03
32.792073     2.82185000e-03
32.803003     2.95199000e-03
32.813938     3.15002000e-03
32.824876     2.98294000e-03
32.835817     2.98100000e-03
32.846763     3.23349000e-03
32.857712     3.32799000e-03
32.868664     3.30183000e-03
32.879620     3.35631000e-03
32.890580     2.87729000e-03
32.901544     3.31259000e-03
32.912511     3.26039000e-03
32.923482     2.85391000e-03
32.934456     3.14639000e-03
32.945434     3.06283000e-03
32.956416     2.94451000e-03
32.967402     2.89867000e-03
32.978391     2.93436000e-03
32.989384     2.83049000e-03
33.000380     2.86011000e-03
33.011380     2.86888000e-03
33.022384     2.46228000e-03
33.033391     2.74060000e-03
33.044403     2.89094000e-03
33.055417     3.05478000e-03
33.066436     3.14112000e-03
33.077458     3.15508000e-03
33.088484     3.20551000e-03
33.099513     3.11352000e-03
33.110546     3.10637000e-03
33.121583     2.93416000e-03
33.132624     2.72115000e-03
33.143668     3.08519000e-03
33.154716     3.05361000e-03
33.165768     3.20294000e-03
33.176823     2.81478000e-03
33.187882     3.30044000e-03
33.198944     3.03995000e-03
33.210011     3.19656000e-03
33.221081     2.90980000e-03
33.232154     3.19567000e-03
33.243232     3.38426000e-03
33.254313     3.44394000e-03
33.265398     3.43238000e-03
33.276486     3.25514000e-03
33.287578     2.93990000e-03
33.298674     3.35375000e-03
33.309774     3.51230000e-03
33.320877     3.52831000e-03
33.331984     3.38353000e-03
33.343094     3.48990000e-03
33.354209     3.33158000e-03
33.365327     3.21005000e-03
33.376449     3.53268000e-03
33.387574     3.62055000e-03
33.398703     3.61827000e-03
33.409836     3.64970000e-03
33.420973     3.61741000e-03
33.432113     3.55788000e-03
33.443257     2.85340000e-03
33.454405     3.28241000e-03
33.465556     3.46654000e-03
33.476712     2.69768000e-03
33.487871     3.24975000e-03
33.499033     3.06365000e-03
33.510199     2.75311000e-03
33.521370     3.04953000e-03
33.532543     3.08312000e-03
33.543721     3.34208000e-03
33.554902     3.39131000e-03
33.566087     3.46242000e-03
33.577276     3.61754000e-03
33.588468     3.56018000e-03
33.599664     3.35923000e-03
33.610864     2.90899000e-03
33.622068     3.58733000e-03
33.633275     3.33563000e-03
33.644486     3.39447000e-03
33.655701     3.78142000e-03
33.666920     3.85048000e-03
33.678142     3.18115000e-03
33.689368     2.61885000e-03
33.700598     3.44174000e-03
33.711831     3.75331000e-03
33.723069     3.52180000e-03
33.734310     3.53249000e-03
33.745554     3.84300000e-03
33.756803     3.21781000e-03
33.768055     3.71302000e-03
33.779311     3.52534000e-03
33.790571     3.26003000e-03
33.801835     2.98997000e-03
33.813102     3.68914000e-03
33.824373     3.79992000e-03
33.835648     3.38609000e-03
33.846926     3.70763000e-03
33.858209     3.90910000e-03
33.869495     3.76910000e-03
33.880784     3.84645000e-03
33.892078     3.70084000e-03
33.903375     3.90815000e-03
33.914676     3.84425000e-03
33.925981     3.48859000e-03
33.937290     3.92186000e-03
33.948602     3.64639000e-03
33.959919     3.63334000e-03
33.971239     3.40815000e-03
33.982562     3.23878000e-03
33.993890     3.49636000e-03
34.005221     3.79964000e-03
34.016556     3.72853000e-03
34.027895     3.40901000e-03
34.039238     3.79149000e-03
34.050584     3.18989000e-03
34.061934     3.89774000e-03
34.073288     3.87780000e-03
34.084646     3.66118000e-03
34.096008     3.44113000e-03
34.107373     3.43052000e-03
34.118742     3.07428000e-03
34.130115     3.65884000e-03
34.141492     3.66233000e-03
34.152872     3.16228000e-03
34.164257     3.63422000e-03
34.175645     3.84075000e-03
34.187036     3.84837000e-03
34.198432     3.86176000e-03
34.209832     3.85173000e-03
34.221235     3.65036000e-03
34.232642     3.58531000e-03
34.244053     3.38551000e-03
34.255468     3.65219000e-03
34.266886     3.62917000e-03
34.278308     3.71403000e-03
34.289735     3.64009000e-03
34.301164     3.46902000e-03
34.312598     2.67046000e-03
34.324036     3.44279000e-03
34.335477     3.50680000e-03
34.346922     3.04847000e-03
34.358371     3.39161000e-03
34.369824     3.43008000e-03
34.381281     3.26148000e-03
34.392741     2.96242000e-03
34.404205     3.06242000e-03
34.415673     3.25796000e-03
34.427145     3.43916000e-03
34.438621     3.54246000e-03
34.450100     3.55094000e-03
34.461584     3.46493000e-03
34.473071     3.48684000e-03
34.484562     3.36969000e-03
34.496057     3.23306000e-03
34.507556     2.93211000e-03
34.519058     3.11077000e-03
34.530564     3.14642000e-03
34.542075     2.96864000e-03
34.553589     2.93058000e-03
34.565106     3.13636000e-03
34.576628     3.30674000e-03
34.588154     3.41721000e-03
34.599683     3.51030000e-03
34.611216     3.56317000e-03
34.622753     3.55673000e-03
34.634294     3.57662000e-03
34.645839     3.68250000e-03
34.657388     3.67054000e-03
34.668940     3.58172000e-03
34.680496     3.14032000e-03
34.692057     3.44704000e-03
34.703621     3.03270000e-03
34.715189     3.48735000e-03
34.726760     3.23516000e-03
34.738336     2.93039000e-03
34.749915     3.21824000e-03
34.761499     3.41651000e-03
34.773086     3.31988000e-03
34.784677     3.65124000e-03
34.796272     3.70410000e-03
34.807870     3.71474000e-03
34.819473     3.57874000e-03
34.831080     3.60568000e-03
34.842690     3.46044000e-03
34.854304     2.96135000e-03
34.865922     3.38623000e-03
34.877544     3.16426000e-03
34.889170     3.61877000e-03
34.900800     3.66135000e-03
34.912433     3.36830000e-03
34.924071     3.37696000e-03
34.935712     3.57280000e-03
34.947358     3.53990000e-03
34.959007     3.47816000e-03
34.970660     3.42001000e-03
34.982317     2.58735000e-03
34.993977     3.04003000e-03
