# wavelength(um)    fp/fs
0.100007     1.06379000e-04
0.100040     9.94432000e-05
0.100074     1.07048000e-04
0.100107     1.07220000e-04
0.100140     1.06846000e-04
0.100174     1.06661000e-04
0.100207     8.71518000e-05
0.100241     1.06557000e-04
0.100274     1.06291000e-04
0.100307     1.04885000e-04
0.100341     1.04319000e-04
0.100374     1.04344000e-04
0.100408     1.07265000e-04
0.100441     1.07199000e-04
0.100475     1.06696000e-04
0.100508     1.04633000e-04
0.100542     1.06773000e-04
0.100575     1.05255000e-04
0.100609     1.05020000e-04
0.100642     8.49891000e-05
0.100676     1.05389000e-04
0.100709     1.02478000e-04
0.100743     1.05857000e-04
0.100777     1.06655000e-04
0.100810     1.04122000e-04
0.100844     4.92517000e-07
0.100877     1.02959000e-04
0.100911     1.06950000e-04
0.100945     1.06674000e-04
0.100978     1.06540000e-04
0.101012     1.06913000e-04
0.101046     1.00982000e-04
0.101079     1.06696000e-04
0.101113     1.07035000e-04
0.101147     1.07044000e-04
0.101180     1.07008000e-04
0.101214     1.06802000e-04
0.101248     1.01579000e-04
0.101282     1.05853000e-04
0.101315     1.06556000e-04
0.101349     1.04644000e-04
0.101383     8.61564000e-05
0.101417     1.04703000e-04
0.101451     1.05974000e-04
0.101484     1.04613000e-04
0.101518     1.06541000e-04
0.101552     1.06372000e-04
0.101586     1.06253000e-04
0.101620     1.06542000e-04
0.101654     1.06427000e-04
0.101688     1.00655000e-04
0.101721     1.06113000e-04
0.101755     1.05264000e-04
0.101789     9.61315000e-05
0.101823     4.67582000e-07
0.101857     1.04644000e-04
0.101891     1.05162000e-04
0.101925     1.05049000e-04
0.101959     8.48417000e-05
0.101993     1.02530000e-04
0.102027     1.04382000e-04
0.102061     1.03785000e-04
0.102095     1.03470000e-04
0.102129     1.02600000e-04
0.102163     1.01337000e-04
0.102197     9.92125000e-05
0.102231     9.51617000e-05
0.102265     8.49609000e-05
0.102299     1.36676000e-05
0.102333     7.97361000e-05
0.102368     9.32349000e-05
0.102402     9.58223000e-05
0.102436     9.52392000e-05
0.102470     1.01956000e-04
0.102504     1.02268000e-04
0.102538     1.03653000e-04
0.102573     9.00274000e-05
0.102607     9.94982000e-05
0.102641     1.03656000e-04
0.102675     1.01984000e-04
0.102709     1.02081000e-04
0.102744     7.75600000e-05
0.102778     1.02501000e-04
0.102812     1.04274000e-04
0.102846     1.03548000e-04
0.102881     9.91159000e-05
0.102915     1.05020000e-04
0.102949     1.05411000e-04
0.102984     1.05294000e-04
0.103018     5.05779000e-05
0.103052     1.04947000e-04
0.103087     8.10146000e-05
0.103121     1.04003000e-04
0.103155     1.03040000e-04
0.103190     6.79603000e-06
0.103224     1.04269000e-04
0.103258     1.03226000e-04
0.103293     1.01759000e-04
0.103327     1.00726000e-04
0.103362     1.04335000e-04
0.103396     4.71836000e-07
0.103431     1.80089000e-06
0.103465     1.01036000e-04
0.103500     9.32770000e-05
0.103534     1.75729000e-05
0.103569     9.67384000e-05
0.103603     9.83779000e-05
0.103638     9.32208000e-05
0.103672     8.15593000e-05
0.103707     8.25298000e-05
0.103741     6.82002000e-05
0.103776     9.34437000e-05
0.103811     9.88353000e-08
0.103845     1.00487000e-04
0.103880     1.02423000e-04
0.103914     1.02168000e-04
0.103949     3.48368000e-05
0.103984     9.21220000e-05
0.104018     1.03403000e-04
0.104053     1.00574000e-04
0.104088     9.20823000e-05
0.104122     9.15900000e-05
0.104157     1.02041000e-04
0.104192     1.04175000e-04
0.104227     1.04430000e-04
0.104261     9.90370000e-05
0.104296     1.02488000e-04
0.104331     1.04574000e-04
0.104366     1.02592000e-04
0.104400     8.96055000e-05
0.104435     1.04529000e-04
0.104470     1.04953000e-04
0.104505     1.04702000e-04
0.104540     1.04719000e-04
0.104575     1.05582000e-04
0.104609     1.05612000e-04
0.104644     1.05590000e-04
0.104679     9.55990000e-05
0.104714     1.05294000e-04
0.104749     1.04126000e-04
0.104784     9.44506000e-05
0.104819     1.04732000e-04
0.104854     1.14398000e-06
0.104889     1.03844000e-04
0.104924     1.04805000e-04
0.104959     1.03273000e-04
0.104994     1.01480000e-04
0.105029     9.68907000e-05
0.105064     1.04656000e-04
0.105099     8.27147000e-05
0.105134     9.93755000e-05
0.105169     1.05206000e-04
0.105204     1.05164000e-04
0.105239     1.04415000e-04
0.105274     1.05025000e-04
0.105309     1.04305000e-04
0.105344     1.04433000e-04
0.105379     1.04374000e-04
0.105414     2.68173000e-07
0.105449     4.75474000e-07
0.105485     8.02304000e-05
0.105520     3.25814000e-05
0.105555     9.98242000e-05
0.105590     1.03818000e-04
0.105625     5.64300000e-07
0.105661     1.02028000e-04
0.105696     1.04165000e-04
0.105731     1.02932000e-04
0.105766     1.03752000e-04
0.105802     1.03977000e-04
0.105837     1.16025000e-06
0.105872     1.03119000e-04
0.105907     9.96801000e-05
0.105943     1.03444000e-04
0.105978     1.03453000e-04
0.106013     1.03380000e-04
0.106049     1.02828000e-04
0.106084     1.02480000e-04
0.106119     9.97976000e-05
0.106155     9.96493000e-05
0.106190     1.01159000e-04
0.106225     8.27269000e-05
0.106261     1.01384000e-04
0.106296     1.01309000e-04
0.106332     9.92796000e-05
0.106367     1.00501000e-04
0.106403     9.86524000e-05
0.106438     8.64761000e-05
0.106474     8.82451000e-05
0.106509     9.57297000e-05
0.106545     6.56007000e-05
0.106580     9.74594000e-05
0.106616     9.56549000e-05
0.106651     7.57018000e-05
0.106687     6.06544000e-05
0.106722     8.74753000e-05
0.106758     8.90504000e-05
0.106793     9.51922000e-05
0.106829     9.23981000e-05
0.106865     6.58335000e-05
0.106900     1.15056000e-05
0.106936     6.81376000e-06
0.106972     2.75149000e-05
0.107007     4.79086000e-05
0.107043     1.00667000e-07
0.107079     7.08439000e-05
0.107114     8.04577000e-05
0.107150     7.45281000e-05
0.107186     1.49744000e-07
0.107221     4.47846000e-05
0.107257     1.48079000e-05
0.107293     7.62621000e-08
0.107329     2.48994000e-05
0.107364     4.91780000e-05
0.107400     9.66650000e-08
0.107436     5.18635000e-05
0.107472     7.00911000e-05
0.107508     3.01198000e-06
0.107543     6.32859000e-05
0.107579     1.23031000e-05
0.107615     5.58551000e-05
0.107651     7.08705000e-05
0.107687     2.49457000e-07
0.107723     1.00550000e-07
0.107759     9.88218000e-06
0.107795     3.75743000e-05
0.107831     2.24166000e-05
0.107867     6.07279000e-07
0.107903     6.07858000e-05
0.107938     3.22512000e-05
0.107974     5.02788000e-05
0.108010     7.56552000e-05
0.108046     4.62329000e-06
0.108082     4.87981000e-05
0.108118     6.59523000e-05
0.108155     5.35708000e-05
0.108191     7.58343000e-05
0.108227     7.24114000e-05
0.108263     3.23256000e-05
0.108299     5.20415000e-05
0.108335     4.66799000e-05
0.108371     5.10634000e-05
0.108407     3.70600000e-05
0.108443     9.13365000e-05
0.108479     7.60782000e-06
0.108516     9.12456000e-05
0.108552     9.23419000e-05
0.108588     8.69196000e-05
0.108624     8.86661000e-05
0.108660     2.64326000e-05
0.108697     1.52736000e-07
0.108733     1.13812000e-05
0.108769     8.84549000e-05
0.108805     1.92219000e-05
0.108842     1.50945000e-07
0.108878     3.12315000e-08
0.108914     1.48576000e-05
0.108950     2.58341000e-05
0.108987     7.49146000e-05
0.109023     7.23666000e-05
0.109059     1.92967000e-07
0.109096     2.84882000e-05
0.109132     5.71008000e-05
0.109169     3.35997000e-05
0.109205     4.21951000e-05
0.109241     2.87248000e-05
0.109278     6.26869000e-05
0.109314     8.62005000e-05
0.109351     2.04555000e-06
0.109387     7.16615000e-05
0.109424     6.01989000e-05
0.109460     6.28093000e-05
0.109496     7.97146000e-05
0.109533     8.96102000e-08
0.109569     8.08214000e-05
0.109606     9.15299000e-05
0.109643     9.83877000e-05
0.109679     4.09066000e-07
0.109716     5.75772000e-05
0.109752     7.16130000e-05
0.109789     2.19336000e-05
0.109825     1.47711000e-07
0.109862     6.44416000e-06
0.109899     9.24426000e-05
0.109935     6.78294000e-05
0.109972     9.61689000e-05
0.110009     8.73742000e-05
0.110045     3.97293000e-05
0.110082     6.29615000e-05
0.110119     9.40759000e-05
0.110155     8.39730000e-05
0.110192     4.92149000e-05
0.110229     9.50211000e-05
0.110266     1.00426000e-04
0.110302     9.89401000e-05
0.110339     9.48903000e-07
0.110376     1.02383000e-04
0.110413     1.03531000e-04
0.110449     1.28721000e-05
0.110486     1.00871000e-04
0.110523     1.01250000e-04
0.110560     1.03803000e-04
0.110597     1.04285000e-04
0.110634     9.92276000e-05
0.110670     8.06686000e-05
0.110707     1.02359000e-04
0.110744     4.47530000e-06
0.110781     1.03832000e-04
0.110818     1.34780000e-05
0.110855     1.03496000e-04
0.110892     9.38165000e-05
0.110929     1.03330000e-04
0.110966     1.03304000e-04
0.111003     9.37540000e-05
0.111040     4.97452000e-07
0.111077     1.02889000e-04
0.111114     1.04833000e-04
0.111151     1.04467000e-04
0.111188     1.00416000e-04
0.111225     1.03860000e-04
0.111262     1.00012000e-04
0.111299     1.04801000e-04
0.111336     1.04408000e-04
0.111374     1.00241000e-04
0.111411     1.02570000e-04
0.111448     1.05300000e-04
0.111485     1.04371000e-04
0.111522     1.05037000e-04
0.111559     2.49933000e-07
0.111596     1.05012000e-04
0.111634     1.03826000e-04
0.111671     9.34592000e-05
0.111708     1.04595000e-04
0.111745     1.04879000e-04
0.111783     1.00059000e-04
0.111820     1.03527000e-04
0.111857     6.68010000e-05
0.111894     9.44419000e-05
0.111932     1.05336000e-04
0.111969     1.03994000e-04
0.112006     1.04017000e-04
0.112044     1.04903000e-04
0.112081     1.00865000e-04
0.112118     1.04923000e-04
0.112156     1.69543000e-05
0.112193     2.43369000e-07
0.112231     1.05527000e-04
0.112268     1.05138000e-04
0.112305     2.23477000e-05
0.112343     1.05762000e-04
0.112380     1.05469000e-04
0.112418     1.05726000e-04
0.112455     1.05726000e-04
0.112493     1.04834000e-04
0.112530     1.05079000e-04
0.112568     1.05606000e-04
0.112605     1.04488000e-04
0.112643     1.09180000e-05
0.112680     1.04691000e-04
0.112718     1.05359000e-04
0.112755     7.40397000e-05
0.112793     1.04988000e-04
0.112831     1.05599000e-04
0.112868     1.05553000e-04
0.112906     1.05231000e-04
0.112943     1.04889000e-04
0.112981     1.05297000e-04
0.113019     1.05193000e-04
0.113056     8.40376000e-05
0.113094     1.02769000e-04
0.113132     4.56936000e-06
0.113170     1.03181000e-04
0.113207     1.00047000e-04
0.113245     1.03913000e-04
0.113283     3.04642000e-05
0.113320     1.03117000e-04
0.113358     1.02549000e-04
0.113396     1.00257000e-04
0.113434     6.99193000e-05
0.113472     9.70350000e-05
0.113509     1.38390000e-06
0.113547     4.95732000e-05
0.113585     7.61389000e-05
0.113623     9.35376000e-05
0.113661     9.84253000e-05
0.113699     2.66663000e-05
0.113737     8.68212000e-05
0.113775     6.95532000e-05
0.113813     2.71313000e-06
0.113850     1.03799000e-04
0.113888     9.54899000e-08
0.113926     1.03578000e-04
0.113964     1.02924000e-04
0.114002     3.41290000e-06
0.114040     5.68097000e-07
0.114078     1.04940000e-04
0.114116     9.61035000e-05
0.114154     3.04273000e-05
0.114192     1.42637000e-05
0.114231     8.01888000e-05
0.114269     1.03418000e-04
0.114307     1.03245000e-04
0.114345     1.03172000e-04
0.114383     1.03380000e-04
0.114421     1.16766000e-05
0.114459     1.00333000e-04
0.114497     1.05066000e-04
0.114536     9.52935000e-05
0.114574     6.55873000e-08
0.114612     1.50412000e-05
0.114650     1.04631000e-04
0.114688     1.04443000e-04
0.114727     8.59055000e-05
0.114765     3.42879000e-05
0.114803     1.04573000e-04
0.114841     1.13252000e-05
0.114880     5.61970000e-05
0.114918     1.00527000e-04
0.114956     1.03873000e-04
0.114994     9.31824000e-05
0.115033     1.02880000e-04
0.115071     1.14675000e-06
0.115110     1.05350000e-04
0.115148     1.03505000e-04
0.115186     9.58225000e-05
0.115225     9.60240000e-05
0.115263     6.04891000e-05
0.115301     1.05034000e-04
0.115340     1.04966000e-04
0.115378     1.03859000e-04
0.115417     9.24644000e-05
0.115455     1.05223000e-04
0.115494     1.05346000e-04
0.115532     1.03809000e-04
0.115571     1.03384000e-04
0.115609     8.34631000e-05
0.115648     1.04581000e-04
0.115686     1.04764000e-04
0.115725     1.04171000e-04
0.115764     3.78834000e-05
0.115802     1.04119000e-04
0.115841     1.04070000e-04
0.115879     1.04370000e-04
0.115918     6.73410000e-06
0.115957     1.04239000e-04
0.115995     1.03591000e-04
0.116034     9.79706000e-05
0.116073     1.03544000e-04
0.116111     1.03541000e-04
0.116150     1.02901000e-04
0.116189     9.61874000e-07
0.116227     1.01839000e-04
0.116266     7.96582000e-06
0.116305     4.27128000e-06
0.116344     8.84370000e-05
0.116383     5.95031000e-08
0.116421     9.00211000e-05
0.116460     9.75727000e-05
0.116499     9.99323000e-05
0.116538     9.96460000e-05
0.116577     9.47760000e-05
0.116615     1.01182000e-04
0.116654     5.28879000e-06
0.116693     8.93082000e-05
0.116732     9.97457000e-05
0.116771     1.00188000e-04
0.116810     9.96325000e-05
0.116849     9.83026000e-05
0.116888     9.81265000e-05
0.116927     9.66816000e-05
0.116966     2.33471000e-05
0.117005     9.38061000e-05
0.117044     9.18738000e-05
0.117083     8.86750000e-05
0.117122     8.37949000e-05
0.117161     2.83399000e-05
0.117200     5.95761000e-05
0.117239     1.93514000e-05
0.117278     2.44107000e-05
0.117317     6.12589000e-05
0.117356     7.63047000e-05
0.117395     8.38023000e-05
0.117434     7.81973000e-05
0.117474     9.04660000e-05
0.117513     9.23841000e-05
0.117552     9.31307000e-05
0.117591     9.19368000e-05
0.117630     9.23865000e-05
0.117670     1.92029000e-05
0.117709     8.60332000e-05
0.117748     6.39668000e-05
0.117787     6.12962000e-05
0.117827     6.96617000e-07
0.117866     5.44782000e-05
0.117905     7.53530000e-05
0.117944     8.60670000e-05
0.117984     9.00985000e-05
0.118023     3.02854000e-07
0.118062     8.94214000e-05
0.118102     9.13399000e-05
0.118141     8.73571000e-05
0.118180     2.44239000e-05
0.118220     3.18860000e-05
0.118259     8.11864000e-06
0.118299     4.86557000e-05
0.118338     4.57053000e-05
0.118378     3.71649000e-06
0.118417     8.71010000e-05
0.118457     5.56326000e-05
0.118496     1.58680000e-05
0.118535     3.52934000e-05
0.118575     5.19439000e-05
0.118615     1.29055000e-05
0.118654     7.96365000e-05
0.118694     8.97070000e-05
0.118733     8.69750000e-05
0.118773     9.32730000e-05
0.118812     9.64464000e-05
0.118852     9.70213000e-05
0.118892     9.94479000e-05
0.118931     2.36620000e-06
0.118971     9.59407000e-05
0.119011     6.68558000e-05
0.119050     9.79894000e-05
0.119090     8.89455000e-05
0.119130     8.41980000e-05
0.119169     4.39719000e-05
0.119209     7.98554000e-05
0.119249     9.30546000e-05
0.119288     9.84134000e-05
0.119328     9.85012000e-05
0.119368     4.50538000e-06
0.119408     6.80799000e-05
0.119448     1.00410000e-04
0.119487     9.94597000e-05
0.119527     4.08991000e-06
0.119567     8.13769000e-05
0.119607     8.07902000e-05
0.119647     9.25846000e-05
0.119687     9.94346000e-05
0.119727     6.45272000e-05
0.119767     8.48747000e-05
0.119806     8.28010000e-05
0.119846     2.85886000e-05
0.119886     5.23444000e-08
0.119926     9.63966000e-05
0.119966     8.52105000e-05
0.120006     9.73202000e-05
0.120046     9.68804000e-05
0.120086     1.00352000e-04
0.120126     8.99740000e-05
0.120166     7.72671000e-05
0.120206     6.08377000e-05
0.120246     1.03053000e-04
0.120287     1.79570000e-07
0.120327     9.95739000e-05
0.120367     9.98397000e-05
0.120407     8.81430000e-05
0.120447     2.57149000e-05
0.120487     9.74558000e-05
0.120527     1.00483000e-04
0.120567     7.10495000e-06
0.120608     9.91566000e-05
0.120648     7.60831000e-05
0.120688     9.82194000e-05
0.120728     6.58786000e-05
0.120769     4.15892000e-06
0.120809     3.45460000e-05
0.120849     7.11050000e-05
0.120889     1.29186000e-06
0.120930     1.02436000e-04
0.120970     9.23903000e-05
0.121010     9.82543000e-05
0.121051     6.23063000e-05
0.121091     9.60445000e-05
0.121131     9.74547000e-05
0.121172     7.81362000e-07
0.121212     1.00745000e-04
0.121253     1.01684000e-06
0.121293     9.02964000e-08
0.121333     3.05518000e-05
0.121374     4.89817000e-06
0.121414     6.57248000e-08
0.121455     9.93466000e-05
0.121495     6.27157000e-05
0.121536     6.44132000e-07
0.121576     8.32297000e-06
0.121617     9.19460000e-05
0.121657     6.40888000e-08
0.121698     1.01058000e-04
0.121738     8.94617000e-05
0.121779     6.11766000e-06
0.121820     3.72580000e-07
0.121860     9.91569000e-05
0.121901     7.47884000e-05
0.121941     2.48930000e-05
0.121982     1.01633000e-04
0.122023     2.07517000e-05
0.122063     8.86244000e-05
0.122104     1.00383000e-04
0.122145     1.01849000e-04
0.122186     1.01233000e-04
0.122226     9.62553000e-07
0.122267     2.44024000e-06
0.122308     9.82665000e-05
0.122349     6.62043000e-05
0.122389     1.59189000e-05
0.122430     1.02134000e-04
0.122471     1.01299000e-04
0.122512     1.31467000e-05
0.122553     3.68150000e-06
0.122593     1.01913000e-04
0.122634     1.02367000e-04
0.122675     1.01143000e-04
0.122716     9.59583000e-05
0.122757     9.90363000e-05
0.122798     9.88691000e-05
0.122839     9.55366000e-05
0.122880     9.26716000e-05
0.122921     6.01686000e-05
0.122962     9.10661000e-05
0.123003     6.89517000e-05
0.123044     9.01647000e-05
0.123085     6.47406000e-08
0.123126     4.39788000e-05
0.123167     8.59117000e-05
0.123208     9.54696000e-05
0.123249     9.87387000e-05
0.123290     9.10119000e-05
0.123331     7.43597000e-05
0.123372     9.65228000e-05
0.123413     8.30496000e-05
0.123454     9.64734000e-05
0.123496     9.03579000e-05
0.123537     7.44828000e-05
0.123578     4.73246000e-06
0.123619     2.34995000e-08
0.123660     9.56764000e-06
0.123702     8.02330000e-05
0.123743     9.13539000e-05
0.123784     8.62225000e-05
0.123825     7.60090000e-05
0.123867     9.69818000e-05
0.123908     8.37220000e-05
0.123949     9.70618000e-05
0.123991     9.67559000e-05
0.124032     2.84615000e-07
0.124073     8.80590000e-05
0.124115     3.15724000e-05
0.124156     2.31889000e-05
0.124197     8.67486000e-05
0.124239     8.65284000e-05
0.124280     9.82661000e-05
0.124322     1.34544000e-05
0.124363     2.38295000e-05
0.124404     6.20092000e-05
0.124446     7.74840000e-05
0.124487     8.04384000e-05
0.124529     5.12804000e-08
0.124570     6.34453000e-05
0.124612     6.41933000e-05
0.124653     8.90908000e-07
0.124695     3.95845000e-05
0.124737     6.54071000e-05
0.124778     8.46100000e-05
0.124820     8.35377000e-05
0.124861     6.29577000e-05
0.124903     7.70958000e-05
0.124945     1.31303000e-06
0.124986     7.59963000e-05
0.125028     4.25305000e-05
0.125070     4.41487000e-05
0.125111     1.20855000e-06
0.125153     6.24952000e-05
0.125195     3.99783000e-05
0.125236     7.96736000e-05
0.125278     4.01217000e-05
0.125320     5.76762000e-05
0.125362     7.22597000e-09
0.125403     8.48966000e-05
0.125445     8.45627000e-05
0.125487     6.45581000e-05
0.125529     3.61056000e-05
0.125571     8.12571000e-06
0.125613     9.15034000e-06
0.125655     6.32639000e-05
0.125696     2.95275000e-05
0.125738     4.76513000e-05
0.125780     6.62100000e-08
0.125822     1.24397000e-06
0.125864     3.64255000e-05
0.125906     6.74325000e-05
0.125948     1.05193000e-05
0.125990     6.04236000e-05
0.126032     3.03494000e-05
0.126074     4.77479000e-05
0.126116     5.25999000e-05
0.126158     1.90628000e-07
0.126200     2.51192000e-05
0.126242     7.44894000e-06
0.126284     6.81815000e-07
0.126326     1.00972000e-05
0.126368     9.68381000e-06
0.126411     1.47932000e-05
0.126453     2.98326000e-05
0.126495     1.69806000e-06
0.126537     4.66301000e-05
0.126579     2.47429000e-05
0.126621     4.15699000e-06
0.126664     1.32028000e-05
0.126706     4.20467000e-05
0.126748     4.60324000e-08
0.126790     9.98694000e-06
0.126833     4.95654000e-05
0.126875     2.51989000e-08
0.126917     5.28423000e-06
0.126959     1.28117000e-05
0.127002     1.94210000e-06
0.127044     8.30376000e-09
0.127086     2.78651000e-06
0.127129     8.54813000e-09
0.127171     6.86121000e-09
0.127214     2.25800000e-05
0.127256     7.23224000e-08
0.127298     6.81855000e-05
0.127341     7.71138000e-05
0.127383     1.00228000e-07
0.127426     4.38042000e-06
0.127468     5.96875000e-08
0.127511     8.39216000e-05
0.127553     4.46396000e-05
0.127596     3.82820000e-05
0.127638     2.15807000e-08
0.127681     4.34134000e-05
0.127723     7.32603000e-05
0.127766     2.08667000e-05
0.127809     8.07157000e-05
0.127851     6.91219000e-05
0.127894     1.45981000e-05
0.127936     6.38849000e-06
0.127979     1.42119000e-05
0.128022     7.12246000e-05
0.128064     5.16766000e-08
0.128107     7.88925000e-05
0.128150     8.08005000e-05
0.128192     8.37377000e-05
0.128235     3.10266000e-05
0.128278     7.18344000e-05
0.128321     1.36956000e-05
0.128363     7.92649000e-05
0.128406     7.46689000e-05
0.128449     6.63562000e-05
0.128492     8.50518000e-05
0.128535     8.39161000e-05
0.128578     8.07995000e-05
0.128620     7.95599000e-05
0.128663     9.49031000e-06
0.128706     5.78483000e-09
0.128749     2.71988000e-06
0.128792     8.31691000e-05
0.128835     8.33232000e-05
0.128878     6.40459000e-05
0.128921     6.11567000e-09
0.128964     1.65389000e-06
0.129007     5.17514000e-05
0.129050     7.61573000e-05
0.129093     8.73000000e-05
0.129136     8.42697000e-05
0.129179     1.01423000e-07
0.129222     8.86141000e-05
0.129265     4.81396000e-06
0.129308     8.05262000e-05
0.129351     8.11579000e-05
0.129394     4.25647000e-05
0.129437     7.57485000e-05
0.129481     2.23717000e-06
0.129524     8.27974000e-07
0.129567     2.50823000e-07
0.129610     7.88960000e-05
0.129653     5.16576000e-05
0.129697     7.21734000e-05
0.129740     4.11799000e-05
0.129783     7.20753000e-05
0.129826     2.80906000e-06
0.129870     7.69380000e-05
0.129913     7.39616000e-05
0.129956     1.79367000e-07
0.129999     7.88135000e-05
0.130043     1.87836000e-05
0.130086     6.70867000e-05
0.130130     4.39105000e-06
0.130173     1.29349000e-07
0.130216     4.15563000e-05
0.130260     8.17925000e-05
0.130303     7.73242000e-05
0.130347     7.63176000e-05
0.130390     3.11914000e-07
0.130433     4.30096000e-06
0.130477     6.96121000e-05
0.130520     6.95065000e-05
0.130564     7.35750000e-05
0.130607     6.98118000e-05
0.130651     1.80615000e-07
0.130695     6.29523000e-05
0.130738     6.13747000e-05
0.130782     1.07734000e-05
0.130825     5.84918000e-05
0.130869     4.42737000e-05
0.130913     2.77406000e-08
0.130956     4.01268000e-05
0.131000     3.70849000e-05
0.131043     2.55144000e-05
0.131087     3.73321000e-06
0.131131     1.05733000e-05
0.131175     2.67405000e-06
0.131218     8.45300000e-08
0.131262     4.60541000e-06
0.131306     1.33089000e-05
0.131350     2.20991000e-05
0.131393     2.62294000e-05
0.131437     4.56867000e-06
0.131481     1.87773000e-05
0.131525     2.04393000e-05
0.131569     8.47110000e-06
0.131612     1.65105000e-06
0.131656     1.99747000e-05
0.131700     1.61352000e-05
0.131744     3.25648000e-05
0.131788     3.71901000e-05
0.131832     1.85777000e-08
0.131876     1.86072000e-05
0.131920     3.94486000e-08
0.131964     1.02518000e-05
0.132008     1.42564000e-05
0.132052     2.50076000e-05
0.132096     7.63194000e-07
0.132140     1.78788000e-05
0.132184     3.51830000e-05
0.132228     7.80982000e-06
0.132272     2.78471000e-05
0.132316     2.61626000e-05
0.132360     2.80007000e-05
0.132404     3.23724000e-06
0.132449     1.94782000e-05
0.132493     5.57071000e-05
0.132537     3.77301000e-05
0.132581     6.26516000e-05
0.132625     5.61398000e-05
0.132669     4.59481000e-07
0.132714     1.24171000e-05
0.132758     6.64065000e-05
0.132802     3.29216000e-08
0.132846     5.02922000e-05
0.132891     5.06605000e-05
0.132935     6.65105000e-05
0.132979     1.08914000e-08
0.133024     6.68912000e-05
0.133068     6.63067000e-05
0.133112     5.80849000e-05
0.133157     4.12669000e-05
0.133201     2.27276000e-06
0.133245     3.73633000e-05
0.133290     4.98534000e-05
0.133334     5.48003000e-05
0.133379     4.82430000e-05
0.133423     3.03276000e-05
0.133468     5.77824000e-06
0.133512     6.88289000e-06
0.133557     1.75097000e-07
0.133601     5.39956000e-09
0.133646     4.25810000e-05
0.133690     4.48541000e-05
0.133735     4.26225000e-05
0.133779     4.31032000e-06
0.133824     2.85617000e-05
0.133869     5.03169000e-06
0.133913     1.36799000e-05
0.133958     1.26692000e-05
0.134003     7.48348000e-07
0.134047     3.14331000e-06
0.134092     1.88953000e-08
0.134137     4.24395000e-05
0.134181     5.43992000e-05
0.134226     3.44537000e-05
0.134271     5.46927000e-09
0.134316     3.15227000e-05
0.134360     5.54155000e-08
0.134405     5.85103000e-05
0.134450     5.99669000e-05
0.134495     4.57151000e-05
0.134540     3.49785000e-06
0.134584     2.04357000e-05
0.134629     1.57209000e-05
0.134674     2.86544000e-06
0.134719     2.25823000e-08
0.134764     4.54833000e-05
0.134809     6.82122000e-06
0.134854     5.73480000e-05
0.134899     6.25588000e-06
0.134944     3.03306000e-05
0.134989     3.65676000e-06
0.135034     4.44704000e-05
0.135079     4.77960000e-05
0.135124     5.60741000e-05
0.135169     7.97869000e-05
0.135214     5.77120000e-05
0.135259     6.80464000e-05
0.135304     7.86678000e-05
0.135349     7.82759000e-05
0.135394     6.04139000e-05
0.135439     1.80707000e-06
0.135484     6.28067000e-05
0.135530     6.47476000e-05
0.135575     4.77272000e-05
0.135620     1.90979000e-05
0.135665     2.33671000e-05
0.135710     2.43066000e-06
0.135756     2.09216000e-05
0.135801     1.51883000e-06
0.135846     3.01024000e-05
0.135891     3.47950000e-05
0.135937     2.28297000e-05
0.135982     3.81553000e-08
0.136027     7.25853000e-06
0.136073     1.41143000e-05
0.136118     3.80950000e-07
0.136163     1.18083000e-05
0.136209     2.87885000e-05
0.136254     2.94340000e-05
0.136300     2.58864000e-05
0.136345     1.55118000e-05
0.136391     4.97045000e-06
0.136436     2.69085000e-05
0.136481     1.37627000e-05
0.136527     1.04441000e-05
0.136572     6.34711000e-07
0.136618     7.76606000e-07
0.136664     3.33412000e-05
0.136709     1.63961000e-05
0.136755     1.48552000e-06
0.136800     2.45522000e-06
0.136846     1.81207000e-05
0.136891     7.24381000e-06
0.136937     7.66972000e-06
0.136983     7.89121000e-07
0.137028     3.85418000e-05
0.137074     2.64047000e-05
0.137120     1.52111000e-08
0.137165     8.74423000e-07
0.137211     3.35584000e-05
0.137257     9.04897000e-07
0.137303     4.05417000e-05
0.137348     3.21704000e-05
0.137394     2.32315000e-05
0.137440     3.92365000e-05
0.137486     8.14993000e-06
0.137532     1.87991000e-05
0.137578     7.42234000e-05
0.137623     7.74319000e-05
0.137669     1.21314000e-05
0.137715     8.23874000e-05
0.137761     4.91301000e-08
0.137807     7.67871000e-05
0.137853     8.18800000e-05
0.137899     1.23243000e-08
0.137945     4.26951000e-07
0.137991     7.73148000e-05
0.138037     8.79916000e-05
0.138083     8.34389000e-05
0.138129     3.87125000e-05
0.138175     8.88917000e-05
0.138221     8.30704000e-05
0.138267     9.00872000e-05
0.138313     4.22687000e-05
0.138359     8.60811000e-05
0.138405     6.27186000e-05
0.138451     6.17716000e-05
0.138498     6.30103000e-05
0.138544     5.16528000e-05
0.138590     1.17112000e-06
0.138636     7.92080000e-05
0.138682     2.51318000e-05
0.138729     8.23805000e-05
0.138775     8.47869000e-05
0.138821     9.00047000e-05
0.138867     8.87619000e-05
0.138914     9.26298000e-05
0.138960     7.91488000e-05
0.139006     9.16458000e-06
0.139053     8.97533000e-05
0.139099     7.55626000e-05
0.139145     8.75375000e-05
0.139192     2.27815000e-05
0.139238     4.70939000e-05
0.139285     7.69722000e-05
0.139331     9.00859000e-05
0.139377     7.97650000e-05
0.139424     7.97093000e-05
0.139470     9.12882000e-05
0.139517     8.56551000e-05
0.139563     1.63726000e-08
0.139610     8.15653000e-05
0.139656     8.70999000e-05
0.139703     9.10762000e-05
0.139750     6.98006000e-05
0.139796     7.45808000e-05
0.139843     8.18440000e-05
0.139889     6.70831000e-05
0.139936     9.00223000e-05
0.139983     8.85943000e-05
0.140029     4.43895000e-08
0.140076     9.61970000e-05
0.140123     8.84594000e-05
0.140169     9.35262000e-05
0.140216     8.80307000e-05
0.140263     9.10150000e-05
0.140310     4.39290000e-05
0.140356     9.59534000e-05
0.140403     8.23923000e-05
0.140450     9.72276000e-05
0.140497     7.87745000e-05
0.140544     8.08867000e-05
0.140590     9.58189000e-05
0.140637     9.41144000e-05
0.140684     7.16800000e-05
0.140731     9.53040000e-05
0.140778     9.81026000e-05
0.140825     9.36918000e-05
0.140872     6.78706000e-05
0.140919     7.43592000e-05
0.140966     5.84685000e-05
0.141013     9.20552000e-05
0.141060     9.56822000e-05
0.141107     9.70795000e-05
0.141154     9.80528000e-05
0.141201     9.19820000e-05
0.141248     6.38069000e-05
0.141295     7.35227000e-09
0.141342     8.88640000e-05
0.141389     9.71279000e-05
0.141436     9.80717000e-05
0.141483     9.70587000e-05
0.141531     9.84946000e-05
0.141578     9.69166000e-05
0.141625     9.33342000e-05
0.141672     8.21664000e-05
0.141719     5.32529000e-05
0.141767     6.46484000e-05
0.141814     9.46646000e-05
0.141861     8.70061000e-05
0.141909     9.60972000e-05
0.141956     4.28578000e-05
0.142003     9.92043000e-05
0.142050     9.29140000e-05
0.142098     9.71250000e-05
0.142145     3.79810000e-05
0.142193     8.60332000e-05
0.142240     8.47984000e-05
0.142287     9.76294000e-05
0.142335     9.22555000e-05
0.142382     9.86495000e-05
0.142430     9.86678000e-05
0.142477     1.33834000e-05
0.142525     9.40659000e-05
0.142572     6.41177000e-05
0.142620     1.00243000e-04
0.142667     9.24770000e-05
0.142715     9.69899000e-05
0.142762     6.50238000e-05
0.142810     1.15401000e-05
0.142858     7.72612000e-05
0.142905     9.59914000e-05
0.142953     9.90034000e-05
0.143000     9.91180000e-05
0.143048     9.59105000e-05
0.143096     6.33950000e-05
0.143144     1.74213000e-08
0.143191     5.92785000e-05
0.143239     9.01646000e-05
0.143287     9.20312000e-05
0.143334     4.57480000e-05
0.143382     4.45744000e-05
0.143430     3.66925000e-05
0.143478     9.40609000e-05
0.143526     8.83521000e-05
0.143574     9.65294000e-05
0.143621     8.96317000e-05
0.143669     7.33906000e-05
0.143717     1.81446000e-05
0.143765     7.65284000e-05
0.143813     2.15578000e-05
0.143861     9.89338000e-05
0.143909     7.94485000e-05
0.143957     1.38253000e-06
0.144005     6.21047000e-05
0.144053     1.69463000e-07
0.144101     9.07437000e-05
0.144149     9.59486000e-05
0.144197     6.49336000e-05
0.144245     6.46910000e-05
0.144293     7.76503000e-05
0.144341     6.92730000e-05
0.144389     8.14256000e-05
0.144437     1.03122000e-06
0.144486     9.57870000e-05
0.144534     8.35162000e-05
0.144582     8.98712000e-05
0.144630     9.00688000e-05
0.144678     9.50084000e-05
0.144727     8.21604000e-07
0.144775     6.81567000e-07
0.144823     9.70422000e-05
0.144871     1.00719000e-04
0.144920     6.77072000e-05
0.144968     1.00177000e-04
0.145016     9.32073000e-05
0.145065     5.79424000e-05
0.145113     9.51437000e-05
0.145161     9.89148000e-05
0.145210     8.13137000e-05
0.145258     8.07785000e-05
0.145306     9.85826000e-05
0.145355     9.41890000e-05
0.145403     9.84529000e-05
0.145452     1.19770000e-08
0.145500     9.88654000e-05
0.145549     1.01006000e-04
0.145597     6.80918000e-05
0.145646     1.01596000e-04
0.145694     8.53691000e-05
0.145743     9.98913000e-05
0.145792     9.46203000e-05
0.145840     9.38517000e-05
0.145889     9.57975000e-05
0.145937     9.76091000e-05
0.145986     9.51015000e-05
0.146035     8.06371000e-05
0.146083     2.51839000e-07
0.146132     6.65144000e-05
0.146181     9.26827000e-05
0.146230     7.52356000e-05
0.146278     9.82312000e-05
0.146327     1.01168000e-04
0.146376     1.01775000e-04
0.146425     9.54602000e-05
0.146473     9.56071000e-05
0.146522     2.86453000e-05
0.146571     9.74538000e-05
0.146620     9.08295000e-05
0.146669     9.09537000e-05
0.146718     8.82871000e-05
0.146767     9.96237000e-05
0.146816     5.82427000e-07
0.146864     5.92724000e-05
0.146913     9.78866000e-05
0.146962     7.07198000e-05
0.147011     9.06911000e-09
0.147060     5.01931000e-05
0.147109     7.22399000e-05
0.147158     9.09243000e-05
0.147207     1.02189000e-04
0.147257     9.62300000e-05
0.147306     2.49991000e-05
0.147355     1.03384000e-04
0.147404     1.03127000e-04
0.147453     9.63394000e-05
0.147502     9.37510000e-05
0.147551     1.01872000e-04
0.147600     5.92396000e-05
0.147650     9.69543000e-05
0.147699     4.17461000e-06
0.147748     8.73426000e-05
0.147797     1.01343000e-04
0.147847     1.01812000e-04
0.147896     8.41703000e-05
0.147945     1.03097000e-04
0.147995     1.00479000e-04
0.148044     1.01212000e-04
0.148093     9.20126000e-07
0.148143     1.02856000e-04
0.148192     7.18838000e-05
0.148241     1.02685000e-04
0.148291     1.01834000e-04
0.148340     1.00255000e-04
0.148390     9.09326000e-05
0.148439     2.12722000e-06
0.148489     9.90928000e-05
0.148538     6.86112000e-05
0.148588     8.37142000e-05
0.148637     9.10529000e-05
0.148687     7.12094000e-05
0.148736     2.74068000e-06
0.148786     1.03163000e-04
0.148835     9.74528000e-05
0.148885     1.01254000e-04
0.148935     1.01754000e-04
0.148984     1.00695000e-04
0.149034     1.02603000e-04
0.149084     1.01720000e-04
0.149133     9.41611000e-05
0.149183     9.83712000e-05
0.149233     8.79433000e-06
0.149283     1.26355000e-06
0.149332     7.73417000e-05
0.149382     9.56543000e-05
0.149432     9.10634000e-05
0.149482     2.35863000e-06
0.149532     1.02382000e-04
0.149581     1.02181000e-04
0.149631     1.02831000e-04
0.149681     9.95329000e-05
0.149731     1.01265000e-04
0.149781     1.70318000e-07
0.149831     9.69562000e-05
0.149881     7.10861000e-06
0.149931     9.01939000e-05
0.149981     3.29443000e-06
0.150031     9.95960000e-05
0.150081     9.32120000e-05
0.150131     1.01722000e-04
0.150181     9.72964000e-05
0.150231     9.76591000e-05
0.150281     1.01593000e-04
0.150331     2.72711000e-08
0.150381     8.84942000e-05
0.150431     8.28441000e-05
0.150481     9.42933000e-05
0.150532     1.02871000e-04
0.150582     6.66785000e-05
0.150632     1.03290000e-04
0.150682     8.88751000e-05
0.150732     9.73473000e-05
0.150783     1.03059000e-04
0.150833     1.00486000e-04
0.150883     1.02079000e-04
0.150933     1.03037000e-04
0.150984     1.03004000e-04
0.151034     9.97093000e-05
0.151084     8.91243000e-05
0.151135     1.03087000e-04
0.151185     1.03414000e-04
0.151236     1.03472000e-04
0.151286     1.03475000e-04
0.151336     1.03078000e-04
0.151387     1.01654000e-04
0.151437     1.00951000e-04
0.151488     9.98986000e-05
0.151538     1.02852000e-04
0.151589     1.03307000e-04
0.151639     1.03152000e-04
0.151690     6.33894000e-05
0.151740     1.02830000e-04
0.151791     1.03004000e-04
0.151842     1.03229000e-04
0.151892     1.03018000e-04
0.151943     1.02771000e-04
0.151993     1.02918000e-04
0.152044     1.03036000e-04
0.152095     1.02901000e-04
0.152146     1.02940000e-04
0.152196     7.46011000e-05
0.152247     1.02656000e-04
0.152298     1.01470000e-04
0.152348     1.01284000e-04
0.152399     1.02532000e-04
0.152450     9.95174000e-05
0.152501     1.01672000e-04
0.152552     8.25664000e-05
0.152603     1.01957000e-04
0.152653     1.02022000e-04
0.152704     1.00146000e-04
0.152755     1.01547000e-04
0.152806     1.01092000e-04
0.152857     9.53013000e-05
0.152908     1.00577000e-04
0.152959     1.00552000e-04
0.153010     1.00158000e-04
0.153061     9.95235000e-05
0.153112     9.37151000e-05
0.153163     9.77638000e-05
0.153214     9.00404000e-05
0.153265     9.13020000e-05
0.153316     9.01903000e-05
0.153367     8.08064000e-05
0.153419     6.99641000e-07
0.153470     4.08296000e-05
0.153521     8.31207000e-05
0.153572     8.12413000e-05
0.153623     5.66203000e-05
0.153674     9.94527000e-06
0.153726     5.60279000e-05
0.153777     3.76010000e-05
0.153828     1.74113000e-05
0.153879     4.67920000e-05
0.153931     8.27846000e-05
0.153982     7.73978000e-05
0.154033     6.02544000e-05
0.154085     1.34404000e-07
0.154136     8.10079000e-05
0.154187     4.70742000e-05
0.154239     5.05460000e-05
0.154290     6.90644000e-05
0.154342     8.13791000e-05
0.154393     6.62638000e-05
0.154445     3.98327000e-06
0.154496     2.94782000e-05
0.154548     2.42030000e-09
0.154599     3.29186000e-05
0.154651     6.25381000e-05
0.154702     2.59034000e-09
0.154754     7.99360000e-05
0.154805     3.11003000e-07
0.154857     7.54192000e-05
0.154908     7.24588000e-05
0.154960     4.25346000e-07
0.155012     7.53789000e-05
0.155063     5.95109000e-06
0.155115     4.88018000e-05
0.155167     7.83264000e-05
0.155219     9.91695000e-08
0.155270     7.99019000e-05
0.155322     7.72006000e-07
0.155374     7.07998000e-05
0.155426     9.46459000e-05
0.155477     8.03262000e-05
0.155529     8.11943000e-05
0.155581     2.81308000e-06
0.155633     8.10071000e-05
0.155685     6.95020000e-06
0.155737     9.77432000e-05
0.155789     1.89023000e-05
0.155841     9.66860000e-05
0.155893     7.59937000e-05
0.155944     4.91309000e-05
0.155996     9.55385000e-05
0.156048     7.56640000e-05
0.156100     9.57612000e-05
0.156153     6.83599000e-09
0.156205     9.03124000e-05
0.156257     9.45338000e-05
0.156309     9.90000000e-05
0.156361     9.36276000e-05
0.156413     9.90043000e-05
0.156465     9.69037000e-05
0.156517     9.54894000e-05
0.156569     6.24168000e-05
0.156622     9.27233000e-05
0.156674     6.95519000e-05
0.156726     7.81552000e-05
0.156778     9.61280000e-05
0.156831     4.96213000e-05
0.156883     6.94749000e-05
0.156935     8.43922000e-05
0.156987     8.85695000e-05
0.157040     5.84025000e-05
0.157092     6.80508000e-05
0.157144     9.85128000e-05
0.157197     4.35678000e-05
0.157249     9.79492000e-05
0.157302     2.99905000e-05
0.157354     9.16788000e-05
0.157407     9.17407000e-05
0.157459     5.97895000e-05
0.157511     9.48764000e-05
0.157564     5.23208000e-05
0.157617     5.91730000e-09
0.157669     9.69054000e-05
0.157722     9.58081000e-05
0.157774     1.06799000e-05
0.157827     9.72588000e-05
0.157879     9.00054000e-05
0.157932     9.22907000e-05
0.157985     5.66427000e-08
0.158037     9.44471000e-05
0.158090     3.84154000e-07
0.158143     9.01282000e-05
0.158195     9.49511000e-05
0.158248     4.77144000e-06
0.158301     9.73014000e-05
0.158354     9.66953000e-05
0.158406     9.83453000e-05
0.158459     9.36054000e-05
0.158512     6.80253000e-05
0.158565     2.77755000e-07
0.158618     5.92752000e-05
0.158671     5.90877000e-05
0.158724     9.74587000e-05
0.158776     9.73640000e-05
0.158829     7.67160000e-05
0.158882     9.22149000e-05
0.158935     9.13130000e-05
0.158988     9.46740000e-05
0.159041     7.88991000e-05
0.159094     8.46254000e-05
0.159147     9.14760000e-05
0.159200     7.42867000e-05
0.159253     5.70202000e-05
0.159306     7.60378000e-05
0.159360     7.10377000e-05
0.159413     9.36123000e-05
0.159466     9.30206000e-05
0.159519     9.15407000e-05
0.159572     5.07749000e-05
0.159625     5.56803000e-05
0.159679     8.99972000e-05
0.159732     8.84779000e-05
0.159785     1.63328000e-05
0.159838     6.87527000e-05
0.159892     2.10772000e-08
0.159945     6.83081000e-05
0.159998     8.00252000e-05
0.160052     7.16963000e-05
0.160105     3.36672000e-09
0.160158     7.10140000e-05
0.160212     7.40646000e-05
0.160265     3.09225000e-05
0.160318     7.45856000e-08
0.160372     5.73464000e-05
0.160425     1.87214000e-06
0.160479     1.02884000e-08
0.160532     5.83342000e-05
0.160586     1.86167000e-05
0.160639     4.79056000e-09
0.160693     2.61302000e-05
0.160746     3.86069000e-05
0.160800     7.27598000e-07
0.160854     1.21165000e-08
0.160907     1.37599000e-05
0.160961     9.16193000e-07
0.161015     2.47208000e-06
0.161068     1.52776000e-05
0.161122     1.87514000e-05
0.161176     1.30537000e-08
0.161229     5.22724000e-05
0.161283     6.05577000e-05
0.161337     5.51278000e-05
0.161391     1.44471000e-06
0.161444     6.82038000e-05
0.161498     5.44765000e-05
0.161552     7.18484000e-05
0.161606     6.83768000e-05
0.161660     6.47339000e-05
0.161714     8.20876000e-06
0.161768     7.74825000e-05
0.161822     3.02544000e-05
0.161875     6.02143000e-05
0.161929     5.36420000e-05
0.161983     7.58860000e-05
0.162037     2.04965000e-07
0.162091     2.49101000e-09
0.162145     2.83352000e-05
0.162199     1.66260000e-05
0.162254     1.12547000e-08
0.162308     4.14009000e-05
0.162362     7.32577000e-05
0.162416     7.60238000e-05
0.162470     1.08961000e-08
0.162524     2.10072000e-06
0.162578     1.60451000e-06
0.162633     6.24625000e-05
0.162687     2.78045000e-08
0.162741     6.80136000e-05
0.162795     7.43126000e-05
0.162849     7.16180000e-05
0.162904     7.05804000e-05
0.162958     5.72362000e-09
0.163012     1.95475000e-08
0.163067     6.48970000e-05
0.163121     6.19684000e-05
0.163175     1.81495000e-09
0.163230     5.84893000e-07
0.163284     1.59463000e-06
0.163339     4.09971000e-05
0.163393     2.40389000e-05
0.163448     1.64351000e-05
0.163502     1.65440000e-05
0.163557     1.13942000e-06
0.163611     1.61167000e-06
0.163666     4.46233000e-07
0.163720     3.02709000e-08
0.163775     1.32176000e-05
0.163829     2.48957000e-05
0.163884     4.76159000e-07
0.163939     3.89621000e-05
0.163993     1.11777000e-08
0.164048     5.14046000e-05
0.164103     3.96808000e-05
0.164157     5.83796000e-05
0.164212     3.73984000e-05
0.164267     6.15332000e-05
0.164321     6.54372000e-05
0.164376     6.55177000e-05
0.164431     1.80348000e-05
0.164486     8.25585000e-06
0.164541     6.52806000e-05
0.164596     2.96800000e-05
0.164650     6.04602000e-05
0.164705     1.48627000e-05
0.164760     4.43501000e-05
0.164815     6.68450000e-05
0.164870     6.68578000e-05
0.164925     7.57129000e-05
0.164980     6.57407000e-05
0.165035     7.02164000e-05
0.165090     7.95959000e-05
0.165145     5.34650000e-05
0.165200     8.30778000e-05
0.165255     8.47348000e-05
0.165310     8.64997000e-05
0.165365     7.48148000e-05
0.165420     3.57015000e-08
0.165476     9.38438000e-06
0.165531     8.51911000e-05
0.165586     8.24300000e-06
0.165641     9.98340000e-06
0.165696     8.76801000e-05
0.165752     8.59712000e-05
0.165807     7.98798000e-05
0.165862     3.12284000e-05
0.165917     6.32699000e-05
0.165973     6.51685000e-05
0.166028     8.98377000e-05
0.166083     8.93583000e-05
0.166139     3.11949000e-07
0.166194     1.31920000e-07
0.166249     8.48257000e-05
0.166305     7.64995000e-05
0.166360     7.73378000e-05
0.166416     6.36365000e-05
0.166471     8.51922000e-05
0.166527     4.00281000e-06
0.166582     8.85862000e-05
0.166638     6.51731000e-05
0.166693     8.67341000e-05
0.166749     1.36593000e-05
0.166804     8.93300000e-05
0.166860     8.87464000e-05
0.166916     8.59322000e-05
0.166971     7.15508000e-05
0.167027     4.36738000e-05
0.167083     7.89478000e-05
0.167138     6.54536000e-05
0.167194     6.33396000e-05
0.167250     2.52174000e-08
0.167306     7.30398000e-05
0.167361     4.38049000e-05
0.167417     4.68489000e-08
0.167473     3.86981000e-05
0.167529     4.12630000e-06
0.167585     1.86260000e-07
0.167640     4.89085000e-05
0.167696     2.84954000e-06
0.167752     3.78607000e-05
0.167808     3.65138000e-05
0.167864     2.61500000e-06
0.167920     6.05289000e-06
0.167976     8.90881000e-06
0.168032     1.60655000e-05
0.168088     1.37858000e-06
0.168144     4.72856000e-07
0.168200     1.85947000e-09
0.168256     4.18712000e-05
0.168312     5.37650000e-05
0.168368     4.15018000e-05
0.168424     3.08497000e-05
0.168481     1.23311000e-05
0.168537     6.19593000e-05
0.168593     1.84181000e-05
0.168649     6.76021000e-05
0.168705     5.24187000e-08
0.168762     5.51286000e-08
0.168818     7.06358000e-05
0.168874     5.54208000e-05
0.168930     6.42536000e-05
0.168987     5.87606000e-05
0.169043     7.07226000e-05
0.169099     6.48198000e-05
0.169156     5.45064000e-05
0.169212     6.70621000e-05
0.169269     6.35671000e-05
0.169325     1.36241000e-05
0.169381     8.82282000e-05
0.169438     3.98635000e-08
0.169494     3.17803000e-08
0.169551     8.78180000e-05
0.169607     8.41419000e-05
0.169664     9.10485000e-05
0.169720     8.70114000e-05
0.169777     8.35789000e-05
0.169834     8.63198000e-05
0.169890     8.15557000e-05
0.169947     8.14834000e-05
0.170004     5.93507000e-05
0.170060     6.27635000e-05
0.170117     2.57515000e-07
0.170174     5.92412000e-05
0.170230     2.41208000e-06
0.170287     9.08031000e-06
0.170344     4.03618000e-09
0.170401     8.90018000e-06
0.170457     1.45275000e-05
0.170514     3.36831000e-05
0.170571     5.93055000e-05
0.170628     2.64866000e-05
0.170685     6.84587000e-05
0.170742     4.62409000e-05
0.170799     1.80516000e-05
0.170856     7.22572000e-05
0.170912     6.32473000e-05
0.170969     2.60866000e-08
0.171026     9.04248000e-06
0.171083     5.20897000e-05
0.171140     1.28098000e-05
0.171198     4.70027000e-05
0.171255     3.09862000e-05
0.171312     5.13494000e-05
0.171369     6.65857000e-05
0.171426     7.15839000e-06
0.171483     1.77068000e-06
0.171540     1.86847000e-09
0.171597     1.51845000e-06
0.171655     3.28365000e-06
0.171712     5.81539000e-05
0.171769     1.93746000e-06
0.171826     3.15076000e-05
0.171884     6.05305000e-05
0.171941     3.78120000e-05
0.171998     1.89385000e-05
0.172055     5.88980000e-05
0.172113     6.00190000e-05
0.172170     3.99254000e-05
0.172228     9.29214000e-06
0.172285     2.48115000e-05
0.172342     8.10545000e-06
0.172400     2.74386000e-05
0.172457     5.66509000e-05
0.172515     6.46326000e-05
0.172572     7.25795000e-05
0.172630     5.72202000e-05
0.172687     3.93434000e-05
0.172745     6.97075000e-05
0.172803     6.84086000e-05
0.172860     7.23615000e-05
0.172918     7.91669000e-05
0.172975     5.25475000e-05
0.173033     4.53158000e-05
0.173091     4.68880000e-05
0.173148     5.20239000e-05
0.173206     5.84358000e-05
0.173264     3.54037000e-06
0.173322     5.28594000e-05
0.173379     7.52407000e-05
0.173437     8.06253000e-05
0.173495     8.54035000e-05
0.173553     2.77217000e-05
0.173611     3.44904000e-05
0.173669     5.40816000e-05
0.173726     5.57088000e-05
0.173784     3.44179000e-05
0.173842     8.92152000e-05
0.173900     4.55751000e-05
0.173958     8.85125000e-05
0.174016     9.09449000e-05
0.174074     8.44172000e-05
0.174132     1.36382000e-05
0.174190     9.25404000e-05
0.174248     5.69564000e-05
0.174306     6.92977000e-05
0.174365     8.52331000e-05
0.174423     1.85016000e-07
0.174481     8.95912000e-05
0.174539     8.22133000e-06
0.174597     8.82814000e-05
0.174655     8.92168000e-05
0.174714     8.90678000e-05
0.174772     3.32665000e-05
0.174830     8.33714000e-05
0.174888     7.87370000e-05
0.174947     5.34237000e-05
0.175005     6.20274000e-05
0.175063     5.00802000e-05
0.175122     9.12941000e-05
0.175180     9.20815000e-05
0.175238     3.90987000e-05
0.175297     8.16495000e-05
0.175355     6.27059000e-09
0.175414     6.67424000e-05
0.175472     7.50000000e-05
0.175531     8.95094000e-05
0.175589     5.34871000e-06
0.175648     5.05878000e-05
0.175706     3.72138000e-06
0.175765     5.56264000e-05
0.175823     2.81622000e-05
0.175882     3.87516000e-05
0.175941     4.33998000e-05
0.175999     8.63952000e-05
0.176058     8.43252000e-05
0.176117     4.52976000e-05
0.176175     2.84447000e-05
0.176234     1.56831000e-05
0.176293     2.77319000e-06
0.176352     5.51332000e-05
0.176410     2.69535000e-05
0.176469     7.40408000e-05
0.176528     2.03360000e-09
0.176587     8.17457000e-05
0.176646     6.39341000e-05
0.176705     9.06242000e-05
0.176763     7.86281000e-05
0.176822     1.34951000e-05
0.176881     4.75712000e-05
0.176940     4.94317000e-05
0.176999     7.04329000e-05
0.177058     3.47209000e-06
0.177117     8.76683000e-06
0.177176     8.99279000e-05
0.177235     9.36481000e-05
0.177294     9.61159000e-05
0.177354     9.28296000e-05
0.177413     8.04402000e-05
0.177472     8.65730000e-05
0.177531     9.14804000e-05
0.177590     9.59350000e-05
0.177649     9.42126000e-05
0.177709     7.59945000e-05
0.177768     9.66684000e-05
0.177827     9.40276000e-05
0.177886     9.80249000e-05
0.177946     9.53224000e-05
0.178005     8.91912000e-05
0.178064     9.78782000e-05
0.178124     9.50099000e-05
0.178183     8.66095000e-05
0.178242     9.79182000e-05
0.178302     9.62954000e-05
0.178361     9.58697000e-05
0.178421     9.04552000e-05
0.178480     9.31004000e-05
0.178540     9.37022000e-05
0.178599     9.78204000e-05
0.178659     8.89131000e-05
0.178718     9.80571000e-05
0.178778     9.79256000e-05
0.178837     9.12448000e-05
0.178897     9.66220000e-05
0.178957     9.73933000e-05
0.179016     9.71099000e-05
0.179076     9.71926000e-05
0.179136     9.69847000e-05
0.179195     9.72797000e-05
0.179255     9.78647000e-05
0.179315     9.75677000e-05
0.179375     9.77633000e-05
0.179434     9.77778000e-05
0.179494     9.76768000e-05
0.179554     9.58207000e-05
0.179614     8.48657000e-05
0.179674     9.53791000e-05
0.179734     9.57077000e-05
0.179794     6.99287000e-05
0.179854     9.56213000e-05
0.179914     8.45666000e-05
0.179973     9.68328000e-05
0.180033     9.66627000e-05
0.180093     9.52920000e-05
0.180154     7.82786000e-05
0.180214     1.78365000e-08
0.180274     8.80056000e-05
0.180334     9.19633000e-05
0.180394     8.14025000e-05
0.180454     9.40303000e-05
0.180514     7.41066000e-06
0.180574     9.45338000e-05
0.180634     9.60153000e-05
0.180695     9.54755000e-05
0.180755     4.65060000e-05
0.180815     9.54951000e-05
0.180875     1.85022000e-05
0.180936     9.55894000e-05
0.180996     9.35647000e-05
0.181056     9.50134000e-05
0.181117     9.30627000e-05
0.181177     8.45353000e-05
0.181238     9.45075000e-05
0.181298     9.43268000e-05
0.181358     9.15258000e-05
0.181419     8.49082000e-05
0.181479     9.22854000e-05
0.181540     8.97550000e-05
0.181600     9.44180000e-05
0.181661     9.27798000e-05
0.181721     8.38646000e-05
0.181782     9.35106000e-05
0.181843     9.45322000e-05
0.181903     9.27362000e-05
0.181964     6.83625000e-05
0.182024     9.29065000e-05
0.182085     9.26347000e-05
0.182146     6.72921000e-05
0.182207     9.28267000e-05
0.182267     9.22087000e-05
0.182328     9.12565000e-05
0.182389     9.00769000e-05
0.182450     8.55117000e-05
0.182510     5.35852000e-05
0.182571     8.37434000e-05
0.182632     7.02985000e-05
0.182693     6.63130000e-05
0.182754     3.44068000e-05
0.182815     1.57170000e-05
0.182876     5.76795000e-05
0.182937     7.50801000e-05
0.182998     8.16051000e-05
0.183059     8.49359000e-05
0.183120     8.70807000e-05
0.183181     8.41360000e-05
0.183242     8.78660000e-05
0.183303     1.52704000e-05
0.183364     8.88238000e-05
0.183425     8.79205000e-05
0.183486     8.90049000e-05
0.183547     8.85229000e-05
0.183609     8.83254000e-05
0.183670     8.41846000e-05
0.183731     8.00245000e-05
0.183792     6.91764000e-05
0.183854     8.32924000e-05
0.183915     7.56699000e-05
0.183976     2.28883000e-05
0.184037     7.58498000e-05
0.184099     2.55878000e-05
0.184160     2.08317000e-06
0.184222     5.45455000e-05
0.184283     7.51576000e-05
0.184344     6.98932000e-05
0.184406     6.90627000e-05
0.184467     7.52730000e-05
0.184529     7.21512000e-05
0.184590     7.04958000e-05
0.184652     6.71040000e-05
0.184713     4.51065000e-05
0.184775     2.75414000e-05
0.184837     1.35032000e-05
0.184898     4.68961000e-05
0.184960     4.12971000e-05
0.185021     2.95061000e-05
0.185083     1.40616000e-05
0.185145     1.47260000e-06
0.185207     3.54528000e-06
0.185268     1.75311000e-05
0.185330     2.66778000e-05
0.185392     1.93955000e-06
0.185454     1.61487000e-05
0.185515     1.27376000e-05
0.185577     6.81679000e-06
0.185639     1.58857000e-05
0.185701     3.30608000e-05
0.185763     3.08442000e-07
0.185825     3.02770000e-05
0.185887     4.75509000e-05
0.185949     3.96961000e-05
0.186011     4.80056000e-05
0.186073     3.77116000e-05
0.186135     2.47649000e-05
0.186197     6.59366000e-06
0.186259     3.85723000e-06
0.186321     2.08725000e-05
0.186383     4.10905000e-06
0.186445     1.20177000e-05
0.186507     3.84906000e-06
0.186569     5.40963000e-06
0.186632     4.95901000e-06
0.186694     2.62607000e-06
0.186756     2.94694000e-05
0.186818     4.23619000e-05
0.186881     4.40422000e-05
0.186943     2.75597000e-05
0.187005     1.95789000e-06
0.187068     5.05807000e-06
0.187130     2.68182000e-05
0.187192     1.07682000e-06
0.187255     3.36365000e-06
0.187317     1.06954000e-06
0.187380     1.38014000e-05
0.187442     3.54527000e-05
0.187504     2.68402000e-05
0.187567     3.29556000e-05
0.187630     5.08178000e-06
0.187692     3.05849000e-05
0.187755     4.24569000e-05
0.187817     9.77454000e-06
0.187880     1.42305000e-06
0.187942     4.10305000e-05
0.188005     3.54950000e-05
0.188068     3.49623000e-05
0.188130     8.55313000e-09
0.188193     4.69750000e-05
0.188256     4.38826000e-05
0.188319     2.26104000e-05
0.188381     1.62719000e-07
0.188444     2.51402000e-05
0.188507     3.91923000e-05
0.188570     2.28333000e-05
0.188633     3.97578000e-05
0.188696     2.90710000e-05
0.188758     4.42882000e-06
0.188821     4.08910000e-06
0.188884     2.37192000e-05
0.188947     3.62491000e-05
0.189010     5.36848000e-05
0.189073     6.69277000e-05
0.189136     6.53393000e-05
0.189199     5.93439000e-05
0.189262     5.35327000e-05
0.189326     6.84152000e-05
0.189389     7.83599000e-05
0.189452     4.31384000e-05
0.189515     8.20172000e-05
0.189578     8.37763000e-05
0.189641     8.42087000e-05
0.189704     8.36863000e-05
0.189768     8.38952000e-05
0.189831     7.94328000e-05
0.189894     5.76188000e-05
0.189958     6.65226000e-05
0.190021     8.22872000e-05
0.190084     8.40628000e-05
0.190148     8.52451000e-05
0.190211     6.18934000e-05
0.190274     7.78272000e-05
0.190338     1.26993000e-06
0.190401     5.91187000e-05
0.190465     5.03255000e-05
0.190528     8.27664000e-05
0.190592     8.62215000e-05
0.190655     8.69656000e-05
0.190719     8.34839000e-05
0.190782     8.74699000e-05
0.190846     8.58331000e-05
0.190910     8.65691000e-05
0.190973     8.40393000e-05
0.191037     5.25016000e-05
0.191101     7.94352000e-05
0.191164     8.51744000e-05
0.191228     2.91190000e-05
0.191292     8.06917000e-05
0.191355     7.55720000e-05
0.191419     7.64369000e-05
0.191483     5.82623000e-05
0.191547     4.20050000e-05
0.191611     7.68686000e-05
0.191675     3.78405000e-05
0.191738     3.98079000e-05
0.191802     8.46167000e-05
0.191866     9.91080000e-06
0.191930     8.47378000e-05
0.191994     8.45167000e-05
0.192058     8.32652000e-05
0.192122     8.35520000e-05
0.192186     8.06985000e-05
0.192250     8.05300000e-05
0.192314     8.03757000e-05
0.192379     6.98269000e-05
0.192443     5.96977000e-05
0.192507     7.72049000e-05
0.192571     7.73291000e-05
0.192635     7.07233000e-05
0.192699     6.92718000e-05
0.192764     4.67357000e-05
0.192828     7.01036000e-05
0.192892     6.80238000e-05
0.192956     5.62340000e-05
0.193021     1.55874000e-05
0.193085     4.93435000e-05
0.193149     4.96482000e-05
0.193214     4.16512000e-05
0.193278     3.08452000e-05
0.193343     1.72797000e-05
0.193407     3.97589000e-06
0.193472     6.38020000e-07
0.193536     1.08960000e-05
0.193601     2.43602000e-05
0.193665     3.20673000e-05
0.193730     7.01785000e-07
0.193794     4.19922000e-05
0.193859     4.63043000e-05
0.193924     4.15614000e-05
0.193988     2.54782000e-05
0.194053     1.44354000e-06
0.194117     1.54992000e-05
0.194182     3.77966000e-05
0.194247     4.84589000e-05
0.194312     5.37896000e-05
0.194376     5.32339000e-05
0.194441     4.47865000e-05
0.194506     6.87063000e-06
0.194571     2.42794000e-05
0.194636     1.18546000e-05
0.194701     4.59756000e-08
0.194766     2.71970000e-05
0.194830     4.04434000e-05
0.194895     2.71804000e-05
0.194960     2.55444000e-09
0.195025     6.82150000e-08
0.195090     1.66836000e-05
0.195155     4.41782000e-08
0.195220     1.14080000e-06
0.195286     5.75286000e-06
0.195351     2.79950000e-05
0.195416     4.25889000e-05
0.195481     4.28087000e-05
0.195546     1.82027000e-05
0.195611     3.00374000e-07
0.195676     1.22248000e-05
0.195742     1.90862000e-05
0.195807     7.40063000e-06
0.195872     2.67599000e-07
0.195937     2.06507000e-05
0.196003     9.97614000e-07
0.196068     1.30392000e-05
0.196133     2.95480000e-06
0.196199     1.35452000e-06
0.196264     1.43438000e-05
0.196330     1.44609000e-05
0.196395     4.61711000e-06
0.196461     3.85860000e-05
0.196526     5.50108000e-05
0.196592     6.40449000e-05
0.196657     3.13816000e-08
0.196723     7.08062000e-05
0.196788     7.32834000e-05
0.196854     7.54982000e-05
0.196919     7.66699000e-05
0.196985     7.79496000e-05
0.197051     7.88101000e-05
0.197116     7.96113000e-05
0.197182     8.00539000e-05
0.197248     8.05793000e-05
0.197314     8.10337000e-05
0.197379     8.06289000e-05
0.197445     8.03328000e-05
0.197511     3.65931000e-05
0.197577     7.72877000e-05
0.197643     8.20443000e-05
0.197709     8.26570000e-05
0.197774     8.28337000e-05
0.197840     8.29301000e-05
0.197906     8.31258000e-05
0.197972     8.31456000e-05
0.198038     8.21281000e-05
0.198104     8.07756000e-05
0.198170     8.24302000e-05
0.198236     8.32309000e-05
0.198302     8.22896000e-05
0.198369     8.29092000e-05
0.198435     5.89045000e-05
0.198501     8.33998000e-05
0.198567     8.33534000e-05
0.198633     8.00005000e-05
0.198699     8.32336000e-05
0.198766     8.29147000e-05
0.198832     8.29868000e-05
0.198898     8.28839000e-05
0.198964     8.27795000e-05
0.199031     8.09255000e-05
0.199097     8.09402000e-05
0.199163     6.43759000e-05
0.199230     7.37658000e-05
0.199296     7.86259000e-05
0.199363     8.15474000e-05
0.199429     8.14652000e-05
0.199496     8.06021000e-05
0.199562     8.12570000e-05
0.199629     7.08624000e-05
0.199695     7.98485000e-05
0.199762     7.00162000e-05
0.199828     7.38251000e-05
0.199895     7.78541000e-05
0.199962     7.58586000e-05
0.200028     7.93283000e-05
0.200095     7.91266000e-05
0.200162     7.89394000e-05
0.200228     7.84956000e-05
0.200295     6.78427000e-05
0.200362     7.72688000e-05
0.200429     7.12363000e-05
0.200495     7.52516000e-05
0.200562     7.58435000e-05
0.200629     7.53092000e-05
0.200696     5.22398000e-07
0.200763     6.52758000e-05
0.200830     7.23076000e-05
0.200897     7.01187000e-05
0.200964     7.15505000e-05
0.201031     7.16776000e-05
0.201098     3.87734000e-05
0.201165     7.00935000e-05
0.201232     6.92878000e-05
0.201299     6.83087000e-05
0.201366     6.70532000e-05
0.201433     6.58182000e-05
0.201500     3.03870000e-06
0.201567     6.27147000e-05
0.201635     5.29417000e-05
0.201702     5.88484000e-05
0.201769     5.31354000e-05
0.201836     4.84986000e-05
0.201904     5.16473000e-05
0.201971     4.83946000e-05
0.202038     4.48205000e-05
0.202106     3.78637000e-05
0.202173     3.56259000e-05
0.202240     3.09786000e-05
0.202308     2.53688000e-05
0.202375     1.90926000e-05
0.202443     1.25436000e-05
0.202510     6.41869000e-06
0.202578     1.82093000e-06
0.202645     4.07937000e-09
0.202713     1.57145000e-06
0.202780     5.96762000e-06
0.202848     1.12330000e-05
0.202915     1.83688000e-05
0.202983     2.43609000e-05
0.203051     2.88228000e-05
0.203118     3.46679000e-05
0.203186     3.66848000e-05
0.203254     4.34839000e-05
0.203322     4.66795000e-05
0.203389     3.08521000e-05
0.203457     4.85959000e-05
0.203525     5.01661000e-06
0.203593     5.40587000e-05
0.203661     3.59801000e-05
0.203729     5.92115000e-05
0.203797     5.88930000e-05
0.203864     6.15480000e-05
0.203932     6.11056000e-05
0.204000     4.84001000e-05
0.204068     6.38321000e-05
0.204136     6.44639000e-05
0.204204     6.54089000e-05
0.204273     6.58431000e-05
0.204341     6.61782000e-05
0.204409     6.64431000e-05
0.204477     6.66353000e-05
0.204545     6.67633000e-05
0.204613     5.93372000e-05
0.204681     6.67381000e-05
0.204750     6.60201000e-05
0.204818     5.28705000e-05
0.204886     6.62639000e-05
0.204954     5.37818000e-05
0.205023     6.62848000e-05
0.205091     6.59998000e-05
0.205159     6.52846000e-05
0.205228     5.67580000e-05
0.205296     6.27273000e-05
0.205365     5.96029000e-05
0.205433     6.43246000e-05
0.205502     6.41104000e-05
0.205570     6.36880000e-05
0.205639     6.32119000e-05
0.205707     4.85198000e-05
0.205776     6.16761000e-05
0.205844     6.15042000e-05
0.205913     6.08334000e-05
0.205982     5.92795000e-05
0.206050     5.86019000e-05
0.206119     5.87260000e-05
0.206188     5.78957000e-05
0.206256     5.71390000e-05
0.206325     5.62552000e-05
0.206394     5.53350000e-05
0.206463     5.43470000e-05
0.206532     5.32493000e-05
0.206600     5.20957000e-05
0.206669     5.06353000e-05
0.206738     4.97935000e-05
0.206807     2.90869000e-05
0.206876     4.72107000e-05
0.206945     4.54168000e-05
0.207014     4.41960000e-05
0.207083     4.19771000e-05
0.207152     4.09281000e-05
0.207221     3.91566000e-05
0.207290     3.72064000e-05
0.207359     3.50810000e-05
0.207428     3.30624000e-05
0.207497     3.07372000e-05
0.207567     2.42608000e-05
0.207636     2.52906000e-05
0.207705     2.11896000e-05
0.207774     8.52055000e-06
0.207844     1.22158000e-05
0.207913     1.49719000e-05
0.207982     1.29049000e-05
0.208051     1.03332000e-05
0.208121     7.75647000e-06
0.208190     5.34551000e-06
0.208260     3.23772000e-06
0.208329     1.56734000e-06
0.208398     4.58943000e-07
0.208468     8.02701000e-09
0.208537     2.47646000e-07
0.208607     1.10413000e-06
0.208676     2.15192000e-06
0.208746     1.84164000e-06
0.208816     2.57070000e-09
0.208885     2.09086000e-06
0.208955     5.34374000e-06
0.209024     7.05632000e-06
0.209094     2.90683000e-06
0.209164     3.70580000e-07
0.209234     6.85816000e-06
0.209303     7.23044000e-06
0.209373     2.72873000e-06
0.209443     5.22156000e-08
0.209513     4.02989000e-06
0.209583     9.32287000e-06
0.209652     1.27230000e-05
0.209722     1.38978000e-05
0.209792     1.23623000e-05
0.209862     7.43478000e-06
0.209932     1.56880000e-06
0.210002     2.09321000e-06
0.210072     9.97526000e-08
0.210142     4.37183000e-08
0.210212     1.95432000e-06
0.210282     1.59479000e-07
0.210352     1.58880000e-07
0.210422     3.73949000e-06
0.210493     7.23613000e-06
0.210563     9.54185000e-06
0.210633     6.20409000e-06
0.210703     2.05529000e-08
0.210773     5.40641000e-06
0.210844     5.65318000e-06
0.210914     1.20191000e-06
0.210984     8.73448000e-07
0.211054     9.37856000e-06
0.211125     1.55360000e-05
0.211195     3.33285000e-06
0.211266     1.61806000e-05
0.211336     3.28195000e-06
0.211406     6.21327000e-06
0.211477     8.35047000e-06
0.211547     1.90456000e-06
0.211618     3.78185000e-06
0.211688     1.80036000e-05
0.211759     4.47598000e-06
0.211830     3.43339000e-05
0.211900     3.82951000e-05
0.211971     2.37154000e-05
0.212042     4.30965000e-05
0.212112     4.55178000e-05
0.212183     3.56528000e-05
0.212254     9.26446000e-06
0.212324     4.91516000e-05
0.212395     5.01396000e-05
0.212466     5.07881000e-05
0.212537     5.10297000e-05
0.212608     4.18354000e-05
0.212679     3.13142000e-05
0.212749     7.34674000e-09
0.212820     3.20241000e-05
0.212891     5.14296000e-05
0.212962     5.12516000e-05
0.213033     4.73929000e-05
0.213104     4.56493000e-05
0.213175     4.10894000e-05
0.213246     1.28096000e-05
0.213317     2.94953000e-05
0.213389     4.30287000e-05
0.213460     4.30610000e-05
0.213531     4.33589000e-05
0.213602     4.07400000e-05
0.213673     3.65314000e-05
0.213744     3.15885000e-05
0.213816     2.39479000e-05
0.213887     1.18147000e-05
0.213958     4.96957000e-06
0.214030     6.55241000e-08
0.214101     4.10763000e-06
0.214172     1.06684000e-05
0.214244     9.06218000e-06
0.214315     2.66435000e-05
0.214386     2.87708000e-05
0.214458     6.11904000e-07
0.214529     1.02215000e-05
0.214601     9.09341000e-07
0.214672     1.61996000e-05
0.214744     3.09737000e-06
0.214816     4.68461000e-06
0.214887     3.37890000e-05
0.214959     3.57343000e-05
0.215031     2.29639000e-07
0.215102     2.71812000e-05
0.215174     3.68923000e-07
0.215246     2.13686000e-05
0.215317     1.45421000e-05
0.215389     4.05086000e-06
0.215461     2.23625000e-05
0.215533     1.92433000e-05
0.215605     1.73693000e-05
0.215676     2.05209000e-05
0.215748     1.41139000e-05
0.215820     2.55537000e-06
0.215892     3.15970000e-06
0.215964     1.23670000e-07
0.216036     3.48094000e-07
0.216108     9.02826000e-06
0.216180     8.02465000e-06
0.216252     4.76668000e-06
0.216324     7.52251000e-06
0.216396     5.45985000e-06
0.216469     1.85649000e-06
0.216541     1.51554000e-06
0.216613     8.92731000e-07
0.216685     2.07734000e-07
0.216757     8.29199000e-09
0.216830     4.06148000e-07
0.216902     1.36879000e-06
0.216974     2.79287000e-06
0.217047     4.48520000e-06
0.217119     5.91434000e-06
0.217191     5.05931000e-07
0.217264     4.94441000e-06
0.217336     5.81756000e-07
0.217408     4.43425000e-06
0.217481     1.00148000e-05
0.217553     9.64072000e-06
0.217626     7.50707000e-06
0.217699     4.44148000e-06
0.217771     1.55118000e-06
0.217844     2.06596000e-07
0.217916     3.06667000e-07
0.217989     2.22093000e-06
0.218062     5.17425000e-06
0.218134     6.76710000e-06
0.218207     1.03802000e-05
0.218280     1.26945000e-05
0.218352     1.31734000e-05
0.218425     9.93477000e-06
0.218498     9.67050000e-06
0.218571     5.90832000e-06
0.218644     1.97593000e-06
0.218717     4.07635000e-07
0.218790     3.25137000e-09
0.218862     2.75220000e-06
0.218935     6.59068000e-06
0.219008     8.66473000e-06
0.219081     8.03481000e-06
0.219154     4.09250000e-06
0.219227     3.41494000e-07
0.219301     1.20126000e-06
0.219374     5.77360000e-06
0.219447     9.69506000e-06
0.219520     9.69363000e-06
0.219593     4.71732000e-06
0.219666     4.35220000e-08
0.219740     3.63327000e-06
0.219813     1.01664000e-05
0.219886     1.44081000e-05
0.219959     1.30908000e-05
0.220033     6.14226000e-06
0.220106     6.47554000e-09
0.220179     2.42996000e-08
0.220253     1.22830000e-05
0.220326     2.09452000e-05
0.220400     2.75467000e-05
0.220473     3.24770000e-05
0.220547     3.62824000e-05
0.220620     3.92876000e-05
0.220694     4.15297000e-05
0.220767     2.71164000e-05
0.220841     4.49750000e-05
0.220914     4.46845000e-05
0.220988     4.63817000e-05
0.221062     1.61467000e-06
0.221135     1.11928000e-06
0.221209     2.72552000e-05
0.221283     4.97398000e-05
0.221357     5.15424000e-05
0.221430     5.26421000e-05
0.221504     5.28256000e-05
0.221578     5.38475000e-05
0.221652     5.42809000e-05
0.221726     5.46322000e-05
0.221800     5.33181000e-05
0.221874     4.83366000e-05
0.221948     5.58534000e-05
0.222022     1.99525000e-05
0.222096     5.67632000e-05
0.222170     5.08039000e-05
0.222244     5.74186000e-05
0.222318     5.77104000e-05
0.222392     5.78076000e-05
0.222466     5.79107000e-05
0.222540     5.79123000e-05
0.222614     5.77106000e-05
0.222689     5.70492000e-05
0.222763     5.48647000e-05
0.222837     4.25599000e-05
0.222911     2.50981000e-05
0.222986     1.58635000e-05
0.223060     4.96804000e-05
0.223134     3.54373000e-05
0.223209     9.08324000e-06
0.223283     4.69870000e-05
0.223357     5.49953000e-05
0.223432     5.74992000e-05
0.223506     5.85665000e-05
0.223581     5.90682000e-05
0.223655     5.93730000e-05
0.223730     5.93372000e-05
0.223805     5.88720000e-05
0.223879     4.37532000e-05
0.223954     5.76158000e-05
0.224028     5.78781000e-05
0.224103     5.78343000e-05
0.224178     5.63537000e-05
0.224253     4.21267000e-05
0.224327     4.17399000e-09
0.224402     4.82807000e-05
0.224477     4.16405000e-05
0.224552     5.02803000e-05
0.224627     5.40976000e-06
0.224701     4.76641000e-05
0.224776     5.46288000e-05
0.224851     5.54189000e-05
0.224926     5.45967000e-05
0.225001     5.26600000e-05
0.225076     4.38574000e-05
0.225151     2.64232000e-07
0.225226     2.98940000e-05
0.225301     3.94900000e-05
0.225376     5.04475000e-05
0.225452     5.13742000e-05
0.225527     5.05125000e-05
0.225602     4.86140000e-05
0.225677     1.51993000e-06
0.225752     4.05232000e-05
0.225828     3.23973000e-05
0.225903     1.93158000e-05
0.225978     2.99482000e-06
0.226053     2.58533000e-06
0.226129     1.58373000e-05
0.226204     3.07810000e-05
0.226280     3.78599000e-05
0.226355     3.97460000e-05
0.226430     1.92984000e-05
0.226506     3.31186000e-05
0.226581     4.74362000e-06
0.226657     3.40749000e-05
0.226733     1.61957000e-05
0.226808     8.63813000e-06
0.226884     2.19471000e-05
0.226959     2.96143000e-06
0.227035     1.36093000e-05
0.227111     2.51803000e-05
0.227186     1.96263000e-05
0.227262     1.41371000e-06
0.227338     1.33624000e-05
0.227414     2.12211000e-05
0.227489     1.21954000e-05
0.227565     3.68257000e-06
0.227641     1.14518000e-06
0.227717     2.21763000e-06
0.227793     1.17368000e-05
0.227869     1.93214000e-05
0.227945     3.00734000e-06
0.228021     1.11522000e-05
0.228097     7.71334000e-06
0.228173     1.95061000e-05
0.228249     4.34679000e-06
0.228325     1.03493000e-05
0.228401     1.39046000e-07
0.228477     1.23378000e-08
0.228553     5.82592000e-06
0.228630     1.91048000e-05
0.228706     2.36729000e-05
0.228782     3.67138000e-06
0.228858     2.15767000e-05
0.228935     1.40049000e-05
0.229011     1.81572000e-05
0.229087     2.67383000e-05
0.229164     2.48381000e-05
0.229240     9.59787000e-06
0.229316     2.84753000e-06
0.229393     1.61876000e-05
0.229469     6.08527000e-06
0.229546     8.65888000e-06
0.229622     7.45269000e-06
0.229699     4.08821000e-06
0.229775     1.40152000e-06
0.229852     6.05744000e-09
0.229929     2.21391000e-07
0.230005     9.35589000e-07
0.230082     6.64560000e-07
0.230159     7.60087000e-06
0.230235     4.04675000e-07
0.230312     1.38014000e-05
0.230389     1.50460000e-05
0.230466     1.74493000e-05
0.230542     2.35354000e-05
0.230619     2.64588000e-05
0.230696     2.77095000e-05
0.230773     2.73921000e-05
0.230850     2.33010000e-05
0.230927     8.67220000e-06
0.231004     5.57636000e-06
0.231081     2.11908000e-05
0.231158     2.34356000e-05
0.231235     1.81266000e-05
0.231312     7.02960000e-06
0.231389     1.13278000e-07
0.231466     9.51446000e-06
0.231543     2.02445000e-05
0.231621     2.61034000e-05
0.231698     2.80086000e-05
0.231775     2.70520000e-05
0.231852     2.32088000e-05
0.231930     1.63804000e-05
0.232007     7.32100000e-06
0.232084     4.68629000e-07
0.232162     2.51104000e-06
0.232239     1.12379000e-05
0.232316     2.02305000e-05
0.232394     2.69747000e-05
0.232471     3.18234000e-05
0.232549     3.54105000e-05
0.232626     3.57320000e-05
0.232704     4.02755000e-05
0.232781     4.18678000e-05
0.232859     4.27781000e-05
0.232937     4.25589000e-05
0.233014     2.50305000e-05
0.233092     4.05738000e-05
0.233170     4.49004000e-05
0.233247     4.58625000e-05
0.233325     3.98988000e-05
0.233403     4.66364000e-05
0.233481     4.23579000e-05
0.233559     4.70067000e-05
0.233636     4.71196000e-05
0.233714     4.71896000e-05
0.233792     4.43382000e-05
0.233870     4.70784000e-05
0.233948     4.71929000e-05
0.234026     4.64104000e-05
0.234104     4.53885000e-05
0.234182     4.66163000e-05
0.234260     4.48956000e-05
0.234338     4.69284000e-05
0.234416     4.67742000e-05
0.234494     4.64394000e-05
0.234573     4.23234000e-05
0.234651     4.19172000e-05
0.234729     3.55785000e-05
0.234807     4.54652000e-05
0.234886     4.57219000e-05
0.234964     4.55599000e-05
0.235042     4.37798000e-05
0.235121     9.51767000e-06
0.235199     4.40456000e-05
0.235277     4.32274000e-05
0.235356     4.48195000e-05
0.235434     4.42406000e-05
0.235513     4.19526000e-05
0.235591     1.22946000e-05
0.235670     1.45721000e-05
0.235748     4.27284000e-05
0.235827     4.36932000e-05
0.235905     4.35066000e-05
0.235984     8.72298000e-06
0.236063     4.32337000e-05
0.236141     4.34944000e-05
0.236220     4.32262000e-05
0.236299     3.95520000e-05
0.236378     4.29954000e-05
0.236456     4.28653000e-05
0.236535     4.26661000e-05
0.236614     4.24373000e-05
0.236693     4.21952000e-05
0.236772     4.19604000e-05
0.236851     4.16719000e-05
0.236930     4.12533000e-05
0.237009     3.69138000e-05
0.237088     4.00064000e-05
0.237167     3.56062000e-05
0.237246     2.98233000e-05
0.237325     3.65312000e-05
0.237404     2.02938000e-05
0.237483     2.80163000e-05
0.237562     3.65151000e-05
0.237641     3.84893000e-05
0.237721     3.87278000e-05
0.237800     3.86682000e-05
0.237879     3.84743000e-05
0.237959     3.82059000e-05
0.238038     3.78067000e-05
0.238117     3.70161000e-05
0.238197     3.31978000e-05
0.238276     3.15277000e-05
0.238355     3.54614000e-05
0.238435     3.63758000e-05
0.238514     3.63780000e-05
0.238594     3.61886000e-05
0.238673     3.59399000e-05
0.238753     3.56229000e-05
0.238832     3.52008000e-05
0.238912     3.45177000e-05
0.238992     3.21413000e-05
0.239071     1.75344000e-08
0.239151     3.18203000e-05
0.239231     3.34573000e-05
0.239311     3.35535000e-05
0.239390     3.33738000e-05
0.239470     3.30202000e-05
0.239550     3.28631000e-05
0.239630     3.24738000e-05
0.239710     3.22837000e-05
0.239790     3.19587000e-05
0.239869     3.16770000e-05
0.239949     3.13661000e-05
0.240029     3.10538000e-05
0.240109     3.04165000e-05
0.240189     3.04009000e-05
0.240270     3.00888000e-05
0.240350     2.97695000e-05
0.240430     2.94421000e-05
0.240510     2.90910000e-05
0.240590     2.87764000e-05
0.240670     2.84417000e-05
0.240750     2.79446000e-05
0.240831     2.77595000e-05
0.240911     2.74146000e-05
0.240991     2.70709000e-05
0.241072     2.67130000e-05
0.241152     2.63701000e-05
0.241232     2.58846000e-05
0.241313     2.56583000e-05
0.241393     2.52993000e-05
0.241474     1.06653000e-05
0.241554     2.45772000e-05
0.241635     2.42121000e-05
0.241715     2.38443000e-05
0.241796     2.34739000e-05
0.241876     2.30989000e-05
0.241957     2.27086000e-05
0.242038     2.23441000e-05
0.242118     2.18981000e-05
0.242199     2.15853000e-05
0.242280     2.12006000e-05
0.242361     2.08131000e-05
0.242441     2.04242000e-05
0.242522     2.00321000e-05
0.242603     1.96377000e-05
0.242684     1.92362000e-05
0.242765     1.88416000e-05
0.242846     1.84395000e-05
0.242927     1.80348000e-05
0.243008     1.76255000e-05
0.243089     1.72166000e-05
0.243170     1.68181000e-05
0.243251     1.64009000e-05
0.243332     1.59798000e-05
0.243413     1.55549000e-05
0.243494     1.51265000e-05
0.243575     1.46924000e-05
0.243656     1.42528000e-05
0.243738     1.38062000e-05
0.243819     1.33497000e-05
0.243900     1.26730000e-05
0.243981     1.24067000e-05
0.244063     1.19128000e-05
0.244144     1.13938000e-05
0.244226     1.08386000e-05
0.244307     1.02307000e-05
0.244388     9.53880000e-06
0.244470     8.67434000e-06
0.244551     7.62739000e-06
0.244633     6.07910000e-06
0.244714     3.72019000e-06
0.244796     7.94501000e-07
0.244878     3.62853000e-07
0.244959     2.95241000e-06
0.245041     4.83598000e-06
0.245122     5.57025000e-06
0.245204     5.70598000e-06
0.245286     5.55772000e-06
0.245368     5.26382000e-06
0.245449     4.88604000e-06
0.245531     4.46404000e-06
0.245613     4.00008000e-06
0.245695     3.50555000e-06
0.245777     2.98342000e-06
0.245859     2.43747000e-06
0.245941     1.88547000e-06
0.246023     1.33016000e-06
0.246105     8.05356000e-07
0.246187     3.60892000e-07
0.246269     5.73652000e-08
0.246351     3.09653000e-09
0.246433     1.56748000e-07
0.246515     4.55595000e-07
0.246597     8.55474000e-07
0.246680     1.15848000e-06
0.246762     1.32292000e-06
0.246844     1.33481000e-06
0.246926     1.25357000e-06
0.247009     1.06512000e-06
0.247091     8.08064000e-07
0.247173     5.02034000e-07
0.247256     2.02702000e-07
0.247338     1.35829000e-08
0.247421     6.05652000e-08
0.247503     2.77678000e-07
0.247586     4.51568000e-07
0.247668     4.98218000e-07
0.247751     4.49822000e-07
0.247833     3.50606000e-07
0.247916     2.22218000e-07
0.247999     6.72035000e-08
0.248081     2.26095000e-08
0.248164     7.99735000e-08
0.248247     4.29624000e-08
0.248329     1.00510000e-08
0.248412     1.72538000e-08
0.248495     1.01388000e-06
0.248578     4.49218000e-08
0.248661     7.56238000e-08
0.248744     4.72097000e-08
0.248826     1.77793000e-08
0.248909     3.48688000e-09
0.248992     3.15876000e-08
0.249075     1.68198000e-08
0.249158     6.71677000e-09
0.249241     3.58856000e-08
0.249324     1.38154000e-07
0.249408     2.59376000e-07
0.249491     3.89431000e-07
0.249574     5.21630000e-07
0.249657     6.47046000e-07
0.249740     7.51878000e-07
0.249824     8.14127000e-07
0.249907     7.88669000e-07
0.249990     6.21209000e-07
0.250073     3.10010000e-07
0.250157     2.86130000e-08
0.250240     7.42860000e-08
0.250324     4.17373000e-07
0.250407     8.23471000e-07
0.250491     1.16016000e-06
0.250574     1.39433000e-06
0.250658     1.52058000e-06
0.250741     1.53045000e-06
0.250825     1.40691000e-06
0.250908     1.12781000e-06
0.250992     6.96654000e-07
0.251076     2.25015000e-07
0.251159     4.95611000e-06
0.251243     2.24616000e-07
0.251327     6.66148000e-07
0.251411     1.00711000e-06
0.251494     1.14048000e-06
0.251578     1.08830000e-06
0.251662     8.87854000e-07
0.251746     5.64003000e-07
0.251830     1.51926000e-07
0.251914     4.28132000e-08
0.251998     2.99530000e-07
0.252082     2.82214000e-07
0.252166     1.59669000e-07
0.252250     5.49043000e-08
0.252334     3.86289000e-09
0.252418     1.46806000e-08
0.252502     7.14513000e-09
0.252586     1.46241000e-07
0.252671     1.79628000e-07
0.252755     6.17355000e-08
0.252839     6.89706000e-09
0.252923     1.00433000e-07
0.253008     2.11886000e-08
0.253092     1.93705000e-07
0.253176     6.22186000e-07
0.253261     9.54287000e-07
0.253345     1.21010000e-06
0.253430     1.30603000e-06
0.253514     1.01708000e-06
0.253599     1.94123000e-07
0.253683     2.70088000e-07
0.253768     1.19510000e-06
0.253852     1.67602000e-06
0.253937     1.62206000e-06
0.254021     1.08405000e-06
0.254106     3.06823000e-07
0.254191     2.34267000e-08
0.254276     6.07019000e-07
0.254360     1.23868000e-06
0.254445     1.29862000e-06
0.254530     8.01793000e-07
0.254615     1.79166000e-07
0.254700     3.50316000e-08
0.254785     4.92374000e-07
0.254869     7.37615000e-07
0.254954     3.08182000e-07
0.255039     2.05897000e-07
0.255124     3.46932000e-07
0.255209     1.15041000e-06
0.255295     2.12547000e-06
0.255380     3.11241000e-06
0.255465     4.04894000e-06
0.255550     4.91848000e-06
0.255635     5.71516000e-06
0.255720     6.44871000e-06
0.255806     7.12607000e-06
0.255891     7.75395000e-06
0.255976     8.34030000e-06
0.256061     8.88950000e-06
0.256147     9.40481000e-06
0.256232     9.89244000e-06
0.256318     1.03360000e-05
0.256403     1.07962000e-05
0.256489     1.12327000e-05
0.256574     1.16414000e-05
0.256660     1.20339000e-05
0.256745     1.24113000e-05
0.256831     1.27755000e-05
0.256916     1.31251000e-05
0.257002     1.34564000e-05
0.257088     1.37898000e-05
0.257173     1.41165000e-05
0.257259     1.44272000e-05
0.257345     1.47278000e-05
0.257431     1.50201000e-05
0.257516     1.53023000e-05
0.257602     1.55736000e-05
0.257688     1.57986000e-05
0.257774     1.58687000e-05
0.257860     1.63495000e-05
0.257946     1.65904000e-05
0.258032     1.68235000e-05
0.258118     1.70124000e-05
0.258204     1.73072000e-05
0.258290     1.75251000e-05
0.258376     1.77203000e-05
0.258462     1.77796000e-05
0.258548     1.57709000e-05
0.258634     1.82782000e-05
0.258721     1.85325000e-05
0.258807     1.87341000e-05
0.258893     1.89213000e-05
0.258979     1.90937000e-05
0.259066     1.92702000e-05
0.259152     1.92618000e-05
0.259239     1.95965000e-05
0.259325     1.97570000e-05
0.259411     1.99016000e-05
0.259498     1.93415000e-05
0.259584     2.01937000e-05
0.259671     2.03333000e-05
0.259757     2.04681000e-05
0.259844     2.05913000e-05
0.259931     2.06941000e-05
0.260017     4.05795000e-05
0.260104     7.31008000e-07
0.260191     2.10387000e-05
0.260277     2.11334000e-05
0.260364     2.11286000e-05
0.260451     2.13225000e-05
0.260538     2.13898000e-05
0.260625     2.14224000e-05
0.260712     2.12547000e-05
0.260798     2.10996000e-05
0.260885     2.14174000e-05
0.260972     2.12327000e-05
0.261059     2.01199000e-05
0.261146     1.51154000e-06
0.261233     1.84318000e-05
0.261320     1.01800000e-05
0.261408     1.44960000e-05
0.261495     2.04265000e-05
0.261582     2.13006000e-05
0.261669     2.14090000e-05
0.261756     2.09720000e-05
0.261844     1.86869000e-05
0.261931     3.13710000e-06
0.262018     1.55837000e-05
0.262105     2.04817000e-05
0.262193     2.12565000e-05
0.262280     2.08013000e-05
0.262368     1.48664000e-05
0.262455     1.31234000e-05
0.262543     2.08836000e-05
0.262630     2.17793000e-05
0.262718     2.20666000e-05
0.262805     2.20271000e-05
0.262893     2.18101000e-05
0.262980     1.95933000e-05
0.263068     1.60305000e-05
0.263156     2.06419000e-05
0.263244     1.80875000e-05
0.263331     4.99551000e-07
0.263419     1.70356000e-05
0.263507     2.09010000e-05
0.263595     2.17055000e-05
0.263683     2.16602000e-05
0.263770     2.21270000e-05
0.263858     2.21903000e-05
0.263946     2.21966000e-05
0.264034     2.21738000e-05
0.264122     2.21255000e-05
0.264210     2.19847000e-05
0.264298     2.18903000e-05
0.264387     2.17583000e-05
0.264475     1.59038000e-05
0.264563     1.93787000e-05
0.264651     1.50813000e-05
0.264739     1.73415000e-05
0.264827     5.11422000e-07
0.264916     1.63704000e-05
0.265004     2.01892000e-05
0.265092     2.09837000e-05
0.265181     2.12298000e-05
0.265269     2.12736000e-05
0.265358     2.13114000e-05
0.265446     2.12796000e-05
0.265534     2.12305000e-05
0.265623     2.11680000e-05
0.265712     2.10964000e-05
0.265800     2.10162000e-05
0.265889     2.09338000e-05
0.265977     2.08441000e-05
0.266066     2.07480000e-05
0.266155     2.06436000e-05
0.266243     2.05236000e-05
0.266332     2.04223000e-05
0.266421     2.03211000e-05
0.266510     2.01922000e-05
0.266599     2.00328000e-05
0.266687     1.97452000e-05
0.266776     1.80938000e-06
0.266865     1.50431000e-06
0.266954     1.87116000e-05
0.267043     1.93099000e-05
0.267132     1.93124000e-05
0.267221     1.89352000e-05
0.267310     1.91103000e-05
0.267399     8.32778000e-06
0.267489     1.88473000e-05
0.267578     1.87024000e-05
0.267667     1.85590000e-05
0.267756     1.84045000e-05
0.267845     1.82343000e-05
0.267935     1.79170000e-05
0.268024     1.76097000e-05
0.268113     1.05038000e-10
0.268203     1.75751000e-05
0.268292     1.74139000e-05
0.268382     1.72338000e-05
0.268471     1.70440000e-05
0.268560     1.67919000e-05
0.268650     1.66306000e-05
0.268740     1.63872000e-05
0.268829     1.61065000e-05
0.268919     1.56440000e-05
0.269008     1.20186000e-05
0.269098     2.40186000e-06
0.269188     1.43970000e-05
0.269277     1.48622000e-05
0.269367     1.47406000e-05
0.269457     1.42496000e-05
0.269547     1.39471000e-05
0.269637     1.40196000e-05
0.269727     1.37625000e-05
0.269816     1.34637000e-05
0.269906     1.31390000e-05
0.269996     1.16674000e-05
0.270086     1.24413000e-05
0.270176     1.20629000e-05
0.270266     1.16586000e-05
0.270357     1.12271000e-05
0.270447     1.07687000e-05
0.270537     1.02781000e-05
0.270627     9.75056000e-06
0.270717     9.00946000e-06
0.270807     8.58594000e-06
0.270898     7.96059000e-06
0.270988     7.28086000e-06
0.271078     6.55419000e-06
0.271169     5.79230000e-06
0.271259     4.96913000e-06
0.271350     4.16949000e-06
0.271440     3.33600000e-06
0.271530     2.51574000e-06
0.271621     1.69698000e-06
0.271712     1.05624000e-06
0.271802     5.02552000e-07
0.271893     1.32957000e-07
0.271983     1.49928000e-05
0.272074     1.09808000e-07
0.272165     3.32027000e-09
0.272255     3.00642000e-07
0.272346     6.45451000e-07
0.272437     1.96598000e-07
0.272528     1.06285000e-06
0.272619     2.09684000e-06
0.272709     3.14984000e-06
0.272800     3.94370000e-06
0.272891     4.58010000e-06
0.272982     2.38834000e-06
0.273073     5.55892000e-06
0.273164     5.84155000e-06
0.273255     6.01711000e-06
0.273346     5.95671000e-06
0.273438     1.19537000e-07
0.273529     5.10553000e-06
0.273620     3.41707000e-06
0.273711     1.84358000e-06
0.273802     2.46977000e-08
0.273894     1.30348000e-06
0.273985     3.04931000e-06
0.274076     3.24534000e-06
0.274168     2.14530000e-06
0.274259     5.10842000e-07
0.274350     1.20438000e-07
0.274442     7.42045000e-07
0.274533     6.64811000e-08
0.274625     3.09517000e-06
0.274716     3.87459000e-06
0.274808     3.69193000e-06
0.274900     2.68120000e-06
0.274991     1.09478000e-06
0.275083     1.92112000e-08
0.275175     6.79548000e-07
0.275266     2.31653000e-06
0.275358     3.70056000e-06
0.275450     7.78290000e-08
0.275542     4.36832000e-06
0.275633     2.55154000e-06
0.275725     9.20517000e-08
0.275817     3.40801000e-06
0.275909     5.17432000e-06
0.276001     5.82315000e-06
0.276093     6.08891000e-06
0.276185     6.20388000e-06
0.276277     5.68119000e-06
0.276369     6.22297000e-06
0.276461     6.18676000e-06
0.276554     6.12383000e-06
0.276646     6.04199000e-06
0.276738     5.93893000e-06
0.276830     3.62677000e-06
0.276923     5.66972000e-06
0.277015     5.45449000e-06
0.277107     5.03773000e-06
0.277200     3.75156000e-06
0.277292     1.19211000e-07
0.277384     3.60695000e-06
0.277477     4.69842000e-06
0.277569     4.89657000e-06
0.277662     4.90420000e-06
0.277754     4.84956000e-06
0.277847     4.76621000e-06
0.277940     4.65028000e-06
0.278032     4.58130000e-06
0.278125     4.48467000e-06
0.278218     4.38304000e-06
0.278310     4.28049000e-06
0.278403     4.17797000e-06
0.278496     4.07481000e-06
0.278589     3.97164000e-06
0.278682     3.86849000e-06
0.278775     3.76377000e-06
0.278867     3.58441000e-06
0.278960     3.55491000e-06
0.279053     3.46443000e-06
0.279146     3.36665000e-06
0.279239     3.26879000e-06
0.279333     3.17122000e-06
0.279426     3.07282000e-06
0.279519     2.95537000e-06
0.279612     2.88770000e-06
0.279705     2.79500000e-06
0.279798     2.70472000e-06
0.279892     2.61582000e-06
0.279985     2.52731000e-06
0.280078     2.44071000e-06
0.280172     2.35494000e-06
0.280265     2.27086000e-06
0.280358     3.30017000e-06
0.280452     2.10382000e-06
0.280545     2.01038000e-06
0.280639     1.94447000e-06
0.280732     1.85969000e-06
0.280826     1.66823000e-06
0.280920     1.71400000e-06
0.281013     1.64482000e-06
0.281107     1.57373000e-06
0.281201     1.50370000e-06
0.281294     1.43513000e-06
0.281388     1.36329000e-06
0.281482     1.30243000e-06
0.281576     1.23891000e-06
0.281670     1.17656000e-06
0.281764     1.11575000e-06
0.281857     1.05650000e-06
0.281951     9.98786000e-07
0.282045     9.42501000e-07
0.282139     8.80076000e-07
0.282233     8.34586000e-07
0.282328     7.83952000e-07
0.282422     7.32970000e-07
0.282516     6.84823000e-07
0.282610     6.21726000e-07
0.282704     5.85153000e-07
0.282798     5.51359000e-07
0.282893     5.09166000e-07
0.282987     4.71089000e-07
0.283081     4.32935000e-07
0.283176     3.96359000e-07
0.283270     3.61335000e-07
0.283364     3.27904000e-07
0.283459     2.95986000e-07
0.283553     2.64395000e-07
0.283648     2.14574000e-07
0.283742     2.10599000e-07
0.283837     1.85804000e-07
0.283932     1.62275000e-07
0.284026     1.40234000e-07
0.284121     8.13829000e-08
0.284216     1.01219000e-07
0.284310     8.41749000e-08
0.284405     6.86535000e-08
0.284500     5.46397000e-08
0.284595     4.24088000e-08
0.284690     3.16690000e-08
0.284785     2.25186000e-08
0.284880     1.49544000e-08
0.284974     8.98199000e-09
0.285069     4.70815000e-09
0.285164     2.70676000e-09
0.285260     5.29849000e-08
0.285355     1.29350000e-08
0.285450     2.89050000e-09
0.285545     5.46196000e-09
0.285640     1.00672000e-08
0.285735     1.62418000e-08
0.285831     2.39542000e-08
0.285926     3.31529000e-08
0.286021     4.38334000e-08
0.286116     5.59983000e-08
0.286212     6.95970000e-08
0.286307     8.46444000e-08
0.286403     1.00985000e-07
0.286498     1.17680000e-07
0.286594     1.38255000e-07
0.286689     1.58999000e-07
0.286785     1.81015000e-07
0.286880     2.04086000e-07
0.286976     2.21454000e-07
0.287072     2.50811000e-07
0.287167     2.82133000e-07
0.287263     3.10974000e-07
0.287359     3.39406000e-07
0.287455     3.45914000e-07
0.287550     3.76076000e-07
0.287646     4.36164000e-07
0.287742     4.73967000e-07
0.287838     5.11269000e-07
0.287934     5.49392000e-07
0.288030     5.88549000e-07
0.288126     6.28858000e-07
0.288222     6.70303000e-07
0.288318     7.12931000e-07
0.288414     7.56638000e-07
0.288510     8.01527000e-07
0.288607     8.47507000e-07
0.288703     8.94559000e-07
0.288799     9.42709000e-07
0.288895     9.92310000e-07
0.288992     1.04266000e-06
0.289088     1.09399000e-06
0.289184     1.14631000e-06
0.289281     1.19967000e-06
0.289377     1.25397000e-06
0.289473     1.21485000e-06
0.289570     1.36551000e-06
0.289666     1.42262000e-06
0.289763     1.48050000e-06
0.289860     1.53918000e-06
0.289956     1.59864000e-06
0.290053     1.65875000e-06
0.290150     1.71948000e-06
0.290246     1.78067000e-06
0.290343     1.84220000e-06
0.290440     1.90382000e-06
0.290537     1.96513000e-06
0.290633     2.02539000e-06
0.290730     2.08332000e-06
0.290827     2.13612000e-06
0.290924     2.17724000e-06
0.291021     2.18771000e-06
0.291118     2.09561000e-06
0.291215     1.49923000e-06
0.291312     6.42701000e-08
0.291409     1.82155000e-06
0.291507     2.36798000e-06
0.291604     2.57353000e-06
0.291701     2.69314000e-06
0.291798     2.79277000e-06
0.291895     2.87579000e-06
0.291993     2.95124000e-06
0.292090     3.02149000e-06
0.292187     3.08695000e-06
0.292285     3.14694000e-06
0.292382     3.19977000e-06
0.292480     3.24060000e-06
0.292577     3.26071000e-06
0.292675     3.16963000e-06
0.292772     3.09453000e-06
0.292870     2.49558000e-06
0.292967     2.18977000e-07
0.293065     1.86460000e-06
0.293163     2.93500000e-06
0.293261     3.11220000e-06
0.293358     3.00199000e-06
0.293456     2.65113000e-06
0.293554     1.97148000e-06
0.293652     9.25660000e-07
0.293750     5.23683000e-08
0.293848     3.55527000e-07
0.293946     1.43839000e-06
0.294044     2.29457000e-06
0.294142     2.25141000e-06
0.294240     4.59115000e-07
0.294338     3.00375000e-06
0.294436     3.37303000e-06
0.294534     3.26118000e-06
0.294632     2.74406000e-06
0.294730     1.64887000e-06
0.294829     2.47418000e-07
0.294927     3.31992000e-07
0.295025     1.75123000e-06
0.295123     2.75402000e-06
0.295222     3.03976000e-06
0.295320     2.50889000e-06
0.295419     7.96268000e-07
0.295517     3.26886000e-07
0.295616     2.12737000e-06
0.295714     2.31372000e-06
0.295813     6.20435000e-08
0.295911     2.16168000e-06
0.296010     3.38011000e-06
0.296109     3.57905000e-06
0.296207     3.40213000e-06
0.296306     2.98439000e-06
0.296405     2.34819000e-06
0.296504     1.50117000e-06
0.296603     9.66310000e-08
0.296701     1.74569000e-07
0.296800     1.82957000e-08
0.296899     4.37920000e-07
0.296998     9.73624000e-07
0.297097     9.48479000e-07
0.297196     1.28115000e-06
0.297295     7.60243000e-07
0.297394     7.64940000e-09
0.297494     5.14213000e-07
0.297593     1.63287000e-06
0.297692     2.47310000e-06
0.297791     2.88062000e-06
0.297890     2.91489000e-06
0.297990     2.63342000e-06
0.298089     2.08256000e-06
0.298188     1.32394000e-06
0.298288     5.93155000e-07
0.298387     8.57205000e-08
0.298487     4.83149000e-08
0.298586     4.98882000e-07
0.298686     1.22611000e-06
0.298785     1.94625000e-06
0.298885     2.48653000e-06
0.298984     2.74046000e-06
0.299084     2.66955000e-06
0.299184     2.26193000e-06
0.299284     1.55127000e-06
0.299383     7.01404000e-07
0.299483     8.29375000e-08
0.299583     1.04692000e-07
0.299683     7.32163000e-07
0.299783     1.45694000e-06
0.299883     1.76565000e-06
0.299983     1.39127000e-06
0.300083     5.24351000e-07
0.300183     8.16811000e-06
0.300283     5.37593000e-07
0.300383     1.48947000e-06
0.300483     2.28068000e-06
0.300583     2.54615000e-06
0.300683     2.23241000e-06
0.300783     1.20156000e-06
0.300884     4.29254000e-08
0.300984     7.09246000e-07
0.301084     1.82774000e-06
0.301185     2.27095000e-06
0.301285     2.24955000e-06
0.301386     2.01088000e-06
0.301486     1.67180000e-06
0.301586     1.29286000e-06
0.301687     9.08381000e-07
0.301788     5.03179000e-07
0.301888     2.50475000e-07
0.301989     1.27602000e-07
0.302089     2.06560000e-08
0.302190     1.12175000e-08
0.302291     7.56460000e-08
0.302392     2.41213000e-07
0.302492     1.91012000e-08
0.302593     4.35669000e-07
0.302694     6.94099000e-08
0.302795     9.26617000e-07
0.302896     1.58015000e-06
0.302997     2.09803000e-06
0.303098     2.53869000e-06
0.303199     2.89311000e-06
0.303300     3.12629000e-06
0.303401     3.16941000e-06
0.303502     2.89039000e-06
0.303603     2.14162000e-06
0.303705     9.48979000e-07
0.303806     3.70817000e-08
0.303907     4.55718000e-07
0.304008     1.73225000e-06
0.304110     2.86666000e-06
0.304211     3.62254000e-06
0.304313     3.85068000e-06
0.304414     3.68626000e-06
0.304515     3.02225000e-06
0.304617     1.95526000e-06
0.304719     7.73970000e-07
0.304820     4.39503000e-08
0.304922     2.61656000e-07
0.305023     1.27224000e-06
0.305125     2.52709000e-06
0.305227     3.59955000e-06
0.305328     4.29226000e-06
0.305430     4.52760000e-06
0.305532     4.27053000e-06
0.305634     3.51139000e-06
0.305736     2.33265000e-06
0.305838     3.38212000e-07
0.305940     1.56450000e-07
0.306042     9.17745000e-08
0.306144     9.16675000e-07
0.306246     2.27908000e-06
0.306348     3.79063000e-06
0.306450     5.21881000e-06
0.306552     6.46809000e-06
0.306654     7.50022000e-06
0.306756     7.88846000e-06
0.306859     8.17692000e-06
0.306961     9.78811000e-06
0.307063     1.04583000e-05
0.307166     1.09961000e-05
0.307268     1.14595000e-05
0.307370     1.18632000e-05
0.307473     1.21953000e-05
0.307575     1.22486000e-05
0.307678     8.09241000e-06
0.307780     1.30009000e-05
0.307883     1.34253000e-05
0.307986     1.37158000e-05
0.308088     1.39639000e-05
0.308191     1.41920000e-05
0.308294     1.43723000e-05
0.308397     1.42186000e-05
0.308499     1.34697000e-05
0.308602     1.49329000e-05
0.308705     1.51924000e-05
0.308808     1.53926000e-05
0.308911     1.55702000e-05
0.309014     1.57315000e-05
0.309117     1.58476000e-05
0.309220     1.47038000e-05
0.309323     1.60112000e-05
0.309426     1.63244000e-05
0.309529     1.65015000e-05
0.309632     1.66379000e-05
0.309736     1.67488000e-05
0.309839     1.67496000e-05
0.309942     1.66478000e-05
0.310045     1.38767000e-05
0.310149     5.57180000e-06
0.310252     1.66873000e-05
0.310356     1.73512000e-05
0.310459     1.76522000e-05
0.310563     1.78308000e-05
0.310666     1.79809000e-05
0.310770     1.81183000e-05
0.310873     1.82485000e-05
0.310977     1.83741000e-05
0.311080     1.84964000e-05
0.311184     1.86159000e-05
0.311288     1.87333000e-05
0.311392     1.88480000e-05
0.311495     9.05284000e-06
0.311599     1.90609000e-05
0.311703     1.90239000e-05
0.311807     1.91511000e-05
0.311911     1.93918000e-05
0.312015     1.95111000e-05
0.312119     1.96209000e-05
0.312223     1.97272000e-05
0.312327     1.98305000e-05
0.312431     1.99282000e-05
0.312535     1.99988000e-05
0.312640     1.81167000e-05
0.312744     2.01602000e-05
0.312848     2.03310000e-05
0.312952     2.04414000e-05
0.313057     2.05421000e-05
0.313161     2.06428000e-05
0.313265     2.07364000e-05
0.313370     2.08103000e-05
0.313474     2.01981000e-05
0.313579     2.09336000e-05
0.313683     2.11152000e-05
0.313788     2.12202000e-05
0.313892     2.13170000e-05
0.313997     2.14135000e-05
0.314102     2.15076000e-05
0.314206     2.15998000e-05
0.314311     2.16874000e-05
0.314416     3.82222000e-09
0.314521     2.18704000e-05
0.314626     2.19660000e-05
0.314730     2.20569000e-05
0.314835     2.21859000e-05
0.314940     2.22748000e-05
0.315045     2.23755000e-05
0.315150     2.24627000e-05
0.315255     2.24956000e-05
0.315360     2.26358000e-05
0.315466     2.27292000e-05
0.315571     2.28161000e-05
0.315676     2.29023000e-05
0.315781     2.29865000e-05
0.315886     2.30714000e-05
0.315992     2.31577000e-05
0.316097     2.32423000e-05
0.316202     2.33252000e-05
0.316308     2.34095000e-05
0.316413     2.34929000e-05
0.316519     2.35757000e-05
0.316624     2.36579000e-05
0.316730     2.37393000e-05
0.316835     2.38216000e-05
0.316941     2.39027000e-05
0.317047     2.39827000e-05
0.317152     2.40638000e-05
0.317258     2.11304000e-05
0.317364     2.42270000e-05
0.317469     2.43060000e-05
0.317575     2.43844000e-05
0.317681     2.44624000e-05
0.317787     2.45396000e-05
0.317893     1.68270000e-05
0.317999     2.46930000e-05
0.318105     2.47135000e-05
0.318211     2.47312000e-05
0.318317     2.49096000e-05
0.318423     2.49668000e-05
0.318529     2.47384000e-05
0.318635     2.48283000e-05
0.318742     2.51822000e-05
0.318848     2.52660000e-05
0.318954     2.53203000e-05
0.319061     2.53273000e-05
0.319167     2.49458000e-05
0.319273     1.41637000e-05
0.319380     2.32338000e-05
0.319486     2.50824000e-05
0.319593     2.56465000e-05
0.319699     2.55739000e-05
0.319806     1.83670000e-05
0.319912     2.58601000e-05
0.320019     2.56451000e-05
0.320126     2.59420000e-05
0.320232     2.61528000e-05
0.320339     2.63190000e-05
0.320446     2.64033000e-05
0.320553     2.64792000e-05
0.320660     2.65518000e-05
0.320766     2.66240000e-05
0.320873     2.66945000e-05
0.320980     2.67596000e-05
0.321087     2.68319000e-05
0.321194     2.68963000e-05
0.321301     2.69466000e-05
0.321409     2.69763000e-05
0.321516     2.38981000e-05
0.321623     2.70505000e-05
0.321730     2.72150000e-05
0.321837     2.72058000e-05
0.321945     2.73713000e-05
0.322052     1.65774000e-05
0.322159     2.75077000e-05
0.322267     2.75732000e-05
0.322374     2.76405000e-05
0.322481     2.70977000e-05
0.322589     2.77613000e-05
0.322696     2.77524000e-05
0.322804     2.76930000e-05
0.322912     2.78674000e-05
0.323019     2.49898000e-05
0.323127     2.79433000e-05
0.323235     2.81014000e-05
0.323342     2.81167000e-05
0.323450     2.78745000e-05
0.323558     1.99945000e-06
0.323666     2.71339000e-05
0.323774     2.76817000e-05
0.323882     2.84156000e-05
0.323990     2.85516000e-05
0.324098     2.86369000e-05
0.324206     2.87071000e-05
0.324314     2.87703000e-05
0.324422     2.88228000e-05
0.324530     2.88348000e-05
0.324638     2.83536000e-05
0.324746     2.83347000e-05
0.324855     2.90210000e-05
0.324963     2.91316000e-05
0.325071     2.92054000e-05
0.325180     2.92576000e-05
0.325288     2.93338000e-05
0.325396     2.93944000e-05
0.325505     2.94544000e-05
0.325613     2.95133000e-05
0.325722     2.95712000e-05
0.325830     2.96005000e-05
0.325939     2.96861000e-05
0.326048     2.97420000e-05
0.326156     2.97953000e-05
0.326265     2.98432000e-05
0.326374     2.98745000e-05
0.326483     2.98005000e-05
0.326592     1.25852000e-05
0.326700     2.98549000e-05
0.326809     3.00908000e-05
0.326918     1.97737000e-05
0.327027     3.02352000e-05
0.327136     3.03015000e-05
0.327245     3.03567000e-05
0.327354     2.77299000e-05
0.327463     3.04694000e-05
0.327573     3.05229000e-05
0.327682     3.05757000e-05
0.327791     3.06277000e-05
0.327900     3.06791000e-05
0.328010     2.93583000e-05
0.328119     3.06890000e-05
0.328228     3.08275000e-05
0.328338     3.08733000e-05
0.328447     3.08054000e-05
0.328557     3.09117000e-05
0.328666     3.10045000e-05
0.328776     3.02982000e-05
0.328885     3.10807000e-05
0.328995     3.10860000e-05
0.329105     3.11394000e-05
0.329214     3.11477000e-05
0.329324     3.11608000e-05
0.329434     3.11497000e-05
0.329544     3.11092000e-05
0.329653     3.10196000e-05
0.329763     3.08505000e-05
0.329873     3.05140000e-05
0.329983     2.98033000e-05
0.330093     2.80531000e-05
0.330203     2.24103000e-05
0.330313     1.90587000e-06
0.330423     6.97286000e-06
0.330534     2.48336000e-05
0.330644     2.89249000e-05
0.330754     2.97885000e-05
0.330864     3.10497000e-05
0.330975     3.13987000e-05
0.331085     3.16817000e-05
0.331195     3.18566000e-05
0.331306     3.19914000e-05
0.331416     3.21010000e-05
0.331526     3.21940000e-05
0.331637     3.22755000e-05
0.331748     3.23485000e-05
0.331858     3.24169000e-05
0.331969     3.24806000e-05
0.332079     3.25411000e-05
0.332190     3.25988000e-05
0.332301     3.26546000e-05
0.332412     3.27086000e-05
0.332522     3.27610000e-05
0.332633     3.28117000e-05
0.332744     3.28628000e-05
0.332855     3.29121000e-05
0.332966     3.29607000e-05
0.333077     3.30085000e-05
0.333188     3.30558000e-05
0.333299     3.31010000e-05
0.333410     3.31489000e-05
0.333521     3.31936000e-05
0.333632     3.32396000e-05
0.333744     3.32845000e-05
0.333855     3.33281000e-05
0.333966     3.33722000e-05
0.334078     3.34164000e-05
0.334189     3.34592000e-05
0.334300     3.35024000e-05
0.334412     3.35447000e-05
0.334523     3.35869000e-05
0.334635     3.36286000e-05
0.334746     3.36692000e-05
0.334858     3.37106000e-05
0.334969     3.37515000e-05
0.335081     3.37922000e-05
0.335193     3.38312000e-05
0.335305     3.38707000e-05
0.335416     3.39091000e-05
0.335528     3.39472000e-05
0.335640     3.38675000e-05
0.335752     3.39854000e-05
0.335864     3.40590000e-05
0.335976     3.40854000e-05
0.336088     3.40980000e-05
0.336200     3.41718000e-05
0.336312     3.42070000e-05
0.336424     3.42418000e-05
0.336536     3.42059000e-05
0.336648     3.43109000e-05
0.336760     3.43115000e-05
0.336873     3.43773000e-05
0.336985     3.44103000e-05
0.337097     3.44425000e-05
0.337210     3.44735000e-05
0.337322     3.45042000e-05
0.337435     3.45325000e-05
0.337547     3.45587000e-05
0.337660     3.45890000e-05
0.337772     3.46162000e-05
0.337885     3.46429000e-05
0.337997     3.03980000e-05
0.338110     3.41564000e-05
0.338223     3.47169000e-05
0.338335     3.46803000e-05
0.338448     3.47578000e-05
0.338561     3.47659000e-05
0.338674     3.47981000e-05
0.338787     3.48152000e-05
0.338900     3.48309000e-05
0.339013     3.48440000e-05
0.339126     3.48550000e-05
0.339239     3.48639000e-05
0.339352     3.47612000e-05
0.339465     3.48699000e-05
0.339578     3.48576000e-05
0.339691     3.47837000e-05
0.339804     2.94343000e-05
0.339918     3.46353000e-05
0.340031     7.38695000e-06
0.340144     3.46482000e-05
0.340258     2.29713000e-05
0.340371     3.46572000e-05
0.340485     3.46323000e-05
0.340598     3.47005000e-05
0.340712     3.46951000e-05
0.340825     3.46417000e-05
0.340939     3.45978000e-05
0.341052     3.45282000e-05
0.341166     3.40784000e-05
0.341280     3.43477000e-05
0.341394     3.41746000e-05
0.341507     3.41129000e-05
0.341621     3.39892000e-05
0.341735     3.38221000e-05
0.341849     3.35280000e-05
0.341963     3.33657000e-05
0.342077     3.31445000e-05
0.342191     3.28355000e-05
0.342305     3.24677000e-05
0.342419     3.20326000e-05
0.342533     3.14381000e-05
0.342648     3.08417000e-05
0.342762     1.91481000e-05
0.342876     2.92141000e-05
0.342990     2.81772000e-05
0.343105     2.68475000e-05
0.343219     2.52034000e-05
0.343333     2.31715000e-05
0.343448     2.06635000e-05
0.343562     1.76011000e-05
0.343677     1.39480000e-05
0.343791     9.80405000e-06
0.343906     5.53369000e-06
0.344021     1.93246000e-06
0.344135     6.76258000e-08
0.344250     5.31811000e-07
0.344365     2.02412000e-07
0.344480     6.94540000e-08
0.344594     6.83921000e-06
0.344709     1.26089000e-05
0.344824     1.64575000e-05
0.344939     2.01640000e-05
0.345054     2.27351000e-05
0.345169     2.47422000e-05
0.345284     2.59371000e-05
0.345399     2.73062000e-05
0.345514     2.85181000e-05
0.345630     2.92326000e-05
0.345745     2.96963000e-05
0.345860     2.99128000e-05
0.345975     2.98485000e-05
0.346091     2.70420000e-05
0.346206     2.82796000e-05
0.346321     2.60133000e-05
0.346437     2.12581000e-05
0.346552     1.19877000e-05
0.346668     3.68527000e-07
0.346783     7.95567000e-06
0.346899     1.86315000e-05
0.347015     2.33270000e-05
0.347130     2.43519000e-05
0.347246     2.27452000e-05
0.347362     1.86533000e-05
0.347477     1.09969000e-05
0.347593     1.66962000e-06
0.347709     2.06839000e-06
0.347825     4.92228000e-06
0.347941     1.59805000e-05
0.348057     2.22624000e-05
0.348173     2.57481000e-05
0.348289     2.75675000e-05
0.348405     2.51427000e-05
0.348521     2.80536000e-05
0.348637     2.60762000e-05
0.348754     2.17810000e-05
0.348870     1.88586000e-05
0.348986     1.05581000e-05
0.349103     1.54550000e-06
0.349219     1.92834000e-06
0.349335     1.10692000e-05
0.349452     1.89021000e-05
0.349568     2.28304000e-05
0.349685     2.19570000e-05
0.349801     1.09427000e-05
0.349918     2.78438000e-06
0.350035     2.04821000e-05
0.350151     2.82535000e-05
0.350268     3.15638000e-05
0.350385     3.32894000e-05
0.350502     3.43449000e-05
0.350618     3.50450000e-05
0.350735     3.55392000e-05
0.350852     3.59543000e-05
0.350969     3.62147000e-05
0.351086     1.69017000e-05
0.351203     3.63717000e-05
0.351320     3.58076000e-05
0.351437     2.87672000e-05
0.351554     3.27551000e-05
0.351672     3.62753000e-05
0.351789     3.67239000e-05
0.351906     3.67222000e-05
0.352023     3.63604000e-05
0.352141     3.44415000e-05
0.352258     2.72774000e-05
0.352376     3.36184000e-05
0.352493     2.99755000e-05
0.352611     1.69020000e-05
0.352728     1.92863000e-06
0.352846     2.40203000e-05
0.352963     3.23112000e-05
0.353081     3.43334000e-05
0.353199     3.62466000e-05
0.353316     3.72816000e-05
0.353434     3.76761000e-05
0.353552     3.79282000e-05
0.353670     3.81359000e-05
0.353788     3.82712000e-05
0.353906     3.83703000e-05
0.354024     3.84144000e-05
0.354142     3.73057000e-05
0.354260     3.84415000e-05
0.354378     3.86190000e-05
0.354496     3.86714000e-05
0.354614     3.87028000e-05
0.354732     3.87214000e-05
0.354850     3.87324000e-05
0.354969     3.87265000e-05
0.355087     7.12346000e-06
0.355205     3.86827000e-05
0.355324     3.86161000e-05
0.355442     3.82268000e-05
0.355561     3.76719000e-05
0.355679     3.82341000e-05
0.355798     3.76139000e-05
0.355916     3.02829000e-05
0.356035     3.59522000e-05
0.356154     3.76777000e-05
0.356272     3.74490000e-05
0.356391     3.64814000e-05
0.356510     3.18616000e-05
0.356629     6.99029000e-06
0.356748     3.09620000e-05
0.356867     3.19680000e-05
0.356986     2.58539000e-05
0.357105     1.26198000e-06
0.357224     4.18950000e-06
0.357343     3.15072000e-05
0.357462     3.33868000e-05
0.357581     3.33861000e-05
0.357700     2.80691000e-05
0.357819     2.99062000e-05
0.357939     2.57765000e-05
0.358058     1.85303000e-05
0.358177     5.06742000e-06
0.358297     9.33394000e-06
0.358416     2.06071000e-05
0.358536     2.48861000e-05
0.358655     1.06320000e-05
0.358775     1.89124000e-05
0.358894     3.02149000e-05
0.359014     7.41207000e-08
0.359134     3.49300000e-05
0.359253     3.66036000e-05
0.359373     3.73666000e-05
0.359493     3.78566000e-05
0.359613     3.81977000e-05
0.359733     3.84713000e-05
0.359852     3.86448000e-05
0.359972     3.87475000e-05
0.360092     3.87867000e-05
0.360212     3.87716000e-05
0.360332     3.86531000e-05
0.360453     3.83737000e-05
0.360573     3.67684000e-05
0.360693     3.65131000e-05
0.360813     3.30514000e-05
0.360933     1.98330000e-05
0.361054     2.18151000e-05
0.361174     3.27847000e-05
0.361294     3.62336000e-05
0.361415     3.68197000e-05
0.361535     3.68142000e-05
0.361656     3.53164000e-05
0.361776     3.22706000e-05
0.361897     2.19515000e-05
0.362018     1.23393000e-05
0.362138     2.97350000e-05
0.362259     3.46503000e-05
0.362380     3.64894000e-05
0.362501     3.71596000e-05
0.362621     3.71760000e-05
0.362742     3.67357000e-05
0.362863     3.55139000e-05
0.362984     3.23329000e-05
0.363105     2.62385000e-05
0.363226     6.05228000e-06
0.363347     2.11310000e-05
0.363468     3.08322000e-05
0.363590     3.46498000e-05
0.363711     3.63463000e-05
0.363832     3.71564000e-05
0.363953     3.75003000e-05
0.364075     3.75442000e-05
0.364196     3.73020000e-05
0.364317     3.67091000e-05
0.364439     3.55588000e-05
0.364560     3.33206000e-05
0.364682     2.87137000e-05
0.364803     1.74496000e-05
0.364925     8.21286000e-06
0.365047     2.52866000e-06
0.365168     2.94397000e-05
0.365290     3.39608000e-05
0.365412     3.58573000e-05
0.365534     3.68355000e-05
0.365655     3.73664000e-05
0.365777     3.76789000e-05
0.365899     3.78314000e-05
0.366021     3.78872000e-05
0.366143     3.74216000e-05
0.366265     3.77882000e-05
0.366387     3.70727000e-05
0.366509     3.74582000e-05
0.366632     3.72048000e-05
0.366754     3.68758000e-05
0.366876     3.64586000e-05
0.366998     3.59176000e-05
0.367121     3.52098000e-05
0.367243     3.42485000e-05
0.367366     3.29129000e-05
0.367488     3.09843000e-05
0.367610     2.80341000e-05
0.367733     2.33258000e-05
0.367856     1.57780000e-05
0.367978     5.65520000e-06
0.368101     1.03071000e-08
0.368224     6.28379000e-06
0.368346     1.07138000e-05
0.368469     1.22268000e-05
0.368592     2.35736000e-05
0.368715     2.43870000e-05
0.368838     4.72434000e-06
0.368961     2.45146000e-05
0.369084     2.90704000e-05
0.369207     3.01852000e-05
0.369330     3.03665000e-05
0.369453     3.01117000e-05
0.369576     2.95585000e-05
0.369699     2.87402000e-05
0.369822     2.76426000e-05
0.369946     2.61923000e-05
0.370069     2.42532000e-05
0.370192     2.15709000e-05
0.370316     1.76498000e-05
0.370439     1.17106000e-05
0.370563     3.71896000e-06
0.370686     2.63663000e-07
0.370810     5.73345000e-06
0.370933     6.60289000e-06
0.371057     7.61303000e-06
0.371181     1.27869000e-05
0.371304     1.17726000e-05
0.371428     9.74582000e-06
0.371552     7.32910000e-06
0.371676     4.85671000e-06
0.371800     2.63090000e-06
0.371924     9.54226000e-07
0.372048     8.37794000e-08
0.372172     1.64213000e-07
0.372296     8.13421000e-07
0.372420     1.16701000e-06
0.372544     3.46651000e-06
0.372668     6.39429000e-06
0.372792     7.98544000e-06
0.372917     8.46703000e-06
0.373041     9.80403000e-06
0.373165     8.93386000e-06
0.373290     6.21080000e-06
0.373414     5.03597000e-07
0.373539     2.17867000e-06
0.373663     1.45701000e-06
0.373788     7.63706000e-08
0.373912     6.23700000e-07
0.374037     2.76684000e-06
0.374162     5.33435000e-06
0.374286     6.39176000e-06
0.374411     4.83126000e-06
0.374536     2.04456000e-06
0.374661     3.99967000e-06
0.374786     1.42736000e-06
0.374910     1.88780000e-07
0.375035     1.39678000e-06
0.375160     6.72683000e-06
0.375286     1.13667000e-05
0.375411     1.49168000e-05
0.375536     1.75542000e-05
0.375661     1.89999000e-05
0.375786     1.75826000e-05
0.375911     3.52366000e-06
0.376037     1.65151000e-05
0.376162     2.21189000e-05
0.376287     2.34000000e-05
0.376413     1.70889000e-05
0.376538     1.40803000e-05
0.376664     2.35623000e-05
0.376789     1.33405000e-05
0.376915     2.23424000e-05
0.377041     2.90496000e-05
0.377166     3.12995000e-05
0.377292     3.25174000e-05
0.377418     3.33517000e-05
0.377544     3.39846000e-05
0.377669     3.44927000e-05
0.377795     3.49100000e-05
0.377921     3.52583000e-05
0.378047     3.38350000e-05
0.378173     3.57514000e-05
0.378299     3.58901000e-05
0.378425     3.59209000e-05
0.378552     3.57093000e-05
0.378678     3.44322000e-05
0.378804     2.97868000e-05
0.378930     1.92040000e-05
0.379057     3.35016000e-05
0.379183     1.33856000e-05
0.379309     3.48677000e-05
0.379436     3.26510000e-05
0.379562     1.99574000e-05
0.379689     2.61135000e-05
0.379815     2.99553000e-05
0.379942     9.52750000e-06
0.380069     2.52230000e-06
0.380195     2.98807000e-05
0.380322     3.37468000e-05
0.380449     3.47791000e-05
0.380576     3.50108000e-05
0.380702     3.48868000e-05
0.380829     3.45183000e-05
0.380956     3.39590000e-05
0.381083     3.31876000e-05
0.381210     3.00817000e-05
0.381337     3.07139000e-05
0.381464     2.88865000e-05
0.381592     2.60044000e-05
0.381719     1.87291000e-05
0.381846     1.98935000e-05
0.381973     1.39865000e-05
0.382101     4.12583000e-06
0.382228     6.09848000e-06
0.382355     7.40411000e-06
0.382483     1.35274000e-06
0.382610     9.13308000e-07
0.382738     3.86621000e-06
0.382865     1.16019000e-05
0.382993     1.78597000e-05
0.383121     2.15459000e-05
0.383248     2.29479000e-05
0.383376     2.04677000e-05
0.383504     5.59999000e-06
0.383632     1.71056000e-05
0.383760     2.43480000e-05
0.383888     2.59624000e-05
0.384016     2.33171000e-05
0.384144     2.44339000e-06
0.384272     2.18389000e-05
0.384400     2.40868000e-05
0.384528     2.67509000e-05
0.384656     2.60945000e-05
0.384784     2.46946000e-05
0.384913     2.24423000e-05
0.385041     1.69813000e-05
0.385169     1.52188000e-05
0.385298     1.47424000e-05
0.385426     1.09953000e-05
0.385555     6.35845000e-06
0.385683     1.28856000e-06
0.385812     1.16738000e-06
0.385940     1.26171000e-06
0.386069     5.48491000e-08
0.386198     5.08305000e-07
0.386326     2.58947000e-06
0.386455     5.74303000e-06
0.386584     9.02846000e-06
0.386713     1.13372000e-05
0.386842     1.56929000e-05
0.386971     1.83477000e-05
0.387100     2.01005000e-05
0.387229     2.01292000e-05
0.387358     3.24948000e-07
0.387487     1.33098000e-05
0.387616     1.87104000e-05
0.387745     1.34890000e-05
0.387874     4.16450000e-06
0.388004     8.33112000e-07
0.388133     9.49117000e-06
0.388262     1.38645000e-05
0.388392     1.23501000e-05
0.388521     7.15701000e-06
0.388651     1.50968000e-06
0.388780     3.64761000e-07
0.388910     4.97614000e-06
0.389040     1.13576000e-05
0.389169     1.64920000e-05
0.389299     1.92378000e-05
0.389429     1.84763000e-05
0.389559     1.07465000e-05
0.389688     2.37401000e-07
0.389818     1.14592000e-05
0.389948     8.73316000e-06
0.390078     2.06383000e-08
0.390208     8.90207000e-06
0.390338     1.89922000e-05
0.390468     2.36943000e-05
0.390599     2.31584000e-05
0.390729     3.81919000e-06
0.390859     1.87373000e-05
0.390989     2.90531000e-05
0.391120     3.18112000e-05
0.391250     3.26716000e-05
0.391380     3.26533000e-05
0.391511     3.19172000e-05
0.391641     3.02506000e-05
0.391772     2.63840000e-05
0.391903     2.15100000e-05
0.392033     1.04529000e-05
0.392164     1.25929000e-06
0.392295     5.65288000e-06
0.392425     3.82673000e-07
0.392556     9.68847000e-06
0.392687     1.31168000e-05
0.392818     5.21795000e-06
0.392949     1.83008000e-06
0.393080     2.35557000e-06
0.393211     3.13571000e-06
0.393342     1.44151000e-05
0.393473     2.27172000e-05
0.393604     2.82322000e-05
0.393735     3.16998000e-05
0.393867     3.40366000e-05
0.393998     3.56403000e-05
0.394129     3.60990000e-05
0.394261     3.67137000e-05
0.394392     3.82900000e-05
0.394524     3.92237000e-05
0.394655     3.96962000e-05
0.394787     4.01064000e-05
0.394918     4.04012000e-05
0.395050     4.07516000e-05
0.395181     4.09984000e-05
0.395313     4.12164000e-05
0.395445     4.14157000e-05
0.395577     4.15763000e-05
0.395709     3.63971000e-05
0.395841     4.16994000e-05
0.395973     4.19855000e-05
0.396105     4.20878000e-05
0.396237     4.22199000e-05
0.396369     4.23000000e-05
0.396501     4.23448000e-05
0.396633     4.22760000e-05
0.396765     4.18460000e-05
0.396897     4.16104000e-05
0.397030     1.77258000e-05
0.397162     4.13536000e-05
0.397294     4.11840000e-05
0.397427     4.27481000e-05
0.397559     4.28634000e-05
0.397692     4.29317000e-05
0.397824     4.29923000e-05
0.397957     4.11959000e-05
0.398090     4.30851000e-05
0.398222     2.36118000e-05
0.398355     4.31768000e-05
0.398488     4.32067000e-05
0.398621     4.32463000e-05
0.398754     4.32933000e-05
0.398886     4.33053000e-05
0.399019     4.33295000e-05
0.399152     4.32124000e-05
0.399286     4.33995000e-05
0.399419     4.34169000e-05
0.399552     4.34563000e-05
0.399685     4.34613000e-05
0.399818     4.34899000e-05
0.399951     4.35148000e-05
0.400085     4.35008000e-05
0.400218     4.34906000e-05
0.400352     4.34131000e-05
0.400485     4.30341000e-05
0.400618     3.10832000e-05
0.400752     4.26709000e-05
0.400886     4.34354000e-05
0.401019     4.35835000e-05
0.401153     4.36431000e-05
0.401287     4.21941000e-05
0.401420     4.37046000e-05
0.401554     4.37270000e-05
0.401688     4.37303000e-05
0.401822     4.22895000e-05
0.401956     4.37657000e-05
0.402090     4.37814000e-05
0.402224     4.37901000e-05
0.402358     3.98583000e-05
0.402492     4.38087000e-05
0.402626     4.38204000e-05
0.402760     4.38179000e-05
0.402895     4.38077000e-05
0.403029     4.37946000e-05
0.403163     3.01636000e-05
0.403298     4.37468000e-05
0.403432     2.87638000e-05
0.403567     4.37262000e-05
0.403701     4.36598000e-05
0.403836     4.35413000e-05
0.403970     4.33723000e-05
0.404105     4.30153000e-05
0.404240     4.19644000e-05
0.404374     3.97577000e-05
0.404509     8.90258000e-06
0.404644     2.61387000e-05
0.404779     2.85335000e-05
0.404914     3.64361000e-05
0.405049     3.84766000e-05
0.405184     4.28247000e-05
0.405319     4.32851000e-05
0.405454     4.35071000e-05
0.405589     4.36326000e-05
0.405724     4.36761000e-05
0.405860     4.26960000e-05
0.405995     4.35408000e-05
0.406130     4.31813000e-05
0.406266     4.23915000e-05
0.406401     3.63853000e-05
0.406537     3.48441000e-05
0.406672     4.22223000e-05
0.406808     4.32085000e-05
0.406943     4.33716000e-05
0.407079     4.29100000e-05
0.407215     3.84981000e-05
0.407350     3.69945000e-05
0.407486     4.28764000e-05
0.407622     4.30724000e-05
0.407758     4.38833000e-05
0.407894     4.40196000e-05
0.408030     4.40268000e-05
0.408166     4.40940000e-05
0.408302     4.41058000e-05
0.408438     4.41483000e-05
0.408574     4.41635000e-05
0.408710     4.41679000e-05
0.408846     4.41769000e-05
0.408983     4.41709000e-05
0.409119     4.41972000e-05
0.409255     4.42003000e-05
0.409392     4.42153000e-05
0.409528     4.42140000e-05
0.409665     4.42170000e-05
0.409801     4.42383000e-05
0.409938     4.42047000e-05
0.410075     4.42487000e-05
0.410211     4.42346000e-05
0.410348     4.42898000e-05
0.410485     4.42609000e-05
0.410622     4.37509000e-05
0.410758     4.04142000e-05
0.410895     4.42601000e-05
0.411032     4.42639000e-05
0.411169     4.42643000e-05
0.411306     4.42730000e-05
0.411444     4.42735000e-05
0.411581     4.42764000e-05
0.411718     4.42741000e-05
0.411855     4.42740000e-05
0.411992     4.42997000e-05
0.412130     4.42688000e-05
0.412267     4.42715000e-05
0.412405     4.42771000e-05
0.412542     4.42638000e-05
0.412679     4.40816000e-05
0.412817     4.42345000e-05
0.412955     4.41974000e-05
0.413092     4.40002000e-05
0.413230     4.27603000e-05
0.413368     3.94945000e-05
0.413506     4.38636000e-05
0.413643     4.32858000e-05
0.413781     4.41904000e-05
0.413919     4.41894000e-05
0.414057     4.41460000e-05
0.414195     4.40059000e-05
0.414333     4.33646000e-05
0.414471     3.35838000e-05
0.414610     4.21771000e-05
0.414748     4.37891000e-05
0.414886     9.28447000e-06
0.415024     4.41534000e-05
0.415163     4.38666000e-05
0.415301     4.42452000e-05
0.415439     4.42780000e-05
0.415578     4.41948000e-05
0.415716     4.42890000e-05
0.415855     4.43219000e-05
0.415994     4.41734000e-05
0.416132     4.43019000e-05
0.416271     4.43261000e-05
0.416410     4.22063000e-05
0.416549     4.43160000e-05
0.416687     4.43034000e-05
0.416826     4.43257000e-05
0.416965     4.43155000e-05
0.417104     4.43121000e-05
0.417243     4.43197000e-05
0.417382     3.99957000e-05
0.417521     4.41269000e-05
0.417661     4.42610000e-05
0.417800     4.43101000e-05
0.417939     4.42760000e-05
0.418078     4.42822000e-05
0.418218     4.43115000e-05
0.418357     3.60072000e-05
0.418497     4.42910000e-05
0.418636     4.42892000e-05
0.418776     4.42298000e-05
0.418915     4.37184000e-05
0.419055     4.42766000e-05
0.419195     4.42464000e-05
0.419334     4.42554000e-05
0.419474     4.42334000e-05
0.419614     4.42431000e-05
0.419754     4.41909000e-05
0.419894     4.40672000e-05
0.420034     3.28658000e-05
0.420174     4.28052000e-05
0.420314     1.52406000e-05
0.420454     4.24884000e-05
0.420594     4.38242000e-05
0.420734     4.40755000e-05
0.420874     4.41546000e-05
0.421015     4.41953000e-05
0.421155     2.79341000e-05
0.421295     4.42193000e-05
0.421436     4.42411000e-05
0.421576     4.42326000e-05
0.421717     3.91823000e-05
0.421858     4.42413000e-05
0.421998     4.42550000e-05
0.422139     4.42328000e-05
0.422279     4.42226000e-05
0.422420     4.42315000e-05
0.422561     4.42466000e-05
0.422702     4.43292000e-05
0.422843     4.44023000e-05
0.422984     4.42177000e-05
0.423125     4.42162000e-05
0.423266     4.42155000e-05
0.423407     4.42012000e-05
0.423548     4.41676000e-05
0.423689     4.36642000e-05
0.423830     4.36929000e-05
0.423972     4.42044000e-05
0.424113     3.76526000e-05
0.424254     4.41624000e-05
0.424396     4.41983000e-05
0.424537     4.41285000e-05
0.424679     4.41071000e-05
0.424820     4.40551000e-05
0.424962     2.74246000e-05
0.425104     4.20652000e-05
0.425245     3.83940000e-05
0.425387     4.35973000e-05
0.425529     4.39809000e-05
0.425671     3.75565000e-05
0.425813     4.40043000e-05
0.425955     1.20624000e-05
0.426097     4.38185000e-05
0.426239     4.37918000e-05
0.426381     4.38809000e-05
0.426523     4.38041000e-05
0.426665     4.36085000e-05
0.426807     4.32771000e-05
0.426949     4.25345000e-05
0.427092     4.02079000e-05
0.427234     1.05728000e-05
0.427377     3.15739000e-05
0.427519     4.06998000e-05
0.427661     4.26894000e-05
0.427804     4.31284000e-05
0.427947     4.35682000e-05
0.428089     4.37828000e-05
0.428232     4.38580000e-05
0.428375     4.33826000e-05
0.428518     4.39083000e-05
0.428660     4.39718000e-05
0.428803     4.39784000e-05
0.428946     4.39603000e-05
0.429089     4.40787000e-05
0.429232     4.39035000e-05
0.429375     4.37367000e-05
0.429518     3.24236000e-05
0.429662     4.36075000e-05
0.429805     4.38839000e-05
0.429948     4.38664000e-05
0.430091     4.38279000e-05
0.430235     4.38118000e-05
0.430378     4.37031000e-05
0.430522     4.32744000e-05
0.430665     2.92149000e-05
0.430809     3.68137000e-05
0.430952     2.67512000e-05
0.431096     4.10208000e-05
0.431240     4.29628000e-05
0.431383     4.34663000e-05
0.431527     4.35982000e-05
0.431671     4.36481000e-05
0.431815     4.36829000e-05
0.431959     4.36804000e-05
0.432103     4.36160000e-05
0.432247     4.34532000e-05
0.432391     4.29620000e-05
0.432535     4.12666000e-05
0.432679     2.02537000e-05
0.432823     3.97970000e-05
0.432968     4.27828000e-05
0.433112     4.33962000e-05
0.433256     4.34870000e-05
0.433401     4.37046000e-05
0.433545     4.37539000e-05
0.433690     4.37326000e-05
0.433834     3.64163000e-05
0.433979     4.38248000e-05
0.434124     4.39363000e-05
0.434268     3.15197000e-05
0.434413     4.38362000e-05
0.434558     4.38475000e-05
0.434703     4.38135000e-05
0.434848     1.03566000e-07
0.434993     4.38231000e-05
0.435138     4.38073000e-05
0.435283     4.38864000e-05
0.435428     4.37888000e-05
0.435573     4.37538000e-05
0.435718     4.37993000e-05
0.435863     4.37536000e-05
0.436009     4.37832000e-05
0.436154     4.37730000e-05
0.436299     4.37139000e-05
0.436445     4.37365000e-05
0.436590     4.37082000e-05
0.436736     4.36860000e-05
0.436881     2.81107000e-05
0.437027     4.36318000e-05
0.437173     4.36455000e-05
0.437318     4.35851000e-05
0.437464     4.35313000e-05
0.437610     4.34306000e-05
0.437756     4.29484000e-05
0.437902     3.94768000e-05
0.438048     4.26062000e-05
0.438194     4.14005000e-05
0.438340     3.67071000e-05
0.438486     8.21593000e-06
0.438632     3.77050000e-05
0.438778     4.15666000e-05
0.438925     4.26614000e-05
0.439071     4.30719000e-05
0.439217     3.25694000e-05
0.439364     4.33446000e-05
0.439510     4.33852000e-05
0.439657     4.34635000e-05
0.439803     4.34392000e-05
0.439950     4.33835000e-05
0.440096     4.33471000e-05
0.440243     4.31447000e-05
0.440390     4.23789000e-05
0.440537     3.56840000e-05
0.440684     3.83150000e-05
0.440830     4.25350000e-05
0.440977     4.20644000e-05
0.441124     4.32762000e-05
0.441271     4.32851000e-05
0.441418     4.31813000e-05
0.441566     4.14583000e-05
0.441713     4.17175000e-05
0.441860     4.32482000e-05
0.442007     4.33733000e-05
0.442155     4.33869000e-05
0.442302     4.34485000e-05
0.442449     1.55052000e-05
0.442597     4.33879000e-05
0.442745     4.29282000e-05
0.442892     4.30356000e-05
0.443040     4.32145000e-05
0.443187     1.50194000e-05
0.443335     4.31767000e-05
0.443483     4.33823000e-05
0.443631     4.33642000e-05
0.443779     4.33467000e-05
0.443927     4.33605000e-05
0.444075     4.33487000e-05
0.444223     4.28204000e-05
0.444371     3.99803000e-05
0.444519     4.33688000e-05
0.444667     4.31779000e-05
0.444815     3.99830000e-05
0.444963     4.32289000e-05
0.445112     4.33404000e-05
0.445260     4.32968000e-05
0.445409     4.33078000e-05
0.445557     4.32824000e-05
0.445705     4.33128000e-05
0.445854     4.32718000e-05
0.446003     4.27614000e-05
0.446151     4.31965000e-05
0.446300     4.08241000e-05
0.446449     4.31963000e-05
0.446598     4.32369000e-05
0.446747     4.31603000e-05
0.446895     4.31939000e-05
0.447044     4.32478000e-05
0.447193     4.31171000e-05
0.447342     4.31200000e-05
0.447492     4.31667000e-05
0.447641     4.31140000e-05
0.447790     4.31746000e-05
0.447939     4.31269000e-05
0.448089     4.28903000e-05
0.448238     4.31170000e-05
0.448387     4.28816000e-05
0.448537     4.30119000e-05
0.448686     4.29174000e-05
0.448836     4.27215000e-05
0.448985     4.30898000e-05
0.449135     3.10701000e-05
0.449285     4.30430000e-05
0.449435     4.30014000e-05
0.449584     1.48423000e-05
0.449734     4.26477000e-05
0.449884     4.22336000e-05
0.450034     4.30221000e-05
0.450184     4.28901000e-05
0.450334     4.29909000e-05
0.450484     4.29582000e-05
0.450634     4.29534000e-05
0.450785     4.29666000e-05
0.450935     4.28106000e-05
0.451085     4.24941000e-05
0.451236     4.29153000e-05
0.451386     4.29054000e-05
0.451537     4.29088000e-05
0.451687     4.29119000e-05
0.451838     4.27013000e-05
0.451988     4.28649000e-05
0.452139     4.28663000e-05
0.452290     4.27306000e-05
0.452440     4.28807000e-05
0.452591     4.28609000e-05
0.452742     4.28024000e-05
0.452893     4.25955000e-05
0.453044     4.17391000e-05
0.453195     4.18822000e-05
0.453346     4.25799000e-05
0.453497     4.28053000e-05
0.453648     4.28030000e-05
0.453799     4.27457000e-05
0.453951     4.27544000e-05
0.454102     4.26768000e-05
0.454253     4.27707000e-05
0.454405     4.27199000e-05
0.454556     4.27391000e-05
0.454708     4.27079000e-05
0.454859     4.26789000e-05
0.455011     4.27148000e-05
0.455163     4.21384000e-05
0.455314     4.26650000e-05
0.455466     4.26498000e-05
0.455618     4.26769000e-05
0.455770     4.26656000e-05
0.455922     4.26272000e-05
0.456074     4.26092000e-05
0.456226     4.25003000e-05
0.456378     4.25788000e-05
0.456530     4.25247000e-05
0.456682     4.23869000e-05
0.456834     4.25562000e-05
0.456987     4.25214000e-05
0.457139     4.25084000e-05
0.457291     4.26123000e-05
0.457444     4.24999000e-05
0.457596     4.17118000e-05
0.457749     4.25242000e-05
0.457901     4.22939000e-05
0.458054     4.25243000e-05
0.458207     4.25120000e-05
0.458359     4.24709000e-05
0.458512     4.24816000e-05
0.458665     4.25224000e-05
0.458818     4.24464000e-05
0.458971     4.24573000e-05
0.459124     4.24248000e-05
0.459277     4.23599000e-05
0.459430     4.18223000e-05
0.459583     4.23762000e-05
0.459736     4.02736000e-05
0.459890     4.18994000e-05
0.460043     4.23187000e-05
0.460196     4.23820000e-05
0.460350     4.18857000e-05
0.460503     4.21266000e-05
0.460657     4.23070000e-05
0.460810     4.23119000e-05
0.460964     4.22934000e-05
0.461117     4.22776000e-05
0.461271     4.09003000e-05
0.461425     4.22816000e-05
0.461579     4.22468000e-05
0.461733     4.23010000e-05
0.461886     4.22524000e-05
0.462040     4.22823000e-05
0.462194     4.22156000e-05
0.462349     4.22245000e-05
0.462503     4.21959000e-05
0.462657     4.21937000e-05
0.462811     4.22133000e-05
0.462965     4.21410000e-05
0.463120     4.21187000e-05
0.463274     4.21183000e-05
0.463428     3.86292000e-05
0.463583     4.21131000e-05
0.463737     4.21043000e-05
0.463892     4.21458000e-05
0.464047     4.20758000e-05
0.464201     4.20548000e-05
0.464356     4.20302000e-05
0.464511     4.20339000e-05
0.464666     4.20326000e-05
0.464821     4.20124000e-05
0.464975     4.20075000e-05
0.465130     4.19729000e-05
0.465286     4.20125000e-05
0.465441     4.19310000e-05
0.465596     3.96243000e-05
0.465751     4.19609000e-05
0.465906     4.18898000e-05
0.466062     4.18854000e-05
0.466217     4.19017000e-05
0.466372     4.18001000e-05
0.466528     4.18990000e-05
0.466683     4.18603000e-05
0.466839     4.18741000e-05
0.466994     4.01172000e-05
0.467150     4.18242000e-05
0.467306     4.17820000e-05
0.467462     4.18227000e-05
0.467617     4.16704000e-05
0.467773     4.17674000e-05
0.467929     4.17685000e-05
0.468085     4.18238000e-05
0.468241     4.17385000e-05
0.468397     4.17568000e-05
0.468553     4.16972000e-05
0.468710     4.17084000e-05
0.468866     4.01414000e-05
0.469022     4.16488000e-05
0.469178     4.16737000e-05
0.469335     4.16552000e-05
0.469491     4.15937000e-05
0.469648     4.15269000e-05
0.469804     4.14744000e-05
0.469961     4.14622000e-05
0.470118     4.14922000e-05
0.470274     4.14612000e-05
0.470431     3.50367000e-05
0.470588     4.15747000e-05
0.470745     4.14913000e-05
0.470902     4.14938000e-05
0.471059     4.14560000e-05
0.471216     4.15275000e-05
0.471373     4.14544000e-05
0.471530     4.13234000e-05
0.471687     4.14243000e-05
0.471844     4.14089000e-05
0.472002     4.14237000e-05
0.472159     4.13696000e-05
0.472316     4.14034000e-05
0.472474     4.13670000e-05
0.472631     4.13394000e-05
0.472789     4.12654000e-05
0.472946     4.14104000e-05
0.473104     4.13107000e-05
0.473262     4.13127000e-05
0.473419     4.12131000e-05
0.473577     4.11792000e-05
0.473735     4.12650000e-05
0.473893     3.94803000e-05
0.474051     4.11387000e-05
0.474209     4.11355000e-05
0.474367     4.12589000e-05
0.474525     4.11817000e-05
0.474683     4.09740000e-05
0.474842     4.11694000e-05
0.475000     4.11595000e-05
0.475158     4.11485000e-05
0.475317     1.05459000e-05
0.475475     4.10966000e-05
0.475633     4.11021000e-05
0.475792     4.11216000e-05
0.475951     4.11228000e-05
0.476109     4.10459000e-05
0.476268     4.10656000e-05
0.476427     4.10651000e-05
0.476586     4.10173000e-05
0.476744     4.10609000e-05
0.476903     4.10169000e-05
0.477062     4.09423000e-05
0.477221     4.09037000e-05
0.477380     4.07156000e-05
0.477540     4.09198000e-05
0.477699     4.09332000e-05
0.477858     4.08897000e-05
0.478017     4.08665000e-05
0.478177     4.07739000e-05
0.478336     4.08679000e-05
0.478495     4.08826000e-05
0.478655     4.08718000e-05
0.478814     2.15829000e-05
0.478974     4.08650000e-05
0.479134     4.08750000e-05
0.479293     4.08298000e-05
0.479453     4.08122000e-05
0.479613     4.07646000e-05
0.479773     4.07242000e-05
0.479933     4.07878000e-05
0.480093     4.06264000e-05
0.480253     4.07505000e-05
0.480413     4.07096000e-05
0.480573     3.99951000e-05
0.480733     4.06553000e-05
0.480893     4.06922000e-05
0.481054     4.06773000e-05
0.481214     4.06197000e-05
0.481375     4.06333000e-05
0.481535     4.06274000e-05
0.481695     4.05870000e-05
0.481856     4.06105000e-05
0.482017     4.05362000e-05
0.482177     4.05186000e-05
0.482338     4.05064000e-05
0.482499     4.06041000e-05
0.482660     4.05183000e-05
0.482821     4.04796000e-05
0.482982     4.04980000e-05
0.483143     4.04533000e-05
0.483304     4.04603000e-05
0.483465     4.04572000e-05
0.483626     4.03961000e-05
0.483787     4.04391000e-05
0.483948     4.04158000e-05
0.484110     4.04923000e-05
0.484271     4.04185000e-05
0.484432     4.03902000e-05
0.484594     4.03497000e-05
0.484755     4.03453000e-05
0.484917     4.03216000e-05
0.485079     4.01926000e-05
0.485240     4.02361000e-05
0.485402     4.02952000e-05
0.485564     4.02640000e-05
0.485726     4.03363000e-05
0.485888     4.02014000e-05
0.486050     4.02177000e-05
0.486212     4.06262000e-05
0.486374     4.03970000e-05
0.486536     4.00556000e-05
0.486698     4.01981000e-05
0.486860     4.01172000e-05
0.487022     4.01483000e-05
0.487185     4.01969000e-05
0.487347     2.41656000e-05
0.487510     3.90599000e-05
0.487672     4.01077000e-05
0.487835     4.00582000e-05
0.487997     4.01152000e-05
0.488160     3.99778000e-05
0.488323     4.00947000e-05
0.488486     3.99763000e-05
0.488648     4.00078000e-05
0.488811     4.00856000e-05
0.488974     4.00243000e-05
0.489137     3.99274000e-05
0.489300     3.93016000e-05
0.489463     3.98648000e-05
0.489626     3.98379000e-05
0.489790     3.98169000e-05
0.489953     3.97865000e-05
0.490116     3.98345000e-05
0.490280     3.98172000e-05
0.490443     3.98254000e-05
0.490607     3.97899000e-05
0.490770     3.96995000e-05
0.490934     3.96814000e-05
0.491097     3.98199000e-05
0.491261     3.97706000e-05
0.491425     3.96548000e-05
0.491589     3.96348000e-05
0.491752     3.95770000e-05
0.491916     3.97435000e-05
0.492080     3.97695000e-05
0.492244     3.97557000e-05
0.492408     3.95884000e-05
0.492573     3.96369000e-05
0.492737     3.95987000e-05
0.492901     3.95884000e-05
0.493065     3.94495000e-05
0.493230     3.94733000e-05
0.493394     3.94948000e-05
0.493559     3.94941000e-05
0.493723     3.94287000e-05
0.493888     3.92032000e-05
0.494052     3.58739000e-05
0.494217     3.83650000e-05
0.494382     3.92180000e-05
0.494546     3.92725000e-05
0.494711     3.94097000e-05
0.494876     3.91956000e-05
0.495041     3.93286000e-05
0.495206     3.92287000e-05
0.495371     3.92132000e-05
0.495536     3.92961000e-05
0.495702     3.92816000e-05
0.495867     1.16132000e-05
0.496032     3.92270000e-05
0.496197     3.91090000e-05
0.496363     3.91785000e-05
0.496528     3.90762000e-05
0.496694     3.92467000e-05
0.496859     3.91774000e-05
0.497025     3.91126000e-05
0.497191     3.89228000e-05
0.497356     3.90492000e-05
0.497522     3.90489000e-05
0.497688     3.90069000e-05
0.497854     3.90187000e-05
0.498020     3.87745000e-05
0.498186     3.90580000e-05
0.498352     3.91702000e-05
0.498518     3.87784000e-05
0.498684     3.89472000e-05
0.498850     3.89287000e-05
0.499017     3.89111000e-05
0.499183     3.85856000e-05
0.499349     3.85176000e-05
0.499516     3.20913000e-05
0.499682     3.79862000e-05
0.499849     3.87176000e-05
0.500016     3.88535000e-05
0.500182     3.87108000e-05
0.500349     3.89354000e-05
0.500516     3.86988000e-05
0.500683     3.88360000e-05
0.500849     3.83831000e-05
0.501016     3.77358000e-05
0.501183     3.64437000e-05
0.501351     2.05341000e-06
0.501518     3.62777000e-05
0.501685     3.82513000e-05
0.501852     3.80225000e-05
0.502019     3.85636000e-05
0.502187     3.84493000e-05
0.502354     3.83565000e-05
0.502521     3.73507000e-05
0.502689     3.85550000e-05
0.502857     3.85703000e-05
0.503024     3.74719000e-05
0.503192     3.84088000e-05
0.503360     3.83983000e-05
0.503527     3.57074000e-05
0.503695     3.82615000e-05
0.503863     3.83252000e-05
0.504031     3.83167000e-05
0.504199     3.55308000e-05
0.504367     3.77672000e-05
0.504535     3.63391000e-05
0.504703     3.80103000e-05
0.504872     3.74517000e-05
0.505040     3.78651000e-05
0.505208     3.55124000e-05
0.505377     3.32612000e-05
0.505545     3.76213000e-05
0.505714     3.78580000e-05
0.505882     3.73318000e-05
0.506051     3.79130000e-05
0.506220     3.80270000e-05
0.506388     3.79928000e-05
0.506557     3.82237000e-05
0.506726     3.81516000e-05
0.506895     3.81344000e-05
0.507064     3.73898000e-05
0.507233     3.77314000e-05
0.507402     3.81554000e-05
0.507571     3.78246000e-05
0.507740     3.76393000e-05
0.507910     3.74952000e-05
0.508079     3.42699000e-05
0.508248     3.76434000e-05
0.508418     3.48089000e-05
0.508587     3.69693000e-05
0.508757     3.76317000e-05
0.508926     3.78502000e-05
0.509096     3.76715000e-05
0.509266     3.78329000e-05
0.509435     3.77934000e-05
0.509605     3.76230000e-05
0.509775     3.77850000e-05
0.509945     3.77107000e-05
0.510115     3.78971000e-05
0.510285     3.76434000e-05
0.510455     3.76977000e-05
0.510625     3.64942000e-05
0.510795     3.68913000e-05
0.510966     3.68523000e-05
0.511136     3.77559000e-05
0.511306     3.75361000e-05
0.511477     3.75626000e-05
0.511647     3.75326000e-05
0.511818     3.72666000e-05
0.511988     3.73111000e-05
0.512159     3.68224000e-05
0.512330     3.70899000e-05
0.512501     2.42565000e-05
0.512671     3.68410000e-05
0.512842     3.24486000e-05
0.513013     3.65129000e-05
0.513184     3.72087000e-05
0.513355     3.74399000e-05
0.513526     3.73166000e-05
0.513698     3.73612000e-05
0.513869     3.72960000e-05
0.514040     3.74218000e-05
0.514211     3.64379000e-05
0.514383     3.53732000e-05
0.514554     3.66168000e-05
0.514726     3.72990000e-05
0.514897     3.72312000e-05
0.515069     3.69722000e-05
0.515241     2.37591000e-05
0.515412     3.65365000e-05
0.515584     3.71147000e-05
0.515756     3.71159000e-05
0.515928     3.68802000e-05
0.516100     3.66445000e-05
0.516272     3.70674000e-05
0.516444     3.71597000e-05
0.516616     3.72483000e-05
0.516789     3.67793000e-05
0.516961     3.66397000e-05
0.517133     3.68973000e-05
0.517305     6.46479000e-07
0.517478     3.63270000e-05
0.517650     3.67658000e-05
0.517823     3.65982000e-05
0.517996     3.68683000e-05
0.518168     3.68511000e-05
0.518341     3.67280000e-05
0.518514     2.08315000e-05
0.518687     3.68270000e-05
0.518859     3.67522000e-05
0.519032     3.67864000e-05
0.519205     3.67567000e-05
0.519379     8.96579000e-06
0.519552     3.63455000e-05
0.519725     3.71501000e-05
0.519898     3.64432000e-05
0.520071     3.65908000e-05
0.520245     3.65942000e-05
0.520418     3.65881000e-05
0.520592     3.67916000e-05
0.520765     3.69154000e-05
0.520939     3.60505000e-05
0.521112     3.65812000e-05
0.521286     3.65518000e-05
0.521460     3.63997000e-05
0.521634     3.63229000e-05
0.521808     3.66144000e-05
0.521981     3.61418000e-05
0.522155     3.63241000e-05
0.522330     3.63854000e-05
0.522504     3.62820000e-05
0.522678     3.57898000e-05
0.522852     2.92284000e-05
0.523026     3.61840000e-05
0.523201     3.62366000e-05
0.523375     3.64482000e-05
0.523550     3.63128000e-05
0.523724     3.63549000e-05
0.523899     3.61334000e-05
0.524073     3.61781000e-05
0.524248     3.59713000e-05
0.524423     3.61257000e-05
0.524597     3.60379000e-05
0.524772     3.62086000e-05
0.524947     3.59446000e-05
0.525122     3.59795000e-05
0.525297     3.57847000e-05
0.525472     3.58330000e-05
0.525648     3.58066000e-05
0.525823     3.56357000e-05
0.525998     3.55636000e-05
0.526173     3.55885000e-05
0.526349     3.55488000e-05
0.526524     3.50803000e-05
0.526700     3.42700000e-05
0.526875     3.06572000e-05
0.527051     1.28300000e-05
0.527227     2.48172000e-05
0.527402     3.27898000e-05
0.527578     3.44144000e-05
0.527754     3.49439000e-05
0.527930     3.48820000e-05
0.528106     3.44517000e-05
0.528282     3.55320000e-05
0.528458     3.55814000e-05
0.528634     3.53178000e-05
0.528810     3.48633000e-05
0.528987     3.53836000e-05
0.529163     3.52383000e-05
0.529339     3.53784000e-05
0.529516     3.54294000e-05
0.529692     3.53447000e-05
0.529869     3.55555000e-05
0.530046     3.53713000e-05
0.530222     3.53558000e-05
0.530399     3.53610000e-05
0.530576     3.51839000e-05
0.530753     3.46693000e-05
0.530930     3.49418000e-05
0.531106     3.50539000e-05
0.531284     3.50999000e-05
0.531461     3.51111000e-05
0.531638     3.50658000e-05
0.531815     3.51122000e-05
0.531992     3.47555000e-05
0.532170     3.47573000e-05
0.532347     3.42594000e-05
0.532524     3.42111000e-05
0.532702     3.26168000e-05
0.532879     2.19268000e-05
0.533057     2.65882000e-05
0.533235     3.30684000e-05
0.533413     3.44229000e-05
0.533590     3.45638000e-05
0.533768     3.45783000e-05
0.533946     3.49201000e-05
0.534124     3.39419000e-05
0.534302     3.47344000e-05
0.534480     3.44556000e-05
0.534658     3.46925000e-05
0.534837     3.47721000e-05
0.535015     3.45730000e-05
0.535193     3.44202000e-05
0.535372     3.43987000e-05
0.535550     3.44844000e-05
0.535729     3.38742000e-05
0.535907     3.43273000e-05
0.536086     3.40649000e-05
0.536265     3.41133000e-05
0.536443     3.43471000e-05
0.536622     3.44384000e-05
0.536801     3.40578000e-05
0.536980     3.37155000e-05
0.537159     3.11476000e-05
0.537338     1.82430000e-05
0.537517     3.26262000e-05
0.537696     3.36494000e-05
0.537875     3.38432000e-05
0.538055     3.38640000e-05
0.538234     3.39568000e-05
0.538414     3.42958000e-05
0.538593     3.37114000e-05
0.538773     3.39380000e-05
0.538952     3.38173000e-05
0.539132     3.37019000e-05
0.539311     3.37338000e-05
0.539491     3.35729000e-05
0.539671     3.25003000e-05
0.539851     7.44404000e-06
0.540031     3.21979000e-05
0.540211     3.34028000e-05
0.540391     3.31531000e-05
0.540571     3.28317000e-05
0.540751     1.57388000e-05
0.540932     3.22801000e-05
0.541112     3.33062000e-05
0.541292     3.35609000e-05
0.541473     3.30074000e-05
0.541653     3.36920000e-05
0.541834     3.29281000e-05
0.542014     3.24096000e-05
0.542195     3.33077000e-05
0.542376     3.32582000e-05
0.542557     2.57595000e-05
0.542737     3.28794000e-05
0.542918     3.20165000e-05
0.543099     1.30558000e-05
0.543280     3.13560000e-05
0.543461     3.18849000e-05
0.543643     2.58429000e-05
0.543824     3.24543000e-05
0.544005     3.24238000e-05
0.544186     3.26706000e-05
0.544368     3.27162000e-05
0.544549     3.22194000e-05
0.544731     3.04152000e-05
0.544912     2.78988000e-05
0.545094     3.17727000e-05
0.545276     3.24225000e-05
0.545457     3.24182000e-05
0.545639     2.99799000e-05
0.545821     3.11404000e-05
0.546003     3.13368000e-05
0.546185     3.23078000e-05
0.546367     3.26304000e-05
0.546549     3.24976000e-05
0.546731     3.23449000e-05
0.546914     3.20909000e-05
0.547096     3.21978000e-05
0.547278     3.21935000e-05
0.547461     3.13232000e-05
0.547643     3.22273000e-05
0.547826     3.15039000e-05
0.548008     3.19483000e-05
0.548191     3.19756000e-05
0.548374     3.21621000e-05
0.548557     3.18063000e-05
0.548739     3.20149000e-05
0.548922     3.22937000e-05
0.549105     3.19768000e-05
0.549288     3.15409000e-05
0.549471     3.08823000e-05
0.549655     3.18801000e-05
0.549838     2.96620000e-05
0.550021     3.14268000e-05
0.550204     3.13273000e-05
0.550388     3.13454000e-05
0.550571     3.11946000e-05
0.550755     3.10400000e-05
0.550938     3.08470000e-05
0.551122     3.13628000e-05
0.551306     3.13216000e-05
0.551490     3.12802000e-05
0.551673     3.10892000e-05
0.551857     3.12953000e-05
0.552041     3.10170000e-05
0.552225     3.09513000e-05
0.552409     3.07157000e-05
0.552593     3.05056000e-05
0.552778     3.11750000e-05
0.552962     3.12890000e-05
0.553146     3.07041000e-05
0.553331     3.07781000e-05
0.553515     3.05435000e-05
0.553700     3.07375000e-05
0.553884     3.02075000e-05
0.554069     3.03818000e-05
0.554253     3.04521000e-05
0.554438     3.04056000e-05
0.554623     3.04312000e-05
0.554808     3.03708000e-05
0.554993     3.02288000e-05
0.555178     3.01493000e-05
0.555363     3.00012000e-05
0.555548     3.01342000e-05
0.555733     2.96991000e-05
0.555918     2.93503000e-05
0.556104     2.99233000e-05
0.556289     2.99011000e-05
0.556475     2.98063000e-05
0.556660     2.96331000e-05
0.556846     2.95370000e-05
0.557031     2.96794000e-05
0.557217     2.95053000e-05
0.557403     2.96825000e-05
0.557588     2.92221000e-05
0.557774     2.90556000e-05
0.557960     2.90532000e-05
0.558146     2.91182000e-05
0.558332     2.90347000e-05
0.558518     2.90472000e-05
0.558705     2.89607000e-05
0.558891     2.92329000e-05
0.559077     2.91023000e-05
0.559263     2.83419000e-05
0.559450     2.88299000e-05
0.559636     2.87123000e-05
0.559823     2.83133000e-05
0.560009     2.88723000e-05
0.560196     2.86021000e-05
0.560383     2.84802000e-05
0.560570     2.80011000e-05
0.560757     2.78472000e-05
0.560943     2.77356000e-05
0.561130     2.77724000e-05
0.561317     2.77281000e-05
0.561505     2.74055000e-05
0.561692     2.80718000e-05
0.561879     2.74493000e-05
0.562066     2.75818000e-05
0.562254     2.71835000e-05
0.562441     2.69393000e-05
0.562629     2.73770000e-05
0.562816     2.69525000e-05
0.563004     2.68716000e-05
0.563191     2.67083000e-05
0.563379     2.65382000e-05
0.563567     2.65956000e-05
0.563755     2.64711000e-05
0.563943     2.64597000e-05
0.564131     2.61829000e-05
0.564319     2.62633000e-05
0.564507     2.61140000e-05
0.564695     2.57113000e-05
0.564883     2.57499000e-05
0.565071     2.57758000e-05
0.565260     2.55675000e-05
0.565448     2.54338000e-05
0.565637     2.55839000e-05
0.565825     2.51496000e-05
0.566014     2.55453000e-05
0.566203     2.49308000e-05
0.566391     2.49212000e-05
0.566580     2.44889000e-05
0.566769     2.45288000e-05
0.566958     2.42947000e-05
0.567147     2.41728000e-05
0.567336     2.41193000e-05
0.567525     2.38142000e-05
0.567714     2.37743000e-05
0.567903     2.34603000e-05
0.568093     2.34427000e-05
0.568282     2.31142000e-05
0.568472     2.30774000e-05
0.568661     2.19538000e-05
0.568851     2.28823000e-05
0.569040     2.24856000e-05
0.569230     2.25339000e-05
0.569420     2.23036000e-05
0.569609     2.21488000e-05
0.569799     2.15484000e-05
0.569989     2.18447000e-05
0.570179     2.14145000e-05
0.570369     2.16973000e-05
0.570559     2.12914000e-05
0.570750     2.10501000e-05
0.570940     2.11331000e-05
0.571130     2.09890000e-05
0.571321     2.08754000e-05
0.571511     2.02742000e-05
0.571701     2.01765000e-05
0.571892     1.99876000e-05
0.572083     1.95715000e-05
0.572273     1.93777000e-05
0.572464     1.92589000e-05
0.572655     1.90154000e-05
0.572846     1.73672000e-05
0.573037     1.83931000e-05
0.573228     1.84352000e-05
0.573419     1.80266000e-05
0.573610     1.78982000e-05
0.573801     1.76791000e-05
0.573992     1.75348000e-05
0.574184     1.72713000e-05
0.574375     1.69214000e-05
0.574567     1.68383000e-05
0.574758     1.65088000e-05
0.574950     1.64806000e-05
0.575141     1.60141000e-05
0.575333     1.58177000e-05
0.575525     1.58330000e-05
0.575717     1.53696000e-05
0.575909     1.50133000e-05
0.576101     1.47160000e-05
0.576293     1.45051000e-05
0.576485     1.40234000e-05
0.576677     1.39326000e-05
0.576869     1.36584000e-05
0.577061     1.33864000e-05
0.577254     1.30833000e-05
0.577446     1.28546000e-05
0.577639     1.26070000e-05
0.577831     1.21239000e-05
0.578024     1.19380000e-05
0.578217     1.17606000e-05
0.578409     1.14034000e-05
0.578602     1.12151000e-05
0.578795     1.08770000e-05
0.578988     1.05319000e-05
0.579181     1.01505000e-05
0.579374     9.92405000e-06
0.579567     9.61501000e-06
0.579760     9.26682000e-06
0.579953     9.01865000e-06
0.580147     8.65376000e-06
0.580340     3.89926000e-06
0.580534     8.11122000e-06
0.580727     7.76831000e-06
0.580921     7.49252000e-06
0.581114     7.19315000e-06
0.581308     6.87141000e-06
0.581502     6.56390000e-06
0.581696     6.25727000e-06
0.581890     6.01101000e-06
0.582084     5.67854000e-06
0.582278     5.37442000e-06
0.582472     5.11929000e-06
0.582666     4.83896000e-06
0.582860     4.57239000e-06
0.583054     4.29645000e-06
0.583249     3.99885000e-06
0.583443     3.76154000e-06
0.583638     3.53374000e-06
0.583832     3.28597000e-06
0.584027     3.05775000e-06
0.584221     2.82369000e-06
0.584416     2.58280000e-06
0.584611     2.38808000e-06
0.584806     2.18915000e-06
0.585001     1.99550000e-06
0.585196     1.80574000e-06
0.585391     1.63470000e-06
0.585586     1.46667000e-06
0.585781     1.30592000e-06
0.585976     1.16632000e-06
0.586172     1.01801000e-06
0.586367     8.94151000e-07
0.586563     7.72874000e-07
0.586758     6.55122000e-07
0.586954     5.61773000e-07
0.587149     4.64866000e-07
0.587345     3.84860000e-07
0.587541     3.09227000e-07
0.587737     2.41108000e-07
0.587933     1.82715000e-07
0.588129     1.31515000e-07
0.588325     8.85206000e-08
0.588521     5.35782000e-08
0.588717     2.68007000e-08
0.588913     8.83543000e-09
0.589109     9.79172000e-10
0.589306     3.32212000e-09
0.589502     9.38709000e-09
0.589699     1.29357000e-09
0.589895     5.61514000e-09
0.590092     2.65724000e-08
0.590289     5.73993000e-08
0.590485     9.66496000e-08
0.590682     1.43214000e-07
0.590879     1.97159000e-07
0.591076     2.58601000e-07
0.591273     3.27363000e-07
0.591470     4.03836000e-07
0.591667     4.88633000e-07
0.591865     5.75857000e-07
0.592062     6.78341000e-07
0.592259     7.88202000e-07
0.592457     9.06876000e-07
0.592654     1.02290000e-06
0.592852     1.16812000e-06
0.593049     1.31341000e-06
0.593247     1.47025000e-06
0.593445     1.60105000e-06
0.593643     1.80732000e-06
0.593840     1.97383000e-06
0.594038     2.15715000e-06
0.594236     2.36154000e-06
0.594434     2.55623000e-06
0.594633     2.77449000e-06
0.594831     2.98522000e-06
0.595029     3.22527000e-06
0.595227     3.45168000e-06
0.595426     3.70967000e-06
0.595624     3.94093000e-06
0.595823     4.19899000e-06
0.596021     4.45725000e-06
0.596220     4.72149000e-06
0.596419     4.98321000e-06
0.596618     5.21271000e-06
0.596817     5.56874000e-06
0.597015     5.73342000e-06
0.597214     5.67801000e-06
0.597414     6.34877000e-06
0.597613     6.69047000e-06
0.597812     7.02762000e-06
0.598011     7.27645000e-06
0.598211     7.51882000e-06
0.598410     7.83158000e-06
0.598609     8.30806000e-06
0.598809     8.47318000e-06
0.599009     8.68604000e-06
0.599208     8.46267000e-06
0.599408     9.26691000e-06
0.599608     8.74609000e-06
0.599808     7.06975000e-06
0.600008     1.02185000e-05
0.600208     1.04497000e-05
0.600408     1.06959000e-05
0.600608     1.09383000e-05
0.600808     1.11988000e-05
0.601008     1.16372000e-05
0.601209     1.17667000e-05
0.601409     1.21211000e-05
0.601609     1.23133000e-05
0.601810     1.26942000e-05
0.602011     1.27601000e-05
0.602211     1.32997000e-05
0.602412     1.27257000e-05
0.602613     1.39229000e-05
0.602814     1.36257000e-05
0.603015     1.27182000e-05
0.603216     1.46917000e-05
0.603417     1.34276000e-05
0.603618     1.49905000e-05
0.603819     1.50410000e-05
0.604020     1.54040000e-05
0.604222     1.54438000e-05
0.604423     1.59018000e-05
0.604624     1.59615000e-05
0.604826     1.54705000e-05
0.605028     1.29067000e-05
0.605229     1.63415000e-05
0.605431     1.70698000e-05
0.605633     1.71789000e-05
0.605835     1.77794000e-05
0.606037     1.75922000e-05
0.606239     1.79279000e-05
0.606441     1.79800000e-05
0.606643     1.86446000e-05
0.606845     1.82823000e-05
0.607047     1.78228000e-05
0.607250     1.73874000e-05
0.607452     1.90200000e-05
0.607655     1.91943000e-05
0.607857     1.48484000e-05
0.608060     1.95834000e-05
0.608263     1.97257000e-05
0.608465     1.99174000e-05
0.608668     2.01126000e-05
0.608871     2.01122000e-05
0.609074     1.93017000e-05
0.609277     2.07209000e-05
0.609480     2.09218000e-05
0.609683     2.07696000e-05
0.609886     2.10148000e-05
0.610090     2.09716000e-05
0.610293     2.14994000e-05
0.610497     2.25725000e-05
0.610700     2.18274000e-05
0.610904     2.24864000e-05
0.611107     2.20751000e-05
0.611311     2.16522000e-05
0.611515     2.14573000e-05
0.611719     2.20849000e-05
0.611922     2.21401000e-05
0.612126     2.29552000e-05
0.612330     2.34488000e-05
0.612535     2.19921000e-05
0.612739     2.33849000e-05
0.612943     2.29103000e-05
0.613147     2.38606000e-05
0.613352     2.35043000e-05
0.613556     2.24970000e-05
0.613761     2.42701000e-05
0.613965     2.39075000e-05
0.614170     2.33649000e-05
0.614375     2.31136000e-05
0.614579     2.23728000e-05
0.614784     2.45263000e-05
0.614989     2.42266000e-05
0.615194     2.39727000e-05
0.615399     2.48546000e-05
0.615604     2.40682000e-05
0.615810     2.52751000e-05
0.616015     2.54910000e-05
0.616220     2.29233000e-05
0.616426     2.67003000e-05
0.616631     2.42848000e-05
0.616837     2.52591000e-05
0.617042     2.46239000e-05
0.617248     2.56012000e-05
0.617454     2.57050000e-05
0.617660     2.52503000e-05
0.617865     2.58049000e-05
0.618071     2.59592000e-05
0.618277     2.59281000e-05
0.618483     2.59813000e-05
0.618690     2.63321000e-05
0.618896     2.61186000e-05
0.619102     2.64268000e-05
0.619309     2.65701000e-05
0.619515     2.66650000e-05
0.619721     2.68452000e-05
0.619928     2.66378000e-05
0.620135     2.60743000e-05
0.620341     2.65573000e-05
0.620548     2.61908000e-05
0.620755     2.64622000e-05
0.620962     2.66636000e-05
0.621169     2.66057000e-05
0.621376     2.65101000e-05
0.621583     2.67246000e-05
0.621790     2.68160000e-05
0.621998     2.77160000e-05
0.622205     2.57055000e-05
0.622412     2.76135000e-05
0.622620     2.76387000e-05
0.622827     2.75996000e-05
0.623035     2.73823000e-05
0.623243     6.68734000e-06
0.623450     2.82102000e-05
0.623658     2.80447000e-05
0.623866     2.85585000e-05
0.624074     2.77549000e-05
0.624282     2.83514000e-05
0.624490     2.84910000e-05
0.624698     2.90426000e-05
0.624907     2.85519000e-05
0.625115     2.78786000e-05
0.625323     2.88631000e-05
0.625532     2.96792000e-05
0.625740     2.70608000e-05
0.625949     2.66110000e-05
0.626157     2.87766000e-05
0.626366     2.92081000e-05
0.626575     2.88909000e-05
0.626784     2.92512000e-05
0.626993     2.90677000e-05
0.627202     2.75812000e-05
0.627411     2.57513000e-05
0.627620     2.77726000e-05
0.627829     2.96321000e-05
0.628038     2.83637000e-05
0.628248     2.95222000e-05
0.628457     2.91539000e-05
0.628667     2.94207000e-05
0.628876     2.95376000e-05
0.629086     2.90743000e-05
0.629295     2.96919000e-05
0.629505     2.79536000e-05
0.629715     2.95491000e-05
0.629925     2.96101000e-05
0.630135     2.96577000e-05
0.630345     3.05077000e-05
0.630555     2.90422000e-05
0.630765     2.95036000e-05
0.630976     2.96225000e-05
0.631186     2.97765000e-05
0.631396     2.86835000e-05
0.631607     2.99003000e-05
0.631817     2.97927000e-05
0.632028     3.14358000e-05
0.632239     2.95407000e-05
0.632449     3.02886000e-05
0.632660     3.03554000e-05
0.632871     2.90850000e-05
0.633082     3.04208000e-05
0.633293     2.96904000e-05
0.633504     3.05201000e-05
0.633715     2.77291000e-05
0.633927     3.05663000e-05
0.634138     2.99573000e-05
0.634349     3.00001000e-05
0.634561     3.10964000e-05
0.634772     2.95058000e-05
0.634984     2.83816000e-05
0.635195     3.00659000e-05
0.635407     3.05494000e-05
0.635619     3.08227000e-05
0.635831     3.04312000e-05
0.636043     1.07321000e-06
0.636255     3.14533000e-05
0.636467     3.11820000e-05
0.636679     3.14684000e-05
0.636891     3.13709000e-05
0.637104     3.09857000e-05
0.637316     3.02695000e-05
0.637528     3.06928000e-05
0.637741     3.10607000e-05
0.637953     3.01950000e-05
0.638166     3.14631000e-05
0.638379     3.01988000e-05
0.638592     3.12599000e-05
0.638804     3.11912000e-05
0.639017     2.91221000e-05
0.639230     3.12289000e-05
0.639444     3.21891000e-05
0.639657     3.14404000e-05
0.639870     3.15672000e-05
0.640083     3.25483000e-05
0.640297     3.12430000e-05
0.640510     3.03948000e-05
0.640723     3.14003000e-05
0.640937     3.18952000e-05
0.641151     3.05491000e-05
0.641364     3.26469000e-05
0.641578     3.21007000e-05
0.641792     3.10537000e-05
0.642006     3.17310000e-05
0.642220     3.25970000e-05
0.642434     3.16930000e-05
0.642648     3.21489000e-05
0.642862     3.07627000e-05
0.643077     3.09695000e-05
0.643291     3.14403000e-05
0.643505     3.15208000e-05
0.643720     3.22110000e-05
0.643935     3.23822000e-05
0.644149     3.21395000e-05
0.644364     3.23461000e-05
0.644579     2.93783000e-05
0.644794     3.22469000e-05
0.645008     3.19274000e-05
0.645223     3.26151000e-05
0.645439     2.14109000e-05
0.645654     3.16361000e-05
0.645869     2.87809000e-05
0.646084     3.13890000e-05
0.646300     3.28404000e-05
0.646515     3.32028000e-05
0.646731     2.64240000e-05
0.646946     3.17280000e-05
0.647162     3.23732000e-05
0.647377     3.31401000e-05
0.647593     3.03175000e-05
0.647809     3.14619000e-05
0.648025     3.04496000e-05
0.648241     3.13062000e-05
0.648457     2.83986000e-05
0.648673     3.15178000e-05
0.648890     3.23582000e-05
0.649106     3.18542000e-05
0.649322     3.17552000e-05
0.649539     3.35554000e-05
0.649755     3.41917000e-05
0.649972     3.29489000e-05
0.650188     3.26269000e-05
0.650405     3.23345000e-05
0.650622     3.28272000e-05
0.650839     3.21521000e-05
0.651056     3.09633000e-05
0.651273     3.25555000e-05
0.651490     2.81954000e-05
0.651707     3.31211000e-05
0.651924     3.09363000e-05
0.652142     3.18671000e-05
0.652359     3.17821000e-05
0.652576     3.00828000e-05
0.652794     2.89280000e-05
0.653012     3.30337000e-05
0.653229     3.30086000e-05
0.653447     3.24445000e-05
0.653665     3.34309000e-05
0.653883     3.33237000e-05
0.654101     3.33711000e-05
0.654319     3.20783000e-05
0.654537     3.34463000e-05
0.654755     3.26216000e-05
0.654973     3.37392000e-05
0.655191     3.37959000e-05
0.655410     3.38211000e-05
0.655628     3.44208000e-05
0.655847     3.42218000e-05
0.656066     3.44401000e-05
0.656284     3.64568000e-05
0.656503     3.95213000e-05
0.656722     3.46478000e-05
0.656941     3.35701000e-05
0.657160     3.39708000e-05
0.657379     3.35238000e-05
0.657598     3.35577000e-05
0.657817     3.18818000e-05
0.658036     3.43694000e-05
0.658256     3.10380000e-05
0.658475     3.36616000e-05
0.658695     3.39476000e-05
0.658914     3.39239000e-05
0.659134     3.23257000e-05
0.659354     3.41782000e-05
0.659573     3.13872000e-05
0.659793     2.75656000e-05
0.660013     3.41451000e-05
0.660233     3.42765000e-05
0.660453     3.22600000e-05
0.660673     3.43221000e-05
0.660894     2.89090000e-05
0.661114     3.48504000e-05
0.661334     3.38242000e-05
0.661555     3.40431000e-05
0.661775     3.44745000e-05
0.661996     3.18442000e-05
0.662216     2.77387000e-05
0.662437     3.42893000e-05
0.662658     3.23497000e-05
0.662879     3.47696000e-05
0.663100     3.33747000e-05
0.663321     3.53731000e-05
0.663542     3.23323000e-05
0.663763     3.50327000e-05
0.663984     3.47703000e-05
0.664206     3.48522000e-05
0.664427     3.46435000e-05
0.664649     3.53980000e-05
0.664870     3.49551000e-05
0.665092     3.47576000e-05
0.665313     2.97640000e-05
0.665535     3.41240000e-05
0.665757     3.49155000e-05
0.665979     3.33421000e-05
0.666201     3.49204000e-05
0.666423     3.56186000e-05
0.666645     3.51117000e-05
0.666867     3.02080000e-05
0.667090     3.49464000e-05
0.667312     3.54148000e-05
0.667535     3.41817000e-05
0.667757     3.54521000e-05
0.667980     1.71288000e-05
0.668202     3.54432000e-05
0.668425     3.30293000e-05
0.668648     3.33937000e-05
0.668871     3.51414000e-05
0.669094     2.12919000e-05
0.669317     3.46056000e-05
0.669540     3.56565000e-05
0.669763     3.52224000e-05
0.669986     3.31163000e-05
0.670210     3.54291000e-05
0.670433     3.55965000e-05
0.670656     3.44821000e-05
0.670880     3.87519000e-05
0.671104     3.66379000e-05
0.671327     3.60383000e-05
0.671551     3.66177000e-05
0.671775     3.48462000e-05
0.671999     3.62555000e-05
0.672223     3.43183000e-05
0.672447     3.54246000e-05
0.672671     3.60499000e-05
0.672895     3.54275000e-05
0.673120     3.58289000e-05
0.673344     3.58795000e-05
0.673568     3.58364000e-05
0.673793     3.59068000e-05
0.674018     3.51850000e-05
0.674242     3.64273000e-05
0.674467     3.50078000e-05
0.674692     3.62777000e-05
0.674917     3.60908000e-05
0.675142     3.56437000e-05
0.675367     3.60756000e-05
0.675592     3.60566000e-05
0.675817     3.35184000e-05
0.676042     3.60201000e-05
0.676268     3.58787000e-05
0.676493     3.61657000e-05
0.676719     3.51623000e-05
0.676944     3.75906000e-05
0.677170     3.67151000e-05
0.677396     3.63150000e-05
0.677621     3.49583000e-05
0.677847     3.47088000e-05
0.678073     3.52457000e-05
0.678299     3.51697000e-05
0.678525     3.61083000e-05
0.678751     3.55101000e-05
0.678978     3.71605000e-05
0.679204     3.64433000e-05
0.679430     3.69280000e-05
0.679657     3.67792000e-05
0.679883     3.64057000e-05
0.680110     3.74189000e-05
0.680337     3.75977000e-05
0.680564     3.71068000e-05
0.680790     3.76799000e-05
0.681017     3.75105000e-05
0.681244     3.52086000e-05
0.681471     3.63123000e-05
0.681699     3.75420000e-05
0.681926     3.60356000e-05
0.682153     3.78945000e-05
0.682381     3.73171000e-05
0.682608     3.73608000e-05
0.682836     3.76324000e-05
0.683063     3.78859000e-05
0.683291     3.75217000e-05
0.683519     3.73668000e-05
0.683746     3.73136000e-05
0.683974     3.66599000e-05
0.684202     3.74582000e-05
0.684430     3.88344000e-05
0.684659     3.55521000e-05
0.684887     3.72381000e-05
0.685115     3.81555000e-05
0.685343     3.66538000e-05
0.685572     3.77838000e-05
0.685800     3.90045000e-05
0.686029     3.83731000e-05
0.686258     3.78078000e-05
0.686486     3.68099000e-05
0.686715     3.80970000e-05
0.686944     3.75088000e-05
0.687173     3.85432000e-05
0.687402     3.84435000e-05
0.687631     3.78211000e-05
0.687861     3.66428000e-05
0.688090     3.68266000e-05
0.688319     3.69983000e-05
0.688549     3.93081000e-05
0.688778     3.78561000e-05
0.689008     3.86105000e-05
0.689237     3.85394000e-05
0.689467     3.87702000e-05
0.689697     3.84443000e-05
0.689927     3.70437000e-05
0.690157     3.84013000e-05
0.690387     2.72521000e-05
0.690617     3.86392000e-05
0.690847     3.10220000e-05
0.691078     3.82797000e-05
0.691308     3.37254000e-05
0.691538     3.26334000e-05
0.691769     3.88423000e-05
0.691999     3.59476000e-05
0.692230     2.71811000e-05
0.692461     3.32251000e-05
0.692692     3.78256000e-05
0.692923     3.83734000e-05
0.693154     3.27006000e-05
0.693385     3.31932000e-05
0.693616     3.75817000e-05
0.693847     3.91644000e-05
0.694078     3.24268000e-05
0.694310     2.46760000e-05
0.694541     3.87427000e-05
0.694772     3.50063000e-05
0.695004     3.78987000e-05
0.695236     3.95464000e-05
0.695467     3.93053000e-05
0.695699     3.94453000e-05
0.695931     3.70587000e-05
0.696163     3.49378000e-05
0.696395     3.79496000e-05
0.696627     3.71538000e-05
0.696860     3.54500000e-05
0.697092     3.40526000e-05
0.697324     3.74002000e-05
0.697557     3.79432000e-05
0.697789     3.54235000e-05
0.698022     4.00414000e-05
0.698254     3.75658000e-05
0.698487     4.03480000e-05
0.698720     3.75808000e-05
0.698953     3.94292000e-05
0.699186     3.85825000e-05
0.699419     3.93412000e-05
0.699652     3.45144000e-05
0.699885     3.92786000e-05
0.700119     3.48485000e-05
0.700352     4.01828000e-05
0.700585     4.04707000e-05
0.700819     3.51374000e-05
0.701053     3.67761000e-05
0.701286     3.03650000e-05
0.701520     3.91435000e-05
0.701754     4.11046000e-05
0.701988     3.58597000e-05
0.702222     3.70509000e-05
0.702456     4.10597000e-05
0.702690     4.03001000e-05
0.702924     3.17352000e-05
0.703159     4.03572000e-05
0.703393     4.04047000e-05
0.703627     4.11310000e-05
0.703862     4.10784000e-05
0.704097     4.10520000e-05
0.704331     3.92648000e-05
0.704566     9.91317000e-06
0.704801     4.05264000e-05
0.705036     3.85333000e-05
0.705271     3.89617000e-05
0.705506     4.10635000e-05
0.705741     4.16190000e-05
0.705976     4.06525000e-05
0.706212     4.09554000e-05
0.706447     4.10335000e-05
0.706683     3.88172000e-05
0.706918     4.04938000e-05
0.707154     4.13079000e-05
0.707390     3.12311000e-05
0.707625     4.00687000e-05
0.707861     3.66126000e-05
0.708097     4.03639000e-05
0.708333     3.48422000e-05
0.708569     3.97172000e-05
0.708805     4.27501000e-05
0.709042     3.46201000e-05
0.709278     4.06785000e-05
0.709515     4.13384000e-05
0.709751     3.64868000e-05
0.709988     4.24610000e-05
0.710224     4.03553000e-05
0.710461     4.05198000e-05
0.710698     3.10719000e-05
0.710935     3.22819000e-05
0.711172     3.16355000e-05
0.711409     4.14428000e-05
0.711646     4.18418000e-05
0.711883     4.28165000e-05
0.712120     3.69109000e-05
0.712358     3.53536000e-05
0.712595     3.84738000e-05
0.712833     4.24239000e-05
0.713070     4.33416000e-05
0.713308     4.29028000e-05
0.713546     3.69315000e-05
0.713784     3.66443000e-05
0.714022     3.76559000e-05
0.714260     4.14336000e-05
0.714498     3.48424000e-05
0.714736     4.12626000e-05
0.714974     3.45899000e-05
0.715212     2.79272000e-05
0.715451     3.86715000e-05
0.715689     4.09031000e-05
0.715928     2.97156000e-05
0.716167     3.17302000e-05
0.716405     1.06502000e-05
0.716644     2.10035000e-05
0.716883     3.62903000e-05
0.717122     3.66007000e-05
0.717361     2.99789000e-05
0.717600     3.81738000e-05
0.717839     3.56151000e-05
0.718079     3.51460000e-05
0.718318     3.82767000e-05
0.718557     3.88070000e-05
0.718797     4.14968000e-05
0.719036     3.88456000e-05
0.719276     3.95255000e-05
0.719516     4.25435000e-05
0.719756     3.28131000e-05
0.719996     4.31467000e-05
0.720236     1.73047000e-05
0.720476     4.14153000e-05
0.720716     2.70291000e-05
0.720956     3.84064000e-05
0.721196     1.99440000e-05
0.721437     2.21426000e-05
0.721677     4.09862000e-05
0.721918     3.95394000e-05
0.722159     4.31515000e-05
0.722399     3.95859000e-05
0.722640     3.96967000e-05
0.722881     2.56420000e-05
0.723122     4.23504000e-05
0.723363     2.95026000e-05
0.723604     3.97968000e-05
0.723845     1.62375000e-05
0.724087     4.16981000e-05
0.724328     2.50657000e-05
0.724569     7.43362000e-07
0.724811     3.83903000e-05
0.725052     3.76184000e-05
0.725294     4.03189000e-05
0.725536     3.00491000e-05
0.725778     3.59979000e-05
0.726020     3.67928000e-05
0.726262     3.47896000e-05
0.726504     3.65934000e-05
0.726746     3.14546000e-05
0.726988     3.69383000e-05
0.727231     3.31109000e-05
0.727473     3.03069000e-05
0.727715     3.90671000e-05
0.727958     3.20983000e-05
0.728201     4.29140000e-05
0.728443     3.78602000e-05
0.728686     3.83166000e-05
0.728929     3.50534000e-05
0.729172     4.10045000e-05
0.729415     1.53551000e-05
0.729658     4.17129000e-05
0.729901     4.29330000e-05
0.730145     2.84337000e-05
0.730388     4.27756000e-05
0.730632     3.63670000e-05
0.730875     4.31663000e-05
0.731119     4.01739000e-05
0.731362     4.06968000e-05
0.731606     2.74059000e-05
0.731850     3.30102000e-05
0.732094     4.03060000e-05
0.732338     3.38891000e-05
0.732582     3.89540000e-05
0.732826     4.65328000e-05
0.733071     4.14010000e-05
0.733315     4.20000000e-05
0.733560     3.28648000e-05
0.733804     3.51514000e-05
0.734049     3.96998000e-05
0.734293     3.75590000e-05
0.734538     4.44127000e-05
0.734783     4.37270000e-05
0.735028     2.23129000e-05
0.735273     4.31632000e-05
0.735518     3.47104000e-05
0.735763     4.50354000e-05
0.736008     2.73581000e-05
0.736254     4.27747000e-05
0.736499     3.98559000e-05
0.736745     3.06922000e-05
0.736990     3.18176000e-05
0.737236     4.08854000e-05
0.737482     4.27990000e-05
0.737727     3.01928000e-05
0.737973     2.73485000e-05
0.738219     4.08759000e-05
0.738465     2.99544000e-05
0.738712     3.97895000e-05
0.738958     4.64579000e-05
0.739204     4.60175000e-05
0.739451     3.52978000e-05
0.739697     4.75343000e-05
0.739944     3.59906000e-05
0.740190     4.54399000e-05
0.740437     3.81843000e-05
0.740684     4.70706000e-05
0.740931     1.70515000e-05
0.741178     4.64514000e-05
0.741425     4.35696000e-05
0.741672     3.59543000e-05
0.741919     3.95708000e-05
0.742166     3.52681000e-05
0.742414     4.54789000e-05
0.742661     4.46449000e-05
0.742909     3.85373000e-05
0.743156     7.43029000e-06
0.743404     4.64980000e-05
0.743652     4.03053000e-05
0.743900     4.16487000e-05
0.744148     4.23997000e-05
0.744396     3.42361000e-05
0.744644     4.55901000e-05
0.744892     4.82435000e-05
0.745140     4.65926000e-05
0.745389     4.58394000e-05
0.745637     3.56691000e-05
0.745886     4.50569000e-05
0.746135     1.56402000e-05
0.746383     4.06767000e-05
0.746632     3.31114000e-05
0.746881     4.73402000e-05
0.747130     4.44255000e-05
0.747379     2.93171000e-05
0.747628     4.35955000e-05
0.747877     3.85414000e-05
0.748127     4.18318000e-05
0.748376     3.16314000e-05
0.748625     3.20606000e-05
0.748875     4.61075000e-05
0.749125     3.54982000e-05
0.749374     4.68751000e-05
0.749624     4.93178000e-05
0.749874     4.83242000e-05
0.750124     4.28785000e-05
0.750374     4.13136000e-05
0.750624     4.45231000e-05
0.750874     2.99326000e-05
0.751125     4.51726000e-05
0.751375     3.08417000e-05
0.751625     3.62764000e-05
0.751876     4.53550000e-05
0.752127     4.12041000e-05
0.752377     2.13614000e-05
0.752628     4.35523000e-05
0.752879     3.79269000e-05
0.753130     4.13641000e-05
0.753381     4.51476000e-05
0.753632     4.10081000e-05
0.753883     3.53083000e-05
0.754135     4.47180000e-05
0.754386     3.34579000e-05
0.754637     4.19598000e-05
0.754889     3.49112000e-05
0.755141     4.38515000e-05
0.755392     4.35837000e-05
0.755644     4.02477000e-05
0.755896     4.36597000e-05
0.756148     4.36684000e-05
0.756400     3.08075000e-05
0.756652     3.93115000e-05
0.756904     3.86898000e-05
0.757157     3.55921000e-05
0.757409     3.29623000e-05
0.757661     3.81057000e-05
0.757914     4.29244000e-05
0.758167     4.19641000e-05
0.758419     4.18252000e-05
0.758672     4.21154000e-05
0.758925     4.46421000e-05
0.759178     4.20980000e-05
0.759431     3.91918000e-05
0.759684     3.90223000e-05
0.759937     4.17176000e-05
0.760191     3.61719000e-05
0.760444     3.98968000e-05
0.760698     3.57496000e-05
0.760951     3.40746000e-05
0.761205     3.60327000e-05
0.761459     3.55039000e-05
0.761712     3.19570000e-05
0.761966     3.36937000e-05
0.762220     3.09637000e-05
0.762474     3.02160000e-05
0.762729     2.89660000e-05
0.762983     2.76727000e-05
0.763237     2.30796000e-05
0.763492     2.12251000e-05
0.763746     2.12298000e-05
0.764001     1.88841000e-05
0.764255     1.63182000e-05
0.764510     1.35919000e-05
0.764765     9.92328000e-06
0.765020     7.49134000e-06
0.765275     5.23902000e-06
0.765530     3.17044000e-06
0.765785     1.61943000e-06
0.766040     6.92235000e-07
0.766296     2.19645000e-07
0.766551     5.47049000e-08
0.766807     4.00676000e-08
0.767062     1.73410000e-07
0.767318     5.41569000e-07
0.767574     1.33072000e-06
0.767830     2.49462000e-06
0.768085     3.75251000e-06
0.768342     5.18886000e-06
0.768598     5.54063000e-06
0.768854     5.03578000e-06
0.769110     3.71488000e-06
0.769366     2.05508000e-06
0.769623     6.83671000e-07
0.769879     1.43090000e-07
0.770136     1.82598000e-08
0.770393     2.11500000e-07
0.770650     9.50590000e-07
0.770907     2.73933000e-06
0.771163     5.27794000e-06
0.771421     9.20280000e-06
0.771678     1.32632000e-05
0.771935     1.63787000e-05
0.772192     1.81462000e-05
0.772450     2.27368000e-05
0.772707     2.60358000e-05
0.772965     3.01855000e-05
0.773222     3.13237000e-05
0.773480     3.01129000e-05
0.773738     3.37268000e-05
0.773996     3.70779000e-05
0.774254     3.86938000e-05
0.774512     3.87719000e-05
0.774770     4.00225000e-05
0.775028     3.57146000e-05
0.775287     4.38716000e-05
0.775545     4.44735000e-05
0.775804     4.32806000e-05
0.776062     4.53281000e-05
0.776321     4.34672000e-05
0.776580     4.38040000e-05
0.776839     4.63440000e-05
0.777097     4.56420000e-05
0.777356     5.00616000e-05
0.777616     3.83176000e-05
0.777875     4.47777000e-05
0.778134     5.22993000e-05
0.778393     5.01985000e-05
0.778653     4.79505000e-05
0.778913     5.34436000e-05
0.779172     4.78669000e-05
0.779432     4.53917000e-05
0.779692     4.96194000e-05
0.779952     5.53306000e-05
0.780212     5.39164000e-05
0.780472     5.34608000e-05
0.780732     3.85035000e-05
0.780992     4.39502000e-05
0.781252     5.75488000e-05
0.781513     5.37606000e-05
0.781773     4.47922000e-05
0.782034     5.14007000e-05
0.782295     5.28824000e-05
0.782555     4.64488000e-05
0.782816     5.76324000e-05
0.783077     5.38242000e-05
0.783338     5.97942000e-05
0.783599     5.50872000e-05
0.783860     5.53928000e-05
0.784122     5.76722000e-05
0.784383     5.28246000e-05
0.784645     5.69564000e-05
0.784906     5.92586000e-05
0.785168     5.46402000e-05
0.785429     5.01892000e-05
0.785691     5.47546000e-05
0.785953     5.53936000e-05
0.786215     4.88577000e-05
0.786477     5.53192000e-05
0.786739     5.73956000e-05
0.787002     5.75926000e-05
0.787264     2.96682000e-05
0.787526     5.72988000e-05
0.787789     5.72791000e-05
0.788051     5.89508000e-05
0.788314     5.90498000e-05
0.788577     5.33639000e-05
0.788840     5.67035000e-05
0.789103     5.87387000e-05
0.789366     5.96642000e-05
0.789629     6.05118000e-05
0.789892     5.92978000e-05
0.790155     6.00508000e-05
0.790419     5.74805000e-05
0.790682     5.38349000e-05
0.790946     6.12295000e-05
0.791209     6.10912000e-05
0.791473     5.67944000e-05
0.791737     5.76970000e-05
0.792001     6.09398000e-05
0.792265     6.02805000e-05
0.792529     5.77247000e-05
0.792793     5.55940000e-05
0.793057     5.26002000e-05
0.793322     6.17516000e-05
0.793586     5.79902000e-05
0.793851     6.51025000e-05
0.794115     6.22711000e-05
0.794380     6.35153000e-05
0.794645     6.46161000e-05
0.794910     6.60227000e-05
0.795175     6.48870000e-05
0.795440     5.50134000e-05
0.795705     6.44884000e-05
0.795970     6.43464000e-05
0.796236     6.53063000e-05
0.796501     5.00319000e-05
0.796766     6.29289000e-05
0.797032     3.31514000e-05
0.797298     5.84156000e-05
0.797563     5.95702000e-05
0.797829     6.13601000e-05
0.798095     6.34521000e-05
0.798361     5.89097000e-05
0.798627     6.20684000e-05
0.798894     5.91746000e-05
0.799160     6.50779000e-05
0.799426     5.78602000e-05
0.799693     5.84352000e-05
0.799959     6.18746000e-05
0.800226     6.79618000e-05
0.800493     6.50824000e-05
0.800760     6.20337000e-05
0.801027     6.77547000e-05
0.801294     6.47885000e-05
0.801561     5.67153000e-05
0.801828     6.36869000e-05
0.802095     6.74407000e-05
0.802362     5.62907000e-05
0.802630     5.50006000e-05
0.802897     5.76131000e-05
0.803165     5.58162000e-05
0.803433     6.36628000e-05
0.803701     7.03739000e-05
0.803969     6.71367000e-05
0.804237     5.69880000e-05
0.804505     6.23072000e-05
0.804773     6.01858000e-05
0.805041     6.87722000e-05
0.805309     6.38560000e-05
0.805578     6.63150000e-05
0.805846     4.50678000e-05
0.806115     6.54839000e-05
0.806384     6.08327000e-05
0.806652     6.46864000e-05
0.806921     6.44522000e-05
0.807190     5.56139000e-05
0.807459     5.93064000e-05
0.807729     5.48849000e-05
0.807998     6.95532000e-05
0.808267     6.61863000e-05
0.808537     5.61746000e-05
0.808806     5.31326000e-05
0.809076     5.85458000e-05
0.809345     4.03711000e-05
0.809615     5.59941000e-05
0.809885     2.47369000e-05
0.810155     5.90460000e-05
0.810425     3.59600000e-05
0.810695     5.60229000e-06
0.810965     4.24511000e-05
0.811236     3.02323000e-05
0.811506     4.98258000e-05
0.811777     5.99587000e-05
0.812047     6.17100000e-05
0.812318     5.39811000e-05
0.812589     3.66968000e-05
0.812859     5.92755000e-05
0.813130     5.11863000e-05
0.813401     4.08538000e-05
0.813673     6.06225000e-05
0.813944     5.09521000e-05
0.814215     6.79032000e-05
0.814487     4.13982000e-05
0.814758     6.34820000e-05
0.815030     3.13477000e-05
0.815301     2.06864000e-05
0.815573     6.98156000e-05
0.815845     6.25742000e-05
0.816117     5.84200000e-05
0.816389     6.03968000e-05
0.816661     4.38880000e-05
0.816933     4.82018000e-05
0.817206     5.77524000e-05
0.817478     3.48364000e-05
0.817750     6.55288000e-05
0.818023     5.67350000e-05
0.818296     5.28211000e-05
0.818569     1.96385000e-05
0.818841     6.09388000e-05
0.819114     6.43402000e-05
0.819387     6.93439000e-05
0.819660     2.83612000e-05
0.819934     4.11523000e-05
0.820207     6.40463000e-05
0.820480     5.89198000e-05
0.820754     5.30229000e-05
0.821028     6.93351000e-05
0.821301     6.81859000e-05
0.821575     6.24305000e-05
0.821849     5.82149000e-05
0.822123     7.23428000e-05
0.822397     5.92032000e-05
0.822671     1.02801000e-06
0.822945     6.24938000e-05
0.823219     6.98282000e-05
0.823494     6.94942000e-05
0.823768     6.67629000e-05
0.824043     5.45622000e-05
0.824318     6.01881000e-05
0.824592     6.10080000e-05
0.824867     6.64339000e-05
0.825142     3.31856000e-05
0.825417     6.80110000e-05
0.825692     5.72729000e-05
0.825968     7.04431000e-05
0.826243     7.33044000e-05
0.826518     6.83188000e-05
0.826794     7.07469000e-05
0.827069     3.46606000e-05
0.827345     6.88970000e-05
0.827621     7.03349000e-05
0.827897     1.54470000e-05
0.828173     5.98183000e-05
0.828449     2.36240000e-05
0.828725     7.31817000e-05
0.829001     5.10044000e-06
0.829278     6.18307000e-05
0.829554     5.30721000e-05
0.829831     5.85047000e-06
0.830107     7.09587000e-05
0.830384     7.27197000e-05
0.830661     1.90368000e-05
0.830938     6.00910000e-05
0.831215     5.00924000e-05
0.831492     7.01496000e-05
0.831769     7.51651000e-05
0.832046     9.89149000e-06
0.832323     6.35959000e-05
0.832601     3.76678000e-05
0.832878     6.92212000e-05
0.833156     3.69535000e-05
0.833434     7.48084000e-05
0.833711     6.19215000e-05
0.833989     7.64613000e-05
0.834267     7.77355000e-05
0.834545     5.32744000e-05
0.834824     7.72005000e-05
0.835102     7.54031000e-05
0.835380     7.90149000e-05
0.835659     3.50453000e-05
0.835937     1.99091000e-05
0.836216     6.52963000e-05
0.836495     6.38760000e-05
0.836774     6.35300000e-05
0.837052     7.99780000e-05
0.837331     6.86905000e-05
0.837611     6.70194000e-05
0.837890     4.95290000e-05
0.838169     4.90606000e-05
0.838448     5.24377000e-05
0.838728     6.38845000e-05
0.839008     1.82680000e-06
0.839287     6.02312000e-05
0.839567     7.96873000e-05
0.839847     5.91150000e-05
0.840127     6.50113000e-05
0.840407     6.77519000e-05
0.840687     6.55235000e-05
0.840967     5.17303000e-05
0.841247     7.66885000e-05
0.841528     7.49073000e-05
0.841808     3.16300000e-05
0.842089     2.69515000e-05
0.842370     6.65869000e-05
0.842650     7.97926000e-05
0.842931     8.27572000e-05
0.843212     5.75658000e-05
0.843493     5.56112000e-05
0.843775     7.24007000e-05
0.844056     8.13778000e-05
0.844337     2.79368000e-05
0.844619     3.27560000e-05
0.844900     7.69959000e-05
0.845182     4.93380000e-05
0.845464     7.02749000e-05
0.845745     7.86194000e-05
0.846027     8.26129000e-05
0.846309     5.94297000e-05
0.846591     7.60337000e-05
0.846874     6.93152000e-05
0.847156     6.51598000e-05
0.847438     7.48255000e-05
0.847721     8.10112000e-05
0.848003     6.77185000e-05
0.848286     5.95217000e-05
0.848569     2.06844000e-05
0.848852     4.13132000e-05
0.849135     6.74031000e-05
0.849418     8.25569000e-05
0.849701     6.32496000e-05
0.849984     3.95775000e-05
0.850267     7.32488000e-05
0.850551     7.25274000e-05
0.850834     7.17806000e-05
0.851118     6.88564000e-05
0.851402     7.71144000e-05
0.851685     7.25356000e-05
0.851969     5.95634000e-05
0.852253     6.98234000e-05
0.852537     4.15022000e-05
0.852822     8.13270000e-05
0.853106     8.47950000e-05
0.853390     2.86334000e-05
0.853675     7.74369000e-05
0.853959     8.26856000e-05
0.854244     8.25428000e-05
0.854529     1.28093000e-04
0.854813     9.66142000e-05
0.855098     8.37906000e-05
0.855383     7.81875000e-05
0.855669     6.92703000e-05
0.855954     9.09846000e-05
0.856239     8.35851000e-05
0.856524     8.97738000e-05
0.856810     5.31258000e-05
0.857096     7.67851000e-05
0.857381     8.33063000e-05
0.857667     4.54870000e-05
0.857953     8.21795000e-05
0.858239     7.33670000e-05
0.858525     5.26115000e-05
0.858811     6.83815000e-05
0.859097     7.68806000e-05
0.859384     7.11333000e-05
0.859670     4.56479000e-05
0.859957     6.81538000e-05
0.860244     7.54774000e-05
0.860530     7.01934000e-05
0.860817     6.67102000e-05
0.861104     5.92662000e-05
0.861391     9.15529000e-05
0.861678     7.36317000e-05
0.861965     7.22015000e-05
0.862253     8.88517000e-05
0.862540     7.56212000e-05
0.862828     7.17677000e-05
0.863115     8.36818000e-05
0.863403     8.87532000e-05
0.863691     8.70867000e-05
0.863979     8.48760000e-05
0.864267     8.36848000e-05
0.864555     9.22904000e-05
0.864843     8.23571000e-05
0.865131     9.07061000e-05
0.865420     9.15250000e-05
0.865708     9.12323000e-05
0.865997     8.99878000e-05
0.866285     1.05566000e-04
0.866574     1.30149000e-04
0.866863     7.38006000e-05
0.867152     9.20517000e-05
0.867441     7.90301000e-05
0.867730     6.72428000e-05
0.868019     5.63703000e-05
0.868309     9.01113000e-05
0.868598     7.71683000e-05
0.868888     9.35728000e-05
0.869177     9.73491000e-05
0.869467     8.98709000e-05
0.869757     7.67427000e-05
0.870047     7.31890000e-05
0.870337     7.83564000e-05
0.870627     8.20243000e-05
0.870917     6.81662000e-05
0.871207     8.54162000e-05
0.871498     7.33431000e-05
0.871788     7.02559000e-05
0.872079     8.79213000e-05
0.872370     9.98189000e-05
0.872660     8.47602000e-05
0.872951     9.31036000e-05
0.873242     8.83271000e-05
0.873533     8.87353000e-05
0.873825     9.26652000e-05
0.874116     9.00582000e-05
0.874407     9.57308000e-05
0.874699     8.93560000e-05
0.874990     9.86621000e-05
0.875282     8.61104000e-05
0.875574     8.55104000e-05
0.875865     8.73415000e-05
0.876157     9.85838000e-05
0.876449     9.71367000e-05
0.876742     8.99517000e-05
0.877034     7.64815000e-05
0.877326     9.13139000e-05
0.877619     1.02827000e-04
0.877911     8.07893000e-05
0.878204     9.17030000e-05
0.878497     9.01682000e-05
0.878789     8.90601000e-05
0.879082     9.32578000e-05
0.879375     8.03779000e-05
0.879668     9.57240000e-05
0.879962     1.04978000e-04
0.880255     9.47427000e-05
0.880548     9.12347000e-05
0.880842     1.20516000e-04
0.881136     1.06179000e-04
0.881429     5.79772000e-05
0.881723     9.85583000e-05
0.882017     9.23858000e-05
0.882311     8.99563000e-05
0.882605     9.06246000e-05
0.882899     9.57675000e-05
0.883194     9.27827000e-05
0.883488     1.00941000e-04
0.883783     9.69174000e-05
0.884077     1.05983000e-04
0.884372     9.37242000e-05
0.884667     1.02987000e-04
0.884961     9.38803000e-05
0.885256     1.00780000e-04
0.885552     9.78017000e-05
0.885847     9.41320000e-05
0.886142     1.01438000e-04
0.886437     1.09255000e-04
0.886733     1.02550000e-04
0.887028     1.07634000e-04
0.887324     1.03366000e-04
0.887620     1.09569000e-04
0.887916     1.02413000e-04
0.888212     9.86643000e-05
0.888508     1.04780000e-04
0.888804     5.26807000e-05
0.889100     4.98812000e-05
0.889397     1.03508000e-04
0.889693     9.08908000e-05
0.889990     1.04128000e-04
0.890286     1.01616000e-04
0.890583     9.76765000e-05
0.890880     7.09337000e-05
0.891177     9.04993000e-05
0.891474     8.69968000e-05
0.891771     3.97227000e-05
0.892068     5.07130000e-05
0.892366     7.72792000e-05
0.892663     1.06635000e-04
0.892961     4.22879000e-05
0.893258     6.55497000e-05
0.893556     8.90262000e-05
0.893854     8.75878000e-05
0.894152     1.01119000e-04
0.894450     1.04451000e-04
0.894748     1.05613000e-04
0.895046     9.85385000e-05
0.895345     9.26431000e-05
0.895643     9.20632000e-05
0.895942     1.04934000e-04
0.896240     1.07889000e-04
0.896539     9.94590000e-05
0.896838     3.33886000e-05
0.897137     5.82862000e-05
0.897436     6.79951000e-05
0.897735     1.02161000e-04
0.898034     1.06809000e-04
0.898334     7.86222000e-05
0.898633     6.89762000e-05
0.898933     5.29232000e-05
0.899232     8.26693000e-05
0.899532     7.60702000e-05
0.899832     9.90905000e-05
0.900132     9.10557000e-05
0.900432     1.03180000e-04
0.900732     1.12723000e-04
0.901032     5.35137000e-06
0.901333     1.03704000e-04
0.901633     1.80377000e-05
0.901934     4.25538000e-05
0.902234     1.12366000e-04
0.902535     1.83552000e-05
0.902836     6.02299000e-06
0.903137     5.12207000e-05
0.903438     1.14456000e-04
0.903739     2.52786000e-05
0.904040     9.29130000e-05
0.904342     9.36123000e-05
0.904643     9.68924000e-05
0.904945     9.84107000e-05
0.905246     9.96096000e-05
0.905548     1.61269000e-05
0.905850     7.16398000e-05
0.906152     9.95997000e-05
0.906454     1.13440000e-04
0.906756     1.03502000e-04
0.907058     1.02231000e-04
0.907361     1.10281000e-04
0.907663     7.42453000e-05
0.907966     1.07690000e-04
0.908268     8.87484000e-05
0.908571     9.86187000e-05
0.908874     1.05868000e-04
0.909177     1.02043000e-04
0.909480     8.31113000e-05
0.909783     3.40878000e-06
0.910086     1.14914000e-04
0.910390     1.10680000e-04
0.910693     1.13449000e-04
0.910997     3.48340000e-05
0.911300     4.07839000e-05
0.911604     9.25997000e-05
0.911908     9.89552000e-05
0.912212     1.12038000e-04
0.912516     1.11530000e-04
0.912820     5.75276000e-05
0.913124     6.20124000e-05
0.913429     4.26699000e-05
0.913733     3.43550000e-05
0.914038     1.10614000e-04
0.914343     6.10887000e-05
0.914647     8.03814000e-05
0.914952     8.81858000e-05
0.915257     5.97287000e-05
0.915562     2.56305000e-05
0.915868     7.14243000e-05
0.916173     6.53565000e-05
0.916478     6.08477000e-05
0.916784     1.14089000e-04
0.917089     1.06755000e-04
0.917395     9.52420000e-05
0.917701     7.60822000e-05
0.918007     9.79008000e-05
0.918313     1.04880000e-04
0.918619     4.47978000e-05
0.918925     1.59403000e-05
0.919231     9.54154000e-05
0.919538     2.62569000e-05
0.919844     6.29516000e-05
0.920151     1.00353000e-04
0.920458     3.64797000e-05
0.920764     9.05715000e-05
0.921071     9.80837000e-05
0.921378     9.18104000e-05
0.921685     8.09651000e-05
0.921993     2.03727000e-06
0.922300     1.08810000e-04
0.922607     6.38638000e-05
0.922915     5.69637000e-06
0.923223     1.16319000e-04
0.923530     3.17951000e-06
0.923838     8.17748000e-05
0.924146     1.72749000e-06
0.924454     9.07312000e-05
0.924762     8.10933000e-05
0.925071     6.18739000e-05
0.925379     6.18921000e-05
0.925687     2.16451000e-05
0.925996     6.80573000e-05
0.926305     8.14831000e-05
0.926613     5.07415000e-05
0.926922     8.34173000e-05
0.927231     1.95314000e-05
0.927540     3.83710000e-05
0.927850     2.85084000e-05
0.928159     1.31136000e-06
0.928468     1.36079000e-06
0.928778     6.23635000e-05
0.929087     9.79591000e-07
0.929397     5.16363000e-06
0.929707     5.27500000e-05
0.930017     1.89269000e-05
0.930327     6.28860000e-06
0.930637     5.55895000e-07
0.930947     4.11295000e-06
0.931257     6.38231000e-05
0.931568     4.70070000e-05
0.931878     4.05187000e-07
0.932189     2.84534000e-06
0.932500     5.56454000e-06
0.932810     7.29834000e-07
0.933121     1.02817000e-05
0.933432     7.61821000e-05
0.933744     6.15642000e-05
0.934055     9.93781000e-06
0.934366     6.43554000e-05
0.934678     2.25593000e-06
0.934989     1.02795000e-05
0.935301     9.22400000e-07
0.935613     4.48264000e-06
0.935924     1.06168000e-05
0.936236     3.60376000e-06
0.936549     6.36759000e-05
0.936861     7.88371000e-05
0.937173     5.98392000e-05
0.937485     5.66190000e-05
0.937798     2.56593000e-05
0.938110     4.76867000e-05
0.938423     5.78215000e-05
0.938736     5.24446000e-05
0.939049     4.96862000e-05
0.939362     1.29703000e-05
0.939675     6.44286000e-06
0.939988     7.37525000e-05
0.940302     6.83820000e-05
0.940615     8.88050000e-06
0.940929     2.11769000e-05
0.941242     4.28101000e-05
0.941556     4.74472000e-05
0.941870     8.36518000e-06
0.942184     1.93544000e-05
0.942498     1.51260000e-05
0.942812     3.22066000e-05
0.943126     3.63260000e-05
0.943441     8.18622000e-06
0.943755     3.59882000e-06
0.944070     2.66052000e-06
0.944384     2.95738000e-05
0.944699     1.11131000e-06
0.945014     3.58274000e-05
0.945329     2.30708000e-05
0.945644     4.75189000e-05
0.945959     4.29434000e-05
0.946275     5.64458000e-05
0.946590     7.07395000e-05
0.946906     4.04216000e-05
0.947221     4.96208000e-05
0.947537     8.59563000e-05
0.947853     3.20200000e-06
0.948169     2.50175000e-05
0.948485     7.32407000e-05
0.948801     4.63999000e-05
0.949117     1.01171000e-04
0.949434     7.43056000e-05
0.949750     5.43005000e-05
0.950067     5.79966000e-05
0.950383     7.35044000e-05
0.950700     1.10237000e-05
0.951017     2.95493000e-05
0.951334     1.90525000e-06
0.951651     5.47543000e-05
0.951969     6.39428000e-06
0.952286     9.16189000e-05
0.952603     6.58822000e-05
0.952921     7.43001000e-05
0.953238     4.24738000e-05
0.953556     3.12890000e-06
0.953874     3.37593000e-06
0.954192     3.22002000e-05
0.954510     4.67614000e-05
0.954828     1.07237000e-04
0.955146     3.11290000e-05
0.955465     1.68258000e-05
0.955783     7.08659000e-05
0.956102     1.57269000e-06
0.956421     6.69352000e-05
0.956739     2.94413000e-05
0.957058     7.26875000e-05
0.957377     6.93301000e-05
0.957697     1.07715000e-05
0.958016     8.79626000e-05
0.958335     5.61036000e-05
0.958655     7.20301000e-05
0.958974     1.09397000e-06
0.959294     2.78012000e-05
0.959614     2.13885000e-05
0.959933     4.67041000e-05
0.960253     9.30225000e-05
0.960573     5.30645000e-05
0.960894     6.04936000e-05
0.961214     4.27853000e-05
0.961534     2.53815000e-05
0.961855     1.51627000e-05
0.962175     4.99826000e-05
0.962496     1.99728000e-06
0.962817     2.73279000e-05
0.963138     6.03197000e-06
0.963459     1.13055000e-04
0.963780     8.02887000e-05
0.964101     2.17963000e-05
0.964423     5.05847000e-05
0.964744     3.38718000e-05
0.965066     2.10363000e-05
0.965388     2.26692000e-05
0.965709     1.39147000e-05
0.966031     5.95288000e-05
0.966353     1.11214000e-05
0.966675     4.59467000e-05
0.966998     7.82440000e-07
0.967320     1.30252000e-05
0.967642     8.93495000e-05
0.967965     8.03918000e-05
0.968288     3.29077000e-06
0.968610     6.24886000e-05
0.968933     5.93282000e-05
0.969256     5.11508000e-05
0.969579     5.17665000e-05
0.969902     7.65707000e-05
0.970226     3.23335000e-05
0.970549     3.19673000e-06
0.970873     9.36175000e-06
0.971196     4.32315000e-06
0.971520     9.76431000e-07
0.971844     4.67350000e-05
0.972168     1.65718000e-05
0.972492     4.52854000e-06
0.972816     5.90263000e-05
0.973140     5.34242000e-06
0.973465     9.88118000e-05
0.973789     2.45831000e-05
0.974114     1.35303000e-05
0.974438     3.93064000e-05
0.974763     8.56678000e-06
0.975088     7.41001000e-05
0.975413     1.33851000e-05
0.975738     5.56486000e-05
0.976064     4.78363000e-05
0.976389     6.83070000e-06
0.976714     4.52336000e-05
0.977040     5.12208000e-05
0.977366     3.22480000e-05
0.977691     3.38828000e-05
0.978017     4.64893000e-05
0.978343     4.54913000e-05
0.978670     6.53840000e-05
0.978996     6.64661000e-05
0.979322     5.25944000e-06
0.979649     3.84371000e-06
0.979975     8.47224000e-05
0.980302     2.42357000e-05
0.980628     4.45564000e-05
0.980955     6.06724000e-05
0.981282     9.12084000e-05
0.981609     1.53260000e-05
0.981937     4.97927000e-05
0.982264     7.70182000e-05
0.982591     4.76223000e-05
0.982919     1.73741000e-05
0.983247     7.52271000e-05
0.983574     3.21078000e-05
0.983902     2.33842000e-05
0.984230     7.18347000e-05
0.984558     7.53342000e-05
0.984886     5.93008000e-05
0.985215     3.76838000e-05
0.985543     2.11656000e-05
0.985872     5.04396000e-05
0.986200     1.13258000e-05
0.986529     8.74886000e-05
0.986858     5.10970000e-05
0.987187     2.69897000e-05
0.987516     8.59860000e-05
0.987845     9.10290000e-05
0.988174     7.84453000e-05
0.988504     4.31456000e-05
0.988833     1.88498000e-05
0.989163     4.88523000e-05
0.989492     2.32906000e-05
0.989822     5.07223000e-05
0.990152     7.34922000e-05
0.990482     9.73127000e-05
0.990812     1.07543000e-04
0.991143     7.18837000e-05
0.991473     1.59448000e-05
0.991804     3.41655000e-05
0.992134     2.89788000e-05
0.992465     6.40240000e-05
0.992796     9.94003000e-05
0.993127     8.93407000e-05
0.993458     2.88168000e-05
0.993789     8.87583000e-05
0.994120     6.70322000e-05
0.994452     7.64162000e-05
0.994783     6.42877000e-05
0.995115     1.04835000e-04
0.995446     2.37034000e-05
0.995778     1.93918000e-05
0.996110     3.62026000e-05
0.996442     5.06008000e-05
0.996774     2.63153000e-05
0.997106     4.74581000e-05
0.997439     9.00918000e-05
0.997771     3.93246000e-05
0.998104     4.94616000e-05
0.998437     5.44410000e-05
0.998769     1.27921000e-04
0.999102     7.66392000e-06
0.999435     5.55599000e-05
0.999769     4.15066000e-05
1.000102     4.33120000e-05
1.000435     1.66086000e-05
1.000769     1.00847000e-04
1.001102     2.91003000e-05
1.001436     1.82004000e-05
1.001770     1.24870000e-04
1.002104     1.09841000e-04
1.002438     9.40362000e-05
1.002772     4.38249000e-05
1.003106     8.88425000e-05
1.003440     1.70180000e-05
1.003775     4.50305000e-05
1.004110     7.05931000e-05
1.004444     7.12464000e-05
1.004779     1.16684000e-04
1.005114     1.25903000e-04
1.005449     7.53966000e-05
1.005784     1.77666000e-05
1.006119     8.81418000e-05
1.006455     3.58233000e-05
1.006790     5.41012000e-05
1.007126     8.90051000e-05
1.007462     1.06711000e-04
1.007797     1.12788000e-04
1.008133     4.02288000e-05
1.008469     1.06851000e-04
1.008806     9.99306000e-05
1.009142     1.14727000e-04
1.009478     1.38533000e-04
1.009815     4.14354000e-05
1.010151     1.23699000e-04
1.010488     4.10065000e-05
1.010825     5.65131000e-05
1.011162     2.85105000e-05
1.011499     4.00012000e-05
1.011836     4.43974000e-05
1.012173     1.05638000e-04
1.012511     1.57164000e-04
1.012848     8.75033000e-05
1.013186     2.58881000e-05
1.013524     8.02803000e-05
1.013861     3.14506000e-05
1.014199     1.00668000e-04
1.014537     1.53616000e-05
1.014876     6.79870000e-05
1.015214     4.18010000e-05
1.015552     2.51724000e-05
1.015891     5.37558000e-05
1.016229     1.14204000e-04
1.016568     8.55565000e-05
1.016907     9.57090000e-05
1.017246     2.61261000e-05
1.017585     4.86772000e-05
1.017924     7.61654000e-05
1.018264     4.36004000e-05
1.018603     5.73707000e-05
1.018943     9.71623000e-05
1.019282     3.91227000e-05
1.019622     6.51286000e-05
1.019962     8.84195000e-05
1.020302     6.20626000e-05
1.020642     1.13206000e-04
1.020982     9.14040000e-05
1.021322     9.26118000e-05
1.021663     8.09210000e-05
1.022003     5.47482000e-05
1.022344     3.20352000e-05
1.022685     7.02858000e-05
1.023026     2.74569000e-05
1.023367     8.26853000e-05
1.023708     1.44893000e-04
1.024049     6.11158000e-05
1.024390     1.14057000e-04
1.024732     1.02098000e-04
1.025074     9.26469000e-05
1.025415     1.43778000e-04
1.025757     5.36592000e-05
1.026099     1.07207000e-04
1.026441     1.30535000e-04
1.026783     5.94869000e-05
1.027125     8.05254000e-05
1.027468     9.67584000e-05
1.027810     1.26823000e-04
1.028153     8.44554000e-05
1.028496     1.34288000e-04
1.028838     1.05603000e-04
1.029181     1.20628000e-04
1.029524     1.39008000e-04
1.029868     1.24066000e-04
1.030211     8.61986000e-05
1.030554     7.13566000e-05
1.030898     1.16176000e-04
1.031241     1.05278000e-04
1.031585     5.36944000e-05
1.031929     1.36384000e-04
1.032273     1.00528000e-04
1.032617     1.26650000e-04
1.032961     1.34790000e-04
1.033306     1.37003000e-04
1.033650     1.33259000e-04
1.033995     1.34398000e-04
1.034339     9.03338000e-05
1.034684     9.35900000e-05
1.035029     1.44715000e-04
1.035374     1.13770000e-04
1.035719     1.07737000e-04
1.036064     1.24243000e-04
1.036410     9.05935000e-05
1.036755     1.34733000e-04
1.037101     1.52332000e-04
1.037446     1.57304000e-04
1.037792     1.02935000e-04
1.038138     1.55237000e-04
1.038484     1.32356000e-04
1.038830     9.39708000e-05
1.039177     1.20062000e-04
1.039523     8.82340000e-05
1.039870     1.36835000e-04
1.040216     1.04492000e-04
1.040563     1.43858000e-04
1.040910     1.30845000e-04
1.041257     1.12599000e-04
1.041604     1.51691000e-04
1.041951     1.08403000e-04
1.042298     1.22901000e-04
1.042646     1.07185000e-04
1.042993     9.48208000e-05
1.043341     1.35210000e-04
1.043689     1.43193000e-04
1.044037     1.43478000e-04
1.044385     1.34895000e-04
1.044733     1.24982000e-04
1.045081     1.39904000e-04
1.045429     1.10711000e-04
1.045778     1.19505000e-04
1.046126     1.63133000e-04
1.046475     1.62775000e-04
1.046824     1.60390000e-04
1.047173     1.43640000e-04
1.047522     1.20631000e-04
1.047871     1.53290000e-04
1.048220     6.70236000e-05
1.048570     9.75335000e-05
1.048919     1.61247000e-04
1.049269     1.30481000e-04
1.049619     1.65553000e-04
1.049969     1.66999000e-04
1.050319     1.38827000e-04
1.050669     1.12631000e-04
1.051019     1.51280000e-04
1.051369     1.33316000e-04
1.051720     1.63386000e-04
1.052070     1.61604000e-04
1.052421     9.85285000e-05
1.052772     1.24189000e-04
1.053123     1.34852000e-04
1.053474     1.72468000e-04
1.053825     1.44530000e-04
1.054176     1.35207000e-04
1.054528     1.93642000e-04
1.054879     1.34781000e-04
1.055231     1.78734000e-04
1.055583     1.79024000e-04
1.055934     1.64729000e-04
1.056286     1.54849000e-04
1.056638     1.68898000e-04
1.056991     1.64044000e-04
1.057343     1.76766000e-04
1.057695     1.78243000e-04
1.058048     1.70946000e-04
1.058401     1.80677000e-04
1.058754     1.60083000e-04
1.059106     8.76782000e-05
1.059459     1.34960000e-04
1.059813     1.39652000e-04
1.060166     1.63246000e-04
1.060519     1.45030000e-04
1.060873     1.29187000e-04
1.061226     1.61781000e-04
1.061580     1.86767000e-04
1.061934     1.82894000e-04
1.062288     1.77067000e-04
1.062642     1.50056000e-04
1.062996     1.57374000e-04
1.063351     1.73245000e-04
1.063705     1.49233000e-04
1.064060     1.75141000e-04
1.064414     1.83744000e-04
1.064769     1.91958000e-04
1.065124     1.86521000e-04
1.065479     5.47956000e-05
1.065834     1.21534000e-04
1.066190     1.59742000e-04
1.066545     1.95782000e-04
1.066900     8.64386000e-05
1.067256     1.73500000e-04
1.067612     1.11900000e-04
1.067968     1.88788000e-04
1.068324     1.50058000e-04
1.068680     1.47445000e-04
1.069036     1.92349000e-04
1.069392     1.17463000e-04
1.069749     1.23336000e-04
1.070105     1.47573000e-04
1.070462     1.89915000e-04
1.070819     1.82823000e-04
1.071176     1.23363000e-04
1.071533     1.78586000e-04
1.071890     1.74346000e-04
1.072247     1.87502000e-04
1.072605     1.36398000e-04
1.072962     1.78948000e-04
1.073320     1.87536000e-04
1.073678     1.93607000e-04
1.074036     1.86247000e-04
1.074394     1.76271000e-04
1.074752     1.35075000e-04
1.075110     1.79507000e-04
1.075468     2.00005000e-04
1.075827     1.67509000e-04
1.076186     1.65567000e-04
1.076544     1.55137000e-04
1.076903     1.04196000e-04
1.077262     1.49925000e-04
1.077621     1.99952000e-04
1.077980     1.89642000e-04
1.078340     1.37946000e-04
1.078699     9.42428000e-05
1.079059     2.08535000e-04
1.079418     1.93583000e-04
1.079778     1.85607000e-04
1.080138     1.39984000e-04
1.080498     1.87575000e-04
1.080858     1.56587000e-04
1.081219     2.12489000e-04
1.081579     1.80220000e-04
1.081940     1.72395000e-04
1.082300     1.41998000e-04
1.082661     1.77918000e-04
1.083022     1.50105000e-04
1.083383     1.96145000e-04
1.083744     1.97011000e-04
1.084105     1.14165000e-04
1.084467     2.05992000e-04
1.084828     2.12054000e-04
1.085190     1.84352000e-04
1.085551     1.76587000e-04
1.085913     1.57178000e-04
1.086275     5.94713000e-05
1.086637     7.10744000e-05
1.087000     1.60377000e-04
1.087362     2.16898000e-04
1.087724     2.03926000e-04
1.088087     1.84943000e-04
1.088450     9.65294000e-05
1.088812     1.43371000e-04
1.089175     5.13603000e-05
1.089538     1.39693000e-04
1.089902     1.54675000e-04
1.090265     7.03490000e-05
1.090628     8.91181000e-05
1.090992     1.77217000e-04
1.091356     1.29900000e-04
1.091719     1.14095000e-04
1.092083     5.28677000e-05
1.092447     1.38779000e-04
1.092811     1.68064000e-04
1.093176     2.87104000e-05
1.093540     5.86100000e-05
1.093905     1.04382000e-04
1.094269     8.93845000e-06
1.094634     1.72322000e-04
1.094999     8.81716000e-05
1.095364     1.12691000e-04
1.095729     1.25357000e-05
1.096094     5.15162000e-05
1.096460     1.35614000e-05
1.096825     7.99892000e-05
1.097191     1.10891000e-04
1.097556     4.93793000e-05
1.097922     2.35379000e-05
1.098288     7.28061000e-05
1.098654     4.97731000e-05
1.099021     9.26561000e-05
1.099387     7.07750000e-05
1.099753     9.86091000e-05
1.100120     7.13706000e-05
1.100487     3.35447000e-05
1.100853     8.88749000e-05
1.101220     2.92513000e-05
1.101588     7.13361000e-05
1.101955     1.40989000e-04
1.102322     1.46721000e-04
1.102689     1.74936000e-04
1.103057     4.79819000e-05
1.103425     4.46503000e-06
1.103793     6.38474000e-05
1.104160     7.68833000e-05
1.104529     1.37459000e-04
1.104897     1.08620000e-04
1.105265     7.48139000e-05
1.105633     6.62993000e-05
1.106002     1.13073000e-04
1.106371     1.32458000e-04
1.106739     9.65965000e-05
1.107108     1.02384000e-04
1.107477     3.97628000e-06
1.107847     7.55802000e-05
1.108216     6.04598000e-05
1.108585     1.28873000e-05
1.108955     1.63709000e-04
1.109324     8.51461000e-05
1.109694     2.38332000e-05
1.110064     4.71997000e-05
1.110434     5.04887000e-05
1.110804     1.43519000e-04
1.111174     6.34237000e-06
1.111545     1.22951000e-05
1.111915     1.27839000e-05
1.112286     1.20741000e-05
1.112657     2.10505000e-05
1.113028     6.33013000e-05
1.113399     1.28131000e-04
1.113770     6.95127000e-05
1.114141     1.52472000e-05
1.114512     1.53775000e-05
1.114884     5.92505000e-05
1.115256     7.94548000e-05
1.115627     1.01143000e-04
1.115999     1.22024000e-04
1.116371     2.36460000e-06
1.116743     9.02734000e-05
1.117116     3.22994000e-05
1.117488     2.60450000e-05
1.117860     1.63113000e-05
1.118233     9.13562000e-05
1.118606     1.19541000e-04
1.118979     9.28697000e-05
1.119352     2.37869000e-05
1.119725     1.59374000e-05
1.120098     6.82674000e-05
1.120471     5.29520000e-05
1.120845     6.05195000e-05
1.121219     1.67879000e-04
1.121592     5.63136000e-05
1.121966     3.87074000e-06
1.122340     2.47680000e-05
1.122714     1.78247000e-05
1.123088     2.48913000e-05
1.123463     8.01480000e-05
1.123837     1.04878000e-05
1.124212     3.68043000e-05
1.124587     7.83194000e-05
1.124962     1.28547000e-04
1.125337     9.68574000e-06
1.125712     8.49409000e-05
1.126087     1.13373000e-04
1.126462     7.62185000e-05
1.126838     1.20229000e-05
1.127213     7.01998000e-06
1.127589     1.56327000e-04
1.127965     1.16182000e-04
1.128341     3.26562000e-05
1.128717     1.23980000e-04
1.129093     1.42764000e-05
1.129470     1.48896000e-04
1.129846     1.06033000e-05
1.130223     5.82225000e-05
1.130599     4.40804000e-05
1.130976     7.66583000e-05
1.131353     8.57755000e-05
1.131730     6.77936000e-06
1.132108     2.75720000e-05
1.132485     5.65785000e-05
1.132863     6.12857000e-06
1.133240     2.76573000e-05
1.133618     1.09891000e-04
1.133996     7.12789000e-05
1.134374     3.07120000e-06
1.134752     4.70501000e-05
1.135130     2.86993000e-06
1.135509     1.98324000e-05
1.135887     5.27296000e-06
1.136266     4.55449000e-05
1.136644     2.03146000e-05
1.137023     9.13734000e-05
1.137402     9.31169000e-05
1.137781     1.15247000e-04
1.138161     3.88728000e-06
1.138540     3.29518000e-06
1.138920     7.14132000e-05
1.139299     5.57758000e-05
1.139679     5.36899000e-05
1.140059     1.35289000e-05
1.140439     7.88220000e-05
1.140819     1.29634000e-04
1.141199     4.72849000e-06
1.141580     2.66916000e-05
1.141960     4.33903000e-06
1.142341     4.42027000e-05
1.142722     2.49343000e-05
1.143103     3.40318000e-05
1.143484     6.78544000e-05
1.143865     4.93220000e-05
1.144246     2.20858000e-05
1.144628     4.59543000e-05
1.145009     1.15876000e-04
1.145391     8.81658000e-06
1.145773     6.22108000e-05
1.146154     4.97919000e-05
1.146537     2.52103000e-05
1.146919     5.97310000e-05
1.147301     2.95711000e-05
1.147683     8.87142000e-06
1.148066     4.19804000e-05
1.148449     2.54131000e-05
1.148832     8.46519000e-05
1.149214     1.22806000e-04
1.149598     1.09641000e-04
1.149981     6.64021000e-05
1.150364     4.06587000e-05
1.150748     7.11159000e-05
1.151131     5.30896000e-05
1.151515     1.02651000e-04
1.151899     3.42681000e-05
1.152283     6.62789000e-05
1.152667     4.25914000e-05
1.153051     3.55328000e-05
1.153435     4.47506000e-05
1.153820     1.74211000e-05
1.154204     7.03917000e-05
1.154589     9.42931000e-06
1.154974     2.68202000e-05
1.155359     1.17719000e-05
1.155744     3.66346000e-06
1.156129     2.18658000e-05
1.156515     7.61687000e-05
1.156900     4.68376000e-05
1.157286     3.22343000e-05
1.157672     1.44731000e-05
1.158057     2.41327000e-05
1.158443     4.53279000e-05
1.158830     1.13778000e-04
1.159216     2.39703000e-05
1.159602     5.70445000e-05
1.159989     1.37607000e-04
1.160376     6.90413000e-05
1.160762     5.93525000e-06
1.161149     8.93799000e-05
1.161536     1.33506000e-04
1.161923     2.13385000e-05
1.162311     1.36350000e-05
1.162698     1.62617000e-05
1.163086     1.07639000e-04
1.163473     1.43372000e-04
1.163861     7.45874000e-05
1.164249     3.21441000e-05
1.164637     1.15609000e-04
1.165026     8.88958000e-05
1.165414     3.32019000e-05
1.165802     3.23375000e-05
1.166191     9.76147000e-05
1.166580     6.68634000e-05
1.166969     1.23234000e-04
1.167358     5.90239000e-05
1.167747     7.55083000e-05
1.168136     8.46758000e-05
1.168525     2.07796000e-05
1.168915     4.97259000e-05
1.169304     1.19912000e-04
1.169694     2.17734000e-05
1.170084     4.18418000e-05
1.170474     6.33980000e-05
1.170864     8.16534000e-05
1.171255     5.89834000e-05
1.171645     5.32592000e-05
1.172036     9.88903000e-05
1.172426     1.03028000e-04
1.172817     9.62954000e-05
1.173208     7.63114000e-06
1.173599     2.30226000e-05
1.173990     1.99452000e-05
1.174382     1.14762000e-04
1.174773     8.84091000e-05
1.175165     1.12197000e-04
1.175556     1.19349000e-04
1.175948     6.77699000e-05
1.176340     9.28057000e-05
1.176732     2.99213000e-05
1.177125     4.38157000e-05
1.177517     1.05590000e-04
1.177909     1.06984000e-04
1.178302     3.62348000e-05
1.178695     1.50752000e-04
1.179088     9.71486000e-06
1.179481     4.66161000e-05
1.179874     2.57563000e-05
1.180267     3.80803000e-05
1.180661     3.46021000e-05
1.181054     2.74994000e-05
1.181448     1.61948000e-04
1.181842     3.62186000e-05
1.182236     1.18568000e-04
1.182630     2.59849000e-05
1.183024     2.60888000e-05
1.183418     6.06092000e-05
1.183813     2.07508000e-05
1.184207     1.10506000e-04
1.184602     1.09983000e-04
1.184997     1.04486000e-04
1.185392     7.14914000e-05
1.185787     8.39865000e-05
1.186182     1.67542000e-05
1.186578     1.27222000e-05
1.186973     9.39400000e-05
1.187369     1.78488000e-05
1.187765     5.50092000e-05
1.188161     1.61788000e-04
1.188557     1.31089000e-04
1.188953     3.06937000e-05
1.189349     1.08668000e-04
1.189746     2.39145000e-05
1.190142     6.91335000e-05
1.190539     5.88095000e-05
1.190936     2.43714000e-05
1.191333     1.25101000e-04
1.191730     3.66326000e-05
1.192127     1.53348000e-05
1.192524     1.02945000e-05
1.192922     3.68701000e-05
1.193320     1.32149000e-04
1.193717     1.13889000e-04
1.194115     1.03037000e-04
1.194513     8.00420000e-05
1.194911     1.27544000e-04
1.195310     9.24856000e-05
1.195708     6.46169000e-05
1.196107     1.17456000e-04
1.196506     1.47730000e-04
1.196904     1.50430000e-04
1.197303     9.54759000e-05
1.197702     6.41231000e-05
1.198102     7.06001000e-05
1.198501     1.37600000e-04
1.198901     8.34855000e-05
1.199300     1.57839000e-05
1.199700     8.32662000e-05
1.200100     1.12435000e-04
1.200500     7.74187000e-05
1.200900     6.78764000e-05
1.201300     1.11041000e-04
1.201701     6.50216000e-05
1.202101     6.20885000e-05
1.202502     1.36419000e-04
1.202903     9.40300000e-05
1.203304     1.11509000e-04
1.203705     4.47823000e-05
1.204106     5.58708000e-05
1.204508     2.85402000e-05
1.204909     1.17132000e-04
1.205311     1.94285000e-04
1.205712     1.65323000e-04
1.206114     2.65812000e-05
1.206516     3.83902000e-05
1.206919     8.95663000e-05
1.207321     8.77334000e-05
1.207723     7.50061000e-05
1.208126     1.95349000e-05
1.208529     1.72874000e-05
1.208931     1.79124000e-04
1.209334     2.92052000e-05
1.209738     7.16568000e-05
1.210141     1.64581000e-04
1.210544     2.92802000e-05
1.210948     5.51744000e-05
1.211351     1.07651000e-05
1.211755     1.09724000e-04
1.212159     1.23201000e-04
1.212563     1.22033000e-04
1.212967     2.98744000e-05
1.213372     4.81290000e-05
1.213776     1.07864000e-04
1.214181     1.48852000e-04
1.214585     1.63701000e-04
1.214990     9.99342000e-05
1.215395     2.00198000e-04
1.215800     6.96245000e-05
1.216206     4.51538000e-05
1.216611     1.36284000e-04
1.217017     1.19457000e-04
1.217422     1.45773000e-04
1.217828     1.33327000e-04
1.218234     1.95579000e-05
1.218640     5.07672000e-05
1.219046     1.03893000e-04
1.219453     1.26224000e-04
1.219859     1.12424000e-04
1.220266     9.49243000e-05
1.220672     1.07689000e-04
1.221079     1.08425000e-04
1.221486     1.82268000e-04
1.221894     8.65182000e-05
1.222301     1.88376000e-04
1.222708     5.10596000e-05
1.223116     1.20248000e-04
1.223524     3.36796000e-05
1.223931     1.90860000e-04
1.224339     1.46595000e-04
1.224747     2.18872000e-04
1.225156     1.00989000e-04
1.225564     6.46010000e-05
1.225973     1.48800000e-04
1.226381     1.02681000e-04
1.226790     1.16824000e-04
1.227199     1.77388000e-04
1.227608     9.03066000e-05
1.228017     1.11295000e-04
1.228427     1.64764000e-04
1.228836     1.64231000e-04
1.229246     1.34141000e-04
1.229655     2.00367000e-04
1.230065     9.54524000e-05
1.230475     5.50693000e-05
1.230886     1.03650000e-04
1.231296     1.84695000e-04
1.231706     9.72561000e-05
1.232117     1.01446000e-04
1.232528     1.71012000e-04
1.232938     1.31365000e-04
1.233349     1.66216000e-04
1.233760     6.56131000e-05
1.234172     1.78526000e-04
1.234583     2.11305000e-04
1.234995     1.96856000e-04
1.235406     9.30558000e-05
1.235818     8.25515000e-05
1.236230     2.34974000e-04
1.236642     1.71485000e-04
1.237054     1.74675000e-04
1.237467     1.57956000e-04
1.237879     1.37499000e-04
1.238292     9.21720000e-05
1.238705     2.37525000e-04
1.239117     1.27481000e-04
1.239531     9.79986000e-05
1.239944     8.53159000e-05
1.240357     1.18602000e-04
1.240770     1.60982000e-04
1.241184     1.97970000e-04
1.241598     1.11103000e-04
1.242012     1.57012000e-04
1.242426     1.09805000e-04
1.242840     2.16240000e-04
1.243254     1.24256000e-04
1.243668     4.80313000e-05
1.244083     1.13029000e-04
1.244498     1.10300000e-04
1.244913     2.21569000e-04
1.245328     1.76513000e-04
1.245743     1.82992000e-04
1.246158     1.04905000e-04
1.246573     1.56309000e-04
1.246989     1.77015000e-04
1.247404     1.97969000e-04
1.247820     1.17481000e-04
1.248236     1.96168000e-04
1.248652     1.41897000e-04
1.249068     1.65312000e-04
1.249485     2.06049000e-04
1.249901     1.61821000e-04
1.250318     1.36928000e-04
1.250735     2.00184000e-04
1.251152     1.95665000e-04
1.251569     9.99891000e-05
1.251986     1.13771000e-04
1.252403     2.05132000e-04
1.252821     1.30061000e-04
1.253238     2.08312000e-04
1.253656     9.58433000e-05
1.254074     1.49375000e-04
1.254492     1.98433000e-04
1.254910     2.40250000e-04
1.255328     1.52075000e-04
1.255747     2.70825000e-04
1.256165     1.50482000e-04
1.256584     1.50703000e-04
1.257003     1.77178000e-04
1.257422     2.23174000e-04
1.257841     2.32853000e-04
1.258260     2.23839000e-04
1.258680     1.87139000e-04
1.259099     1.71099000e-04
1.259519     1.76065000e-04
1.259939     9.49599000e-05
1.260359     1.96060000e-04
1.260779     1.29595000e-04
1.261199     1.58460000e-04
1.261620     2.64706000e-04
1.262040     2.12941000e-04
1.262461     2.28028000e-05
1.262882     1.51270000e-04
1.263303     2.30097000e-04
1.263724     1.37741000e-04
1.264145     2.27574000e-04
1.264566     2.14335000e-04
1.264988     1.79703000e-04
1.265410     2.31219000e-04
1.265831     1.00576000e-04
1.266253     1.15428000e-04
1.266675     1.23840000e-04
1.267098     1.66247000e-04
1.267520     2.37028000e-04
1.267943     2.19725000e-04
1.268365     2.68564000e-04
1.268788     2.31471000e-04
1.269211     2.49960000e-04
1.269634     1.81941000e-04
1.270057     1.69351000e-04
1.270481     2.59489000e-04
1.270904     1.64168000e-04
1.271328     1.40941000e-04
1.271751     2.41515000e-04
1.272175     2.27485000e-04
1.272599     1.88939000e-04
1.273024     2.05123000e-04
1.273448     1.68102000e-05
1.273872     2.23607000e-04
1.274297     1.95801000e-04
1.274722     1.68375000e-04
1.275147     2.42066000e-04
1.275572     1.54343000e-04
1.275997     6.60650000e-05
1.276422     2.77930000e-04
1.276848     1.00612000e-04
1.277273     1.77531000e-04
1.277699     2.03287000e-04
1.278125     2.27451000e-04
1.278551     2.45565000e-04
1.278977     2.61031000e-04
1.279404     2.85041000e-04
1.279830     7.49915000e-05
1.280257     8.90611000e-05
1.280683     2.77461000e-04
1.281110     6.93515000e-05
1.281537     2.78089000e-04
1.281965     3.25077000e-04
1.282392     3.30270000e-04
1.282819     1.52999000e-05
1.283247     1.22963000e-04
1.283675     2.16111000e-04
1.284103     7.34721000e-05
1.284531     1.97998000e-04
1.284959     1.69360000e-04
1.285387     2.61365000e-04
1.285816     2.64188000e-04
1.286244     4.57051000e-05
1.286673     2.31235000e-04
1.287102     1.11306000e-04
1.287531     1.29989000e-04
1.287960     2.09404000e-04
1.288389     2.25197000e-04
1.288819     2.58834000e-04
1.289248     2.39686000e-04
1.289678     2.55983000e-04
1.290108     2.50225000e-04
1.290538     2.78166000e-04
1.290968     2.55364000e-04
1.291399     7.83441000e-05
1.291829     1.90905000e-04
1.292260     2.00056000e-04
1.292690     7.01661000e-05
1.293121     2.75161000e-04
1.293552     2.57416000e-04
1.293984     1.86120000e-05
1.294415     3.11636000e-04
1.294846     2.08480000e-04
1.295278     2.76097000e-04
1.295710     1.54523000e-04
1.296142     2.61713000e-04
1.296574     2.72545000e-04
1.297006     2.30480000e-04
1.297438     2.80500000e-05
1.297871     2.55257000e-04
1.298303     1.09657000e-04
1.298736     7.33296000e-05
1.299169     2.00214000e-04
1.299602     2.52965000e-04
1.300035     2.88583000e-04
1.300469     1.25698000e-04
1.300902     2.15524000e-04
1.301336     1.83273000e-04
1.301770     5.27685000e-05
1.302203     2.73551000e-04
1.302638     2.43412000e-04
1.303072     2.06223000e-04
1.303506     1.00663000e-04
1.303941     2.56258000e-04
1.304375     1.95816000e-04
1.304810     2.59403000e-04
1.305245     2.07064000e-04
1.305680     3.62024000e-05
1.306115     2.08939000e-04
1.306551     2.49663000e-04
1.306986     1.66973000e-04
1.307422     8.10668000e-05
1.307858     2.19781000e-04
1.308294     1.45615000e-04
1.308730     1.35212000e-04
1.309166     1.26240000e-04
1.309602     1.20703000e-04
1.310039     1.28392000e-04
1.310476     2.93358000e-04
1.310912     7.39540000e-05
1.311349     5.73395000e-05
1.311786     2.34067000e-04
1.312224     1.55143000e-04
1.312661     2.30512000e-04
1.313099     5.01233000e-05
1.313536     3.06500000e-04
1.313974     1.13018000e-04
1.314412     1.18476000e-04
1.314850     2.95787000e-04
1.315289     2.33862000e-04
1.315727     1.18064000e-04
1.316166     2.10254000e-04
1.316604     5.53014000e-05
1.317043     2.73638000e-04
1.317482     2.28956000e-04
1.317921     1.49308000e-04
1.318361     1.75779000e-04
1.318800     2.29053000e-05
1.319240     2.66502000e-04
1.319679     2.17106000e-04
1.320119     4.06398000e-05
1.320559     1.36745000e-04
1.321000     2.80470000e-04
1.321440     8.79408000e-05
1.321880     1.81814000e-04
1.322321     8.29731000e-05
1.322762     1.89647000e-04
1.323203     5.69153000e-05
1.323644     1.21418000e-04
1.324085     2.85906000e-05
1.324526     2.64142000e-04
1.324968     1.48345000e-04
1.325410     1.27823000e-05
1.325851     3.02145000e-04
1.326293     1.33201000e-04
1.326735     9.61617000e-05
1.327178     6.68769000e-05
1.327620     1.93189000e-04
1.328063     3.91248000e-05
1.328505     1.61776000e-04
1.328948     8.70492000e-05
1.329391     1.29409000e-04
1.329834     2.13205000e-04
1.330278     1.55199000e-04
1.330721     1.32264000e-04
1.331165     7.27808000e-05
1.331608     1.45816000e-04
1.332052     1.12229000e-04
1.332496     1.11848000e-05
1.332940     1.10174000e-04
1.333385     9.22157000e-05
1.333829     3.90714000e-05
1.334274     8.98409000e-05
1.334718     5.96021000e-05
1.335163     1.76215000e-05
1.335608     4.48956000e-05
1.336054     5.47309000e-05
1.336499     7.19969000e-05
1.336944     5.83182000e-05
1.337390     2.54516000e-05
1.337836     9.85907000e-05
1.338282     1.54777000e-05
1.338728     4.47900000e-05
1.339174     6.59022000e-05
1.339621     6.80365000e-05
1.340067     1.05975000e-05
1.340514     9.84445000e-06
1.340961     4.57579000e-05
1.341408     9.97468000e-05
1.341855     5.08778000e-06
1.342302     2.18163000e-05
1.342749     1.28554000e-05
1.343197     6.89024000e-05
1.343645     6.25728000e-05
1.344093     7.82380000e-05
1.344541     7.42996000e-06
1.344989     1.13649000e-04
1.345437     8.05053000e-05
1.345886     4.33778000e-05
1.346334     2.04283000e-05
1.346783     8.37646000e-06
1.347232     5.14734000e-05
1.347681     4.19719000e-06
1.348130     3.77175000e-05
1.348580     9.91710000e-05
1.349029     9.12225000e-06
1.349479     9.54514000e-05
1.349929     5.92564000e-06
1.350379     1.23517000e-05
1.350829     3.41501000e-05
1.351279     4.64574000e-05
1.351730     8.30155000e-06
1.352180     5.97277000e-05
1.352631     7.38672000e-05
1.353082     8.61783000e-05
1.353533     6.26797000e-05
1.353984     2.93207000e-05
1.354435     5.40904000e-05
1.354887     7.34137000e-05
1.355338     1.55132000e-05
1.355790     8.67196000e-06
1.356242     1.61170000e-04
1.356694     2.49795000e-05
1.357146     3.96746000e-06
1.357599     4.03837000e-05
1.358051     3.32076000e-05
1.358504     4.81485000e-05
1.358957     5.72572000e-05
1.359410     1.77855000e-05
1.359863     2.40087000e-05
1.360316     3.28391000e-05
1.360770     9.18751000e-05
1.361223     2.60857000e-05
1.361677     8.24436000e-06
1.362131     5.79525000e-05
1.362585     4.99491000e-05
1.363039     2.71925000e-05
1.363493     2.86714000e-05
1.363948     2.31618000e-05
1.364403     2.13475000e-05
1.364857     1.06631000e-05
1.365312     8.39587000e-05
1.365767     1.70872000e-05
1.366223     8.37998000e-06
1.366678     1.29146000e-05
1.367134     1.28402000e-05
1.367589     1.87630000e-05
1.368045     5.27799000e-05
1.368501     1.35486000e-05
1.368957     9.49958000e-05
1.369414     1.83949000e-05
1.369870     1.60889000e-05
1.370327     8.16657000e-06
1.370784     9.20583000e-05
1.371241     2.41306000e-05
1.371698     3.37197000e-05
1.372155     2.36439000e-05
1.372612     6.26998000e-05
1.373070     5.43862000e-05
1.373527     1.84814000e-05
1.373985     1.84350000e-05
1.374443     7.20767000e-06
1.374901     4.14299000e-05
1.375360     6.21781000e-05
1.375818     2.40379000e-05
1.376277     1.82047000e-05
1.376736     3.42355000e-05
1.377195     4.07295000e-05
1.377654     1.18179000e-05
1.378113     3.48157000e-05
1.378572     8.28217000e-06
1.379032     1.29444000e-05
1.379491     2.20207000e-05
1.379951     4.50360000e-05
1.380411     8.61355000e-05
1.380871     1.28628000e-04
1.381332     5.20005000e-05
1.381792     6.93775000e-05
1.382253     1.71003000e-05
1.382713     7.15740000e-06
1.383174     1.26870000e-05
1.383635     7.29191000e-05
1.384097     2.27393000e-05
1.384558     9.02547000e-06
1.385019     2.28433000e-05
1.385481     6.99965000e-05
1.385943     6.02998000e-05
1.386405     7.75479000e-06
1.386867     3.61898000e-05
1.387329     1.24247000e-05
1.387792     2.31981000e-05
1.388254     4.64075000e-05
1.388717     4.34831000e-05
1.389180     2.25181000e-05
1.389643     1.29644000e-05
1.390106     6.18920000e-05
1.390570     1.84434000e-05
1.391033     9.87401000e-05
1.391497     4.51413000e-05
1.391961     1.01581000e-05
1.392425     2.95509000e-05
1.392889     1.38206000e-05
1.393353     2.47543000e-05
1.393818     2.77269000e-05
1.394282     6.41219000e-05
1.394747     2.57225000e-05
1.395212     9.00292000e-06
1.395677     1.97436000e-05
1.396142     1.46915000e-04
1.396608     7.26301000e-06
1.397073     1.07091000e-05
1.397539     9.23004000e-06
1.398005     1.25683000e-05
1.398471     6.09963000e-05
1.398937     1.30399000e-05
1.399403     3.82966000e-05
1.399870     1.56524000e-05
1.400336     8.31812000e-05
1.400803     8.02930000e-05
1.401270     1.13491000e-04
1.401737     5.50748000e-05
1.402204     2.45415000e-05
1.402672     2.65103000e-05
1.403139     6.12153000e-05
1.403607     7.94979000e-05
1.404075     1.93185000e-05
1.404543     3.42464000e-05
1.405011     8.94377000e-06
1.405479     1.19618000e-05
1.405948     4.90997000e-05
1.406416     3.34815000e-05
1.406885     2.87669000e-05
1.407354     3.19027000e-05
1.407823     1.64874000e-05
1.408293     1.63152000e-05
1.408762     4.63408000e-05
1.409232     6.32724000e-05
1.409701     4.95350000e-05
1.410171     5.25351000e-05
1.410641     9.76287000e-06
1.411112     7.35944000e-05
1.411582     4.41648000e-05
1.412052     3.10718000e-05
1.412523     8.85351000e-05
1.412994     7.35373000e-05
1.413465     7.70238000e-05
1.413936     1.47120000e-05
1.414407     8.29541000e-05
1.414879     1.41429000e-05
1.415351     7.05978000e-05
1.415822     5.78097000e-05
1.416294     4.04911000e-05
1.416766     7.90453000e-05
1.417239     2.11109000e-05
1.417711     1.40618000e-05
1.418184     1.29289000e-05
1.418656     4.81772000e-05
1.419129     4.49926000e-05
1.419602     1.90856000e-05
1.420075     2.15132000e-05
1.420549     1.11223000e-05
1.421022     4.75099000e-05
1.421496     1.13768000e-05
1.421970     1.42108000e-05
1.422444     1.74006000e-05
1.422918     9.05739000e-05
1.423392     4.74936000e-05
1.423867     3.66156000e-05
1.424341     2.28501000e-05
1.424816     2.77241000e-05
1.425291     1.50129000e-05
1.425766     8.01555000e-05
1.426241     3.28876000e-05
1.426717     1.94405000e-05
1.427192     1.65671000e-05
1.427668     2.89300000e-05
1.428144     1.60407000e-05
1.428620     1.74307000e-05
1.429096     3.33895000e-05
1.429573     1.31791000e-04
1.430049     4.36971000e-05
1.430526     3.95352000e-05
1.431003     9.25167000e-05
1.431480     1.30857000e-05
1.431957     6.47164000e-05
1.432434     1.01927000e-05
1.432912     2.54156000e-05
1.433389     5.07599000e-05
1.433867     7.05383000e-05
1.434345     1.30118000e-05
1.434823     8.99828000e-05
1.435301     2.39005000e-05
1.435780     6.26907000e-05
1.436258     5.18583000e-05
1.436737     2.39327000e-05
1.437216     1.63889000e-05
1.437695     3.70029000e-05
1.438174     2.04353000e-05
1.438654     2.16891000e-05
1.439133     3.79980000e-05
1.439613     5.55159000e-05
1.440093     9.64943000e-05
1.440573     3.54247000e-05
1.441053     2.95254000e-05
1.441534     5.52944000e-05
1.442014     6.76126000e-05
1.442495     7.29400000e-05
1.442976     2.81255000e-05
1.443457     3.68476000e-05
1.443938     1.82784000e-05
1.444419     1.33265000e-05
1.444900     2.31093000e-05
1.445382     4.60697000e-05
1.445864     3.13887000e-05
1.446346     6.91016000e-05
1.446828     1.99864000e-05
1.447310     2.42490000e-05
1.447793     4.23961000e-05
1.448275     1.29116000e-04
1.448758     2.61150000e-05
1.449241     4.87981000e-05
1.449724     2.88151000e-05
1.450207     3.39150000e-05
1.450691     1.54256000e-05
1.451174     1.42128000e-05
1.451658     7.73256000e-05
1.452142     5.50549000e-05
1.452626     2.17249000e-05
1.453110     5.49089000e-05
1.453595     1.60575000e-05
1.454079     3.34209000e-05
1.454564     1.31316000e-04
1.455049     1.13038000e-04
1.455534     1.17034000e-05
1.456019     3.33011000e-05
1.456504     1.72059000e-05
1.456990     1.86645000e-05
1.457475     4.37803000e-05
1.457961     3.88359000e-05
1.458447     5.66616000e-05
1.458933     7.03478000e-05
1.459420     2.40158000e-05
1.459906     2.05108000e-05
1.460393     8.89088000e-05
1.460879     2.04002000e-05
1.461366     2.42954000e-05
1.461854     7.06754000e-05
1.462341     7.99023000e-05
1.462828     6.90258000e-05
1.463316     8.50973000e-05
1.463804     4.89674000e-05
1.464292     8.36210000e-05
1.464780     7.54697000e-05
1.465268     1.51190000e-05
1.465756     4.78767000e-05
1.466245     7.78498000e-05
1.466734     1.10652000e-04
1.467223     6.43653000e-05
1.467712     4.51248000e-05
1.468201     1.76586000e-05
1.468690     1.00791000e-04
1.469180     3.37882000e-05
1.469670     1.45765000e-05
1.470160     3.52276000e-05
1.470650     1.04133000e-04
1.471140     7.49539000e-05
1.471630     3.90538000e-05
1.472121     2.34937000e-05
1.472611     1.36372000e-05
1.473102     4.74729000e-05
1.473593     5.58742000e-05
1.474085     5.02251000e-05
1.474576     4.38011000e-05
1.475067     1.81660000e-05
1.475559     9.44453000e-05
1.476051     1.40361000e-04
1.476543     2.20371000e-05
1.477035     3.77533000e-05
1.477527     8.56814000e-05
1.478020     3.24130000e-05
1.478513     1.91549000e-04
1.479006     6.42681000e-05
1.479499     8.61427000e-05
1.479992     1.56646000e-05
1.480485     8.47413000e-05
1.480978     1.64010000e-05
1.481472     8.57374000e-05
1.481966     2.54240000e-05
1.482460     9.88675000e-05
1.482954     3.66391000e-05
1.483448     3.27994000e-05
1.483943     1.07794000e-04
1.484438     2.24487000e-05
1.484932     6.53332000e-05
1.485427     9.32686000e-05
1.485923     4.89632000e-05
1.486418     9.44178000e-05
1.486913     1.08130000e-04
1.487409     7.79607000e-05
1.487905     1.59814000e-05
1.488401     4.86574000e-05
1.488897     6.55784000e-05
1.489393     9.07311000e-05
1.489890     2.74567000e-05
1.490386     9.62482000e-05
1.490883     2.22428000e-05
1.491380     6.85819000e-05
1.491877     1.71936000e-05
1.492374     5.47122000e-05
1.492872     2.59030000e-05
1.493369     4.75709000e-05
1.493867     5.71711000e-05
1.494365     5.47147000e-05
1.494863     2.44747000e-05
1.495362     7.38797000e-05
1.495860     2.52474000e-05
1.496359     5.45912000e-05
1.496857     1.89269000e-05
1.497356     9.33130000e-05
1.497856     6.46347000e-05
1.498355     8.78410000e-05
1.498854     7.45752000e-05
1.499354     8.37159000e-05
1.499854     6.44594000e-05
1.500354     3.06316000e-05
1.500854     1.19539000e-04
1.501354     3.28372000e-05
1.501855     4.66411000e-05
1.502355     1.96765000e-05
1.502856     2.15152000e-05
1.503357     7.95193000e-05
1.503858     2.02688000e-05
1.504359     1.12205000e-04
1.504861     1.36378000e-04
1.505362     2.09081000e-05
1.505864     2.67928000e-05
1.506366     1.47836000e-04
1.506868     8.26379000e-05
1.507370     6.82014000e-05
1.507873     2.48569000e-05
1.508376     1.05693000e-04
1.508878     1.00143000e-04
1.509381     8.04681000e-05
1.509884     1.31602000e-04
1.510388     1.03895000e-04
1.510891     4.40356000e-05
1.511395     9.73782000e-05
1.511899     7.03585000e-05
1.512403     3.73954000e-05
1.512907     6.19337000e-05
1.513411     7.00567000e-05
1.513916     2.99357000e-05
1.514420     6.50820000e-05
1.514925     8.31457000e-05
1.515430     4.26148000e-05
1.515935     7.11148000e-05
1.516440     2.90114000e-05
1.516946     3.92889000e-05
1.517452     4.59906000e-05
1.517957     1.11072000e-04
1.518463     4.16916000e-05
1.518969     1.81533000e-04
1.519476     1.07394000e-04
1.519982     1.07473000e-04
1.520489     7.75916000e-05
1.520996     1.69594000e-04
1.521503     1.41405000e-04
1.522010     2.88607000e-05
1.522517     6.80995000e-05
1.523025     4.35419000e-05
1.523532     7.59241000e-05
1.524040     1.43451000e-04
1.524548     5.67603000e-05
1.525057     2.90861000e-05
1.525565     4.26060000e-05
1.526073     2.78436000e-05
1.526582     8.92580000e-05
1.527091     2.66280000e-05
1.527600     1.33057000e-04
1.528109     1.15920000e-04
1.528619     1.70974000e-04
1.529128     1.02084000e-04
1.529638     1.14988000e-04
1.530148     7.69296000e-05
1.530658     1.51887000e-04
1.531168     7.84867000e-05
1.531678     4.68353000e-05
1.532189     1.98856000e-05
1.532700     1.58509000e-04
1.533211     1.52846000e-04
1.533722     9.38874000e-05
1.534233     5.83877000e-05
1.534744     8.96920000e-05
1.535256     5.84560000e-05
1.535768     5.36290000e-05
1.536279     4.62651000e-05
1.536792     1.70614000e-04
1.537304     2.48813000e-05
1.537816     8.82616000e-05
1.538329     5.25024000e-05
1.538842     1.75384000e-04
1.539355     1.05673000e-04
1.539868     1.66724000e-04
1.540381     1.06728000e-04
1.540894     5.65963000e-05
1.541408     9.51793000e-05
1.541922     6.24820000e-05
1.542436     9.39292000e-05
1.542950     6.60056000e-05
1.543464     6.15648000e-05
1.543979     2.00480000e-04
1.544493     4.95263000e-05
1.545008     2.10509000e-04
1.545523     1.52127000e-04
1.546039     7.06515000e-05
1.546554     7.28375000e-05
1.547069     9.06323000e-05
1.547585     8.86164000e-05
1.548101     1.01829000e-04
1.548617     6.80862000e-05
1.549133     9.24714000e-05
1.549650     1.73348000e-04
1.550166     1.70310000e-04
1.550683     1.45534000e-04
1.551200     1.39316000e-04
1.551717     1.55556000e-04
1.552234     1.10922000e-04
1.552751     1.14923000e-04
1.553269     8.54000000e-05
1.553787     1.10135000e-04
1.554305     1.70372000e-04
1.554823     1.14986000e-04
1.555341     3.90366000e-05
1.555860     1.00869000e-04
1.556378     1.62527000e-04
1.556897     9.33272000e-05
1.557416     1.32585000e-04
1.557935     1.44594000e-04
1.558454     1.36065000e-04
1.558974     7.92642000e-05
1.559493     7.65072000e-05
1.560013     1.49162000e-04
1.560533     1.16943000e-04
1.561053     4.75961000e-05
1.561574     1.73365000e-04
1.562094     1.47541000e-04
1.562615     9.35802000e-05
1.563136     4.54171000e-05
1.563657     1.16418000e-04
1.564178     1.01679000e-04
1.564700     1.36317000e-04
1.565221     1.16974000e-04
1.565743     5.76331000e-05
1.566265     1.07633000e-04
1.566787     1.66591000e-04
1.567309     6.41555000e-05
1.567832     1.60978000e-04
1.568354     2.21617000e-04
1.568877     1.61420000e-04
1.569400     1.82055000e-04
1.569923     4.42863000e-05
1.570446     1.92808000e-04
1.570970     1.36971000e-04
1.571494     1.71553000e-04
1.572017     1.27826000e-04
1.572541     1.18463000e-04
1.573066     1.96353000e-04
1.573590     4.49428000e-05
1.574114     8.13427000e-05
1.574639     1.22331000e-04
1.575164     8.56308000e-05
1.575689     2.49944000e-04
1.576214     8.30936000e-05
1.576740     1.69233000e-04
1.577265     6.60335000e-05
1.577791     1.86050000e-04
1.578317     1.15452000e-04
1.578843     9.24141000e-05
1.579369     1.49172000e-04
1.579896     6.95867000e-05
1.580422     9.37438000e-05
1.580949     1.39747000e-04
1.581476     1.53371000e-04
1.582003     8.57244000e-05
1.582531     2.07544000e-04
1.583058     1.18286000e-04
1.583586     6.65263000e-05
1.584114     9.92794000e-05
1.584642     1.69650000e-04
1.585170     9.26814000e-05
1.585698     1.21213000e-04
1.586227     2.44965000e-04
1.586756     1.41274000e-04
1.587285     2.64328000e-04
1.587814     1.96826000e-04
1.588343     1.30293000e-04
1.588872     2.11688000e-04
1.589402     7.93128000e-05
1.589932     1.16884000e-04
1.590462     1.47076000e-04
1.590992     6.36169000e-05
1.591522     1.70464000e-04
1.592053     1.38623000e-04
1.592584     1.12790000e-04
1.593114     1.80530000e-04
1.593645     1.72842000e-04
1.594177     1.82011000e-04
1.594708     2.31429000e-04
1.595240     1.71365000e-04
1.595771     1.43640000e-04
1.596303     1.10210000e-04
1.596835     1.34885000e-04
1.597368     1.34572000e-04
1.597900     1.82598000e-04
1.598433     1.30287000e-04
1.598966     2.76334000e-04
1.599499     1.46650000e-04
1.600032     1.19454000e-04
1.600565     4.81803000e-05
1.601099     2.46100000e-04
1.601632     1.74503000e-04
1.602166     1.83605000e-04
1.602700     1.81405000e-04
1.603234     2.72806000e-04
1.603769     2.75151000e-04
1.604303     7.70040000e-05
1.604838     1.50410000e-04
1.605373     2.35811000e-04
1.605908     2.64002000e-04
1.606444     1.27515000e-04
1.606979     1.25133000e-04
1.607515     2.29072000e-04
1.608051     1.95285000e-04
1.608587     1.92553000e-04
1.609123     1.28556000e-04
1.609659     2.11981000e-04
1.610196     2.43298000e-04
1.610732     6.93747000e-05
1.611269     2.03563000e-04
1.611806     3.14236000e-04
1.612344     2.38126000e-04
1.612881     2.21279000e-04
1.613419     2.20266000e-04
1.613957     1.71111000e-04
1.614495     1.82621000e-04
1.615033     1.79157000e-04
1.615571     1.19033000e-04
1.616110     1.54735000e-04
1.616648     1.36449000e-04
1.617187     1.89886000e-04
1.617726     2.03273000e-04
1.618266     2.86755000e-04
1.618805     2.07307000e-04
1.619345     2.26658000e-04
1.619884     2.08326000e-04
1.620424     2.44179000e-04
1.620964     1.76419000e-04
1.621505     1.67815000e-04
1.622045     1.91471000e-04
1.622586     1.90501000e-04
1.623127     2.17352000e-04
1.623668     2.12348000e-04
1.624209     2.01386000e-04
1.624750     2.67179000e-04
1.625292     2.18760000e-04
1.625834     2.23744000e-04
1.626376     1.65265000e-04
1.626918     2.36101000e-04
1.627460     3.06690000e-04
1.628003     2.70394000e-04
1.628545     2.67711000e-04
1.629088     1.59290000e-04
1.629631     2.90549000e-04
1.630174     2.55381000e-04
1.630718     1.23195000e-04
1.631261     1.07325000e-04
1.631805     2.73943000e-04
1.632349     2.46510000e-04
1.632893     1.55334000e-04
1.633438     3.28580000e-04
1.633982     1.43868000e-04
1.634527     1.35042000e-04
1.635071     1.53088000e-04
1.635617     2.64832000e-04
1.636162     1.11023000e-04
1.636707     2.65549000e-04
1.637253     2.58617000e-04
1.637798     2.96995000e-04
1.638344     2.66275000e-04
1.638890     3.25387000e-04
1.639437     2.65360000e-04
1.639983     1.93835000e-04
1.640530     2.25583000e-04
1.641077     2.63740000e-04
1.641624     1.91888000e-04
1.642171     2.77184000e-04
1.642718     1.23290000e-04
1.643266     2.83344000e-04
1.643814     3.01430000e-04
1.644362     3.10123000e-04
1.644910     3.53227000e-04
1.645458     1.00766000e-04
1.646007     2.68338000e-04
1.646555     2.82296000e-04
1.647104     2.05266000e-04
1.647653     3.11921000e-04
1.648202     1.19565000e-04
1.648752     3.05090000e-04
1.649301     3.18046000e-04
1.649851     2.00311000e-04
1.650401     3.03678000e-04
1.650951     2.77440000e-04
1.651501     3.25977000e-04
1.652052     3.09774000e-04
1.652603     3.36140000e-04
1.653154     3.44934000e-04
1.653705     2.83055000e-04
1.654256     3.19616000e-04
1.654807     2.41425000e-04
1.655359     2.36727000e-04
1.655911     2.92059000e-04
1.656463     1.75634000e-04
1.657015     2.72327000e-04
1.657567     1.12688000e-04
1.658120     3.42995000e-04
1.658672     3.13120000e-04
1.659225     2.60344000e-04
1.659778     1.17716000e-04
1.660332     2.88304000e-04
1.660885     1.98486000e-04
1.661439     2.82178000e-04
1.661992     1.86709000e-04
1.662546     1.58799000e-04
1.663101     2.26464000e-04
1.663655     3.36771000e-04
1.664210     1.39464000e-04
1.664764     1.65048000e-04
1.665319     3.04415000e-04
1.665874     3.61546000e-04
1.666430     1.80263000e-04
1.666985     3.21574000e-04
1.667541     2.71710000e-04
1.668097     1.57434000e-04
1.668653     1.61180000e-04
1.669209     2.76060000e-04
1.669765     2.86277000e-04
1.670322     1.94159000e-04
1.670879     2.85014000e-04
1.671436     3.18447000e-04
1.671993     2.59067000e-04
1.672550     2.76656000e-04
1.673108     3.19430000e-04
1.673665     2.96404000e-04
1.674223     3.00720000e-04
1.674781     3.47628000e-04
1.675339     3.61786000e-04
1.675898     3.02842000e-04
1.676457     1.21760000e-04
1.677015     2.23965000e-04
1.677574     2.84778000e-04
1.678134     3.20669000e-04
1.678693     2.92243000e-04
1.679252     2.54306000e-04
1.679812     3.14577000e-04
1.680372     4.03594000e-04
1.680932     4.05497000e-04
1.681493     3.54858000e-04
1.682053     3.69290000e-04
1.682614     2.23576000e-04
1.683175     1.72780000e-04
1.683736     3.85827000e-04
1.684297     2.53919000e-04
1.684858     3.18959000e-04
1.685420     3.49160000e-04
1.685982     3.58382000e-04
1.686544     2.93408000e-04
1.687106     3.40575000e-04
1.687668     3.29702000e-04
1.688231     1.59796000e-04
1.688794     3.20249000e-04
1.689357     2.04387000e-04
1.689920     3.01841000e-04
1.690483     3.52181000e-04
1.691047     1.32441000e-04
1.691610     3.68023000e-04
1.692174     1.86367000e-04
1.692738     2.61633000e-04
1.693302     3.64903000e-04
1.693867     1.86194000e-04
1.694431     1.41889000e-04
1.694996     1.83968000e-04
1.695561     3.80677000e-04
1.696126     1.76092000e-04
1.696692     2.57468000e-04
1.697257     2.12307000e-04
1.697823     1.07139000e-04
1.698389     3.75825000e-04
1.698955     3.51370000e-04
1.699522     3.62660000e-04
1.700088     3.09755000e-04
1.700655     1.87027000e-04
1.701222     3.15035000e-04
1.701789     3.73872000e-04
1.702356     3.00110000e-04
1.702923     2.86462000e-04
1.703491     3.79980000e-04
1.704059     3.27391000e-04
1.704627     1.60333000e-04
1.705195     2.85449000e-04
1.705763     2.94510000e-04
1.706332     3.59219000e-04
1.706901     5.13113000e-05
1.707470     3.13400000e-04
1.708039     2.46945000e-04
1.708608     3.85371000e-05
1.709178     2.48635000e-04
1.709748     3.62530000e-04
1.710317     3.82053000e-04
1.710888     2.07692000e-04
1.711458     1.99801000e-04
1.712028     3.80041000e-04
1.712599     4.16851000e-04
1.713170     3.45756000e-05
1.713741     1.11914000e-04
1.714312     4.22151000e-05
1.714884     2.13120000e-04
1.715455     2.87777000e-04
1.716027     3.24707000e-04
1.716599     1.74712000e-04
1.717171     2.29533000e-04
1.717744     6.00634000e-05
1.718316     2.81671000e-04
1.718889     2.63446000e-04
1.719462     2.11304000e-04
1.720035     1.67793000e-04
1.720609     2.37710000e-04
1.721182     1.07619000e-04
1.721756     2.47014000e-04
1.722330     9.82297000e-05
1.722904     8.93320000e-05
1.723478     3.43109000e-04
1.724053     1.85197000e-04
1.724627     1.00441000e-04
1.725202     2.18730000e-04
1.725777     1.84395000e-04
1.726352     1.90056000e-04
1.726928     1.90273000e-04
1.727504     3.28930000e-04
1.728079     4.91910000e-05
1.728655     2.29948000e-04
1.729232     2.05138000e-04
1.729808     1.29591000e-04
1.730385     2.99213000e-04
1.730961     4.13543000e-04
1.731538     3.92458000e-04
1.732116     2.17106000e-04
1.732693     2.91449000e-04
1.733271     1.98510000e-04
1.733848     3.54867000e-04
1.734426     2.04748000e-04
1.735004     5.75957000e-05
1.735583     2.34546000e-04
1.736161     1.69247000e-04
1.736740     1.35660000e-04
1.737319     2.37420000e-04
1.737898     7.05456000e-05
1.738477     3.87819000e-05
1.739057     3.35372000e-04
1.739637     3.87816000e-04
1.740216     2.49322000e-04
1.740796     1.35489000e-04
1.741377     1.10532000e-04
1.741957     1.32685000e-04
1.742538     1.92314000e-04
1.743119     2.11367000e-04
1.743700     1.09014000e-04
1.744281     9.83755000e-05
1.744862     1.91350000e-04
1.745444     2.41369000e-04
1.746026     5.51846000e-05
1.746608     7.51851000e-05
1.747190     3.98611000e-05
1.747772     1.64578000e-04
1.748355     1.64648000e-04
1.748938     2.50447000e-04
1.749521     6.55763000e-05
1.750104     2.32196000e-04
1.750687     4.88490000e-05
1.751271     3.43860000e-04
1.751855     2.03895000e-04
1.752439     1.81469000e-04
1.753023     2.66034000e-04
1.753607     2.45785000e-04
1.754192     1.13146000e-04
1.754776     2.81854000e-04
1.755361     2.89712000e-04
1.755946     1.49746000e-04
1.756532     5.14312000e-05
1.757117     1.80474000e-04
1.757703     2.25168000e-04
1.758289     1.66456000e-04
1.758875     2.23648000e-04
1.759461     1.30774000e-04
1.760048     5.29299000e-05
1.760634     1.78123000e-04
1.761221     2.73960000e-04
1.761808     2.58524000e-04
1.762396     3.19842000e-04
1.762983     1.83941000e-04
1.763571     2.57881000e-04
1.764159     1.53814000e-04
1.764747     1.72284000e-04
1.765335     1.08777000e-04
1.765923     1.96026000e-04
1.766512     2.78458000e-04
1.767101     7.41681000e-05
1.767690     7.92576000e-05
1.768279     1.17531000e-04
1.768869     2.72798000e-04
1.769458     1.31121000e-04
1.770048     2.60941000e-04
1.770638     2.32417000e-04
1.771228     2.31935000e-04
1.771819     2.56334000e-04
1.772409     9.90018000e-05
1.773000     1.21352000e-04
1.773591     1.70039000e-04
1.774182     1.35215000e-04
1.774774     8.42392000e-05
1.775365     1.38024000e-04
1.775957     1.16334000e-04
1.776549     1.14684000e-04
1.777141     1.30126000e-04
1.777734     2.43717000e-04
1.778326     1.52408000e-04
1.778919     1.67342000e-04
1.779512     6.78209000e-05
1.780105     2.50084000e-04
1.780698     2.44270000e-04
1.781292     2.18822000e-04
1.781886     8.65374000e-05
1.782480     6.35177000e-05
1.783074     2.80853000e-04
1.783668     7.91647000e-05
1.784263     5.59132000e-05
1.784857     9.94050000e-05
1.785452     1.04195000e-04
1.786048     5.08745000e-05
1.786643     4.60604000e-05
1.787238     4.89924000e-05
1.787834     9.03179000e-05
1.788430     2.93982000e-04
1.789026     1.55354000e-04
1.789623     7.97106000e-05
1.790219     1.77256000e-04
1.790816     8.76125000e-05
1.791413     3.24171000e-05
1.792010     1.34729000e-04
1.792607     1.26637000e-04
1.793205     7.61314000e-05
1.793803     2.14266000e-04
1.794401     1.63788000e-04
1.794999     5.71527000e-05
1.795597     2.67415000e-04
1.796196     7.81635000e-05
1.796794     2.70258000e-04
1.797393     2.87343000e-04
1.797992     3.53093000e-04
1.798592     2.08503000e-04
1.799191     8.75520000e-05
1.799791     8.86843000e-05
1.800391     1.89187000e-04
1.800991     3.59938000e-05
1.801591     1.30796000e-04
1.802192     9.37136000e-05
1.802793     6.70941000e-05
1.803394     1.87145000e-04
1.803995     1.23827000e-04
1.804596     9.53624000e-05
1.805198     6.80820000e-05
1.805799     1.59754000e-04
1.806401     8.91094000e-05
1.807003     1.45566000e-04
1.807606     3.79554000e-05
1.808208     5.41997000e-05
1.808811     6.39086000e-05
1.809414     2.96622000e-04
1.810017     1.14981000e-04
1.810620     6.58950000e-05
1.811224     2.71766000e-05
1.811828     3.18781000e-04
1.812432     2.18411000e-04
1.813036     2.44490000e-04
1.813640     7.58276000e-05
1.814245     6.93482000e-05
1.814849     2.13031000e-04
1.815454     2.43179000e-04
1.816059     1.65172000e-04
1.816665     1.53976000e-04
1.817270     1.10769000e-04
1.817876     9.76067000e-05
1.818482     1.44199000e-04
1.819088     2.25629000e-04
1.819695     5.64305000e-05
1.820301     5.59678000e-05
1.820908     2.25499000e-04
1.821515     8.90713000e-05
1.822122     4.97304000e-05
1.822729     1.38432000e-04
1.823337     1.90820000e-04
1.823945     1.60984000e-04
1.824553     7.24851000e-05
1.825161     2.23976000e-04
1.825769     2.26736000e-04
1.826378     3.18002000e-05
1.826987     1.13337000e-04
1.827596     1.66813000e-04
1.828205     2.03063000e-04
1.828814     8.06442000e-05
1.829424     2.35857000e-04
1.830034     2.43038000e-04
1.830644     3.45853000e-05
1.831254     8.13268000e-05
1.831864     1.79738000e-04
1.832475     1.68194000e-04
1.833086     1.13223000e-04
1.833697     2.01380000e-04
1.834308     2.77377000e-04
1.834920     7.47668000e-05
1.835531     6.03967000e-05
1.836143     8.12950000e-05
1.836755     7.65044000e-05
1.837367     1.09690000e-04
1.837980     1.17874000e-04
1.838592     6.92916000e-05
1.839205     9.40502000e-05
1.839818     1.09132000e-04
1.840432     6.92709000e-05
1.841045     2.27076000e-04
1.841659     2.39703000e-04
1.842273     2.06362000e-04
1.842887     1.64036000e-04
1.843501     1.49420000e-04
1.844116     5.19294000e-05
1.844730     2.35200000e-04
1.845345     6.93055000e-05
1.845960     8.86884000e-05
1.846576     1.07379000e-04
1.847191     1.74257000e-04
1.847807     1.66001000e-04
1.848423     1.30114000e-04
1.849039     1.84401000e-04
1.849655     5.85012000e-05
1.850272     7.65564000e-05
1.850889     8.47222000e-05
1.851506     9.66008000e-05
1.852123     2.39363000e-04
1.852740     1.26524000e-04
1.853358     7.99942000e-05
1.853975     1.37769000e-04
1.854593     2.23392000e-04
1.855212     2.47855000e-04
1.855830     1.99268000e-04
1.856449     7.58937000e-05
1.857068     1.80305000e-04
1.857687     1.73662000e-04
1.858306     1.54940000e-04
1.858925     1.25620000e-04
1.859545     1.75975000e-04
1.860165     1.16054000e-04
1.860785     1.78377000e-04
1.861405     3.79414000e-05
1.862025     1.32948000e-04
1.862646     1.05376000e-04
1.863267     6.58521000e-05
1.863888     1.96038000e-04
1.864509     1.85103000e-04
1.865131     4.23514000e-05
1.865753     8.17011000e-05
1.866375     1.43147000e-04
1.866997     1.77568000e-04
1.867619     1.59203000e-04
1.868242     2.87134000e-05
1.868864     1.28864000e-04
1.869487     1.59283000e-04
1.870110     4.61778000e-05
1.870734     2.07373000e-04
1.871357     1.92727000e-04
1.871981     2.05745000e-04
1.872605     2.32684000e-04
1.873229     1.62027000e-04
1.873854     1.43045000e-04
1.874478     1.65200000e-04
1.875103     1.26119000e-04
1.875728     2.51573000e-04
1.876353     5.39047000e-05
1.876979     1.45106000e-04
1.877605     1.09108000e-04
1.878230     2.28126000e-04
1.878857     7.76768000e-05
1.879483     5.38644000e-05
1.880109     9.81692000e-05
1.880736     2.73263000e-04
1.881363     1.30745000e-04
1.881990     9.81865000e-05
1.882617     2.50321000e-04
1.883245     1.41663000e-04
1.883873     2.50199000e-04
1.884501     2.32207000e-04
1.885129     1.32298000e-04
1.885757     2.13052000e-04
1.886386     2.51803000e-04
1.887015     1.45698000e-04
1.887644     1.47253000e-04
1.888273     3.07034000e-04
1.888902     1.01005000e-04
1.889532     2.56967000e-04
1.890162     1.96770000e-04
1.890792     1.84763000e-04
1.891422     2.61152000e-04
1.892052     1.83300000e-04
1.892683     2.16751000e-04
1.893314     1.37682000e-04
1.893945     1.23784000e-04
1.894576     1.49743000e-04
1.895208     9.54643000e-05
1.895840     1.54581000e-04
1.896472     1.33659000e-04
1.897104     1.82233000e-04
1.897736     1.67017000e-04
1.898369     1.00789000e-04
1.899002     1.02436000e-04
1.899635     1.83332000e-04
1.900268     1.29043000e-04
1.900901     9.39082000e-05
1.901535     1.63146000e-04
1.902169     2.60904000e-04
1.902803     2.34619000e-04
1.903437     9.04181000e-05
1.904071     6.32252000e-05
1.904706     1.12142000e-04
1.905341     6.76918000e-05
1.905976     1.54187000e-04
1.906611     9.73372000e-05
1.907247     9.44883000e-05
1.907883     2.09874000e-04
1.908519     1.16297000e-04
1.909155     1.22041000e-04
1.909791     2.65618000e-04
1.910428     2.31163000e-04
1.911065     1.74291000e-04
1.911702     7.93186000e-05
1.912339     9.27839000e-05
1.912976     2.56563000e-04
1.913614     1.03700000e-04
1.914252     8.11490000e-05
1.914890     1.37513000e-04
1.915528     1.03232000e-04
1.916167     3.66693000e-05
1.916806     1.53732000e-04
1.917444     1.24706000e-04
1.918084     6.80145000e-05
1.918723     1.11301000e-04
1.919363     2.39937000e-04
1.920002     1.52785000e-04
1.920642     1.11123000e-04
1.921283     3.03919000e-04
1.921923     1.57928000e-04
1.922564     1.07694000e-04
1.923204     2.60421000e-04
1.923846     1.91669000e-04
1.924487     7.84189000e-05
1.925128     1.36195000e-04
1.925770     1.47506000e-04
1.926412     1.20590000e-04
1.927054     2.35618000e-04
1.927696     1.16746000e-04
1.928339     2.80139000e-04
1.928982     2.08057000e-04
1.929625     2.93540000e-04
1.930268     4.02829000e-05
1.930911     7.05442000e-05
1.931555     1.54927000e-04
1.932199     2.84563000e-04
1.932843     8.00039000e-05
1.933487     6.02471000e-05
1.934132     2.19040000e-04
1.934776     2.47802000e-04
1.935421     2.94485000e-04
1.936067     2.57253000e-04
1.936712     8.46755000e-05
1.937357     1.09434000e-04
1.938003     4.21745000e-05
1.938649     1.29354000e-04
1.939295     2.15606000e-04
1.939942     2.54499000e-04
1.940589     1.10393000e-04
1.941235     1.25077000e-04
1.941882     1.28329000e-04
1.942530     7.86318000e-05
1.943177     6.00907000e-05
1.943825     1.85196000e-04
1.944473     1.43008000e-04
1.945121     8.36226000e-05
1.945769     1.35258000e-04
1.946418     9.28006000e-05
1.947067     2.13270000e-04
1.947716     1.05268000e-04
1.948365     1.43426000e-04
1.949015     1.13898000e-04
1.949664     2.49561000e-04
1.950314     1.68191000e-04
1.950964     2.24277000e-04
1.951615     6.50259000e-05
1.952265     1.65769000e-04
1.952916     1.78808000e-04
1.953567     2.10039000e-04
1.954218     7.41222000e-05
1.954869     2.05569000e-04
1.955521     1.57775000e-04
1.956173     9.04187000e-05
1.956825     2.68208000e-04
1.957477     1.07552000e-04
1.958130     1.92131000e-04
1.958782     2.75396000e-04
1.959435     1.40044000e-04
1.960089     2.55401000e-04
1.960742     1.22204000e-04
1.961395     2.13729000e-04
1.962049     1.32266000e-04
1.962703     2.28370000e-04
1.963358     6.89178000e-05
1.964012     2.40826000e-04
1.964667     9.43130000e-05
1.965322     1.60639000e-04
1.965977     1.76649000e-04
1.966632     7.92375000e-05
1.967288     1.95923000e-04
1.967943     4.19175000e-05
1.968599     1.13645000e-04
1.969255     2.93162000e-04
1.969912     3.13257000e-04
1.970569     2.93071000e-04
1.971225     2.16734000e-04
1.971882     1.22843000e-04
1.972540     2.56849000e-04
1.973197     7.20353000e-05
1.973855     1.63772000e-04
1.974513     3.19720000e-04
1.975171     2.82738000e-04
1.975829     2.38854000e-04
1.976488     6.98673000e-05
1.977147     1.03015000e-04
1.977806     1.03184000e-04
1.978465     2.79510000e-04
1.979125     1.79435000e-04
1.979784     3.04516000e-04
1.980444     8.42816000e-05
1.981105     9.19044000e-05
1.981765     8.86971000e-05
1.982425     9.38213000e-05
1.983086     1.34773000e-04
1.983747     3.39075000e-04
1.984409     1.51578000e-04
1.985070     1.86635000e-04
1.985732     1.05269000e-04
1.986394     1.32979000e-04
1.987056     2.32960000e-04
1.987718     1.34575000e-04
1.988381     1.70675000e-04
1.989043     1.08141000e-04
1.989707     8.11329000e-05
1.990370     8.14920000e-05
1.991033     2.98280000e-04
1.991697     1.54503000e-04
1.992361     3.68284000e-04
1.993025     4.03707000e-04
1.993689     1.24753000e-04
1.994354     1.75099000e-04
1.995019     9.32983000e-05
1.995684     2.79266000e-04
1.996349     2.47874000e-04
1.997014     1.11528000e-04
1.997680     1.12440000e-04
1.998346     1.71509000e-04
1.999012     2.42426000e-04
1.999678     1.00739000e-04
2.000345     2.29990000e-04
2.001012     8.08150000e-05
2.001679     1.95687000e-04
2.002346     1.13228000e-04
2.003013     2.74447000e-04
2.003681     3.40458000e-04
2.004349     7.04047000e-05
2.005017     2.62123000e-04
2.005685     3.14502000e-04
2.006354     1.31742000e-04
2.007023     1.93419000e-04
2.007692     1.61576000e-04
2.008361     2.96192000e-04
2.009030     3.70248000e-04
2.009700     1.37392000e-04
2.010370     2.52732000e-04
2.011040     1.68442000e-04
2.011710     1.71228000e-04
2.012381     1.97164000e-04
2.013052     1.33496000e-04
2.013723     1.75355000e-04
2.014394     1.72965000e-04
2.015065     1.28047000e-04
2.015737     1.36831000e-04
2.016409     2.57248000e-04
2.017081     8.68736000e-05
2.017754     2.29227000e-04
2.018426     2.60019000e-04
2.019099     3.47905000e-04
2.019772     1.07005000e-04
2.020445     2.02779000e-04
2.021119     1.75611000e-04
2.021792     1.50918000e-04
2.022466     2.92303000e-04
2.023141     2.83900000e-04
2.023815     3.87038000e-04
2.024490     1.89739000e-04
2.025164     3.51237000e-04
2.025839     1.58063000e-04
2.026515     3.08304000e-04
2.027190     2.18371000e-04
2.027866     1.01074000e-04
2.028542     3.62663000e-04
2.029218     7.47660000e-05
2.029894     1.58173000e-04
2.030571     1.19045000e-04
2.031248     1.14914000e-04
2.031925     1.50720000e-04
2.032602     3.02559000e-04
2.033280     3.50700000e-04
2.033958     2.06201000e-04
2.034636     1.84491000e-04
2.035314     2.30851000e-04
2.035992     1.88069000e-04
2.036671     3.75450000e-04
2.037350     1.25179000e-04
2.038029     1.64291000e-04
2.038708     2.02360000e-04
2.039388     1.50760000e-04
2.040068     9.53249000e-05
2.040748     1.25677000e-04
2.041428     1.54558000e-04
2.042108     2.13489000e-04
2.042789     4.15567000e-04
2.043470     3.10663000e-04
2.044151     2.35186000e-04
2.044833     2.55849000e-04
2.045514     2.64965000e-04
2.046196     2.87540000e-04
2.046878     2.42502000e-04
2.047560     1.45327000e-04
2.048243     4.05327000e-04
2.048926     1.38625000e-04
2.049609     3.01335000e-04
2.050292     2.18690000e-04
2.050975     2.82173000e-04
2.051659     1.74134000e-04
2.052343     3.46785000e-04
2.053027     3.67523000e-04
2.053711     2.90633000e-04
2.054396     1.69251000e-04
2.055081     3.77688000e-04
2.055766     2.45310000e-04
2.056451     2.87632000e-04
2.057136     3.11409000e-04
2.057822     2.78071000e-04
2.058508     3.03892000e-04
2.059194     2.92903000e-04
2.059881     1.46960000e-04
2.060567     3.45572000e-04
2.061254     2.59153000e-04
2.061941     2.93604000e-04
2.062629     4.16364000e-04
2.063316     3.71574000e-04
2.064004     1.99684000e-04
2.064692     3.88554000e-04
2.065380     1.45836000e-04
2.066069     3.06392000e-04
2.066757     4.26141000e-04
2.067446     3.47120000e-04
2.068135     3.86497000e-04
2.068825     1.16071000e-04
2.069514     2.10762000e-04
2.070204     3.62195000e-04
2.070894     2.70790000e-04
2.071584     3.64096000e-04
2.072275     2.78341000e-04
2.072966     3.31721000e-04
2.073657     2.01556000e-04
2.074348     2.56287000e-04
2.075039     2.23152000e-04
2.075731     1.19494000e-04
2.076423     3.81377000e-04
2.077115     1.93393000e-04
2.077808     1.50731000e-04
2.078500     3.99265000e-04
2.079193     2.11469000e-04
2.079886     4.09484000e-04
2.080579     3.26565000e-04
2.081273     3.19836000e-04
2.081967     3.69795000e-04
2.082661     3.05191000e-04
2.083355     1.49285000e-04
2.084049     3.43980000e-04
2.084744     2.13513000e-04
2.085439     3.27850000e-04
2.086134     2.63827000e-04
2.086829     1.94182000e-04
2.087525     1.44911000e-04
2.088221     3.74057000e-04
2.088917     2.41066000e-04
2.089613     3.74430000e-04
2.090310     2.03644000e-04
2.091007     2.18098000e-04
2.091704     3.01813000e-04
2.092401     5.02950000e-04
2.093098     4.09079000e-04
2.093796     3.35415000e-04
2.094494     4.10624000e-04
2.095192     2.94341000e-04
2.095890     3.47363000e-04
2.096589     4.31529000e-04
2.097288     3.30200000e-04
2.097987     2.75413000e-04
2.098686     2.94153000e-04
2.099386     2.45555000e-04
2.100086     1.93409000e-04
2.100786     4.35688000e-04
2.101486     1.14794000e-04
2.102186     2.58942000e-04
2.102887     4.95726000e-04
2.103588     4.03948000e-04
2.104289     4.41547000e-04
2.104991     3.03384000e-04
2.105692     5.31475000e-04
2.106394     4.59881000e-04
2.107096     4.22554000e-04
2.107799     3.62309000e-04
2.108501     2.49892000e-04
2.109204     2.71315000e-04
2.109907     1.76742000e-04
2.110611     2.67760000e-04
2.111314     4.48647000e-04
2.112018     3.15092000e-04
2.112722     4.42141000e-04
2.113426     4.95943000e-04
2.114131     4.69970000e-04
2.114835     3.90159000e-04
2.115540     3.52098000e-04
2.116246     4.33362000e-04
2.116951     1.60568000e-04
2.117657     3.98844000e-04
2.118362     4.34958000e-04
2.119069     2.72042000e-04
2.119775     5.25716000e-04
2.120482     3.79524000e-04
2.121188     4.34351000e-04
2.121895     2.28034000e-04
2.122603     4.05083000e-04
2.123310     3.86926000e-04
2.124018     4.02853000e-04
2.124726     3.61585000e-04
2.125434     4.21357000e-04
2.126143     2.84055000e-04
2.126851     3.69012000e-04
2.127560     2.18890000e-04
2.128270     5.35892000e-04
2.128979     3.05559000e-04
2.129689     4.47461000e-04
2.130399     3.74066000e-04
2.131109     4.77000000e-04
2.131819     3.57636000e-04
2.132530     4.91813000e-04
2.133241     4.48785000e-04
2.133952     5.23246000e-04
2.134663     4.14550000e-04
2.135374     3.37547000e-04
2.136086     4.64212000e-04
2.136798     5.36878000e-04
2.137511     4.13476000e-04
2.138223     4.54081000e-04
2.138936     5.07519000e-04
2.139649     3.04838000e-04
2.140362     3.88680000e-04
2.141075     5.17527000e-04
2.141789     3.29724000e-04
2.142503     4.40438000e-04
2.143217     5.30390000e-04
2.143932     5.06210000e-04
2.144646     4.90563000e-04
2.145361     5.43359000e-04
2.146076     4.86408000e-04
2.146792     4.53285000e-04
2.147507     3.97744000e-04
2.148223     5.59847000e-04
2.148939     4.60203000e-04
2.149655     3.60382000e-04
2.150372     3.58740000e-04
2.151089     3.51419000e-04
2.151806     3.98641000e-04
2.152523     4.30977000e-04
2.153241     4.03750000e-04
2.153958     3.20351000e-04
2.154676     4.23823000e-04
2.155395     3.75511000e-04
2.156113     4.08604000e-04
2.156832     2.33112000e-04
2.157551     4.95510000e-04
2.158270     5.33940000e-04
2.158989     2.38415000e-04
2.159709     5.00923000e-04
2.160429     3.39903000e-04
2.161149     4.91168000e-04
2.161869     5.15496000e-04
2.162590     5.14535000e-04
2.163311     5.42714000e-04
2.164032     3.55002000e-04
2.164753     5.08881000e-04
2.165475     2.77901000e-04
2.166197     5.18266000e-04
2.166919     3.02417000e-04
2.167641     5.43285000e-04
2.168364     5.41258000e-04
2.169086     5.68208000e-04
2.169809     4.66388000e-04
2.170533     3.76641000e-04
2.171256     4.16113000e-04
2.171980     3.96402000e-04
2.172704     5.39623000e-04
2.173428     2.69385000e-04
2.174153     5.40497000e-04
2.174877     4.52780000e-04
2.175602     4.30116000e-04
2.176328     4.69287000e-04
2.177053     4.20223000e-04
2.177779     3.73880000e-04
2.178505     4.67439000e-04
2.179231     4.89265000e-04
2.179957     5.52214000e-04
2.180684     3.97066000e-04
2.181411     5.54516000e-04
2.182138     5.80248000e-04
2.182865     3.50277000e-04
2.183593     4.57987000e-04
2.184321     4.57182000e-04
2.185049     5.92451000e-04
2.185777     4.51230000e-04
2.186506     5.43727000e-04
2.187235     5.19496000e-04
2.187964     3.33726000e-04
2.188693     5.21619000e-04
2.189423     2.35365000e-04
2.190152     5.22175000e-04
2.190882     5.87265000e-04
2.191613     5.54814000e-04
2.192343     4.13460000e-04
2.193074     4.70020000e-04
2.193805     6.01169000e-04
2.194536     5.25954000e-04
2.195268     4.84375000e-04
2.196000     4.39676000e-04
2.196732     5.83517000e-04
2.197464     1.89255000e-04
2.198196     5.52669000e-04
2.198929     4.23713000e-04
2.199662     5.62277000e-04
2.200395     5.63776000e-04
2.201129     5.70689000e-04
2.201862     4.08930000e-04
2.202596     4.92862000e-04
2.203331     2.95361000e-04
2.204065     3.33216000e-04
2.204800     5.08422000e-04
2.205535     4.92374000e-04
2.206270     5.46592000e-04
2.207005     5.66730000e-04
2.207741     5.88309000e-04
2.208477     5.50835000e-04
2.209213     6.25814000e-04
2.209949     5.52455000e-04
2.210686     4.17171000e-04
2.211423     5.23171000e-04
2.212160     5.59015000e-04
2.212898     5.90455000e-04
2.213635     5.95026000e-04
2.214373     4.01282000e-04
2.215111     5.73754000e-04
2.215850     5.45193000e-04
2.216588     5.30711000e-04
2.217327     3.93098000e-04
2.218066     5.97723000e-04
2.218805     5.60382000e-04
2.219545     5.20953000e-04
2.220285     4.97197000e-04
2.221025     5.08479000e-04
2.221765     1.64353000e-04
2.222506     4.75736000e-04
2.223247     1.61159000e-04
2.223988     3.77527000e-04
2.224729     5.74321000e-04
2.225471     5.59585000e-04
2.226213     2.03850000e-04
2.226955     4.37612000e-04
2.227697     5.60453000e-04
2.228440     4.55235000e-04
2.229182     5.74698000e-04
2.229925     5.36793000e-04
2.230669     6.11263000e-04
2.231412     5.38705000e-04
2.232156     6.10341000e-04
2.232900     1.75071000e-04
2.233644     5.13301000e-04
2.234389     2.15778000e-04
2.235134     5.63891000e-04
2.235879     3.89112000e-04
2.236624     5.66261000e-04
2.237370     6.08695000e-04
2.238115     5.00175000e-04
2.238862     5.39788000e-04
2.239608     4.26797000e-04
2.240354     4.48378000e-04
2.241101     3.93919000e-04
2.241848     2.71040000e-04
2.242595     5.51058000e-04
2.243343     5.81271000e-04
2.244091     6.16382000e-04
2.244839     4.66871000e-04
2.245587     5.92755000e-04
2.246336     4.50449000e-04
2.247084     5.59670000e-04
2.247833     2.98769000e-04
2.248583     3.46467000e-04
2.249332     4.77588000e-04
2.250082     4.98212000e-04
2.250832     4.08013000e-04
2.251582     6.25579000e-04
2.252333     3.43117000e-04
2.253084     6.05642000e-04
2.253835     5.06588000e-04
2.254586     2.84967000e-04
2.255337     4.87612000e-04
2.256089     6.16777000e-04
2.256841     5.65972000e-04
2.257594     5.35540000e-04
2.258346     2.26764000e-04
2.259099     6.21572000e-04
2.259852     5.52338000e-04
2.260605     5.85246000e-04
2.261359     3.90457000e-04
2.262112     5.35220000e-04
2.262866     6.12488000e-04
2.263621     5.48378000e-04
2.264375     5.68663000e-04
2.265130     6.09325000e-04
2.265885     6.41672000e-04
2.266640     5.31791000e-04
2.267396     5.32482000e-04
2.268152     5.66804000e-04
2.268908     4.92926000e-04
2.269664     6.06486000e-04
2.270421     1.35728000e-04
2.271178     5.15154000e-04
2.271935     5.40245000e-04
2.272692     5.41202000e-04
2.273449     4.94807000e-04
2.274207     5.90876000e-04
2.274965     6.49347000e-04
2.275724     6.12470000e-04
2.276482     6.09105000e-04
2.277241     5.58161000e-04
2.278000     5.87987000e-04
2.278759     5.25729000e-04
2.279519     6.03395000e-04
2.280279     4.75822000e-04
2.281039     2.09407000e-04
2.281799     5.19134000e-04
2.282560     4.86015000e-04
2.283321     2.66031000e-04
2.284082     5.44893000e-04
2.284843     6.00141000e-04
2.285605     6.21684000e-04
2.286367     5.15779000e-04
2.287129     5.58995000e-04
2.287891     5.31395000e-04
2.288654     1.72837000e-04
2.289417     5.79056000e-04
2.290180     3.65829000e-04
2.290943     6.36089000e-04
2.291707     5.09516000e-04
2.292471     6.38830000e-04
2.293235     5.71064000e-04
2.293999     4.41645000e-04
2.294764     5.04872000e-04
2.295529     5.07205000e-04
2.296294     2.74175000e-04
2.297060     6.27947000e-04
2.297825     3.73722000e-04
2.298591     5.21273000e-04
2.299357     5.71566000e-04
2.300124     5.51466000e-04
2.300891     5.73415000e-04
2.301658     4.42415000e-04
2.302425     5.90483000e-04
2.303192     4.57255000e-04
2.303960     4.62865000e-04
2.304728     3.30059000e-04
2.305496     2.55129000e-04
2.306265     6.12481000e-04
2.307033     5.84808000e-04
2.307802     3.09837000e-04
2.308572     6.08363000e-04
2.309341     5.87574000e-04
2.310111     3.17643000e-04
2.310881     5.97684000e-04
2.311651     1.51793000e-04
2.312422     2.84630000e-04
2.313193     5.54177000e-04
2.313964     3.42940000e-04
2.314735     4.15898000e-04
2.315507     5.92387000e-04
2.316279     2.72223000e-04
2.317051     4.01151000e-04
2.317823     4.14005000e-04
2.318596     5.35238000e-04
2.319368     4.94660000e-04
2.320142     6.11589000e-04
2.320915     5.70778000e-04
2.321689     5.88230000e-04
2.322462     3.53081000e-04
2.323237     4.57626000e-04
2.324011     2.10793000e-04
2.324786     4.67965000e-04
2.325561     5.59126000e-04
2.326336     4.03934000e-04
2.327111     4.01413000e-04
2.327887     3.28630000e-04
2.328663     3.70423000e-04
2.329439     5.49174000e-04
2.330216     2.77515000e-04
2.330992     5.11244000e-04
2.331769     5.06956000e-04
2.332547     4.94799000e-04
2.333324     5.64087000e-04
2.334102     5.78217000e-04
2.334880     3.62974000e-04
2.335658     2.74717000e-04
2.336437     6.01449000e-04
2.337216     4.03752000e-04
2.337995     4.55887000e-04
2.338774     3.25221000e-04
2.339554     5.79497000e-04
2.340333     4.54542000e-04
2.341114     4.38810000e-04
2.341894     2.85693000e-04
2.342675     4.89104000e-04
2.343455     5.14957000e-04
2.344237     5.54180000e-04
2.345018     3.26027000e-04
2.345800     6.64907000e-04
2.346582     5.91131000e-04
2.347364     6.04415000e-04
2.348146     4.25520000e-04
2.348929     6.62321000e-04
2.349712     1.26303000e-04
2.350495     6.16134000e-04
2.351279     2.10534000e-04
2.352062     2.35782000e-04
2.352846     3.56502000e-04
2.353631     5.71422000e-04
2.354415     3.52861000e-04
2.355200     4.61295000e-04
2.355985     4.46612000e-04
2.356771     4.72838000e-04
2.357556     6.23522000e-04
2.358342     4.84431000e-04
2.359128     2.26481000e-04
2.359914     1.84433000e-04
2.360701     3.78235000e-04
2.361488     6.15254000e-04
2.362275     5.52318000e-04
2.363063     3.31713000e-04
2.363850     6.15562000e-04
2.364638     5.79500000e-04
2.365426     1.85992000e-04
2.366215     6.22208000e-04
2.367004     5.68789000e-04
2.367793     2.00219000e-04
2.368582     6.29292000e-04
2.369371     5.70254000e-04
2.370161     5.02255000e-04
2.370951     5.73965000e-04
2.371742     4.13740000e-04
2.372532     5.67332000e-04
2.373323     3.24486000e-04
2.374114     6.34252000e-04
2.374906     3.12754000e-04
2.375697     1.90430000e-04
2.376489     4.52419000e-04
2.377281     5.93333000e-04
2.378074     3.68585000e-04
2.378866     4.39924000e-04
2.379659     2.89942000e-04
2.380452     5.37459000e-04
2.381246     1.58440000e-04
2.382040     2.01035000e-04
2.382834     5.39146000e-04
2.383628     4.40172000e-04
2.384423     1.95855000e-04
2.385217     5.98073000e-04
2.386012     5.08382000e-04
2.386808     1.68846000e-04
2.387603     2.20198000e-04
2.388399     2.79913000e-04
2.389195     5.13366000e-04
2.389992     5.44567000e-04
2.390788     4.62531000e-04
2.391585     3.79116000e-04
2.392383     1.82391000e-04
2.393180     4.25744000e-04
2.393978     6.85294000e-04
2.394776     1.80031000e-04
2.395574     5.95372000e-04
2.396373     1.72565000e-04
2.397171     2.56863000e-04
2.397970     3.18006000e-04
2.398770     1.90786000e-04
2.399569     3.57172000e-04
2.400369     2.57303000e-04
2.401169     3.97577000e-04
2.401970     6.53379000e-04
2.402770     4.64243000e-04
2.403571     4.56308000e-04
2.404372     4.03689000e-04
2.405174     5.44759000e-04
2.405976     6.59193000e-04
2.406778     6.41561000e-04
2.407580     6.05563000e-04
2.408382     4.39288000e-04
2.409185     6.09041000e-04
2.409988     2.20746000e-04
2.410792     1.78150000e-04
2.411595     2.65259000e-04
2.412399     4.60156000e-04
2.413203     3.66296000e-04
2.414008     3.66626000e-04
2.414812     4.45922000e-04
2.415617     6.32609000e-04
2.416422     5.93295000e-04
2.417228     6.69961000e-04
2.418034     2.33133000e-04
2.418840     2.06975000e-04
2.419646     1.98235000e-04
2.420452     5.95283000e-04
2.421259     5.80736000e-04
2.422066     1.79356000e-04
2.422874     5.54071000e-04
2.423681     4.55354000e-04
2.424489     3.47962000e-04
2.425297     6.27009000e-04
2.426106     6.13366000e-04
2.426915     3.60745000e-04
2.427723     4.96960000e-04
2.428533     2.89297000e-04
2.429342     5.43391000e-04
2.430152     2.15090000e-04
2.430962     4.82366000e-04
2.431772     6.11865000e-04
2.432583     6.96909000e-04
2.433394     2.84195000e-04
2.434205     1.60992000e-04
2.435016     4.63968000e-04
2.435828     5.09764000e-04
2.436640     4.01453000e-04
2.437452     1.97505000e-04
2.438265     3.46257000e-04
2.439077     2.25726000e-04
2.439890     4.22813000e-04
2.440704     3.68324000e-04
2.441517     3.80809000e-04
2.442331     3.21042000e-04
2.443145     2.94007000e-04
2.443960     3.97765000e-04
2.444774     3.06305000e-04
2.445589     2.25344000e-04
2.446404     1.98320000e-04
2.447220     2.08407000e-04
2.448036     3.55133000e-04
2.448852     4.89385000e-04
2.449668     2.24717000e-04
2.450484     1.94194000e-04
2.451301     3.35694000e-04
2.452118     3.32236000e-04
2.452936     2.35679000e-04
2.453753     3.57292000e-04
2.454571     2.93642000e-04
2.455390     5.74861000e-04
2.456208     2.84397000e-04
2.457027     4.68607000e-04
2.457846     3.14817000e-04
2.458665     5.14656000e-04
2.459485     1.59099000e-04
2.460304     4.50405000e-04
2.461125     3.76958000e-04
2.461945     3.38836000e-04
2.462766     3.92474000e-04
2.463586     4.45026000e-04
2.464408     2.22000000e-04
2.465229     4.81954000e-04
2.466051     3.22739000e-04
2.466873     4.93791000e-04
2.467695     3.22617000e-04
2.468518     3.98100000e-04
2.469341     6.07688000e-04
2.470164     2.20258000e-04
2.470987     3.71678000e-04
2.471811     3.98241000e-04
2.472635     5.41082000e-04
2.473459     3.47451000e-04
2.474283     4.58564000e-04
2.475108     2.94901000e-04
2.475933     2.42162000e-04
2.476758     6.00612000e-04
2.477584     3.71345000e-04
2.478410     3.09355000e-04
2.479236     2.84106000e-04
2.480062     3.25660000e-04
2.480889     4.67794000e-04
2.481716     2.56886000e-04
2.482543     2.41108000e-04
2.483371     1.32876000e-04
2.484199     4.96812000e-04
2.485027     3.73155000e-04
2.485855     3.76233000e-04
2.486684     2.18320000e-04
2.487513     3.29642000e-04
2.488342     4.16332000e-04
2.489171     4.70089000e-04
2.490001     3.76401000e-04
2.490831     3.61310000e-04
2.491661     4.91192000e-04
2.492492     4.93241000e-04
2.493323     2.45170000e-04
2.494154     5.51892000e-04
2.494985     5.03008000e-04
2.495817     1.51364000e-04
2.496649     3.83097000e-04
2.497481     4.94703000e-04
2.498313     3.15596000e-04
2.499146     3.95435000e-04
2.499979     5.42363000e-04
2.500813     3.13378000e-04
2.501646     3.18705000e-04
2.502480     3.16095000e-04
2.503314     3.95394000e-04
2.504149     3.90841000e-04
2.504983     4.48926000e-04
2.505818     1.07219000e-04
2.506654     2.66052000e-04
2.507489     3.99506000e-04
2.508325     5.25565000e-04
2.509161     3.11565000e-04
2.509998     4.95247000e-04
2.510834     1.61116000e-04
2.511671     5.01642000e-04
2.512508     3.86839000e-04
2.513346     4.56349000e-04
2.514184     2.03743000e-04
2.515022     3.03703000e-04
2.515860     2.03871000e-04
2.516699     3.88806000e-04
2.517538     1.47259000e-04
2.518377     3.92963000e-04
2.519216     3.23742000e-04
2.520056     5.86890000e-04
2.520896     2.90354000e-04
2.521736     3.52309000e-04
2.522577     4.22800000e-04
2.523418     2.42596000e-04
2.524259     2.55051000e-04
2.525100     4.28210000e-04
2.525942     3.88886000e-04
2.526784     4.37349000e-04
2.527626     2.49687000e-04
2.528469     2.37824000e-04
2.529312     2.64394000e-04
2.530155     1.80391000e-04
2.530998     4.33666000e-04
2.531842     3.46619000e-04
2.532686     2.88100000e-04
2.533530     3.57522000e-04
2.534374     3.97296000e-04
2.535219     2.35225000e-04
2.536064     3.71811000e-04
2.536910     3.93623000e-04
2.537755     2.82142000e-04
2.538601     3.96127000e-04
2.539447     4.08663000e-04
2.540294     4.17706000e-04
2.541141     1.89346000e-04
2.541988     4.09514000e-04
2.542835     2.53003000e-04
2.543683     2.18158000e-04
2.544530     2.18445000e-04
2.545379     4.66898000e-04
2.546227     3.31592000e-04
2.547076     1.57661000e-04
2.547925     4.80307000e-04
2.548774     1.65375000e-04
2.549624     4.65148000e-04
2.550474     3.02239000e-04
2.551324     4.60755000e-04
2.552174     4.08350000e-04
2.553025     3.77523000e-04
2.553876     3.23356000e-04
2.554727     2.64112000e-04
2.555579     2.19782000e-04
2.556431     2.48142000e-04
2.557283     4.58382000e-04
2.558135     2.41014000e-04
2.558988     2.65354000e-04
2.559841     2.35159000e-04
2.560694     4.24910000e-04
2.561548     3.43033000e-04
2.562402     3.56691000e-04
2.563256     3.25422000e-04
2.564110     3.53824000e-04
2.564965     3.43044000e-04
2.565820     4.61807000e-04
2.566675     4.32971000e-04
2.567531     5.14819000e-04
2.568387     3.78518000e-04
2.569243     3.00325000e-04
2.570099     4.16634000e-04
2.570956     2.92537000e-04
2.571813     5.96390000e-04
2.572670     2.29950000e-04
2.573528     2.79314000e-04
2.574386     5.27647000e-04
2.575244     4.04975000e-04
2.576102     4.04576000e-04
2.576961     4.10208000e-04
2.577820     3.46615000e-04
2.578679     4.40700000e-04
2.579539     2.57796000e-04
2.580398     3.08442000e-04
2.581259     3.64115000e-04
2.582119     4.19797000e-04
2.582980     1.29540000e-04
2.583841     2.35547000e-04
2.584702     2.73277000e-04
2.585564     2.79272000e-04
2.586425     3.60182000e-04
2.587288     2.75857000e-04
2.588150     1.83541000e-04
2.589013     1.86715000e-04
2.589876     3.01824000e-04
2.590739     4.77751000e-04
2.591603     4.10820000e-04
2.592466     3.26321000e-04
2.593331     2.22650000e-04
2.594195     4.30280000e-04
2.595060     2.44088000e-04
2.595925     2.69909000e-04
2.596790     4.77863000e-04
2.597656     2.08130000e-04
2.598522     2.41671000e-04
2.599388     2.39950000e-04
2.600254     6.09957000e-04
2.601121     4.59136000e-04
2.601988     5.33629000e-04
2.602855     4.01609000e-04
2.603723     3.26334000e-04
2.604591     3.64671000e-04
2.605459     3.63640000e-04
2.606328     4.92970000e-04
2.607196     4.63847000e-04
2.608065     4.15806000e-04
2.608935     4.32388000e-04
2.609804     1.49633000e-04
2.610674     4.17299000e-04
2.611545     2.92381000e-04
2.612415     3.67353000e-04
2.613286     2.69086000e-04
2.614157     3.57289000e-04
2.615028     4.94654000e-04
2.615900     4.29449000e-04
2.616772     3.12983000e-04
2.617644     3.46575000e-04
2.618517     3.09464000e-04
2.619390     4.57601000e-04
2.620263     3.93032000e-04
2.621136     3.43705000e-04
2.622010     3.99762000e-04
2.622884     3.86845000e-04
2.623758     5.22681000e-04
2.624633     3.70012000e-04
2.625508     2.72136000e-04
2.626383     2.61166000e-04
2.627258     2.52224000e-04
2.628134     4.91289000e-04
2.629010     2.59971000e-04
2.629886     5.78924000e-04
2.630763     3.86391000e-04
2.631640     2.80423000e-04
2.632517     3.78990000e-04
2.633395     3.80101000e-04
2.634272     2.43106000e-04
2.635151     3.58222000e-04
2.636029     3.61563000e-04
2.636908     2.74532000e-04
2.637787     3.51626000e-04
2.638666     2.89215000e-04
2.639545     5.64146000e-04
2.640425     4.40341000e-04
2.641305     4.64127000e-04
2.642186     5.27839000e-04
2.643067     4.57494000e-04
2.643948     3.43304000e-04
2.644829     3.29978000e-04
2.645711     3.99370000e-04
2.646592     6.14757000e-04
2.647475     3.86571000e-04
2.648357     3.99552000e-04
2.649240     5.18461000e-04
2.650123     5.80431000e-04
2.651006     5.57589000e-04
2.651890     4.28882000e-04
2.652774     3.79780000e-04
2.653658     4.50858000e-04
2.654543     2.50848000e-04
2.655428     3.01223000e-04
2.656313     2.25079000e-04
2.657198     5.30248000e-04
2.658084     4.19212000e-04
2.658970     6.10916000e-04
2.659856     4.54889000e-04
2.660743     3.91285000e-04
2.661630     5.71048000e-04
2.662517     6.59898000e-04
2.663405     4.87921000e-04
2.664292     4.17239000e-04
2.665180     3.40876000e-04
2.666069     2.17284000e-04
2.666958     1.72339000e-04
2.667847     5.07701000e-04
2.668736     3.23215000e-04
2.669625     5.07837000e-04
2.670515     2.93608000e-04
2.671405     5.35711000e-04
2.672296     4.67150000e-04
2.673187     3.01400000e-04
2.674078     4.07394000e-04
2.674969     3.58022000e-04
2.675861     3.63852000e-04
2.676753     4.04782000e-04
2.677645     1.57229000e-04
2.678537     4.83307000e-04
2.679430     1.39263000e-04
2.680323     5.55510000e-04
2.681217     4.75147000e-04
2.682111     2.87263000e-04
2.683005     3.26685000e-04
2.683899     3.62844000e-04
2.684794     3.96699000e-04
2.685689     3.76080000e-04
2.686584     2.16486000e-04
2.687479     4.98277000e-04
2.688375     3.75158000e-04
2.689271     4.41423000e-04
2.690168     4.71143000e-04
2.691064     2.16118000e-04
2.691961     2.77117000e-04
2.692859     4.05425000e-04
2.693756     3.60906000e-04
2.694654     3.64466000e-04
2.695553     2.82530000e-04
2.696451     2.15365000e-04
2.697350     4.99431000e-04
2.698249     4.96062000e-04
2.699148     5.77996000e-04
2.700048     4.43025000e-04
2.700948     5.23692000e-04
2.701848     2.36412000e-04
2.702749     4.10632000e-04
2.703650     2.75752000e-04
2.704551     2.80258000e-04
2.705453     3.50769000e-04
2.706355     3.20962000e-04
2.707257     2.06999000e-04
2.708159     4.36732000e-04
2.709062     1.62436000e-04
2.709965     3.21636000e-04
2.710868     4.53815000e-04
2.711772     2.83520000e-04
2.712676     4.56680000e-04
2.713580     4.45623000e-04
2.714484     2.81307000e-04
2.715389     4.76476000e-04
2.716294     3.51174000e-04
2.717200     6.16326000e-04
2.718106     3.93806000e-04
2.719012     3.91415000e-04
2.719918     3.49834000e-04
2.720825     3.61064000e-04
2.721732     5.48055000e-04
2.722639     4.00626000e-04
2.723546     4.98088000e-04
2.724454     3.79401000e-04
2.725362     4.84452000e-04
2.726271     3.78514000e-04
2.727180     3.90042000e-04
2.728089     2.80635000e-04
2.728998     3.38865000e-04
2.729908     5.34044000e-04
2.730818     2.43736000e-04
2.731728     2.78378000e-04
2.732638     4.66741000e-04
2.733549     4.39890000e-04
2.734460     5.36534000e-04
2.735372     3.08799000e-04
2.736284     3.11002000e-04
2.737196     5.68029000e-04
2.738108     4.38858000e-04
2.739021     2.55582000e-04
2.739934     3.01232000e-04
2.740847     2.75851000e-04
2.741761     4.44641000e-04
2.742675     3.47014000e-04
2.743589     6.32411000e-04
2.744504     4.09705000e-04
2.745418     4.87501000e-04
2.746334     4.23907000e-04
2.747249     5.33953000e-04
2.748165     3.41575000e-04
2.749081     5.25685000e-04
2.749997     2.76898000e-04
2.750914     3.43522000e-04
2.751831     4.08428000e-04
2.752748     3.20622000e-04
2.753666     3.40700000e-04
2.754584     4.92853000e-04
2.755502     3.71690000e-04
2.756420     5.22021000e-04
2.757339     4.95271000e-04
2.758258     3.80742000e-04
2.759178     4.62596000e-04
2.760097     4.11768000e-04
2.761017     3.31365000e-04
2.761938     5.42310000e-04
2.762858     3.39131000e-04
2.763779     2.68367000e-04
2.764701     2.45220000e-04
2.765622     1.92715000e-04
2.766544     3.85134000e-04
2.767466     3.87714000e-04
2.768389     3.99442000e-04
2.769311     3.30330000e-04
2.770235     2.55501000e-04
2.771158     4.68679000e-04
2.772082     2.55663000e-04
2.773006     3.70031000e-04
2.773930     3.92983000e-04
2.774855     4.06888000e-04
2.775780     3.70214000e-04
2.776705     4.09894000e-04
2.777630     2.77288000e-04
2.778556     2.63134000e-04
2.779483     5.52164000e-04
2.780409     3.61494000e-04
2.781336     3.83075000e-04
2.782263     5.17044000e-04
2.783190     2.99727000e-04
2.784118     3.58084000e-04
2.785046     3.21476000e-04
2.785974     4.71367000e-04
2.786903     4.94066000e-04
2.787832     3.71254000e-04
2.788761     5.28159000e-04
2.789691     4.74784000e-04
2.790621     5.11918000e-04
2.791551     5.28415000e-04
2.792482     2.24428000e-04
2.793412     3.41521000e-04
2.794344     2.39656000e-04
2.795275     5.03126000e-04
2.796207     5.20668000e-04
2.797139     4.28879000e-04
2.798071     2.27269000e-04
2.799004     2.54151000e-04
2.799937     7.35375000e-04
2.800870     2.32330000e-04
2.801804     4.00048000e-04
2.802738     1.68557000e-04
2.803672     1.69311000e-04
2.804607     4.27458000e-04
2.805541     3.70665000e-04
2.806477     2.72106000e-04
2.807412     3.77414000e-04
2.808348     3.39284000e-04
2.809284     3.80603000e-04
2.810220     4.47744000e-04
2.811157     4.64460000e-04
2.812094     4.97727000e-04
2.813032     2.38390000e-04
2.813969     2.92391000e-04
2.814907     3.94572000e-04
2.815846     6.96689000e-04
2.816784     4.02387000e-04
2.817723     5.82109000e-04
2.818662     6.03602000e-04
2.819602     4.75061000e-04
2.820542     4.35543000e-04
2.821482     3.81532000e-04
2.822422     3.00095000e-04
2.823363     6.37726000e-04
2.824304     2.83684000e-04
2.825246     3.11007000e-04
2.826188     2.40485000e-04
2.827130     2.26277000e-04
2.828072     5.25511000e-04
2.829015     8.45885000e-04
2.829958     6.50719000e-04
2.830901     7.00858000e-04
2.831845     3.40536000e-04
2.832789     3.09737000e-04
2.833733     4.09666000e-04
2.834677     4.85367000e-04
2.835622     2.55640000e-04
2.836568     4.72487000e-04
2.837513     3.65114000e-04
2.838459     3.66047000e-04
2.839405     6.15998000e-04
2.840352     5.15503000e-04
2.841298     5.96643000e-04
2.842245     4.35765000e-04
2.843193     3.08021000e-04
2.844141     7.58435000e-04
2.845089     3.11403000e-04
2.846037     6.71215000e-04
2.846986     3.71497000e-04
2.847935     5.22976000e-04
2.848884     6.11645000e-04
2.849834     3.56555000e-04
2.850784     2.75781000e-04
2.851734     4.71922000e-04
2.852684     4.85065000e-04
2.853635     3.08246000e-04
2.854586     3.28934000e-04
2.855538     4.43824000e-04
2.856490     5.44714000e-04
2.857442     4.70658000e-04
2.858394     4.84606000e-04
2.859347     5.29584000e-04
2.860300     4.95567000e-04
2.861254     5.15438000e-04
2.862208     4.18026000e-04
2.863162     4.96507000e-04
2.864116     4.03105000e-04
2.865071     6.50252000e-04
2.866026     5.49801000e-04
2.866981     3.98064000e-04
2.867937     4.31828000e-04
2.868893     3.82778000e-04
2.869849     5.43703000e-04
2.870806     6.46763000e-04
2.871763     3.48143000e-04
2.872720     5.16424000e-04
2.873677     5.52559000e-04
2.874635     2.49864000e-04
2.875594     7.78762000e-04
2.876552     6.06550000e-04
2.877511     3.33598000e-04
2.878470     4.33049000e-04
2.879430     3.72587000e-04
2.880389     4.33541000e-04
2.881350     4.24402000e-04
2.882310     6.62602000e-04
2.883271     4.25763000e-04
2.884232     3.11224000e-04
2.885193     2.99262000e-04
2.886155     4.05144000e-04
2.887117     6.13044000e-04
2.888079     3.06059000e-04
2.889042     2.95019000e-04
2.890005     3.12840000e-04
2.890968     5.10208000e-04
2.891932     5.88395000e-04
2.892896     3.09061000e-04
2.893860     3.15914000e-04
2.894825     3.81430000e-04
2.895790     3.84274000e-04
2.896755     4.43964000e-04
2.897721     6.76048000e-04
2.898687     4.13534000e-04
2.899653     2.35864000e-04
2.900619     3.78156000e-04
2.901586     7.27820000e-04
2.902554     2.98415000e-04
2.903521     7.47620000e-04
2.904489     5.19671000e-04
2.905457     4.27118000e-04
2.906426     6.26037000e-04
2.907394     4.89932000e-04
2.908363     4.57293000e-04
2.909333     5.63341000e-04
2.910303     3.74335000e-04
2.911273     4.51702000e-04
2.912243     4.13549000e-04
2.913214     7.80068000e-04
2.914185     4.83169000e-04
2.915156     4.34585000e-04
2.916128     6.53909000e-04
2.917100     3.55917000e-04
2.918073     5.38946000e-04
2.919045     6.94039000e-04
2.920018     6.33545000e-04
2.920992     4.96856000e-04
2.921965     2.93976000e-04
2.922939     3.74245000e-04
2.923914     4.85136000e-04
2.924888     4.93462000e-04
2.925863     3.57108000e-04
2.926838     7.17360000e-04
2.927814     2.55165000e-04
2.928790     4.73945000e-04
2.929766     3.48081000e-04
2.930743     4.83897000e-04
2.931720     5.45711000e-04
2.932697     4.13887000e-04
2.933675     7.08219000e-04
2.934652     3.67770000e-04
2.935631     4.64472000e-04
2.936609     5.03145000e-04
2.937588     3.04878000e-04
2.938567     7.01866000e-04
2.939547     5.54697000e-04
2.940527     4.37745000e-04
2.941507     5.09747000e-04
2.942487     4.20520000e-04
2.943468     3.25503000e-04
2.944449     5.92271000e-04
2.945431     7.07153000e-04
2.946413     4.81096000e-04
2.947395     4.65234000e-04
2.948377     3.39313000e-04
2.949360     5.79305000e-04
2.950343     6.51811000e-04
2.951327     6.55867000e-04
2.952310     5.98448000e-04
2.953294     6.18543000e-04
2.954279     4.18586000e-04
2.955264     3.95874000e-04
2.956249     3.65712000e-04
2.957234     4.03883000e-04
2.958220     6.34452000e-04
2.959206     6.60724000e-04
2.960192     5.63664000e-04
2.961179     2.72309000e-04
2.962166     5.49569000e-04
2.963154     5.12937000e-04
2.964141     5.01069000e-04
2.965129     8.43208000e-04
2.966118     5.75483000e-04
2.967106     3.69605000e-04
2.968095     3.15409000e-04
2.969085     6.49383000e-04
2.970075     8.20131000e-04
2.971065     5.02840000e-04
2.972055     3.76810000e-04
2.973046     4.32074000e-04
2.974037     4.24940000e-04
2.975028     3.90894000e-04
2.976020     4.01171000e-04
2.977012     6.63410000e-04
2.978004     3.62070000e-04
2.978997     4.54104000e-04
2.979990     3.02103000e-04
2.980983     4.55096000e-04
2.981977     7.69185000e-04
2.982971     7.36313000e-04
2.983965     3.82510000e-04
2.984960     5.83244000e-04
2.985955     5.92945000e-04
2.986950     4.37686000e-04
2.987946     3.29967000e-04
2.988942     4.69234000e-04
2.989938     4.66558000e-04
2.990934     5.88621000e-04
2.991931     4.74294000e-04
2.992929     5.53647000e-04
2.993926     7.09133000e-04
2.994924     3.55638000e-04
2.995923     5.69176000e-04
2.996921     6.03206000e-04
2.997920     7.24754000e-04
2.998920     5.04487000e-04
2.999919     9.45385000e-04
3.000919     6.36719000e-04
3.001920     3.68205000e-04
3.002920     7.66602000e-04
3.003921     6.68976000e-04
3.004922     4.70672000e-04
3.005924     6.43393000e-04
3.006926     3.29077000e-04
3.007928     3.32621000e-04
3.008931     5.03189000e-04
3.009934     4.26906000e-04
3.010937     3.82730000e-04
3.011941     4.21706000e-04
3.012945     3.97277000e-04
3.013949     4.47140000e-04
3.014954     4.25783000e-04
3.015959     8.31262000e-04
3.016964     4.96945000e-04
3.017970     4.34407000e-04
3.018976     4.19953000e-04
3.019982     7.79388000e-04
3.020989     6.14636000e-04
3.021996     6.79180000e-04
3.023003     8.35392000e-04
3.024011     6.06161000e-04
3.025019     3.51009000e-04
3.026027     4.70185000e-04
3.027036     4.08676000e-04
3.028045     4.53947000e-04
3.029054     7.35220000e-04
3.030064     4.50101000e-04
3.031074     4.32571000e-04
3.032084     5.99917000e-04
3.033095     6.68007000e-04
3.034106     5.27997000e-04
3.035117     4.84225000e-04
3.036129     4.13734000e-04
3.037141     6.52541000e-04
3.038154     6.30988000e-04
3.039166     4.31630000e-04
3.040179     4.78635000e-04
3.041193     4.43290000e-04
3.042206     5.95785000e-04
3.043220     6.62049000e-04
3.044235     4.53767000e-04
3.045250     4.62490000e-04
3.046265     5.65891000e-04
3.047280     7.60114000e-04
3.048296     4.87192000e-04
3.049312     4.95258000e-04
3.050328     8.08189000e-04
3.051345     3.39133000e-04
3.052362     6.65540000e-04
3.053380     7.00212000e-04
3.054398     4.70299000e-04
3.055416     7.97822000e-04
3.056434     8.69908000e-04
3.057453     1.00435000e-03
3.058472     4.97279000e-04
3.059492     9.13572000e-04
3.060511     5.13389000e-04
3.061532     8.00999000e-04
3.062552     6.23928000e-04
3.063573     4.85860000e-04
3.064594     4.68156000e-04
3.065616     6.57087000e-04
3.066638     8.22639000e-04
3.067660     5.91086000e-04
3.068682     4.35479000e-04
3.069705     5.41890000e-04
3.070728     4.73352000e-04
3.071752     4.89561000e-04
3.072776     7.56087000e-04
3.073800     5.13459000e-04
3.074825     5.10883000e-04
3.075850     9.74606000e-04
3.076875     6.82520000e-04
3.077901     4.21312000e-04
3.078927     6.62553000e-04
3.079953     1.05384000e-03
3.080980     7.72747000e-04
3.082007     3.71045000e-04
3.083034     8.08664000e-04
3.084062     7.00627000e-04
3.085090     4.79803000e-04
3.086118     7.26654000e-04
3.087147     5.64274000e-04
3.088176     6.85845000e-04
3.089205     5.25706000e-04
3.090235     7.31221000e-04
3.091265     7.43252000e-04
3.092295     8.22067000e-04
3.093326     3.61682000e-04
3.094357     5.73720000e-04
3.095389     7.96956000e-04
3.096420     9.45104000e-04
3.097453     4.20589000e-04
3.098485     7.52894000e-04
3.099518     8.27507000e-04
3.100551     6.91295000e-04
3.101585     5.58378000e-04
3.102619     4.29250000e-04
3.103653     5.48896000e-04
3.104687     8.16972000e-04
3.105722     9.06606000e-04
3.106757     5.79068000e-04
3.107793     6.61066000e-04
3.108829     4.61822000e-04
3.109865     4.82198000e-04
3.110902     5.81813000e-04
3.111939     5.07740000e-04
3.112976     4.99047000e-04
3.114014     9.04198000e-04
3.115052     4.24424000e-04
3.116090     4.96042000e-04
3.117129     1.01369000e-03
3.118168     5.61531000e-04
3.119207     4.21995000e-04
3.120247     1.06578000e-03
3.121287     4.65979000e-04
3.122327     5.93015000e-04
3.123368     6.81156000e-04
3.124409     5.51513000e-04
3.125451     1.13702000e-03
3.126493     9.49277000e-04
3.127535     7.74198000e-04
3.128577     6.89758000e-04
3.129620     7.07564000e-04
3.130663     7.33581000e-04
3.131707     8.00286000e-04
3.132751     4.00270000e-04
3.133795     7.09966000e-04
3.134840     5.90030000e-04
3.135885     7.93962000e-04
3.136930     1.04260000e-03
3.137976     5.14405000e-04
3.139022     9.38471000e-04
3.140068     9.53562000e-04
3.141115     5.42734000e-04
3.142162     5.02926000e-04
3.143209     5.15028000e-04
3.144257     4.03589000e-04
3.145305     7.95002000e-04
3.146353     6.75742000e-04
3.147402     7.08499000e-04
3.148451     4.79070000e-04
3.149501     6.52352000e-04
3.150551     7.12543000e-04
3.151601     4.89974000e-04
3.152651     5.80874000e-04
3.153702     5.95562000e-04
3.154753     4.41994000e-04
3.155805     6.93556000e-04
3.156857     7.20183000e-04
3.157909     5.82608000e-04
3.158962     8.18936000e-04
3.160015     5.20798000e-04
3.161068     8.81906000e-04
3.162122     8.37524000e-04
3.163176     7.16284000e-04
3.164230     8.33644000e-04
3.165285     7.06947000e-04
3.166340     5.31668000e-04
3.167396     6.05268000e-04
3.168451     4.77952000e-04
3.169507     8.15093000e-04
3.170564     7.76326000e-04
3.171621     5.79325000e-04
3.172678     7.42982000e-04
3.173736     6.44567000e-04
3.174794     8.42016000e-04
3.175852     5.62951000e-04
3.176910     5.20869000e-04
3.177969     7.17950000e-04
3.179029     4.70319000e-04
3.180088     6.72523000e-04
3.181148     6.23877000e-04
3.182209     8.04008000e-04
3.183270     8.49843000e-04
3.184331     8.20541000e-04
3.185392     8.42687000e-04
3.186454     6.07781000e-04
3.187516     5.86011000e-04
3.188579     6.67143000e-04
3.189641     6.95608000e-04
3.190705     7.99486000e-04
3.191768     4.26215000e-04
3.192832     6.20263000e-04
3.193896     4.65549000e-04
3.194961     4.23840000e-04
3.196026     8.48095000e-04
3.197091     4.92288000e-04
3.198157     4.66462000e-04
3.199223     6.82739000e-04
3.200289     5.18987000e-04
3.201356     9.03901000e-04
3.202423     5.02257000e-04
3.203491     4.33791000e-04
3.204559     6.42361000e-04
3.205627     1.12733000e-03
3.206695     1.28407000e-03
3.207764     5.80123000e-04
3.208834     8.25738000e-04
3.209903     6.21281000e-04
3.210973     7.77375000e-04
3.212043     5.89330000e-04
3.213114     5.42689000e-04
3.214185     8.39463000e-04
3.215257     6.48981000e-04
3.216328     1.01272000e-03
3.217400     7.47576000e-04
3.218473     6.52640000e-04
3.219546     9.62224000e-04
3.220619     4.53009000e-04
3.221692     8.21117000e-04
3.222766     6.17047000e-04
3.223841     4.70599000e-04
3.224915     6.92208000e-04
3.225990     6.16015000e-04
3.227066     7.06252000e-04
3.228141     7.20104000e-04
3.229217     6.62020000e-04
3.230294     1.13415000e-03
3.231370     1.12297000e-03
3.232448     5.05119000e-04
3.233525     1.05651000e-03
3.234603     7.87343000e-04
3.235681     1.00175000e-03
3.236760     7.70156000e-04
3.237839     6.91984000e-04
3.238918     1.06318000e-03
3.239997     5.48560000e-04
3.241077     7.16832000e-04
3.242158     7.36433000e-04
3.243239     9.35011000e-04
3.244320     5.44507000e-04
3.245401     8.23941000e-04
3.246483     6.92305000e-04
3.247565     9.35998000e-04
3.248648     5.50820000e-04
3.249730     7.77744000e-04
3.250814     7.80187000e-04
3.251897     1.09625000e-03
3.252981     1.27173000e-03
3.254066     9.68137000e-04
3.255150     1.15108000e-03
3.256235     1.16637000e-03
3.257321     1.00905000e-03
3.258406     1.02252000e-03
3.259493     8.26096000e-04
3.260579     1.09190000e-03
3.261666     6.45062000e-04
3.262753     1.15283000e-03
3.263841     1.11406000e-03
3.264929     6.39725000e-04
3.266017     5.96329000e-04
3.267106     1.02385000e-03
3.268195     6.02189000e-04
3.269284     7.59025000e-04
3.270374     7.50136000e-04
3.271464     1.14459000e-03
3.272555     8.14124000e-04
3.273645     5.12437000e-04
3.274737     5.59917000e-04
3.275828     8.70918000e-04
3.276920     9.58177000e-04
3.278012     1.00003000e-03
3.279105     5.70903000e-04
3.280198     7.40391000e-04
3.281292     1.01146000e-03
3.282385     1.05361000e-03
3.283479     1.13254000e-03
3.284574     9.97400000e-04
3.285669     9.56629000e-04
3.286764     8.61092000e-04
3.287860     7.72385000e-04
3.288956     7.04238000e-04
3.290052     1.09145000e-03
3.291149     6.82891000e-04
3.292246     1.02413000e-03
3.293343     7.55973000e-04
3.294441     7.35802000e-04
3.295539     5.48052000e-04
3.296637     7.77320000e-04
3.297736     1.10827000e-03
3.298836     8.51062000e-04
3.299935     1.29285000e-03
3.301035     1.04342000e-03
3.302135     8.84179000e-04
3.303236     5.44441000e-04
3.304337     9.19993000e-04
3.305439     9.58811000e-04
3.306541     9.07675000e-04
3.307643     1.02732000e-03
3.308745     9.91884000e-04
3.309848     7.75619000e-04
3.310951     7.83966000e-04
3.312055     8.19577000e-04
3.313159     1.13190000e-03
3.314264     7.98225000e-04
3.315368     6.05432000e-04
3.316473     1.05921000e-03
3.317579     1.17698000e-03
3.318685     7.19070000e-04
3.319791     5.02266000e-04
3.320898     1.07130000e-03
3.322005     4.36222000e-04
3.323112     7.76290000e-04
3.324220     7.16546000e-04
3.325328     9.30469000e-04
3.326436     9.80847000e-04
3.327545     9.10657000e-04
3.328654     6.60919000e-04
3.329764     8.20209000e-04
3.330874     9.62753000e-04
3.331984     1.16755000e-03
3.333095     7.28422000e-04
3.334206     8.97879000e-04
3.335317     1.03193000e-03
3.336429     9.53350000e-04
3.337541     9.63157000e-04
3.338653     1.08301000e-03
3.339766     9.52282000e-04
3.340880     8.76449000e-04
3.341993     8.02671000e-04
3.343107     7.55159000e-04
3.344222     1.07652000e-03
3.345336     1.05673000e-03
3.346451     4.53500000e-04
3.347567     9.77629000e-04
3.348683     7.63028000e-04
3.349799     8.51664000e-04
3.350916     7.13764000e-04
3.352033     8.83298000e-04
3.353150     8.15352000e-04
3.354268     6.23665000e-04
3.355386     9.25287000e-04
3.356504     7.75207000e-04
3.357623     1.16415000e-03
3.358742     1.13797000e-03
3.359862     1.24112000e-03
3.360982     7.61821000e-04
3.362102     1.04936000e-03
3.363223     8.77620000e-04
3.364344     1.38297000e-03
3.365465     1.39635000e-03
3.366587     7.23637000e-04
3.367709     9.36749000e-04
3.368832     1.27235000e-03
3.369955     9.14251000e-04
3.371078     7.30360000e-04
3.372202     1.00505000e-03
3.373326     5.89886000e-04
3.374450     1.07363000e-03
3.375575     1.23506000e-03
3.376700     1.04825000e-03
3.377826     7.90938000e-04
3.378952     8.92632000e-04
3.380078     5.23958000e-04
3.381205     7.34262000e-04
3.382332     8.87596000e-04
3.383459     1.27914000e-03
3.384587     1.32228000e-03
3.385715     1.07604000e-03
3.386844     1.34889000e-03
3.387973     1.08852000e-03
3.389102     1.01545000e-03
3.390232     8.35548000e-04
3.391362     1.12254000e-03
3.392492     5.21772000e-04
3.393623     9.61738000e-04
3.394754     1.26563000e-03
3.395886     8.87513000e-04
3.397018     9.30367000e-04
3.398150     1.02994000e-03
3.399283     9.60653000e-04
3.400416     1.08906000e-03
3.401550     1.12269000e-03
3.402683     9.24963000e-04
3.403818     7.69735000e-04
3.404952     5.37853000e-04
3.406087     6.20570000e-04
3.407223     1.22633000e-03
3.408358     9.89188000e-04
3.409495     1.00643000e-03
3.410631     1.00841000e-03
3.411768     1.27640000e-03
3.412905     1.21382000e-03
3.414043     1.16486000e-03
3.415181     9.95599000e-04
3.416319     5.80625000e-04
3.417458     1.09297000e-03
3.418597     4.93960000e-04
3.419737     1.06313000e-03
3.420877     1.15665000e-03
3.422017     1.12786000e-03
3.423158     1.53278000e-03
3.424299     7.97807000e-04
3.425440     1.44552000e-03
3.426582     1.53659000e-03
3.427724     8.47904000e-04
3.428867     9.46158000e-04
3.430010     1.26799000e-03
3.431153     1.28500000e-03
3.432297     7.70335000e-04
3.433441     9.65947000e-04
3.434585     6.10417000e-04
3.435730     1.14398000e-03
3.436875     1.25362000e-03
3.438021     9.96605000e-04
3.439167     1.22118000e-03
3.440313     1.03378000e-03
3.441460     1.22628000e-03
3.442607     1.09023000e-03
3.443755     1.36720000e-03
3.444903     1.05309000e-03
3.446051     8.24059000e-04
3.447200     1.46747000e-03
3.448349     1.29947000e-03
3.449498     1.31902000e-03
3.450648     7.02379000e-04
3.451798     1.11280000e-03
3.452949     1.40283000e-03
3.454100     1.30546000e-03
3.455251     8.18260000e-04
3.456403     1.13912000e-03
3.457555     8.28426000e-04
3.458708     1.27450000e-03
3.459861     1.01160000e-03
3.461014     1.10319000e-03
3.462167     1.31082000e-03
3.463322     7.63002000e-04
3.464476     1.25616000e-03
3.465631     1.11020000e-03
3.466786     1.48637000e-03
3.467942     1.35630000e-03
3.469098     1.32054000e-03
3.470254     1.22111000e-03
3.471411     1.12561000e-03
3.472568     7.04501000e-04
3.473725     6.47331000e-04
3.474883     1.19234000e-03
3.476042     1.49261000e-03
3.477200     1.27681000e-03
3.478359     7.20268000e-04
3.479519     1.32070000e-03
3.480679     8.37142000e-04
3.481839     1.19651000e-03
3.482999     1.20852000e-03
3.484160     9.99936000e-04
3.485322     1.33562000e-03
3.486484     1.10319000e-03
3.487646     1.08770000e-03
3.488808     1.46098000e-03
3.489971     1.08705000e-03
3.491135     9.45100000e-04
3.492298     1.00977000e-03
3.493462     1.19376000e-03
3.494627     9.68340000e-04
3.495792     1.38540000e-03
3.496957     1.18025000e-03
3.498123     1.35858000e-03
3.499289     7.02870000e-04
3.500455     1.17628000e-03
3.501622     1.21991000e-03
3.502789     9.84655000e-04
3.503957     1.38952000e-03
3.505125     1.43404000e-03
3.506293     9.98494000e-04
3.507462     1.42526000e-03
3.508631     8.79657000e-04
3.509801     1.28996000e-03
3.510970     9.05448000e-04
3.512141     1.15055000e-03
3.513312     1.27095000e-03
3.514483     1.35250000e-03
3.515654     1.08668000e-03
3.516826     1.38929000e-03
3.517998     1.38858000e-03
3.519171     6.41927000e-04
3.520344     1.21677000e-03
3.521517     1.50034000e-03
3.522691     1.29742000e-03
3.523866     1.36234000e-03
3.525040     9.06553000e-04
3.526215     1.06308000e-03
3.527391     1.27054000e-03
3.528566     1.01594000e-03
3.529743     7.87222000e-04
3.530919     9.20047000e-04
3.532096     1.01857000e-03
3.533273     1.16841000e-03
3.534451     1.31515000e-03
3.535629     1.09709000e-03
3.536808     1.08401000e-03
3.537987     8.02554000e-04
3.539166     1.49433000e-03
3.540346     1.19556000e-03
3.541526     1.64122000e-03
3.542707     1.39273000e-03
3.543887     9.45041000e-04
3.545069     1.34215000e-03
3.546250     9.56626000e-04
3.547433     8.66639000e-04
3.548615     1.74313000e-03
3.549798     9.53981000e-04
3.550981     1.28763000e-03
3.552165     1.36072000e-03
3.553349     7.96754000e-04
3.554533     1.40779000e-03
3.555718     1.52463000e-03
3.556903     7.71623000e-04
3.558089     8.64078000e-04
3.559275     1.40090000e-03
3.560461     1.21299000e-03
3.561648     1.47907000e-03
3.562835     1.20655000e-03
3.564023     1.42161000e-03
3.565211     8.63680000e-04
3.566400     1.23497000e-03
3.567588     1.16751000e-03
3.568778     6.75863000e-04
3.569967     1.09472000e-03
3.571157     1.15294000e-03
3.572347     1.25637000e-03
3.573538     1.36489000e-03
3.574729     1.28242000e-03
3.575921     1.33124000e-03
3.577113     1.08645000e-03
3.578305     1.59464000e-03
3.579498     9.97604000e-04
3.580691     1.34098000e-03
3.581885     1.45429000e-03
3.583079     6.66947000e-04
3.584273     7.65825000e-04
3.585468     1.30985000e-03
3.586663     1.51408000e-03
3.587859     9.11007000e-04
3.589055     1.39385000e-03
3.590251     1.10094000e-03
3.591448     8.45791000e-04
3.592645     1.04903000e-03
3.593842     1.06669000e-03
3.595040     8.50615000e-04
3.596239     1.12909000e-03
3.597437     1.17286000e-03
3.598637     1.40829000e-03
3.599836     1.50961000e-03
3.601036     7.00547000e-04
3.602236     8.44487000e-04
3.603437     7.50693000e-04
3.604638     1.30327000e-03
3.605840     1.68677000e-03
3.607042     1.07867000e-03
3.608244     1.26952000e-03
3.609447     1.40028000e-03
3.610650     1.36318000e-03
3.611854     1.59904000e-03
3.613058     1.19297000e-03
3.614262     1.21270000e-03
3.615467     1.32139000e-03
3.616672     1.24587000e-03
3.617877     1.43172000e-03
3.619083     1.27837000e-03
3.620290     1.28321000e-03
3.621496     1.09797000e-03
3.622704     9.56411000e-04
3.623911     9.17688000e-04
3.625119     1.60531000e-03
3.626328     1.19996000e-03
3.627536     1.54121000e-03
3.628745     1.35219000e-03
3.629955     1.57237000e-03
3.631165     1.33540000e-03
3.632375     1.65863000e-03
3.633586     1.37628000e-03
3.634797     1.04960000e-03
3.636009     9.50372000e-04
3.637221     1.17597000e-03
3.638433     1.55467000e-03
3.639646     1.21848000e-03
3.640859     9.64638000e-04
3.642073     1.36659000e-03
3.643287     1.37357000e-03
3.644502     1.27698000e-03
3.645716     8.91953000e-04
3.646932     1.29576000e-03
3.648147     1.15597000e-03
3.649363     8.19435000e-04
3.650580     1.46082000e-03
3.651797     1.62614000e-03
3.653014     1.75118000e-03
3.654232     1.47570000e-03
3.655450     1.62735000e-03
3.656668     1.08893000e-03
3.657887     7.66896000e-04
3.659106     1.68947000e-03
3.660326     1.84321000e-03
3.661546     1.40717000e-03
3.662767     1.58329000e-03
3.663988     8.78767000e-04
3.665209     1.18354000e-03
3.666431     1.44991000e-03
3.667653     1.89619000e-03
3.668875     1.74101000e-03
3.670098     1.59383000e-03
3.671322     1.01288000e-03
3.672545     1.33689000e-03
3.673770     8.51109000e-04
3.674994     7.47860000e-04
3.676219     1.54595000e-03
3.677445     1.39426000e-03
3.678670     1.26523000e-03
3.679897     1.51342000e-03
3.681123     1.44626000e-03
3.682350     1.26858000e-03
3.683578     1.20007000e-03
3.684806     9.01591000e-04
3.686034     1.06296000e-03
3.687263     1.90838000e-03
3.688492     8.06197000e-04
3.689721     1.31248000e-03
3.690951     1.92899000e-03
3.692181     1.32329000e-03
3.693412     1.46064000e-03
3.694643     1.09253000e-03
3.695875     1.13218000e-03
3.697107     1.61102000e-03
3.698339     1.43829000e-03
3.699572     1.38153000e-03
3.700805     1.29939000e-03
3.702039     1.51430000e-03
3.703273     1.62411000e-03
3.704507     1.32426000e-03
3.705742     1.65844000e-03
3.706977     1.96732000e-03
3.708213     9.95534000e-04
3.709449     1.49374000e-03
3.710685     1.07259000e-03
3.711922     9.55368000e-04
3.713160     1.54811000e-03
3.714397     8.96869000e-04
3.715635     1.32472000e-03
3.716874     1.32854000e-03
3.718113     1.75515000e-03
3.719352     1.89109000e-03
3.720592     1.37989000e-03
3.721832     1.29014000e-03
3.723073     1.36682000e-03
3.724314     1.97262000e-03
3.725555     1.63075000e-03
3.726797     1.32458000e-03
3.728040     1.61388000e-03
3.729282     1.24634000e-03
3.730525     1.73274000e-03
3.731769     1.63552000e-03
3.733013     1.89110000e-03
3.734257     1.70578000e-03
3.735502     1.37676000e-03
3.736747     1.75242000e-03
3.737993     1.71659000e-03
3.739239     1.93861000e-03
3.740485     1.27023000e-03
3.741732     1.05682000e-03
3.742979     1.25719000e-03
3.744227     1.20437000e-03
3.745475     1.65591000e-03
3.746723     1.66112000e-03
3.747972     1.16437000e-03
3.749221     1.35644000e-03
3.750471     1.35958000e-03
3.751721     1.67111000e-03
3.752972     1.71801000e-03
3.754223     1.42943000e-03
3.755474     1.11507000e-03
3.756726     1.22711000e-03
3.757978     1.42696000e-03
3.759231     1.61865000e-03
3.760484     8.81437000e-04
3.761738     1.83331000e-03
3.762992     1.12660000e-03
3.764246     1.63891000e-03
3.765501     1.14151000e-03
3.766756     1.14650000e-03
3.768011     1.79311000e-03
3.769267     1.50831000e-03
3.770524     1.59795000e-03
3.771781     1.70684000e-03
3.773038     1.81312000e-03
3.774296     1.95580000e-03
3.775554     1.38357000e-03
3.776812     1.85162000e-03
3.778071     1.85509000e-03
3.779331     1.81762000e-03
3.780590     1.26624000e-03
3.781851     1.83508000e-03
3.783111     1.35648000e-03
3.784372     1.58646000e-03
3.785634     1.43608000e-03
3.786895     8.11456000e-04
3.788158     1.83999000e-03
3.789421     1.43425000e-03
3.790684     1.36801000e-03
3.791947     1.63765000e-03
3.793211     1.58347000e-03
3.794476     1.87857000e-03
3.795740     1.81604000e-03
3.797006     1.52068000e-03
3.798271     1.72239000e-03
3.799537     1.56021000e-03
3.800804     1.39966000e-03
3.802071     1.69797000e-03
3.803338     1.60819000e-03
3.804606     1.01152000e-03
3.805874     1.75885000e-03
3.807143     1.49518000e-03
3.808412     8.10580000e-04
3.809681     1.65868000e-03
3.810951     1.30194000e-03
3.812222     1.90070000e-03
3.813492     1.78608000e-03
3.814763     1.63756000e-03
3.816035     2.00348000e-03
3.817307     1.91027000e-03
3.818580     1.75087000e-03
3.819852     1.57831000e-03
3.821126     1.25509000e-03
3.822399     2.05327000e-03
3.823673     1.65839000e-03
3.824948     1.69051000e-03
3.826223     1.63236000e-03
3.827498     1.82806000e-03
3.828774     1.92390000e-03
3.830051     1.22033000e-03
3.831327     1.78682000e-03
3.832604     9.59029000e-04
3.833882     1.61297000e-03
3.835160     1.56020000e-03
3.836438     1.95124000e-03
3.837717     1.52829000e-03
3.838996     1.69038000e-03
3.840276     1.56644000e-03
3.841556     1.30398000e-03
3.842837     2.06497000e-03
3.844117     1.98466000e-03
3.845399     1.51468000e-03
3.846681     1.58509000e-03
3.847963     1.58470000e-03
3.849246     1.90975000e-03
3.850529     1.95679000e-03
3.851812     1.98812000e-03
3.853096     1.72847000e-03
3.854380     1.67220000e-03
3.855665     1.78336000e-03
3.856950     1.35652000e-03
3.858236     2.12411000e-03
3.859522     1.77098000e-03
3.860809     2.07813000e-03
3.862096     1.69611000e-03
3.863383     1.38452000e-03
3.864671     1.80541000e-03
3.865959     1.85423000e-03
3.867248     2.08372000e-03
3.868537     1.78415000e-03
3.869826     2.00997000e-03
3.871116     1.87298000e-03
3.872407     1.08044000e-03
3.873697     1.99687000e-03
3.874989     1.75949000e-03
3.876280     2.03641000e-03
3.877572     2.11785000e-03
3.878865     1.45373000e-03
3.880158     2.19334000e-03
3.881451     1.99220000e-03
3.882745     1.35418000e-03
3.884039     2.06701000e-03
3.885334     2.17098000e-03
3.886629     1.00691000e-03
3.887925     1.90685000e-03
3.889221     1.71236000e-03
3.890517     1.77059000e-03
3.891814     1.47067000e-03
3.893111     1.87653000e-03
3.894409     1.44235000e-03
3.895707     1.64678000e-03
3.897006     1.95041000e-03
3.898305     2.08974000e-03
3.899604     1.75184000e-03
3.900904     1.60049000e-03
3.902204     2.09046000e-03
3.903505     2.13641000e-03
3.904806     1.44965000e-03
3.906108     1.68159000e-03
3.907410     1.77650000e-03
3.908712     1.87199000e-03
3.910015     2.09181000e-03
3.911318     1.05700000e-03
3.912622     1.80847000e-03
3.913926     1.10051000e-03
3.915231     1.56199000e-03
3.916536     2.01501000e-03
3.917842     1.80062000e-03
3.919148     1.90985000e-03
3.920454     1.53146000e-03
3.921761     2.07591000e-03
3.923068     1.93522000e-03
3.924376     1.76790000e-03
3.925684     1.81963000e-03
3.926992     1.85945000e-03
3.928301     1.48215000e-03
3.929611     1.93458000e-03
3.930921     1.82495000e-03
3.932231     1.74490000e-03
3.933542     1.82949000e-03
3.934853     2.11076000e-03
3.936165     2.09568000e-03
3.937477     1.79027000e-03
3.938789     1.44808000e-03
3.940102     1.86700000e-03
3.941415     1.90278000e-03
3.942729     1.85893000e-03
3.944043     1.98769000e-03
3.945358     1.00247000e-03
3.946673     1.89744000e-03
3.947989     2.06323000e-03
3.949305     2.26085000e-03
3.950621     2.09101000e-03
3.951938     1.64416000e-03
3.953255     1.85699000e-03
3.954573     2.04522000e-03
3.955891     1.64938000e-03
3.957210     2.08705000e-03
3.958529     2.13507000e-03
3.959849     1.75074000e-03
3.961168     2.07676000e-03
3.962489     1.21488000e-03
3.963810     1.30455000e-03
3.965131     1.77761000e-03
3.966453     2.11839000e-03
3.967775     1.68809000e-03
3.969097     2.11860000e-03
3.970420     1.47745000e-03
3.971744     2.16775000e-03
3.973068     2.17096000e-03
3.974392     1.57429000e-03
3.975717     1.97858000e-03
3.977042     2.05579000e-03
3.978368     1.77606000e-03
3.979694     1.93919000e-03
3.981021     1.61596000e-03
3.982348     1.67454000e-03
3.983675     2.17042000e-03
3.985003     2.02112000e-03
3.986331     2.01836000e-03
3.987660     1.93493000e-03
3.988989     2.28915000e-03
3.990319     1.99161000e-03
3.991649     9.38097000e-04
3.992980     2.00093000e-03
3.994311     1.81385000e-03
3.995642     1.48425000e-03
3.996974     1.45532000e-03
3.998306     1.91475000e-03
3.999639     1.82824000e-03
4.000972     8.82312000e-04
4.002306     1.64703000e-03
4.003640     1.95943000e-03
4.004975     1.92780000e-03
4.006310     2.04742000e-03
4.007645     1.98148000e-03
4.008981     1.28332000e-03
4.010317     2.21531000e-03
4.011654     1.57696000e-03
4.012991     1.88752000e-03
4.014329     1.85498000e-03
4.015667     1.90802000e-03
4.017005     1.43345000e-03
4.018344     1.76473000e-03
4.019684     1.59860000e-03
4.021024     2.15402000e-03
4.022364     2.01461000e-03
4.023705     1.37015000e-03
4.025046     9.07637000e-04
4.026388     1.64866000e-03
4.027730     1.62009000e-03
4.029073     1.85544000e-03
4.030416     1.60445000e-03
4.031759     1.85058000e-03
4.033103     1.77036000e-03
4.034447     1.23972000e-03
4.035792     2.05689000e-03
4.037137     1.47791000e-03
4.038483     1.80936000e-03
4.039829     2.07691000e-03
4.041176     1.62858000e-03
4.042523     1.91879000e-03
4.043870     1.19568000e-03
4.045218     2.15812000e-03
4.046567     1.27859000e-03
4.047916     2.11357000e-03
4.049265     1.24900000e-03
4.050615     1.99818000e-03
4.051965     1.34064000e-03
4.053316     2.16361000e-03
4.054667     1.84603000e-03
4.056018     2.27036000e-03
4.057370     9.18628000e-04
4.058723     1.51596000e-03
4.060076     1.67486000e-03
4.061429     2.14070000e-03
4.062783     1.12521000e-03
4.064137     1.74281000e-03
4.065492     1.87532000e-03
4.066847     1.87151000e-03
4.068203     2.14500000e-03
4.069559     1.09068000e-03
4.070915     1.78107000e-03
4.072272     2.17100000e-03
4.073630     1.60906000e-03
4.074987     1.31526000e-03
4.076346     1.32080000e-03
4.077705     1.92599000e-03
4.079064     1.65004000e-03
4.080423     1.98384000e-03
4.081784     1.62209000e-03
4.083144     1.18598000e-03
4.084505     2.00821000e-03
4.085867     1.62970000e-03
4.087229     1.20387000e-03
4.088591     1.62964000e-03
4.089954     1.96882000e-03
4.091317     1.36269000e-03
4.092681     2.12461000e-03
4.094045     2.04078000e-03
4.095410     9.20216000e-04
4.096775     1.88591000e-03
4.098141     9.87757000e-04
4.099507     1.89050000e-03
4.100873     2.34440000e-03
4.102240     1.91154000e-03
4.103608     1.65595000e-03
4.104976     1.86000000e-03
4.106344     1.91396000e-03
4.107713     1.66623000e-03
4.109082     1.69942000e-03
4.110452     1.82967000e-03
4.111822     2.05316000e-03
4.113192     1.01601000e-03
4.114563     1.93482000e-03
4.115935     1.52352000e-03
4.117307     1.77013000e-03
4.118679     1.97922000e-03
4.120052     1.81356000e-03
4.121426     9.87562000e-04
4.122799     2.14623000e-03
4.124174     1.71858000e-03
4.125548     1.83429000e-03
4.126924     1.83892000e-03
4.128299     1.88808000e-03
4.129675     1.86007000e-03
4.131052     2.02790000e-03
4.132429     1.38700000e-03
4.133806     2.17062000e-03
4.135184     1.88029000e-03
4.136563     1.19302000e-03
4.137942     1.80234000e-03
4.139321     2.04861000e-03
4.140701     1.55691000e-03
4.142081     9.77733000e-04
4.143462     1.78579000e-03
4.144843     1.50933000e-03
4.146224     2.15842000e-03
4.147606     1.29939000e-03
4.148989     2.17427000e-03
4.150372     1.73373000e-03
4.151755     9.22178000e-04
4.153139     2.30749000e-03
4.154524     1.35589000e-03
4.155908     1.53235000e-03
4.157294     1.41093000e-03
4.158680     1.28861000e-03
4.160066     1.67477000e-03
4.161452     1.43749000e-03
4.162840     1.21936000e-03
4.164227     1.61923000e-03
4.165615     1.23554000e-03
4.167004     2.05575000e-03
4.168393     1.96715000e-03
4.169782     1.45856000e-03
4.171172     9.37372000e-04
4.172563     1.92966000e-03
4.173953     1.92162000e-03
4.175345     1.84231000e-03
4.176737     1.59324000e-03
4.178129     1.47647000e-03
4.179522     1.93440000e-03
4.180915     2.13155000e-03
4.182308     1.73219000e-03
4.183702     1.92366000e-03
4.185097     1.61993000e-03
4.186492     1.03729000e-03
4.187888     1.62436000e-03
4.189284     1.79156000e-03
4.190680     1.24669000e-03
4.192077     1.67985000e-03
4.193474     9.67085000e-04
4.194872     1.41917000e-03
4.196270     1.64747000e-03
4.197669     1.52153000e-03
4.199068     1.35472000e-03
4.200468     1.54853000e-03
4.201868     1.88735000e-03
4.203269     1.74307000e-03
4.204670     1.97232000e-03
4.206071     2.01758000e-03
4.207473     1.22806000e-03
4.208876     1.83471000e-03
4.210279     1.55951000e-03
4.211682     2.16612000e-03
4.213086     1.00078000e-03
4.214491     1.93984000e-03
4.215895     1.42430000e-03
4.217301     1.01561000e-03
4.218706     1.74472000e-03
4.220113     1.26475000e-03
4.221519     1.57937000e-03
4.222927     1.75737000e-03
4.224334     1.52033000e-03
4.225742     9.61814000e-04
4.227151     1.68221000e-03
4.228560     1.05968000e-03
4.229969     1.50383000e-03
4.231379     1.45069000e-03
4.232790     2.01798000e-03
4.234201     1.52936000e-03
4.235612     1.28785000e-03
4.237024     1.25977000e-03
4.238436     1.69113000e-03
4.239849     9.84995000e-04
4.241263     1.63961000e-03
4.242676     1.35274000e-03
4.244091     1.29375000e-03
4.245505     8.20894000e-04
4.246920     1.05901000e-03
4.248336     1.36696000e-03
4.249752     9.73196000e-04
4.251169     1.40046000e-03
4.252586     1.08268000e-03
4.254003     1.03962000e-03
4.255421     9.76418000e-04
4.256840     1.64301000e-03
4.258259     1.71637000e-03
4.259678     1.51716000e-03
4.261098     9.87576000e-04
4.262518     1.51049000e-03
4.263939     9.96082000e-04
4.265361     9.60754000e-04
4.266782     1.56956000e-03
4.268205     9.93514000e-04
4.269627     1.12626000e-03
4.271051     1.70672000e-03
4.272474     1.47258000e-03
4.273898     1.41852000e-03
4.275323     1.33674000e-03
4.276748     1.09560000e-03
4.278174     1.59163000e-03
4.279600     9.54843000e-04
4.281026     1.07173000e-03
4.282453     1.61473000e-03
4.283881     1.71841000e-03
4.285309     1.48233000e-03
4.286737     1.05078000e-03
4.288166     1.37430000e-03
4.289596     1.06720000e-03
4.291025     1.01418000e-03
4.292456     1.87580000e-03
4.293887     1.32085000e-03
4.295318     1.26359000e-03
4.296750     1.53019000e-03
4.298182     1.05275000e-03
4.299615     1.37823000e-03
4.301048     1.19025000e-03
4.302481     1.59513000e-03
4.303916     1.43604000e-03
4.305350     1.25053000e-03
4.306785     1.09098000e-03
4.308221     8.90656000e-04
4.309657     1.20713000e-03
4.311094     1.74180000e-03
4.312531     9.19976000e-04
4.313968     1.17657000e-03
4.315406     1.40073000e-03
4.316845     1.25187000e-03
4.318284     1.68714000e-03
4.319723     9.54734000e-04
4.321163     1.65569000e-03
4.322603     1.09072000e-03
4.324044     8.82913000e-04
4.325486     1.52258000e-03
4.326927     8.57709000e-04
4.328370     1.38195000e-03
4.329812     1.34117000e-03
4.331256     1.04939000e-03
4.332699     1.88133000e-03
4.334144     1.18840000e-03
4.335588     1.87123000e-03
4.337034     1.17205000e-03
4.338479     1.40414000e-03
4.339925     1.37906000e-03
4.341372     1.44230000e-03
4.342819     8.02030000e-04
4.344267     1.27121000e-03
4.345715     9.55330000e-04
4.347163     1.28369000e-03
4.348613     1.79172000e-03
4.350062     1.39124000e-03
4.351512     1.32467000e-03
4.352963     1.40795000e-03
4.354414     1.40317000e-03
4.355865     1.26654000e-03
4.357317     1.26429000e-03
4.358769     1.70945000e-03
4.360222     1.42229000e-03
4.361676     1.55562000e-03
4.363130     1.38914000e-03
4.364584     1.09753000e-03
4.366039     1.41446000e-03
4.367494     1.17381000e-03
4.368950     1.11689000e-03
4.370406     9.70467000e-04
4.371863     1.62316000e-03
4.373320     9.31953000e-04
4.374778     1.37973000e-03
4.376237     1.46738000e-03
4.377695     1.42713000e-03
4.379155     1.48086000e-03
4.380614     1.49915000e-03
4.382074     1.06734000e-03
4.383535     1.67250000e-03
4.384996     1.64436000e-03
4.386458     1.41734000e-03
4.387920     1.19170000e-03
4.389383     1.43593000e-03
4.390846     1.09203000e-03
4.392309     1.64399000e-03
4.393774     1.24632000e-03
4.395238     1.42381000e-03
4.396703     8.96445000e-04
4.398169     1.05368000e-03
4.399635     1.47799000e-03
4.401101     1.08138000e-03
4.402568     1.19395000e-03
4.404036     1.42035000e-03
4.405504     1.40693000e-03
4.406973     1.19628000e-03
4.408442     9.64298000e-04
4.409911     1.47733000e-03
4.411381     1.26423000e-03
4.412851     1.66895000e-03
4.414322     1.38234000e-03
4.415794     1.24552000e-03
4.417266     1.64692000e-03
4.418738     1.45547000e-03
4.420211     1.06863000e-03
4.421684     1.25821000e-03
4.423158     1.00386000e-03
4.424633     1.16576000e-03
4.426108     1.46136000e-03
4.427583     1.22215000e-03
4.429059     1.26742000e-03
4.430535     1.32458000e-03
4.432012     1.53522000e-03
4.433489     1.42461000e-03
4.434967     9.86214000e-04
4.436446     1.51446000e-03
4.437924     1.57320000e-03
4.439404     1.18953000e-03
4.440883     1.32809000e-03
4.442364     1.34398000e-03
4.443845     1.26385000e-03
4.445326     1.20583000e-03
4.446808     1.16933000e-03
4.448290     1.43504000e-03
4.449773     1.33536000e-03
4.451256     1.35806000e-03
4.452740     1.15036000e-03
4.454224     1.01487000e-03
4.455709     1.17813000e-03
4.457194     1.13117000e-03
4.458680     1.37720000e-03
4.460166     1.34137000e-03
4.461653     1.39807000e-03
4.463140     1.23175000e-03
4.464627     1.46335000e-03
4.466116     1.32095000e-03
4.467604     1.46706000e-03
4.469094     1.29146000e-03
4.470583     1.47734000e-03
4.472073     1.20810000e-03
4.473564     1.41768000e-03
4.475055     1.59876000e-03
4.476547     1.39011000e-03
4.478039     1.35475000e-03
4.479532     1.55302000e-03
4.481025     1.31775000e-03
4.482519     1.29345000e-03
4.484013     1.35039000e-03
4.485508     1.35728000e-03
4.487003     1.56878000e-03
4.488498     1.33635000e-03
4.489995     1.29030000e-03
4.491491     1.40388000e-03
4.492988     1.38750000e-03
4.494486     1.27214000e-03
4.495984     1.29900000e-03
4.497483     1.59460000e-03
4.498982     1.41789000e-03
4.500482     1.24595000e-03
4.501982     1.38131000e-03
4.503483     1.32834000e-03
4.504984     1.26010000e-03
4.506485     1.30848000e-03
4.507988     1.29487000e-03
4.509490     1.45417000e-03
4.510993     8.27380000e-04
4.512497     1.36290000e-03
4.514001     1.25806000e-03
4.515506     1.34929000e-03
4.517011     1.51575000e-03
4.518517     1.41153000e-03
4.520023     1.26257000e-03
4.521530     9.43930000e-04
4.523037     1.39408000e-03
4.524544     1.26415000e-03
4.526053     1.21383000e-03
4.527561     1.28672000e-03
4.529070     1.61890000e-03
4.530580     1.48990000e-03
4.532090     1.29767000e-03
4.533601     1.38270000e-03
4.535112     1.39060000e-03
4.536624     1.49601000e-03
4.538136     1.35295000e-03
4.539649     1.36116000e-03
4.541162     1.37282000e-03
4.542676     1.51654000e-03
4.544190     1.45449000e-03
4.545705     1.17316000e-03
4.547220     1.54818000e-03
4.548736     1.50786000e-03
4.550252     1.49317000e-03
4.551769     1.03862000e-03
4.553286     1.36115000e-03
4.554804     1.60462000e-03
4.556322     1.53583000e-03
4.557841     1.35560000e-03
4.559360     1.19165000e-03
4.560880     1.44667000e-03
4.562400     1.52309000e-03
4.563921     1.23230000e-03
4.565442     1.37223000e-03
4.566964     1.42291000e-03
4.568486     1.47367000e-03
4.570009     1.56122000e-03
4.571533     1.51713000e-03
4.573056     1.23374000e-03
4.574581     1.40782000e-03
4.576106     1.23468000e-03
4.577631     1.37990000e-03
4.579157     1.51634000e-03
4.580683     1.27137000e-03
4.582210     1.00074000e-03
4.583738     1.50864000e-03
4.585265     1.69511000e-03
4.586794     1.43210000e-03
4.588323     1.39460000e-03
4.589852     1.61379000e-03
4.591382     1.68457000e-03
4.592913     1.52009000e-03
4.594444     1.37837000e-03
4.595975     9.83031000e-04
4.597507     1.59652000e-03
4.599040     1.76118000e-03
4.600573     1.56613000e-03
4.602106     1.26363000e-03
4.603640     1.50931000e-03
4.605175     1.71612000e-03
4.606710     1.66564000e-03
4.608245     1.53101000e-03
4.609781     1.30019000e-03
4.611318     1.54849000e-03
4.612855     1.07878000e-03
4.614393     1.58282000e-03
4.615931     1.18935000e-03
4.617470     1.25898000e-03
4.619009     1.47004000e-03
4.620548     1.34182000e-03
4.622089     1.37085000e-03
4.623629     1.18588000e-03
4.625170     1.33839000e-03
4.626712     1.29478000e-03
4.628254     1.50012000e-03
4.629797     1.48962000e-03
4.631340     1.30337000e-03
4.632884     1.38445000e-03
4.634429     1.58237000e-03
4.635973     1.73687000e-03
4.637519     1.23800000e-03
4.639064     1.78194000e-03
4.640611     1.47374000e-03
4.642158     1.57262000e-03
4.643705     1.58579000e-03
4.645253     1.47502000e-03
4.646801     1.35657000e-03
4.648350     1.05954000e-03
4.649900     1.51062000e-03
4.651450     1.47762000e-03
4.653000     1.38083000e-03
4.654551     1.84488000e-03
4.656103     1.88388000e-03
4.657655     1.38874000e-03
4.659207     1.45756000e-03
4.660760     1.69965000e-03
4.662314     1.56355000e-03
4.663868     1.87909000e-03
4.665423     1.44550000e-03
4.666978     1.07289000e-03
4.668534     1.84437000e-03
4.670090     1.30330000e-03
4.671646     1.92258000e-03
4.673204     1.62635000e-03
4.674761     1.58858000e-03
4.676320     1.76079000e-03
4.677878     1.58067000e-03
4.679438     1.32492000e-03
4.680998     1.47233000e-03
4.682558     1.25326000e-03
4.684119     1.64439000e-03
4.685680     1.80691000e-03
4.687242     1.87735000e-03
4.688804     1.63596000e-03
4.690367     1.59892000e-03
4.691931     1.46365000e-03
4.693495     1.84379000e-03
4.695059     1.42009000e-03
4.696624     1.87635000e-03
4.698190     1.45538000e-03
4.699756     1.32299000e-03
4.701322     1.71580000e-03
4.702890     1.47873000e-03
4.704457     1.21437000e-03
4.706025     1.85015000e-03
4.707594     1.44614000e-03
4.709163     1.19434000e-03
4.710733     1.15933000e-03
4.712303     1.62422000e-03
4.713874     1.82528000e-03
4.715445     1.63317000e-03
4.717017     1.25597000e-03
4.718589     1.31773000e-03
4.720162     1.58422000e-03
4.721736     1.81483000e-03
4.723310     1.84475000e-03
4.724884     1.64509000e-03
4.726459     1.38350000e-03
4.728034     1.31000000e-03
4.729610     1.61338000e-03
4.731187     1.68323000e-03
4.732764     1.46649000e-03
4.734342     1.51395000e-03
4.735920     1.17701000e-03
4.737498     1.64441000e-03
4.739078     1.63335000e-03
4.740657     1.06459000e-03
4.742237     1.25588000e-03
4.743818     1.58054000e-03
4.745399     1.27881000e-03
4.746981     1.68703000e-03
4.748564     1.07040000e-03
4.750146     1.40935000e-03
4.751730     1.81783000e-03
4.753314     1.53931000e-03
4.754898     1.38952000e-03
4.756483     1.75185000e-03
4.758069     1.75312000e-03
4.759655     1.21348000e-03
4.761241     1.76132000e-03
4.762828     1.30931000e-03
4.764416     1.38311000e-03
4.766004     1.70029000e-03
4.767593     1.45607000e-03
4.769182     1.51062000e-03
4.770772     1.06507000e-03
4.772362     1.41015000e-03
4.773953     1.36688000e-03
4.775544     1.60696000e-03
4.777136     1.39878000e-03
4.778728     1.76830000e-03
4.780321     1.78273000e-03
4.781915     1.61052000e-03
4.783509     1.30170000e-03
4.785103     1.50932000e-03
4.786698     1.73605000e-03
4.788294     1.87286000e-03
4.789890     1.75840000e-03
4.791486     1.53716000e-03
4.793084     1.20036000e-03
4.794681     1.49231000e-03
4.796279     1.75952000e-03
4.797878     1.72924000e-03
4.799478     1.72810000e-03
4.801077     1.71593000e-03
4.802678     1.42511000e-03
4.804279     1.52543000e-03
4.805880     1.71867000e-03
4.807482     1.90039000e-03
4.809084     1.74164000e-03
4.810688     1.67777000e-03
4.812291     1.48735000e-03
4.813895     1.52453000e-03
4.815500     1.41859000e-03
4.817105     1.76954000e-03
4.818711     1.78972000e-03
4.820317     1.33368000e-03
4.821924     1.59837000e-03
4.823531     1.39640000e-03
4.825139     1.12550000e-03
4.826747     1.55234000e-03
4.828356     1.59476000e-03
4.829966     1.84731000e-03
4.831576     1.54395000e-03
4.833186     1.44267000e-03
4.834797     1.52300000e-03
4.836409     1.76189000e-03
4.838021     1.89853000e-03
4.839634     1.87328000e-03
4.841247     1.63292000e-03
4.842861     1.42165000e-03
4.844475     1.46110000e-03
4.846090     1.75707000e-03
4.847705     1.34309000e-03
4.849321     1.16831000e-03
4.850937     1.88663000e-03
4.852554     1.60334000e-03
4.854172     1.46335000e-03
4.855790     1.37891000e-03
4.857408     1.57823000e-03
4.859028     1.64169000e-03
4.860647     1.60484000e-03
4.862268     1.76794000e-03
4.863888     1.47372000e-03
4.865510     1.42904000e-03
4.867131     1.61005000e-03
4.868754     1.68934000e-03
4.870377     1.65975000e-03
4.872000     1.46284000e-03
4.873624     1.52844000e-03
4.875249     1.53417000e-03
4.876874     1.24415000e-03
4.878499     1.88239000e-03
4.880126     1.53454000e-03
4.881752     1.83787000e-03
4.883380     1.71569000e-03
4.885007     1.27946000e-03
4.886636     1.39824000e-03
4.888265     1.47418000e-03
4.889894     1.75714000e-03
4.891524     1.62251000e-03
4.893154     1.59329000e-03
4.894785     9.76835000e-04
4.896417     1.63337000e-03
4.898049     1.32815000e-03
4.899682     1.64870000e-03
4.901315     1.66306000e-03
4.902949     1.98236000e-03
4.904583     1.49014000e-03
4.906218     1.70149000e-03
4.907853     1.62572000e-03
4.909489     1.22973000e-03
4.911126     1.80224000e-03
4.912763     1.82015000e-03
4.914401     1.59156000e-03
4.916039     1.36946000e-03
4.917677     1.70697000e-03
4.919317     1.71339000e-03
4.920956     1.53229000e-03
4.922597     1.09821000e-03
4.924238     1.92758000e-03
4.925879     1.61030000e-03
4.927521     1.77835000e-03
4.929163     1.83896000e-03
4.930806     1.66243000e-03
4.932450     1.56213000e-03
4.934094     1.69473000e-03
4.935739     1.62778000e-03
4.937384     1.62785000e-03
4.939030     1.26451000e-03
4.940676     1.97082000e-03
4.942323     1.69276000e-03
4.943971     1.58824000e-03
4.945619     1.78078000e-03
4.947267     1.86125000e-03
4.948916     1.41981000e-03
4.950566     1.01595000e-03
4.952216     1.68941000e-03
4.953867     1.17663000e-03
4.955518     1.53852000e-03
4.957170     1.59909000e-03
4.958822     1.78678000e-03
4.960475     1.54334000e-03
4.962129     1.99670000e-03
4.963783     1.59722000e-03
4.965437     1.22994000e-03
4.967093     1.46655000e-03
4.968748     1.58654000e-03
4.970405     1.72943000e-03
4.972061     1.70773000e-03
4.973719     1.37827000e-03
4.975377     2.06954000e-03
4.977035     1.41681000e-03
4.978694     1.28758000e-03
4.980354     1.76318000e-03
4.982014     1.75254000e-03
4.983674     1.47504000e-03
4.985336     1.44602000e-03
4.986997     1.86046000e-03
4.988660     1.89657000e-03
4.990323     1.63597000e-03
4.991986     1.80004000e-03
4.993650     1.83527000e-03
4.995315     1.17107000e-03
4.996980     1.26537000e-03
4.998645     2.06414000e-03
5.000312     2.05402000e-03
5.001978     1.70745000e-03
5.003646     1.35112000e-03
5.005314     1.90234000e-03
5.006982     1.32662000e-03
5.008651     1.84416000e-03
5.010321     1.71892000e-03
5.011991     1.55826000e-03
5.013661     1.41923000e-03
5.015333     1.37880000e-03
5.017004     1.23172000e-03
5.018677     1.60553000e-03
5.020350     8.65947000e-04
5.022023     1.60763000e-03
5.023697     1.61920000e-03
5.025372     1.46258000e-03
5.027047     1.63018000e-03
5.028722     1.67175000e-03
5.030399     1.25879000e-03
5.032075     1.85904000e-03
5.033753     1.94564000e-03
5.035431     1.64304000e-03
5.037109     1.99868000e-03
5.038788     1.29518000e-03
5.040468     1.01569000e-03
5.042148     1.76129000e-03
5.043829     1.97475000e-03
5.045510     1.99858000e-03
5.047192     1.43872000e-03
5.048874     1.95847000e-03
5.050557     1.51965000e-03
5.052241     1.79733000e-03
5.053925     1.52096000e-03
5.055609     1.25702000e-03
5.057295     1.87378000e-03
5.058980     1.59003000e-03
5.060667     2.11195000e-03
5.062354     1.33869000e-03
5.064041     1.79545000e-03
5.065729     1.70783000e-03
5.067418     1.63077000e-03
5.069107     1.55926000e-03
5.070796     1.81830000e-03
5.072487     1.53320000e-03
5.074178     2.13503000e-03
5.075869     1.82657000e-03
5.077561     1.20320000e-03
5.079253     1.47451000e-03
5.080947     1.56626000e-03
5.082640     9.72296000e-04
5.084334     1.49006000e-03
5.086029     1.37983000e-03
5.087724     2.15131000e-03
5.089420     1.75990000e-03
5.091117     1.80865000e-03
5.092814     1.65140000e-03
5.094512     1.74331000e-03
5.096210     1.95716000e-03
5.097908     1.80699000e-03
5.099608     2.26730000e-03
5.101308     1.96766000e-03
5.103008     1.35145000e-03
5.104709     1.69413000e-03
5.106411     1.79301000e-03
5.108113     1.27086000e-03
5.109815     1.93667000e-03
5.111519     1.82122000e-03
5.113223     1.94873000e-03
5.114927     1.71909000e-03
5.116632     2.20327000e-03
5.118337     1.48940000e-03
5.120044     1.95284000e-03
5.121750     2.09888000e-03
5.123458     2.15744000e-03
5.125165     1.99093000e-03
5.126874     2.01201000e-03
5.128583     1.27187000e-03
5.130292     1.19626000e-03
5.132002     1.74433000e-03
5.133713     1.91596000e-03
5.135424     1.64372000e-03
5.137136     1.29791000e-03
5.138848     2.12919000e-03
5.140561     1.67040000e-03
5.142275     1.48876000e-03
5.143989     1.62501000e-03
5.145704     1.65223000e-03
5.147419     1.46196000e-03
5.149135     1.34530000e-03
5.150851     1.85025000e-03
5.152568     1.33412000e-03
5.154286     2.23682000e-03
5.156004     1.68541000e-03
5.157722     1.86554000e-03
5.159442     1.92515000e-03
5.161161     1.90549000e-03
5.162882     1.74896000e-03
5.164603     1.58308000e-03
5.166324     2.14160000e-03
5.168046     1.89950000e-03
5.169769     1.66563000e-03
5.171492     1.80893000e-03
5.173216     1.22596000e-03
5.174941     1.85957000e-03
5.176665     1.99219000e-03
5.178391     1.72309000e-03
5.180117     1.32632000e-03
5.181844     2.10969000e-03
5.183571     1.71984000e-03
5.185299     1.30162000e-03
5.187027     1.39346000e-03
5.188756     1.15914000e-03
5.190486     1.86007000e-03
5.192216     1.76171000e-03
5.193947     1.83669000e-03
5.195678     1.43993000e-03
5.197410     1.78067000e-03
5.199143     1.85769000e-03
5.200876     1.40617000e-03
5.202609     1.66570000e-03
5.204344     1.86196000e-03
5.206078     1.72860000e-03
5.207814     2.26313000e-03
5.209550     1.59072000e-03
5.211286     1.76773000e-03
5.213023     1.94195000e-03
5.214761     1.45191000e-03
5.216499     1.93695000e-03
5.218238     1.92014000e-03
5.219977     1.93104000e-03
5.221717     1.64820000e-03
5.223458     1.54205000e-03
5.225199     2.04327000e-03
5.226941     1.97406000e-03
5.228683     1.85744000e-03
5.230426     2.37482000e-03
5.232170     1.68075000e-03
5.233914     2.24860000e-03
5.235658     1.42410000e-03
5.237403     1.57522000e-03
5.239149     1.43011000e-03
5.240896     1.30277000e-03
5.242643     1.54401000e-03
5.244390     1.92472000e-03
5.246138     1.47605000e-03
5.247887     1.98984000e-03
5.249636     1.69888000e-03
5.251386     1.55019000e-03
5.253137     2.02336000e-03
5.254888     1.53246000e-03
5.256639     1.68844000e-03
5.258391     1.57205000e-03
5.260144     2.14284000e-03
5.261898     1.35981000e-03
5.263652     2.09351000e-03
5.265406     1.96344000e-03
5.267161     1.92811000e-03
5.268917     1.47158000e-03
5.270673     1.74880000e-03
5.272430     2.30223000e-03
5.274188     2.24149000e-03
5.275946     1.13863000e-03
5.277704     1.34151000e-03
5.279464     1.78242000e-03
5.281223     1.92645000e-03
5.282984     1.56370000e-03
5.284745     2.15699000e-03
5.286506     1.30801000e-03
5.288269     1.70980000e-03
5.290031     1.79013000e-03
5.291795     1.76657000e-03
5.293559     2.10989000e-03
5.295323     1.36623000e-03
5.297088     1.78593000e-03
5.298854     2.05193000e-03
5.300620     1.75043000e-03
5.302387     1.78568000e-03
5.304155     1.14002000e-03
5.305923     1.87495000e-03
5.307691     1.94503000e-03
5.309461     2.15140000e-03
5.311230     1.65087000e-03
5.313001     2.47633000e-03
5.314772     1.79172000e-03
5.316543     2.13088000e-03
5.318316     1.78643000e-03
5.320088     1.51964000e-03
5.321862     1.31340000e-03
5.323636     2.09329000e-03
5.325410     2.25439000e-03
5.327185     1.90486000e-03
5.328961     2.09544000e-03
5.330737     2.08525000e-03
5.332514     2.21590000e-03
5.334292     1.90093000e-03
5.336070     1.28584000e-03
5.337849     1.59073000e-03
5.339628     1.85935000e-03
5.341408     1.37156000e-03
5.343188     2.10519000e-03
5.344969     1.48268000e-03
5.346751     1.96703000e-03
5.348533     1.96158000e-03
5.350316     1.53061000e-03
5.352099     1.61040000e-03
5.353883     1.67674000e-03
5.355668     1.91529000e-03
5.357453     1.64285000e-03
5.359239     2.02980000e-03
5.361026     1.45870000e-03
5.362813     1.95495000e-03
5.364600     1.24461000e-03
5.366388     2.07239000e-03
5.368177     1.37616000e-03
5.369967     1.85770000e-03
5.371757     1.64519000e-03
5.373547     1.68835000e-03
5.375338     1.97480000e-03
5.377130     1.31476000e-03
5.378922     1.76251000e-03
5.380715     1.62919000e-03
5.382509     1.79172000e-03
5.384303     1.69296000e-03
5.386098     2.10701000e-03
5.387893     1.87795000e-03
5.389689     1.44983000e-03
5.391486     1.85848000e-03
5.393283     1.62853000e-03
5.395081     1.45064000e-03
5.396879     2.19850000e-03
5.398678     2.10969000e-03
5.400478     1.93138000e-03
5.402278     1.26756000e-03
5.404079     1.97543000e-03
5.405880     1.92024000e-03
5.407682     1.72498000e-03
5.409484     1.52047000e-03
5.411288     1.91151000e-03
5.413091     1.26611000e-03
5.414896     2.23567000e-03
5.416701     1.84169000e-03
5.418506     1.85462000e-03
5.420312     1.94521000e-03
5.422119     1.71915000e-03
5.423927     1.71777000e-03
5.425735     1.84573000e-03
5.427543     1.74309000e-03
5.429352     1.91024000e-03
5.431162     1.90585000e-03
5.432972     2.16421000e-03
5.434783     1.79917000e-03
5.436595     1.80165000e-03
5.438407     1.92156000e-03
5.440220     1.54494000e-03
5.442033     2.07634000e-03
5.443847     1.78682000e-03
5.445662     2.03154000e-03
5.447477     2.36273000e-03
5.449293     2.21015000e-03
5.451110     1.90455000e-03
5.452927     1.97182000e-03
5.454744     1.07724000e-03
5.456562     1.56999000e-03
5.458381     1.76887000e-03
5.460201     1.42609000e-03
5.462021     2.04516000e-03
5.463842     1.33523000e-03
5.465663     2.30696000e-03
5.467485     1.95981000e-03
5.469307     1.59640000e-03
5.471130     2.40526000e-03
5.472954     1.61109000e-03
5.474778     1.67540000e-03
5.476603     1.81889000e-03
5.478429     1.06847000e-03
5.480255     1.46513000e-03
5.482082     2.08168000e-03
5.483909     1.95437000e-03
5.485737     1.27065000e-03
5.487566     1.71437000e-03
5.489395     2.44711000e-03
5.491225     2.01690000e-03
5.493055     1.93047000e-03
5.494886     1.69455000e-03
5.496718     1.47680000e-03
5.498550     2.30872000e-03
5.500383     1.98216000e-03
5.502216     1.01321000e-03
5.504050     1.70523000e-03
5.505885     2.27010000e-03
5.507720     1.70713000e-03
5.509556     1.93584000e-03
5.511393     1.49768000e-03
5.513230     1.99078000e-03
5.515068     1.64395000e-03
5.516906     1.93890000e-03
5.518745     1.57719000e-03
5.520584     1.39577000e-03
5.522425     1.95370000e-03
5.524265     1.41182000e-03
5.526107     1.45752000e-03
5.527949     1.77125000e-03
5.529792     1.56973000e-03
5.531635     1.76922000e-03
5.533479     1.60344000e-03
5.535323     1.55403000e-03
5.537168     1.88469000e-03
5.539014     1.86984000e-03
5.540860     1.80329000e-03
5.542707     1.86101000e-03
5.544555     2.01998000e-03
5.546403     1.71169000e-03
5.548252     1.72792000e-03
5.550101     1.81886000e-03
5.551951     1.72009000e-03
5.553802     1.56692000e-03
5.555653     1.98592000e-03
5.557505     1.79137000e-03
5.559358     1.98355000e-03
5.561211     1.79219000e-03
5.563064     2.08188000e-03
5.564919     1.63812000e-03
5.566774     1.72368000e-03
5.568629     1.66784000e-03
5.570486     1.58786000e-03
5.572342     2.21471000e-03
5.574200     1.89591000e-03
5.576058     1.92981000e-03
5.577917     1.68581000e-03
5.579776     1.94198000e-03
5.581636     2.15707000e-03
5.583496     1.59700000e-03
5.585358     1.39862000e-03
5.587219     1.13360000e-03
5.589082     2.15730000e-03
5.590945     1.20295000e-03
5.592808     1.71393000e-03
5.594673     1.68372000e-03
5.596538     2.04456000e-03
5.598403     1.70568000e-03
5.600269     1.92982000e-03
5.602136     1.61909000e-03
5.604003     1.93098000e-03
5.605871     1.62101000e-03
5.607740     1.49564000e-03
5.609609     2.29018000e-03
5.611479     1.90080000e-03
5.613350     1.54405000e-03
5.615221     1.69899000e-03
5.617092     1.82347000e-03
5.618965     2.17984000e-03
5.620838     1.08061000e-03
5.622711     1.65452000e-03
5.624586     1.68468000e-03
5.626461     1.99678000e-03
5.628336     1.91093000e-03
5.630212     1.75073000e-03
5.632089     1.74880000e-03
5.633966     1.42128000e-03
5.635844     2.09465000e-03
5.637723     2.14332000e-03
5.639602     1.75789000e-03
5.641482     1.78671000e-03
5.643362     1.86141000e-03
5.645244     1.83340000e-03
5.647125     2.07866000e-03
5.649008     1.58966000e-03
5.650891     1.48408000e-03
5.652774     2.10422000e-03
5.654659     1.53938000e-03
5.656543     1.75145000e-03
5.658429     2.05780000e-03
5.660315     1.88401000e-03
5.662202     1.34055000e-03
5.664089     2.13933000e-03
5.665977     2.09198000e-03
5.667866     1.59282000e-03
5.669755     1.63728000e-03
5.671645     2.11609000e-03
5.673536     1.70796000e-03
5.675427     1.63883000e-03
5.677319     1.98864000e-03
5.679211     1.63714000e-03
5.681104     2.26829000e-03
5.682998     2.02425000e-03
5.684892     1.74118000e-03
5.686787     1.61563000e-03
5.688683     1.94627000e-03
5.690579     1.50335000e-03
5.692476     1.70896000e-03
5.694373     1.93480000e-03
5.696272     1.95544000e-03
5.698170     1.83956000e-03
5.700070     1.71110000e-03
5.701970     2.36600000e-03
5.703870     2.23577000e-03
5.705772     2.21623000e-03
5.707674     1.66357000e-03
5.709576     1.47982000e-03
5.711479     1.32591000e-03
5.713383     1.88635000e-03
5.715288     1.62457000e-03
5.717193     2.00448000e-03
5.719098     1.46323000e-03
5.721005     1.71665000e-03
5.722912     1.78102000e-03
5.724819     2.26801000e-03
5.726728     1.92154000e-03
5.728637     1.63320000e-03
5.730546     1.71796000e-03
5.732456     1.78151000e-03
5.734367     1.78213000e-03
5.736279     1.91138000e-03
5.738191     1.71192000e-03
5.740103     2.29348000e-03
5.742017     2.14571000e-03
5.743931     1.38141000e-03
5.745845     2.08352000e-03
5.747761     1.66895000e-03
5.749677     1.89862000e-03
5.751593     2.21247000e-03
5.753510     2.26458000e-03
5.755428     1.88418000e-03
5.757347     1.98423000e-03
5.759266     2.38488000e-03
5.761186     2.13469000e-03
5.763106     1.95983000e-03
5.765027     1.70896000e-03
5.766949     1.42392000e-03
5.768871     1.62649000e-03
5.770794     1.58135000e-03
5.772718     2.09593000e-03
5.774642     2.06177000e-03
5.776567     1.84316000e-03
5.778492     2.17628000e-03
5.780418     1.84247000e-03
5.782345     1.72330000e-03
5.784273     2.15716000e-03
5.786201     1.72380000e-03
5.788129     1.99840000e-03
5.790059     1.81179000e-03
5.791989     1.86322000e-03
5.793920     2.01882000e-03
5.795851     1.33592000e-03
5.797783     1.99860000e-03
5.799715     1.95028000e-03
5.801649     1.57241000e-03
5.803583     1.77979000e-03
5.805517     1.80478000e-03
5.807452     2.14913000e-03
5.809388     2.02034000e-03
5.811324     1.63010000e-03
5.813262     2.07408000e-03
5.815199     2.03814000e-03
5.817138     2.00345000e-03
5.819077     1.99426000e-03
5.821016     1.86927000e-03
5.822957     1.70425000e-03
5.824898     2.19094000e-03
5.826839     2.07534000e-03
5.828782     1.76606000e-03
5.830725     1.79593000e-03
5.832668     1.92716000e-03
5.834612     1.96431000e-03
5.836557     1.82021000e-03
5.838503     2.13733000e-03
5.840449     2.14421000e-03
5.842396     2.08357000e-03
5.844343     1.80036000e-03
5.846291     1.57826000e-03
5.848240     2.04517000e-03
5.850190     1.51411000e-03
5.852140     1.79377000e-03
5.854090     2.22611000e-03
5.856042     2.32729000e-03
5.857994     1.93472000e-03
5.859946     2.06574000e-03
5.861900     1.85447000e-03
5.863854     2.07864000e-03
5.865808     2.02988000e-03
5.867764     2.10535000e-03
5.869720     1.73180000e-03
5.871676     2.12962000e-03
5.873633     1.79863000e-03
5.875591     2.27674000e-03
5.877550     1.60550000e-03
5.879509     1.72318000e-03
5.881469     2.06188000e-03
5.883429     1.76031000e-03
5.885390     1.92673000e-03
5.887352     1.52353000e-03
5.889315     1.60166000e-03
5.891278     1.93737000e-03
5.893241     2.30237000e-03
5.895206     2.07565000e-03
5.897171     1.82317000e-03
5.899137     2.04094000e-03
5.901103     1.72565000e-03
5.903070     1.22526000e-03
5.905038     1.89713000e-03
5.907006     2.09445000e-03
5.908975     2.17796000e-03
5.910945     1.72374000e-03
5.912915     2.18067000e-03
5.914886     1.80959000e-03
5.916858     1.87786000e-03
5.918830     2.18750000e-03
5.920803     1.86278000e-03
5.922777     1.60412000e-03
5.924751     1.76993000e-03
5.926726     2.52444000e-03
5.928701     1.69079000e-03
5.930678     2.17566000e-03
5.932654     1.96699000e-03
5.934632     1.89512000e-03
5.936610     2.05311000e-03
5.938589     1.83684000e-03
5.940569     2.04354000e-03
5.942549     1.83040000e-03
5.944530     1.84576000e-03
5.946511     1.56883000e-03
5.948493     1.22784000e-03
5.950476     1.82063000e-03
5.952460     2.08897000e-03
5.954444     1.36788000e-03
5.956429     2.29379000e-03
5.958414     2.27452000e-03
5.960400     2.10624000e-03
5.962387     1.86191000e-03
5.964374     2.49705000e-03
5.966363     2.12166000e-03
5.968351     1.58187000e-03
5.970341     1.99854000e-03
5.972331     1.77311000e-03
5.974322     2.04429000e-03
5.976313     1.61296000e-03
5.978305     1.43525000e-03
5.980298     2.50783000e-03
5.982291     2.01407000e-03
5.984286     2.10318000e-03
5.986280     2.40528000e-03
5.988276     2.35440000e-03
5.990272     1.57310000e-03
5.992269     1.90934000e-03
5.994266     1.74010000e-03
5.996264     1.72217000e-03
5.998263     2.26702000e-03
6.000262     2.16644000e-03
6.002262     2.16365000e-03
6.004263     2.55053000e-03
6.006265     1.96629000e-03
6.008267     2.58555000e-03
6.010269     1.83622000e-03
6.012273     2.26906000e-03
6.014277     1.99585000e-03
6.016282     1.84432000e-03
6.018287     2.16116000e-03
6.020293     2.36458000e-03
6.022300     1.86434000e-03
6.024307     1.97051000e-03
6.026315     2.43733000e-03
6.028324     1.88831000e-03
6.030334     1.52476000e-03
6.032344     1.77917000e-03
6.034355     1.82369000e-03
6.036366     2.33810000e-03
6.038378     2.54757000e-03
6.040391     2.14917000e-03
6.042404     1.73545000e-03
6.044419     1.85241000e-03
6.046433     2.21036000e-03
6.048449     1.80333000e-03
6.050465     1.85268000e-03
6.052482     2.03718000e-03
6.054499     1.51263000e-03
6.056517     2.28560000e-03
6.058536     1.77374000e-03
6.060556     2.07386000e-03
6.062576     2.17508000e-03
6.064597     1.87022000e-03
6.066618     1.47644000e-03
6.068641     2.38201000e-03
6.070663     1.87096000e-03
6.072687     2.40461000e-03
6.074711     2.07577000e-03
6.076736     2.22776000e-03
6.078762     2.17829000e-03
6.080788     2.14914000e-03
6.082815     2.46209000e-03
6.084843     2.47089000e-03
6.086871     2.36105000e-03
6.088900     2.01542000e-03
6.090929     2.21359000e-03
6.092960     2.06277000e-03
6.094991     1.94572000e-03
6.097022     2.14722000e-03
6.099055     1.67204000e-03
6.101088     1.92985000e-03
6.103121     2.21167000e-03
6.105156     2.00462000e-03
6.107191     2.17660000e-03
6.109227     2.03785000e-03
6.111263     2.49176000e-03
6.113300     1.86431000e-03
6.115338     1.76327000e-03
6.117376     1.96178000e-03
6.119415     1.91321000e-03
6.121455     2.35607000e-03
6.123496     1.66472000e-03
6.125537     2.62299000e-03
6.127579     2.54457000e-03
6.129621     2.56277000e-03
6.131664     1.76488000e-03
6.133708     2.67212000e-03
6.135753     2.44325000e-03
6.137798     2.75072000e-03
6.139844     2.80734000e-03
6.141891     2.13626000e-03
6.143938     1.97348000e-03
6.145986     1.69477000e-03
6.148035     2.54918000e-03
6.150084     1.95560000e-03
6.152134     2.51907000e-03
6.154185     2.08319000e-03
6.156236     2.17593000e-03
6.158288     1.43472000e-03
6.160341     2.10932000e-03
6.162394     2.43525000e-03
6.164449     2.37856000e-03
6.166503     1.69598000e-03
6.168559     1.32305000e-03
6.170615     1.78214000e-03
6.172672     1.89455000e-03
6.174729     1.71813000e-03
6.176788     2.15231000e-03
6.178847     2.66262000e-03
6.180906     1.89591000e-03
6.182967     2.04202000e-03
6.185028     1.94243000e-03
6.187089     1.49773000e-03
6.189152     2.47290000e-03
6.191215     2.45060000e-03
6.193278     2.03159000e-03
6.195343     2.45737000e-03
6.197408     1.78662000e-03
6.199474     2.14192000e-03
6.201540     2.18997000e-03
6.203607     2.38157000e-03
6.205675     2.34639000e-03
6.207744     2.08184000e-03
6.209813     2.25396000e-03
6.211883     2.49778000e-03
6.213954     1.96434000e-03
6.216025     2.46031000e-03
6.218097     1.79721000e-03
6.220170     2.33560000e-03
6.222243     2.08060000e-03
6.224317     2.72451000e-03
6.226392     1.54953000e-03
6.228467     2.43029000e-03
6.230544     2.18891000e-03
6.232620     2.36349000e-03
6.234698     1.73789000e-03
6.236776     2.27727000e-03
6.238855     1.79249000e-03
6.240935     2.10485000e-03
6.243015     2.17009000e-03
6.245096     2.07808000e-03
6.247178     2.36112000e-03
6.249260     2.61044000e-03
6.251343     1.85694000e-03
6.253427     2.40048000e-03
6.255511     1.75369000e-03
6.257597     2.66819000e-03
6.259682     2.58132000e-03
6.261769     2.22455000e-03
6.263856     2.16357000e-03
6.265944     2.34686000e-03
6.268033     2.30152000e-03
6.270122     2.01577000e-03
6.272212     2.09781000e-03
6.274303     1.92944000e-03
6.276394     2.43094000e-03
6.278487     1.78393000e-03
6.280579     2.36334000e-03
6.282673     1.61101000e-03
6.284767     2.46662000e-03
6.286862     2.27424000e-03
6.288958     2.11624000e-03
6.291054     2.30918000e-03
6.293151     2.47345000e-03
6.295249     1.88808000e-03
6.297347     2.35981000e-03
6.299446     1.74257000e-03
6.301546     1.69358000e-03
6.303647     1.64018000e-03
6.305748     2.52866000e-03
6.307850     2.15514000e-03
6.309952     2.22753000e-03
6.312056     2.23491000e-03
6.314160     2.30438000e-03
6.316264     2.32342000e-03
6.318370     2.44542000e-03
6.320476     2.60625000e-03
6.322583     2.15436000e-03
6.324690     2.55617000e-03
6.326799     1.75883000e-03
6.328907     2.66255000e-03
6.331017     2.83964000e-03
6.333127     2.80837000e-03
6.335238     1.66242000e-03
6.337350     2.72207000e-03
6.339463     2.40236000e-03
6.341576     2.32245000e-03
6.343690     2.07355000e-03
6.345804     2.33635000e-03
6.347920     2.80962000e-03
6.350036     2.63842000e-03
6.352152     2.27702000e-03
6.354270     2.16295000e-03
6.356388     2.57781000e-03
6.358506     2.00660000e-03
6.360626     2.01418000e-03
6.362746     2.35026000e-03
6.364867     2.26004000e-03
6.366989     2.34508000e-03
6.369111     1.77966000e-03
6.371234     2.41348000e-03
6.373358     2.16304000e-03
6.375482     1.67038000e-03
6.377607     1.66604000e-03
6.379733     1.91857000e-03
6.381860     2.21505000e-03
6.383987     2.60986000e-03
6.386115     1.75912000e-03
6.388244     1.74457000e-03
6.390373     1.88248000e-03
6.392503     2.32022000e-03
6.394634     2.20777000e-03
6.396766     2.39376000e-03
6.398898     2.31087000e-03
6.401031     1.99112000e-03
6.403165     2.48418000e-03
6.405299     2.27642000e-03
6.407434     2.09654000e-03
6.409570     1.95266000e-03
6.411707     1.85377000e-03
6.413844     1.88761000e-03
6.415982     1.90431000e-03
6.418120     2.21025000e-03
6.420260     1.95907000e-03
6.422400     2.50099000e-03
6.424541     2.28553000e-03
6.426682     1.87303000e-03
6.428824     2.17660000e-03
6.430967     2.28143000e-03
6.433111     1.95384000e-03
6.435255     1.88284000e-03
6.437400     2.61199000e-03
6.439546     2.46410000e-03
6.441693     2.15338000e-03
6.443840     2.46137000e-03
6.445988     1.51856000e-03
6.448137     2.46729000e-03
6.450286     1.92670000e-03
6.452436     1.86896000e-03
6.454587     2.37491000e-03
6.456738     1.88269000e-03
6.458891     2.26680000e-03
6.461044     2.56224000e-03
6.463197     2.60987000e-03
6.465352     2.60894000e-03
6.467507     2.26684000e-03
6.469663     1.86505000e-03
6.471819     1.30726000e-03
6.473976     1.86692000e-03
6.476134     2.21769000e-03
6.478293     1.92470000e-03
6.480453     2.24976000e-03
6.482613     2.00428000e-03
6.484774     1.89366000e-03
6.486935     2.21928000e-03
6.489098     1.72031000e-03
6.491261     1.90665000e-03
6.493424     2.34371000e-03
6.495589     2.28167000e-03
6.497754     1.82686000e-03
6.499920     1.98209000e-03
6.502087     2.13920000e-03
6.504254     2.05999000e-03
6.506422     1.94245000e-03
6.508591     2.25860000e-03
6.510760     2.18286000e-03
6.512931     1.95620000e-03
6.515102     1.60733000e-03
6.517273     1.94942000e-03
6.519446     1.94301000e-03
6.521619     2.17490000e-03
6.523793     1.87985000e-03
6.525967     1.88026000e-03
6.528143     2.15828000e-03
6.530319     1.91362000e-03
6.532495     2.09133000e-03
6.534673     2.32105000e-03
6.536851     2.47129000e-03
6.539030     1.90725000e-03
6.541210     1.84666000e-03
6.543390     2.00159000e-03
6.545571     1.89950000e-03
6.547753     1.95496000e-03
6.549936     1.66487000e-03
6.552119     1.88828000e-03
6.554303     2.04217000e-03
6.556488     2.28720000e-03
6.558673     2.16747000e-03
6.560860     1.49329000e-03
6.563047     1.80972000e-03
6.565234     2.15036000e-03
6.567423     1.85854000e-03
6.569612     2.18403000e-03
6.571802     2.05111000e-03
6.573992     1.85672000e-03
6.576184     1.83305000e-03
6.578376     1.85804000e-03
6.580568     2.10707000e-03
6.582762     2.03118000e-03
6.584956     1.68626000e-03
6.587151     2.39782000e-03
6.589347     2.19564000e-03
6.591543     2.22806000e-03
6.593741     2.08088000e-03
6.595938     1.72056000e-03
6.598137     1.47098000e-03
6.600336     1.74882000e-03
6.602537     2.03733000e-03
6.604737     2.13585000e-03
6.606939     2.17745000e-03
6.609141     2.34798000e-03
6.611344     1.99562000e-03
6.613548     2.11660000e-03
6.615753     2.00643000e-03
6.617958     2.21977000e-03
6.620164     1.47184000e-03
6.622371     2.03021000e-03
6.624578     1.33850000e-03
6.626786     2.17878000e-03
6.628995     1.91626000e-03
6.631205     1.31758000e-03
6.633415     1.74660000e-03
6.635626     1.91630000e-03
6.637838     1.81787000e-03
6.640051     1.67369000e-03
6.642264     1.64527000e-03
6.644478     1.81333000e-03
6.646693     2.03765000e-03
6.648909     2.48154000e-03
6.651125     2.51071000e-03
6.653342     2.33168000e-03
6.655560     1.93888000e-03
6.657778     2.02706000e-03
6.659998     2.12757000e-03
6.662218     2.39076000e-03
6.664438     1.81074000e-03
6.666660     1.69834000e-03
6.668882     2.30356000e-03
6.671105     1.49726000e-03
6.673329     1.67218000e-03
6.675553     2.32167000e-03
6.677778     2.00204000e-03
6.680004     2.42443000e-03
6.682231     2.09451000e-03
6.684458     2.20427000e-03
6.686687     1.35354000e-03
6.688915     1.97419000e-03
6.691145     2.07134000e-03
6.693375     1.94248000e-03
6.695607     2.32693000e-03
6.697838     1.70644000e-03
6.700071     2.55722000e-03
6.702304     2.02561000e-03
6.704538     2.12517000e-03
6.706773     2.00353000e-03
6.709009     2.33346000e-03
6.711245     1.99131000e-03
6.713482     1.91610000e-03
6.715720     1.52578000e-03
6.717959     2.05803000e-03
6.720198     2.15119000e-03
6.722438     2.15668000e-03
6.724679     2.21373000e-03
6.726921     2.09138000e-03
6.729163     2.02544000e-03
6.731406     2.36148000e-03
6.733650     2.06466000e-03
6.735894     2.10320000e-03
6.738140     2.43009000e-03
6.740386     2.00900000e-03
6.742632     1.80204000e-03
6.744880     2.02720000e-03
6.747128     2.43792000e-03
6.749377     2.26079000e-03
6.751627     1.93649000e-03
6.753878     1.75379000e-03
6.756129     2.21113000e-03
6.758381     1.95095000e-03
6.760634     2.19620000e-03
6.762887     2.02476000e-03
6.765142     2.01442000e-03
6.767397     2.27015000e-03
6.769652     1.95981000e-03
6.771909     2.05964000e-03
6.774166     2.05705000e-03
6.776424     1.85948000e-03
6.778683     2.42341000e-03
6.780943     2.03623000e-03
6.783203     2.03205000e-03
6.785464     2.08113000e-03
6.787726     2.02359000e-03
6.789988     1.75626000e-03
6.792252     2.25428000e-03
6.794516     2.22464000e-03
6.796781     2.06283000e-03
6.799046     2.06011000e-03
6.801313     1.91940000e-03
6.803580     2.16260000e-03
6.805848     2.44682000e-03
6.808116     2.27370000e-03
6.810386     2.13768000e-03
6.812656     2.12670000e-03
6.814927     2.16224000e-03
6.817198     2.00928000e-03
6.819471     2.34322000e-03
6.821744     2.50806000e-03
6.824018     2.10456000e-03
6.826292     1.89848000e-03
6.828568     1.96150000e-03
6.830844     2.29380000e-03
6.833121     2.27096000e-03
6.835399     2.16806000e-03
6.837677     2.13935000e-03
6.839956     2.01682000e-03
6.842236     2.11394000e-03
6.844517     1.48688000e-03
6.846799     2.46287000e-03
6.849081     2.32988000e-03
6.851364     1.95765000e-03
6.853648     2.25281000e-03
6.855932     2.11777000e-03
6.858218     2.05186000e-03
6.860504     2.40699000e-03
6.862790     2.03609000e-03
6.865078     2.13531000e-03
6.867366     1.87945000e-03
6.869656     1.90435000e-03
6.871945     2.01871000e-03
6.874236     2.26384000e-03
6.876527     1.59155000e-03
6.878820     2.19434000e-03
6.881113     2.33385000e-03
6.883406     2.03496000e-03
6.885701     1.89827000e-03
6.887996     2.37980000e-03
6.890292     2.07756000e-03
6.892589     2.39876000e-03
6.894886     1.86051000e-03
6.897185     2.07406000e-03
6.899484     2.43973000e-03
6.901783     2.35289000e-03
6.904084     2.22756000e-03
6.906385     1.60324000e-03
6.908688     1.91255000e-03
6.910990     2.40597000e-03
6.913294     2.08376000e-03
6.915599     2.70948000e-03
6.917904     2.38567000e-03
6.920210     2.09723000e-03
6.922516     2.38913000e-03
6.924824     2.37391000e-03
6.927132     2.12029000e-03
6.929441     2.55456000e-03
6.931751     2.50752000e-03
6.934062     2.18875000e-03
6.936373     1.59196000e-03
6.938685     2.20001000e-03
6.940998     1.79515000e-03
6.943312     2.51405000e-03
6.945626     2.67281000e-03
6.947941     2.35692000e-03
6.950257     1.59557000e-03
6.952574     2.22534000e-03
6.954892     2.33184000e-03
6.957210     2.36365000e-03
6.959529     1.75242000e-03
6.961849     2.09175000e-03
6.964169     2.44030000e-03
6.966491     2.28925000e-03
6.968813     2.24178000e-03
6.971136     1.70148000e-03
6.973460     2.56303000e-03
6.975784     2.29470000e-03
6.978109     2.25015000e-03
6.980435     2.34666000e-03
6.982762     2.36739000e-03
6.985090     2.13181000e-03
6.987418     1.78401000e-03
6.989747     2.17781000e-03
6.992077     2.60403000e-03
6.994408     2.59738000e-03
6.996739     2.56615000e-03
6.999072     2.09541000e-03
7.001405     1.62370000e-03
7.003738     2.35560000e-03
7.006073     2.58122000e-03
7.008408     2.24089000e-03
7.010745     2.19029000e-03
7.013081     2.12111000e-03
7.015419     2.07605000e-03
7.017758     2.07282000e-03
7.020097     2.42473000e-03
7.022437     2.18187000e-03
7.024778     1.61104000e-03
7.027119     2.21177000e-03
7.029462     2.11468000e-03
7.031805     2.40068000e-03
7.034149     2.45496000e-03
7.036494     2.16180000e-03
7.038839     2.25401000e-03
7.041185     1.70765000e-03
7.043532     2.17727000e-03
7.045880     2.10302000e-03
7.048229     2.28132000e-03
7.050578     2.37996000e-03
7.052928     2.09210000e-03
7.055279     2.18064000e-03
7.057631     2.43174000e-03
7.059984     2.35679000e-03
7.062337     1.94611000e-03
7.064691     2.47448000e-03
7.067046     2.25680000e-03
7.069402     2.43519000e-03
7.071758     1.82281000e-03
7.074115     2.59061000e-03
7.076473     1.93880000e-03
7.078832     2.12600000e-03
7.081192     2.41041000e-03
7.083552     2.33701000e-03
7.085914     2.30112000e-03
7.088275     2.41646000e-03
7.090638     2.51475000e-03
7.093002     2.10557000e-03
7.095366     2.36516000e-03
7.097731     2.53213000e-03
7.100097     2.22216000e-03
7.102464     1.95851000e-03
7.104831     1.92367000e-03
7.107200     1.80065000e-03
7.109569     2.54266000e-03
7.111939     2.23978000e-03
7.114309     2.18362000e-03
7.116681     2.30967000e-03
7.119053     2.04811000e-03
7.121426     2.16744000e-03
7.123800     2.25306000e-03
7.126174     2.54006000e-03
7.128550     2.53690000e-03
7.130926     1.74184000e-03
7.133303     2.33301000e-03
7.135681     2.63046000e-03
7.138059     1.45072000e-03
7.140438     1.70191000e-03
7.142819     2.03313000e-03
7.145200     1.97350000e-03
7.147581     2.15356000e-03
7.149964     1.83771000e-03
7.152347     2.41113000e-03
7.154731     2.10380000e-03
7.157116     1.90392000e-03
7.159502     2.58610000e-03
7.161888     2.44651000e-03
7.164276     1.57657000e-03
7.166664     2.53227000e-03
7.169053     2.48438000e-03
7.171442     1.63561000e-03
7.173833     2.05053000e-03
7.176224     2.49364000e-03
7.178616     2.44804000e-03
7.181009     2.78149000e-03
7.183403     2.12451000e-03
7.185797     2.19071000e-03
7.188192     1.97487000e-03
7.190589     1.76747000e-03
7.192985     2.58108000e-03
7.195383     2.52679000e-03
7.197782     2.36847000e-03
7.200181     2.07420000e-03
7.202581     2.17195000e-03
7.204982     1.48328000e-03
7.207383     2.08157000e-03
7.209786     2.55617000e-03
7.212189     2.12008000e-03
7.214593     2.18993000e-03
7.216998     2.65985000e-03
7.219404     2.02601000e-03
7.221810     2.36421000e-03
7.224217     2.24283000e-03
7.226625     1.84369000e-03
7.229034     2.48245000e-03
7.231444     2.37331000e-03
7.233855     2.22632000e-03
7.236266     2.26516000e-03
7.238678     2.17428000e-03
7.241091     2.72896000e-03
7.243504     2.35343000e-03
7.245919     2.51612000e-03
7.248334     2.14520000e-03
7.250750     2.57659000e-03
7.253167     2.45808000e-03
7.255585     2.22893000e-03
7.258004     1.70799000e-03
7.260423     2.53734000e-03
7.262843     2.02885000e-03
7.265264     2.44962000e-03
7.267686     2.21873000e-03
7.270108     2.27993000e-03
7.272532     2.15606000e-03
7.274956     2.05266000e-03
7.277381     1.88625000e-03
7.279807     1.84620000e-03
7.282233     2.63084000e-03
7.284661     2.66206000e-03
7.287089     2.06601000e-03
7.289518     2.36655000e-03
7.291948     2.55499000e-03
7.294378     2.08766000e-03
7.296810     2.25662000e-03
7.299242     2.10906000e-03
7.301675     2.08473000e-03
7.304109     1.92355000e-03
7.306544     1.98521000e-03
7.308979     2.39129000e-03
7.311416     2.83373000e-03
7.313853     1.97271000e-03
7.316291     2.35115000e-03
7.318729     2.59671000e-03
7.321169     2.23164000e-03
7.323609     2.13086000e-03
7.326051     2.03560000e-03
7.328493     2.42518000e-03
7.330935     2.07835000e-03
7.333379     2.23099000e-03
7.335824     1.69273000e-03
7.338269     1.90234000e-03
7.340715     2.58997000e-03
7.343162     2.09101000e-03
7.345610     2.27791000e-03
7.348058     2.26692000e-03
7.350507     2.64200000e-03
7.352958     2.64387000e-03
7.355409     2.20041000e-03
7.357860     2.42617000e-03
7.360313     2.33290000e-03
7.362767     2.35756000e-03
7.365221     2.47444000e-03
7.367676     2.53094000e-03
7.370132     2.64958000e-03
7.372588     2.53995000e-03
7.375046     2.46715000e-03
7.377504     2.10466000e-03
7.379963     2.26308000e-03
7.382423     2.27181000e-03
7.384884     2.36102000e-03
7.387346     2.82495000e-03
7.389808     2.59075000e-03
7.392272     2.53826000e-03
7.394736     2.21552000e-03
7.397201     2.50349000e-03
7.399666     2.50789000e-03
7.402133     2.63735000e-03
7.404600     2.59243000e-03
7.407068     2.56668000e-03
7.409538     2.49219000e-03
7.412007     2.26378000e-03
7.414478     1.78241000e-03
7.416950     2.59543000e-03
7.419422     2.63338000e-03
7.421895     2.33878000e-03
7.424369     2.25854000e-03
7.426844     2.33224000e-03
7.429319     2.09528000e-03
7.431796     2.05167000e-03
7.434273     2.65767000e-03
7.436751     1.92590000e-03
7.439230     2.44136000e-03
7.441710     2.31760000e-03
7.444190     2.02050000e-03
7.446672     2.22107000e-03
7.449154     2.35839000e-03
7.451637     2.48055000e-03
7.454121     2.23769000e-03
7.456606     1.98145000e-03
7.459091     2.11052000e-03
7.461578     2.15736000e-03
7.464065     2.28453000e-03
7.466553     2.32946000e-03
7.469042     2.27079000e-03
7.471531     2.31675000e-03
7.474022     1.79130000e-03
7.476513     2.08910000e-03
7.479005     2.52392000e-03
7.481498     2.11216000e-03
7.483992     2.20566000e-03
7.486487     2.66352000e-03
7.488982     2.27791000e-03
7.491479     2.13369000e-03
7.493976     2.14782000e-03
7.496474     2.10462000e-03
7.498973     2.29065000e-03
7.501472     2.15976000e-03
7.503973     2.36882000e-03
7.506474     2.54784000e-03
7.508976     2.51577000e-03
7.511479     3.03073000e-03
7.513983     2.09427000e-03
7.516488     2.29769000e-03
7.518993     2.38733000e-03
7.521500     2.25738000e-03
7.524007     2.40837000e-03
7.526515     2.31531000e-03
7.529024     2.12445000e-03
7.531533     1.86142000e-03
7.534044     2.60668000e-03
7.536555     1.78032000e-03
7.539067     1.95553000e-03
7.541580     2.50497000e-03
7.544094     2.33298000e-03
7.546609     2.28424000e-03
7.549124     2.59067000e-03
7.551641     2.47350000e-03
7.554158     2.40181000e-03
7.556676     1.56335000e-03
7.559195     2.58072000e-03
7.561715     2.85575000e-03
7.564235     2.67565000e-03
7.566757     2.49550000e-03
7.569279     2.49712000e-03
7.571802     2.10626000e-03
7.574326     2.05607000e-03
7.576851     2.42449000e-03
7.579376     2.09741000e-03
7.581903     1.51889000e-03
7.584430     2.25702000e-03
7.586958     1.85299000e-03
7.589487     1.54393000e-03
7.592017     2.37395000e-03
7.594548     2.41525000e-03
7.597079     2.47282000e-03
7.599612     1.75282000e-03
7.602145     2.60019000e-03
7.604679     2.50488000e-03
7.607214     2.38341000e-03
7.609749     2.64562000e-03
7.612286     2.30796000e-03
7.614823     1.64411000e-03
7.617362     2.52284000e-03
7.619901     1.70136000e-03
7.622441     2.48476000e-03
7.624982     2.03638000e-03
7.627523     2.74021000e-03
7.630066     2.34602000e-03
7.632609     2.34211000e-03
7.635153     2.33136000e-03
7.637698     2.76345000e-03
7.640244     2.34519000e-03
7.642791     2.38866000e-03
7.645339     2.12880000e-03
7.647887     2.08149000e-03
7.650436     2.28664000e-03
7.652987     2.54782000e-03
7.655538     2.36815000e-03
7.658089     2.37535000e-03
7.660642     2.13921000e-03
7.663196     2.67032000e-03
7.665750     2.52667000e-03
7.668305     2.43263000e-03
7.670861     2.14886000e-03
7.673418     2.48733000e-03
7.675976     2.77283000e-03
7.678535     2.31709000e-03
7.681094     2.32586000e-03
7.683655     2.56567000e-03
7.686216     2.40006000e-03
7.688778     1.92388000e-03
7.691341     2.78837000e-03
7.693905     1.93422000e-03
7.696469     2.09532000e-03
7.699035     2.49089000e-03
7.701601     2.04620000e-03
7.704168     2.54556000e-03
7.706736     2.69869000e-03
7.709305     1.67157000e-03
7.711875     1.96919000e-03
7.714446     2.50512000e-03
7.717017     2.29245000e-03
7.719590     2.64408000e-03
7.722163     2.06317000e-03
7.724737     2.25802000e-03
7.727312     2.43521000e-03
7.729887     2.25184000e-03
7.732464     2.75177000e-03
7.735042     1.77778000e-03
7.737620     2.17003000e-03
7.740199     2.24655000e-03
7.742779     2.26403000e-03
7.745360     2.31735000e-03
7.747942     2.33718000e-03
7.750525     2.03999000e-03
7.753108     2.69758000e-03
7.755692     2.24417000e-03
7.758278     2.35030000e-03
7.760864     2.59990000e-03
7.763451     2.34508000e-03
7.766039     2.50618000e-03
7.768627     2.52220000e-03
7.771217     2.04394000e-03
7.773807     2.29310000e-03
7.776398     2.58064000e-03
7.778991     2.61424000e-03
7.781584     2.55023000e-03
7.784177     2.71156000e-03
7.786772     2.24357000e-03
7.789368     2.14096000e-03
7.791964     2.16567000e-03
7.794562     2.09584000e-03
7.797160     2.80520000e-03
7.799759     2.75024000e-03
7.802359     2.52697000e-03
7.804959     1.68909000e-03
7.807561     2.35722000e-03
7.810164     2.18451000e-03
7.812767     2.36375000e-03
7.815371     2.77220000e-03
7.817976     2.59730000e-03
7.820582     2.49126000e-03
7.823189     2.32095000e-03
7.825797     2.61417000e-03
7.828406     2.62906000e-03
7.831015     2.76791000e-03
7.833625     1.77965000e-03
7.836237     2.38315000e-03
7.838849     2.78328000e-03
7.841462     2.79747000e-03
7.844075     2.79963000e-03
7.846690     2.58815000e-03
7.849306     2.04955000e-03
7.851922     2.07935000e-03
7.854539     2.28322000e-03
7.857158     1.99583000e-03
7.859777     2.28516000e-03
7.862397     2.67433000e-03
7.865017     2.48980000e-03
7.867639     2.27979000e-03
7.870262     2.57298000e-03
7.872885     2.53039000e-03
7.875509     2.33043000e-03
7.878134     2.08717000e-03
7.880761     2.22333000e-03
7.883387     2.40652000e-03
7.886015     2.33403000e-03
7.888644     2.53418000e-03
7.891273     1.96655000e-03
7.893904     2.36224000e-03
7.896535     2.43134000e-03
7.899167     2.43901000e-03
7.901800     2.64342000e-03
7.904434     2.49886000e-03
7.907069     2.54662000e-03
7.909705     1.98786000e-03
7.912341     2.68145000e-03
7.914979     2.48645000e-03
7.917617     2.31204000e-03
7.920256     2.76505000e-03
7.922897     2.51361000e-03
7.925537     2.67464000e-03
7.928179     2.72075000e-03
7.930822     2.75065000e-03
7.933466     2.25689000e-03
7.936110     2.71201000e-03
7.938756     2.09390000e-03
7.941402     2.17637000e-03
7.944049     2.29013000e-03
7.946697     2.44214000e-03
7.949346     2.88530000e-03
7.951996     2.65778000e-03
7.954646     2.33715000e-03
7.957298     2.54758000e-03
7.959950     2.16205000e-03
7.962604     2.37860000e-03
7.965258     2.66836000e-03
7.967913     2.37330000e-03
7.970569     2.41208000e-03
7.973226     2.69472000e-03
7.975883     2.85265000e-03
7.978542     2.63123000e-03
7.981202     2.67508000e-03
7.983862     2.63737000e-03
7.986523     2.52064000e-03
7.989185     2.11207000e-03
7.991848     2.31297000e-03
7.994512     2.72587000e-03
7.997177     2.55437000e-03
7.999843     2.28533000e-03
8.002510     2.95626000e-03
8.005177     2.67503000e-03
8.007845     2.37431000e-03
8.010515     2.45613000e-03
8.013185     2.64470000e-03
8.015856     2.65461000e-03
8.018528     2.32053000e-03
8.021201     2.35996000e-03
8.023875     3.00928000e-03
8.026549     2.63974000e-03
8.029225     2.51213000e-03
8.031901     2.88003000e-03
8.034578     2.58403000e-03
8.037257     2.47583000e-03
8.039936     2.69658000e-03
8.042616     2.38309000e-03
8.045297     2.45979000e-03
8.047978     1.85644000e-03
8.050661     1.78113000e-03
8.053344     2.73938000e-03
8.056029     2.21570000e-03
8.058714     1.87552000e-03
8.061401     2.63492000e-03
8.064088     2.33852000e-03
8.066776     2.50082000e-03
8.069465     2.27931000e-03
8.072154     2.33368000e-03
8.074845     2.55974000e-03
8.077537     2.66839000e-03
8.080229     2.47173000e-03
8.082923     2.26194000e-03
8.085617     2.01680000e-03
8.088312     2.54464000e-03
8.091008     2.52760000e-03
8.093705     2.87965000e-03
8.096403     2.64308000e-03
8.099102     2.18276000e-03
8.101802     2.07467000e-03
8.104502     2.79239000e-03
8.107204     2.75867000e-03
8.109906     2.50765000e-03
8.112610     2.18021000e-03
8.115314     2.03932000e-03
8.118019     2.60378000e-03
8.120725     2.77438000e-03
8.123432     2.10686000e-03
8.126140     2.29940000e-03
8.128848     2.75306000e-03
8.131558     2.57491000e-03
8.134268     2.22769000e-03
8.136980     2.50123000e-03
8.139692     2.36003000e-03
8.142405     2.53402000e-03
8.145120     2.22625000e-03
8.147835     2.70662000e-03
8.150550     2.46904000e-03
8.153267     2.89137000e-03
8.155985     2.26138000e-03
8.158704     2.52444000e-03
8.161423     2.57763000e-03
8.164144     2.31909000e-03
8.166865     2.92174000e-03
8.169587     2.68731000e-03
8.172311     2.36773000e-03
8.175035     2.66632000e-03
8.177760     2.23750000e-03
8.180486     2.68756000e-03
8.183213     2.47492000e-03
8.185940     2.19257000e-03
8.188669     2.85525000e-03
8.191398     2.64360000e-03
8.194129     2.40512000e-03
8.196860     2.33060000e-03
8.199593     2.50396000e-03
8.202326     2.38979000e-03
8.205060     2.67945000e-03
8.207795     2.61831000e-03
8.210531     2.37513000e-03
8.213268     2.79656000e-03
8.216005     2.56713000e-03
8.218744     3.15759000e-03
8.221484     2.54104000e-03
8.224224     2.84105000e-03
8.226966     2.68799000e-03
8.229708     2.09566000e-03
8.232451     2.79772000e-03
8.235195     2.38448000e-03
8.237940     2.47141000e-03
8.240686     2.94025000e-03
8.243433     2.07276000e-03
8.246181     2.33333000e-03
8.248930     2.44047000e-03
8.251679     2.53576000e-03
8.254430     2.09932000e-03
8.257181     2.67397000e-03
8.259934     2.89014000e-03
8.262687     2.72626000e-03
8.265441     2.66058000e-03
8.268197     2.53476000e-03
8.270953     2.21031000e-03
8.273710     2.56494000e-03
8.276468     2.49076000e-03
8.279226     1.91929000e-03
8.281986     2.38128000e-03
8.284747     1.97808000e-03
8.287508     2.70547000e-03
8.290271     2.69350000e-03
8.293034     2.92961000e-03
8.295799     2.98996000e-03
8.298564     2.26795000e-03
8.301330     2.65831000e-03
8.304097     3.08505000e-03
8.306865     2.72510000e-03
8.309634     2.31105000e-03
8.312404     3.11012000e-03
8.315175     2.53691000e-03
8.317947     2.29043000e-03
8.320719     2.62843000e-03
8.323493     2.23648000e-03
8.326267     2.58175000e-03
8.329043     2.34863000e-03
8.331819     2.79951000e-03
8.334596     2.45811000e-03
8.337375     2.91898000e-03
8.340154     2.04219000e-03
8.342934     2.78636000e-03
8.345715     2.71155000e-03
8.348497     2.76681000e-03
8.351279     2.49334000e-03
8.354063     2.44092000e-03
8.356848     2.32236000e-03
8.359633     2.73633000e-03
8.362420     2.26983000e-03
8.365207     2.68731000e-03
8.367996     2.72727000e-03
8.370785     2.40157000e-03
8.373575     2.62155000e-03
8.376367     2.55780000e-03
8.379159     2.41698000e-03
8.381952     2.59444000e-03
8.384746     2.24013000e-03
8.387541     2.71634000e-03
8.390337     2.68317000e-03
8.393133     2.16623000e-03
8.395931     2.20573000e-03
8.398730     2.87939000e-03
8.401529     2.87968000e-03
8.404330     2.94521000e-03
8.407131     3.27858000e-03
8.409934     2.72422000e-03
8.412737     2.66694000e-03
8.415541     2.26178000e-03
8.418346     2.91362000e-03
8.421152     2.72625000e-03
8.423960     2.65504000e-03
8.426768     2.51194000e-03
8.429576     2.77670000e-03
8.432386     2.94803000e-03
8.435197     2.11021000e-03
8.438009     2.56044000e-03
8.440822     2.04850000e-03
8.443635     2.10299000e-03
8.446450     2.61239000e-03
8.449265     2.68239000e-03
8.452082     2.65509000e-03
8.454899     2.36409000e-03
8.457717     2.26307000e-03
8.460536     3.16272000e-03
8.463357     3.13525000e-03
8.466178     2.71650000e-03
8.469000     3.22158000e-03
8.471823     3.14516000e-03
8.474647     3.14330000e-03
8.477472     2.68816000e-03
8.480297     3.02039000e-03
8.483124     2.94913000e-03
8.485952     2.54372000e-03
8.488781     2.85832000e-03
8.491610     3.02244000e-03
8.494441     2.68721000e-03
8.497272     2.53718000e-03
8.500105     2.85713000e-03
8.502938     2.29697000e-03
8.505772     2.83869000e-03
8.508608     2.81643000e-03
8.511444     2.81289000e-03
8.514281     2.40263000e-03
8.517119     3.07180000e-03
8.519958     2.13769000e-03
8.522798     2.79984000e-03
8.525639     3.20087000e-03
8.528481     2.73439000e-03
8.531324     2.77899000e-03
8.534167     3.09506000e-03
8.537012     2.50438000e-03
8.539858     2.94316000e-03
8.542704     3.04768000e-03
8.545552     2.31392000e-03
8.548401     2.81912000e-03
8.551250     2.31689000e-03
8.554100     2.43757000e-03
8.556952     2.46436000e-03
8.559804     2.83164000e-03
8.562657     2.50953000e-03
8.565512     2.05829000e-03
8.568367     2.30864000e-03
8.571223     2.41681000e-03
8.574080     2.88066000e-03
8.576938     2.30793000e-03
8.579797     2.67297000e-03
8.582657     2.77178000e-03
8.585518     2.49922000e-03
8.588380     2.84304000e-03
8.591242     2.75269000e-03
8.594106     2.30074000e-03
8.596971     2.72455000e-03
8.599837     3.26196000e-03
8.602703     2.54463000e-03
8.605571     2.36398000e-03
8.608439     2.46089000e-03
8.611309     2.90185000e-03
8.614179     2.74526000e-03
8.617051     2.84069000e-03
8.619923     1.91977000e-03
8.622796     2.73974000e-03
8.625670     3.07878000e-03
8.628546     2.90079000e-03
8.631422     2.46911000e-03
8.634299     2.57338000e-03
8.637177     2.59833000e-03
8.640056     2.85437000e-03
8.642936     2.82956000e-03
8.645817     3.10714000e-03
8.648699     2.78744000e-03
8.651582     3.06734000e-03
8.654466     2.62727000e-03
8.657351     3.04827000e-03
8.660236     3.27938000e-03
8.663123     2.59967000e-03
8.666011     2.14775000e-03
8.668900     3.16610000e-03
8.671789     2.97494000e-03
8.674680     2.99052000e-03
8.677571     2.79877000e-03
8.680464     3.17215000e-03
8.683357     2.74684000e-03
8.686252     2.66639000e-03
8.689147     3.25154000e-03
8.692044     2.86153000e-03
8.694941     3.04785000e-03
8.697839     3.39858000e-03
8.700739     3.08108000e-03
8.703639     3.14256000e-03
8.706540     2.40702000e-03
8.709442     2.13030000e-03
8.712345     2.56429000e-03
8.715249     2.66521000e-03
8.718155     3.04375000e-03
8.721061     2.46838000e-03
8.723968     3.06540000e-03
8.726876     2.61381000e-03
8.729785     2.93339000e-03
8.732695     2.89488000e-03
8.735605     2.36804000e-03
8.738517     3.35564000e-03
8.741430     2.49618000e-03
8.744344     2.95666000e-03
8.747259     3.20740000e-03
8.750174     2.96714000e-03
8.753091     2.55505000e-03
8.756009     3.22081000e-03
8.758928     2.97791000e-03
8.761847     2.53624000e-03
8.764768     3.01897000e-03
8.767689     3.00446000e-03
8.770612     3.35964000e-03
8.773536     2.65988000e-03
8.776460     2.93560000e-03
8.779386     3.10606000e-03
8.782312     3.11695000e-03
8.785239     2.10869000e-03
8.788168     2.47105000e-03
8.791097     2.89094000e-03
8.794028     2.99054000e-03
8.796959     2.59025000e-03
8.799891     2.93698000e-03
8.802825     2.47681000e-03
8.805759     2.89610000e-03
8.808694     2.77809000e-03
8.811630     2.97282000e-03
8.814568     3.20842000e-03
8.817506     2.16443000e-03
8.820445     2.94672000e-03
8.823385     2.92024000e-03
8.826326     2.97709000e-03
8.829268     3.11153000e-03
8.832211     3.11028000e-03
8.835155     2.66596000e-03
8.838100     2.90046000e-03
8.841046     3.03401000e-03
8.843994     3.14734000e-03
8.846942     2.77941000e-03
8.849890     3.23403000e-03
8.852840     2.13560000e-03
8.855791     3.19373000e-03
8.858743     3.11375000e-03
8.861696     3.11496000e-03
8.864650     2.67800000e-03
8.867605     2.92349000e-03
8.870561     2.99173000e-03
8.873518     3.08577000e-03
8.876476     3.33885000e-03
8.879434     3.16667000e-03
8.882394     2.32250000e-03
8.885355     2.59989000e-03
8.888317     2.91965000e-03
8.891280     2.22083000e-03
8.894243     3.43775000e-03
8.897208     2.48865000e-03
8.900174     3.42624000e-03
8.903141     2.60000000e-03
8.906108     3.16288000e-03
8.909077     3.08932000e-03
8.912047     3.25192000e-03
8.915017     3.36594000e-03
8.917989     3.16587000e-03
8.920962     2.68843000e-03
8.923935     3.36329000e-03
8.926910     3.35979000e-03
8.929886     3.37775000e-03
8.932862     2.45052000e-03
8.935840     2.35557000e-03
8.938818     3.02690000e-03
8.941798     2.25371000e-03
8.944779     2.71504000e-03
8.947760     2.64387000e-03
8.950743     2.99752000e-03
8.953726     3.32147000e-03
8.956711     2.57829000e-03
8.959697     3.16884000e-03
8.962683     3.24570000e-03
8.965671     3.25486000e-03
8.968659     3.19018000e-03
8.971649     2.76100000e-03
8.974639     3.29190000e-03
8.977631     2.92389000e-03
8.980623     2.41704000e-03
8.983617     2.75801000e-03
8.986612     2.66535000e-03
8.989607     2.95877000e-03
8.992604     3.37242000e-03
8.995601     2.83962000e-03
8.998600     2.80383000e-03
9.001599     2.76982000e-03
9.004600     3.08046000e-03
9.007601     2.94293000e-03
9.010604     3.26457000e-03
9.013607     2.81758000e-03
9.016612     2.60118000e-03
9.019617     2.93886000e-03
9.022624     2.39555000e-03
9.025631     2.79876000e-03
9.028640     3.09204000e-03
9.031650     3.31839000e-03
9.034660     2.94230000e-03
9.037672     3.04864000e-03
9.040684     3.15105000e-03
9.043698     3.24994000e-03
9.046712     3.50153000e-03
9.049728     2.55335000e-03
9.052745     3.16766000e-03
9.055762     3.45754000e-03
9.058781     2.15218000e-03
9.061800     2.68865000e-03
9.064821     3.07786000e-03
9.067842     2.99588000e-03
9.070865     3.12992000e-03
9.073889     3.15536000e-03
9.076913     3.21944000e-03
9.079939     3.50215000e-03
9.082966     3.21064000e-03
9.085993     3.31660000e-03
9.089022     3.26573000e-03
9.092052     3.05937000e-03
9.095082     2.70492000e-03
9.098114     3.03087000e-03
9.101147     3.29915000e-03
9.104180     3.42586000e-03
9.107215     2.21376000e-03
9.110251     2.89690000e-03
9.113288     3.40958000e-03
9.116325     3.43091000e-03
9.119364     3.15553000e-03
9.122404     3.39692000e-03
9.125445     2.16518000e-03
9.128487     2.94718000e-03
9.131529     2.92801000e-03
9.134573     2.75115000e-03
9.137618     3.41915000e-03
9.140664     3.13552000e-03
9.143711     3.03704000e-03
9.146759     2.61409000e-03
9.149808     3.29215000e-03
9.152858     2.93047000e-03
9.155909     2.88936000e-03
9.158961     3.17849000e-03
9.162014     3.30889000e-03
9.165068     2.41086000e-03
9.168123     3.27754000e-03
9.171179     2.49678000e-03
9.174236     3.09616000e-03
9.177294     3.11378000e-03
9.180353     2.45055000e-03
9.183413     2.31888000e-03
9.186474     3.40809000e-03
9.189536     3.30543000e-03
9.192599     3.24905000e-03
9.195664     2.57888000e-03
9.198729     3.15446000e-03
9.201795     3.20663000e-03
9.204862     2.67481000e-03
9.207931     3.49399000e-03
9.211000     3.09637000e-03
9.214070     3.18496000e-03
9.217142     3.06532000e-03
9.220214     3.19324000e-03
9.223287     3.31811000e-03
9.226362     2.26881000e-03
9.229437     3.30588000e-03
9.232514     3.53054000e-03
9.235591     3.29616000e-03
9.238670     3.46944000e-03
9.241749     2.45698000e-03
9.244830     3.09753000e-03
9.247912     2.40581000e-03
9.250994     2.36784000e-03
9.254078     2.83925000e-03
9.257163     2.34723000e-03
9.260248     3.18315000e-03
9.263335     2.33320000e-03
9.266423     3.27884000e-03
9.269512     3.25664000e-03
9.272601     2.93941000e-03
9.275692     3.00063000e-03
9.278784     2.52200000e-03
9.281877     3.43621000e-03
9.284971     2.85011000e-03
9.288066     2.93568000e-03
9.291162     2.69106000e-03
9.294259     2.98403000e-03
9.297357     2.63446000e-03
9.300456     3.67742000e-03
9.303557     2.90315000e-03
9.306658     3.33240000e-03
9.309760     2.62004000e-03
9.312863     3.46631000e-03
9.315968     2.78842000e-03
9.319073     3.16145000e-03
9.322179     3.20805000e-03
9.325287     3.68957000e-03
9.328395     3.22368000e-03
9.331504     3.59256000e-03
9.334615     2.85802000e-03
9.337727     2.34161000e-03
9.340839     3.34647000e-03
9.343953     2.83828000e-03
9.347067     2.49107000e-03
9.350183     3.09325000e-03
9.353300     3.27271000e-03
9.356418     3.40515000e-03
9.359536     3.54822000e-03
9.362656     2.49083000e-03
9.365777     3.58043000e-03
9.368899     3.04526000e-03
9.372022     2.96200000e-03
9.375146     3.04145000e-03
9.378271     3.20358000e-03
9.381397     3.41505000e-03
9.384524     2.95648000e-03
9.387652     2.51406000e-03
9.390782     2.86136000e-03
9.393912     3.52707000e-03
9.397043     2.79607000e-03
9.400176     2.89279000e-03
9.403309     2.88360000e-03
9.406443     2.73474000e-03
9.409579     2.80677000e-03
9.412715     3.20536000e-03
9.415853     3.45960000e-03
9.418992     3.40782000e-03
9.422131     3.28129000e-03
9.425272     3.15451000e-03
9.428414     2.76223000e-03
9.431557     3.49162000e-03
9.434700     3.13003000e-03
9.437845     2.58773000e-03
9.440991     2.64891000e-03
9.444138     2.75151000e-03
9.447286     2.79996000e-03
9.450435     3.39961000e-03
9.453586     2.53535000e-03
9.456737     2.43323000e-03
9.459889     3.40667000e-03
9.463042     3.11300000e-03
9.466197     3.48742000e-03
9.469352     3.47869000e-03
9.472508     3.45543000e-03
9.475666     3.02607000e-03
9.478824     2.97540000e-03
9.481984     2.60968000e-03
9.485145     3.47244000e-03
9.488306     3.34378000e-03
9.491469     2.47543000e-03
9.494633     3.04698000e-03
9.497798     3.51813000e-03
9.500964     3.41837000e-03
9.504131     3.33453000e-03
9.507299     3.33560000e-03
9.510468     3.57272000e-03
9.513638     3.30978000e-03
9.516809     2.52591000e-03
9.519982     3.54634000e-03
9.523155     2.54723000e-03
9.526329     3.22029000e-03
9.529505     2.24693000e-03
9.532681     3.41891000e-03
9.535859     3.65448000e-03
9.539037     3.29016000e-03
9.542217     3.70872000e-03
9.545398     3.66200000e-03
9.548580     3.43661000e-03
9.551763     3.49208000e-03
9.554946     3.11449000e-03
9.558131     3.57436000e-03
9.561318     3.49181000e-03
9.564505     3.25517000e-03
9.567693     3.05041000e-03
9.570882     3.29148000e-03
9.574072     3.59352000e-03
9.577264     3.64004000e-03
9.580456     2.80075000e-03
9.583650     3.16206000e-03
9.586844     2.58070000e-03
9.590040     3.57742000e-03
9.593236     3.53465000e-03
9.596434     2.50383000e-03
9.599633     3.16584000e-03
9.602833     2.66730000e-03
9.606034     3.04131000e-03
9.609236     3.23241000e-03
9.612439     3.23432000e-03
9.615643     3.36908000e-03
9.618848     3.02325000e-03
9.622055     3.37468000e-03
9.625262     3.65813000e-03
9.628470     2.68001000e-03
9.631680     3.58117000e-03
9.634890     3.42899000e-03
9.638102     3.15648000e-03
9.641315     3.34063000e-03
9.644528     2.78520000e-03
9.647743     3.63884000e-03
9.650959     3.36252000e-03
9.654176     3.39021000e-03
9.657394     2.90579000e-03
9.660613     3.27612000e-03
9.663834     3.52750000e-03
9.667055     3.41390000e-03
9.670277     3.70957000e-03
9.673501     2.35957000e-03
9.676725     2.95128000e-03
9.679951     2.90614000e-03
9.683177     2.48630000e-03
9.686405     3.67528000e-03
9.689634     3.58487000e-03
9.692864     3.12344000e-03
9.696095     3.60611000e-03
9.699327     2.84712000e-03
9.702560     3.35509000e-03
9.705794     3.38214000e-03
9.709029     3.16332000e-03
9.712266     3.50433000e-03
9.715503     3.01262000e-03
9.718742     3.04059000e-03
9.721981     3.02365000e-03
9.725222     2.75348000e-03
9.728464     3.42160000e-03
9.731706     3.51815000e-03
9.734950     3.04078000e-03
9.738195     3.37330000e-03
9.741441     3.13601000e-03
9.744688     3.74954000e-03
9.747937     3.46290000e-03
9.751186     3.62778000e-03
9.754436     2.94613000e-03
9.757688     2.56309000e-03
9.760940     3.81728000e-03
9.764194     3.57318000e-03
9.767449     3.85031000e-03
9.770705     3.51597000e-03
9.773962     3.12217000e-03
9.777220     3.34098000e-03
9.780479     3.32790000e-03
9.783739     2.49866000e-03
9.787000     3.52798000e-03
9.790262     3.76522000e-03
9.793526     3.67467000e-03
9.796790     3.52256000e-03
9.800056     3.02315000e-03
9.803323     3.84013000e-03
9.806590     3.27757000e-03
9.809859     3.37109000e-03
9.813129     3.10249000e-03
9.816400     2.55146000e-03
9.819672     3.01851000e-03
9.822946     2.90260000e-03
9.826220     3.08845000e-03
9.829495     3.44289000e-03
9.832772     3.62451000e-03
9.836049     3.03460000e-03
9.839328     3.50996000e-03
9.842608     3.41886000e-03
9.845889     3.80171000e-03
9.849171     3.18114000e-03
9.852454     3.09639000e-03
9.855738     3.33091000e-03
9.859023     3.34198000e-03
9.862309     3.42802000e-03
9.865597     3.52929000e-03
9.868885     3.26023000e-03
9.872175     3.41502000e-03
9.875466     3.79736000e-03
9.878758     3.22451000e-03
9.882051     3.32107000e-03
9.885345     2.68636000e-03
9.888640     2.79039000e-03
9.891936     2.52987000e-03
9.895233     2.71617000e-03
9.898532     2.93611000e-03
9.901831     3.52595000e-03
9.905132     3.05617000e-03
9.908433     3.34525000e-03
9.911736     2.53929000e-03
9.915040     3.21290000e-03
9.918345     3.64379000e-03
9.921651     3.10743000e-03
9.924958     2.91768000e-03
9.928267     2.74439000e-03
9.931576     2.91555000e-03
9.934887     3.40241000e-03
9.938198     3.51850000e-03
9.941511     3.66182000e-03
9.944825     3.58568000e-03
9.948140     3.55896000e-03
9.951456     2.81308000e-03
9.954773     3.77412000e-03
9.958091     3.38685000e-03
9.961411     3.66859000e-03
9.964731     3.30209000e-03
9.968053     3.75513000e-03
9.971375     3.28716000e-03
9.974699     3.41277000e-03
9.978024     3.59274000e-03
9.981350     3.16946000e-03
9.984677     3.54839000e-03
9.988005     2.80542000e-03
9.991335     3.67135000e-03
9.994665     3.46972000e-03
9.997997     3.46227000e-03
10.001330     3.81342000e-03
10.004663     3.22087000e-03
10.007998     3.60152000e-03
10.011334     2.97143000e-03
10.014671     3.32044000e-03
10.018009     3.62504000e-03
10.021349     2.86839000e-03
10.024689     3.32516000e-03
10.028031     3.08225000e-03
10.031374     3.06234000e-03
10.034717     3.47227000e-03
10.038062     3.75985000e-03
10.041408     3.44159000e-03
10.044755     3.26390000e-03
10.048104     2.86313000e-03
10.051453     3.21714000e-03
10.054804     3.11611000e-03
10.058155     3.41731000e-03
10.061508     3.65380000e-03
10.064862     3.46426000e-03
10.068217     3.30358000e-03
10.071573     3.41928000e-03
10.074930     2.93602000e-03
10.078288     3.04971000e-03
10.081648     2.83352000e-03
10.085008     3.43722000e-03
10.088370     3.33796000e-03
10.091733     2.73812000e-03
10.095097     3.58685000e-03
10.098462     3.67288000e-03
10.101828     3.45795000e-03
10.105195     3.37750000e-03
10.108563     3.59342000e-03
10.111933     3.34685000e-03
10.115303     3.32565000e-03
10.118675     3.53309000e-03
10.122048     3.76982000e-03
10.125422     3.56038000e-03
10.128797     3.31176000e-03
10.132174     3.48703000e-03
10.135551     3.63559000e-03
10.138929     3.79363000e-03
10.142309     3.35955000e-03
10.145690     3.48604000e-03
10.149072     3.23131000e-03
10.152455     3.87708000e-03
10.155839     3.66834000e-03
10.159224     3.77537000e-03
10.162611     3.00799000e-03
10.165998     3.43352000e-03
10.169387     3.33337000e-03
10.172777     2.91730000e-03
10.176168     3.63938000e-03
10.179560     3.61646000e-03
10.182953     3.31842000e-03
10.186347     3.41003000e-03
10.189743     2.74023000e-03
10.193139     3.44823000e-03
10.196537     3.73786000e-03
10.199936     3.25891000e-03
10.203336     3.87936000e-03
10.206737     3.08865000e-03
10.210139     3.70656000e-03
10.213543     3.17083000e-03
10.216947     3.16822000e-03
10.220353     3.40978000e-03
10.223759     3.74654000e-03
10.227167     3.41878000e-03
10.230576     2.58836000e-03
10.233987     3.86164000e-03
10.237398     2.76056000e-03
10.240810     3.24956000e-03
10.244224     3.11500000e-03
10.247639     3.72728000e-03
10.251055     3.75213000e-03
10.254472     3.90352000e-03
10.257890     3.73331000e-03
10.261309     3.76817000e-03
10.264729     3.13764000e-03
10.268151     3.65864000e-03
10.271574     3.34480000e-03
10.274998     2.72687000e-03
10.278423     3.72310000e-03
10.281849     3.19367000e-03
10.285276     3.68264000e-03
10.288704     3.44802000e-03
10.292134     3.04783000e-03
10.295565     2.87318000e-03
10.298997     3.77816000e-03
10.302430     3.28314000e-03
10.305864     3.53170000e-03
10.309299     3.48294000e-03
10.312736     3.62708000e-03
10.316173     3.58921000e-03
10.319612     2.85525000e-03
10.323052     3.75377000e-03
10.326493     3.29575000e-03
10.329935     3.12009000e-03
10.333378     2.55254000e-03
10.336823     2.55118000e-03
10.340268     3.72813000e-03
10.343715     3.67733000e-03
10.347163     3.74182000e-03
10.350612     3.72087000e-03
10.354062     3.40353000e-03
10.357513     3.26372000e-03
10.360966     3.09002000e-03
10.364420     3.43665000e-03
10.367874     3.13605000e-03
10.371330     3.78576000e-03
10.374788     2.95771000e-03
10.378246     2.66535000e-03
10.381705     3.44351000e-03
10.385166     2.94127000e-03
10.388628     3.54602000e-03
10.392090     3.58153000e-03
10.395554     3.58781000e-03
10.399020     3.66717000e-03
10.402486     3.40936000e-03
10.405954     2.89065000e-03
10.409422     2.94856000e-03
10.412892     3.19900000e-03
10.416363     2.89604000e-03
10.419835     3.40716000e-03
10.423308     3.17541000e-03
10.426783     3.25788000e-03
10.430258     3.36399000e-03
10.433735     3.53570000e-03
10.437213     3.69021000e-03
10.440692     3.68115000e-03
10.444172     3.81801000e-03
10.447654     3.62647000e-03
10.451136     3.51744000e-03
10.454620     3.18455000e-03
10.458105     2.77945000e-03
10.461591     2.80969000e-03
10.465078     3.38790000e-03
10.468566     3.58374000e-03
10.472056     3.52406000e-03
10.475547     2.85653000e-03
10.479038     3.06654000e-03
10.482532     3.45452000e-03
10.486026     3.38542000e-03
10.489521     3.14223000e-03
10.493018     3.41779000e-03
10.496515     3.50681000e-03
10.500014     2.69626000e-03
10.503514     3.36882000e-03
10.507015     3.63934000e-03
10.510518     3.35528000e-03
10.514021     3.65116000e-03
10.517526     3.43411000e-03
10.521031     2.81442000e-03
10.524539     3.78186000e-03
10.528047     2.91039000e-03
10.531556     2.23068000e-03
10.535067     3.52862000e-03
10.538578     3.33431000e-03
10.542091     3.71418000e-03
10.545605     2.37522000e-03
10.549120     3.50887000e-03
10.552637     3.62660000e-03
10.556154     3.54312000e-03
10.559673     3.62248000e-03
10.563193     3.42026000e-03
10.566714     3.30968000e-03
10.570236     3.08853000e-03
10.573760     3.58119000e-03
10.577284     2.99980000e-03
10.580810     3.68221000e-03
10.584337     3.43777000e-03
10.587865     3.61440000e-03
10.591394     3.04456000e-03
10.594925     2.55364000e-03
10.598456     3.24021000e-03
10.601989     3.60075000e-03
10.605523     3.12919000e-03
10.609058     3.36829000e-03
10.612595     3.05855000e-03
10.616132     3.50355000e-03
10.619671     2.76769000e-03
10.623211     3.10023000e-03
10.626752     2.37268000e-03
10.630294     2.86740000e-03
10.633838     3.46385000e-03
10.637382     2.80161000e-03
10.640928     2.59470000e-03
10.644475     3.67967000e-03
10.648023     3.53965000e-03
10.651573     3.38076000e-03
10.655123     3.39533000e-03
10.658675     3.69848000e-03
10.662228     3.44288000e-03
10.665782     3.86939000e-03
10.669337     2.77777000e-03
10.672893     3.44220000e-03
10.676451     3.71073000e-03
10.680010     3.37592000e-03
10.683570     3.61993000e-03
10.687131     3.72134000e-03
10.690693     4.08429000e-03
10.694257     3.41909000e-03
10.697822     4.00504000e-03
10.701388     3.76517000e-03
10.704955     3.32647000e-03
10.708523     3.75734000e-03
10.712093     2.81268000e-03
10.715663     2.99919000e-03
10.719235     3.27089000e-03
10.722808     3.19575000e-03
10.726383     2.83427000e-03
10.729958     3.84658000e-03
10.733535     3.51156000e-03
10.737113     3.28105000e-03
10.740692     3.64208000e-03
10.744272     3.21004000e-03
10.747853     2.66725000e-03
10.751436     2.77131000e-03
10.755020     2.96733000e-03
10.758605     3.39053000e-03
10.762191     3.47238000e-03
10.765778     3.19410000e-03
10.769367     3.25185000e-03
10.772957     3.21223000e-03
10.776548     3.57304000e-03
10.780140     3.19122000e-03
10.783733     3.04888000e-03
10.787328     3.44607000e-03
10.790924     3.71653000e-03
10.794521     3.68097000e-03
10.798119     3.41500000e-03
10.801718     3.56113000e-03
10.805319     3.20381000e-03
10.808920     3.67738000e-03
10.812523     3.68294000e-03
10.816128     3.67501000e-03
10.819733     3.00343000e-03
10.823339     4.03294000e-03
10.826947     3.75764000e-03
10.830556     3.25217000e-03
10.834167     3.52147000e-03
10.837778     3.24661000e-03
10.841390     3.99132000e-03
10.845004     2.81478000e-03
10.848619     3.82514000e-03
10.852236     3.30641000e-03
10.855853     2.71821000e-03
10.859471     3.72629000e-03
10.863091     3.94026000e-03
10.866712     2.82405000e-03
10.870335     2.52032000e-03
10.873958     3.58517000e-03
10.877583     3.57337000e-03
10.881208     2.91534000e-03
10.884836     3.21103000e-03
10.888464     2.94826000e-03
10.892093     3.52882000e-03
10.895724     3.53491000e-03
10.899356     3.61764000e-03
10.902989     2.94446000e-03
10.906623     2.90528000e-03
10.910259     3.46615000e-03
10.913896     2.62748000e-03
10.917534     3.69941000e-03
10.921173     3.93161000e-03
10.924813     3.43609000e-03
10.928455     3.65796000e-03
10.932098     3.30222000e-03
10.935742     3.46787000e-03
10.939387     3.47122000e-03
10.943033     3.32020000e-03
10.946681     3.95569000e-03
10.950330     3.53587000e-03
10.953980     3.11991000e-03
10.957631     3.69584000e-03
10.961284     3.86592000e-03
10.964938     3.65465000e-03
10.968593     3.53604000e-03
10.972249     3.29672000e-03
10.975906     3.15600000e-03
10.979565     3.06008000e-03
10.983225     2.79115000e-03
10.986886     3.13483000e-03
10.990548     3.49306000e-03
10.994212     3.26485000e-03
10.997876     2.81814000e-03
11.001542     2.82037000e-03
11.005210     3.04410000e-03
11.008878     3.59361000e-03
11.012548     3.19299000e-03
11.016219     3.26059000e-03
11.019891     3.18099000e-03
11.023564     3.44900000e-03
11.027238     3.21153000e-03
11.030914     3.23716000e-03
11.034591     2.76999000e-03
11.038269     2.99733000e-03
11.041949     3.27259000e-03
11.045629     3.43729000e-03
11.049311     3.45726000e-03
11.052994     3.16636000e-03
11.056679     3.61627000e-03
11.060364     3.74932000e-03
11.064051     3.21475000e-03
11.067739     2.30932000e-03
11.071428     3.17731000e-03
11.075119     3.71228000e-03
11.078810     3.44611000e-03
11.082503     3.00848000e-03
11.086198     3.50028000e-03
11.089893     2.98216000e-03
11.093590     2.83753000e-03
11.097287     3.61884000e-03
11.100986     2.71802000e-03
11.104687     3.58095000e-03
11.108388     3.09577000e-03
11.112091     3.54560000e-03
11.115795     3.08075000e-03
11.119500     3.14767000e-03
11.123207     3.47897000e-03
11.126915     3.75327000e-03
11.130624     3.88685000e-03
11.134334     2.97269000e-03
11.138045     3.45623000e-03
11.141758     3.66604000e-03
11.145472     3.84830000e-03
11.149187     3.51203000e-03
11.152904     3.88665000e-03
11.156621     3.81359000e-03
11.160340     3.80650000e-03
11.164060     3.33263000e-03
11.167782     2.90972000e-03
11.171504     3.57814000e-03
11.175228     3.44207000e-03
11.178953     2.43120000e-03
11.182679     3.16818000e-03
11.186407     2.58289000e-03
11.190136     3.51531000e-03
11.193866     3.24469000e-03
11.197597     3.29938000e-03
11.201330     3.05086000e-03
11.205063     3.00974000e-03
11.208798     3.30592000e-03
11.212535     3.59604000e-03
11.216272     3.62748000e-03
11.220011     3.21691000e-03
11.223751     3.20481000e-03
11.227492     3.40875000e-03
11.231235     2.79147000e-03
11.234978     3.02666000e-03
11.238723     3.44459000e-03
11.242470     3.61945000e-03
11.246217     3.17265000e-03
11.249966     3.90798000e-03
11.253716     3.04954000e-03
11.257467     3.15921000e-03
11.261220     3.23493000e-03
11.264973     3.24775000e-03
11.268728     2.28852000e-03
11.272484     3.65792000e-03
11.276242     3.38090000e-03
11.280001     3.84391000e-03
11.283761     3.59653000e-03
11.287522     3.51714000e-03
11.291285     3.74061000e-03
11.295048     3.32265000e-03
11.298813     3.13488000e-03
11.302580     3.46910000e-03
11.306347     3.51151000e-03
11.310116     3.59147000e-03
11.313886     3.31565000e-03
11.317657     2.76676000e-03
11.321430     3.02090000e-03
11.325204     3.12971000e-03
11.328979     3.21579000e-03
11.332755     3.29215000e-03
11.336533     2.98744000e-03
11.340311     3.25800000e-03
11.344091     3.36860000e-03
11.347873     3.96137000e-03
11.351655     3.92860000e-03
11.355439     3.69274000e-03
11.359225     3.16018000e-03
11.363011     2.83647000e-03
11.366799     3.42622000e-03
11.370588     3.47905000e-03
11.374378     3.66477000e-03
11.378169     3.66308000e-03
11.381962     2.86710000e-03
11.385756     3.39001000e-03
11.389551     3.64652000e-03
11.393348     3.51965000e-03
11.397146     3.81869000e-03
11.400944     3.70801000e-03
11.404745     3.96752000e-03
11.408546     3.31272000e-03
11.412349     4.05327000e-03
11.416153     2.88366000e-03
11.419959     3.86430000e-03
11.423765     3.76433000e-03
11.427573     3.63953000e-03
11.431382     3.74873000e-03
11.435193     3.43556000e-03
11.439005     3.04172000e-03
11.442818     2.95224000e-03
11.446632     3.61888000e-03
11.450447     3.28269000e-03
11.454264     3.08050000e-03
11.458082     3.65868000e-03
11.461902     2.81934000e-03
11.465722     3.74590000e-03
11.469544     3.16878000e-03
11.473368     3.23221000e-03
11.477192     3.70138000e-03
11.481018     3.33357000e-03
11.484845     3.68270000e-03
11.488673     3.49250000e-03
11.492503     3.49267000e-03
11.496333     2.99213000e-03
11.500165     4.04326000e-03
11.503999     3.51807000e-03
11.507834     3.94399000e-03
11.511669     3.56929000e-03
11.515507     3.88474000e-03
11.519345     3.26544000e-03
11.523185     3.08320000e-03
11.527026     3.45519000e-03
11.530868     3.49639000e-03
11.534712     3.38206000e-03
11.538557     3.85831000e-03
11.542403     3.52468000e-03
11.546251     3.17715000e-03
11.550099     3.20208000e-03
11.553949     3.04219000e-03
11.557801     3.71059000e-03
11.561653     3.39080000e-03
11.565507     2.71886000e-03
11.569362     3.16250000e-03
11.573219     2.92417000e-03
11.577077     3.66022000e-03
11.580936     3.54517000e-03
11.584796     3.19349000e-03
11.588658     3.81661000e-03
11.592520     3.73919000e-03
11.596384     3.18833000e-03
11.600250     3.50474000e-03
11.604117     3.43342000e-03
11.607985     3.64636000e-03
11.611854     3.52457000e-03
11.615725     3.17402000e-03
11.619597     3.32027000e-03
11.623470     3.58049000e-03
11.627344     2.97596000e-03
11.631220     3.32067000e-03
11.635097     3.13776000e-03
11.638976     3.30915000e-03
11.642855     3.56439000e-03
11.646736     2.72251000e-03
11.650618     3.14263000e-03
11.654502     3.13129000e-03
11.658387     3.82228000e-03
11.662273     3.09686000e-03
11.666160     3.20055000e-03
11.670049     3.42980000e-03
11.673939     3.01520000e-03
11.677830     3.36758000e-03
11.681723     3.67011000e-03
11.685617     3.62721000e-03
11.689512     3.79992000e-03
11.693409     3.29878000e-03
11.697306     3.71327000e-03
11.701206     3.11081000e-03
11.705106     3.80532000e-03
11.709008     3.74943000e-03
11.712911     3.09753000e-03
11.716815     2.90190000e-03
11.720721     3.17804000e-03
11.724627     2.20677000e-03
11.728536     3.36413000e-03
11.732445     3.12162000e-03
11.736356     2.99627000e-03
11.740268     3.61387000e-03
11.744181     3.49322000e-03
11.748096     3.18954000e-03
11.752012     3.14597000e-03
11.755930     3.43221000e-03
11.759848     3.18291000e-03
11.763768     3.23994000e-03
11.767689     3.22277000e-03
11.771612     3.52641000e-03
11.775536     3.71450000e-03
11.779461     3.34317000e-03
11.783388     3.59418000e-03
11.787315     3.53943000e-03
11.791244     3.80491000e-03
11.795175     3.10882000e-03
11.799107     3.65028000e-03
11.803040     3.32824000e-03
11.806974     3.74224000e-03
11.810910     3.77534000e-03
11.814847     2.76304000e-03
11.818785     3.49079000e-03
11.822724     3.36699000e-03
11.826665     3.50948000e-03
11.830608     3.50631000e-03
11.834551     3.39327000e-03
11.838496     3.22504000e-03
11.842442     3.68823000e-03
11.846390     3.96267000e-03
11.850338     3.29891000e-03
11.854289     3.19959000e-03
11.858240     2.62573000e-03
11.862193     3.58834000e-03
11.866147     3.51024000e-03
11.870102     3.82874000e-03
11.874059     3.68739000e-03
11.878017     3.53468000e-03
11.881976     2.79718000e-03
11.885937     3.53607000e-03
11.889899     3.34965000e-03
11.893862     3.52104000e-03
11.897827     3.56576000e-03
11.901793     3.40497000e-03
11.905760     3.33677000e-03
11.909729     2.93891000e-03
11.913699     3.33015000e-03
11.917670     3.71117000e-03
11.921642     3.13684000e-03
11.925616     3.30626000e-03
11.929591     3.59494000e-03
11.933568     3.06200000e-03
11.937546     3.63460000e-03
11.941525     3.09748000e-03
11.945505     3.84045000e-03
11.949487     3.82629000e-03
11.953470     3.58451000e-03
11.957455     3.35738000e-03
11.961441     3.21478000e-03
11.965428     3.39059000e-03
11.969416     2.75640000e-03
11.973406     3.41225000e-03
11.977397     3.28783000e-03
11.981390     3.19936000e-03
11.985384     3.36693000e-03
11.989379     3.46843000e-03
11.993375     3.10126000e-03
11.997373     3.34406000e-03
12.001372     2.68945000e-03
12.005373     3.14252000e-03
12.009374     3.46760000e-03
12.013378     3.53819000e-03
12.017382     3.72143000e-03
12.021388     3.50473000e-03
12.025395     3.19205000e-03
12.029403     3.39809000e-03
12.033413     3.77104000e-03
12.037424     3.12821000e-03
12.041437     3.94147000e-03
12.045450     3.95151000e-03
12.049466     3.85845000e-03
12.053482     3.14555000e-03
12.057500     3.95585000e-03
12.061519     3.07493000e-03
12.065540     3.13751000e-03
12.069562     3.49924000e-03
12.073585     3.84395000e-03
12.077609     3.55723000e-03
12.081635     2.79805000e-03
12.085662     3.47908000e-03
12.089691     3.23264000e-03
12.093721     3.52209000e-03
12.097752     3.90214000e-03
12.101785     3.73344000e-03
12.105818     3.45065000e-03
12.109854     3.35235000e-03
12.113890     3.65573000e-03
12.117928     3.53955000e-03
12.121968     3.29830000e-03
12.126008     2.73822000e-03
12.130050     3.82092000e-03
12.134094     2.88595000e-03
12.138138     3.80209000e-03
12.142184     3.27723000e-03
12.146232     3.47254000e-03
12.150281     3.58481000e-03
12.154331     3.24185000e-03
12.158382     3.72049000e-03
12.162435     3.31574000e-03
12.166489     3.84778000e-03
12.170545     3.83123000e-03
12.174601     3.77341000e-03
12.178660     4.06550000e-03
12.182719     3.85271000e-03
12.186780     2.84854000e-03
12.190842     3.73734000e-03
12.194906     3.59125000e-03
12.198971     3.58636000e-03
12.203037     3.68724000e-03
12.207105     3.77320000e-03
12.211174     3.76050000e-03
12.215244     3.59652000e-03
12.219316     3.28551000e-03
12.223389     3.83179000e-03
12.227464     3.86849000e-03
12.231540     3.48884000e-03
12.235617     3.63076000e-03
12.239695     3.51281000e-03
12.243775     3.36488000e-03
12.247856     3.00021000e-03
12.251939     3.27618000e-03
12.256023     3.61235000e-03
12.260108     3.51633000e-03
12.264195     2.81135000e-03
12.268283     2.97974000e-03
12.272372     3.82434000e-03
12.276463     3.27990000e-03
12.280555     3.52743000e-03
12.284649     2.97510000e-03
12.288744     2.44683000e-03
12.292840     3.79566000e-03
12.296938     3.93544000e-03
12.301037     3.46066000e-03
12.305137     3.62874000e-03
12.309239     3.65265000e-03
12.313342     3.12968000e-03
12.317446     3.38342000e-03
12.321552     3.15197000e-03
12.325659     3.01017000e-03
12.329768     3.95865000e-03
12.333878     3.24839000e-03
12.337989     2.86154000e-03
12.342102     3.54194000e-03
12.346216     3.42445000e-03
12.350331     3.36906000e-03
12.354448     3.62706000e-03
12.358566     3.74983000e-03
12.362686     3.58007000e-03
12.366806     3.16092000e-03
12.370929     3.47557000e-03
12.375052     3.03171000e-03
12.379177     3.25326000e-03
12.383304     3.38831000e-03
12.387432     3.44016000e-03
12.391561     3.62469000e-03
12.395691     3.01606000e-03
12.399823     3.47759000e-03
12.403956     2.79420000e-03
12.408091     3.09173000e-03
12.412227     3.27190000e-03
12.416365     3.30337000e-03
12.420503     3.65760000e-03
12.424643     3.32504000e-03
12.428785     2.61930000e-03
12.432928     3.37939000e-03
12.437072     3.49423000e-03
12.441218     3.37374000e-03
12.445365     2.58503000e-03
12.449514     3.50695000e-03
12.453663     2.88315000e-03
12.457814     3.52657000e-03
12.461967     3.50605000e-03
12.466121     3.61652000e-03
12.470277     3.79960000e-03
12.474433     3.84014000e-03
12.478591     2.94471000e-03
12.482751     3.55468000e-03
12.486912     3.69633000e-03
12.491074     3.02650000e-03
12.495238     3.26309000e-03
12.499403     3.45414000e-03
12.503569     3.84973000e-03
12.507737     3.54236000e-03
12.511907     3.25860000e-03
12.516077     3.28310000e-03
12.520249     3.03579000e-03
12.524423     3.32038000e-03
12.528597     3.36262000e-03
12.532774     3.62419000e-03
12.536951     3.41022000e-03
12.541130     3.69545000e-03
12.545310     3.22836000e-03
12.549492     3.73743000e-03
12.553675     3.07565000e-03
12.557860     3.40278000e-03
12.562046     3.55868000e-03
12.566233     3.58217000e-03
12.570422     3.08028000e-03
12.574612     3.98667000e-03
12.578804     3.31265000e-03
12.582997     3.45417000e-03
12.587191     3.64525000e-03
12.591387     3.33489000e-03
12.595584     3.03686000e-03
12.599782     3.27081000e-03
12.603982     3.52433000e-03
12.608184     3.58061000e-03
12.612386     3.54637000e-03
12.616590     2.84091000e-03
12.620796     3.52562000e-03
12.625003     3.33020000e-03
12.629211     3.21745000e-03
12.633421     3.19631000e-03
12.637632     3.69933000e-03
12.641845     2.67195000e-03
12.646059     3.68250000e-03
12.650274     3.63245000e-03
12.654491     3.34385000e-03
12.658709     2.88042000e-03
12.662928     3.23473000e-03
12.667150     3.37279000e-03
12.671372     3.35803000e-03
12.675596     3.63638000e-03
12.679821     3.33623000e-03
12.684048     2.37513000e-03
12.688275     3.68986000e-03
12.692505     3.67082000e-03
12.696736     3.56183000e-03
12.700968     3.13652000e-03
12.705202     3.60020000e-03
12.709437     3.89181000e-03
12.713673     3.74070000e-03
12.717911     2.61471000e-03
12.722150     3.66676000e-03
12.726391     3.54080000e-03
12.730633     2.90306000e-03
12.734877     3.77345000e-03
12.739122     3.81186000e-03
12.743368     3.89176000e-03
12.747616     2.50924000e-03
12.751865     3.10699000e-03
12.756116     3.37678000e-03
12.760368     3.30277000e-03
12.764621     3.52818000e-03
12.768876     3.56051000e-03
12.773132     3.12149000e-03
12.777390     3.36874000e-03
12.781649     3.46563000e-03
12.785910     2.94543000e-03
12.790172     3.14332000e-03
12.794435     3.59235000e-03
12.798700     3.65309000e-03
12.802966     3.82157000e-03
12.807234     2.92016000e-03
12.811503     3.15400000e-03
12.815773     3.10467000e-03
12.820045     3.68521000e-03
12.824319     3.19617000e-03
12.828594     3.68940000e-03
12.832870     3.16256000e-03
12.837147     3.59660000e-03
12.841426     3.15467000e-03
12.845707     3.67518000e-03
12.849989     3.30281000e-03
12.854272     3.08517000e-03
12.858557     3.65354000e-03
12.862843     3.60900000e-03
12.867131     3.69353000e-03
12.871420     3.54018000e-03
12.875710     3.89116000e-03
12.880002     3.97819000e-03
12.884295     3.69602000e-03
12.888590     3.93303000e-03
12.892886     3.57150000e-03
12.897184     3.77350000e-03
12.901483     2.83168000e-03
12.905784     3.26130000e-03
12.910085     3.41338000e-03
12.914389     3.67342000e-03
12.918694     3.33543000e-03
12.923000     3.20154000e-03
12.927307     2.92144000e-03
12.931617     3.32873000e-03
12.935927     3.75577000e-03
12.940239     3.58265000e-03
12.944553     3.40959000e-03
12.948867     3.41861000e-03
12.953184     3.64732000e-03
12.957501     2.91284000e-03
12.961820     3.35963000e-03
12.966141     3.56416000e-03
12.970463     3.58150000e-03
12.974787     3.69263000e-03
12.979112     3.41588000e-03
12.983438     3.33410000e-03
12.987766     3.59290000e-03
12.992095     3.48075000e-03
12.996426     3.98498000e-03
13.000758     3.83988000e-03
13.005092     3.60574000e-03
13.009427     3.42005000e-03
13.013763     3.37902000e-03
13.018101     3.49726000e-03
13.022440     3.42225000e-03
13.026781     2.92301000e-03
13.031123     3.25108000e-03
13.035467     2.99925000e-03
13.039812     3.35809000e-03
13.044159     3.28677000e-03
13.048507     3.76197000e-03
13.052856     3.39252000e-03
13.057207     3.77185000e-03
13.061560     3.92802000e-03
13.065914     3.10766000e-03
13.070269     3.91383000e-03
13.074626     3.47800000e-03
13.078984     3.21498000e-03
13.083343     3.84674000e-03
13.087705     3.62317000e-03
13.092067     3.27638000e-03
13.096431     3.22494000e-03
13.100797     3.42030000e-03
13.105164     3.38010000e-03
13.109532     3.85278000e-03
13.113902     3.68913000e-03
13.118273     3.02905000e-03
13.122646     3.46568000e-03
13.127020     3.58360000e-03
13.131396     3.19326000e-03
13.135773     3.46863000e-03
13.140151     3.20693000e-03
13.144532     3.77277000e-03
13.148913     3.15619000e-03
13.153296     3.27906000e-03
13.157680     2.81382000e-03
13.162066     3.74257000e-03
13.166454     3.55948000e-03
13.170842     3.10409000e-03
13.175233     3.32509000e-03
13.179625     3.04758000e-03
13.184018     3.31115000e-03
13.188413     3.26799000e-03
13.192809     3.95756000e-03
13.197206     3.97366000e-03
13.201605     3.47643000e-03
13.206006     2.90463000e-03
13.210408     3.07935000e-03
13.214811     3.43072000e-03
13.219216     2.85000000e-03
13.223623     3.41602000e-03
13.228030     2.98147000e-03
13.232440     3.15319000e-03
13.236851     2.90160000e-03
13.241263     3.02560000e-03
13.245677     3.26007000e-03
13.250092     3.46393000e-03
13.254509     3.55677000e-03
13.258927     3.00648000e-03
13.263346     3.41879000e-03
13.267767     2.98759000e-03
13.272190     2.83505000e-03
13.276614     3.39365000e-03
13.281040     3.47129000e-03
13.285467     3.04492000e-03
13.289895     3.45040000e-03
13.294325     3.14640000e-03
13.298757     3.47226000e-03
13.303190     3.38650000e-03
13.307624     3.26270000e-03
13.312060     3.05146000e-03
13.316497     3.35265000e-03
13.320936     2.99751000e-03
13.325376     3.54434000e-03
13.329818     3.16245000e-03
13.334261     3.25120000e-03
13.338706     3.02663000e-03
13.343152     3.47074000e-03
13.347600     3.80025000e-03
13.352049     3.79493000e-03
13.356500     3.47218000e-03
13.360952     3.75415000e-03
13.365406     3.44260000e-03
13.369861     3.15707000e-03
13.374318     3.89107000e-03
13.378776     3.72426000e-03
13.383235     3.17339000e-03
13.387696     3.75443000e-03
13.392159     3.09516000e-03
13.396623     3.72580000e-03
13.401089     3.67658000e-03
13.405556     3.14431000e-03
13.410024     3.75790000e-03
13.414494     3.55447000e-03
13.418966     3.03775000e-03
13.423438     3.31299000e-03
13.427913     3.33456000e-03
13.432389     3.65617000e-03
13.436866     3.00802000e-03
13.441345     3.18326000e-03
13.445826     2.62049000e-03
13.450308     3.37074000e-03
13.454791     3.23583000e-03
13.459276     3.59452000e-03
13.463763     3.79329000e-03
13.468250     3.32365000e-03
13.472740     3.37641000e-03
13.477231     3.05729000e-03
13.481723     3.57285000e-03
13.486217     3.15779000e-03
13.490713     3.14744000e-03
13.495209     3.73056000e-03
13.499708     3.62321000e-03
13.504208     3.02426000e-03
13.508709     3.62792000e-03
13.513212     3.78768000e-03
13.517717     3.35816000e-03
13.522222     3.52314000e-03
13.526730     3.77040000e-03
13.531239     3.64598000e-03
13.535749     3.33408000e-03
13.540261     3.32952000e-03
13.544774     3.50723000e-03
13.549289     2.58619000e-03
13.553806     3.01001000e-03
13.558324     3.50166000e-03
13.562843     3.46802000e-03
13.567364     3.63142000e-03
13.571887     3.33356000e-03
13.576410     3.38066000e-03
13.580936     3.71935000e-03
13.585463     3.70595000e-03
13.589992     3.71896000e-03
13.594522     3.77001000e-03
13.599053     2.80890000e-03
13.603586     3.30795000e-03
13.608121     3.37717000e-03
13.612657     3.41903000e-03
13.617194     3.54939000e-03
13.621733     3.78227000e-03
13.626274     3.34491000e-03
13.630816     3.00540000e-03
13.635359     3.19155000e-03
13.639905     3.61922000e-03
13.644451     3.82737000e-03
13.648999     3.69137000e-03
13.653549     3.28006000e-03
13.658100     3.61119000e-03
13.662653     3.70412000e-03
13.667207     3.60716000e-03
13.671763     3.74806000e-03
13.676320     3.56261000e-03
13.680879     3.27360000e-03
13.685439     3.50921000e-03
13.690001     3.33672000e-03
13.694564     2.61944000e-03
13.699129     3.13572000e-03
13.703696     3.58757000e-03
13.708263     3.32026000e-03
13.712833     3.20005000e-03
13.717404     3.12363000e-03
13.721976     3.41149000e-03
13.726550     3.21219000e-03
13.731126     3.03519000e-03
13.735703     3.59781000e-03
13.740281     3.45679000e-03
13.744862     3.17339000e-03
13.749443     3.15344000e-03
13.754026     3.67000000e-03
13.758611     3.50754000e-03
13.763197     3.17650000e-03
13.767785     3.32961000e-03
13.772374     3.39067000e-03
13.776965     3.42581000e-03
13.781557     3.74955000e-03
13.786151     3.39826000e-03
13.790746     3.90295000e-03
13.795343     3.63604000e-03
13.799942     3.45269000e-03
13.804542     3.47379000e-03
13.809143     3.15473000e-03
13.813746     3.37998000e-03
13.818351     3.80409000e-03
13.822957     2.99533000e-03
13.827565     3.17210000e-03
13.832174     3.32427000e-03
13.836785     3.57523000e-03
13.841397     3.13460000e-03
13.846011     3.58307000e-03
13.850626     3.40827000e-03
13.855243     2.53105000e-03
13.859861     3.45041000e-03
13.864481     3.20536000e-03
13.869103     3.64171000e-03
13.873726     3.51498000e-03
13.878350     3.50500000e-03
13.882976     3.71573000e-03
13.887604     3.25467000e-03
13.892233     3.11367000e-03
13.896864     3.39559000e-03
13.901496     3.51728000e-03
13.906130     3.70196000e-03
13.910766     3.63528000e-03
13.915403     3.15594000e-03
13.920041     3.43937000e-03
13.924681     3.74242000e-03
13.929323     3.32363000e-03
13.933966     3.90479000e-03
13.938610     3.48566000e-03
13.943257     3.26060000e-03
13.947904     3.04609000e-03
13.952554     3.40445000e-03
13.957204     3.25614000e-03
13.961857     3.23324000e-03
13.966511     3.02106000e-03
13.971166     3.37364000e-03
13.975823     3.32401000e-03
13.980482     3.73564000e-03
13.985142     3.40729000e-03
13.989804     2.80879000e-03
13.994467     3.53684000e-03
13.999132     3.35962000e-03
14.003798     3.33032000e-03
14.008466     3.26392000e-03
14.013136     3.56082000e-03
14.017807     3.47781000e-03
14.022479     2.79919000e-03
14.027154     3.42212000e-03
14.031829     3.66557000e-03
14.036506     3.75657000e-03
14.041185     3.27313000e-03
14.045866     2.93395000e-03
14.050548     3.64092000e-03
14.055231     3.45447000e-03
14.059916     3.20843000e-03
14.064603     3.39309000e-03
14.069291     3.74499000e-03
14.073981     3.72848000e-03
14.078672     3.64081000e-03
14.083365     3.84895000e-03
14.088060     3.42120000e-03
14.092756     3.62603000e-03
14.097453     3.17798000e-03
14.102152     3.01977000e-03
14.106853     3.67995000e-03
14.111555     3.51739000e-03
14.116259     2.94968000e-03
14.120965     3.44019000e-03
14.125672     3.38503000e-03
14.130380     3.35838000e-03
14.135090     2.86695000e-03
14.139802     3.32284000e-03
14.144515     3.50128000e-03
14.149230     3.29008000e-03
14.153946     3.55367000e-03
14.158665     3.20954000e-03
14.163384     3.10409000e-03
14.168105     3.13723000e-03
14.172828     3.47173000e-03
14.177552     3.04946000e-03
14.182278     3.57064000e-03
14.187005     3.72306000e-03
14.191734     3.26887000e-03
14.196465     3.42710000e-03
14.201197     3.26553000e-03
14.205931     3.36571000e-03
14.210666     2.63752000e-03
14.215403     3.48399000e-03
14.220142     3.46723000e-03
14.224882     3.70196000e-03
14.229623     3.66808000e-03
14.234367     3.34446000e-03
14.239111     3.15443000e-03
14.243858     3.48803000e-03
14.248606     3.21162000e-03
14.253355     3.23695000e-03
14.258106     3.37882000e-03
14.262859     3.76920000e-03
14.267613     3.39998000e-03
14.272369     3.61037000e-03
14.277126     3.80537000e-03
14.281886     3.32451000e-03
14.286646     3.75931000e-03
14.291408     3.63102000e-03
14.296172     3.12716000e-03
14.300938     3.89933000e-03
14.305705     3.87078000e-03
14.310473     3.38651000e-03
14.315243     3.67404000e-03
14.320015     3.05216000e-03
14.324788     3.26256000e-03
14.329563     3.01009000e-03
14.334340     3.24524000e-03
14.339118     3.31421000e-03
14.343898     3.35441000e-03
14.348679     3.50544000e-03
14.353462     3.22034000e-03
14.358246     3.45356000e-03
14.363032     3.36054000e-03
14.367820     3.87105000e-03
14.372609     3.45519000e-03
14.377400     3.05341000e-03
14.382193     3.21283000e-03
14.386987     3.43375000e-03
14.391782     3.60682000e-03
14.396580     3.28795000e-03
14.401379     3.35466000e-03
14.406179     3.34194000e-03
14.410981     3.44087000e-03
14.415785     3.67112000e-03
14.420590     3.53896000e-03
14.425397     3.30318000e-03
14.430205     3.40975000e-03
14.435015     3.68324000e-03
14.439827     3.69318000e-03
14.444640     3.64611000e-03
14.449455     3.62536000e-03
14.454272     3.40228000e-03
14.459090     3.63894000e-03
14.463909     2.81077000e-03
14.468731     3.19495000e-03
14.473554     3.07662000e-03
14.478378     3.42671000e-03
14.483204     3.15877000e-03
14.488032     2.44525000e-03
14.492861     3.28076000e-03
14.497692     3.27025000e-03
14.502525     3.71792000e-03
14.507359     3.08741000e-03
14.512195     3.23877000e-03
14.517032     3.11849000e-03
14.521871     3.65506000e-03
14.526712     3.22921000e-03
14.531554     3.44204000e-03
14.536398     3.41759000e-03
14.541244     3.64377000e-03
14.546091     2.89585000e-03
14.550939     3.48182000e-03
14.555790     3.55235000e-03
14.560641     3.70558000e-03
14.565495     3.29087000e-03
14.570350     3.93839000e-03
14.575207     3.78164000e-03
14.580065     3.60433000e-03
14.584926     3.19327000e-03
14.589787     2.92501000e-03
14.594650     3.50242000e-03
14.599515     3.60267000e-03
14.604382     3.29979000e-03
14.609250     3.44245000e-03
14.614120     3.02042000e-03
14.618991     3.85473000e-03
14.623864     3.25082000e-03
14.628739     3.77350000e-03
14.633615     3.37179000e-03
14.638493     3.51161000e-03
14.643372     2.96830000e-03
14.648253     3.13429000e-03
14.653136     3.32730000e-03
14.658020     3.29939000e-03
14.662907     3.23106000e-03
14.667794     3.52018000e-03
14.672683     3.44222000e-03
14.677574     3.73035000e-03
14.682467     3.49983000e-03
14.687361     3.13040000e-03
14.692257     3.47246000e-03
14.697154     3.03808000e-03
14.702053     2.89783000e-03
14.706954     3.68809000e-03
14.711856     3.44628000e-03
14.716760     3.55750000e-03
14.721666     3.31769000e-03
14.726573     3.75696000e-03
14.731482     3.29555000e-03
14.736392     3.61983000e-03
14.741305     3.37604000e-03
14.746218     3.31302000e-03
14.751134     3.15118000e-03
14.756051     3.90263000e-03
14.760969     3.54082000e-03
14.765890     3.41200000e-03
14.770812     3.87236000e-03
14.775735     3.33991000e-03
14.780660     3.17152000e-03
14.785587     3.30596000e-03
14.790516     3.09936000e-03
14.795446     3.39647000e-03
14.800378     3.24658000e-03
14.805311     3.63289000e-03
14.810246     3.80619000e-03
14.815183     3.44562000e-03
14.820122     3.43838000e-03
14.825062     2.50366000e-03
14.830003     3.45811000e-03
14.834947     3.36653000e-03
14.839892     3.52914000e-03
14.844838     3.19441000e-03
14.849787     3.68073000e-03
14.854736     3.45981000e-03
14.859688     3.45298000e-03
14.864641     3.26692000e-03
14.869596     2.76806000e-03
14.874553     3.52236000e-03
14.879511     3.46065000e-03
14.884471     3.14978000e-03
14.889432     3.27898000e-03
14.894395     3.14884000e-03
14.899360     3.34062000e-03
14.904327     3.52204000e-03
14.909295     3.35318000e-03
14.914264     3.32219000e-03
14.919236     3.22690000e-03
14.924209     3.26228000e-03
14.929184     3.43308000e-03
14.934160     3.06348000e-03
14.939138     3.72018000e-03
14.944118     3.64461000e-03
14.949099     3.31178000e-03
14.954082     3.10591000e-03
14.959067     3.05375000e-03
14.964053     3.64207000e-03
14.969041     3.44134000e-03
14.974031     3.43521000e-03
14.979022     3.23986000e-03
14.984015     3.53664000e-03
14.989010     3.50161000e-03
14.994006     2.85985000e-03
14.999004     3.49918000e-03
15.004004     3.41597000e-03
15.009005     3.65332000e-03
15.014008     3.87224000e-03
15.019013     3.49208000e-03
15.024019     3.26953000e-03
15.029027     3.39848000e-03
15.034037     3.50770000e-03
15.039048     3.43579000e-03
15.044061     3.44644000e-03
15.049076     3.04910000e-03
15.054092     3.33055000e-03
15.059110     3.36574000e-03
15.064130     3.67458000e-03
15.069152     3.85377000e-03
15.074175     3.95603000e-03
15.079199     3.82151000e-03
15.084226     3.23829000e-03
15.089254     3.54618000e-03
15.094284     3.16252000e-03
15.099315     3.59104000e-03
15.104348     3.81187000e-03
15.109383     3.40375000e-03
15.114419     3.71593000e-03
15.119457     3.63265000e-03
15.124497     3.02132000e-03
15.129539     3.65230000e-03
15.134582     3.59395000e-03
15.139627     3.58551000e-03
15.144673     3.21951000e-03
15.149722     3.52111000e-03
15.154772     3.37846000e-03
15.159823     3.67359000e-03
15.164876     3.40406000e-03
15.169931     3.29064000e-03
15.174988     3.22591000e-03
15.180046     3.24629000e-03
15.185106     3.33666000e-03
15.190168     3.51299000e-03
15.195232     3.12724000e-03
15.200297     3.65658000e-03
15.205363     3.52137000e-03
15.210432     3.88089000e-03
15.215502     3.47863000e-03
15.220574     3.68159000e-03
15.225647     3.48470000e-03
15.230723     3.56375000e-03
15.235799     3.78137000e-03
15.240878     3.79478000e-03
15.245958     3.45419000e-03
15.251040     3.43749000e-03
15.256124     2.94955000e-03
15.261209     3.74112000e-03
15.266296     3.48600000e-03
15.271385     3.82397000e-03
15.276476     3.67553000e-03
15.281568     3.80079000e-03
15.286662     3.23561000e-03
15.291757     3.65333000e-03
15.296855     3.79316000e-03
15.301953     3.75791000e-03
15.307054     3.32312000e-03
15.312156     3.46271000e-03
15.317260     3.50403000e-03
15.322366     3.26995000e-03
15.327474     3.29256000e-03
15.332583     3.47137000e-03
15.337694     3.60468000e-03
15.342806     3.32726000e-03
15.347921     3.25997000e-03
15.353036     3.63474000e-03
15.358154     3.74993000e-03
15.363274     3.33269000e-03
15.368395     3.33276000e-03
15.373518     3.69093000e-03
15.378642     3.18502000e-03
15.383768     3.34528000e-03
15.388896     3.57924000e-03
15.394026     3.59085000e-03
15.399157     3.74737000e-03
15.404290     3.64542000e-03
15.409425     3.60108000e-03
15.414561     3.35247000e-03
15.419700     3.34475000e-03
15.424839     3.41693000e-03
15.429981     3.37234000e-03
15.435124     3.59343000e-03
15.440269     3.60098000e-03
15.445416     3.12140000e-03
15.450565     3.09111000e-03
15.455715     3.21560000e-03
15.460867     3.20549000e-03
15.466020     3.58297000e-03
15.471176     3.60652000e-03
15.476333     3.39769000e-03
15.481492     3.57488000e-03
15.486652     3.53781000e-03
15.491814     3.31865000e-03
15.496978     3.30726000e-03
15.502144     3.38350000e-03
15.507311     3.15245000e-03
15.512480     3.80307000e-03
15.517651     3.56461000e-03
15.522824     3.28535000e-03
15.527998     3.16756000e-03
15.533174     3.72287000e-03
15.538352     3.79356000e-03
15.543531     3.66337000e-03
15.548712     3.52185000e-03
15.553895     3.17107000e-03
15.559080     3.28580000e-03
15.564266     3.40431000e-03
15.569454     3.35991000e-03
15.574644     3.26268000e-03
15.579836     3.29762000e-03
15.585029     3.40008000e-03
15.590224     3.50893000e-03
15.595421     3.76671000e-03
15.600619     3.54668000e-03
15.605819     3.49242000e-03
15.611021     3.72594000e-03
15.616225     2.94070000e-03
15.621430     3.55564000e-03
15.626638     3.26718000e-03
15.631846     3.40500000e-03
15.637057     3.67745000e-03
15.642269     3.28810000e-03
15.647483     3.22385000e-03
15.652699     3.67870000e-03
15.657917     3.65732000e-03
15.663136     3.74962000e-03
15.668357     3.48656000e-03
15.673580     3.69973000e-03
15.678805     3.82200000e-03
15.684031     3.63028000e-03
15.689259     3.27172000e-03
15.694489     3.89166000e-03
15.699720     3.79651000e-03
15.704953     3.55555000e-03
15.710188     3.70831000e-03
15.715425     3.62654000e-03
15.720664     3.12918000e-03
15.725904     3.26004000e-03
15.731146     3.52795000e-03
15.736389     3.38369000e-03
15.741635     3.49626000e-03
15.746882     3.45028000e-03
15.752131     3.41850000e-03
15.757382     3.18601000e-03
15.762634     3.19785000e-03
15.767888     3.47984000e-03
15.773144     3.57669000e-03
15.778402     3.28776000e-03
15.783662     3.37627000e-03
15.788923     3.69229000e-03
15.794186     3.29036000e-03
15.799451     2.85132000e-03
15.804717     3.32111000e-03
15.809985     3.13656000e-03
15.815255     3.59062000e-03
15.820527     3.07443000e-03
15.825800     3.24325000e-03
15.831076     3.12148000e-03
15.836353     3.41847000e-03
15.841632     3.19657000e-03
15.846912     3.73738000e-03
15.852194     3.62629000e-03
15.857478     3.54975000e-03
15.862764     3.30334000e-03
15.868052     3.26103000e-03
15.873341     3.45834000e-03
15.878632     3.86935000e-03
15.883925     3.38546000e-03
15.889220     3.71837000e-03
15.894516     3.97388000e-03
15.899814     3.63274000e-03
15.905114     3.79546000e-03
15.910416     3.95305000e-03
15.915720     3.82853000e-03
15.921025     3.79247000e-03
15.926332     3.48597000e-03
15.931641     3.63830000e-03
15.936951     3.44689000e-03
15.942263     3.94140000e-03
15.947577     3.51729000e-03
15.952893     3.69973000e-03
15.958211     3.37269000e-03
15.963530     3.53819000e-03
15.968852     3.50051000e-03
15.974175     3.64521000e-03
15.979499     2.67273000e-03
15.984826     3.49590000e-03
15.990154     3.52391000e-03
15.995484     3.15326000e-03
16.000816     3.40277000e-03
16.006150     3.26427000e-03
16.011485     3.14849000e-03
16.016822     3.52205000e-03
16.022161     3.15277000e-03
16.027502     3.32388000e-03
16.032844     3.66835000e-03
16.038189     3.43635000e-03
16.043535     3.65959000e-03
16.048883     3.37596000e-03
16.054232     3.17338000e-03
16.059583     3.34302000e-03
16.064937     3.77183000e-03
16.070292     3.63792000e-03
16.075648     3.02171000e-03
16.081007     3.69918000e-03
16.086367     3.59829000e-03
16.091729     3.77729000e-03
16.097093     3.62468000e-03
16.102459     3.34422000e-03
16.107827     3.41886000e-03
16.113196     3.23499000e-03
16.118567     3.42134000e-03
16.123940     3.51400000e-03
16.129314     3.63071000e-03
16.134691     3.44035000e-03
16.140069     3.49849000e-03
16.145449     3.57901000e-03
16.150831     3.76952000e-03
16.156215     3.57356000e-03
16.161600     3.69249000e-03
16.166987     3.37468000e-03
16.172376     3.91500000e-03
16.177767     3.59017000e-03
16.183159     3.83234000e-03
16.188554     3.97571000e-03
16.193950     3.72070000e-03
16.199348     3.88324000e-03
16.204748     3.66471000e-03
16.210149     3.39705000e-03
16.215553     3.46245000e-03
16.220958     3.23957000e-03
16.226365     3.45834000e-03
16.231774     3.26562000e-03
16.237184     3.13220000e-03
16.242597     3.48212000e-03
16.248011     3.53719000e-03
16.253427     3.52947000e-03
16.258845     3.44049000e-03
16.264264     3.51424000e-03
16.269686     3.35865000e-03
16.275109     3.13051000e-03
16.280534     3.63479000e-03
16.285961     3.56142000e-03
16.291390     3.39424000e-03
16.296820     3.66548000e-03
16.302252     3.58113000e-03
16.307686     3.07486000e-03
16.313122     3.55143000e-03
16.318560     3.44488000e-03
16.323999     3.23689000e-03
16.329441     3.28027000e-03
16.334884     3.56183000e-03
16.340329     3.78785000e-03
16.345776     3.85064000e-03
16.351224     3.90252000e-03
16.356675     3.07208000e-03
16.362127     3.95323000e-03
16.367581     3.79939000e-03
16.373037     3.52010000e-03
16.378494     3.74758000e-03
16.383954     3.44597000e-03
16.389415     3.58959000e-03
16.394879     3.50961000e-03
16.400343     3.27982000e-03
16.405810     3.40819000e-03
16.411279     3.20337000e-03
16.416749     3.73865000e-03
16.422221     3.36175000e-03
16.427695     3.40367000e-03
16.433171     2.86661000e-03
16.438649     3.54173000e-03
16.444129     3.23403000e-03
16.449610     3.63589000e-03
16.455093     3.71471000e-03
16.460578     3.36905000e-03
16.466065     3.66854000e-03
16.471554     3.00632000e-03
16.477044     3.33110000e-03
16.482537     3.22179000e-03
16.488031     3.57055000e-03
16.493527     3.67123000e-03
16.499025     3.59333000e-03
16.504524     3.24494000e-03
16.510026     3.30812000e-03
16.515529     3.78737000e-03
16.521034     3.63619000e-03
16.526542     3.63776000e-03
16.532050     3.02500000e-03
16.537561     3.83424000e-03
16.543073     3.39792000e-03
16.548588     3.63575000e-03
16.554104     3.45114000e-03
16.559622     3.24341000e-03
16.565142     3.80373000e-03
16.570664     3.66066000e-03
16.576187     3.62414000e-03
16.581713     3.40425000e-03
16.587240     3.52828000e-03
16.592769     3.41014000e-03
16.598300     3.12040000e-03
16.603833     3.01330000e-03
16.609367     3.32050000e-03
16.614904     3.48523000e-03
16.620442     3.39744000e-03
16.625982     3.58673000e-03
16.631524     3.66983000e-03
16.637068     3.51219000e-03
16.642614     3.33225000e-03
16.648161     3.21509000e-03
16.653711     3.12393000e-03
16.659262     3.42248000e-03
16.664815     3.28474000e-03
16.670370     3.56680000e-03
16.675927     2.91430000e-03
16.681485     3.63821000e-03
16.687046     3.12253000e-03
16.692608     3.85781000e-03
16.698172     3.34134000e-03
16.703738     3.54031000e-03
16.709306     3.68818000e-03
16.714876     3.55229000e-03
16.720448     3.41366000e-03
16.726021     2.86239000e-03
16.731597     3.51174000e-03
16.737174     3.65593000e-03
16.742753     3.36012000e-03
16.748334     3.04634000e-03
16.753916     3.44684000e-03
16.759501     3.52835000e-03
16.765088     3.44738000e-03
16.770676     3.03290000e-03
16.776266     4.01713000e-03
16.781858     3.45186000e-03
16.787452     3.96629000e-03
16.793048     4.01427000e-03
16.798646     3.87214000e-03
16.804245     3.98041000e-03
16.809847     3.25947000e-03
16.815450     3.93088000e-03
16.821055     3.92334000e-03
16.826662     3.74934000e-03
16.832271     3.17730000e-03
16.837882     3.25868000e-03
16.843494     3.69380000e-03
16.849109     3.71231000e-03
16.854725     3.80371000e-03
16.860344     3.94850000e-03
16.865964     3.67033000e-03
16.871586     2.87260000e-03
16.877209     3.67627000e-03
16.882835     3.64062000e-03
16.888463     3.32717000e-03
16.894092     3.65667000e-03
16.899724     3.38055000e-03
16.905357     3.81057000e-03
16.910992     3.65665000e-03
16.916629     3.87529000e-03
16.922268     3.72214000e-03
16.927909     3.49414000e-03
16.933551     3.34009000e-03
16.939196     3.53631000e-03
16.944842     3.63703000e-03
16.950491     3.58108000e-03
16.956141     3.82915000e-03
16.961793     3.80007000e-03
16.967447     3.63559000e-03
16.973102     3.57573000e-03
16.978760     3.46274000e-03
16.984420     3.12551000e-03
16.990081     3.46812000e-03
16.995745     3.59899000e-03
17.001410     3.47769000e-03
17.007077     3.50617000e-03
17.012746     3.81443000e-03
17.018417     3.88152000e-03
17.024090     3.74509000e-03
17.029764     3.66331000e-03
17.035441     3.29583000e-03
17.041120     3.85389000e-03
17.046800     2.73448000e-03
17.052482     3.82498000e-03
17.058166     3.87410000e-03
17.063852     3.63458000e-03
17.069540     3.77900000e-03
17.075230     3.37362000e-03
17.080922     3.61415000e-03
17.086616     3.22303000e-03
17.092311     3.62486000e-03
17.098009     2.75534000e-03
17.103708     3.31405000e-03
17.109409     3.29537000e-03
17.115112     3.33373000e-03
17.120817     3.35547000e-03
17.126524     3.44425000e-03
17.132233     3.50105000e-03
17.137944     3.41719000e-03
17.143656     3.47619000e-03
17.149371     3.73098000e-03
17.155088     3.65009000e-03
17.160806     3.55087000e-03
17.166526     3.57076000e-03
17.172248     3.90544000e-03
17.177972     3.94253000e-03
17.183698     3.25972000e-03
17.189426     3.64871000e-03
17.195156     3.50874000e-03
17.200888     3.67188000e-03
17.206621     3.52982000e-03
17.212357     3.46101000e-03
17.218094     3.43866000e-03
17.223834     3.43688000e-03
17.229575     3.29151000e-03
17.235318     3.26583000e-03
17.241063     3.44286000e-03
17.246810     3.66019000e-03
17.252559     3.58735000e-03
17.258310     3.50560000e-03
17.264063     3.78593000e-03
17.269818     3.76866000e-03
17.275574     3.77536000e-03
17.281333     3.86173000e-03
17.287093     3.55858000e-03
17.292856     3.53284000e-03
17.298620     3.75969000e-03
17.304386     3.60840000e-03
17.310154     3.34500000e-03
17.315924     3.59366000e-03
17.321696     3.41116000e-03
17.327470     3.46239000e-03
17.333246     3.60435000e-03
17.339024     3.31880000e-03
17.344803     3.67551000e-03
17.350585     3.59899000e-03
17.356368     3.37995000e-03
17.362154     3.56447000e-03
17.367941     3.48329000e-03
17.373731     3.07506000e-03
17.379522     3.43427000e-03
17.385315     3.13264000e-03
17.391110     3.54387000e-03
17.396907     3.53575000e-03
17.402706     3.31691000e-03
17.408507     3.41379000e-03
17.414310     3.59271000e-03
17.420115     3.70990000e-03
17.425921     3.49092000e-03
17.431730     3.32645000e-03
17.437541     3.72314000e-03
17.443353     3.67087000e-03
17.449168     3.53928000e-03
17.454984     3.41300000e-03
17.460802     3.78931000e-03
17.466622     3.48385000e-03
17.472445     3.13382000e-03
17.478269     3.48761000e-03
17.484095     3.70411000e-03
17.489923     3.88412000e-03
17.495753     3.67353000e-03
17.501585     3.43545000e-03
17.507419     3.45165000e-03
17.513255     3.51517000e-03
17.519092     3.85223000e-03
17.524932     3.47261000e-03
17.530774     3.36666000e-03
17.536617     3.59184000e-03
17.542463     3.54526000e-03
17.548310     3.95089000e-03
17.554160     3.60389000e-03
17.560011     3.87525000e-03
17.565864     3.52773000e-03
17.571720     3.50990000e-03
17.577577     3.69463000e-03
17.583436     3.91433000e-03
17.589297     3.52230000e-03
17.595160     3.44322000e-03
17.601025     3.64345000e-03
17.606893     3.76491000e-03
17.612761     3.35840000e-03
17.618632     3.45257000e-03
17.624505     3.67871000e-03
17.630380     3.45572000e-03
17.636257     3.65172000e-03
17.642136     3.57644000e-03
17.648016     3.85465000e-03
17.653899     3.13136000e-03
17.659784     3.15011000e-03
17.665670     3.61437000e-03
17.671559     3.48310000e-03
17.677449     3.44848000e-03
17.683342     3.53884000e-03
17.689236     3.66639000e-03
17.695133     3.57980000e-03
17.701031     3.51485000e-03
17.706931     3.55453000e-03
17.712834     3.39107000e-03
17.718738     3.29964000e-03
17.724644     3.48464000e-03
17.730552     3.30234000e-03
17.736463     3.71418000e-03
17.742375     3.81048000e-03
17.748289     3.76900000e-03
17.754205     2.95368000e-03
17.760123     3.86465000e-03
17.766043     3.48947000e-03
17.771965     3.77452000e-03
17.777889     3.35113000e-03
17.783815     3.76372000e-03
17.789743     3.73708000e-03
17.795673     3.55481000e-03
17.801605     3.49569000e-03
17.807539     3.38938000e-03
17.813475     3.78205000e-03
17.819412     3.50893000e-03
17.825352     3.23744000e-03
17.831294     3.52502000e-03
17.837238     3.34338000e-03
17.843183     2.96277000e-03
17.849131     3.72943000e-03
17.855081     3.78242000e-03
17.861033     3.86626000e-03
17.866986     3.89444000e-03
17.872942     3.51008000e-03
17.878900     3.77846000e-03
17.884859     3.94133000e-03
17.890821     3.25670000e-03
17.896784     3.91162000e-03
17.902750     3.43563000e-03
17.908718     3.73873000e-03
17.914687     3.55708000e-03
17.920659     3.31835000e-03
17.926632     3.52596000e-03
17.932608     3.32290000e-03
17.938585     3.40695000e-03
17.944565     3.49388000e-03
17.950546     3.57514000e-03
17.956530     3.68206000e-03
17.962515     3.65322000e-03
17.968503     3.60392000e-03
17.974492     3.80863000e-03
17.980484     4.00013000e-03
17.986477     3.88098000e-03
17.992473     3.92426000e-03
17.998470     4.01539000e-03
18.004470     3.84014000e-03
18.010471     3.84726000e-03
18.016475     3.73151000e-03
18.022480     3.64801000e-03
18.028488     3.34128000e-03
18.034497     2.79981000e-03
18.040509     3.42413000e-03
18.046522     3.62898000e-03
18.052538     3.50238000e-03
18.058555     3.61531000e-03
18.064575     3.58533000e-03
18.070596     3.62538000e-03
18.076620     3.40505000e-03
18.082646     3.71876000e-03
18.088673     3.84983000e-03
18.094703     3.05881000e-03
18.100734     3.96640000e-03
18.106768     3.71466000e-03
18.112803     3.51521000e-03
18.118841     3.75202000e-03
18.124881     3.88261000e-03
18.130922     3.49332000e-03
18.136966     3.71037000e-03
18.143012     3.43249000e-03
18.149059     3.56429000e-03
18.155109     3.44048000e-03
18.161161     3.33622000e-03
18.167214     3.47075000e-03
18.173270     3.37435000e-03
18.179328     3.07057000e-03
18.185388     3.54039000e-03
18.191449     3.40836000e-03
18.197513     3.50931000e-03
18.203579     3.74412000e-03
18.209647     3.11392000e-03
18.215717     3.76394000e-03
18.221789     3.40730000e-03
18.227863     3.79290000e-03
18.233939     3.80058000e-03
18.240016     3.82506000e-03
18.246097     3.81530000e-03
18.252178     3.56045000e-03
18.258263     3.70410000e-03
18.264349     3.83379000e-03
18.270437     3.58249000e-03
18.276527     3.39563000e-03
18.282619     3.83943000e-03
18.288713     3.55537000e-03
18.294810     3.73825000e-03
18.300908     3.82078000e-03
18.307008     3.39218000e-03
18.313111     3.52180000e-03
18.319215     3.88783000e-03
18.325321     3.95530000e-03
18.331430     3.90540000e-03
18.337540     3.46625000e-03
18.343653     3.87663000e-03
18.349767     3.96858000e-03
18.355884     3.81824000e-03
18.362002     3.68605000e-03
18.368123     3.57719000e-03
18.374246     3.30726000e-03
18.380371     3.36818000e-03
18.386497     3.69614000e-03
18.392626     3.56338000e-03
18.398757     3.72124000e-03
18.404890     3.33054000e-03
18.411025     3.81737000e-03
18.417162     3.82708000e-03
18.423301     3.64418000e-03
18.429442     3.46452000e-03
18.435585     3.44001000e-03
18.441730     3.69853000e-03
18.447878     3.86221000e-03
18.454027     3.91832000e-03
18.460178     3.83841000e-03
18.466332     3.66222000e-03
18.472487     3.48731000e-03
18.478645     3.28888000e-03
18.484804     3.49613000e-03
18.490966     3.78570000e-03
18.497129     3.22292000e-03
18.503295     3.71053000e-03
18.509463     3.45782000e-03
18.515633     3.47899000e-03
18.521805     3.55682000e-03
18.527979     3.31818000e-03
18.534155     3.31551000e-03
18.540333     3.50250000e-03
18.546513     3.48425000e-03
18.552695     3.62530000e-03
18.558879     3.24558000e-03
18.565065     3.72058000e-03
18.571254     3.38374000e-03
18.577444     3.48782000e-03
18.583637     3.53257000e-03
18.589831     3.22614000e-03
18.596028     3.48895000e-03
18.602227     3.48829000e-03
18.608427     3.58998000e-03
18.614630     3.57299000e-03
18.620835     3.44853000e-03
18.627042     3.39947000e-03
18.633251     3.52499000e-03
18.639462     3.46329000e-03
18.645675     3.34978000e-03
18.651890     3.13933000e-03
18.658108     3.28284000e-03
18.664327     3.66813000e-03
18.670548     3.44763000e-03
18.676772     3.86463000e-03
18.682998     3.77211000e-03
18.689225     3.75456000e-03
18.695455     3.77041000e-03
18.701687     3.37838000e-03
18.707921     3.58281000e-03
18.714157     3.41794000e-03
18.720395     3.41170000e-03
18.726635     3.58230000e-03
18.732877     3.38709000e-03
18.739121     3.71146000e-03
18.745368     3.63989000e-03
18.751616     3.48951000e-03
18.757867     3.51711000e-03
18.764119     3.34597000e-03
18.770374     3.77221000e-03
18.776631     3.41056000e-03
18.782890     3.20930000e-03
18.789151     4.00143000e-03
18.795414     3.63661000e-03
18.801679     3.82887000e-03
18.807946     3.96458000e-03
18.814215     2.88692000e-03
18.820487     3.82396000e-03
18.826760     3.08751000e-03
18.833036     3.82756000e-03
18.839314     3.85202000e-03
18.845593     3.99076000e-03
18.851875     4.10225000e-03
18.858159     3.98443000e-03
18.864445     3.89546000e-03
18.870733     3.93341000e-03
18.877024     3.92017000e-03
18.883316     3.68812000e-03
18.889610     3.31463000e-03
18.895907     3.61859000e-03
18.902206     3.67062000e-03
18.908506     3.67455000e-03
18.914809     3.72931000e-03
18.921114     3.69045000e-03
18.927421     3.37810000e-03
18.933730     3.61507000e-03
18.940041     3.62799000e-03
18.946355     3.57937000e-03
18.952670     3.84619000e-03
18.958988     3.38288000e-03
18.965308     3.85172000e-03
18.971629     3.71822000e-03
18.977953     3.47841000e-03
18.984279     3.61156000e-03
18.990607     3.40945000e-03
18.996938     3.38149000e-03
19.003270     3.44914000e-03
19.009604     3.49905000e-03
19.015941     3.58519000e-03
19.022279     3.75411000e-03
19.028620     3.81526000e-03
19.034963     3.09399000e-03
19.041308     3.53719000e-03
19.047655     3.78813000e-03
19.054004     3.74051000e-03
19.060356     3.68447000e-03
19.066709     3.85447000e-03
19.073065     3.69928000e-03
19.079422     3.77016000e-03
19.085782     2.92707000e-03
19.092144     3.99109000e-03
19.098508     3.97075000e-03
19.104874     3.63470000e-03
19.111243     3.64284000e-03
19.117613     3.91288000e-03
19.123986     3.74181000e-03
19.130360     3.32360000e-03
19.136737     3.28417000e-03
19.143116     3.89262000e-03
19.149497     3.62548000e-03
19.155880     3.85219000e-03
19.162265     4.01719000e-03
19.168653     3.43679000e-03
19.175042     3.73485000e-03
19.181434     3.68733000e-03
19.187828     3.66703000e-03
19.194224     3.82402000e-03
19.200622     3.58822000e-03
19.207022     3.53681000e-03
19.213424     3.62306000e-03
19.219829     3.67758000e-03
19.226236     3.48826000e-03
19.232644     3.76854000e-03
19.239055     3.26392000e-03
19.245468     3.31754000e-03
19.251883     3.63023000e-03
19.258301     3.55992000e-03
19.264720     3.49934000e-03
19.271142     3.07797000e-03
19.277565     3.31203000e-03
19.283991     3.62136000e-03
19.290419     3.40891000e-03
19.296849     3.70064000e-03
19.303282     3.81169000e-03
19.309716     3.68803000e-03
19.316153     3.58511000e-03
19.322591     3.82603000e-03
19.329032     3.53733000e-03
19.335475     3.18751000e-03
19.341920     3.73946000e-03
19.348368     3.41843000e-03
19.354817     3.65736000e-03
19.361269     3.19559000e-03
19.367722     3.69979000e-03
19.374178     3.58192000e-03
19.380637     3.14955000e-03
19.387097     3.35275000e-03
19.393559     3.79388000e-03
19.400024     3.65199000e-03
19.406490     3.60047000e-03
19.412959     3.42710000e-03
19.419430     3.43911000e-03
19.425903     3.38741000e-03
19.432378     3.51059000e-03
19.438856     3.47001000e-03
19.445336     3.37106000e-03
19.451817     3.53472000e-03
19.458301     3.59696000e-03
19.464787     3.63017000e-03
19.471276     3.65467000e-03
19.477766     3.37347000e-03
19.484259     3.61940000e-03
19.490753     3.71818000e-03
19.497250     3.77606000e-03
19.503749     3.59802000e-03
19.510251     3.89264000e-03
19.516754     3.85682000e-03
19.523260     3.31290000e-03
19.529767     3.74453000e-03
19.536277     3.43372000e-03
19.542789     3.58068000e-03
19.549304     3.90015000e-03
19.555820     3.64167000e-03
19.562339     3.56543000e-03
19.568859     3.57520000e-03
19.575382     3.66632000e-03
19.581908     3.56640000e-03
19.588435     3.44183000e-03
19.594964     3.42325000e-03
19.601496     3.59821000e-03
19.608030     3.62367000e-03
19.614566     3.63987000e-03
19.621104     3.80992000e-03
19.627644     3.60732000e-03
19.634187     3.42275000e-03
19.640732     3.72375000e-03
19.647279     3.22387000e-03
19.653828     3.59351000e-03
19.660379     3.73225000e-03
19.666933     3.76195000e-03
19.673488     3.77534000e-03
19.680046     3.65493000e-03
19.686606     3.40068000e-03
19.693168     3.57744000e-03
19.699732     3.75300000e-03
19.706299     3.62672000e-03
19.712868     3.83268000e-03
19.719439     3.63997000e-03
19.726012     3.51558000e-03
19.732587     3.72937000e-03
19.739165     3.54089000e-03
19.745745     3.74014000e-03
19.752326     3.83171000e-03
19.758911     3.78854000e-03
19.765497     3.28210000e-03
19.772085     3.74474000e-03
19.778676     3.81418000e-03
19.785269     3.99575000e-03
19.791864     3.70077000e-03
19.798461     3.61645000e-03
19.805061     3.66657000e-03
19.811663     3.78106000e-03
19.818266     3.59947000e-03
19.824873     3.44079000e-03
19.831481     3.60129000e-03
19.838091     3.73530000e-03
19.844704     3.70853000e-03
19.851319     3.80875000e-03
19.857936     3.84533000e-03
19.864555     3.20349000e-03
19.871177     3.55971000e-03
19.877801     3.55180000e-03
19.884427     3.39275000e-03
19.891055     3.65604000e-03
19.897685     3.67647000e-03
19.904318     2.94720000e-03
19.910952     3.38513000e-03
19.917589     3.60279000e-03
19.924229     3.62787000e-03
19.930870     3.52436000e-03
19.937514     2.90346000e-03
19.944159     3.54026000e-03
19.950807     3.14469000e-03
19.957458     3.66996000e-03
19.964110     3.71601000e-03
19.970765     3.84438000e-03
19.977422     3.80790000e-03
19.984081     3.36425000e-03
19.990742     3.86124000e-03
19.997406     3.79565000e-03
20.004072     3.29764000e-03
20.010740     4.00476000e-03
20.017410     3.79460000e-03
20.024082     3.88526000e-03
20.030757     3.67166000e-03
20.037434     3.45283000e-03
20.044113     3.65057000e-03
20.050795     3.96658000e-03
20.057478     3.34999000e-03
20.064164     3.96604000e-03
20.070852     3.32843000e-03
20.077542     3.54984000e-03
20.084235     3.74762000e-03
20.090930     4.02385000e-03
20.097627     3.89013000e-03
20.104326     3.87454000e-03
20.111027     3.15034000e-03
20.117731     3.53965000e-03
20.124437     3.91670000e-03
20.131145     3.84421000e-03
20.137855     3.67740000e-03
20.144568     3.53149000e-03
20.151283     3.57967000e-03
20.158000     3.54850000e-03
20.164719     3.61968000e-03
20.171441     3.62262000e-03
20.178165     3.74528000e-03
20.184891     3.68365000e-03
20.191619     2.91642000e-03
20.198349     3.67745000e-03
20.205082     3.66632000e-03
20.211817     3.83095000e-03
20.218555     3.65303000e-03
20.225294     3.68414000e-03
20.232036     3.45626000e-03
20.238780     3.43201000e-03
20.245526     3.63943000e-03
20.252275     3.73021000e-03
20.259025     3.67547000e-03
20.265778     3.85743000e-03
20.272534     3.37226000e-03
20.279291     3.83761000e-03
20.286051     3.59892000e-03
20.292813     3.87128000e-03
20.299577     3.54786000e-03
20.306344     3.77845000e-03
20.313112     3.74810000e-03
20.319884     3.54142000e-03
20.326657     3.63182000e-03
20.333432     3.53117000e-03
20.340210     3.39882000e-03
20.346990     3.52339000e-03
20.353773     3.64743000e-03
20.360557     3.64563000e-03
20.367344     3.81929000e-03
20.374133     3.75670000e-03
20.380925     3.31713000e-03
20.387718     3.79475000e-03
20.394514     3.87153000e-03
20.401312     3.86714000e-03
20.408113     3.74320000e-03
20.414915     3.81056000e-03
20.421720     3.56099000e-03
20.428528     3.55525000e-03
20.435337     3.54101000e-03
20.442149     3.85804000e-03
20.448963     3.86905000e-03
20.455779     3.76482000e-03
20.462598     3.47966000e-03
20.469419     3.09966000e-03
20.476242     3.52187000e-03
20.483067     3.73727000e-03
20.489895     3.58039000e-03
20.496725     3.71271000e-03
20.503557     3.79760000e-03
20.510392     3.42832000e-03
20.517229     3.90438000e-03
20.524068     3.86595000e-03
20.530909     3.58910000e-03
20.537753     3.71911000e-03
20.544598     3.69037000e-03
20.551447     3.72846000e-03
20.558297     3.63704000e-03
20.565150     3.52018000e-03
20.572005     3.39582000e-03
20.578862     3.56649000e-03
20.585722     3.41548000e-03
20.592584     3.74875000e-03
20.599448     3.66419000e-03
20.606315     3.89593000e-03
20.613183     3.97174000e-03
20.620054     3.79687000e-03
20.626928     3.71569000e-03
20.633803     3.57226000e-03
20.640681     3.63858000e-03
20.647561     3.63112000e-03
20.654444     3.96532000e-03
20.661329     3.57232000e-03
20.668216     3.98971000e-03
20.675105     4.09422000e-03
20.681997     4.11332000e-03
20.688891     3.66837000e-03
20.695787     3.93512000e-03
20.702686     3.92405000e-03
20.709587     3.64201000e-03
20.716490     3.63874000e-03
20.723396     3.95151000e-03
20.730303     3.78737000e-03
20.737213     3.79838000e-03
20.744126     3.80565000e-03
20.751041     3.60521000e-03
20.757958     3.47342000e-03
20.764877     3.84850000e-03
20.771798     3.77609000e-03
20.778723     3.24933000e-03
20.785649     3.50197000e-03
20.792577     3.57153000e-03
20.799508     3.64216000e-03
20.806441     3.50264000e-03
20.813377     3.09515000e-03
20.820315     3.61364000e-03
20.827255     3.55868000e-03
20.834197     3.76555000e-03
20.841142     3.82667000e-03
20.848089     3.81453000e-03
20.855038     3.20004000e-03
20.861990     4.10532000e-03
20.868944     3.74898000e-03
20.875900     3.95825000e-03
20.882859     3.80989000e-03
20.889820     3.83027000e-03
20.896783     3.82406000e-03
20.903749     3.75626000e-03
20.910717     3.62165000e-03
20.917687     3.55389000e-03
20.924659     3.82787000e-03
20.931634     3.32689000e-03
20.938612     3.68214000e-03
20.945591     3.59114000e-03
20.952573     3.45682000e-03
20.959557     3.84130000e-03
20.966544     3.77372000e-03
20.973533     3.69716000e-03
20.980524     3.59742000e-03
20.987517     3.43704000e-03
20.994513     3.51436000e-03
21.001511     3.58054000e-03
21.008512     3.44208000e-03
21.015514     3.67061000e-03
21.022520     3.49603000e-03
21.029527     3.53859000e-03
21.036537     3.55167000e-03
21.043549     3.80114000e-03
21.050564     3.53325000e-03
21.057581     3.88514000e-03
21.064600     3.68166000e-03
21.071621     3.81360000e-03
21.078645     3.40018000e-03
21.085671     3.62730000e-03
21.092700     3.77272000e-03
21.099731     3.30896000e-03
21.106764     3.61992000e-03
21.113800     3.48939000e-03
21.120838     3.73357000e-03
21.127878     3.59778000e-03
21.134920     3.86706000e-03
21.141966     3.71148000e-03
21.149013     3.65390000e-03
21.156063     3.62380000e-03
21.163114     3.76440000e-03
21.170169     3.72362000e-03
21.177226     3.64345000e-03
21.184285     3.72075000e-03
21.191346     3.65738000e-03
21.198410     3.79912000e-03
21.205476     3.86535000e-03
21.212544     3.82342000e-03
21.219615     3.75206000e-03
21.226689     3.73197000e-03
21.233764     3.38503000e-03
21.240842     3.56593000e-03
21.247922     3.58441000e-03
21.255005     3.47688000e-03
21.262090     3.71299000e-03
21.269177     3.81740000e-03
21.276267     3.86552000e-03
21.283359     3.81132000e-03
21.290454     3.42414000e-03
21.297550     3.74301000e-03
21.304650     3.73687000e-03
21.311751     3.81825000e-03
21.318855     3.74210000e-03
21.325961     3.61121000e-03
21.333070     3.28360000e-03
21.340181     3.61550000e-03
21.347294     3.69714000e-03
21.354410     3.69114000e-03
21.361528     3.61116000e-03
21.368649     3.15192000e-03
21.375772     3.51801000e-03
21.382897     3.65357000e-03
21.390025     3.70020000e-03
21.397155     3.81439000e-03
21.404287     3.50508000e-03
21.411422     3.92509000e-03
21.418559     3.91390000e-03
21.425698     3.49195000e-03
21.432840     3.78368000e-03
21.439985     3.84141000e-03
21.447131     3.72051000e-03
21.454280     4.04933000e-03
21.461432     4.11049000e-03
21.468585     3.97551000e-03
21.475742     3.48508000e-03
21.482900     4.04224000e-03
21.490061     3.90149000e-03
21.497225     4.08764000e-03
21.504390     4.09082000e-03
21.511558     3.73117000e-03
21.518729     3.69234000e-03
21.525902     3.75148000e-03
21.533077     3.22506000e-03
21.540255     3.75578000e-03
21.547435     3.77254000e-03
21.554617     3.87258000e-03
21.561802     3.73222000e-03
21.568990     3.67649000e-03
21.576179     3.65968000e-03
21.583371     3.44751000e-03
21.590566     3.52443000e-03
21.597763     3.76478000e-03
21.604962     3.84399000e-03
21.612164     3.64483000e-03
21.619368     3.79367000e-03
21.626574     3.65755000e-03
21.633783     3.75678000e-03
21.640994     3.51945000e-03
21.648208     3.59889000e-03
21.655424     3.65307000e-03
21.662642     3.50103000e-03
21.669863     3.36010000e-03
21.677087     3.55247000e-03
21.684312     3.66348000e-03
21.691540     3.50447000e-03
21.698771     3.64035000e-03
21.706004     3.53836000e-03
21.713239     3.61344000e-03
21.720477     3.80298000e-03
21.727717     3.65308000e-03
21.734960     3.91258000e-03
21.742205     3.80954000e-03
21.749452     3.50204000e-03
21.756702     3.81519000e-03
21.763954     3.58115000e-03
21.771209     3.60245000e-03
21.778466     3.78853000e-03
21.785725     3.91133000e-03
21.792987     3.74632000e-03
21.800252     3.64668000e-03
21.807518     3.40492000e-03
21.814787     3.44460000e-03
21.822059     3.84250000e-03
21.829333     3.47785000e-03
21.836610     3.61862000e-03
21.843888     3.52489000e-03
21.851170     3.47177000e-03
21.858453     3.76713000e-03
21.865740     3.73633000e-03
21.873028     3.74615000e-03
21.880319     3.90970000e-03
21.887613     3.53237000e-03
21.894908     3.90619000e-03
21.902207     3.67665000e-03
21.909508     3.34958000e-03
21.916811     3.77877000e-03
21.924116     3.69047000e-03
21.931424     3.86061000e-03
21.938735     3.84002000e-03
21.946048     3.68891000e-03
21.953363     3.37410000e-03
21.960681     3.55002000e-03
21.968001     3.83943000e-03
21.975324     3.82991000e-03
21.982649     3.76820000e-03
21.989976     3.61200000e-03
21.997306     3.74120000e-03
22.004639     3.74949000e-03
22.011974     3.79051000e-03
22.019311     3.75439000e-03
22.026651     3.74470000e-03
22.033993     3.38271000e-03
22.041338     3.61732000e-03
22.048685     3.78709000e-03
22.056034     3.89600000e-03
22.063386     3.73577000e-03
22.070741     3.75832000e-03
22.078098     3.56351000e-03
22.085457     3.63231000e-03
22.092819     3.82590000e-03
22.100183     3.90969000e-03
22.107550     3.87840000e-03
22.114919     3.60628000e-03
22.122291     3.88561000e-03
22.129665     3.57957000e-03
22.137041     3.44756000e-03
22.144420     3.73699000e-03
22.151802     3.91141000e-03
22.159186     3.82595000e-03
22.166572     3.38312000e-03
22.173961     3.81703000e-03
22.181352     4.07837000e-03
22.188746     4.00865000e-03
22.196142     4.04314000e-03
22.203541     3.82591000e-03
22.210942     3.91679000e-03
22.218346     3.74254000e-03
22.225752     3.61166000e-03
22.233161     3.52367000e-03
22.240572     3.29604000e-03
22.247985     3.71617000e-03
22.255401     3.65388000e-03
22.262820     3.75518000e-03
22.270241     3.76301000e-03
22.277664     3.34540000e-03
22.285090     3.37834000e-03
22.292518     4.08098000e-03
22.299949     3.39267000e-03
22.307382     3.58027000e-03
22.314818     3.97524000e-03
22.322257     3.55290000e-03
22.329697     3.85829000e-03
22.337141     3.73349000e-03
22.344586     3.42295000e-03
22.352034     3.53665000e-03
22.359485     3.72139000e-03
22.366938     3.64057000e-03
22.374394     3.32512000e-03
22.381852     3.62719000e-03
22.389313     3.71378000e-03
22.396776     3.68313000e-03
22.404241     3.41245000e-03
22.411709     3.34452000e-03
22.419180     3.61922000e-03
22.426653     3.71100000e-03
22.434129     3.74389000e-03
22.441607     3.80837000e-03
22.449087     3.88490000e-03
22.456570     3.62996000e-03
22.464056     3.88214000e-03
22.471544     3.86427000e-03
22.479034     3.49142000e-03
22.486527     3.81266000e-03
22.494023     3.88281000e-03
22.501521     3.82854000e-03
22.509021     3.79050000e-03
22.516524     3.73162000e-03
22.524030     3.64940000e-03
22.531538     3.53345000e-03
22.539048     3.43089000e-03
22.546561     3.61189000e-03
22.554077     3.70713000e-03
22.561595     3.79025000e-03
22.569115     3.64498000e-03
22.576639     3.74043000e-03
22.584164     3.79522000e-03
22.591692     3.76514000e-03
22.599223     3.69981000e-03
22.606756     3.71852000e-03
22.614291     3.55814000e-03
22.621829     3.68837000e-03
22.629370     3.56581000e-03
22.636913     3.76479000e-03
22.644459     3.75865000e-03
22.652007     3.87667000e-03
22.659558     3.72701000e-03
22.667111     3.68747000e-03
22.674667     3.93615000e-03
22.682225     3.09050000e-03
22.689785     4.06444000e-03
22.697349     4.04633000e-03
22.704915     3.72824000e-03
22.712483     3.94327000e-03
22.720054     3.61114000e-03
22.727627     3.84619000e-03
22.735203     3.66203000e-03
22.742781     3.78445000e-03
22.750362     3.94902000e-03
22.757946     3.56541000e-03
22.765532     4.03104000e-03
22.773120     4.04267000e-03
22.780711     3.83480000e-03
22.788305     3.48991000e-03
22.795901     3.91054000e-03
22.803499     3.72490000e-03
22.811101     3.79118000e-03
22.818704     3.91290000e-03
22.826311     3.63910000e-03
22.833919     3.78798000e-03
22.841531     3.99886000e-03
22.849145     3.96378000e-03
22.856761     3.62738000e-03
22.864380     3.91478000e-03
22.872001     3.72230000e-03
22.879625     3.74042000e-03
22.887252     3.69732000e-03
22.894881     3.48835000e-03
22.902513     3.64780000e-03
22.910147     3.24912000e-03
22.917783     3.12748000e-03
22.925423     3.66383000e-03
22.933064     3.65444000e-03
22.940709     3.80059000e-03
22.948356     3.65629000e-03
22.956005     3.83346000e-03
22.963657     3.71650000e-03
22.971312     3.58769000e-03
22.978969     3.77786000e-03
22.986628     3.71286000e-03
22.994291     3.56777000e-03
23.001955     3.56840000e-03
23.009623     3.74020000e-03
23.017293     3.80730000e-03
23.024965     3.93376000e-03
23.032640     3.79390000e-03
23.040318     3.86199000e-03
23.047998     3.89988000e-03
23.055680     3.90072000e-03
23.063366     4.01063000e-03
23.071053     3.16153000e-03
23.078744     3.29641000e-03
23.086437     3.88383000e-03
23.094132     4.15598000e-03
23.101830     4.01633000e-03
23.109531     3.67315000e-03
23.117234     3.74325000e-03
23.124940     3.41656000e-03
23.132648     3.54782000e-03
23.140359     3.95114000e-03
23.148072     4.07455000e-03
23.155788     3.67714000e-03
23.163507     3.89414000e-03
23.171228     3.92031000e-03
23.178952     4.17078000e-03
23.186678     3.56930000e-03
23.194407     3.76030000e-03
23.202139     3.99393000e-03
23.209873     3.23826000e-03
23.217609     3.93218000e-03
23.225348     3.95813000e-03
23.233090     3.62730000e-03
23.240835     3.73261000e-03
23.248582     3.45883000e-03
23.256331     3.50200000e-03
23.264083     3.57978000e-03
23.271838     4.04977000e-03
23.279595     4.05573000e-03
23.287355     3.32070000e-03
23.295117     3.89746000e-03
23.302882     3.93193000e-03
23.310650     4.01671000e-03
23.318420     3.53458000e-03
23.326193     3.97486000e-03
23.333969     3.74065000e-03
23.341746     3.82972000e-03
23.349527     3.88732000e-03
23.357310     3.79539000e-03
23.365096     3.14141000e-03
23.372884     3.60145000e-03
23.380675     3.77056000e-03
23.388469     3.91374000e-03
23.396265     3.69038000e-03
23.404064     4.12485000e-03
23.411865     3.74090000e-03
23.419669     3.97704000e-03
23.427476     3.86247000e-03
23.435285     4.08347000e-03
23.443097     4.08822000e-03
23.450911     3.99798000e-03
23.458728     3.78999000e-03
23.466548     3.91687000e-03
23.474370     3.67546000e-03
23.482194     3.77174000e-03
23.490022     3.66188000e-03
23.497852     3.62178000e-03
23.505685     3.45160000e-03
23.513520     3.52933000e-03
23.521358     3.60633000e-03
23.529198     3.73663000e-03
23.537041     3.56092000e-03
23.544887     3.70348000e-03
23.552735     3.79842000e-03
23.560586     3.50102000e-03
23.568440     3.83944000e-03
23.576296     3.89779000e-03
23.584155     3.85257000e-03
23.592016     3.77982000e-03
23.599880     3.60658000e-03
23.607747     3.51266000e-03
23.615616     3.77459000e-03
23.623488     3.71246000e-03
23.631362     3.58813000e-03
23.639239     3.56818000e-03
23.647119     3.57003000e-03
23.655001     3.55412000e-03
23.662886     3.79259000e-03
23.670774     3.84903000e-03
23.678664     3.90790000e-03
23.686557     3.93961000e-03
23.694453     3.80416000e-03
23.702351     3.97088000e-03
23.710252     3.82866000e-03
23.718155     3.93057000e-03
23.726061     3.90802000e-03
23.733970     3.88216000e-03
23.741881     3.74458000e-03
23.749795     3.06041000e-03
23.757712     3.56381000e-03
23.765631     3.84942000e-03
23.773553     3.85679000e-03
23.781477     3.57547000e-03
23.789404     3.77456000e-03
23.797334     3.92235000e-03
23.805267     3.88919000e-03
23.813202     3.73802000e-03
23.821140     3.73099000e-03
23.829080     3.82194000e-03
23.837023     3.77349000e-03
23.844969     3.70516000e-03
23.852917     3.34943000e-03
23.860868     3.40607000e-03
23.868821     3.14042000e-03
23.876778     3.69170000e-03
23.884737     3.73539000e-03
23.892698     3.65712000e-03
23.900662     3.24605000e-03
23.908629     3.47947000e-03
23.916599     3.75281000e-03
23.924571     3.63550000e-03
23.932546     3.62849000e-03
23.940524     3.57180000e-03
23.948504     3.63720000e-03
23.956487     3.49569000e-03
23.964472     3.67302000e-03
23.972460     3.75071000e-03
23.980451     3.95729000e-03
23.988444     3.82884000e-03
23.996441     3.55641000e-03
24.004439     3.95708000e-03
24.012441     3.84099000e-03
24.020445     3.62528000e-03
24.028452     4.05067000e-03
24.036461     3.68352000e-03
24.044473     3.96387000e-03
24.052488     3.67804000e-03
24.060506     3.72194000e-03
24.068526     3.90605000e-03
24.076549     3.82339000e-03
24.084574     3.30715000e-03
24.092603     3.83850000e-03
24.100633     3.60831000e-03
24.108667     3.84861000e-03
24.116703     3.90091000e-03
24.124742     4.10473000e-03
24.132784     4.01877000e-03
24.140828     3.67360000e-03
24.148875     3.82526000e-03
24.156924     3.35799000e-03
24.164977     4.04124000e-03
24.173032     3.95337000e-03
24.181089     3.77032000e-03
24.189150     4.00693000e-03
24.197213     3.84696000e-03
24.205279     4.06369000e-03
24.213347     3.70263000e-03
24.221418     3.92379000e-03
24.229492     4.12593000e-03
24.237568     4.15684000e-03
24.245648     4.02493000e-03
24.253729     3.37812000e-03
24.261814     3.74812000e-03
24.269901     4.08958000e-03
24.277991     4.13813000e-03
24.286084     3.82641000e-03
24.294179     3.99185000e-03
24.302277     3.76754000e-03
24.310378     3.74546000e-03
24.318482     3.87144000e-03
24.326588     3.41422000e-03
24.334697     3.91668000e-03
24.342808     3.39505000e-03
24.350922     3.65525000e-03
24.359040     3.70412000e-03
24.367159     3.64283000e-03
24.375281     3.42044000e-03
24.383407     3.93004000e-03
24.391534     3.76694000e-03
24.399665     3.67483000e-03
24.407798     3.90360000e-03
24.415934     3.83728000e-03
24.424073     3.83574000e-03
24.432214     3.73505000e-03
24.440358     3.82831000e-03
24.448505     3.68971000e-03
24.456654     3.97610000e-03
24.464807     3.40623000e-03
24.472962     3.70731000e-03
24.481119     3.64366000e-03
24.489280     3.09645000e-03
24.497443     3.78367000e-03
24.505609     3.85168000e-03
24.513777     3.78792000e-03
24.521948     3.58979000e-03
24.530122     3.71647000e-03
24.538299     3.36571000e-03
24.546478     3.81948000e-03
24.554661     3.81099000e-03
24.562846     3.96247000e-03
24.571033     3.90377000e-03
24.579224     3.79292000e-03
24.587416     4.00043000e-03
24.595612     3.82506000e-03
24.603811     3.78213000e-03
24.612012     3.72730000e-03
24.620216     3.11876000e-03
24.628423     3.52857000e-03
24.636632     4.00391000e-03
24.644845     3.26004000e-03
24.653060     3.89332000e-03
24.661277     3.65618000e-03
24.669498     4.08178000e-03
24.677721     3.86249000e-03
24.685947     3.67026000e-03
24.694175     3.95668000e-03
24.702407     3.77437000e-03
24.710641     3.68774000e-03
24.718878     3.51818000e-03
24.727117     3.55448000e-03
24.735360     3.96143000e-03
24.743605     3.63928000e-03
24.751853     3.68453000e-03
24.760103     3.40911000e-03
24.768357     3.03360000e-03
24.776613     3.75271000e-03
24.784872     3.95463000e-03
24.793133     4.12618000e-03
24.801398     3.88654000e-03
24.809665     3.95056000e-03
24.817935     3.39901000e-03
24.826207     4.01901000e-03
24.834483     4.10399000e-03
24.842761     3.59698000e-03
24.851042     4.12613000e-03
24.859326     3.85374000e-03
24.867612     4.06039000e-03
24.875901     3.96029000e-03
24.884193     3.70432000e-03
24.892488     3.61450000e-03
24.900785     3.90029000e-03
24.909086     3.60559000e-03
24.917389     3.66102000e-03
24.925694     3.85418000e-03
24.934003     3.82988000e-03
24.942314     3.64632000e-03
24.950629     3.55222000e-03
24.958945     3.71541000e-03
24.967265     3.62176000e-03
24.975587     3.71406000e-03
24.983913     3.67193000e-03
24.992241     3.70465000e-03
25.000571     3.44447000e-03
25.008905     3.73729000e-03
25.017241     3.78788000e-03
25.025580     3.61215000e-03
25.033922     3.51649000e-03
25.042267     3.79881000e-03
25.050614     3.73373000e-03
25.058964     3.62700000e-03
25.067317     3.48101000e-03
25.075673     3.58557000e-03
25.084032     3.76918000e-03
25.092393     3.83771000e-03
25.100757     3.88117000e-03
25.109124     3.75312000e-03
25.117494     3.81044000e-03
25.125866     3.83019000e-03
25.134242     3.72208000e-03
25.142620     3.60756000e-03
25.151000     3.64336000e-03
25.159384     3.74036000e-03
25.167771     3.33369000e-03
25.176160     3.77569000e-03
25.184552     3.82889000e-03
25.192947     3.81465000e-03
25.201345     3.74214000e-03
25.209745     3.85809000e-03
25.218148     3.93201000e-03
25.226554     3.70054000e-03
25.234963     3.58394000e-03
25.243375     4.04650000e-03
25.251789     3.57299000e-03
25.260206     4.07902000e-03
25.268626     3.91672000e-03
25.277049     4.00487000e-03
25.285475     3.86694000e-03
25.293904     3.91584000e-03
25.302335     3.93159000e-03
25.310769     3.85086000e-03
25.319206     3.62526000e-03
25.327646     3.57025000e-03
25.336088     3.82035000e-03
25.344534     3.62362000e-03
25.352982     3.71676000e-03
25.361433     3.60388000e-03
25.369886     3.58306000e-03
25.378343     3.70899000e-03
25.386803     3.73896000e-03
25.395265     3.81457000e-03
25.403730     3.82880000e-03
25.412198     3.93390000e-03
25.420669     3.97482000e-03
25.429142     3.65296000e-03
25.437619     3.85323000e-03
25.446098     3.86944000e-03
25.454580     4.02010000e-03
25.463065     3.84902000e-03
25.471552     3.81301000e-03
25.480043     3.87882000e-03
25.488536     3.98227000e-03
25.497032     3.75033000e-03
25.505531     3.89430000e-03
25.514033     4.13041000e-03
25.522538     4.06748000e-03
25.531045     3.86457000e-03
25.539556     3.91256000e-03
25.548069     3.72291000e-03
25.556585     3.75572000e-03
25.565104     3.72611000e-03
25.573626     3.71823000e-03
25.582150     3.63917000e-03
25.590678     3.28755000e-03
25.599208     3.49898000e-03
25.607741     3.55818000e-03
25.616277     3.75623000e-03
25.624815     3.85392000e-03
25.633357     3.94846000e-03
25.641901     3.88746000e-03
25.650449     3.95345000e-03
25.658999     3.88432000e-03
25.667552     3.84521000e-03
25.676108     3.90490000e-03
25.684666     3.88551000e-03
25.693228     3.57639000e-03
25.701792     3.44212000e-03
25.710360     4.00451000e-03
25.718930     3.78941000e-03
25.727503     3.64589000e-03
25.736079     3.75508000e-03
25.744657     3.91434000e-03
25.753239     3.31031000e-03
25.761823     4.06708000e-03
25.770411     3.62763000e-03
25.779001     4.06570000e-03
25.787594     4.19459000e-03
25.796190     4.24774000e-03
25.804788     4.10121000e-03
25.813390     3.92142000e-03
25.821994     3.95746000e-03
25.830602     3.94070000e-03
25.839212     3.85238000e-03
25.847825     3.82919000e-03
25.856441     3.91461000e-03
25.865060     3.96986000e-03
25.873681     3.79200000e-03
25.882306     4.05686000e-03
25.890933     4.10068000e-03
25.899564     3.91880000e-03
25.908197     3.16081000e-03
25.916833     3.64869000e-03
25.925472     3.73428000e-03
25.934114     3.80205000e-03
25.942759     3.78457000e-03
25.951406     4.10785000e-03
25.960057     3.93136000e-03
25.968710     3.26988000e-03
25.977366     3.72731000e-03
25.986025     3.69875000e-03
25.994687     3.84757000e-03
26.003352     3.75160000e-03
26.012020     3.55811000e-03
26.020691     3.71457000e-03
26.029364     3.87983000e-03
26.038041     3.86695000e-03
26.046720     3.75495000e-03
26.055402     3.60161000e-03
26.064087     3.84235000e-03
26.072775     3.94309000e-03
26.081466     3.98116000e-03
26.090160     4.09077000e-03
26.098857     3.97907000e-03
26.107556     3.88110000e-03
26.116259     3.93432000e-03
26.124964     3.98157000e-03
26.133673     3.72119000e-03
26.142384     4.04216000e-03
26.151098     3.63445000e-03
26.159815     4.06152000e-03
26.168535     3.82538000e-03
26.177258     4.03910000e-03
26.185984     3.74809000e-03
26.194712     3.53952000e-03
26.203444     3.63787000e-03
26.212178     3.79205000e-03
26.220916     4.08724000e-03
26.229656     3.44125000e-03
26.238399     3.42147000e-03
26.247145     3.83012000e-03
26.255894     3.55132000e-03
26.264646     3.71628000e-03
26.273401     4.02540000e-03
26.282159     3.48364000e-03
26.290920     4.00814000e-03
26.299683     4.16776000e-03
26.308450     3.95297000e-03
26.317220     4.05717000e-03
26.325992     3.22317000e-03
26.334767     4.11484000e-03
26.343546     3.89745000e-03
26.352327     3.78675000e-03
26.361111     4.02494000e-03
26.369898     3.98817000e-03
26.378688     3.75996000e-03
26.387481     4.22852000e-03
26.396276     4.07040000e-03
26.405075     3.88488000e-03
26.413877     3.90232000e-03
26.422682     3.85514000e-03
26.431489     3.60348000e-03
26.440300     3.96629000e-03
26.449113     4.02895000e-03
26.457929     3.84084000e-03
26.466749     3.88581000e-03
26.475571     3.91082000e-03
26.484396     4.06129000e-03
26.493224     3.99889000e-03
26.502055     3.96094000e-03
26.510889     3.76913000e-03
26.519726     3.68139000e-03
26.528566     3.52559000e-03
26.537409     3.65197000e-03
26.546255     3.64063000e-03
26.555104     3.80656000e-03
26.563955     3.71831000e-03
26.572810     3.63401000e-03
26.581668     3.52258000e-03
26.590528     3.58307000e-03
26.599392     3.67212000e-03
26.608258     3.69474000e-03
26.617128     3.81244000e-03
26.626000     3.80719000e-03
26.634875     3.77641000e-03
26.643754     3.56205000e-03
26.652635     3.65935000e-03
26.661519     3.49087000e-03
26.670406     3.80016000e-03
26.679296     3.76451000e-03
26.688190     3.72101000e-03
26.697086     3.64402000e-03
26.705985     3.59756000e-03
26.714887     3.73758000e-03
26.723792     3.78984000e-03
26.732699     3.84571000e-03
26.741610     3.84992000e-03
26.750524     3.72324000e-03
26.759441     3.72591000e-03
26.768361     3.76054000e-03
26.777284     3.51660000e-03
26.786209     3.73357000e-03
26.795138     3.73117000e-03
26.804070     3.72368000e-03
26.813005     3.82252000e-03
26.821942     3.96464000e-03
26.830883     4.00778000e-03
26.839827     4.02461000e-03
26.848773     4.03905000e-03
26.857723     3.72042000e-03
26.866675     3.98970000e-03
26.875631     4.01787000e-03
26.884589     3.97724000e-03
26.893551     3.98543000e-03
26.902515     3.81964000e-03
26.911483     3.63868000e-03
26.920453     3.94872000e-03
26.929427     4.04498000e-03
26.938403     3.98558000e-03
26.947383     4.10142000e-03
26.956365     4.11785000e-03
26.965351     4.05750000e-03
26.974339     3.98899000e-03
26.983331     3.89497000e-03
26.992325     4.14339000e-03
27.001323     3.81886000e-03
27.010323     3.95443000e-03
27.019326     4.04873000e-03
27.028333     3.52277000e-03
27.037342     3.49815000e-03
27.046355     3.98209000e-03
27.055370     3.74146000e-03
27.064389     3.87487000e-03
27.073410     3.63470000e-03
27.082435     3.81576000e-03
27.091462     3.79780000e-03
27.100493     3.76363000e-03
27.109526     3.89094000e-03
27.118563     3.92243000e-03
27.127602     3.81238000e-03
27.136645     3.81409000e-03
27.145690     4.03617000e-03
27.154739     3.93807000e-03
27.163790     3.76846000e-03
27.172845     3.89371000e-03
27.181902     3.34433000e-03
27.190963     3.69765000e-03
27.200027     4.00789000e-03
27.209094     4.13019000e-03
27.218163     4.05812000e-03
27.227236     3.57957000e-03
27.236312     3.88480000e-03
27.245390     3.86353000e-03
27.254472     3.84399000e-03
27.263557     4.11145000e-03
27.272645     4.00039000e-03
27.281736     3.88901000e-03
27.290830     3.73667000e-03
27.299927     3.91656000e-03
27.309027     3.87076000e-03
27.318130     4.06702000e-03
27.327236     3.54489000e-03
27.336345     3.71974000e-03
27.345457     3.68259000e-03
27.354572     4.11776000e-03
27.363690     4.26009000e-03
27.372811     4.26639000e-03
27.381936     3.63284000e-03
27.391063     3.70109000e-03
27.400193     4.02026000e-03
27.409327     4.16018000e-03
27.418463     4.02746000e-03
27.427603     4.38997000e-03
27.436745     4.12170000e-03
27.445891     4.19861000e-03
27.455040     3.83678000e-03
27.464191     3.44685000e-03
27.473346     4.03198000e-03
27.482504     4.10425000e-03
27.491664     3.95960000e-03
27.500828     4.02299000e-03
27.509995     3.22395000e-03
27.519165     4.17237000e-03
27.528338     4.10221000e-03
27.537515     3.28052000e-03
27.546694     3.87236000e-03
27.555876     3.82656000e-03
27.565061     3.99135000e-03
27.574250     3.35269000e-03
27.583441     3.99032000e-03
27.592635     3.61358000e-03
27.601833     3.98149000e-03
27.611034     4.08410000e-03
27.620237     3.77357000e-03
27.629444     4.27582000e-03
27.638654     3.94168000e-03
27.647867     4.05254000e-03
27.657083     4.00220000e-03
27.666302     3.87875000e-03
27.675524     3.84077000e-03
27.684749     4.14853000e-03
27.693977     3.79978000e-03
27.703208     3.73194000e-03
27.712443     3.82933000e-03
27.721680     3.70049000e-03
27.730921     3.58286000e-03
27.740165     3.70119000e-03
27.749411     3.74555000e-03
27.758661     3.88631000e-03
27.767914     4.08546000e-03
27.777170     3.97923000e-03
27.786429     4.15176000e-03
27.795691     3.51524000e-03
27.804956     4.08117000e-03
27.814225     3.83768000e-03
27.823496     4.01735000e-03
27.832771     3.92521000e-03
27.842048     3.74320000e-03
27.851329     3.80467000e-03
27.860613     3.32539000e-03
27.869900     3.92516000e-03
27.879189     3.84939000e-03
27.888483     3.64273000e-03
27.897779     3.65433000e-03
27.907078     3.82545000e-03
27.916380     3.82622000e-03
27.925686     3.98201000e-03
27.934994     4.04286000e-03
27.944306     3.96491000e-03
27.953621     3.93292000e-03
27.962939     3.98676000e-03
27.972260     3.86546000e-03
27.981584     3.93941000e-03
27.990911     3.63729000e-03
28.000241     3.31577000e-03
28.009575     3.98484000e-03
28.018911     4.01485000e-03
28.028251     4.00551000e-03
28.037594     3.69571000e-03
28.046940     3.39362000e-03
28.056289     3.82867000e-03
28.065641     4.04684000e-03
28.074996     3.62318000e-03
28.084354     3.80160000e-03
28.093715     3.60268000e-03
28.103080     3.82874000e-03
28.112448     3.72052000e-03
28.121819     3.69083000e-03
28.131193     3.87426000e-03
28.140570     3.94881000e-03
28.149950     3.85830000e-03
28.159333     3.92677000e-03
28.168720     3.95566000e-03
28.178109     3.90747000e-03
28.187502     3.66812000e-03
28.196898     3.69416000e-03
28.206297     3.69646000e-03
28.215699     3.80933000e-03
28.225104     3.81939000e-03
28.234512     3.72851000e-03
28.243924     3.73124000e-03
28.253339     3.84324000e-03
28.262756     3.84620000e-03
28.272177     3.92737000e-03
28.281601     3.97126000e-03
28.291028     3.70779000e-03
28.300459     3.79415000e-03
28.309892     3.93721000e-03
28.319329     3.27981000e-03
28.328769     3.69489000e-03
28.338212     3.95379000e-03
28.347658     3.90742000e-03
28.357107     3.79984000e-03
28.366559     3.70683000e-03
28.376015     3.85054000e-03
28.385473     3.78557000e-03
28.394935     3.63257000e-03
28.404400     3.71755000e-03
28.413868     3.72196000e-03
28.423340     3.65659000e-03
28.432814     3.69988000e-03
28.442292     3.81276000e-03
28.451773     3.87586000e-03
28.461256     3.79342000e-03
28.470744     3.82610000e-03
28.480234     3.99336000e-03
28.489727     3.95799000e-03
28.499224     3.95767000e-03
28.508723     3.97373000e-03
28.518226     3.77393000e-03
28.527732     3.88922000e-03
28.537242     3.93671000e-03
28.546754     3.91032000e-03
28.556270     3.55922000e-03
28.565789     3.84436000e-03
28.575310     3.77558000e-03
28.584836     3.08448000e-03
28.594364     3.56158000e-03
28.603895     3.76818000e-03
28.613430     3.64707000e-03
28.622968     3.89426000e-03
28.632509     3.76644000e-03
28.642053     3.92346000e-03
28.651600     4.00307000e-03
28.661151     3.98584000e-03
28.670704     3.84502000e-03
28.680261     3.93449000e-03
28.689821     3.96909000e-03
28.699385     3.91227000e-03
28.708951     3.71720000e-03
28.718521     3.93227000e-03
28.728094     4.00509000e-03
28.737670     3.77891000e-03
28.747249     3.93812000e-03
28.756831     4.02295000e-03
28.766417     3.90201000e-03
28.776006     3.68089000e-03
28.785598     3.88449000e-03
28.795193     3.97837000e-03
28.804791     3.71124000e-03
28.814393     4.03744000e-03
28.823998     4.15263000e-03
28.833606     4.14835000e-03
28.843217     4.08271000e-03
28.852831     3.89704000e-03
28.862449     4.30258000e-03
28.872070     4.09906000e-03
28.881694     3.98878000e-03
28.891321     3.77263000e-03
28.900952     3.91730000e-03
28.910585     4.01848000e-03
28.920222     3.79483000e-03
28.929862     4.36512000e-03
28.939505     4.12784000e-03
28.949152     4.23227000e-03
28.958802     3.42561000e-03
28.968454     4.05967000e-03
28.978111     3.92663000e-03
28.987770     3.78430000e-03
28.997433     4.16933000e-03
29.007098     3.82609000e-03
29.016768     4.02392000e-03
29.026440     3.79702000e-03
29.036115     3.80649000e-03
29.045794     4.05417000e-03
29.055476     3.88860000e-03
29.065161     4.09044000e-03
29.074849     3.98870000e-03
29.084541     3.88954000e-03
29.094236     3.99124000e-03
29.103934     3.77842000e-03
29.113635     3.87217000e-03
29.123340     3.41180000e-03
29.133048     3.69247000e-03
29.142759     3.76755000e-03
29.152473     3.91196000e-03
29.162190     3.96505000e-03
29.171911     3.96762000e-03
29.181635     3.97022000e-03
29.191362     3.80647000e-03
29.201093     3.75296000e-03
29.210826     4.07097000e-03
29.220563     3.84441000e-03
29.230304     3.90487000e-03
29.240047     4.04142000e-03
29.249794     4.05673000e-03
29.259544     4.04826000e-03
29.269297     3.95933000e-03
29.279053     4.22592000e-03
29.288813     4.07870000e-03
29.298576     4.18036000e-03
29.308342     4.14543000e-03
29.318111     3.85430000e-03
29.327884     3.98539000e-03
29.337660     3.82779000e-03
29.347439     3.82929000e-03
29.357222     3.78663000e-03
29.367007     3.77204000e-03
29.376797     3.95490000e-03
29.386589     3.94944000e-03
29.396384     4.07959000e-03
29.406183     4.07511000e-03
29.415985     4.05808000e-03
29.425791     4.03330000e-03
29.435599     3.77383000e-03
29.445411     3.88383000e-03
29.455226     3.88457000e-03
29.465045     3.87900000e-03
29.474866     3.99223000e-03
29.484691     3.75066000e-03
29.494519     3.68911000e-03
29.504351     3.60115000e-03
29.514186     3.76704000e-03
29.524024     3.74870000e-03
29.533865     3.84452000e-03
29.543710     3.57570000e-03
29.553558     3.89077000e-03
29.563409     3.77846000e-03
29.573263     3.75433000e-03
29.583121     3.76620000e-03
29.592982     3.89212000e-03
29.602846     3.97778000e-03
29.612714     3.94157000e-03
29.622585     3.96887000e-03
29.632459     3.97967000e-03
29.642337     4.08114000e-03
29.652217     3.98888000e-03
29.662101     4.04985000e-03
29.671989     3.83176000e-03
29.681880     3.79388000e-03
29.691773     4.15652000e-03
29.701671     4.17581000e-03
29.711571     3.84484000e-03
29.721475     3.97802000e-03
29.731382     3.96583000e-03
29.741293     4.13587000e-03
29.751206     3.92722000e-03
29.761124     4.24364000e-03
29.771044     4.28839000e-03
29.780968     3.95722000e-03
29.790895     3.88577000e-03
29.800825     3.75031000e-03
29.810758     3.97139000e-03
29.820695     3.32809000e-03
29.830636     3.90703000e-03
29.840579     3.83449000e-03
29.850526     3.77424000e-03
29.860476     3.88179000e-03
29.870430     3.88739000e-03
29.880387     3.80277000e-03
29.890347     3.96785000e-03
29.900310     4.08180000e-03
29.910277     3.98714000e-03
29.920247     3.82106000e-03
29.930220     3.79083000e-03
29.940197     3.96553000e-03
29.950177     3.98066000e-03
29.960161     3.56596000e-03
29.970147     4.11784000e-03
29.980137     3.66085000e-03
29.990131     3.96203000e-03
30.000128     3.80739000e-03
30.010127     4.08355000e-03
30.020131     3.96758000e-03
30.030138     4.04550000e-03
30.040148     4.06247000e-03
30.050161     3.99587000e-03
30.060178     4.11143000e-03
30.070198     3.93777000e-03
30.080221     3.21443000e-03
30.090248     4.03164000e-03
30.100278     3.90504000e-03
30.110311     3.81587000e-03
30.120348     3.95396000e-03
30.130388     3.90948000e-03
30.140432     3.69708000e-03
30.150479     3.83040000e-03
30.160529     3.84625000e-03
30.170582     3.93320000e-03
30.180639     3.76730000e-03
30.190699     3.81331000e-03
30.200763     3.92789000e-03
30.210830     4.04562000e-03
30.220900     4.01490000e-03
30.230974     3.93411000e-03
30.241051     4.19030000e-03
30.251131     3.52533000e-03
30.261215     4.18140000e-03
30.271302     4.19491000e-03
30.281392     3.77323000e-03
30.291486     3.94034000e-03
30.301583     4.05706000e-03
30.311684     3.84611000e-03
30.321788     3.86436000e-03
30.331895     4.08637000e-03
30.342006     4.13617000e-03
30.352120     4.03358000e-03
30.362237     4.20138000e-03
30.372358     4.17202000e-03
30.382482     3.97325000e-03
30.392609     4.04033000e-03
30.402740     3.86376000e-03
30.412874     3.84194000e-03
30.423012     4.05353000e-03
30.433153     3.94494000e-03
30.443297     3.78341000e-03
30.453445     3.80693000e-03
30.463596     3.83017000e-03
30.473751     3.68105000e-03
30.483909     3.82012000e-03
30.494070     3.84582000e-03
30.504235     4.01383000e-03
30.514403     3.73980000e-03
30.524574     3.47054000e-03
30.534749     3.74142000e-03
30.544927     3.84125000e-03
30.555109     3.87152000e-03
30.565294     3.91661000e-03
30.575483     3.96810000e-03
30.585674     4.02150000e-03
30.595870     3.97187000e-03
30.606068     3.96261000e-03
30.616270     4.03062000e-03
30.626476     3.80663000e-03
30.636685     3.85753000e-03
30.646897     3.76857000e-03
30.657112     4.00284000e-03
30.667331     3.89993000e-03
30.677554     4.01371000e-03
30.687780     3.86022000e-03
30.698009     3.79517000e-03
30.708242     3.96966000e-03
30.718478     3.83900000e-03
30.728717     3.90950000e-03
30.738960     3.98231000e-03
30.749206     3.57408000e-03
30.759456     3.84283000e-03
30.769709     3.98685000e-03
30.779966     3.75774000e-03
30.790226     3.99662000e-03
30.800489     4.06968000e-03
30.810756     4.07239000e-03
30.821026     4.05408000e-03
30.831300     4.00174000e-03
30.841577     3.87416000e-03
30.851858     3.70186000e-03
30.862142     3.79749000e-03
30.872429     3.64630000e-03
30.882720     3.75709000e-03
30.893014     3.87451000e-03
30.903312     3.85294000e-03
30.913613     3.90833000e-03
30.923917     3.94629000e-03
30.934225     3.42171000e-03
30.944537     4.06493000e-03
30.954852     3.94401000e-03
30.965170     4.09664000e-03
30.975492     3.96828000e-03
30.985817     4.08319000e-03
30.996145     4.00466000e-03
31.006477     4.07076000e-03
31.016813     4.10582000e-03
31.027152     4.05287000e-03
31.037494     3.97903000e-03
31.047840     3.63628000e-03
31.058189     3.96763000e-03
31.068542     3.85731000e-03
31.078898     3.87487000e-03
31.089258     3.72121000e-03
31.099621     3.98332000e-03
31.109987     3.94724000e-03
31.120358     3.94570000e-03
31.130731     3.85928000e-03
31.141108     3.56327000e-03
31.151488     3.73984000e-03
31.161872     3.82834000e-03
31.172259     3.63471000e-03
31.182650     3.84155000e-03
31.193044     3.72088000e-03
31.203442     3.79932000e-03
31.213843     3.71487000e-03
31.224248     3.85885000e-03
31.234656     3.92111000e-03
31.245067     3.71472000e-03
31.255482     3.87936000e-03
31.265901     3.85680000e-03
31.276323     4.04834000e-03
31.286748     4.12792000e-03
31.297177     4.04413000e-03
31.307610     4.21713000e-03
31.318046     4.17847000e-03
31.328485     4.19685000e-03
31.338928     3.86350000e-03
31.349374     4.24437000e-03
31.359824     4.22297000e-03
31.370277     3.65605000e-03
31.380734     3.53615000e-03
31.391194     4.17742000e-03
31.401658     4.34511000e-03
31.412125     4.04398000e-03
31.422596     3.51122000e-03
31.433070     4.15079000e-03
31.443548     3.51459000e-03
31.454029     4.19174000e-03
31.464513     4.11496000e-03
31.475002     3.77772000e-03
31.485493     4.02600000e-03
31.495988     3.45837000e-03
31.506487     3.91957000e-03
31.516989     3.86786000e-03
31.527495     4.08734000e-03
31.538004     4.08763000e-03
31.548517     3.99716000e-03
31.559033     4.13609000e-03
31.569553     4.18011000e-03
31.580076     3.58792000e-03
31.590602     4.08289000e-03
31.601133     4.32274000e-03
31.611666     4.30336000e-03
31.622204     4.04229000e-03
31.632744     4.21160000e-03
31.643289     3.89016000e-03
31.653836     3.95384000e-03
31.664388     3.74373000e-03
31.674943     4.22664000e-03
31.685501     3.96558000e-03
31.696063     3.71520000e-03
31.706628     3.38791000e-03
31.717197     3.99821000e-03
31.727769     3.84561000e-03
31.738345     3.44437000e-03
31.748925     3.76227000e-03
31.759508     4.03501000e-03
31.770094     3.98166000e-03
31.780684     4.14924000e-03
31.791278     4.08213000e-03
31.801875     4.11353000e-03
31.812475     3.87604000e-03
31.823080     3.80752000e-03
31.833687     3.73127000e-03
31.844299     4.18469000e-03
31.854913     4.00904000e-03
31.865532     4.23173000e-03
31.876153     4.01940000e-03
31.886779     3.99530000e-03
31.897408     4.01012000e-03
31.908040     3.86878000e-03
31.918676     3.78074000e-03
31.929316     3.86242000e-03
31.939959     3.97993000e-03
31.950606     3.46541000e-03
31.961256     3.92640000e-03
31.971909     3.80094000e-03
31.982567     4.13687000e-03
31.993228     3.89066000e-03
32.003892     4.02894000e-03
32.014560     4.12707000e-03
32.025231     3.83212000e-03
32.035907     4.08828000e-03
32.046585     3.56794000e-03
32.057267     3.90231000e-03
32.067953     3.90746000e-03
32.078643     3.39545000e-03
32.089335     3.88838000e-03
32.100032     3.69864000e-03
32.110732     3.96743000e-03
32.121435     3.89439000e-03
32.132143     3.93816000e-03
32.142853     3.50137000e-03
32.153568     3.91764000e-03
32.164285     3.72508000e-03
32.175007     4.07141000e-03
32.185732     3.93028000e-03
32.196460     3.72358000e-03
32.207193     4.11534000e-03
32.217928     4.12917000e-03
32.228668     4.04896000e-03
32.239410     3.63749000e-03
32.250157     3.94223000e-03
32.260907     3.77991000e-03
32.271661     3.20787000e-03
32.282418     3.83391000e-03
32.293179     4.03810000e-03
32.303943     3.89499000e-03
32.314711     3.90948000e-03
32.325483     3.99973000e-03
32.336258     3.77127000e-03
32.347037     4.16649000e-03
32.357819     4.15096000e-03
32.368605     4.01414000e-03
32.379394     4.06356000e-03
32.390188     3.25449000e-03
32.400984     3.53103000e-03
32.411785     3.21849000e-03
32.422589     3.86347000e-03
32.433396     3.81811000e-03
32.444207     4.14064000e-03
32.455022     4.27577000e-03
32.465840     4.03468000e-03
32.476662     3.54253000e-03
32.487488     3.97228000e-03
32.498317     3.87539000e-03
32.509150     4.11507000e-03
32.519986     3.81945000e-03
32.530826     4.02183000e-03
32.541670     3.99841000e-03
32.552517     3.57096000e-03
32.563368     3.99035000e-03
32.574222     4.27649000e-03
32.585080     4.14280000e-03
32.595942     4.35604000e-03
32.606807     4.03089000e-03
32.617676     4.14488000e-03
32.628549     3.79849000e-03
32.639425     4.04296000e-03
32.650305     3.91657000e-03
32.661188     4.22596000e-03
32.672075     3.99093000e-03
32.682966     3.90440000e-03
32.693860     4.00749000e-03
32.704758     3.86829000e-03
32.715660     4.02522000e-03
32.726565     3.87978000e-03
32.737474     4.07832000e-03
32.748386     3.86839000e-03
32.759302     4.07302000e-03
32.770222     3.83050000e-03
32.781146     4.02018000e-03
32.792073     3.48372000e-03
32.803003     3.82435000e-03
32.813938     3.87746000e-03
32.824876     3.69340000e-03
32.835817     3.81993000e-03
32.846763     3.96291000e-03
32.857712     4.00169000e-03
32.868664     3.92744000e-03
32.879620     4.00229000e-03
32.890580     3.55467000e-03
32.901544     4.02440000e-03
32.912511     3.98095000e-03
32.923482     3.49188000e-03
32.934456     3.91997000e-03
32.945434     3.84695000e-03
32.956416     3.79517000e-03
32.967402     3.74546000e-03
32.978391     3.82155000e-03
32.989384     3.67766000e-03
33.000380     3.73051000e-03
33.011380     3.72223000e-03
33.022384     3.22928000e-03
33.033391     3.39579000e-03
33.044403     3.72937000e-03
33.055417     3.88067000e-03
33.066436     3.93810000e-03
33.077458     3.67089000e-03
33.088484     3.95352000e-03
33.099513     3.89489000e-03
33.110546     3.93367000e-03
33.121583     3.82598000e-03
33.132624     3.35701000e-03
33.143668     3.86299000e-03
33.154716     3.87471000e-03
33.165768     3.94037000e-03
33.176823     3.60766000e-03
33.187882     3.88193000e-03
33.198944     3.85999000e-03
33.210011     3.94218000e-03
33.221081     3.75534000e-03
33.232154     3.93860000e-03
33.243232     4.03842000e-03
33.254313     4.01203000e-03
33.265398     4.06180000e-03
33.276486     3.97163000e-03
33.287578     3.78826000e-03
33.298674     3.94722000e-03
33.309774     4.12216000e-03
33.320877     4.04947000e-03
33.331984     3.90603000e-03
33.343094     4.03815000e-03
33.354209     3.94192000e-03
33.365327     3.88519000e-03
33.376449     4.02080000e-03
33.387574     4.10284000e-03
33.398703     4.05487000e-03
33.409836     4.04945000e-03
33.420973     4.13664000e-03
33.432113     4.03641000e-03
33.443257     3.43623000e-03
33.454405     3.66323000e-03
33.465556     4.09006000e-03
33.476712     3.48789000e-03
33.487871     3.97239000e-03
33.499033     3.91066000e-03
33.510199     3.52573000e-03
33.521370     3.89815000e-03
33.532543     3.78923000e-03
33.543721     3.95939000e-03
33.554902     3.95049000e-03
33.566087     3.98408000e-03
33.577276     4.16473000e-03
33.588468     4.00977000e-03
33.599664     3.82413000e-03
33.610864     3.52515000e-03
33.622068     3.93776000e-03
33.633275     3.88077000e-03
33.644486     3.93384000e-03
33.655701     4.24034000e-03
33.666920     4.27107000e-03
33.678142     3.87543000e-03
33.689368     3.28211000e-03
33.700598     3.94321000e-03
33.711831     4.20586000e-03
33.723069     4.03963000e-03
33.734310     3.94083000e-03
33.745554     4.25483000e-03
33.756803     3.73882000e-03
33.768055     4.19446000e-03
33.779311     4.05072000e-03
33.790571     3.75900000e-03
33.801835     3.62406000e-03
33.813102     4.15362000e-03
33.824373     4.33297000e-03
33.835648     3.89339000e-03
33.846926     4.12583000e-03
33.858209     4.29158000e-03
33.869495     4.21446000e-03
33.880784     4.11204000e-03
33.892078     4.06988000e-03
33.903375     4.23738000e-03
33.914676     4.07213000e-03
33.925981     4.00974000e-03
33.937290     4.30253000e-03
33.948602     4.26307000e-03
33.959919     4.13360000e-03
33.971239     3.99107000e-03
33.982562     3.90931000e-03
33.993890     3.78296000e-03
34.005221     4.23770000e-03
34.016556     4.11106000e-03
34.027895     3.90601000e-03
34.039238     4.00503000e-03
34.050584     3.67953000e-03
34.061934     4.23516000e-03
34.073288     4.20866000e-03
34.084646     4.05772000e-03
34.096008     3.90297000e-03
34.107373     3.93505000e-03
34.118742     3.83788000e-03
34.130115     4.10024000e-03
34.141492     4.08384000e-03
34.152872     3.77374000e-03
34.164257     4.09426000e-03
34.175645     4.20476000e-03
34.187036     4.19625000e-03
34.198432     4.28012000e-03
34.209832     4.24126000e-03
34.221235     3.91148000e-03
34.232642     4.05185000e-03
34.244053     3.95011000e-03
34.255468     4.04785000e-03
34.266886     3.97409000e-03
34.278308     4.14624000e-03
34.289735     4.10877000e-03
34.301164     4.04731000e-03
34.312598     3.33036000e-03
34.324036     4.01548000e-03
34.335477     4.01420000e-03
34.346922     3.80329000e-03
34.358371     3.93244000e-03
34.369824     4.09913000e-03
34.381281     4.01974000e-03
34.392741     3.84534000e-03
34.404205     3.87513000e-03
34.415673     3.88766000e-03
34.427145     4.05036000e-03
34.438621     4.18941000e-03
34.450100     4.14453000e-03
34.461584     3.95460000e-03
34.473071     4.11279000e-03
34.484562     3.98143000e-03
34.496057     3.94329000e-03
34.507556     3.64941000e-03
34.519058     3.91728000e-03
34.530564     3.96485000e-03
34.542075     3.87220000e-03
34.553589     3.82592000e-03
34.565106     3.98208000e-03
34.576628     4.06754000e-03
34.588154     4.15842000e-03
34.599683     4.15990000e-03
34.611216     4.13729000e-03
34.622753     4.02917000e-03
34.634294     4.08508000e-03
34.645839     4.22377000e-03
34.657388     4.16566000e-03
34.668940     4.06554000e-03
34.680496     3.92421000e-03
34.692057     3.98446000e-03
34.703621     3.85218000e-03
34.715189     4.10335000e-03
34.726760     3.67834000e-03
34.738336     3.76588000e-03
34.749915     3.89234000e-03
34.761499     4.02567000e-03
34.773086     3.68777000e-03
34.784677     4.16622000e-03
34.796272     4.19228000e-03
34.807870     4.20625000e-03
34.819473     4.00115000e-03
34.831080     4.10264000e-03
34.842690     4.07448000e-03
34.854304     3.80141000e-03
34.865922     3.93009000e-03
34.877544     3.95525000e-03
34.889170     3.99781000e-03
34.900800     4.15305000e-03
34.912433     3.93055000e-03
34.924071     3.72381000e-03
34.935712     4.02773000e-03
34.947358     4.05895000e-03
34.959007     4.06775000e-03
34.970660     4.05116000e-03
34.982317     3.38458000e-03
34.993977     3.85097000e-03
