# wavelength(um)    fp/fs
0.100007     2.09036000e-02
0.100040     1.61517000e-02
0.100074     7.01700000e-04
0.100107     7.14370000e-04
0.100140     9.92797000e-04
0.100174     6.94684000e-04
0.100207     6.89507000e-04
0.100241     7.36462000e-04
0.100274     1.35264000e-03
0.100307     7.00292000e-04
0.100341     6.96475000e-04
0.100374     6.99328000e-04
0.100408     6.93495000e-04
0.100441     6.93526000e-04
0.100475     8.40186000e-04
0.100508     1.87775000e-03
0.100542     1.43778000e-03
0.100575     7.71701000e-04
0.100609     6.93678000e-04
0.100642     6.91674000e-04
0.100676     6.92519000e-04
0.100709     8.12904000e-04
0.100743     2.14424000e-02
0.100777     6.92812000e-04
0.100810     6.92620000e-04
0.100844     1.21095000e-03
0.100877     6.95007000e-04
0.100911     6.95227000e-04
0.100945     6.98269000e-04
0.100978     6.05185000e-03
0.101012     6.94462000e-04
0.101046     6.97757000e-04
0.101079     6.91706000e-04
0.101113     7.91066000e-04
0.101147     7.04829000e-04
0.101180     6.98526000e-04
0.101214     7.15147000e-04
0.101248     3.99786000e-03
0.101282     8.33503000e-04
0.101315     6.91043000e-04
0.101349     2.08767000e-02
0.101383     8.17677000e-04
0.101417     2.91334000e-03
0.101451     6.96276000e-04
0.101484     7.12485000e-04
0.101518     7.01127000e-04
0.101552     2.15326000e-02
0.101586     6.94956000e-04
0.101620     9.25455000e-03
0.101654     6.90701000e-04
0.101688     6.93613000e-04
0.101721     1.02820000e-03
0.101755     9.16808000e-04
0.101789     7.09835000e-04
0.101823     1.54377000e-03
0.101857     6.91051000e-04
0.101891     7.24884000e-04
0.101925     7.72467000e-04
0.101959     7.06292000e-04
0.101993     6.99751000e-04
0.102027     7.27262000e-04
0.102061     7.92379000e-04
0.102095     6.91251000e-04
0.102129     6.99963000e-04
0.102163     7.28421000e-04
0.102197     6.89028000e-04
0.102231     6.92502000e-04
0.102265     6.90055000e-04
0.102299     8.60359000e-04
0.102333     6.95395000e-04
0.102368     1.12591000e-03
0.102402     6.89126000e-04
0.102436     7.19904000e-04
0.102470     7.72555000e-04
0.102504     8.43591000e-04
0.102538     7.04971000e-04
0.102573     9.06823000e-02
0.102607     8.47718000e-04
0.102641     6.94870000e-04
0.102675     7.03743000e-04
0.102709     8.33532000e-04
0.102744     6.86494000e-04
0.102778     7.13941000e-04
0.102812     1.84463000e-03
0.102846     6.95129000e-04
0.102881     6.88132000e-04
0.102915     7.27570000e-04
0.102949     6.92032000e-04
0.102984     6.90468000e-04
0.103018     9.72393000e-04
0.103052     7.04059000e-04
0.103087     1.21638000e-03
0.103121     7.43255000e-04
0.103155     7.16504000e-04
0.103190     7.51069000e-04
0.103224     8.57441000e-04
0.103258     7.74982000e-04
0.103293     6.90394000e-04
0.103327     6.89237000e-04
0.103362     6.96142000e-04
0.103396     1.44015000e-03
0.103431     1.00824000e-03
0.103465     6.88754000e-04
0.103500     6.94507000e-04
0.103534     7.36820000e-04
0.103569     7.45471000e-04
0.103603     6.92861000e-04
0.103638     6.87645000e-04
0.103672     6.85974000e-04
0.103707     6.85221000e-04
0.103741     6.84708000e-04
0.103776     6.87194000e-04
0.103811     8.31224000e-03
0.103845     6.90161000e-04
0.103880     6.88325000e-04
0.103914     1.05793000e-03
0.103949     3.02113000e-03
0.103984     6.86670000e-04
0.104018     6.93071000e-04
0.104053     8.11707000e-04
0.104088     7.10853000e-04
0.104122     6.85398000e-04
0.104157     8.37554000e-04
0.104192     6.88242000e-04
0.104227     7.23582000e-04
0.104261     6.90866000e-04
0.104296     6.89183000e-04
0.104331     1.68844000e-03
0.104366     6.89369000e-04
0.104400     7.05154000e-04
0.104435     6.93374000e-04
0.104470     6.99177000e-04
0.104505     8.35305000e-04
0.104540     6.88418000e-04
0.104575     7.10835000e-04
0.104609     6.89252000e-04
0.104644     6.91908000e-04
0.104679     6.86801000e-04
0.104714     6.92195000e-04
0.104749     7.81831000e-04
0.104784     7.03376000e-04
0.104819     6.87952000e-04
0.104854     1.39039000e-03
0.104889     6.99359000e-04
0.104924     6.96585000e-04
0.104959     1.28207000e-03
0.104994     1.03163000e-03
0.105029     6.86875000e-04
0.105064     6.88908000e-04
0.105099     8.94138000e-04
0.105134     6.85737000e-04
0.105169     6.89598000e-04
0.105204     6.92525000e-04
0.105239     7.90618000e-04
0.105274     6.89293000e-04
0.105309     6.88137000e-04
0.105344     2.83782000e-03
0.105379     7.26744000e-04
0.105414     1.60188000e-03
0.105449     1.36037000e-03
0.105485     7.00856000e-04
0.105520     1.60564000e-03
0.105555     1.32627000e-03
0.105590     8.27279000e-04
0.105625     1.38420000e-03
0.105661     7.42207000e-04
0.105696     8.45750000e-04
0.105731     1.40089000e-03
0.105766     6.86067000e-04
0.105802     7.32291000e-04
0.105837     1.48173000e-03
0.105872     8.60042000e-04
0.105907     1.24528000e-03
0.105943     7.04111000e-04
0.105978     1.33401000e-03
0.106013     7.07523000e-04
0.106049     1.37444000e-03
0.106084     7.00810000e-04
0.106119     6.94115000e-04
0.106155     6.99195000e-04
0.106190     7.11462000e-04
0.106225     1.17077000e-03
0.106261     7.84151000e-04
0.106296     1.48128000e-03
0.106332     1.60147000e-03
0.106367     1.04105000e-03
0.106403     1.38865000e-03
0.106438     9.65285000e-04
0.106474     7.09559000e-04
0.106509     9.42977000e-04
0.106545     8.20858000e-04
0.106580     2.37068000e-02
0.106616     7.19101000e-04
0.106651     3.45703000e-03
0.106687     8.51195000e-04
0.106722     2.16378000e-03
0.106758     8.22739000e-03
0.106793     1.22306000e-03
0.106829     2.55134000e-03
0.106865     2.26903000e-03
0.106900     1.67036000e-03
0.106936     3.45766000e-03
0.106972     8.65982000e-04
0.107007     8.91166000e-04
0.107043     5.92357000e-03
0.107079     1.32928000e-03
0.107114     7.26569000e-04
0.107150     1.51010000e-03
0.107186     2.73342000e-03
0.107221     1.04991000e-03
0.107257     7.65406000e-04
0.107293     8.40200000e-03
0.107329     8.54227000e-03
0.107364     1.42307000e-03
0.107400     5.14518000e-03
0.107436     7.06413000e-04
0.107472     8.16955000e-04
0.107508     1.06952000e-03
0.107543     8.38389000e-04
0.107579     1.91631000e-03
0.107615     1.40056000e-03
0.107651     1.23088000e-03
0.107687     5.46098000e-03
0.107723     5.25744000e-03
0.107759     1.15725000e-03
0.107795     6.97538000e-04
0.107831     1.31606000e-03
0.107867     1.67429000e-03
0.107903     6.86105000e-04
0.107938     7.11105000e-04
0.107974     6.87943000e-04
0.108010     8.01463000e-04
0.108046     9.99686000e-04
0.108082     1.12042000e-03
0.108118     6.82839000e-04
0.108155     6.97093000e-04
0.108191     1.61902000e-03
0.108227     1.37796000e-03
0.108263     6.92760000e-04
0.108299     6.83422000e-04
0.108335     2.23766000e-03
0.108371     8.41879000e-03
0.108407     1.58020000e-03
0.108443     7.14155000e-04
0.108479     1.55003000e-03
0.108516     7.20627000e-04
0.108552     7.86263000e-04
0.108588     6.83555000e-04
0.108624     6.84357000e-04
0.108660     1.01814000e-03
0.108697     2.17570000e-03
0.108733     1.17080000e-03
0.108769     7.03845000e-04
0.108805     8.00190000e-04
0.108842     2.43656000e-03
0.108878     1.67454000e-02
0.108914     1.99553000e-03
0.108950     3.43087000e-03
0.108987     6.99475000e-04
0.109023     6.88368000e-04
0.109059     2.11428000e-03
0.109096     1.38103000e-02
0.109132     7.46758000e-04
0.109169     7.43163000e-04
0.109205     9.01176000e-04
0.109241     7.26600000e-04
0.109278     9.42596000e-04
0.109314     7.40022000e-04
0.109351     1.12952000e-03
0.109387     7.01146000e-04
0.109424     8.77570000e-04
0.109460     1.14407000e-03
0.109496     6.94090000e-04
0.109533     6.16787000e-03
0.109569     7.46012000e-04
0.109606     6.20900000e-03
0.109643     1.12260000e-03
0.109679     1.93854000e-02
0.109716     9.74540000e-04
0.109752     7.31320000e-04
0.109789     1.94936000e-03
0.109825     3.56355000e-03
0.109862     2.94712000e-03
0.109899     4.67648000e-03
0.109935     8.81475000e-04
0.109972     9.12770000e-04
0.110009     1.09443000e-03
0.110045     1.17992000e-03
0.110082     6.91707000e-04
0.110119     7.02973000e-04
0.110155     2.53168000e-03
0.110192     6.81102000e-04
0.110229     6.79637000e-04
0.110266     6.73758000e-04
0.110302     6.83179000e-04
0.110339     5.99283000e-04
0.110376     6.85521000e-04
0.110413     6.91922000e-04
0.110449     6.02689000e-04
0.110486     6.75196000e-04
0.110523     6.57504000e-04
0.110560     6.73492000e-04
0.110597     6.76624000e-04
0.110634     6.19314000e-04
0.110670     1.48603000e-03
0.110707     7.78213000e-04
0.110744     7.26236000e-04
0.110781     6.81519000e-04
0.110818     1.03726000e-03
0.110855     3.45904000e-03
0.110892     6.72482000e-04
0.110929     6.82740000e-04
0.110966     6.84960000e-04
0.111003     6.48028000e-04
0.111040     6.19406000e-04
0.111077     6.82033000e-04
0.111114     6.89863000e-04
0.111151     6.97503000e-04
0.111188     6.76402000e-04
0.111225     6.45968000e-04
0.111262     6.73770000e-04
0.111299     6.62724000e-04
0.111336     6.69312000e-04
0.111374     6.82393000e-04
0.111411     6.83505000e-04
0.111448     6.77510000e-04
0.111485     6.72985000e-04
0.111522     6.84327000e-04
0.111559     5.28765000e-04
0.111596     6.52818000e-04
0.111634     6.52281000e-04
0.111671     6.30594000e-04
0.111708     6.66340000e-04
0.111745     7.01804000e-04
0.111783     6.27053000e-04
0.111820     6.69494000e-04
0.111857     6.42377000e-04
0.111894     6.41080000e-04
0.111932     6.56552000e-04
0.111969     6.68611000e-04
0.112006     6.31046000e-04
0.112044     6.25403000e-04
0.112081     8.96705000e-04
0.112118     6.79905000e-04
0.112156     5.81347000e-04
0.112193     1.08268000e-03
0.112231     6.73986000e-04
0.112268     8.07030000e-04
0.112305     6.44750000e-04
0.112343     6.71872000e-04
0.112380     6.63922000e-04
0.112418     6.02633000e-04
0.112455     6.33089000e-04
0.112493     6.72539000e-04
0.112530     5.91106000e-04
0.112568     6.52998000e-04
0.112605     6.46327000e-04
0.112643     2.22048000e-03
0.112680     6.86852000e-04
0.112718     6.50796000e-04
0.112755     5.60829000e-04
0.112793     6.41266000e-04
0.112831     6.71771000e-04
0.112868     6.65303000e-04
0.112906     6.64043000e-04
0.112943     6.85233000e-04
0.112981     7.85280000e-04
0.113019     6.52829000e-04
0.113056     3.05237000e-03
0.113094     6.52349000e-04
0.113132     5.75908000e-04
0.113170     6.26118000e-04
0.113207     6.51825000e-04
0.113245     6.28394000e-04
0.113283     6.15203000e-04
0.113320     6.48132000e-04
0.113358     6.30831000e-04
0.113396     7.92261000e-04
0.113434     6.28890000e-04
0.113472     6.42889000e-04
0.113509     6.01200000e-04
0.113547     6.43817000e-04
0.113585     1.22998000e-03
0.113623     6.77044000e-04
0.113661     6.62609000e-04
0.113699     5.79937000e-04
0.113737     6.15314000e-04
0.113775     6.18181000e-04
0.113813     5.33459000e-04
0.113850     6.60284000e-04
0.113888     5.66022000e-04
0.113926     6.95793000e-04
0.113964     6.80346000e-04
0.114002     9.32062000e-04
0.114040     1.18204000e-03
0.114078     1.09128000e-03
0.114116     6.06973000e-04
0.114154     5.70197000e-04
0.114192     5.12953000e-04
0.114231     3.51045000e-03
0.114269     5.59126000e-04
0.114307     6.04795000e-04
0.114345     6.26526000e-04
0.114383     6.48683000e-04
0.114421     5.64833000e-04
0.114459     6.05379000e-04
0.114497     2.27391000e-03
0.114536     6.08950000e-04
0.114574     5.52050000e-04
0.114612     5.39606000e-04
0.114650     6.34747000e-04
0.114688     6.48086000e-04
0.114727     6.20810000e-04
0.114765     6.21200000e-04
0.114803     6.19408000e-04
0.114841     6.30769000e-04
0.114880     5.89170000e-04
0.114918     5.93170000e-04
0.114956     7.81277000e-04
0.114994     6.11357000e-04
0.115033     6.72654000e-04
0.115071     8.46892000e-04
0.115110     8.41165000e-04
0.115148     6.38144000e-04
0.115186     5.66995000e-04
0.115225     5.71121000e-04
0.115263     5.57797000e-04
0.115301     1.75763000e-03
0.115340     6.09715000e-04
0.115378     6.44836000e-04
0.115417     6.26873000e-04
0.115455     6.64352000e-04
0.115494     6.80906000e-04
0.115532     6.80878000e-04
0.115571     1.69798000e-03
0.115609     6.58011000e-04
0.115648     1.37903000e-03
0.115686     6.85208000e-04
0.115725     6.77008000e-04
0.115764     1.23797000e-03
0.115802     8.13897000e-04
0.115841     6.84153000e-04
0.115879     6.75907000e-04
0.115918     7.64372000e-04
0.115957     7.22881000e-04
0.115995     6.56893000e-04
0.116034     5.28887000e-04
0.116073     6.76266000e-04
0.116111     6.85149000e-04
0.116150     6.84304000e-04
0.116189     5.53907000e-04
0.116227     6.75794000e-04
0.116266     5.17760000e-04
0.116305     5.09845000e-04
0.116344     6.70738000e-04
0.116383     6.95601000e-04
0.116421     6.70531000e-04
0.116460     6.68249000e-04
0.116499     6.78799000e-04
0.116538     6.27378000e-04
0.116577     5.91196000e-04
0.116615     6.69590000e-04
0.116654     5.32651000e-04
0.116693     5.22560000e-04
0.116732     6.31702000e-04
0.116771     6.27699000e-04
0.116810     6.41168000e-04
0.116849     1.48620000e-03
0.116888     6.34355000e-04
0.116927     5.42964000e-04
0.116966     5.81959000e-04
0.117005     6.63158000e-04
0.117044     6.43940000e-04
0.117083     6.70279000e-04
0.117122     6.62631000e-04
0.117161     5.55614000e-04
0.117200     6.33570000e-04
0.117239     5.79957000e-04
0.117278     6.08329000e-04
0.117317     6.41281000e-04
0.117356     6.32602000e-04
0.117395     6.49712000e-04
0.117434     5.36596000e-04
0.117474     6.06225000e-04
0.117513     6.67038000e-04
0.117552     6.07928000e-04
0.117591     6.67187000e-04
0.117630     6.02694000e-04
0.117670     5.88213000e-04
0.117709     6.13629000e-04
0.117748     5.06644000e-04
0.117787     6.35620000e-04
0.117827     5.19929000e-04
0.117866     5.01719000e-04
0.117905     5.60223000e-04
0.117944     6.62520000e-04
0.117984     6.37859000e-04
0.118023     5.86799000e-04
0.118062     5.74959000e-04
0.118102     6.64516000e-04
0.118141     6.50702000e-04
0.118180     5.25096000e-04
0.118220     5.81617000e-04
0.118259     9.44302000e-04
0.118299     5.31996000e-04
0.118338     5.73776000e-04
0.118378     5.61576000e-04
0.118417     6.59738000e-04
0.118457     5.16346000e-04
0.118496     5.38356000e-04
0.118535     5.62376000e-04
0.118575     6.51642000e-04
0.118615     5.27775000e-04
0.118654     6.53948000e-04
0.118694     6.59563000e-04
0.118733     6.55499000e-04
0.118773     6.70599000e-04
0.118812     5.83786000e-04
0.118852     6.39949000e-04
0.118892     6.75668000e-04
0.118931     5.06517000e-04
0.118971     6.62979000e-04
0.119011     6.29362000e-04
0.119050     6.73928000e-04
0.119090     6.53214000e-04
0.119130     5.25363000e-04
0.119169     5.67447000e-04
0.119209     6.47586000e-04
0.119249     6.21344000e-04
0.119288     6.77634000e-04
0.119328     9.37254000e-04
0.119368     5.72000000e-04
0.119408     6.09338000e-04
0.119448     6.53709000e-04
0.119487     6.61356000e-04
0.119527     5.05657000e-04
0.119567     5.45839000e-04
0.119607     6.15877000e-04
0.119647     6.64959000e-04
0.119687     6.54877000e-04
0.119727     1.06213000e-03
0.119767     5.07630000e-04
0.119806     1.50566000e-03
0.119846     4.70826000e-04
0.119886     5.27563000e-04
0.119926     6.32004000e-04
0.119966     7.64613000e-04
0.120006     6.53998000e-04
0.120046     6.75036000e-04
0.120086     6.34298000e-04
0.120126     6.53209000e-04
0.120166     5.86595000e-04
0.120206     4.90974000e-04
0.120246     5.88552000e-04
0.120287     4.04526000e-04
0.120327     6.78373000e-04
0.120367     6.59333000e-04
0.120407     6.41710000e-04
0.120447     5.32691000e-04
0.120487     6.16839000e-04
0.120527     6.46449000e-04
0.120567     4.82235000e-04
0.120608     6.05117000e-04
0.120648     5.69979000e-04
0.120688     5.02784000e-04
0.120728     5.20424000e-04
0.120769     4.76125000e-04
0.120809     4.86820000e-04
0.120849     5.03376000e-04
0.120889     5.49769000e-04
0.120930     6.29921000e-04
0.120970     6.70875000e-04
0.121010     6.20513000e-04
0.121051     5.74618000e-04
0.121091     6.71638000e-04
0.121131     9.89681000e-04
0.121172     1.56503000e-03
0.121212     7.31206000e-04
0.121253     2.45010000e-03
0.121293     2.86256000e-03
0.121333     6.99707000e-04
0.121374     3.39094000e-02
0.121414     1.61193000e-02
0.121455     6.81226000e-04
0.121495     2.42274000e-03
0.121536     8.60594000e-03
0.121576     1.37782000e-03
0.121617     2.01124000e-03
0.121657     9.57803000e-03
0.121698     7.50619000e-04
0.121738     9.56798000e-04
0.121779     1.43329000e-03
0.121820     1.69974000e-03
0.121860     6.68225000e-04
0.121901     8.13490000e-04
0.121941     2.54764000e-03
0.121982     6.86032000e-04
0.122023     6.61577000e-04
0.122063     5.94937000e-04
0.122104     6.61220000e-04
0.122145     6.82077000e-04
0.122186     6.07409000e-04
0.122226     5.72208000e-04
0.122267     4.98611000e-04
0.122308     6.49012000e-04
0.122349     4.72398000e-04
0.122389     5.17490000e-04
0.122430     6.61451000e-04
0.122471     6.66082000e-04
0.122512     4.43733000e-04
0.122553     4.71949000e-04
0.122593     6.63271000e-04
0.122634     6.01906000e-04
0.122675     6.44018000e-04
0.122716     5.67790000e-04
0.122757     5.39473000e-04
0.122798     6.17460000e-04
0.122839     5.90340000e-04
0.122880     3.91567000e-04
0.122921     5.12998000e-04
0.122962     6.66524000e-04
0.123003     4.41775000e-04
0.123044     5.61650000e-04
0.123085     3.74484000e-04
0.123126     3.68610000e-04
0.123167     4.70346000e-04
0.123208     4.91007000e-04
0.123249     5.91631000e-04
0.123290     5.86274000e-04
0.123331     4.57193000e-04
0.123372     6.71828000e-04
0.123413     3.95233000e-04
0.123454     6.58778000e-04
0.123496     6.10002000e-04
0.123537     3.95962000e-04
0.123578     3.32708000e-04
0.123619     4.62867000e-04
0.123660     3.38864000e-04
0.123702     6.45031000e-04
0.123743     6.46600000e-04
0.123784     6.55918000e-04
0.123825     5.75084000e-04
0.123867     6.71466000e-04
0.123908     3.04963000e-04
0.123949     6.49372000e-04
0.123991     3.81180000e-04
0.124032     3.06331000e-04
0.124073     6.37202000e-04
0.124115     4.99642000e-04
0.124156     2.59269000e-04
0.124197     6.52134000e-04
0.124239     3.77308000e-04
0.124280     6.71068000e-04
0.124322     3.21440000e-04
0.124363     2.24172000e-04
0.124404     3.66158000e-04
0.124446     3.80413000e-04
0.124487     4.83559000e-04
0.124529     2.19444000e-04
0.124570     5.08249000e-04
0.124612     4.78981000e-04
0.124653     2.60989000e-04
0.124695     3.91073000e-04
0.124737     5.92675000e-04
0.124778     3.33423000e-04
0.124820     4.83549000e-04
0.124861     3.80984000e-04
0.124903     2.65567000e-04
0.124945     2.69095000e-04
0.124986     5.83550000e-04
0.125028     3.10289000e-04
0.125070     5.78051000e-04
0.125111     3.14086000e-04
0.125153     4.54679000e-04
0.125195     4.55218000e-04
0.125236     5.82327000e-04
0.125278     4.43225000e-04
0.125320     5.83417000e-04
0.125362     5.07782000e-04
0.125403     5.71823000e-04
0.125445     4.85762000e-04
0.125487     6.13988000e-04
0.125529     4.46325000e-04
0.125571     4.29293000e-04
0.125613     3.70601000e-04
0.125655     3.47933000e-04
0.125696     2.14175000e-04
0.125738     4.63594000e-04
0.125780     2.30737000e-04
0.125822     2.39546000e-04
0.125864     3.29269000e-04
0.125906     2.45500000e-04
0.125948     2.56388000e-04
0.125990     5.72492000e-04
0.126032     4.53142000e-04
0.126074     5.07779000e-04
0.126116     4.06960000e-04
0.126158     4.51742000e-04
0.126200     4.97551000e-04
0.126242     2.30280000e-04
0.126284     2.56717000e-04
0.126326     3.03696000e-04
0.126368     3.95161000e-04
0.126411     4.45823000e-04
0.126453     2.89551000e-04
0.126495     5.40482000e-04
0.126537     5.16633000e-04
0.126579     2.94044000e-04
0.126621     3.32122000e-04
0.126664     3.10375000e-04
0.126706     4.88888000e-04
0.126748     4.60962000e-04
0.126790     1.67527000e-04
0.126833     4.43924000e-04
0.126875     4.00322000e-04
0.126917     3.36955000e-04
0.126959     2.17502000e-04
0.127002     1.59087000e-04
0.127044     4.70186000e-04
0.127086     2.78739000e-04
0.127129     5.32459000e-04
0.127171     4.25582000e-04
0.127214     3.96418000e-04
0.127256     2.42388000e-04
0.127298     5.75451000e-04
0.127341     5.19188000e-04
0.127383     1.82268000e-04
0.127426     2.10909000e-04
0.127468     2.03433000e-04
0.127511     3.16240000e-04
0.127553     5.08589000e-04
0.127596     4.21152000e-04
0.127638     2.91437000e-04
0.127681     7.96603000e-04
0.127723     5.81733000e-04
0.127766     2.89659000e-03
0.127809     4.93042000e-04
0.127851     3.06849000e-04
0.127894     2.01124000e-04
0.127936     3.59811000e-04
0.127979     4.54659000e-04
0.128022     6.14575000e-04
0.128064     1.00203000e-03
0.128107     6.22611000e-04
0.128150     4.10950000e-04
0.128192     6.30328000e-04
0.128235     1.62440000e-04
0.128278     6.00680000e-04
0.128321     2.01531000e-04
0.128363     5.39267000e-04
0.128406     5.79203000e-04
0.128449     5.96077000e-04
0.128492     6.31124000e-04
0.128535     6.17167000e-04
0.128578     5.95291000e-04
0.128620     6.18492000e-04
0.128663     2.45642000e-04
0.128706     3.33447000e-04
0.128749     2.17742000e-04
0.128792     6.28207000e-04
0.128835     6.16545000e-04
0.128878     5.86304000e-04
0.128921     3.89938000e-04
0.128964     2.49719000e-04
0.129007     2.08217000e-04
0.129050     4.67587000e-04
0.129093     3.80282000e-04
0.129136     5.77250000e-04
0.129179     1.63162000e-04
0.129222     6.13334000e-04
0.129265     3.08423000e-04
0.129308     2.05058000e-04
0.129351     4.72268000e-04
0.129394     5.24301000e-04
0.129437     2.21382000e-04
0.129481     2.47326000e-04
0.129524     1.64120000e-04
0.129567     2.04676000e-04
0.129610     4.71455000e-04
0.129653     1.77246000e-04
0.129697     2.13301000e-04
0.129740     1.73377000e-04
0.129783     4.79606000e-04
0.129826     1.69600000e-04
0.129870     1.93164000e-04
0.129913     3.57979000e-04
0.129956     2.65815000e-04
0.129999     2.45224000e-04
0.130043     3.63484000e-04
0.130086     3.97526000e-04
0.130130     1.77306000e-04
0.130173     1.94099000e-04
0.130216     4.81058000e-04
0.130260     6.24965000e-04
0.130303     5.31508000e-04
0.130347     5.95443000e-04
0.130390     1.93326000e-04
0.130433     2.82626000e-04
0.130477     3.60035000e-04
0.130520     2.23951000e-04
0.130564     5.99598000e-04
0.130607     6.02241000e-04
0.130651     1.83843000e-04
0.130695     3.81952000e-04
0.130738     5.65930000e-04
0.130782     1.58313000e-04
0.130825     3.31368000e-04
0.130869     1.82977000e-04
0.130913     2.69959000e-04
0.130956     5.21167000e-04
0.131000     4.98652000e-04
0.131043     2.73859000e-04
0.131087     2.86811000e-04
0.131131     3.94002000e-04
0.131175     2.84866000e-04
0.131218     1.78856000e-04
0.131262     3.17898000e-04
0.131306     4.13133000e-04
0.131350     4.31055000e-04
0.131393     4.71879000e-04
0.131437     1.83552000e-04
0.131481     4.34066000e-04
0.131525     4.32574000e-04
0.131569     3.40987000e-04
0.131612     2.16559000e-04
0.131656     2.27661000e-04
0.131700     1.76057000e-04
0.131744     1.67168000e-04
0.131788     4.96691000e-04
0.131832     2.09762000e-04
0.131876     1.69785000e-04
0.131920     7.35288000e-04
0.131964     1.51962000e-04
0.132008     1.77013000e-04
0.132052     4.32423000e-04
0.132096     1.70373000e-04
0.132140     3.97400000e-04
0.132184     4.22940000e-04
0.132228     1.61563000e-04
0.132272     4.35769000e-04
0.132316     2.09421000e-04
0.132360     4.12082000e-04
0.132404     1.66379000e-04
0.132449     2.72583000e-04
0.132493     4.75781000e-04
0.132537     2.16772000e-04
0.132581     2.39858000e-04
0.132625     2.20239000e-04
0.132669     2.21730000e-04
0.132714     1.90211000e-04
0.132758     5.64178000e-04
0.132802     1.69639000e-04
0.132846     5.42077000e-04
0.132891     4.95555000e-04
0.132935     2.95334000e-04
0.132979     8.94619000e-04
0.133024     4.48764000e-04
0.133068     2.94389000e-04
0.133112     5.01551000e-04
0.133157     5.15801000e-04
0.133201     2.43064000e-04
0.133245     1.75005000e-04
0.133290     5.48588000e-04
0.133334     2.48573000e-04
0.133379     4.00407000e-04
0.133423     4.91301000e-04
0.133468     3.19084000e-04
0.133512     2.23005000e-04
0.133557     1.85531000e-04
0.133601     2.95613000e-04
0.133646     5.07345000e-04
0.133690     1.63440000e-04
0.133735     1.77354000e-04
0.133779     2.23985000e-04
0.133824     2.37433000e-04
0.133869     2.85027000e-04
0.133913     1.68814000e-04
0.133958     2.79197000e-04
0.134003     2.70068000e-04
0.134047     1.51874000e-04
0.134092     1.86362000e-04
0.134137     1.50970000e-04
0.134181     1.75011000e-04
0.134226     2.13972000e-04
0.134271     2.58169000e-04
0.134316     4.55444000e-04
0.134360     1.58445000e-04
0.134405     1.82653000e-04
0.134450     4.86264000e-04
0.134495     3.90413000e-04
0.134540     2.13409000e-04
0.134584     3.19940000e-04
0.134629     2.22920000e-04
0.134674     1.58913000e-04
0.134719     2.07884000e-04
0.134764     4.86960000e-04
0.134809     2.15736000e-04
0.134854     4.92954000e-04
0.134899     2.21621000e-04
0.134944     2.06030000e-04
0.134989     1.99291000e-04
0.135034     2.33149000e-04
0.135079     4.77718000e-04
0.135124     4.64242000e-04
0.135169     5.40629000e-04
0.135214     2.21178000e-04
0.135259     1.82163000e-04
0.135304     4.82034000e-04
0.135349     2.99090000e-04
0.135394     4.57447000e-04
0.135439     1.60936000e-04
0.135484     5.00220000e-04
0.135530     4.45792000e-04
0.135575     1.92656000e-04
0.135620     2.57665000e-04
0.135665     2.40463000e-04
0.135710     1.45717000e-04
0.135756     2.14688000e-04
0.135801     1.96933000e-04
0.135846     4.75487000e-04
0.135891     4.90788000e-04
0.135937     4.41095000e-04
0.135982     1.87054000e-04
0.136027     2.36269000e-04
0.136073     3.63801000e-04
0.136118     1.52474000e-04
0.136163     3.51392000e-04
0.136209     4.57441000e-04
0.136254     3.03698000e-04
0.136300     4.15718000e-04
0.136345     2.35632000e-04
0.136391     2.49662000e-04
0.136436     1.53178000e-04
0.136481     2.53918000e-04
0.136527     3.06873000e-04
0.136572     1.42836000e-04
0.136618     1.99218000e-04
0.136664     1.63123000e-04
0.136709     1.62398000e-04
0.136755     1.54824000e-04
0.136800     1.66785000e-04
0.136846     3.50931000e-04
0.136891     1.89171000e-04
0.136937     2.50569000e-04
0.136983     1.50201000e-04
0.137028     2.75093000e-04
0.137074     1.95756000e-04
0.137120     9.20834000e-04
0.137165     1.41644000e-04
0.137211     1.80419000e-04
0.137257     1.91967000e-04
0.137303     2.52102000e-04
0.137348     1.78357000e-04
0.137394     1.61275000e-04
0.137440     2.41834000e-04
0.137486     1.55220000e-04
0.137532     1.37678000e-04
0.137578     3.85945000e-04
0.137623     5.16050000e-04
0.137669     1.63308000e-04
0.137715     3.44952000e-04
0.137761     1.39895000e-04
0.137807     2.77467000e-04
0.137853     5.22636000e-04
0.137899     3.25548000e-04
0.137945     1.52441000e-04
0.137991     1.43688000e-04
0.138037     6.07052000e-04
0.138083     5.91630000e-04
0.138129     1.65000000e-04
0.138175     1.66652000e-04
0.138221     4.43295000e-04
0.138267     3.78945000e-04
0.138313     1.57528000e-04
0.138359     2.89499000e-04
0.138405     4.46894000e-04
0.138451     1.34559000e-04
0.138498     5.57109000e-04
0.138544     2.11264000e-04
0.138590     1.44832000e-04
0.138636     1.80525000e-04
0.138682     1.44453000e-04
0.138729     5.53795000e-04
0.138775     2.77557000e-04
0.138821     3.41360000e-04
0.138867     5.91204000e-04
0.138914     5.79600000e-04
0.138960     1.56583000e-04
0.139006     1.40005000e-04
0.139053     3.39740000e-04
0.139099     1.78274000e-04
0.139145     2.36549000e-04
0.139192     2.20047000e-04
0.139238     3.62889000e-04
0.139285     3.56360000e-04
0.139331     5.98406000e-04
0.139377     2.32052000e-04
0.139424     5.84080000e-04
0.139470     1.79697000e-04
0.139517     4.12365000e-04
0.139563     4.74263000e-04
0.139610     5.78123000e-04
0.139656     5.90019000e-04
0.139703     4.91213000e-04
0.139750     2.41586000e-04
0.139796     1.82900000e-04
0.139843     3.47323000e-04
0.139889     1.74948000e-04
0.139936     5.54194000e-04
0.139983     5.93531000e-04
0.140029     2.09220000e-04
0.140076     3.63081000e-04
0.140123     2.57301000e-04
0.140169     5.79456000e-04
0.140216     4.35062000e-04
0.140263     1.66602000e-04
0.140310     1.04795000e-03
0.140356     5.49549000e-04
0.140403     4.37329000e-04
0.140450     4.08065000e-04
0.140497     5.79291000e-04
0.140544     5.78153000e-04
0.140590     4.91612000e-04
0.140637     1.88765000e-04
0.140684     4.35950000e-04
0.140731     3.41736000e-04
0.140778     5.67182000e-04
0.140825     4.54068000e-04
0.140872     3.72206000e-04
0.140919     1.53082000e-04
0.140966     1.75802000e-04
0.141013     2.81397000e-04
0.141060     2.80935000e-04
0.141107     3.91692000e-04
0.141154     3.75178000e-04
0.141201     5.77301000e-04
0.141248     2.90964000e-04
0.141295     4.28134000e-04
0.141342     2.24614000e-04
0.141389     2.16712000e-04
0.141436     5.25412000e-04
0.141483     3.01827000e-04
0.141531     3.58759000e-04
0.141578     1.42041000e-04
0.141625     2.13979000e-04
0.141672     3.18055000e-04
0.141719     3.89146000e-04
0.141767     2.78713000e-04
0.141814     4.93153000e-04
0.141861     1.36473000e-04
0.141909     1.62634000e-04
0.141956     2.62371000e-04
0.142003     6.00038000e-04
0.142050     4.32458000e-04
0.142098     6.00464000e-04
0.142145     2.02768000e-04
0.142193     2.64960000e-04
0.142240     1.37882000e-04
0.142287     3.07168000e-04
0.142335     4.91858000e-04
0.142382     5.99974000e-04
0.142430     5.96809000e-04
0.142477     3.00286000e-04
0.142525     2.21622000e-04
0.142572     1.41024000e-04
0.142620     6.05581000e-04
0.142667     4.08185000e-04
0.142715     9.22107000e-04
0.142762     1.51798000e-04
0.142810     1.31410000e-04
0.142858     5.79088000e-04
0.142905     2.64731000e-04
0.142953     5.49626000e-04
0.143000     2.61736000e-04
0.143048     3.06707000e-04
0.143096     5.48472000e-04
0.143144     2.49784000e-04
0.143191     5.29699000e-04
0.143239     4.00990000e-04
0.143287     2.40584000e-04
0.143334     2.61715000e-04
0.143382     3.57997000e-04
0.143430     1.54394000e-04
0.143478     4.24701000e-04
0.143526     1.47816000e-04
0.143574     3.41208000e-04
0.143621     4.82705000e-04
0.143669     4.52292000e-04
0.143717     1.46132000e-04
0.143765     5.45947000e-04
0.143813     8.58704000e-04
0.143861     4.54366000e-04
0.143909     1.45444000e-04
0.143957     1.88017000e-04
0.144005     3.51343000e-04
0.144053     1.56564000e-04
0.144101     5.73041000e-04
0.144149     5.91266000e-04
0.144197     5.40985000e-04
0.144245     1.90696000e-04
0.144293     2.70369000e-04
0.144341     1.32892000e-04
0.144389     5.51468000e-04
0.144437     1.69627000e-04
0.144486     3.70731000e-04
0.144534     1.54058000e-04
0.144582     2.37624000e-04
0.144630     5.84294000e-04
0.144678     5.67699000e-04
0.144727     8.97478000e-04
0.144775     2.23571000e-04
0.144823     3.70780000e-04
0.144871     3.16517000e-04
0.144920     4.02503000e-04
0.144968     4.61219000e-04
0.145016     4.44287000e-04
0.145065     3.68677000e-04
0.145113     3.31265000e-04
0.145161     3.04076000e-04
0.145210     1.69111000e-04
0.145258     2.38847000e-04
0.145306     2.69200000e-04
0.145355     3.62807000e-04
0.145403     5.10048000e-04
0.145452     2.41710000e-04
0.145500     5.70261000e-04
0.145549     3.57612000e-04
0.145597     1.31280000e-04
0.145646     5.89380000e-04
0.145694     5.04178000e-04
0.145743     5.19139000e-04
0.145792     5.83019000e-04
0.145840     1.85846000e-04
0.145889     4.73716000e-04
0.145937     3.54259000e-04
0.145986     5.78761000e-04
0.146035     1.76625000e-04
0.146083     1.78645000e-04
0.146132     5.39643000e-04
0.146181     4.99343000e-04
0.146230     5.41320000e-04
0.146278     1.64953000e-04
0.146327     4.58526000e-04
0.146376     5.83797000e-04
0.146425     2.43579000e-04
0.146473     4.27839000e-04
0.146522     1.49064000e-04
0.146571     2.23922000e-04
0.146620     4.54167000e-04
0.146669     4.07721000e-04
0.146718     5.49884000e-04
0.146767     4.62455000e-04
0.146816     2.21001000e-04
0.146864     2.30320000e-04
0.146913     1.62194000e-04
0.146962     1.39714000e-04
0.147011     3.14920000e-04
0.147060     1.29814000e-04
0.147109     1.39374000e-04
0.147158     1.28352000e-04
0.147207     3.50763000e-04
0.147257     3.25494000e-04
0.147306     2.24833000e-04
0.147355     5.75101000e-04
0.147404     3.99910000e-04
0.147453     1.55273000e-04
0.147502     1.39080000e-04
0.147551     5.61366000e-04
0.147600     2.10945000e-04
0.147650     2.57720000e-04
0.147699     1.62581000e-04
0.147748     1.43023000e-04
0.147797     1.29733000e-04
0.147847     3.86597000e-04
0.147896     5.14826000e-04
0.147945     1.56261000e-04
0.147995     1.32928000e-04
0.148044     5.74907000e-04
0.148093     1.99616000e-04
0.148143     2.49719000e-04
0.148192     2.10096000e-04
0.148241     4.94806000e-04
0.148291     5.62045000e-04
0.148340     1.40867000e-04
0.148390     2.91805000e-04
0.148439     2.72538000e-04
0.148489     2.89222000e-04
0.148538     1.35572000e-04
0.148588     1.65737000e-04
0.148637     5.36584000e-04
0.148687     1.35136000e-04
0.148736     1.54564000e-04
0.148786     5.56583000e-04
0.148835     1.56086000e-04
0.148885     5.45147000e-04
0.148935     4.34437000e-04
0.148984     3.20336000e-04
0.149034     4.85665000e-04
0.149084     2.38676000e-04
0.149133     5.74026000e-04
0.149183     2.98234000e-04
0.149233     2.42621000e-04
0.149283     1.51931000e-04
0.149332     5.38407000e-04
0.149382     4.29036000e-04
0.149432     3.79992000e-04
0.149482     3.07943000e-04
0.149532     4.64611000e-04
0.149581     1.60196000e-04
0.149631     2.76285000e-04
0.149681     5.61431000e-04
0.149731     5.75667000e-04
0.149781     1.86414000e-04
0.149831     1.23988000e-04
0.149881     2.38496000e-04
0.149931     1.36022000e-04
0.149981     1.26921000e-04
0.150031     4.82278000e-04
0.150081     1.33283000e-04
0.150131     1.97857000e-04
0.150181     5.49442000e-04
0.150231     1.79811000e-04
0.150281     5.71709000e-04
0.150331     2.75449000e-04
0.150381     5.62811000e-04
0.150431     5.04336000e-04
0.150481     5.59818000e-04
0.150532     5.77899000e-04
0.150582     1.49520000e-04
0.150632     5.50056000e-04
0.150682     4.79039000e-04
0.150732     5.58907000e-04
0.150783     1.69841000e-04
0.150833     5.22565000e-04
0.150883     3.64924000e-04
0.150933     5.68493000e-04
0.150984     5.59390000e-04
0.151034     5.25349000e-04
0.151084     2.82676000e-04
0.151135     5.66214000e-04
0.151185     4.24059000e-04
0.151236     5.29150000e-04
0.151286     5.67569000e-04
0.151336     1.98003000e-04
0.151387     3.48626000e-04
0.151437     3.47893000e-04
0.151488     4.79547000e-04
0.151538     1.71583000e-04
0.151589     2.66439000e-04
0.151639     5.57839000e-04
0.151690     1.21043000e-04
0.151740     5.66842000e-04
0.151791     3.58372000e-04
0.151842     3.58027000e-04
0.151892     2.22670000e-04
0.151943     4.47748000e-04
0.151993     4.53473000e-04
0.152044     5.62232000e-04
0.152095     4.68080000e-04
0.152146     5.30069000e-04
0.152196     2.08356000e-04
0.152247     1.81335000e-04
0.152298     1.28614000e-04
0.152348     3.80381000e-04
0.152399     4.76239000e-04
0.152450     5.10082000e-04
0.152501     2.79186000e-04
0.152552     1.08709000e-04
0.152603     5.23084000e-04
0.152653     9.47803000e-04
0.152704     4.33073000e-04
0.152755     3.64863000e-04
0.152806     2.24327000e-04
0.152857     5.62859000e-04
0.152908     5.57192000e-04
0.152959     5.30995000e-04
0.153010     5.65927000e-04
0.153061     5.11528000e-04
0.153112     1.84885000e-04
0.153163     5.56744000e-04
0.153214     2.31744000e-04
0.153265     3.34923000e-04
0.153316     4.25735000e-04
0.153367     4.60464000e-04
0.153419     8.45895000e-05
0.153470     8.11714000e-05
0.153521     2.64351000e-04
0.153572     1.07822000e-04
0.153623     2.47500000e-04
0.153674     8.22347000e-05
0.153726     4.02268000e-04
0.153777     3.92544000e-04
0.153828     7.84477000e-05
0.153879     3.53002000e-04
0.153931     8.67480000e-05
0.153982     7.08195000e-05
0.154033     2.28355000e-04
0.154085     1.13904000e-04
0.154136     4.14055000e-04
0.154187     6.78387000e-05
0.154239     1.21252000e-04
0.154290     4.34680000e-04
0.154342     4.10494000e-04
0.154393     2.82897000e-04
0.154445     9.70558000e-05
0.154496     9.45209000e-05
0.154548     1.91754000e-04
0.154599     3.43991000e-04
0.154651     4.74848000e-04
0.154702     1.68336000e-04
0.154754     3.75992000e-04
0.154805     1.13784000e-04
0.154857     4.01770000e-04
0.154908     1.91177000e-04
0.154960     1.25009000e-04
0.155012     4.16342000e-04
0.155063     1.11458000e-04
0.155115     1.05561000e-04
0.155167     3.33996000e-04
0.155219     1.69935000e-04
0.155270     5.27388000e-04
0.155322     9.23586000e-05
0.155374     7.38147000e-05
0.155426     5.47901000e-04
0.155477     2.38773000e-04
0.155529     1.63164000e-04
0.155581     9.32779000e-05
0.155633     5.26272000e-04
0.155685     6.31766000e-05
0.155737     5.17480000e-04
0.155789     6.95774000e-05
0.155841     1.67512000e-04
0.155893     1.70005000e-04
0.155944     3.56152000e-04
0.155996     3.23114000e-04
0.156048     4.95153000e-04
0.156100     4.30829000e-04
0.156153     8.54240000e-04
0.156205     2.97072000e-04
0.156257     4.14923000e-04
0.156309     5.29807000e-04
0.156361     1.42200000e-04
0.156413     4.29254000e-04
0.156465     5.23705000e-04
0.156517     3.50704000e-04
0.156569     1.41621000e-04
0.156622     7.77995000e-05
0.156674     1.23094000e-04
0.156726     6.78129000e-05
0.156778     5.22849000e-04
0.156831     8.17761000e-05
0.156883     2.01081000e-04
0.156935     6.13688000e-05
0.156987     1.64268000e-04
0.157040     1.63497000e-04
0.157092     7.88248000e-05
0.157144     1.21321000e-04
0.157197     1.10460000e-04
0.157249     4.71268000e-04
0.157302     2.35142000e-04
0.157354     3.52092000e-04
0.157407     3.44570000e-04
0.157459     1.03791000e-04
0.157511     2.60060000e-04
0.157564     7.16266000e-05
0.157617     1.02931000e-04
0.157669     3.59694000e-04
0.157722     2.96061000e-04
0.157774     8.99134000e-05
0.157827     1.29267000e-04
0.157879     4.75328000e-04
0.157932     4.30272000e-04
0.157985     7.96982000e-05
0.158037     4.55344000e-04
0.158090     6.86643000e-05
0.158143     2.88115000e-04
0.158195     8.43911000e-05
0.158248     6.99753000e-05
0.158301     4.26033000e-04
0.158354     4.80803000e-04
0.158406     5.32471000e-04
0.158459     3.35731000e-04
0.158512     1.47969000e-04
0.158565     1.35117000e-04
0.158618     1.98734000e-04
0.158671     3.13394000e-04
0.158724     7.44522000e-05
0.158776     9.58440000e-05
0.158829     3.11816000e-04
0.158882     4.99405000e-04
0.158935     6.56582000e-05
0.158988     3.95576000e-04
0.159041     8.12096000e-05
0.159094     6.15567000e-05
0.159147     5.31140000e-04
0.159200     7.91494000e-05
0.159253     8.82453000e-05
0.159306     6.41985000e-05
0.159360     3.18398000e-04
0.159413     3.70405000e-04
0.159466     1.09080000e-04
0.159519     4.59129000e-04
0.159572     5.72941000e-05
0.159625     7.84300000e-05
0.159679     9.45610000e-05
0.159732     2.22721000e-04
0.159785     7.77067000e-05
0.159838     5.99794000e-05
0.159892     9.60019000e-05
0.159945     4.91616000e-04
0.159998     4.16292000e-04
0.160052     4.03629000e-04
0.160105     1.79669000e-04
0.160158     6.13530000e-05
0.160212     3.23364000e-04
0.160265     7.73982000e-05
0.160318     1.13118000e-04
0.160372     4.19836000e-04
0.160425     7.23613000e-05
0.160479     1.19659000e-04
0.160532     3.17582000e-04
0.160586     7.52397000e-05
0.160639     2.12667000e-04
0.160693     2.76286000e-04
0.160746     1.23651000e-04
0.160800     7.59647000e-05
0.160854     5.93929000e-04
0.160907     1.87483000e-04
0.160961     7.89595000e-05
0.161015     8.19771000e-05
0.161068     6.12555000e-05
0.161122     7.54468000e-05
0.161176     8.10015000e-05
0.161229     3.99302000e-04
0.161283     2.69205000e-04
0.161337     4.08936000e-04
0.161391     1.29220000e-04
0.161444     4.17092000e-04
0.161498     3.42448000e-04
0.161552     1.71305000e-04
0.161606     3.55877000e-04
0.161660     1.22074000e-04
0.161714     6.96170000e-05
0.161768     1.98472000e-04
0.161822     1.30807000e-04
0.161875     7.90359000e-05
0.161929     3.05705000e-04
0.161983     1.01951000e-04
0.162037     1.66434000e-04
0.162091     1.13535000e-04
0.162145     1.49390000e-04
0.162199     1.66523000e-04
0.162254     1.04219000e-04
0.162308     2.96570000e-04
0.162362     7.66179000e-05
0.162416     4.82508000e-04
0.162470     8.63009000e-05
0.162524     1.22775000e-04
0.162578     1.21954000e-04
0.162633     4.07996000e-04
0.162687     9.74470000e-05
0.162741     2.67872000e-04
0.162795     7.42027000e-05
0.162849     4.55967000e-04
0.162904     1.49152000e-04
0.162958     2.31342000e-04
0.163012     9.17527000e-05
0.163067     3.28156000e-04
0.163121     9.21533000e-05
0.163175     1.42745000e-04
0.163230     3.70103000e-04
0.163284     7.97164000e-05
0.163339     2.59014000e-04
0.163393     2.14419000e-04
0.163448     8.64128000e-05
0.163502     1.29897000e-04
0.163557     1.11537000e-04
0.163611     7.48474000e-05
0.163666     7.06128000e-05
0.163720     8.89194000e-05
0.163775     1.08880000e-04
0.163829     5.69720000e-05
0.163884     6.11054000e-05
0.163939     4.10133000e-04
0.163993     1.24483000e-04
0.164048     6.73624000e-05
0.164103     3.19259000e-04
0.164157     1.02184000e-04
0.164212     3.60016000e-04
0.164267     4.42299000e-04
0.164321     6.63756000e-05
0.164376     3.69851000e-04
0.164431     6.16919000e-05
0.164486     5.80304000e-05
0.164541     4.48108000e-04
0.164596     2.00663000e-04
0.164650     4.03748000e-04
0.164705     2.25031000e-04
0.164760     1.44908000e-04
0.164815     3.81264000e-04
0.164870     3.51322000e-04
0.164925     1.79358000e-04
0.164980     1.26512000e-04
0.165035     3.75370000e-04
0.165090     6.43229000e-05
0.165145     3.89622000e-04
0.165200     4.87893000e-04
0.165255     4.49160000e-04
0.165310     1.94491000e-04
0.165365     3.74866000e-04
0.165420     1.29918000e-04
0.165476     7.63650000e-05
0.165531     1.30066000e-04
0.165586     1.45582000e-04
0.165641     3.22310000e-04
0.165696     4.11563000e-04
0.165752     3.33490000e-04
0.165807     4.41178000e-04
0.165862     2.52332000e-04
0.165917     7.81201000e-05
0.165973     9.55059000e-05
0.166028     7.36349000e-05
0.166083     3.05358000e-04
0.166139     6.28049000e-05
0.166194     7.42493000e-05
0.166249     1.87660000e-04
0.166305     9.18666000e-05
0.166360     6.30587000e-05
0.166416     4.41748000e-04
0.166471     3.15377000e-04
0.166527     5.23889000e-05
0.166582     3.39187000e-04
0.166638     3.95811000e-04
0.166693     6.42056000e-05
0.166749     6.08068000e-05
0.166804     4.79692000e-04
0.166860     4.65032000e-04
0.166916     3.52162000e-04
0.166971     3.50453000e-04
0.167027     8.36049000e-05
0.167083     1.24901000e-03
0.167138     2.90884000e-04
0.167194     4.01952000e-04
0.167250     1.29004000e-04
0.167306     2.32031000e-04
0.167361     3.59205000e-04
0.167417     1.44472000e-04
0.167473     6.19984000e-04
0.167529     1.07906000e-04
0.167585     1.21118000e-04
0.167640     6.02198000e-05
0.167696     6.63260000e-05
0.167752     5.65949000e-05
0.167808     3.37530000e-04
0.167864     1.32381000e-04
0.167920     1.15519000e-04
0.167976     7.31081000e-05
0.168032     1.52924000e-04
0.168088     6.52019000e-05
0.168144     9.51843000e-05
0.168200     1.05219000e-04
0.168256     3.51109000e-04
0.168312     2.77047000e-04
0.168368     1.17898000e-04
0.168424     2.87967000e-04
0.168481     1.62648000e-04
0.168537     5.80062000e-05
0.168593     7.12354000e-05
0.168649     9.55305000e-05
0.168705     2.25222000e-04
0.168762     1.29584000e-04
0.168818     1.25399000e-04
0.168874     2.63571000e-04
0.168930     3.28893000e-04
0.168987     5.48832000e-05
0.169043     4.43088000e-04
0.169099     2.54217000e-04
0.169156     2.08139000e-04
0.169212     4.49859000e-05
0.169269     2.51963000e-04
0.169325     6.65620000e-05
0.169381     1.51868000e-04
0.169438     5.95511000e-05
0.169494     4.34592000e-05
0.169551     3.46758000e-04
0.169607     1.38624000e-04
0.169664     5.43154000e-05
0.169720     1.39501000e-04
0.169777     4.56064000e-04
0.169834     3.27781000e-04
0.169890     4.72362000e-04
0.169947     4.58204000e-04
0.170004     3.35075000e-04
0.170060     4.12556000e-04
0.170117     3.76279000e-05
0.170174     2.80146000e-04
0.170230     5.43044000e-05
0.170287     4.61766000e-05
0.170344     5.43398000e-05
0.170401     1.41687000e-04
0.170457     1.91557000e-04
0.170514     2.77417000e-04
0.170571     3.01682000e-04
0.170628     2.41148000e-04
0.170685     1.84828000e-04
0.170742     6.15503000e-05
0.170799     1.63022000e-04
0.170856     1.66650000e-04
0.170912     3.47178000e-04
0.170969     2.42158000e-04
0.171026     8.07463000e-05
0.171083     4.47339000e-05
0.171140     1.32070000e-04
0.171198     3.37315000e-04
0.171255     2.36683000e-04
0.171312     9.61740000e-05
0.171369     3.35750000e-05
0.171426     2.59455000e-05
0.171483     5.07245000e-05
0.171540     1.03921000e-04
0.171597     2.40731000e-05
0.171655     5.38638000e-05
0.171712     1.42445000e-04
0.171769     4.62675000e-05
0.171826     2.03106000e-04
0.171884     3.85178000e-04
0.171941     3.44171000e-04
0.171998     2.36211000e-04
0.172055     6.84150000e-05
0.172113     3.77075000e-04
0.172170     2.95689000e-04
0.172228     3.99402000e-05
0.172285     2.41403000e-04
0.172342     8.31849000e-05
0.172400     1.24226000e-04
0.172457     1.81942000e-04
0.172515     4.01331000e-04
0.172572     3.00128000e-05
0.172630     1.10124000e-04
0.172687     3.21390000e-04
0.172745     4.17850000e-04
0.172803     1.91622000e-04
0.172860     2.46652000e-04
0.172918     2.73660000e-04
0.172975     2.34326000e-05
0.173033     3.26972000e-05
0.173091     5.21781000e-05
0.173148     2.39106000e-04
0.173206     3.52107000e-04
0.173264     6.88234000e-05
0.173322     5.73468000e-05
0.173379     2.58293000e-05
0.173437     2.42365000e-04
0.173495     3.64397000e-04
0.173553     1.91007000e-04
0.173611     3.03498000e-05
0.173669     3.63520000e-04
0.173726     3.54292000e-05
0.173784     3.07960000e-05
0.173842     2.59912000e-04
0.173900     3.10559000e-04
0.173958     5.34469000e-05
0.174016     2.07184000e-04
0.174074     7.96880000e-05
0.174132     4.18468000e-05
0.174190     4.40621000e-04
0.174248     4.08514000e-05
0.174306     2.77055000e-05
0.174365     6.54887000e-05
0.174423     9.90030000e-05
0.174481     3.52248000e-04
0.174539     6.61652000e-05
0.174597     3.18641000e-05
0.174655     1.14097000e-04
0.174714     3.73079000e-05
0.174772     4.18779000e-05
0.174830     2.31471000e-04
0.174888     6.03595000e-05
0.174947     1.05361000e-04
0.175005     3.26037000e-05
0.175063     3.64866000e-05
0.175122     2.52658000e-04
0.175180     4.92771000e-05
0.175238     3.39406000e-04
0.175297     3.68133000e-04
0.175355     3.31229000e-05
0.175414     3.53579000e-04
0.175472     4.35660000e-04
0.175531     4.56677000e-04
0.175589     4.71422000e-05
0.175648     2.89363000e-05
0.175706     3.62333000e-05
0.175765     3.96475000e-04
0.175823     2.49469000e-05
0.175882     2.87680000e-04
0.175941     4.59843000e-05
0.175999     4.34061000e-04
0.176058     1.90390000e-04
0.176117     2.65602000e-04
0.176175     2.20579000e-04
0.176234     2.97896000e-05
0.176293     2.28515000e-05
0.176352     1.75716000e-04
0.176410     1.32239000e-04
0.176469     4.28494000e-04
0.176528     1.54247000e-04
0.176587     3.92362000e-04
0.176646     1.20833000e-04
0.176705     3.36377000e-04
0.176763     2.30603000e-05
0.176822     3.13399000e-05
0.176881     8.65659000e-05
0.176940     3.89679000e-05
0.176999     2.28908000e-04
0.177058     1.04011000e-04
0.177117     7.21406000e-05
0.177176     3.06985000e-04
0.177235     4.10104000e-04
0.177294     3.88316000e-04
0.177354     9.57506000e-05
0.177413     2.59208000e-04
0.177472     3.86133000e-04
0.177531     3.85457000e-04
0.177590     4.16648000e-04
0.177649     2.38281000e-05
0.177709     5.99501000e-05
0.177768     4.49964000e-04
0.177827     4.50764000e-04
0.177886     4.11400000e-04
0.177946     3.48914000e-05
0.178005     3.79868000e-04
0.178064     4.56543000e-04
0.178124     4.18942000e-04
0.178183     2.87405000e-05
0.178242     4.41301000e-04
0.178302     4.57963000e-04
0.178361     9.00059000e-05
0.178421     4.43003000e-05
0.178480     3.05388000e-05
0.178540     2.60973000e-04
0.178599     1.90646000e-04
0.178659     1.80372000e-04
0.178718     3.73260000e-04
0.178778     2.50968000e-04
0.178837     3.93415000e-04
0.178897     9.64359000e-05
0.178957     5.75359000e-05
0.179016     4.41152000e-04
0.179076     4.19155000e-04
0.179136     4.20396000e-04
0.179195     3.22046000e-04
0.179255     4.32693000e-04
0.179315     4.53498000e-04
0.179375     4.52506000e-04
0.179434     4.51059000e-04
0.179494     4.26471000e-04
0.179554     3.90277000e-04
0.179614     3.53777000e-05
0.179674     3.87436000e-04
0.179734     5.25843000e-05
0.179794     4.86742000e-05
0.179854     4.17265000e-04
0.179914     1.76495000e-04
0.179973     2.88221000e-04
0.180033     2.18351000e-04
0.180093     3.94779000e-04
0.180154     6.04655000e-05
0.180214     1.32659000e-05
0.180274     2.68377000e-04
0.180334     2.29599000e-04
0.180394     9.78347000e-05
0.180454     2.53728000e-04
0.180514     4.71822000e-05
0.180574     5.93210000e-05
0.180634     4.26933000e-04
0.180695     4.03805000e-04
0.180755     1.15165000e-04
0.180815     4.18404000e-04
0.180875     2.60885000e-05
0.180936     2.15254000e-04
0.180996     1.67324000e-05
0.181056     7.70088000e-05
0.181117     3.42533000e-04
0.181177     1.35059000e-04
0.181238     3.90271000e-04
0.181298     3.96709000e-05
0.181358     4.20749000e-05
0.181419     1.70145000e-04
0.181479     3.63010000e-04
0.181540     1.58702000e-05
0.181600     4.13683000e-04
0.181661     3.47628000e-04
0.181721     2.66093000e-04
0.181782     1.53427000e-04
0.181843     4.21359000e-04
0.181903     3.15223000e-04
0.181964     2.51765000e-05
0.182024     3.96323000e-04
0.182085     3.91444000e-04
0.182146     5.75869000e-05
0.182207     4.10285000e-04
0.182267     2.66928000e-04
0.182328     4.08714000e-04
0.182389     3.80896000e-04
0.182450     2.46807000e-04
0.182510     2.00119000e-05
0.182571     4.01545000e-04
0.182632     5.31451000e-05
0.182693     1.32517000e-04
0.182754     2.79661000e-04
0.182815     1.74465000e-04
0.182876     1.95483000e-05
0.182937     3.89448000e-04
0.182998     3.95162000e-05
0.183059     2.41466000e-05
0.183120     4.05882000e-04
0.183181     1.89137000e-05
0.183242     4.04374000e-04
0.183303     2.87608000e-05
0.183364     1.60916000e-04
0.183425     2.05531000e-05
0.183486     3.36991000e-04
0.183547     4.12184000e-04
0.183609     3.80785000e-04
0.183670     5.26547000e-05
0.183731     2.84332000e-05
0.183792     3.68747000e-05
0.183854     3.88320000e-04
0.183915     3.05647000e-04
0.183976     2.42476000e-04
0.184037     2.88265000e-04
0.184099     2.74753000e-05
0.184160     2.50705000e-04
0.184222     1.30119000e-04
0.184283     3.42837000e-04
0.184344     6.81594000e-05
0.184406     5.58770000e-05
0.184467     1.03652000e-04
0.184529     3.75936000e-05
0.184590     5.58060000e-05
0.184652     3.64662000e-04
0.184713     3.82397000e-05
0.184775     6.80638000e-05
0.184837     5.43818000e-05
0.184898     3.14811000e-05
0.184960     3.22457000e-04
0.185021     1.80015000e-04
0.185083     1.83274000e-04
0.185145     5.47125000e-05
0.185207     3.62825000e-05
0.185268     1.90051000e-04
0.185330     2.34991000e-05
0.185392     2.11389000e-05
0.185454     3.00277000e-05
0.185515     1.33627000e-04
0.185577     4.11609000e-05
0.185639     7.24832000e-05
0.185701     2.57639000e-04
0.185763     5.01039000e-05
0.185825     2.49554000e-05
0.185887     3.13087000e-05
0.185949     2.81732000e-04
0.186011     2.94275000e-04
0.186073     2.18303000e-05
0.186135     1.85572000e-04
0.186197     8.98024000e-05
0.186259     6.13234000e-05
0.186321     1.99723000e-04
0.186383     1.86077000e-05
0.186445     3.42905000e-05
0.186507     2.20613000e-05
0.186569     7.84948000e-05
0.186632     6.89303000e-05
0.186694     3.07266000e-05
0.186756     3.76645000e-05
0.186818     1.14571000e-04
0.186881     2.48368000e-05
0.186943     1.53813000e-04
0.187005     2.94493000e-05
0.187068     2.24803000e-05
0.187130     2.22099000e-04
0.187192     2.89574000e-05
0.187255     3.51174000e-05
0.187317     2.73623000e-05
0.187380     5.16102000e-05
0.187442     1.84206000e-04
0.187504     3.32401000e-05
0.187567     2.17196000e-04
0.187630     5.60930000e-05
0.187692     6.19985000e-05
0.187755     2.76570000e-04
0.187817     1.04853000e-04
0.187880     2.53168000e-05
0.187942     6.66657000e-05
0.188005     2.90621000e-05
0.188068     2.36604000e-05
0.188130     4.63180000e-05
0.188193     3.10331000e-04
0.188256     3.09933000e-04
0.188319     1.20912000e-04
0.188381     2.64704000e-05
0.188444     1.08868000e-04
0.188507     2.27801000e-04
0.188570     2.47128000e-05
0.188633     9.68928000e-05
0.188696     9.79538000e-05
0.188758     4.79324000e-05
0.188821     5.53237000e-05
0.188884     1.86524000e-04
0.188947     2.45404000e-04
0.189010     3.26779000e-04
0.189073     3.46220000e-04
0.189136     3.18817000e-04
0.189199     3.26818000e-04
0.189262     2.94385000e-04
0.189326     3.64992000e-04
0.189389     7.41634000e-05
0.189452     1.45786000e-05
0.189515     3.18255000e-05
0.189578     6.72076000e-05
0.189641     3.97591000e-04
0.189704     1.05332000e-04
0.189768     2.28746000e-04
0.189831     2.13015000e-04
0.189894     3.33493000e-04
0.189958     3.59914000e-04
0.190021     3.67805000e-04
0.190084     3.94669000e-04
0.190148     3.96238000e-04
0.190211     2.89785000e-05
0.190274     1.58959000e-04
0.190338     2.98168000e-05
0.190401     2.84317000e-04
0.190465     4.02725000e-05
0.190528     4.38346000e-05
0.190592     8.26486000e-05
0.190655     3.80463000e-04
0.190719     4.06196000e-05
0.190782     2.48597000e-04
0.190846     2.50771000e-05
0.190910     3.50294000e-04
0.190973     3.90000000e-05
0.191037     5.39965000e-05
0.191101     3.24897000e-04
0.191164     3.23043000e-04
0.191228     2.82109000e-05
0.191292     3.04037000e-04
0.191355     3.73681000e-04
0.191419     2.25530000e-05
0.191483     3.03460000e-04
0.191547     2.99252000e-04
0.191611     3.62793000e-04
0.191675     2.41442000e-05
0.191738     3.82410000e-05
0.191802     2.06544000e-04
0.191866     5.44854000e-05
0.191930     3.81064000e-04
0.191994     3.83660000e-04
0.192058     2.14207000e-04
0.192122     3.47024000e-04
0.192186     1.83882000e-05
0.192250     2.79219000e-04
0.192314     3.69887000e-04
0.192379     2.42098000e-05
0.192443     3.27495000e-04
0.192507     3.65922000e-04
0.192571     3.56093000e-04
0.192635     8.62519000e-05
0.192699     2.81898000e-05
0.192764     4.63595000e-05
0.192828     3.61309000e-04
0.192892     3.62289000e-04
0.192956     2.22528000e-04
0.193021     1.19966000e-04
0.193085     3.07252000e-04
0.193149     2.91273000e-04
0.193214     1.33518000e-04
0.193278     2.61749000e-04
0.193343     4.89114000e-05
0.193407     6.57327000e-05
0.193472     2.57955000e-05
0.193536     1.42107000e-04
0.193601     2.50465000e-05
0.193665     1.54240000e-04
0.193730     3.80035000e-05
0.193794     2.25840000e-04
0.193859     1.25805000e-04
0.193924     2.80388000e-04
0.193988     2.11118000e-04
0.194053     3.17779000e-05
0.194117     1.26283000e-04
0.194182     2.52227000e-04
0.194247     1.23968000e-04
0.194312     3.03629000e-04
0.194376     2.53111000e-04
0.194441     2.89872000e-04
0.194506     7.88191000e-05
0.194571     5.73163000e-05
0.194636     1.17983000e-04
0.194701     3.66470000e-05
0.194766     1.82749000e-04
0.194830     1.29451000e-04
0.194895     2.44806000e-05
0.194960     3.66845000e-05
0.195025     3.81201000e-05
0.195090     1.21303000e-04
0.195155     3.37680000e-05
0.195220     2.53122000e-05
0.195286     2.44825000e-05
0.195351     3.39221000e-05
0.195416     2.75187000e-04
0.195481     2.65121000e-04
0.195546     1.37116000e-04
0.195611     2.56069000e-05
0.195676     2.77931000e-05
0.195742     1.78163000e-04
0.195807     9.93780000e-05
0.195872     3.06014000e-05
0.195937     1.81443000e-05
0.196003     2.79126000e-05
0.196068     9.52567000e-05
0.196133     4.11292000e-05
0.196199     2.53186000e-05
0.196264     1.38245000e-04
0.196330     1.22880000e-04
0.196395     3.06529000e-05
0.196461     2.51357000e-04
0.196526     3.62114000e-05
0.196592     2.59374000e-04
0.196657     3.06581000e-05
0.196723     2.92816000e-04
0.196788     3.42428000e-04
0.196854     2.84384000e-04
0.196919     2.67073000e-05
0.196985     3.61092000e-04
0.197051     4.99448000e-05
0.197116     3.60899000e-04
0.197182     3.58448000e-05
0.197248     2.71452000e-04
0.197314     3.87955000e-05
0.197379     1.44639000e-04
0.197445     3.55166000e-04
0.197511     2.70672000e-04
0.197577     2.93527000e-04
0.197643     3.30403000e-04
0.197709     3.56640000e-04
0.197774     2.98025000e-04
0.197840     2.40974000e-04
0.197906     2.76944000e-04
0.197972     3.64303000e-04
0.198038     3.46911000e-04
0.198104     2.02519000e-05
0.198170     1.24304000e-04
0.198236     3.60012000e-04
0.198302     3.09742000e-04
0.198369     2.53462000e-04
0.198435     7.85234000e-05
0.198501     3.60976000e-04
0.198567     3.61251000e-04
0.198633     1.98884000e-04
0.198699     2.03917000e-04
0.198766     3.54152000e-04
0.198832     2.15934000e-04
0.198898     3.03629000e-04
0.198964     3.53368000e-04
0.199031     2.46074000e-04
0.199097     2.44242000e-04
0.199163     3.34866000e-04
0.199230     3.47313000e-04
0.199296     3.16196000e-04
0.199363     3.58771000e-04
0.199429     3.34854000e-04
0.199496     1.83806000e-05
0.199562     3.30271000e-04
0.199629     2.16211000e-05
0.199695     3.16683000e-04
0.199762     5.23077000e-05
0.199828     3.47320000e-04
0.199895     3.46016000e-04
0.199962     1.14775000e-04
0.200028     3.53922000e-04
0.200095     3.37289000e-04
0.200162     3.40421000e-04
0.200228     3.42603000e-04
0.200295     2.77246000e-04
0.200362     3.04427000e-04
0.200429     2.61155000e-04
0.200495     3.11906000e-04
0.200562     3.39679000e-04
0.200629     3.33929000e-04
0.200696     9.33984000e-05
0.200763     3.25681000e-04
0.200830     3.22661000e-04
0.200897     3.34372000e-04
0.200964     3.09947000e-04
0.201031     3.41490000e-04
0.201098     2.13357000e-04
0.201165     3.02752000e-04
0.201232     1.62842000e-04
0.201299     3.31658000e-04
0.201366     6.42281000e-05
0.201433     3.22648000e-04
0.201500     2.80048000e-05
0.201567     3.21691000e-04
0.201635     2.73553000e-04
0.201702     3.07887000e-04
0.201769     2.04674000e-04
0.201836     2.39681000e-05
0.201904     4.91932000e-05
0.201971     3.18334000e-05
0.202038     2.63541000e-04
0.202106     2.46380000e-04
0.202173     3.25293000e-05
0.202240     9.35179000e-05
0.202308     4.13742000e-05
0.202375     1.68057000e-04
0.202443     1.28750000e-04
0.202510     3.16787000e-05
0.202578     3.70168000e-05
0.202645     3.72687000e-04
0.202713     2.79417000e-05
0.202780     7.82636000e-05
0.202848     2.74937000e-05
0.202915     1.55910000e-04
0.202983     1.54821000e-04
0.203051     2.10804000e-04
0.203118     2.27054000e-04
0.203186     6.07444000e-05
0.203254     2.66066000e-04
0.203322     4.64373000e-05
0.203389     5.00395000e-05
0.203457     2.78223000e-04
0.203525     7.67703000e-05
0.203593     1.04238000e-04
0.203661     2.52971000e-05
0.203729     2.76502000e-04
0.203797     1.22521000e-04
0.203864     2.92202000e-04
0.203932     2.08387000e-05
0.204000     1.95479000e-05
0.204068     3.18781000e-04
0.204136     3.37165000e-05
0.204204     2.54343000e-04
0.204273     2.55533000e-05
0.204341     2.89437000e-04
0.204409     2.63429000e-04
0.204477     2.67552000e-04
0.204545     1.65410000e-04
0.204613     2.54948000e-05
0.204681     2.22879000e-04
0.204750     2.59958000e-04
0.204818     2.63099000e-04
0.204886     2.00946000e-05
0.204954     1.64167000e-05
0.205023     2.71483000e-04
0.205091     3.20364000e-04
0.205159     3.04225000e-04
0.205228     2.82345000e-04
0.205296     3.14738000e-04
0.205365     1.84986000e-04
0.205433     3.86763000e-05
0.205502     3.16919000e-04
0.205570     3.13231000e-04
0.205639     3.09532000e-04
0.205707     2.60233000e-05
0.205776     3.08012000e-04
0.205844     2.92333000e-04
0.205913     2.96725000e-04
0.205982     2.33316000e-04
0.206050     1.30578000e-04
0.206119     2.43065000e-04
0.206188     2.87889000e-04
0.206256     2.76385000e-04
0.206325     2.03129000e-04
0.206394     2.90449000e-04
0.206463     2.96698000e-04
0.206532     2.39445000e-04
0.206600     2.92992000e-04
0.206669     2.75946000e-04
0.206738     2.55959000e-04
0.206807     2.77261000e-05
0.206876     2.77764000e-04
0.206945     2.72822000e-04
0.207014     1.01245000e-04
0.207083     3.48923000e-05
0.207152     2.47520000e-04
0.207221     2.56858000e-04
0.207290     2.05372000e-04
0.207359     2.43134000e-04
0.207428     2.06279000e-04
0.207497     2.92464000e-05
0.207567     1.08379000e-05
0.207636     1.94203000e-04
0.207705     1.83300000e-04
0.207774     1.06595000e-04
0.207844     4.93940000e-05
0.207913     1.50783000e-04
0.207982     1.39852000e-04
0.208051     1.19620000e-04
0.208121     1.01737000e-04
0.208190     7.88096000e-05
0.208260     5.53202000e-05
0.208329     3.32149000e-05
0.208398     1.68522000e-05
0.208468     8.93578000e-05
0.208537     1.56947000e-05
0.208607     2.73383000e-05
0.208676     3.85987000e-05
0.208746     1.97030000e-05
0.208816     4.49174000e-05
0.208885     3.30162000e-05
0.208955     6.78026000e-05
0.209024     8.05491000e-05
0.209094     3.35159000e-05
0.209164     1.45060000e-05
0.209234     7.14977000e-05
0.209303     1.16224000e-05
0.209373     3.62508000e-05
0.209443     3.42345000e-05
0.209513     4.98324000e-05
0.209583     7.31662000e-05
0.209652     3.70934000e-05
0.209722     3.28286000e-05
0.209792     7.85705000e-05
0.209862     6.48811000e-05
0.209932     2.03349000e-05
0.210002     2.55161000e-05
0.210072     3.59013000e-05
0.210142     2.27200000e-05
0.210212     2.03649000e-05
0.210282     1.73936000e-05
0.210352     2.36509000e-05
0.210422     1.48905000e-05
0.210493     7.23350000e-05
0.210563     8.67243000e-05
0.210633     1.05098000e-05
0.210703     2.74264000e-05
0.210773     5.25738000e-05
0.210844     3.81222000e-05
0.210914     1.95464000e-05
0.210984     1.54210000e-05
0.211054     1.61933000e-05
0.211125     9.66669000e-05
0.211195     3.14795000e-05
0.211266     7.28324000e-05
0.211336     3.20841000e-05
0.211406     5.12063000e-05
0.211477     6.73073000e-05
0.211547     2.58455000e-05
0.211618     3.96917000e-05
0.211688     1.29932000e-04
0.211759     1.32389000e-05
0.211830     2.03122000e-04
0.211900     1.96628000e-04
0.211971     1.47357000e-05
0.212042     2.28541000e-04
0.212112     2.48055000e-04
0.212183     2.11318000e-04
0.212254     2.09185000e-05
0.212324     2.51240000e-04
0.212395     2.59787000e-04
0.212466     2.65153000e-04
0.212537     2.56182000e-04
0.212608     2.39233000e-04
0.212679     2.13630000e-05
0.212749     4.49014000e-05
0.212820     1.81220000e-04
0.212891     2.31597000e-04
0.212962     2.62599000e-04
0.213033     2.41758000e-04
0.213104     3.87073000e-05
0.213175     6.69538000e-05
0.213246     1.27949000e-04
0.213317     1.93606000e-04
0.213389     1.20741000e-04
0.213460     2.13763000e-04
0.213531     2.34473000e-04
0.213602     2.83179000e-05
0.213673     9.16392000e-05
0.213744     2.14445000e-04
0.213816     1.87482000e-04
0.213887     4.93849000e-05
0.213958     3.26204000e-05
0.214030     8.25377000e-05
0.214101     1.44444000e-05
0.214172     1.34818000e-05
0.214244     8.48307000e-05
0.214315     1.71138000e-04
0.214386     1.82014000e-04
0.214458     5.34042000e-05
0.214529     2.57946000e-05
0.214601     2.17589000e-05
0.214672     6.98443000e-05
0.214744     2.71451000e-05
0.214816     4.64284000e-05
0.214887     1.99963000e-04
0.214959     2.16696000e-04
0.215031     1.90895000e-05
0.215102     1.78021000e-04
0.215174     1.59266000e-05
0.215246     3.02875000e-05
0.215317     9.47747000e-05
0.215389     4.17528000e-05
0.215461     9.85012000e-05
0.215533     2.45322000e-05
0.215605     1.01563000e-04
0.215676     1.37046000e-04
0.215748     8.39986000e-05
0.215820     3.45654000e-05
0.215892     3.87837000e-05
0.215964     2.66737000e-05
0.216036     2.51588000e-05
0.216108     7.25890000e-05
0.216180     3.62604000e-05
0.216252     4.45728000e-05
0.216324     7.19910000e-05
0.216396     4.24485000e-05
0.216469     2.65332000e-05
0.216541     2.34918000e-05
0.216613     8.55594000e-05
0.216685     2.52219000e-05
0.216757     5.96909000e-05
0.216830     1.87798000e-05
0.216902     2.30685000e-05
0.216974     4.96344000e-05
0.217047     6.22669000e-05
0.217119     3.12377000e-05
0.217191     5.24931000e-05
0.217264     5.24061000e-05
0.217336     3.41553000e-05
0.217408     4.41961000e-05
0.217481     3.07901000e-05
0.217553     1.97066000e-04
0.217626     7.70417000e-05
0.217699     4.99637000e-05
0.217771     9.07285000e-05
0.217844     1.62127000e-05
0.217916     1.30922000e-05
0.217989     3.16878000e-05
0.218062     5.63472000e-05
0.218134     5.78539000e-05
0.218207     9.21112000e-05
0.218280     1.09059000e-04
0.218352     1.11537000e-04
0.218425     4.44928000e-05
0.218498     8.22800000e-05
0.218571     5.94060000e-05
0.218644     2.83745000e-05
0.218717     1.49005000e-04
0.218790     1.58771000e-04
0.218862     2.64709000e-05
0.218935     2.14192000e-05
0.219008     1.90053000e-05
0.219081     7.03350000e-05
0.219154     2.21976000e-05
0.219227     1.51888000e-05
0.219301     1.45904000e-05
0.219374     5.24485000e-05
0.219447     7.52152000e-05
0.219520     7.46450000e-05
0.219593     1.34892000e-05
0.219666     2.04485000e-05
0.219740     3.37604000e-05
0.219813     7.60151000e-05
0.219886     1.00248000e-04
0.219959     8.98502000e-05
0.220033     5.06325000e-05
0.220106     8.07888000e-05
0.220179     5.58557000e-05
0.220253     8.77418000e-05
0.220326     2.04519000e-05
0.220400     1.37282000e-05
0.220473     1.82325000e-04
0.220547     1.96777000e-04
0.220620     2.08960000e-04
0.220694     2.15728000e-04
0.220767     1.83185000e-04
0.220841     1.91044000e-04
0.220914     2.24139000e-04
0.220988     2.28228000e-04
0.221062     7.78295000e-05
0.221135     5.19117000e-05
0.221209     1.69206000e-04
0.221283     1.50854000e-04
0.221357     2.38668000e-04
0.221430     2.21310000e-05
0.221504     2.45368000e-04
0.221578     2.40190000e-04
0.221652     2.10953000e-04
0.221726     2.33810000e-04
0.221800     1.96519000e-04
0.221874     8.84937000e-05
0.221948     2.50573000e-04
0.222022     1.64277000e-05
0.222096     2.49597000e-04
0.222170     1.48612000e-04
0.222244     2.51623000e-04
0.222318     2.50288000e-04
0.222392     2.23326000e-04
0.222466     2.15723000e-04
0.222540     1.45959000e-04
0.222614     2.44370000e-04
0.222689     1.80566000e-04
0.222763     2.17337000e-04
0.222837     4.55117000e-05
0.222911     1.65911000e-04
0.222986     3.30407000e-05
0.223060     2.22303000e-04
0.223134     1.44821000e-05
0.223209     5.16027000e-05
0.223283     2.24046000e-04
0.223357     2.28420000e-04
0.223432     2.34925000e-04
0.223506     2.34888000e-04
0.223581     1.27741000e-05
0.223655     2.48852000e-04
0.223730     2.34209000e-04
0.223805     2.49925000e-04
0.223879     1.58447000e-05
0.223954     1.76130000e-04
0.224028     1.61482000e-05
0.224103     5.82988000e-05
0.224178     2.01071000e-05
0.224253     2.66100000e-05
0.224327     4.51139000e-05
0.224402     2.16205000e-04
0.224477     3.39997000e-05
0.224552     3.80173000e-05
0.224627     4.83406000e-05
0.224701     1.02912000e-04
0.224776     2.37425000e-04
0.224851     2.17212000e-05
0.224926     6.08158000e-05
0.225001     1.12270000e-04
0.225076     2.01585000e-04
0.225151     3.28926000e-05
0.225226     2.63268000e-04
0.225301     1.76702000e-05
0.225376     4.87630000e-05
0.225452     2.30693000e-04
0.225527     2.30466000e-04
0.225602     2.25562000e-04
0.225677     8.21344000e-05
0.225752     1.90533000e-04
0.225828     1.92326000e-04
0.225903     2.42571000e-05
0.225978     4.34860000e-05
0.226053     3.72708000e-05
0.226129     9.93476000e-05
0.226204     2.90089000e-05
0.226280     2.04929000e-04
0.226355     1.44463000e-04
0.226430     2.32201000e-05
0.226506     2.90762000e-05
0.226581     5.18478000e-05
0.226657     1.47397000e-04
0.226733     8.50620000e-05
0.226808     4.96079000e-05
0.226884     6.57060000e-05
0.226959     4.28343000e-05
0.227035     9.78829000e-05
0.227111     2.96029000e-05
0.227186     1.50772000e-05
0.227262     2.44461000e-05
0.227338     9.09318000e-05
0.227414     7.25858000e-05
0.227489     9.07597000e-05
0.227565     1.87965000e-05
0.227641     2.78680000e-05
0.227717     3.42038000e-05
0.227793     1.01533000e-04
0.227869     1.16533000e-04
0.227945     3.55335000e-05
0.228021     8.07729000e-05
0.228097     3.71481000e-05
0.228173     5.11613000e-05
0.228249     1.57842000e-05
0.228325     7.67487000e-05
0.228401     1.49064000e-04
0.228477     5.30285000e-05
0.228553     5.62313000e-05
0.228630     1.29897000e-04
0.228706     1.48296000e-04
0.228782     3.46300000e-05
0.228858     1.31407000e-04
0.228935     9.92527000e-05
0.229011     1.21839000e-04
0.229087     3.21547000e-05
0.229164     4.00054000e-05
0.229240     7.17459000e-05
0.229316     3.52150000e-05
0.229393     1.25009000e-04
0.229469     5.61157000e-05
0.229546     7.65460000e-05
0.229622     7.44167000e-05
0.229699     5.35789000e-05
0.229775     3.58774000e-05
0.229852     1.51697000e-04
0.229929     2.39285000e-05
0.230005     1.61046000e-05
0.230082     1.49680000e-05
0.230159     7.75688000e-05
0.230235     1.45803000e-05
0.230312     7.61260000e-05
0.230389     9.63522000e-05
0.230466     8.42554000e-05
0.230542     1.73379000e-05
0.230619     1.63162000e-04
0.230696     1.33937000e-04
0.230773     9.24205000e-05
0.230850     1.41943000e-04
0.230927     6.31975000e-05
0.231004     1.47695000e-05
0.231081     6.43118000e-05
0.231158     2.81442000e-05
0.231235     4.39465000e-05
0.231312     3.93099000e-05
0.231389     3.44590000e-05
0.231466     7.32263000e-05
0.231543     1.27730000e-04
0.231621     1.53254000e-04
0.231698     5.00757000e-05
0.231775     1.55425000e-04
0.231852     2.14245000e-05
0.231930     4.16298000e-05
0.232007     6.81857000e-05
0.232084     3.91790000e-05
0.232162     3.20075000e-05
0.232239     5.74233000e-05
0.232316     1.34091000e-04
0.232394     4.11838000e-05
0.232471     4.21931000e-05
0.232549     1.80995000e-04
0.232626     2.91316000e-05
0.232704     1.41253000e-04
0.232781     6.36622000e-05
0.232859     1.26296000e-04
0.232937     1.72361000e-05
0.233014     8.82666000e-05
0.233092     1.83881000e-04
0.233170     3.43557000e-05
0.233247     1.02387000e-04
0.233325     2.39411000e-04
0.233403     9.08246000e-05
0.233481     3.13105000e-05
0.233559     4.89040000e-05
0.233636     1.82531000e-04
0.233714     1.60836000e-04
0.233792     1.57998000e-04
0.233870     1.02219000e-03
0.233948     1.61591000e-04
0.234026     4.28684000e-05
0.234104     1.14860000e-04
0.234182     3.02898000e-05
0.234260     6.33422000e-05
0.234338     6.73700000e-05
0.234416     1.68881000e-03
0.234494     1.00403000e-03
0.234573     1.14153000e-04
0.234651     1.06104000e-04
0.234729     1.19382000e-04
0.234807     1.30787000e-04
0.234886     1.88190000e-03
0.234964     1.25039000e-04
0.235042     2.74086000e-05
0.235121     6.39373000e-05
0.235199     1.84987000e-04
0.235277     1.85014000e-04
0.235356     1.75478000e-05
0.235434     1.44996000e-04
0.235513     1.23386000e-04
0.235591     9.03392000e-05
0.235670     6.40352000e-05
0.235748     5.17465000e-05
0.235827     1.78958000e-04
0.235905     4.85549000e-05
0.235984     7.83052000e-04
0.236063     5.49758000e-04
0.236141     1.45463000e-04
0.236220     8.29836000e-05
0.236299     7.59165000e-05
0.236378     1.69587000e-04
0.236456     1.39944000e-04
0.236535     2.88861000e-04
0.236614     7.85100000e-05
0.236693     1.57156000e-04
0.236772     1.69465000e-04
0.236851     9.74732000e-05
0.236930     8.32975000e-04
0.237009     1.00640000e-04
0.237088     1.17816000e-04
0.237167     1.24028000e-04
0.237246     1.45721000e-04
0.237325     2.62340000e-05
0.237404     1.39241000e-04
0.237483     1.29356000e-04
0.237562     1.37319000e-04
0.237641     1.42116000e-04
0.237721     2.87457000e-05
0.237800     1.39398000e-04
0.237879     1.41010000e-04
0.237959     1.34714000e-04
0.238038     1.14416000e-04
0.238117     1.53283000e-04
0.238197     2.83074000e-04
0.238276     9.38407000e-04
0.238355     4.22682000e-04
0.238435     1.36986000e-04
0.238514     3.38191000e-04
0.238594     4.55279000e-05
0.238673     6.39458000e-05
0.238753     4.08614000e-05
0.238832     6.84087000e-05
0.238912     1.24528000e-03
0.238992     9.83691000e-05
0.239071     1.91461000e-04
0.239151     5.92866000e-05
0.239231     1.30991000e-04
0.239311     3.62239000e-05
0.239390     1.29160000e-04
0.239470     5.80708000e-05
0.239550     1.87395000e-04
0.239630     3.01159000e-03
0.239710     1.90424000e-04
0.239790     6.47708000e-05
0.239869     7.92955000e-05
0.239949     1.64699000e-04
0.240029     2.58751000e-04
0.240109     1.40131000e-04
0.240189     3.79871000e-05
0.240270     5.76947000e-05
0.240350     3.89323000e-05
0.240430     9.64171000e-05
0.240510     6.30438000e-04
0.240590     6.61527000e-04
0.240670     1.36611000e-04
0.240750     7.05843000e-04
0.240831     1.39831000e-04
0.240911     3.96973000e-05
0.240991     1.15784000e-04
0.241072     1.15383000e-04
0.241152     9.07122000e-04
0.241232     1.14709000e-04
0.241313     1.02143000e-04
0.241393     4.54197000e-04
0.241474     1.41392000e-04
0.241554     1.25173000e-04
0.241635     1.30048000e-04
0.241715     9.37480000e-05
0.241796     3.67096000e-05
0.241876     1.36236000e-04
0.241957     2.38508000e-05
0.242038     8.75207000e-05
0.242118     2.13718000e-05
0.242199     1.30999000e-04
0.242280     1.29256000e-04
0.242361     2.24535000e-05
0.242441     1.15484000e-04
0.242522     1.18062000e-04
0.242603     1.24560000e-04
0.242684     2.26974000e-05
0.242765     1.20485000e-04
0.242846     1.15395000e-04
0.242927     6.95841000e-05
0.243008     1.08888000e-04
0.243089     1.05477000e-04
0.243170     5.95659000e-05
0.243251     4.38816000e-05
0.243332     5.26604000e-05
0.243413     1.08667000e-04
0.243494     1.07417000e-04
0.243575     1.00599000e-04
0.243656     5.20397000e-05
0.243738     9.87498000e-05
0.243819     9.60014000e-05
0.243900     2.49917000e-05
0.243981     8.94437000e-05
0.244063     5.32215000e-05
0.244144     3.00299000e-05
0.244226     8.52900000e-05
0.244307     7.08128000e-05
0.244388     6.61203000e-05
0.244470     5.62142000e-05
0.244551     4.29200000e-05
0.244633     1.47352000e-04
0.244714     4.91717000e-05
0.244796     2.65927000e-05
0.244878     3.28406000e-05
0.244959     6.18626000e-05
0.245041     5.22094000e-05
0.245122     3.77493000e-05
0.245204     4.04431000e-05
0.245286     5.37653000e-05
0.245368     5.04473000e-05
0.245449     4.61519000e-05
0.245531     6.03192000e-05
0.245613     4.54746000e-05
0.245695     2.18836000e-05
0.245777     1.73138000e-05
0.245859     1.91177000e-05
0.245941     3.00379000e-05
0.246023     3.20361000e-05
0.246105     1.02188000e-04
0.246187     3.49098000e-05
0.246269     1.25780000e-04
0.246351     1.63971000e-04
0.246433     7.36522000e-05
0.246515     2.26874000e-05
0.246597     2.77510000e-05
0.246680     4.61039000e-05
0.246762     4.00411000e-05
0.246844     2.14766000e-05
0.246926     2.69625000e-05
0.247009     2.27480000e-05
0.247091     2.13010000e-05
0.247173     6.87595000e-05
0.247256     1.74233000e-05
0.247338     1.81863000e-04
0.247421     5.05386000e-05
0.247503     2.05237000e-05
0.247586     2.49680000e-05
0.247668     2.71763000e-05
0.247751     2.25858000e-05
0.247833     1.70378000e-05
0.247916     6.49357000e-05
0.247999     7.53180000e-05
0.248081     1.32269000e-04
0.248164     2.71418000e-05
0.248247     3.70845000e-05
0.248329     1.48586000e-04
0.248412     5.12615000e-04
0.248495     6.57804000e-04
0.248578     3.79870000e-05
0.248661     3.06322000e-05
0.248744     2.67441000e-04
0.248826     1.27463000e-04
0.248909     2.60079000e-04
0.248992     1.06319000e-04
0.249075     2.05822000e-04
0.249158     5.48534000e-04
0.249241     1.21786000e-04
0.249324     6.84990000e-05
0.249408     6.13448000e-05
0.249491     3.72386000e-05
0.249574     1.08823000e-04
0.249657     3.77838000e-05
0.249740     1.95311000e-05
0.249824     2.33923000e-05
0.249907     2.71414000e-05
0.249990     2.85297000e-05
0.250073     1.96491000e-05
0.250157     7.73679000e-05
0.250240     1.38727000e-04
0.250324     6.35668000e-05
0.250407     1.87942000e-04
0.250491     2.06865000e-05
0.250574     5.28999000e-05
0.250658     3.29949000e-05
0.250741     3.66716000e-04
0.250825     5.19329000e-05
0.250908     2.19424000e-05
0.250992     2.97283000e-05
0.251076     2.50585000e-05
0.251159     5.87256000e-04
0.251243     5.40163000e-05
0.251327     5.15422000e-05
0.251411     6.70370000e-05
0.251494     4.67189000e-05
0.251578     1.51899000e-04
0.251662     4.69402000e-04
0.251746     5.21313000e-05
0.251830     1.02524000e-04
0.251914     9.05261000e-05
0.251998     9.41599000e-05
0.252082     2.98639000e-05
0.252166     6.53890000e-05
0.252250     7.68691000e-05
0.252334     2.83913000e-04
0.252418     2.25291000e-04
0.252502     5.42996000e-04
0.252586     1.39960000e-04
0.252671     6.75493000e-05
0.252755     1.72846000e-04
0.252839     3.03728000e-04
0.252923     1.78772000e-04
0.253008     5.59656000e-04
0.253092     8.07702000e-05
0.253176     3.59576000e-05
0.253261     2.56821000e-05
0.253345     2.21162000e-05
0.253430     4.19786000e-05
0.253514     4.44292000e-05
0.253599     6.20549000e-05
0.253683     4.03051000e-05
0.253768     5.42486000e-05
0.253852     2.59208000e-05
0.253937     6.03919000e-05
0.254021     3.18047000e-05
0.254106     5.91130000e-05
0.254191     1.19714000e-04
0.254276     5.60012000e-05
0.254360     4.06293000e-05
0.254445     2.44868000e-04
0.254530     3.17132000e-05
0.254615     1.39012000e-04
0.254700     1.33776000e-04
0.254785     4.73896000e-05
0.254869     7.42843000e-05
0.254954     2.79874000e-04
0.255039     1.28149000e-03
0.255124     3.71704000e-05
0.255209     2.55880000e-05
0.255295     1.66352000e-05
0.255380     3.25155000e-05
0.255465     5.46819000e-05
0.255550     5.15566000e-05
0.255635     2.42941000e-05
0.255720     2.84209000e-05
0.255806     1.19584000e-04
0.255891     5.45977000e-05
0.255976     2.93492000e-05
0.256061     4.99483000e-05
0.256147     6.13481000e-05
0.256232     3.17086000e-05
0.256318     2.78962000e-04
0.256403     7.82204000e-05
0.256489     7.24395000e-05
0.256574     6.84323000e-05
0.256660     2.70003000e-05
0.256745     5.24125000e-05
0.256831     8.02886000e-05
0.256916     1.22019000e-04
0.257002     7.40488000e-05
0.257088     8.23525000e-05
0.257173     3.48356000e-05
0.257259     5.64656000e-05
0.257345     8.59939000e-05
0.257431     8.36306000e-05
0.257516     5.20613000e-05
0.257602     9.28823000e-05
0.257688     8.84980000e-05
0.257774     5.42578000e-05
0.257860     7.41312000e-05
0.257946     5.23838000e-05
0.258032     2.39848000e-05
0.258118     3.60423000e-05
0.258204     9.25379000e-05
0.258290     4.33588000e-05
0.258376     8.37635000e-05
0.258462     5.73624000e-05
0.258548     5.45664000e-05
0.258634     5.14202000e-04
0.258721     1.64547000e-04
0.258807     4.43911000e-05
0.258893     6.67517000e-05
0.258979     5.53993000e-05
0.259066     9.09828000e-05
0.259152     6.17510000e-05
0.259239     1.57129000e-04
0.259325     9.99316000e-05
0.259411     9.94002000e-05
0.259498     4.96797000e-05
0.259584     9.89302000e-05
0.259671     6.89111000e-05
0.259757     7.35157000e-05
0.259844     1.66934000e-04
0.259931     1.25325000e-03
0.260017     8.79893000e-04
0.260104     4.71822000e-04
0.260191     9.32967000e-05
0.260277     5.08291000e-05
0.260364     6.20791000e-05
0.260451     9.75573000e-05
0.260538     9.33209000e-05
0.260625     1.15425000e-04
0.260712     1.23985000e-04
0.260798     1.09568000e-03
0.260885     8.95295000e-05
0.260972     9.06700000e-05
0.261059     8.95611000e-05
0.261146     5.69411000e-05
0.261233     5.88095000e-04
0.261320     2.20010000e-04
0.261408     1.43564000e-04
0.261495     2.32129000e-04
0.261582     9.43527000e-05
0.261669     7.87470000e-05
0.261756     4.04894000e-05
0.261844     1.31434000e-03
0.261931     4.93358000e-05
0.262018     6.68378000e-05
0.262105     7.66240000e-05
0.262193     8.18877000e-05
0.262280     9.99573000e-05
0.262368     3.86306000e-05
0.262455     4.20277000e-05
0.262543     7.06526000e-05
0.262630     5.88327000e-04
0.262718     8.50206000e-05
0.262805     8.95470000e-05
0.262893     4.73595000e-04
0.262980     6.57261000e-05
0.263068     7.70910000e-05
0.263156     4.54144000e-04
0.263244     4.32035000e-04
0.263331     8.10247000e-05
0.263419     8.54329000e-05
0.263507     9.61116000e-05
0.263595     4.76543000e-05
0.263683     5.10583000e-05
0.263770     4.05837000e-05
0.263858     2.11222000e-05
0.263946     2.18412000e-05
0.264034     9.85514000e-05
0.264122     1.04546000e-04
0.264210     3.41569000e-05
0.264298     3.33895000e-05
0.264387     7.89159000e-05
0.264475     3.27927000e-05
0.264563     8.17748000e-05
0.264651     8.20194000e-05
0.264739     8.98370000e-05
0.264827     2.44693000e-05
0.264916     8.97971000e-05
0.265004     3.31777000e-05
0.265092     2.29045000e-05
0.265181     2.17710000e-05
0.265269     7.79032000e-05
0.265358     1.03872000e-04
0.265446     2.24284000e-05
0.265534     5.63791000e-05
0.265623     2.11083000e-05
0.265712     9.30173000e-05
0.265800     4.64525000e-05
0.265889     1.03567000e-04
0.265977     7.66130000e-05
0.266066     9.55201000e-05
0.266155     9.99995000e-05
0.266243     8.03479000e-05
0.266332     6.59603000e-05
0.266421     1.00385000e-04
0.266510     2.44311000e-05
0.266599     9.82666000e-05
0.266687     4.87694000e-05
0.266776     2.13980000e-04
0.266865     2.36766000e-05
0.266954     8.42636000e-05
0.267043     9.54670000e-05
0.267132     2.63386000e-05
0.267221     8.83461000e-05
0.267310     4.18925000e-05
0.267399     9.86205000e-05
0.267489     9.70058000e-05
0.267578     5.01419000e-05
0.267667     9.53954000e-05
0.267756     9.35678000e-05
0.267845     8.98836000e-05
0.267935     3.92343000e-05
0.268024     4.87260000e-05
0.268113     3.07700000e-05
0.268203     8.67729000e-05
0.268292     7.10009000e-05
0.268382     7.47473000e-05
0.268471     5.30692000e-05
0.268560     7.27692000e-05
0.268650     3.86727000e-05
0.268740     3.04959000e-05
0.268829     8.74042000e-05
0.268919     2.38191000e-05
0.269008     2.21490000e-05
0.269098     2.96909000e-05
0.269188     7.45729000e-05
0.269277     3.70215000e-05
0.269367     8.41220000e-05
0.269457     8.33309000e-05
0.269547     2.62731000e-05
0.269637     2.83277000e-05
0.269727     7.66956000e-05
0.269816     7.97223000e-05
0.269906     6.54472000e-05
0.269996     2.28589000e-05
0.270086     6.60234000e-05
0.270176     2.41301000e-05
0.270266     7.10615000e-05
0.270357     2.16345000e-05
0.270447     7.12833000e-05
0.270537     3.26323000e-05
0.270627     6.04991000e-05
0.270717     2.98590000e-05
0.270807     5.26236000e-05
0.270898     2.56269000e-05
0.270988     5.87174000e-05
0.271078     9.54828000e-05
0.271169     3.98436000e-05
0.271259     2.65834000e-05
0.271350     3.83156000e-05
0.271440     6.44576000e-05
0.271530     1.61901000e-04
0.271621     2.62507000e-05
0.271712     1.15365000e-04
0.271802     2.81370000e-05
0.271893     4.57394000e-05
0.271983     7.68773000e-04
0.272074     4.38028000e-05
0.272165     1.54098000e-04
0.272255     3.25871000e-05
0.272346     1.79434000e-05
0.272437     3.31996000e-04
0.272528     2.78209000e-05
0.272619     3.51628000e-05
0.272709     3.07837000e-05
0.272800     4.50535000e-05
0.272891     3.18603000e-05
0.272982     2.54705000e-05
0.273073     3.81727000e-05
0.273164     7.07664000e-05
0.273255     3.85487000e-05
0.273346     2.99604000e-05
0.273438     4.73270000e-04
0.273529     3.01304000e-05
0.273620     6.11930000e-05
0.273711     2.41381000e-05
0.273802     2.52387000e-04
0.273894     3.05143000e-05
0.273985     5.92455000e-05
0.274076     2.55838000e-04
0.274168     3.26745000e-05
0.274259     4.33929000e-05
0.274350     1.31138000e-04
0.274442     1.06268000e-04
0.274533     2.62882000e-04
0.274625     3.77545000e-05
0.274716     2.99507000e-04
0.274808     1.17052000e-04
0.274900     3.82046000e-05
0.274991     5.90291000e-04
0.275083     2.68502000e-04
0.275175     3.66057000e-05
0.275266     3.75179000e-05
0.275358     3.65769000e-05
0.275450     3.06012000e-04
0.275542     8.22842000e-05
0.275633     3.37849000e-04
0.275725     1.28843000e-04
0.275817     3.66923000e-05
0.275909     4.02825000e-05
0.276001     3.16422000e-05
0.276093     4.06331000e-05
0.276185     3.44484000e-05
0.276277     7.53221000e-05
0.276369     3.84221000e-05
0.276461     3.75497000e-05
0.276554     4.59245000e-05
0.276646     4.39145000e-05
0.276738     5.02094000e-05
0.276830     1.55138000e-04
0.276923     3.04370000e-05
0.277015     1.34506000e-04
0.277107     3.08008000e-05
0.277200     4.49775000e-05
0.277292     2.36670000e-04
0.277384     3.55063000e-05
0.277477     3.96689000e-05
0.277569     3.48697000e-05
0.277662     4.23784000e-05
0.277754     1.54510000e-04
0.277847     3.93751000e-05
0.277940     1.96367000e-04
0.278032     5.21349000e-05
0.278125     4.52888000e-05
0.278218     7.96750000e-05
0.278310     4.11291000e-05
0.278403     5.67053000e-05
0.278496     5.19133000e-05
0.278589     4.69893000e-05
0.278682     5.57624000e-05
0.278775     4.89906000e-05
0.278867     8.31779000e-05
0.278960     1.17198000e-04
0.279053     1.29316000e-04
0.279146     1.76909000e-04
0.279239     2.49334000e-04
0.279333     3.82109000e-04
0.279426     6.76986000e-04
0.279519     1.46838000e-03
0.279612     8.54093000e-03
0.279705     2.78852000e-03
0.279798     9.50328000e-04
0.279892     7.18384000e-04
0.279985     4.56562000e-04
0.280078     3.79885000e-04
0.280172     6.41727000e-04
0.280265     1.35932000e-03
0.280358     7.08869000e-03
0.280452     1.16822000e-03
0.280545     5.08880000e-04
0.280639     2.74851000e-04
0.280732     1.75185000e-04
0.280826     1.23395000e-04
0.280920     7.96916000e-05
0.281013     5.60819000e-05
0.281107     7.73023000e-05
0.281201     1.28985000e-04
0.281294     4.25817000e-05
0.281388     5.12296000e-05
0.281482     3.58002000e-05
0.281576     2.93731000e-05
0.281670     2.55983000e-05
0.281764     4.02710000e-05
0.281857     3.39989000e-05
0.281951     2.69369000e-05
0.282045     2.27169000e-05
0.282139     2.13014000e-05
0.282233     2.17940000e-05
0.282328     2.94415000e-05
0.282422     2.88391000e-05
0.282516     2.17796000e-05
0.282610     3.36779000e-05
0.282704     2.09931000e-05
0.282798     1.73889000e-05
0.282893     2.85851000e-05
0.282987     2.27075000e-05
0.283081     2.57189000e-05
0.283176     3.58653000e-05
0.283270     2.92843000e-05
0.283364     2.32414000e-05
0.283459     2.31673000e-05
0.283553     2.58516000e-05
0.283648     1.39353000e-04
0.283742     2.18841000e-05
0.283837     2.40867000e-05
0.283932     3.01263000e-05
0.284026     2.28446000e-05
0.284121     7.42662000e-05
0.284216     2.88012000e-05
0.284310     3.58777000e-05
0.284405     1.92036000e-04
0.284500     5.38210000e-05
0.284595     4.57310000e-05
0.284690     5.05145000e-05
0.284785     5.93566000e-05
0.284880     9.09098000e-05
0.284974     9.45422000e-05
0.285069     1.79273000e-04
0.285164     2.82774000e-04
0.285260     1.08830000e-03
0.285355     6.18445000e-04
0.285450     2.89167000e-04
0.285545     1.52002000e-04
0.285640     1.29885000e-04
0.285735     6.70550000e-05
0.285831     4.96868000e-05
0.285926     6.63557000e-05
0.286021     3.68875000e-05
0.286116     4.87384000e-05
0.286212     3.61819000e-05
0.286307     3.57386000e-05
0.286403     3.41035000e-05
0.286498     2.34504000e-05
0.286594     3.84068000e-05
0.286689     2.73858000e-05
0.286785     3.00700000e-05
0.286880     2.96957000e-05
0.286976     3.90196000e-05
0.287072     1.83319000e-05
0.287167     2.80870000e-05
0.287263     1.76663000e-05
0.287359     2.04463000e-05
0.287455     2.94781000e-05
0.287550     1.96408000e-05
0.287646     2.68668000e-05
0.287742     2.18936000e-05
0.287838     2.59040000e-05
0.287934     2.33535000e-05
0.288030     1.12758000e-04
0.288126     2.91406000e-05
0.288222     5.17091000e-05
0.288318     2.63652000e-05
0.288414     3.43779000e-05
0.288510     2.04807000e-05
0.288607     1.79155000e-05
0.288703     3.41076000e-05
0.288799     5.08054000e-05
0.288895     8.39611000e-05
0.288992     2.34487000e-05
0.289088     2.18315000e-05
0.289184     2.19131000e-05
0.289281     2.12840000e-05
0.289377     2.71926000e-05
0.289473     1.37661000e-04
0.289570     8.21058000e-05
0.289666     2.02435000e-05
0.289763     2.16936000e-05
0.289860     2.40058000e-05
0.289956     2.89453000e-05
0.290053     2.18895000e-05
0.290150     2.17666000e-05
0.290246     2.31421000e-05
0.290343     2.48078000e-05
0.290440     2.32210000e-05
0.290537     2.67307000e-05
0.290633     2.24089000e-05
0.290730     2.49509000e-05
0.290827     2.48917000e-05
0.290924     2.60896000e-05
0.291021     2.29399000e-05
0.291118     2.90248000e-05
0.291215     2.47537000e-05
0.291312     8.47364000e-05
0.291409     3.06113000e-05
0.291507     4.68036000e-05
0.291604     2.14543000e-05
0.291701     1.52894000e-04
0.291798     2.95649000e-05
0.291895     3.09332000e-05
0.291993     2.88845000e-05
0.292090     3.14557000e-05
0.292187     3.38398000e-05
0.292285     3.08530000e-05
0.292382     3.27292000e-05
0.292480     2.98615000e-05
0.292577     2.65264000e-05
0.292675     1.04752000e-04
0.292772     3.30484000e-05
0.292870     4.60528000e-05
0.292967     9.99068000e-05
0.293065     2.36738000e-05
0.293163     2.92696000e-05
0.293261     3.08657000e-05
0.293358     3.26540000e-05
0.293456     3.03072000e-05
0.293554     2.58926000e-05
0.293652     1.89194000e-05
0.293750     8.62788000e-05
0.293848     1.90943000e-05
0.293946     2.45696000e-05
0.294044     2.90627000e-05
0.294142     2.73938000e-05
0.294240     7.13957000e-05
0.294338     2.52141000e-05
0.294436     3.25042000e-05
0.294534     3.49752000e-05
0.294632     2.54152000e-05
0.294730     2.22412000e-05
0.294829     5.72139000e-05
0.294927     4.92633000e-05
0.295025     2.70219000e-05
0.295123     2.75913000e-05
0.295222     5.58436000e-05
0.295320     2.60311000e-05
0.295419     2.57730000e-05
0.295517     3.94422000e-05
0.295616     2.02743000e-05
0.295714     2.34719000e-05
0.295813     6.02447000e-05
0.295911     2.09870000e-05
0.296010     2.81838000e-05
0.296109     3.33127000e-05
0.296207     2.58768000e-05
0.296306     2.96465000e-05
0.296405     2.65767000e-05
0.296504     2.34526000e-05
0.296603     7.55665000e-05
0.296701     2.86606000e-05
0.296800     9.89348000e-05
0.296899     1.75803000e-05
0.296998     2.30652000e-05
0.297097     3.72167000e-04
0.297196     2.12807000e-05
0.297295     1.88592000e-05
0.297394     1.33745000e-04
0.297494     1.80883000e-05
0.297593     2.05591000e-05
0.297692     2.75547000e-05
0.297791     2.77080000e-05
0.297890     7.18847000e-05
0.297990     3.10386000e-05
0.298089     4.33618000e-05
0.298188     2.43861000e-05
0.298288     2.77902000e-05
0.298387     3.57105000e-05
0.298487     6.56449000e-05
0.298586     4.72515000e-05
0.298686     2.91601000e-05
0.298785     2.35640000e-05
0.298885     2.56049000e-05
0.298984     2.92540000e-05
0.299084     2.50062000e-05
0.299184     2.50005000e-05
0.299284     2.37649000e-05
0.299383     2.02882000e-05
0.299483     6.22300000e-05
0.299583     4.91794000e-05
0.299683     2.31247000e-05
0.299783     2.15486000e-05
0.299883     1.97843000e-05
0.299983     2.76995000e-05
0.300083     3.97174000e-05
0.300183     4.34126000e-04
0.300283     2.76105000e-05
0.300383     5.95630000e-05
0.300483     2.69878000e-05
0.300583     2.42154000e-05
0.300683     2.21827000e-05
0.300783     2.73060000e-05
0.300884     7.62837000e-05
0.300984     2.53714000e-05
0.301084     2.26310000e-05
0.301185     2.37090000e-05
0.301285     2.68307000e-05
0.301386     2.40886000e-05
0.301486     2.29893000e-05
0.301586     2.90512000e-05
0.301687     2.82607000e-05
0.301788     3.79153000e-05
0.301888     3.75040000e-05
0.301989     1.54981000e-04
0.302089     9.94925000e-05
0.302190     5.11693000e-04
0.302291     3.84337000e-05
0.302392     2.31627000e-05
0.302492     1.64258000e-04
0.302593     2.37789000e-05
0.302694     9.53054000e-05
0.302795     1.99763000e-05
0.302896     2.22486000e-05
0.302997     2.37854000e-05
0.303098     2.37490000e-05
0.303199     2.63585000e-05
0.303300     2.40519000e-05
0.303401     2.72123000e-05
0.303502     2.72170000e-05
0.303603     2.28153000e-05
0.303705     2.11777000e-05
0.303806     1.15489000e-04
0.303907     3.14942000e-05
0.304008     2.26362000e-05
0.304110     2.44538000e-05
0.304211     2.43163000e-05
0.304313     2.76129000e-05
0.304414     2.48402000e-05
0.304515     2.61342000e-05
0.304617     2.40651000e-05
0.304719     2.18347000e-05
0.304820     1.08662000e-04
0.304922     3.25824000e-05
0.305023     7.94629000e-05
0.305125     2.72165000e-05
0.305227     2.83212000e-05
0.305328     3.03879000e-05
0.305430     1.00658000e-04
0.305532     3.09273000e-05
0.305634     2.49402000e-05
0.305736     2.18981000e-05
0.305838     2.24380000e-04
0.305940     9.63408000e-05
0.306042     7.62143000e-05
0.306144     5.12943000e-05
0.306246     2.30864000e-05
0.306348     2.99853000e-05
0.306450     2.74154000e-05
0.306552     2.93855000e-05
0.306654     3.07354000e-05
0.306756     5.67419000e-05
0.306859     3.43333000e-05
0.306961     2.29471000e-05
0.307063     3.87871000e-05
0.307166     4.04132000e-05
0.307268     4.79170000e-05
0.307370     4.86683000e-05
0.307473     4.22407000e-05
0.307575     2.78366000e-05
0.307678     5.27654000e-05
0.307780     3.45571000e-05
0.307883     2.93051000e-05
0.307986     5.28314000e-05
0.308088     9.61327000e-05
0.308191     3.66718000e-05
0.308294     4.93757000e-05
0.308397     2.53946000e-05
0.308499     2.30088000e-05
0.308602     3.90384000e-05
0.308705     2.23149000e-05
0.308808     5.65823000e-05
0.308911     4.95318000e-05
0.309014     5.50565000e-05
0.309117     4.99192000e-05
0.309220     2.66644000e-05
0.309323     2.98616000e-05
0.309426     1.88200000e-04
0.309529     5.57478000e-05
0.309632     5.22071000e-05
0.309736     5.25635000e-05
0.309839     7.71746000e-05
0.309942     3.28319000e-05
0.310045     3.29254000e-05
0.310149     1.40984000e-04
0.310252     3.21109000e-05
0.310356     2.88755000e-05
0.310459     5.30953000e-05
0.310563     5.76411000e-05
0.310666     5.98753000e-05
0.310770     6.03591000e-05
0.310873     6.15374000e-05
0.310977     4.74415000e-05
0.311080     6.23574000e-05
0.311184     3.16969000e-05
0.311288     6.33146000e-05
0.311392     6.27881000e-05
0.311495     1.30261000e-04
0.311599     6.25924000e-05
0.311703     5.13632000e-05
0.311807     5.27560000e-05
0.311911     6.36641000e-05
0.312015     6.22885000e-05
0.312119     6.46885000e-05
0.312223     6.48469000e-05
0.312327     5.04470000e-05
0.312431     6.28898000e-05
0.312535     6.11502000e-05
0.312640     3.10154000e-05
0.312744     5.89741000e-05
0.312848     6.33088000e-05
0.312952     6.42480000e-05
0.313057     6.07048000e-05
0.313161     6.55566000e-05
0.313265     6.52076000e-05
0.313370     6.35498000e-05
0.313474     3.90766000e-05
0.313579     3.78964000e-05
0.313683     6.25471000e-05
0.313788     6.53611000e-05
0.313892     4.96784000e-05
0.313997     6.28016000e-05
0.314102     6.63221000e-05
0.314206     6.49969000e-05
0.314311     6.46678000e-05
0.314416     2.31290000e-04
0.314521     6.96350000e-05
0.314626     6.67148000e-05
0.314730     6.34209000e-05
0.314835     6.57308000e-05
0.314940     4.10429000e-05
0.315045     4.22412000e-05
0.315150     6.55265000e-05
0.315255     5.40159000e-05
0.315360     6.52955000e-05
0.315466     5.42237000e-05
0.315571     6.59292000e-05
0.315676     6.58174000e-05
0.315781     3.40288000e-05
0.315886     5.19284000e-05
0.315992     7.33507000e-05
0.316097     6.55292000e-05
0.316202     6.57139000e-05
0.316308     6.55674000e-05
0.316413     6.54341000e-05
0.316519     4.44542000e-05
0.316624     5.85227000e-05
0.316730     5.75924000e-05
0.316835     6.10764000e-05
0.316941     6.51892000e-05
0.317047     5.93687000e-05
0.317152     6.53739000e-05
0.317258     1.43581000e-04
0.317364     6.47801000e-05
0.317469     6.49145000e-05
0.317575     6.45284000e-05
0.317681     6.31492000e-05
0.317787     6.47393000e-05
0.317893     1.87092000e-04
0.317999     5.14007000e-05
0.318105     4.31823000e-05
0.318211     6.64881000e-05
0.318317     5.71121000e-05
0.318423     6.61248000e-05
0.318529     4.79686000e-05
0.318635     6.53973000e-05
0.318742     6.56054000e-05
0.318848     5.86050000e-05
0.318954     5.86919000e-05
0.319061     5.87358000e-05
0.319167     6.30599000e-05
0.319273     5.78660000e-05
0.319380     5.02355000e-05
0.319486     5.07240000e-05
0.319593     5.87474000e-05
0.319699     3.88165000e-04
0.319806     4.99718000e-05
0.319912     6.35441000e-05
0.320019     6.10041000e-05
0.320126     1.08795000e-04
0.320232     6.41388000e-05
0.320339     6.50627000e-05
0.320446     6.48018000e-05
0.320553     6.37866000e-05
0.320660     6.14404000e-05
0.320766     6.42192000e-05
0.320873     6.42994000e-05
0.320980     4.73336000e-05
0.321087     6.07650000e-05
0.321194     6.04448000e-05
0.321301     4.58811000e-05
0.321409     6.12315000e-05
0.321516     4.86029000e-05
0.321623     4.65889000e-05
0.321730     6.36807000e-05
0.321837     3.53108000e-05
0.321945     5.98299000e-05
0.322052     2.24226000e-04
0.322159     4.29570000e-05
0.322267     5.49882000e-05
0.322374     4.52537000e-05
0.322481     5.11767000e-05
0.322589     6.03486000e-05
0.322696     6.59137000e-05
0.322804     5.73935000e-05
0.322912     5.52975000e-05
0.323019     6.32710000e-05
0.323127     5.81899000e-05
0.323235     4.28095000e-05
0.323342     6.44246000e-05
0.323450     6.41439000e-05
0.323558     7.07387000e-05
0.323666     5.37905000e-05
0.323774     6.48712000e-05
0.323882     6.33532000e-05
0.323990     6.31216000e-05
0.324098     6.25834000e-05
0.324206     6.31590000e-05
0.324314     6.38347000e-05
0.324422     6.34087000e-05
0.324530     5.23996000e-05
0.324638     6.16097000e-05
0.324746     5.93014000e-05
0.324855     6.26990000e-05
0.324963     6.43108000e-05
0.325071     6.29534000e-05
0.325180     7.05337000e-05
0.325288     6.30698000e-05
0.325396     3.75476000e-05
0.325505     6.47051000e-05
0.325613     6.23564000e-05
0.325722     6.27636000e-05
0.325830     6.18619000e-05
0.325939     6.24656000e-05
0.326048     6.25013000e-05
0.326156     6.22601000e-05
0.326265     5.99981000e-05
0.326374     6.21576000e-05
0.326483     6.24017000e-05
0.326592     4.80128000e-05
0.326700     6.10526000e-05
0.326809     6.19449000e-05
0.326918     1.81011000e-04
0.327027     5.63598000e-05
0.327136     6.08810000e-05
0.327245     4.93554000e-05
0.327354     3.20920000e-05
0.327463     6.21064000e-05
0.327573     6.00058000e-05
0.327682     6.17279000e-05
0.327791     5.93077000e-05
0.327900     6.20257000e-05
0.328010     1.25252000e-04
0.328119     1.82099000e-04
0.328228     5.65990000e-05
0.328338     4.96398000e-05
0.328447     7.55504000e-05
0.328557     3.69757000e-05
0.328666     5.95025000e-05
0.328776     5.33123000e-05
0.328885     5.98292000e-05
0.328995     4.01855000e-05
0.329105     5.62537000e-05
0.329214     5.46251000e-05
0.329324     5.96325000e-05
0.329434     6.01593000e-05
0.329544     5.98844000e-05
0.329653     3.54278000e-05
0.329763     6.06200000e-05
0.329873     5.94296000e-05
0.329983     5.59833000e-05
0.330093     6.01931000e-05
0.330203     5.88287000e-05
0.330313     4.17062000e-05
0.330423     5.35015000e-05
0.330534     5.85529000e-05
0.330644     5.62999000e-05
0.330754     1.77598000e-04
0.330864     5.39629000e-05
0.330975     5.89141000e-05
0.331085     6.01683000e-05
0.331195     6.02447000e-05
0.331306     6.06657000e-05
0.331416     6.05439000e-05
0.331526     6.15984000e-05
0.331637     5.90726000e-05
0.331748     5.06314000e-05
0.331858     5.97003000e-05
0.331969     5.97113000e-05
0.332079     5.97297000e-05
0.332190     5.95796000e-05
0.332301     6.00548000e-05
0.332412     5.45009000e-05
0.332522     6.05185000e-05
0.332633     5.86031000e-05
0.332744     5.97988000e-05
0.332855     5.95176000e-05
0.332966     5.95343000e-05
0.333077     5.95615000e-05
0.333188     5.85094000e-05
0.333299     4.26670000e-05
0.333410     5.87299000e-05
0.333521     4.15082000e-05
0.333632     5.86355000e-05
0.333744     5.99485000e-05
0.333855     4.97243000e-05
0.333966     5.89711000e-05
0.334078     5.90316000e-05
0.334189     5.84274000e-05
0.334300     6.02121000e-05
0.334412     5.77781000e-05
0.334523     5.76013000e-05
0.334635     5.87817000e-05
0.334746     5.90734000e-05
0.334858     5.18051000e-05
0.334969     6.04248000e-05
0.335081     6.16028000e-05
0.335193     5.80416000e-05
0.335305     5.81389000e-05
0.335416     5.56158000e-05
0.335528     5.83842000e-05
0.335640     5.73478000e-05
0.335752     5.69676000e-05
0.335864     5.37348000e-05
0.335976     7.02524000e-05
0.336088     6.18321000e-05
0.336200     6.40034000e-05
0.336312     6.01023000e-05
0.336424     5.83035000e-05
0.336536     7.09197000e-05
0.336648     5.73638000e-05
0.336760     1.09774000e-04
0.336873     5.86922000e-05
0.336985     5.92831000e-05
0.337097     5.81994000e-05
0.337210     5.91567000e-05
0.337322     6.12774000e-05
0.337435     5.79224000e-05
0.337547     5.90042000e-05
0.337660     5.66624000e-05
0.337772     4.94081000e-05
0.337885     5.76802000e-05
0.337997     2.05593000e-04
0.338110     2.80119000e-04
0.338223     5.81583000e-05
0.338335     4.48974000e-05
0.338448     4.97043000e-05
0.338561     5.66138000e-05
0.338674     5.70170000e-05
0.338787     5.67380000e-05
0.338900     5.84816000e-05
0.339013     5.70691000e-05
0.339126     5.57404000e-05
0.339239     5.75101000e-05
0.339352     4.54668000e-05
0.339465     5.66719000e-05
0.339578     5.67825000e-05
0.339691     5.59365000e-05
0.339804     3.38115000e-05
0.339918     6.06753000e-05
0.340031     3.19891000e-04
0.340144     5.40145000e-05
0.340258     3.24679000e-05
0.340371     5.28743000e-05
0.340485     5.58484000e-05
0.340598     5.69736000e-05
0.340712     5.35400000e-05
0.340825     5.50325000e-05
0.340939     5.70251000e-05
0.341052     5.64898000e-05
0.341166     5.36242000e-05
0.341280     5.54699000e-05
0.341394     4.51559000e-05
0.341507     7.17297000e-05
0.341621     4.79687000e-05
0.341735     5.58803000e-05
0.341849     5.30711000e-05
0.341963     4.79510000e-05
0.342077     5.03169000e-05
0.342191     5.53849000e-05
0.342305     5.45309000e-05
0.342419     5.47601000e-05
0.342533     4.10493000e-05
0.342648     5.33983000e-05
0.342762     3.23552000e-04
0.342876     4.61300000e-05
0.342990     5.07599000e-05
0.343105     5.27537000e-05
0.343219     5.23622000e-05
0.343333     4.69691000e-05
0.343448     5.35811000e-05
0.343562     4.93101000e-05
0.343677     4.02756000e-05
0.343791     4.39318000e-05
0.343906     3.79514000e-05
0.344021     2.99440000e-05
0.344135     1.13176000e-04
0.344250     4.55783000e-05
0.344365     3.62313000e-04
0.344480     1.42869000e-04
0.344594     3.58176000e-05
0.344709     4.72224000e-05
0.344824     1.23141000e-04
0.344939     4.91385000e-05
0.345054     4.77495000e-05
0.345169     5.07715000e-05
0.345284     3.97010000e-05
0.345399     2.20690000e-04
0.345514     3.71704000e-05
0.345630     5.15938000e-05
0.345745     5.23292000e-05
0.345860     5.29425000e-05
0.345975     5.43678000e-05
0.346091     2.88163000e-04
0.346206     5.33319000e-05
0.346321     3.98708000e-05
0.346437     3.83230000e-05
0.346552     4.28197000e-05
0.346668     6.61094000e-05
0.346783     3.88454000e-05
0.346899     4.68109000e-05
0.347015     5.03162000e-05
0.347130     4.86772000e-05
0.347246     7.34866000e-05
0.347362     4.37390000e-05
0.347477     4.49922000e-05
0.347593     3.42332000e-05
0.347709     3.62916000e-05
0.347825     3.61760000e-05
0.347941     4.60479000e-05
0.348057     5.00160000e-05
0.348173     5.00634000e-05
0.348289     5.03473000e-05
0.348405     3.80079000e-05
0.348521     5.05910000e-05
0.348637     8.77268000e-05
0.348754     1.49253000e-04
0.348870     4.76307000e-05
0.348986     4.33101000e-05
0.349103     3.37955000e-05
0.349219     3.20776000e-05
0.349335     4.32340000e-05
0.349452     4.89937000e-05
0.349568     8.04678000e-05
0.349685     5.03058000e-05
0.349801     1.11431000e-04
0.349918     1.16897000e-04
0.350035     4.63374000e-05
0.350151     4.81747000e-05
0.350268     4.94387000e-05
0.350385     3.96847000e-05
0.350502     5.03242000e-05
0.350618     5.08508000e-05
0.350735     5.06061000e-05
0.350852     5.04684000e-05
0.350969     5.19949000e-05
0.351086     2.94075000e-04
0.351203     4.99636000e-05
0.351320     4.39374000e-05
0.351437     3.86856000e-05
0.351554     4.34426000e-05
0.351672     4.86798000e-05
0.351789     4.98634000e-05
0.351906     4.53916000e-05
0.352023     4.86647000e-05
0.352141     4.43436000e-05
0.352258     3.78314000e-05
0.352376     4.61069000e-05
0.352493     5.16854000e-05
0.352611     4.56429000e-05
0.352728     7.89314000e-05
0.352846     4.73721000e-05
0.352963     4.89913000e-05
0.353081     2.28478000e-04
0.353199     5.82222000e-05
0.353316     5.11397000e-05
0.353434     4.87423000e-05
0.353552     4.69658000e-05
0.353670     5.00693000e-05
0.353788     4.89348000e-05
0.353906     5.12357000e-05
0.354024     4.64312000e-05
0.354142     4.68596000e-05
0.354260     4.91202000e-05
0.354378     4.88368000e-05
0.354496     4.89915000e-05
0.354614     5.02012000e-05
0.354732     4.84647000e-05
0.354850     5.06552000e-05
0.354969     4.92415000e-05
0.355087     2.50337000e-04
0.355205     4.93812000e-05
0.355324     4.87922000e-05
0.355442     4.94875000e-05
0.355561     4.82397000e-05
0.355679     4.62340000e-05
0.355798     4.28832000e-05
0.355916     3.38731000e-05
0.356035     4.26354000e-05
0.356154     4.72653000e-05
0.356272     4.69362000e-05
0.356391     4.19030000e-05
0.356510     5.93883000e-05
0.356629     1.51544000e-04
0.356748     4.42053000e-05
0.356867     3.70095000e-05
0.356986     2.61230000e-04
0.357105     4.67124000e-04
0.357224     2.56167000e-04
0.357343     4.03798000e-05
0.357462     4.26694000e-05
0.357581     4.24462000e-05
0.357700     2.74981000e-04
0.357819     3.55095000e-05
0.357939     2.12765000e-04
0.358058     8.65787000e-05
0.358177     1.70975000e-04
0.358297     1.10310000e-04
0.358416     3.70980000e-05
0.358536     3.73371000e-05
0.358655     1.69933000e-04
0.358775     3.66086000e-04
0.358894     3.66177000e-05
0.359014     5.68660000e-04
0.359134     4.18212000e-05
0.359253     4.39446000e-05
0.359373     4.33270000e-05
0.359493     4.54247000e-05
0.359613     4.77854000e-05
0.359733     4.61414000e-05
0.359852     4.56259000e-05
0.359972     4.02940000e-05
0.360092     4.22952000e-05
0.360212     4.49722000e-05
0.360332     4.79299000e-05
0.360453     4.62913000e-05
0.360573     1.96661000e-04
0.360693     4.28553000e-05
0.360813     4.92760000e-05
0.360933     6.02130000e-05
0.361054     4.89150000e-05
0.361174     2.70397000e-04
0.361294     4.22181000e-05
0.361415     5.66384000e-05
0.361535     4.55293000e-05
0.361656     3.73523000e-05
0.361776     3.61966000e-05
0.361897     1.27996000e-04
0.362018     1.55117000e-04
0.362138     3.49581000e-05
0.362259     4.39945000e-05
0.362380     4.08610000e-05
0.362501     4.38223000e-05
0.362621     4.11684000e-05
0.362742     4.01102000e-05
0.362863     4.03858000e-05
0.362984     1.25088000e-04
0.363105     3.46343000e-05
0.363226     2.51712000e-04
0.363347     4.72705000e-05
0.363468     6.55254000e-05
0.363590     4.77722000e-05
0.363711     4.40135000e-05
0.363832     4.31920000e-05
0.363953     4.29222000e-05
0.364075     4.23472000e-05
0.364196     4.41933000e-05
0.364317     4.27954000e-05
0.364439     4.44112000e-05
0.364560     4.69813000e-05
0.364682     4.00145000e-05
0.364803     9.16888000e-05
0.364925     1.67452000e-04
0.365047     4.24236000e-05
0.365168     4.08772000e-05
0.365290     4.09172000e-05
0.365412     4.29127000e-05
0.365534     4.39272000e-05
0.365655     4.34274000e-05
0.365777     4.55500000e-05
0.365899     4.52918000e-05
0.366021     4.55702000e-05
0.366143     6.55167000e-05
0.366265     4.72356000e-05
0.366387     2.33213000e-04
0.366509     4.77044000e-05
0.366632     4.65056000e-05
0.366754     4.66625000e-05
0.366876     4.72377000e-05
0.366998     4.87289000e-05
0.367121     4.81017000e-05
0.367243     4.53881000e-05
0.367366     4.42970000e-05
0.367488     4.61639000e-05
0.367610     4.52551000e-05
0.367733     1.34586000e-04
0.367856     3.21772000e-04
0.367978     3.77808000e-05
0.368101     2.31537000e-04
0.368224     4.13173000e-05
0.368346     4.45050000e-05
0.368469     7.80860000e-05
0.368592     4.39479000e-05
0.368715     4.36651000e-05
0.368838     1.83252000e-04
0.368961     3.70405000e-05
0.369084     4.26203000e-05
0.369207     4.55051000e-05
0.369330     4.35549000e-05
0.369453     4.63410000e-05
0.369576     4.37981000e-05
0.369699     4.43068000e-05
0.369822     4.65213000e-05
0.369946     4.48677000e-05
0.370069     4.15948000e-05
0.370192     4.27642000e-05
0.370316     4.29256000e-05
0.370439     4.50256000e-05
0.370563     4.00834000e-05
0.370686     1.01672000e-04
0.370810     3.57686000e-04
0.370933     3.69734000e-05
0.371057     2.51579000e-04
0.371181     3.79126000e-05
0.371304     4.39216000e-05
0.371428     3.95240000e-05
0.371552     3.54719000e-05
0.371676     3.52502000e-05
0.371800     3.28637000e-05
0.371924     3.12277000e-05
0.372048     1.13602000e-04
0.372172     8.91312000e-05
0.372296     1.18688000e-04
0.372420     4.21241000e-05
0.372544     4.01192000e-04
0.372668     3.68822000e-05
0.372792     5.45112000e-05
0.372917     5.66711000e-05
0.373041     3.32776000e-05
0.373165     3.82740000e-05
0.373290     4.02666000e-05
0.373414     9.40927000e-05
0.373539     2.54481000e-04
0.373663     1.60356000e-04
0.373788     1.82439000e-04
0.373912     5.33633000e-05
0.374037     3.35678000e-04
0.374162     3.21701000e-05
0.374286     3.27788000e-05
0.374411     8.61762000e-05
0.374536     4.04844000e-05
0.374661     8.82759000e-04
0.374786     4.72408000e-05
0.374910     1.34460000e-04
0.375035     4.48511000e-04
0.375160     9.76334000e-05
0.375286     3.83503000e-05
0.375411     3.71204000e-05
0.375536     3.36461000e-05
0.375661     3.17252000e-05
0.375786     3.19615000e-05
0.375911     2.65817000e-04
0.376037     5.17533000e-05
0.376162     1.74249000e-04
0.376287     3.78434000e-05
0.376413     4.22267000e-05
0.376538     7.13253000e-05
0.376664     1.65398000e-04
0.376789     8.78631000e-05
0.376915     4.42462000e-05
0.377041     3.95416000e-05
0.377166     5.34670000e-05
0.377292     4.16619000e-05
0.377418     4.05537000e-05
0.377544     4.15311000e-05
0.377669     4.05963000e-05
0.377795     4.18220000e-05
0.377921     4.18329000e-05
0.378047     1.58350000e-04
0.378173     3.80172000e-05
0.378299     3.83888000e-05
0.378425     3.95388000e-05
0.378552     3.61260000e-05
0.378678     1.06036000e-04
0.378804     3.20266000e-05
0.378930     5.33832000e-05
0.379057     4.00068000e-05
0.379183     3.18507000e-04
0.379309     3.79068000e-05
0.379436     5.65810000e-05
0.379562     5.17999000e-05
0.379689     3.89552000e-05
0.379815     4.53424000e-05
0.379942     1.67003000e-04
0.380069     2.68539000e-04
0.380195     3.54913000e-05
0.380322     3.93082000e-05
0.380449     3.60501000e-05
0.380576     3.79961000e-05
0.380702     3.98684000e-05
0.380829     4.15446000e-05
0.380956     3.74925000e-05
0.381083     3.52903000e-05
0.381210     1.76888000e-04
0.381337     3.32359000e-05
0.381464     3.80287000e-05
0.381592     3.84864000e-05
0.381719     1.25151000e-04
0.381846     3.42215000e-05
0.381973     3.84005000e-05
0.382101     1.76074000e-04
0.382228     3.47207000e-04
0.382355     4.13842000e-05
0.382483     4.74447000e-05
0.382610     9.02601000e-05
0.382738     1.77048000e-04
0.382865     3.53473000e-04
0.382993     5.30778000e-05
0.383121     4.15824000e-05
0.383248     4.76701000e-05
0.383376     1.21306000e-04
0.383504     2.40535000e-04
0.383632     9.68486000e-05
0.383760     5.33730000e-05
0.383888     8.89887000e-05
0.384016     6.19372000e-05
0.384144     3.12000000e-04
0.384272     5.42796000e-05
0.384400     2.58561000e-04
0.384528     3.69865000e-05
0.384656     3.81718000e-05
0.384784     3.78838000e-05
0.384913     3.76550000e-05
0.385041     3.91252000e-05
0.385169     3.72649000e-05
0.385298     3.31847000e-05
0.385426     3.40226000e-05
0.385555     3.24429000e-05
0.385683     3.90397000e-05
0.385812     3.43015000e-05
0.385940     3.79327000e-05
0.386069     1.51997000e-04
0.386198     4.16648000e-05
0.386326     3.08934000e-05
0.386455     3.48671000e-05
0.386584     3.13217000e-05
0.386713     4.15110000e-05
0.386842     3.91907000e-05
0.386971     3.79985000e-05
0.387100     4.47406000e-05
0.387229     3.82258000e-05
0.387358     4.99179000e-04
0.387487     3.02415000e-04
0.387616     3.65253000e-05
0.387745     3.31572000e-05
0.387874     6.48498000e-05
0.388004     6.25957000e-05
0.388133     3.47403000e-05
0.388262     3.68129000e-05
0.388392     4.05282000e-05
0.388521     3.34560000e-05
0.388651     4.28385000e-05
0.388780     1.17996000e-04
0.388910     4.84326000e-05
0.389040     5.82331000e-05
0.389169     4.38799000e-05
0.389299     4.10295000e-05
0.389429     3.64788000e-05
0.389559     1.52806000e-04
0.389688     9.38598000e-05
0.389818     3.34901000e-05
0.389948     3.34573000e-05
0.390078     4.22578000e-04
0.390208     3.44311000e-05
0.390338     3.43805000e-05
0.390468     4.28174000e-05
0.390599     4.57425000e-05
0.390729     3.75491000e-05
0.390859     9.17031000e-05
0.390989     3.54264000e-05
0.391120     3.68658000e-05
0.391250     3.62247000e-05
0.391380     3.71145000e-05
0.391511     4.17174000e-05
0.391641     3.68473000e-05
0.391772     3.44805000e-05
0.391903     3.61419000e-05
0.392033     3.59741000e-05
0.392164     4.94226000e-05
0.392295     3.55318000e-05
0.392425     6.09853000e-05
0.392556     3.32189000e-05
0.392687     3.84444000e-05
0.392818     3.43056000e-05
0.392949     5.75148000e-05
0.393080     6.09692000e-05
0.393211     6.68858000e-05
0.393342     7.24607000e-05
0.393473     1.17773000e-03
0.393604     7.51836000e-05
0.393735     5.93796000e-05
0.393867     4.64270000e-05
0.393998     4.58866000e-05
0.394129     3.81955000e-05
0.394261     3.82833000e-05
0.394392     1.48927000e-04
0.394524     4.85969000e-05
0.394655     3.50385000e-05
0.394787     3.85250000e-05
0.394918     7.75279000e-05
0.395050     3.66745000e-05
0.395181     3.86315000e-05
0.395313     3.80845000e-05
0.395445     3.41946000e-05
0.395577     3.17258000e-05
0.395709     2.56492000e-04
0.395841     3.68017000e-05
0.395973     3.80972000e-05
0.396105     3.64206000e-05
0.396237     4.52350000e-05
0.396369     4.38233000e-05
0.396501     4.41163000e-05
0.396633     4.79107000e-05
0.396765     2.24020000e-04
0.396897     8.88192000e-05
0.397030     5.38590000e-04
0.397162     6.52313000e-05
0.397294     9.42989000e-05
0.397427     4.73330000e-05
0.397559     3.92375000e-05
0.397692     4.04086000e-05
0.397824     3.50635000e-05
0.397957     8.54880000e-05
0.398090     3.19579000e-05
0.398222     2.61079000e-04
0.398355     3.16885000e-05
0.398488     3.25735000e-05
0.398621     3.40550000e-05
0.398754     4.15028000e-05
0.398886     3.70987000e-05
0.399019     4.11436000e-05
0.399152     6.24453000e-05
0.399286     3.44042000e-05
0.399419     3.57862000e-05
0.399552     3.29009000e-05
0.399685     3.84026000e-05
0.399818     3.18469000e-05
0.399951     3.88542000e-05
0.400085     3.31277000e-05
0.400218     3.18641000e-05
0.400352     3.74150000e-05
0.400485     3.13517000e-05
0.400618     1.88784000e-04
0.400752     3.39040000e-05
0.400886     3.19564000e-05
0.401019     3.27184000e-05
0.401153     3.57946000e-05
0.401287     8.49562000e-05
0.401420     2.65656000e-05
0.401554     2.84718000e-05
0.401688     2.90872000e-05
0.401822     4.27306000e-05
0.401956     3.27745000e-05
0.402090     3.09760000e-05
0.402224     3.30484000e-05
0.402358     5.38368000e-05
0.402492     3.56479000e-05
0.402626     3.46241000e-05
0.402760     2.80810000e-05
0.402895     2.80742000e-05
0.403029     3.49867000e-05
0.403163     3.68326000e-04
0.403298     3.17199000e-05
0.403432     2.42694000e-04
0.403567     3.44496000e-05
0.403701     3.62379000e-05
0.403836     3.49401000e-05
0.403970     3.30333000e-05
0.404105     3.41555000e-05
0.404240     8.83128000e-05
0.404374     3.24393000e-05
0.404509     5.16106000e-05
0.404644     7.62545000e-05
0.404779     3.99344000e-05
0.404914     3.10430000e-05
0.405049     1.41317000e-04
0.405184     3.09364000e-05
0.405319     2.93867000e-05
0.405454     2.88359000e-05
0.405589     3.57613000e-05
0.405724     2.87654000e-05
0.405860     4.51618000e-05
0.405995     3.10687000e-05
0.406130     3.55628000e-05
0.406266     3.06846000e-05
0.406401     4.28813000e-05
0.406537     4.46971000e-05
0.406672     2.96216000e-05
0.406808     3.79436000e-05
0.406943     3.07566000e-05
0.407079     3.17869000e-05
0.407215     3.89854000e-05
0.407350     3.95362000e-05
0.407486     3.23600000e-05
0.407622     3.57293000e-05
0.407758     3.69794000e-05
0.407894     3.46557000e-05
0.408030     4.09708000e-05
0.408166     2.94742000e-05
0.408302     3.20195000e-05
0.408438     3.23858000e-05
0.408574     3.22277000e-05
0.408710     2.96429000e-05
0.408846     2.91314000e-05
0.408983     2.98518000e-05
0.409119     2.89183000e-05
0.409255     2.98625000e-05
0.409392     2.97785000e-05
0.409528     2.83585000e-05
0.409665     4.28966000e-05
0.409801     3.23321000e-05
0.409938     4.05115000e-05
0.410075     3.64152000e-05
0.410211     4.74355000e-05
0.410348     5.54938000e-05
0.410485     3.67743000e-05
0.410622     7.07374000e-05
0.410758     1.91610000e-04
0.410895     3.16036000e-05
0.411032     3.47024000e-05
0.411169     3.77489000e-05
0.411306     3.26598000e-05
0.411444     3.03341000e-05
0.411581     3.37151000e-05
0.411718     3.03796000e-05
0.411855     3.52978000e-05
0.411992     3.43053000e-05
0.412130     3.45773000e-05
0.412267     2.90733000e-05
0.412405     3.00900000e-05
0.412542     3.45695000e-05
0.412679     1.09301000e-04
0.412817     3.17702000e-05
0.412955     3.49144000e-05
0.413092     3.07613000e-05
0.413230     3.25142000e-05
0.413368     6.05784000e-05
0.413506     3.48891000e-05
0.413643     6.88143000e-05
0.413781     3.15552000e-05
0.413919     2.87137000e-05
0.414057     2.76791000e-05
0.414195     3.38397000e-05
0.414333     6.62298000e-05
0.414471     5.32960000e-05
0.414610     3.15821000e-05
0.414748     2.87753000e-05
0.414886     3.30820000e-04
0.415024     3.10660000e-05
0.415163     5.54685000e-05
0.415301     2.96339000e-05
0.415439     3.04186000e-05
0.415578     3.62951000e-05
0.415716     3.13129000e-05
0.415855     3.19499000e-05
0.415994     9.19482000e-05
0.416132     2.87661000e-05
0.416271     3.31189000e-05
0.416410     7.05567000e-05
0.416549     2.91745000e-05
0.416687     2.94531000e-05
0.416826     3.43125000e-05
0.416965     2.92642000e-05
0.417104     2.96656000e-05
0.417243     3.24721000e-05
0.417382     1.95236000e-04
0.417521     3.42876000e-05
0.417661     3.22233000e-05
0.417800     3.33191000e-05
0.417939     6.23768000e-05
0.418078     4.89277000e-05
0.418218     3.21403000e-05
0.418357     2.35878000e-04
0.418497     2.99025000e-05
0.418636     3.05907000e-05
0.418776     3.33296000e-05
0.418915     3.48343000e-05
0.419055     3.23680000e-05
0.419195     3.20011000e-05
0.419334     3.30739000e-05
0.419474     3.21434000e-05
0.419614     3.32497000e-05
0.419754     3.42772000e-05
0.419894     3.49541000e-05
0.420034     4.73054000e-05
0.420174     3.44388000e-05
0.420314     1.70415000e-04
0.420454     3.45007000e-05
0.420594     3.72567000e-05
0.420734     3.45479000e-05
0.420874     3.05258000e-05
0.421015     3.19313000e-05
0.421155     3.52723000e-04
0.421295     3.03219000e-05
0.421436     3.62159000e-05
0.421576     2.87656000e-05
0.421717     1.72072000e-04
0.421858     3.49093000e-05
0.421998     3.22034000e-05
0.422139     3.08792000e-05
0.422279     3.29806000e-05
0.422420     3.13824000e-05
0.422561     3.31671000e-05
0.422702     3.86843000e-05
0.422843     5.45985000e-05
0.422984     2.97790000e-05
0.423125     3.22162000e-05
0.423266     3.37781000e-05
0.423407     3.75648000e-05
0.423548     3.26791000e-05
0.423689     4.26823000e-05
0.423830     3.27620000e-05
0.423972     3.46722000e-05
0.424113     2.00063000e-04
0.424254     3.32786000e-05
0.424396     3.98804000e-05
0.424537     3.49581000e-05
0.424679     3.80801000e-05
0.424820     3.90631000e-05
0.424962     6.63381000e-05
0.425104     3.71932000e-05
0.425245     3.91985000e-05
0.425387     3.19325000e-05
0.425529     3.43342000e-05
0.425671     1.85343000e-04
0.425813     3.08702000e-05
0.425955     1.69907000e-04
0.426097     3.99893000e-05
0.426239     3.71982000e-05
0.426381     3.57163000e-05
0.426523     3.71293000e-05
0.426665     3.27086000e-05
0.426807     3.33078000e-05
0.426949     3.68359000e-05
0.427092     3.77496000e-05
0.427234     5.92883000e-04
0.427377     4.84711000e-05
0.427519     4.17343000e-05
0.427661     3.79082000e-05
0.427804     3.31484000e-05
0.427947     4.26622000e-05
0.428089     3.73993000e-05
0.428232     4.34763000e-05
0.428375     4.14403000e-05
0.428518     3.26628000e-05
0.428660     4.08428000e-05
0.428803     3.95869000e-05
0.428946     4.24907000e-05
0.429089     4.73943000e-05
0.429232     3.79328000e-05
0.429375     3.58659000e-05
0.429518     4.84160000e-05
0.429662     4.36805000e-05
0.429805     4.13918000e-05
0.429948     3.97293000e-05
0.430091     5.16099000e-05
0.430235     4.32870000e-05
0.430378     4.92199000e-05
0.430522     4.00213000e-05
0.430665     4.57688000e-04
0.430809     4.91604000e-05
0.430952     1.17740000e-04
0.431096     5.60642000e-05
0.431240     4.03976000e-05
0.431383     5.19212000e-05
0.431527     3.90574000e-05
0.431671     4.65951000e-05
0.431815     3.94027000e-05
0.431959     4.07052000e-05
0.432103     4.36750000e-05
0.432247     3.93313000e-05
0.432391     3.96046000e-05
0.432535     4.12201000e-05
0.432679     2.05536000e-04
0.432823     4.09697000e-05
0.432968     3.79176000e-05
0.433112     3.68412000e-05
0.433256     4.69336000e-05
0.433401     3.76966000e-05
0.433545     4.08282000e-05
0.433690     3.92566000e-05
0.433834     5.51869000e-05
0.433979     4.96441000e-05
0.434124     1.10290000e-04
0.434268     7.62943000e-05
0.434413     5.02269000e-05
0.434558     5.19287000e-05
0.434703     4.75672000e-05
0.434848     3.44809000e-04
0.434993     4.45788000e-05
0.435138     5.29201000e-05
0.435283     5.51562000e-05
0.435428     4.60497000e-05
0.435573     8.13466000e-05
0.435718     4.55179000e-05
0.435863     5.24034000e-05
0.436009     4.11983000e-05
0.436154     4.25376000e-05
0.436299     3.48901000e-05
0.436445     4.94556000e-05
0.436590     4.01713000e-05
0.436736     4.74082000e-05
0.436881     3.71182000e-04
0.437027     4.49117000e-05
0.437173     3.81499000e-05
0.437318     3.73158000e-05
0.437464     4.81648000e-05
0.437610     4.14464000e-05
0.437756     4.38684000e-05
0.437902     1.52370000e-04
0.438048     3.63033000e-05
0.438194     3.81922000e-05
0.438340     4.17141000e-05
0.438486     3.99772000e-04
0.438632     6.38213000e-05
0.438778     3.87296000e-05
0.438925     4.70410000e-05
0.439071     3.79711000e-05
0.439217     3.14987000e-04
0.439364     3.71113000e-05
0.439510     5.49624000e-05
0.439657     4.51848000e-05
0.439803     3.59323000e-05
0.439950     5.72208000e-05
0.440096     4.09909000e-05
0.440243     3.99582000e-05
0.440390     3.66233000e-05
0.440537     5.26735000e-05
0.440684     4.76683000e-05
0.440830     4.86683000e-05
0.440977     6.05842000e-05
0.441124     5.06752000e-05
0.441271     3.71570000e-05
0.441418     4.65902000e-05
0.441566     4.60043000e-05
0.441713     5.60926000e-05
0.441860     4.01945000e-05
0.442007     3.77746000e-05
0.442155     4.50911000e-05
0.442302     5.41010000e-05
0.442449     7.05924000e-05
0.442597     3.76379000e-05
0.442745     3.71786000e-05
0.442892     4.50892000e-05
0.443040     4.12545000e-05
0.443187     4.45591000e-04
0.443335     4.72903000e-05
0.443483     4.58804000e-05
0.443631     4.29350000e-05
0.443779     3.86211000e-05
0.443927     3.69086000e-05
0.444075     4.30954000e-05
0.444223     6.97764000e-05
0.444371     6.14112000e-05
0.444519     6.01381000e-05
0.444667     4.96725000e-05
0.444815     1.52126000e-04
0.444963     4.99951000e-05
0.445112     4.95478000e-05
0.445260     3.92012000e-05
0.445409     4.17006000e-05
0.445557     6.54162000e-05
0.445705     7.32188000e-05
0.445854     4.10626000e-05
0.446003     4.55761000e-05
0.446151     4.43939000e-05
0.446300     5.97587000e-05
0.446449     3.68512000e-05
0.446598     5.80309000e-05
0.446747     5.67956000e-05
0.446895     3.81172000e-05
0.447044     6.80774000e-05
0.447193     5.22687000e-05
0.447342     5.44125000e-05
0.447492     3.82670000e-05
0.447641     5.24061000e-05
0.447790     6.55357000e-05
0.447939     4.30776000e-05
0.448089     7.92779000e-05
0.448238     4.85255000e-05
0.448387     4.89909000e-05
0.448537     4.01929000e-05
0.448686     5.23120000e-05
0.448836     6.69547000e-05
0.448985     4.45579000e-05
0.449135     3.13229000e-04
0.449285     6.57930000e-05
0.449435     5.04745000e-05
0.449584     4.56004000e-04
0.449734     4.36768000e-05
0.449884     4.57154000e-05
0.450034     4.02673000e-05
0.450184     4.20658000e-05
0.450334     4.25624000e-05
0.450484     4.74594000e-05
0.450634     4.01207000e-05
0.450785     5.65654000e-05
0.450935     4.99528000e-05
0.451085     5.78591000e-05
0.451236     4.36952000e-05
0.451386     6.03161000e-05
0.451537     6.03569000e-05
0.451687     7.10634000e-05
0.451838     7.22010000e-05
0.451988     5.55820000e-05
0.452139     4.29220000e-05
0.452290     4.23206000e-05
0.452440     4.38656000e-05
0.452591     5.60008000e-05
0.452742     4.26482000e-05
0.452893     7.10686000e-05
0.453044     8.36399000e-05
0.453195     4.99171000e-05
0.453346     3.99529000e-05
0.453497     4.60523000e-05
0.453648     6.51736000e-05
0.453799     6.29109000e-05
0.453951     7.13424000e-05
0.454102     4.17095000e-05
0.454253     5.37655000e-05
0.454405     3.96175000e-05
0.454556     6.11997000e-05
0.454708     5.23298000e-05
0.454859     5.78657000e-05
0.455011     6.82285000e-05
0.455163     5.37968000e-05
0.455314     4.31712000e-05
0.455466     4.26235000e-05
0.455618     5.22444000e-05
0.455770     4.45495000e-05
0.455922     4.18351000e-05
0.456074     4.72558000e-05
0.456226     5.69974000e-05
0.456378     5.83186000e-05
0.456530     6.50577000e-05
0.456682     4.27754000e-05
0.456834     4.50409000e-05
0.456987     5.81804000e-05
0.457139     4.51601000e-05
0.457291     5.83944000e-05
0.457444     4.09529000e-05
0.457596     5.97154000e-05
0.457749     4.67202000e-05
0.457901     4.76570000e-05
0.458054     6.23385000e-05
0.458207     5.72196000e-05
0.458359     4.42401000e-05
0.458512     5.40386000e-04
0.458665     5.80069000e-05
0.458818     8.08720000e-05
0.458971     8.06356000e-05
0.459124     4.95662000e-05
0.459277     7.57610000e-05
0.459430     5.72299000e-05
0.459583     6.41153000e-05
0.459736     2.46100000e-04
0.459890     7.61070000e-05
0.460043     4.88502000e-05
0.460196     4.94277000e-05
0.460350     5.88708000e-05
0.460503     4.72945000e-05
0.460657     4.46648000e-05
0.460810     4.49661000e-05
0.460964     4.39450000e-05
0.461117     7.57244000e-05
0.461271     5.70068000e-05
0.461425     5.65875000e-05
0.461579     7.29395000e-05
0.461733     5.07843000e-05
0.461886     4.45874000e-05
0.462040     7.24429000e-05
0.462194     6.39680000e-05
0.462349     7.35260000e-05
0.462503     4.47681000e-05
0.462657     4.79592000e-05
0.462811     6.45359000e-05
0.462965     5.44541000e-05
0.463120     9.00065000e-05
0.463274     5.36381000e-05
0.463428     8.15054000e-05
0.463583     8.28224000e-05
0.463737     6.34228000e-05
0.463892     7.09733000e-05
0.464047     7.92208000e-05
0.464201     6.31159000e-05
0.464356     4.42137000e-05
0.464511     4.85206000e-05
0.464666     4.56744000e-05
0.464821     5.00185000e-05
0.464975     5.12249000e-05
0.465130     4.42109000e-05
0.465286     9.85621000e-05
0.465441     6.34141000e-05
0.465596     1.92058000e-04
0.465751     9.38553000e-05
0.465906     4.80927000e-05
0.466062     7.07082000e-05
0.466217     4.85544000e-05
0.466372     4.52409000e-05
0.466528     6.09336000e-05
0.466683     6.36215000e-05
0.466839     8.11802000e-05
0.466994     5.78517000e-05
0.467150     5.28557000e-05
0.467306     4.51350000e-05
0.467462     1.04924000e-04
0.467617     7.69336000e-05
0.467773     6.57582000e-05
0.467929     5.24223000e-05
0.468085     9.44360000e-05
0.468241     4.66682000e-05
0.468397     8.30262000e-05
0.468553     5.49984000e-05
0.468710     9.87344000e-05
0.468866     4.71371000e-05
0.469022     5.74537000e-05
0.469178     5.78687000e-05
0.469335     6.11051000e-05
0.469491     5.43814000e-05
0.469648     4.78816000e-05
0.469804     6.09549000e-05
0.469961     5.19288000e-05
0.470118     6.33633000e-05
0.470274     5.09499000e-05
0.470431     5.18822000e-04
0.470588     5.68933000e-05
0.470745     8.79266000e-05
0.470902     6.67955000e-05
0.471059     7.98429000e-05
0.471216     6.07804000e-05
0.471373     7.71776000e-05
0.471530     5.93824000e-05
0.471687     9.41801000e-05
0.471844     5.23266000e-05
0.472002     8.25561000e-05
0.472159     7.88958000e-05
0.472316     7.12257000e-05
0.472474     4.83451000e-05
0.472631     7.43862000e-05
0.472789     7.91519000e-05
0.472946     9.23481000e-05
0.473104     9.42404000e-05
0.473262     5.28026000e-05
0.473419     5.33661000e-05
0.473577     7.75597000e-05
0.473735     7.06001000e-05
0.473893     1.04564000e-04
0.474051     5.30518000e-05
0.474209     5.16292000e-05
0.474367     5.59385000e-05
0.474525     4.89929000e-05
0.474683     6.45722000e-05
0.474842     5.10025000e-05
0.475000     5.22114000e-05
0.475158     4.92587000e-05
0.475317     1.08226000e-04
0.475475     4.98116000e-05
0.475633     5.53054000e-05
0.475792     5.34650000e-05
0.475951     5.21067000e-05
0.476109     6.79888000e-05
0.476268     6.50688000e-05
0.476427     1.07118000e-04
0.476586     7.67019000e-05
0.476744     1.05123000e-04
0.476903     6.80339000e-05
0.477062     9.70927000e-05
0.477221     1.08891000e-04
0.477380     5.47442000e-05
0.477540     5.93986000e-05
0.477699     1.04303000e-04
0.477858     5.37964000e-05
0.478017     6.82266000e-05
0.478177     5.37993000e-05
0.478336     8.16387000e-05
0.478495     9.12300000e-05
0.478655     5.56255000e-05
0.478814     4.89460000e-04
0.478974     5.33692000e-05
0.479134     6.25931000e-05
0.479293     7.55910000e-05
0.479453     7.57283000e-05
0.479613     7.30487000e-05
0.479773     6.79148000e-05
0.479933     5.76146000e-05
0.480093     8.17939000e-05
0.480253     5.40459000e-05
0.480413     5.34917000e-05
0.480573     1.14327000e-04
0.480733     5.36562000e-05
0.480893     9.58619000e-05
0.481054     6.45103000e-05
0.481214     1.04759000e-04
0.481375     1.27730000e-04
0.481535     1.09789000e-04
0.481695     5.58178000e-05
0.481856     8.94428000e-05
0.482017     9.54668000e-05
0.482177     7.74640000e-05
0.482338     8.65146000e-05
0.482499     1.18399000e-04
0.482660     9.73137000e-05
0.482821     5.87072000e-05
0.482982     1.08763000e-04
0.483143     5.73199000e-05
0.483304     7.70714000e-05
0.483465     1.05408000e-04
0.483626     6.41464000e-05
0.483787     6.12820000e-05
0.483948     6.22522000e-05
0.484110     1.01589000e-04
0.484271     1.11910000e-04
0.484432     6.65516000e-05
0.484594     1.22134000e-04
0.484755     7.28126000e-05
0.484917     5.92722000e-05
0.485079     7.15074000e-05
0.485240     6.80267000e-05
0.485402     8.58176000e-05
0.485564     9.97662000e-05
0.485726     9.95405000e-05
0.485888     7.68772000e-05
0.486050     2.41050000e-04
0.486212     2.27961000e-04
0.486374     1.29985000e-04
0.486536     9.43756000e-05
0.486698     1.42306000e-04
0.486860     6.48909000e-05
0.487022     6.90615000e-05
0.487185     6.88836000e-05
0.487347     6.78096000e-04
0.487510     1.48027000e-04
0.487672     1.20715000e-04
0.487835     7.47829000e-05
0.487997     6.46176000e-05
0.488160     1.10603000e-04
0.488323     8.15406000e-05
0.488486     6.31717000e-05
0.488648     6.11802000e-05
0.488811     1.23679000e-04
0.488974     8.03093000e-05
0.489137     9.27364000e-05
0.489300     9.64456000e-05
0.489463     1.10431000e-04
0.489626     5.94090000e-05
0.489790     5.92197000e-05
0.489953     9.71886000e-05
0.490116     1.02121000e-04
0.490280     7.27143000e-05
0.490443     8.01940000e-05
0.490607     6.81744000e-05
0.490770     8.89187000e-05
0.490934     8.83615000e-05
0.491097     8.18667000e-05
0.491261     6.50273000e-05
0.491425     1.04616000e-04
0.491589     6.04910000e-05
0.491752     8.85870000e-05
0.491916     8.12635000e-05
0.492080     7.85282000e-05
0.492244     1.05436000e-04
0.492408     6.22426000e-05
0.492573     1.03069000e-04
0.492737     6.51642000e-05
0.492901     6.04887000e-05
0.493065     9.70583000e-05
0.493230     1.07192000e-04
0.493394     6.20112000e-05
0.493559     1.14051000e-04
0.493723     8.31852000e-05
0.493888     6.41801000e-05
0.494052     9.36023000e-05
0.494217     7.28107000e-05
0.494382     1.03564000e-04
0.494546     6.44380000e-05
0.494711     9.79573000e-05
0.494876     6.41762000e-05
0.495041     6.12941000e-05
0.495206     6.02901000e-05
0.495371     7.33482000e-05
0.495536     6.19264000e-05
0.495702     9.22716000e-05
0.495867     8.28508000e-04
0.496032     6.85210000e-05
0.496197     1.39992000e-04
0.496363     1.44990000e-04
0.496528     1.38751000e-04
0.496694     8.09562000e-05
0.496859     9.12604000e-05
0.497025     1.39552000e-04
0.497191     1.78658000e-04
0.497356     1.49014000e-04
0.497522     1.09204000e-04
0.497688     1.44385000e-04
0.497854     9.84987000e-05
0.498020     6.66319000e-05
0.498186     1.12733000e-04
0.498352     8.62619000e-05
0.498518     9.98584000e-05
0.498684     7.79557000e-05
0.498850     1.44869000e-04
0.499017     6.49616000e-05
0.499183     1.54151000e-04
0.499349     8.98106000e-05
0.499516     1.48116000e-04
0.499682     6.83871000e-05
0.499849     6.43591000e-05
0.500016     1.59048000e-04
0.500182     6.78404000e-05
0.500349     8.34398000e-05
0.500516     6.58232000e-05
0.500683     1.50070000e-04
0.500849     1.27314000e-04
0.501016     1.23219000e-04
0.501183     9.73693000e-05
0.501351     7.61292000e-04
0.501518     7.66355000e-05
0.501685     1.11405000e-04
0.501852     6.73404000e-05
0.502019     1.53334000e-04
0.502187     1.24482000e-04
0.502354     7.88033000e-05
0.502521     8.58153000e-05
0.502689     7.78685000e-05
0.502857     8.23301000e-05
0.503024     1.29912000e-04
0.503192     7.66267000e-05
0.503360     7.13089000e-05
0.503527     7.15063000e-05
0.503695     7.29351000e-05
0.503863     1.43063000e-04
0.504031     8.23093000e-05
0.504199     1.07660000e-04
0.504367     8.36419000e-05
0.504535     6.68559000e-05
0.504703     8.17124000e-05
0.504872     7.43319000e-05
0.505040     1.50272000e-04
0.505208     1.40616000e-04
0.505377     1.10815000e-04
0.505545     9.44339000e-05
0.505714     6.74615000e-05
0.505882     1.03614000e-04
0.506051     9.77346000e-05
0.506220     1.27963000e-04
0.506388     6.67119000e-05
0.506557     7.17491000e-05
0.506726     8.33559000e-05
0.506895     1.33158000e-04
0.507064     8.15768000e-05
0.507233     7.82395000e-05
0.507402     1.03686000e-04
0.507571     1.29207000e-04
0.507740     1.43221000e-04
0.507910     1.19558000e-04
0.508079     8.34706000e-05
0.508248     7.76740000e-05
0.508418     8.01840000e-05
0.508587     1.27573000e-04
0.508757     7.63816000e-05
0.508926     1.14389000e-04
0.509096     7.32564000e-05
0.509266     7.09831000e-05
0.509435     7.80514000e-05
0.509605     7.71813000e-05
0.509775     1.18882000e-04
0.509945     1.16453000e-04
0.510115     1.24965000e-04
0.510285     1.00425000e-04
0.510455     7.84712000e-05
0.510625     7.94536000e-05
0.510795     8.24095000e-05
0.510966     1.13809000e-04
0.511136     8.30502000e-05
0.511306     8.38070000e-05
0.511477     1.07468000e-04
0.511647     8.74241000e-05
0.511818     1.06609000e-04
0.511988     7.46244000e-05
0.512159     7.52161000e-05
0.512330     9.54347000e-05
0.512501     8.72456000e-05
0.512671     8.95407000e-05
0.512842     8.84403000e-05
0.513013     8.61117000e-05
0.513184     9.74816000e-05
0.513355     8.37624000e-05
0.513526     8.79345000e-05
0.513698     8.45793000e-05
0.513869     1.09500000e-04
0.514040     8.87980000e-05
0.514211     9.23979000e-05
0.514383     1.48819000e-04
0.514554     7.79265000e-05
0.514726     9.94362000e-05
0.514897     9.08355000e-05
0.515069     7.61310000e-05
0.515241     1.24563000e-04
0.515412     1.22588000e-04
0.515584     1.27733000e-04
0.515756     1.14570000e-04
0.515928     1.23152000e-04
0.516100     9.99871000e-05
0.516272     1.07678000e-04
0.516444     1.01491000e-04
0.516616     8.74609000e-05
0.516789     1.34897000e-04
0.516961     2.35245000e-04
0.517133     1.70508000e-04
0.517305     9.39428000e-04
0.517478     2.03841000e-04
0.517650     1.71207000e-04
0.517823     8.25895000e-05
0.517996     8.88540000e-05
0.518168     1.77204000e-04
0.518341     1.92757000e-04
0.518514     7.33930000e-04
0.518687     9.78218000e-05
0.518859     1.81313000e-04
0.519032     9.95711000e-05
0.519205     1.28899000e-04
0.519379     9.01183000e-04
0.519552     1.25477000e-04
0.519725     1.43498000e-04
0.519898     1.10019000e-04
0.520071     8.83312000e-05
0.520245     9.14986000e-05
0.520418     1.76761000e-04
0.520592     1.87017000e-04
0.520765     9.48595000e-05
0.520939     1.91636000e-04
0.521112     9.94989000e-05
0.521286     9.32063000e-05
0.521460     9.82083000e-05
0.521634     1.39081000e-04
0.521808     9.36102000e-05
0.521981     9.84213000e-05
0.522155     1.62182000e-04
0.522330     8.58285000e-05
0.522504     9.62649000e-05
0.522678     1.01333000e-04
0.522852     1.39418000e-04
0.523026     9.59551000e-05
0.523201     1.04068000e-04
0.523375     9.36228000e-05
0.523550     1.08116000e-04
0.523724     1.90469000e-04
0.523899     1.07764000e-04
0.524073     1.48343000e-04
0.524248     1.25844000e-04
0.524423     1.25368000e-04
0.524597     1.64949000e-04
0.524772     1.57377000e-04
0.524947     9.97212000e-05
0.525122     9.76891000e-05
0.525297     9.91160000e-05
0.525472     1.79189000e-04
0.525648     1.04220000e-04
0.525823     8.86302000e-05
0.525998     1.88282000e-04
0.526173     1.75196000e-04
0.526349     1.35682000e-04
0.526524     1.10880000e-04
0.526700     1.14137000e-04
0.526875     1.60178000e-04
0.527051     2.40114000e-04
0.527227     2.18711000e-04
0.527402     1.04699000e-04
0.527578     1.12663000e-04
0.527754     1.24904000e-04
0.527930     1.10792000e-04
0.528106     1.22607000e-04
0.528282     1.31099000e-04
0.528458     1.07196000e-04
0.528634     1.45811000e-04
0.528810     1.13504000e-04
0.528987     1.39440000e-04
0.529163     9.19076000e-05
0.529339     9.96115000e-05
0.529516     1.06453000e-04
0.529692     9.74944000e-05
0.529869     2.01532000e-04
0.530046     1.53382000e-04
0.530222     1.02746000e-04
0.530399     1.17694000e-04
0.530576     1.09796000e-04
0.530753     1.01050000e-04
0.530930     1.53982000e-04
0.531106     1.55321000e-04
0.531284     1.42624000e-04
0.531461     1.12471000e-04
0.531638     1.58260000e-04
0.531815     1.41889000e-04
0.531992     1.39169000e-04
0.532170     1.72999000e-04
0.532347     1.09988000e-04
0.532524     1.33618000e-04
0.532702     1.83700000e-04
0.532879     1.22804000e-04
0.533057     1.68613000e-04
0.533235     1.09155000e-04
0.533413     2.36039000e-04
0.533590     1.26456000e-04
0.533768     1.51677000e-04
0.533946     1.52226000e-04
0.534124     1.05227000e-04
0.534302     1.08474000e-04
0.534480     1.40789000e-04
0.534658     1.60647000e-04
0.534837     1.44362000e-04
0.535015     1.03519000e-04
0.535193     1.56539000e-04
0.535372     1.12185000e-04
0.535550     1.34392000e-04
0.535729     1.30295000e-04
0.535907     1.35981000e-04
0.536086     1.62347000e-04
0.536265     1.54118000e-04
0.536443     1.14195000e-04
0.536622     1.21136000e-04
0.536801     1.17321000e-04
0.536980     1.48120000e-04
0.537159     1.76454000e-04
0.537338     1.88218000e-04
0.537517     1.35495000e-04
0.537696     1.59849000e-04
0.537875     1.21056000e-04
0.538055     1.30250000e-04
0.538234     1.59383000e-04
0.538414     1.66526000e-04
0.538593     1.16427000e-04
0.538773     1.51182000e-04
0.538952     1.50021000e-04
0.539132     2.37140000e-04
0.539311     1.55953000e-04
0.539491     1.26403000e-04
0.539671     1.80404000e-04
0.539851     2.12171000e-04
0.540031     1.44791000e-04
0.540211     1.76437000e-04
0.540391     1.01191000e-04
0.540571     1.77783000e-04
0.540751     1.72314000e-04
0.540932     1.37689000e-04
0.541112     1.30996000e-04
0.541292     1.42188000e-04
0.541473     1.60162000e-04
0.541653     1.69945000e-04
0.541834     1.51656000e-04
0.542014     1.76787000e-04
0.542195     1.41262000e-04
0.542376     1.29908000e-04
0.542557     9.07426000e-04
0.542737     1.34985000e-04
0.542918     1.48560000e-04
0.543099     3.51586000e-04
0.543280     1.43506000e-04
0.543461     3.67953000e-04
0.543643     1.37910000e-04
0.543824     1.42645000e-04
0.544005     1.23284000e-04
0.544186     1.59793000e-04
0.544368     1.36088000e-04
0.544549     1.63835000e-04
0.544731     1.64325000e-04
0.544912     1.22625000e-04
0.545094     1.34441000e-04
0.545276     2.08078000e-04
0.545457     1.90286000e-04
0.545639     2.49143000e-04
0.545821     1.66624000e-04
0.546003     1.44146000e-04
0.546185     1.48266000e-04
0.546367     1.47772000e-04
0.546549     1.50978000e-04
0.546731     1.48906000e-04
0.546914     1.66181000e-04
0.547096     1.40087000e-04
0.547278     1.47604000e-04
0.547461     1.43048000e-04
0.547643     1.60819000e-04
0.547826     2.04749000e-04
0.548008     1.49044000e-04
0.548191     1.70791000e-04
0.548374     2.14685000e-04
0.548557     1.30862000e-04
0.548739     1.46016000e-04
0.548922     1.93057000e-04
0.549105     2.10567000e-04
0.549288     1.68697000e-04
0.549471     1.40816000e-04
0.549655     2.08021000e-04
0.549838     1.72200000e-04
0.550021     1.84935000e-04
0.550204     1.51100000e-04
0.550388     1.73490000e-04
0.550571     1.49723000e-04
0.550755     1.62427000e-04
0.550938     1.57189000e-04
0.551122     1.65847000e-04
0.551306     2.15270000e-04
0.551490     1.43977000e-04
0.551673     1.79618000e-04
0.551857     1.59426000e-04
0.552041     1.47001000e-04
0.552225     1.69680000e-04
0.552409     1.44433000e-04
0.552593     1.55558000e-04
0.552778     1.73198000e-04
0.552962     1.64520000e-04
0.553146     1.58884000e-04
0.553331     1.32458000e-04
0.553515     1.27989000e-04
0.553700     1.67536000e-04
0.553884     2.25038000e-04
0.554069     2.03722000e-04
0.554253     1.80397000e-04
0.554438     1.36487000e-04
0.554623     2.01908000e-04
0.554808     1.63481000e-04
0.554993     1.91495000e-04
0.555178     1.42940000e-04
0.555363     1.66673000e-04
0.555548     1.25440000e-04
0.555733     1.62823000e-04
0.555918     2.09587000e-04
0.556104     1.58710000e-04
0.556289     1.70888000e-04
0.556475     1.60436000e-04
0.556660     1.38791000e-04
0.556846     1.63117000e-04
0.557031     1.58448000e-04
0.557217     1.51904000e-04
0.557403     1.54076000e-04
0.557588     1.98024000e-04
0.557774     1.99889000e-04
0.557960     1.73833000e-04
0.558146     1.57668000e-04
0.558332     1.85597000e-04
0.558518     1.37848000e-04
0.558705     1.47839000e-04
0.558891     1.57043000e-04
0.559077     2.33768000e-04
0.559263     1.60366000e-04
0.559450     1.69626000e-04
0.559636     2.13636000e-04
0.559823     1.78049000e-04
0.560009     2.24471000e-04
0.560196     2.01462000e-04
0.560383     1.79932000e-04
0.560570     1.99302000e-04
0.560757     2.45404000e-04
0.560943     2.07464000e-04
0.561130     2.24792000e-04
0.561317     2.09127000e-04
0.561505     2.50314000e-04
0.561692     2.36386000e-04
0.561879     2.07100000e-04
0.562066     2.00525000e-04
0.562254     2.07671000e-04
0.562441     1.78300000e-04
0.562629     2.35114000e-04
0.562816     1.66070000e-04
0.563004     1.78171000e-04
0.563191     2.30584000e-04
0.563379     2.07673000e-04
0.563567     1.60193000e-04
0.563755     2.25501000e-04
0.563943     1.48977000e-04
0.564131     1.75359000e-04
0.564319     2.02655000e-04
0.564507     1.69541000e-04
0.564695     1.66052000e-04
0.564883     1.65759000e-04
0.565071     2.01027000e-04
0.565260     1.90617000e-04
0.565448     2.39978000e-04
0.565637     1.94569000e-04
0.565825     1.59295000e-04
0.566014     2.51912000e-04
0.566203     1.90651000e-04
0.566391     2.22293000e-04
0.566580     1.71424000e-04
0.566769     2.15878000e-04
0.566958     1.99082000e-04
0.567147     1.77926000e-04
0.567336     2.28581000e-04
0.567525     1.50389000e-04
0.567714     2.27324000e-04
0.567903     2.14728000e-04
0.568093     1.90080000e-04
0.568282     1.87841000e-04
0.568472     2.46131000e-04
0.568661     2.13140000e-04
0.568851     2.17932000e-04
0.569040     1.88665000e-04
0.569230     2.17762000e-04
0.569420     2.02097000e-04
0.569609     2.32559000e-04
0.569799     2.30347000e-04
0.569989     1.85939000e-04
0.570179     1.92717000e-04
0.570369     1.86667000e-04
0.570559     2.10618000e-04
0.570750     2.33800000e-04
0.570940     2.10141000e-04
0.571130     2.25663000e-04
0.571321     2.27296000e-04
0.571511     2.09791000e-04
0.571701     1.52658000e-04
0.571892     1.96134000e-04
0.572083     2.04671000e-04
0.572273     2.41167000e-04
0.572464     2.27769000e-04
0.572655     2.20126000e-04
0.572846     1.95526000e-04
0.573037     2.12542000e-04
0.573228     1.87192000e-04
0.573419     2.40589000e-04
0.573610     2.25923000e-04
0.573801     2.01103000e-04
0.573992     2.15307000e-04
0.574184     1.93540000e-04
0.574375     1.91469000e-04
0.574567     1.87372000e-04
0.574758     2.08376000e-04
0.574950     2.35333000e-04
0.575141     1.97106000e-04
0.575333     1.88293000e-04
0.575525     2.23405000e-04
0.575717     1.92984000e-04
0.575909     2.07932000e-04
0.576101     1.89010000e-04
0.576293     2.36829000e-04
0.576485     2.19850000e-04
0.576677     2.28540000e-04
0.576869     2.01220000e-04
0.577061     2.27564000e-04
0.577254     2.35677000e-04
0.577446     2.30290000e-04
0.577639     2.49557000e-04
0.577831     1.87278000e-04
0.578024     2.11762000e-04
0.578217     1.96315000e-04
0.578409     2.28060000e-04
0.578602     2.63896000e-04
0.578795     2.05177000e-04
0.578988     2.27529000e-04
0.579181     2.27870000e-04
0.579374     2.08016000e-04
0.579567     2.01612000e-04
0.579760     1.97906000e-04
0.579953     2.23608000e-04
0.580147     2.35334000e-04
0.580340     1.74746000e-04
0.580534     1.89948000e-04
0.580727     1.93690000e-04
0.580921     2.05686000e-04
0.581114     1.79387000e-04
0.581308     2.20360000e-04
0.581502     2.15256000e-04
0.581696     2.00501000e-04
0.581890     1.70793000e-04
0.582084     1.94568000e-04
0.582278     2.22153000e-04
0.582472     2.23718000e-04
0.582666     1.92583000e-04
0.582860     2.17296000e-04
0.583054     2.26052000e-04
0.583249     2.37504000e-04
0.583443     2.10094000e-04
0.583638     2.08352000e-04
0.583832     2.08154000e-04
0.584027     2.36112000e-04
0.584221     2.22924000e-04
0.584416     2.43919000e-04
0.584611     2.30701000e-04
0.584806     2.67223000e-04
0.585001     2.12498000e-04
0.585196     2.32056000e-04
0.585391     2.43318000e-04
0.585586     2.13572000e-04
0.585781     1.98808000e-04
0.585976     2.95292000e-04
0.586172     2.32177000e-04
0.586367     2.93017000e-04
0.586563     2.48912000e-04
0.586758     2.01031000e-04
0.586954     2.75281000e-04
0.587149     2.66646000e-04
0.587345     2.73459000e-04
0.587541     2.57762000e-04
0.587737     2.64827000e-04
0.587933     2.41875000e-04
0.588129     2.22665000e-04
0.588325     2.35192000e-04
0.588521     2.36446000e-04
0.588717     2.51080000e-04
0.588913     2.50114000e-04
0.589109     4.10281000e-04
0.589306     2.91984000e-04
0.589502     2.64667000e-04
0.589699     3.72246000e-04
0.589895     2.60982000e-04
0.590092     2.52249000e-04
0.590289     2.94252000e-04
0.590485     2.21203000e-04
0.590682     2.98616000e-04
0.590879     2.23823000e-04
0.591076     2.89912000e-04
0.591273     2.99862000e-04
0.591470     2.66603000e-04
0.591667     2.45697000e-04
0.591865     2.83885000e-04
0.592062     2.85057000e-04
0.592259     2.66283000e-04
0.592457     2.75559000e-04
0.592654     2.94085000e-04
0.592852     3.07113000e-04
0.593049     2.88412000e-04
0.593247     3.04668000e-04
0.593445     2.77161000e-04
0.593643     2.44637000e-04
0.593840     2.57796000e-04
0.594038     2.06449000e-04
0.594236     2.84125000e-04
0.594434     2.80432000e-04
0.594633     2.21561000e-04
0.594831     2.69543000e-04
0.595029     2.79372000e-04
0.595227     2.50595000e-04
0.595426     2.32347000e-04
0.595624     2.90871000e-04
0.595823     2.86731000e-04
0.596021     2.85184000e-04
0.596220     2.80111000e-04
0.596419     2.96200000e-04
0.596618     2.46482000e-04
0.596817     2.67076000e-04
0.597015     2.44837000e-04
0.597214     2.82345000e-04
0.597414     2.58569000e-04
0.597613     3.00307000e-04
0.597812     2.70587000e-04
0.598011     3.02322000e-04
0.598211     2.81178000e-04
0.598410     2.71549000e-04
0.598609     3.08818000e-04
0.598809     2.98759000e-04
0.599009     2.66069000e-04
0.599208     2.93021000e-04
0.599408     2.99052000e-04
0.599608     2.88836000e-04
0.599808     2.89192000e-04
0.600008     2.96293000e-04
0.600208     2.62091000e-04
0.600408     3.02805000e-04
0.600608     2.38188000e-04
0.600808     2.81118000e-04
0.601008     2.83389000e-04
0.601209     2.79147000e-04
0.601409     3.18217000e-04
0.601609     3.00467000e-04
0.601810     2.84742000e-04
0.602011     2.94253000e-04
0.602211     2.81965000e-04
0.602412     2.94162000e-04
0.602613     3.06234000e-04
0.602814     2.71400000e-04
0.603015     2.23443000e-04
0.603216     2.98925000e-04
0.603417     2.30177000e-04
0.603618     2.89233000e-04
0.603819     2.94873000e-04
0.604020     2.64091000e-04
0.604222     2.50789000e-04
0.604423     2.35635000e-04
0.604624     2.95886000e-04
0.604826     2.56948000e-04
0.605028     3.12803000e-04
0.605229     2.92919000e-04
0.605431     2.71481000e-04
0.605633     3.04428000e-04
0.605835     2.98530000e-04
0.606037     2.32920000e-04
0.606239     2.85522000e-04
0.606441     2.87443000e-04
0.606643     2.86627000e-04
0.606845     2.84153000e-04
0.607047     2.20254000e-04
0.607250     2.61527000e-04
0.607452     2.51479000e-04
0.607655     2.53357000e-04
0.607857     2.74356000e-04
0.608060     2.42037000e-04
0.608263     2.11352000e-04
0.608465     2.26854000e-04
0.608668     2.77448000e-04
0.608871     2.67007000e-04
0.609074     2.65458000e-04
0.609277     2.66941000e-04
0.609480     2.39761000e-04
0.609683     2.26565000e-04
0.609886     2.67739000e-04
0.610090     2.91939000e-04
0.610293     2.63739000e-04
0.610497     3.01610000e-04
0.610700     2.63832000e-04
0.610904     3.43945000e-04
0.611107     2.80713000e-04
0.611311     2.93173000e-04
0.611515     2.54207000e-04
0.611719     2.34330000e-04
0.611922     2.75319000e-04
0.612126     2.16100000e-04
0.612330     3.19476000e-04
0.612535     2.81867000e-04
0.612739     2.48446000e-04
0.612943     2.32143000e-04
0.613147     2.70016000e-04
0.613352     2.65809000e-04
0.613556     2.23904000e-04
0.613761     2.78429000e-04
0.613965     3.22637000e-04
0.614170     2.40510000e-04
0.614375     2.87603000e-04
0.614579     2.73185000e-04
0.614784     2.51910000e-04
0.614989     2.31880000e-04
0.615194     2.76894000e-04
0.615399     2.71562000e-04
0.615604     3.28526000e-04
0.615810     2.90705000e-04
0.616015     2.47176000e-04
0.616220     2.97887000e-04
0.616426     3.45308000e-04
0.616631     3.58416000e-04
0.616837     3.28394000e-04
0.617042     3.29310000e-04
0.617248     2.73723000e-04
0.617454     2.90856000e-04
0.617660     3.61077000e-04
0.617865     3.42970000e-04
0.618071     3.32999000e-04
0.618277     3.61506000e-04
0.618483     2.50101000e-04
0.618690     3.37526000e-04
0.618896     3.75334000e-04
0.619102     2.43659000e-04
0.619309     3.96884000e-04
0.619515     2.31650000e-04
0.619721     3.79118000e-04
0.619928     3.41127000e-04
0.620135     4.05381000e-04
0.620341     3.51220000e-04
0.620548     3.50261000e-04
0.620755     3.71613000e-04
0.620962     3.38974000e-04
0.621169     2.54197000e-04
0.621376     2.91996000e-04
0.621583     3.84767000e-04
0.621790     3.23541000e-04
0.621998     3.54039000e-04
0.622205     3.66003000e-04
0.622412     3.71859000e-04
0.622620     3.44404000e-04
0.622827     3.60355000e-04
0.623035     3.55254000e-04
0.623243     1.32433000e-03
0.623450     3.98584000e-04
0.623658     3.64303000e-04
0.623866     3.54607000e-04
0.624074     3.54054000e-04
0.624282     3.72944000e-04
0.624490     2.48543000e-04
0.624698     4.24217000e-04
0.624907     4.10403000e-04
0.625115     3.84984000e-04
0.625323     2.78971000e-04
0.625532     3.79133000e-04
0.625740     3.73463000e-04
0.625949     3.65183000e-04
0.626157     3.53020000e-04
0.626366     3.30106000e-04
0.626575     3.62755000e-04
0.626784     3.49379000e-04
0.626993     3.74196000e-04
0.627202     3.36124000e-04
0.627411     3.28042000e-04
0.627620     2.49272000e-04
0.627829     2.94250000e-04
0.628038     3.75562000e-04
0.628248     3.71500000e-04
0.628457     3.58239000e-04
0.628667     3.17528000e-04
0.628876     3.33653000e-04
0.629086     3.59585000e-04
0.629295     3.54204000e-04
0.629505     3.80960000e-04
0.629715     2.76133000e-04
0.629925     3.37489000e-04
0.630135     3.91665000e-04
0.630345     3.35143000e-04
0.630555     2.79203000e-04
0.630765     2.84184000e-04
0.630976     2.82009000e-04
0.631186     2.79370000e-04
0.631396     3.28447000e-04
0.631607     3.80758000e-04
0.631817     2.46281000e-04
0.632028     4.00289000e-04
0.632239     2.46726000e-04
0.632449     3.39557000e-04
0.632660     2.96206000e-04
0.632871     3.45051000e-04
0.633082     3.33225000e-04
0.633293     3.32254000e-04
0.633504     3.27349000e-04
0.633715     3.85132000e-04
0.633927     3.51037000e-04
0.634138     3.81363000e-04
0.634349     3.28535000e-04
0.634561     3.12819000e-04
0.634772     3.19692000e-04
0.634984     3.30511000e-04
0.635195     3.12441000e-04
0.635407     2.37876000e-04
0.635619     3.24702000e-04
0.635831     3.29116000e-04
0.636043     9.36914000e-04
0.636255     3.76428000e-04
0.636467     3.32887000e-04
0.636679     3.69768000e-04
0.636891     3.16309000e-04
0.637104     3.61246000e-04
0.637316     3.15189000e-04
0.637528     2.76107000e-04
0.637741     3.17354000e-04
0.637953     2.95197000e-04
0.638166     2.84328000e-04
0.638379     3.31178000e-04
0.638592     2.34558000e-04
0.638804     3.56652000e-04
0.639017     3.03505000e-04
0.639230     3.69180000e-04
0.639444     3.49048000e-04
0.639657     3.67067000e-04
0.639870     2.93711000e-04
0.640083     3.07642000e-04
0.640297     3.09441000e-04
0.640510     3.36319000e-04
0.640723     2.69805000e-04
0.640937     3.12457000e-04
0.641151     2.84387000e-04
0.641364     3.16153000e-04
0.641578     2.99248000e-04
0.641792     3.16716000e-04
0.642006     3.33932000e-04
0.642220     3.01687000e-04
0.642434     3.75675000e-04
0.642648     3.46808000e-04
0.642862     3.51068000e-04
0.643077     2.35900000e-04
0.643291     3.74634000e-04
0.643505     3.31221000e-04
0.643720     3.63208000e-04
0.643935     2.58052000e-04
0.644149     3.74890000e-04
0.644364     2.86038000e-04
0.644579     2.64242000e-04
0.644794     2.83579000e-04
0.645008     3.00346000e-04
0.645223     2.54162000e-04
0.645439     3.14292000e-04
0.645654     3.50690000e-04
0.645869     2.73964000e-04
0.646084     3.47370000e-04
0.646300     2.44671000e-04
0.646515     3.71474000e-04
0.646731     2.62071000e-04
0.646946     2.37522000e-04
0.647162     2.80072000e-04
0.647377     3.56192000e-04
0.647593     2.96321000e-04
0.647809     3.01037000e-04
0.648025     2.77904000e-04
0.648241     3.71018000e-04
0.648457     3.25892000e-04
0.648673     3.26556000e-04
0.648890     2.69033000e-04
0.649106     2.80070000e-04
0.649322     3.46612000e-04
0.649539     3.03539000e-04
0.649755     5.26214000e-04
0.649972     3.51843000e-04
0.650188     3.16080000e-04
0.650405     2.66857000e-04
0.650622     3.54317000e-04
0.650839     2.51646000e-04
0.651056     3.42577000e-04
0.651273     2.96051000e-04
0.651490     2.50612000e-04
0.651707     3.81881000e-04
0.651924     3.82485000e-04
0.652142     3.14210000e-04
0.652359     3.25430000e-04
0.652576     2.56121000e-04
0.652794     2.49994000e-04
0.653012     2.54780000e-04
0.653229     2.43775000e-04
0.653447     3.21223000e-04
0.653665     2.69765000e-04
0.653883     2.68039000e-04
0.654101     3.02170000e-04
0.654319     3.27028000e-04
0.654537     3.47671000e-04
0.654755     4.31084000e-04
0.654973     3.50622000e-04
0.655191     3.72366000e-04
0.655410     2.83292000e-04
0.655628     3.67819000e-04
0.655847     2.87689000e-04
0.656066     4.53634000e-04
0.656284     4.45102000e-04
0.656503     7.99320000e-04
0.656722     4.78857000e-04
0.656941     3.18395000e-04
0.657160     4.21682000e-04
0.657379     4.11881000e-04
0.657598     3.14484000e-04
0.657817     3.18063000e-04
0.658036     3.48580000e-04
0.658256     3.79126000e-04
0.658475     3.74797000e-04
0.658695     3.95095000e-04
0.658914     4.02963000e-04
0.659134     3.82992000e-04
0.659354     4.01874000e-04
0.659573     6.56559000e-04
0.659793     2.93194000e-04
0.660013     3.48532000e-04
0.660233     4.24613000e-04
0.660453     4.06779000e-04
0.660673     3.33974000e-04
0.660894     3.89693000e-04
0.661114     3.89551000e-04
0.661334     3.91126000e-04
0.661555     3.55722000e-04
0.661775     4.15584000e-04
0.661996     4.03753000e-04
0.662216     3.63940000e-04
0.662437     3.54573000e-04
0.662658     4.18402000e-04
0.662879     4.34488000e-04
0.663100     4.14377000e-04
0.663321     3.93411000e-04
0.663542     4.11868000e-04
0.663763     3.93327000e-04
0.663984     4.07641000e-04
0.664206     4.09264000e-04
0.664427     4.00457000e-04
0.664649     4.38684000e-04
0.664870     3.83521000e-04
0.665092     4.35082000e-04
0.665313     4.71255000e-04
0.665535     2.86410000e-04
0.665757     4.24740000e-04
0.665979     4.57847000e-04
0.666201     3.89758000e-04
0.666423     4.60511000e-04
0.666645     4.60072000e-04
0.666867     2.88434000e-04
0.667090     4.25735000e-04
0.667312     3.14414000e-04
0.667535     3.76584000e-04
0.667757     4.16653000e-04
0.667980     1.35938000e-03
0.668202     4.36956000e-04
0.668425     4.68586000e-04
0.668648     4.28619000e-04
0.668871     4.00659000e-04
0.669094     4.29759000e-04
0.669317     4.02594000e-04
0.669540     3.07968000e-04
0.669763     3.77462000e-04
0.669986     4.63073000e-04
0.670210     4.13467000e-04
0.670433     5.11008000e-04
0.670656     4.65924000e-04
0.670880     5.19650000e-04
0.671104     3.89682000e-04
0.671327     4.32298000e-04
0.671551     4.37791000e-04
0.671775     4.85957000e-04
0.671999     5.16267000e-04
0.672223     4.20891000e-04
0.672447     3.04930000e-04
0.672671     4.89879000e-04
0.672895     5.31544000e-04
0.673120     4.13612000e-04
0.673344     4.24490000e-04
0.673568     3.80263000e-04
0.673793     4.52782000e-04
0.674018     5.09339000e-04
0.674242     4.64145000e-04
0.674467     3.69396000e-04
0.674692     4.07262000e-04
0.674917     3.15732000e-04
0.675142     4.53158000e-04
0.675367     4.94073000e-04
0.675592     4.69244000e-04
0.675817     3.51464000e-04
0.676042     3.50867000e-04
0.676268     4.45393000e-04
0.676493     4.13462000e-04
0.676719     3.94506000e-04
0.676944     3.43853000e-04
0.677170     3.89886000e-04
0.677396     3.87528000e-04
0.677621     3.88196000e-04
0.677847     4.53498000e-04
0.678073     4.00256000e-04
0.678299     3.66650000e-04
0.678525     4.78640000e-04
0.678751     4.75914000e-04
0.678978     5.11886000e-04
0.679204     3.91727000e-04
0.679430     4.18448000e-04
0.679657     3.54406000e-04
0.679883     5.29585000e-04
0.680110     4.41869000e-04
0.680337     3.52531000e-04
0.680564     3.90725000e-04
0.680790     4.35382000e-04
0.681017     3.82870000e-04
0.681244     3.85337000e-04
0.681471     3.61600000e-04
0.681699     4.88070000e-04
0.681926     4.17387000e-04
0.682153     4.34845000e-04
0.682381     3.76326000e-04
0.682608     4.19561000e-04
0.682836     5.15716000e-04
0.683063     4.31047000e-04
0.683291     4.37665000e-04
0.683519     3.71908000e-04
0.683746     3.31367000e-04
0.683974     4.51182000e-04
0.684202     4.05614000e-04
0.684430     4.18362000e-04
0.684659     5.31930000e-04
0.684887     3.71874000e-04
0.685115     3.81382000e-04
0.685343     3.61189000e-04
0.685572     3.95039000e-04
0.685800     4.49448000e-04
0.686029     3.54175000e-04
0.686258     4.26934000e-04
0.686486     3.76468000e-04
0.686715     4.87725000e-04
0.686944     3.79612000e-04
0.687173     3.45355000e-04
0.687402     3.79806000e-04
0.687631     4.96910000e-04
0.687861     3.06749000e-04
0.688090     3.35023000e-04
0.688319     5.40834000e-04
0.688549     4.58297000e-04
0.688778     3.67754000e-04
0.689008     4.96378000e-04
0.689237     4.49029000e-04
0.689467     3.56504000e-04
0.689697     4.47014000e-04
0.689927     4.56904000e-04
0.690157     4.84335000e-04
0.690387     4.29815000e-04
0.690617     4.07295000e-04
0.690847     4.50930000e-04
0.691078     3.21178000e-04
0.691308     4.86372000e-04
0.691538     3.37142000e-04
0.691769     3.35490000e-04
0.691999     5.25398000e-04
0.692230     4.77494000e-04
0.692461     3.76187000e-04
0.692692     3.44818000e-04
0.692923     4.43006000e-04
0.693154     4.36896000e-04
0.693385     3.54876000e-04
0.693616     4.48325000e-04
0.693847     4.42690000e-04
0.694078     3.52325000e-04
0.694310     3.13630000e-04
0.694541     3.29469000e-04
0.694772     4.61114000e-04
0.695004     3.90670000e-04
0.695236     4.03352000e-04
0.695467     4.04374000e-04
0.695699     4.35750000e-04
0.695931     4.35296000e-04
0.696163     4.45360000e-04
0.696395     4.34532000e-04
0.696627     3.80516000e-04
0.696860     3.34909000e-04
0.697092     3.97940000e-04
0.697324     3.22035000e-04
0.697557     3.30513000e-04
0.697789     3.84220000e-04
0.698022     3.53246000e-04
0.698254     4.50465000e-04
0.698487     3.32885000e-04
0.698720     4.13001000e-04
0.698953     3.45368000e-04
0.699186     3.55708000e-04
0.699419     3.52461000e-04
0.699652     3.95282000e-04
0.699885     3.90341000e-04
0.700119     4.30438000e-04
0.700352     3.82362000e-04
0.700585     3.40800000e-04
0.700819     4.06442000e-04
0.701053     3.19881000e-04
0.701286     3.19970000e-04
0.701520     3.90971000e-04
0.701754     4.18343000e-04
0.701988     4.03638000e-04
0.702222     4.22141000e-04
0.702456     4.53855000e-04
0.702690     4.15437000e-04
0.702924     3.34038000e-04
0.703159     3.38563000e-04
0.703393     3.46145000e-04
0.703627     3.66927000e-04
0.703862     3.79518000e-04
0.704097     3.85592000e-04
0.704331     4.37103000e-04
0.704566     3.37772000e-04
0.704801     3.47047000e-04
0.705036     4.08020000e-04
0.705271     3.81993000e-04
0.705506     3.30156000e-04
0.705741     6.35309000e-04
0.705976     3.75239000e-04
0.706212     3.81516000e-04
0.706447     3.94683000e-04
0.706683     3.76403000e-04
0.706918     3.49629000e-04
0.707154     4.45161000e-04
0.707390     4.19382000e-04
0.707625     3.54919000e-04
0.707861     3.31901000e-04
0.708097     3.35202000e-04
0.708333     5.21298000e-04
0.708569     3.63856000e-04
0.708805     3.50585000e-04
0.709042     5.45135000e-04
0.709278     3.45562000e-04
0.709515     3.63639000e-04
0.709751     3.87575000e-04
0.709988     6.09327000e-04
0.710224     4.70699000e-04
0.710461     3.79828000e-04
0.710698     3.76908000e-04
0.710935     6.21884000e-04
0.711172     3.59122000e-04
0.711409     5.78820000e-04
0.711646     6.50668000e-04
0.711883     4.05064000e-04
0.712120     4.09835000e-04
0.712358     4.04255000e-04
0.712595     3.65381000e-04
0.712833     5.49817000e-04
0.713070     5.19443000e-04
0.713308     4.98499000e-04
0.713546     5.04802000e-04
0.713784     6.19614000e-04
0.714022     5.84922000e-04
0.714260     4.18051000e-04
0.714498     3.84980000e-04
0.714736     4.70074000e-04
0.714974     4.04889000e-04
0.715212     4.03121000e-04
0.715451     4.72147000e-04
0.715689     5.36937000e-04
0.715928     3.63304000e-04
0.716167     3.57283000e-04
0.716405     4.20731000e-04
0.716644     1.45828000e-03
0.716883     4.23353000e-04
0.717122     4.35955000e-04
0.717361     3.88097000e-04
0.717600     6.20635000e-04
0.717839     6.18985000e-04
0.718079     4.26008000e-04
0.718318     1.07882000e-03
0.718557     5.43444000e-04
0.718797     4.04329000e-04
0.719036     4.34827000e-04
0.719276     5.70569000e-04
0.719516     4.97702000e-04
0.719756     5.31069000e-04
0.719996     4.00988000e-04
0.720236     4.68293000e-04
0.720476     3.95867000e-04
0.720716     5.74946000e-04
0.720956     4.44889000e-04
0.721196     4.46449000e-04
0.721437     4.04395000e-04
0.721677     6.06601000e-04
0.721918     3.79834000e-04
0.722159     6.15386000e-04
0.722399     4.26865000e-04
0.722640     4.33575000e-04
0.722881     4.07784000e-04
0.723122     3.95030000e-04
0.723363     3.72867000e-04
0.723604     3.70079000e-04
0.723845     4.55713000e-04
0.724087     6.52933000e-04
0.724328     6.02222000e-04
0.724569     4.11632000e-04
0.724811     3.82605000e-04
0.725052     3.76035000e-04
0.725294     5.26023000e-04
0.725536     4.77348000e-04
0.725778     5.66562000e-04
0.726020     3.99214000e-04
0.726262     6.19364000e-04
0.726504     3.87496000e-04
0.726746     6.19324000e-04
0.726988     3.79873000e-04
0.727231     5.72215000e-04
0.727473     4.22170000e-04
0.727715     6.49894000e-04
0.727958     5.04710000e-04
0.728201     4.79265000e-04
0.728443     4.10373000e-04
0.728686     7.93842000e-04
0.728929     3.74602000e-04
0.729172     4.78522000e-04
0.729415     5.87177000e-04
0.729658     5.76650000e-04
0.729901     5.01780000e-04
0.730145     5.83848000e-04
0.730388     4.79952000e-04
0.730632     3.72915000e-04
0.730875     4.24466000e-04
0.731119     4.11393000e-04
0.731362     4.09434000e-04
0.731606     3.90090000e-04
0.731850     4.48190000e-04
0.732094     4.38981000e-04
0.732338     4.04353000e-04
0.732582     3.91761000e-04
0.732826     4.06632000e-04
0.733071     5.09109000e-04
0.733315     4.72791000e-04
0.733560     5.85681000e-04
0.733804     3.79578000e-04
0.734049     3.84686000e-04
0.734293     4.99814000e-04
0.734538     4.15201000e-04
0.734783     4.06119000e-04
0.735028     4.02165000e-04
0.735273     4.35586000e-04
0.735518     4.70876000e-04
0.735763     4.27082000e-04
0.736008     4.75052000e-04
0.736254     5.20526000e-04
0.736499     4.54865000e-04
0.736745     4.32925000e-04
0.736990     4.12459000e-04
0.737236     4.17690000e-04
0.737482     5.31622000e-04
0.737727     4.64136000e-04
0.737973     4.76254000e-04
0.738219     4.07862000e-04
0.738465     5.16294000e-04
0.738712     4.16237000e-04
0.738958     4.38508000e-04
0.739204     5.41252000e-04
0.739451     3.96082000e-04
0.739697     4.13061000e-04
0.739944     3.99168000e-04
0.740190     4.85541000e-04
0.740437     4.34242000e-04
0.740684     3.99389000e-04
0.740931     4.41203000e-04
0.741178     4.34318000e-04
0.741425     4.48410000e-04
0.741672     4.85313000e-04
0.741919     4.67075000e-04
0.742166     4.28888000e-04
0.742414     4.41659000e-04
0.742661     4.20602000e-04
0.742909     4.22956000e-04
0.743156     4.56421000e-04
0.743404     4.49625000e-04
0.743652     4.44621000e-04
0.743900     4.11666000e-04
0.744148     4.33164000e-04
0.744396     4.36813000e-04
0.744644     4.09255000e-04
0.744892     4.21948000e-04
0.745140     4.28392000e-04
0.745389     3.97307000e-04
0.745637     4.61870000e-04
0.745886     4.14096000e-04
0.746135     4.02829000e-04
0.746383     4.78654000e-04
0.746632     4.42097000e-04
0.746881     4.47228000e-04
0.747130     4.02311000e-04
0.747379     6.80895000e-04
0.747628     4.11827000e-04
0.747877     4.43416000e-04
0.748127     4.24452000e-04
0.748376     4.48080000e-04
0.748625     4.47290000e-04
0.748875     4.29640000e-04
0.749125     4.76973000e-04
0.749374     7.36399000e-04
0.749624     4.63325000e-04
0.749874     4.28865000e-04
0.750124     4.33538000e-04
0.750374     4.13043000e-04
0.750624     4.10158000e-04
0.750874     4.31452000e-04
0.751125     4.57708000e-04
0.751375     4.40517000e-04
0.751625     4.66053000e-04
0.751876     4.26191000e-04
0.752127     4.07752000e-04
0.752377     4.40281000e-04
0.752628     4.47656000e-04
0.752879     4.66316000e-04
0.753130     4.15082000e-04
0.753381     4.24979000e-04
0.753632     4.20181000e-04
0.753883     4.13520000e-04
0.754135     4.30722000e-04
0.754386     4.22331000e-04
0.754637     4.12198000e-04
0.754889     4.30726000e-04
0.755141     4.33713000e-04
0.755392     4.22955000e-04
0.755644     4.36545000e-04
0.755896     4.40690000e-04
0.756148     4.40416000e-04
0.756400     4.34229000e-04
0.756652     4.39089000e-04
0.756904     4.19287000e-04
0.757157     4.83902000e-04
0.757409     4.33638000e-04
0.757661     4.54254000e-04
0.757914     4.42503000e-04
0.758167     4.17774000e-04
0.758419     4.96469000e-04
0.758672     4.50202000e-04
0.758925     4.53102000e-04
0.759178     6.55308000e-04
0.759431     4.83572000e-04
0.759684     5.11850000e-04
0.759937     4.41946000e-04
0.760191     5.99850000e-04
0.760444     6.22443000e-04
0.760698     4.35328000e-04
0.760951     4.30591000e-04
0.761205     4.42458000e-04
0.761459     4.45004000e-04
0.761712     4.49517000e-04
0.761966     4.43953000e-04
0.762220     4.75129000e-04
0.762474     4.72494000e-04
0.762729     7.00960000e-04
0.762983     4.41436000e-04
0.763237     4.33106000e-04
0.763492     4.49830000e-04
0.763746     4.48190000e-04
0.764001     4.95675000e-04
0.764255     4.51106000e-04
0.764510     5.69841000e-04
0.764765     4.30283000e-04
0.765020     5.04116000e-04
0.765275     5.98408000e-04
0.765530     6.19714000e-04
0.765785     4.76913000e-04
0.766040     6.44731000e-04
0.766296     6.75454000e-04
0.766551     4.69097000e-04
0.766807     6.41560000e-04
0.767062     4.71362000e-04
0.767318     4.76027000e-04
0.767574     6.78145000e-04
0.767830     4.37065000e-04
0.768085     4.54650000e-04
0.768342     7.37282000e-04
0.768598     6.97559000e-04
0.768854     6.76636000e-04
0.769110     7.03343000e-04
0.769366     8.24741000e-04
0.769623     4.98647000e-04
0.769879     7.16384000e-04
0.770136     5.03473000e-04
0.770393     5.43541000e-04
0.770650     4.76026000e-04
0.770907     5.03423000e-04
0.771163     4.82319000e-04
0.771421     4.76720000e-04
0.771678     6.41309000e-04
0.771935     5.36627000e-04
0.772192     6.44169000e-04
0.772450     6.80363000e-04
0.772707     5.47853000e-04
0.772965     5.50742000e-04
0.773222     6.97434000e-04
0.773480     4.70383000e-04
0.773738     4.70244000e-04
0.773996     4.54178000e-04
0.774254     5.11507000e-04
0.774512     5.37465000e-04
0.774770     6.63588000e-04
0.775028     7.15530000e-04
0.775287     7.23606000e-04
0.775545     7.47330000e-04
0.775804     4.74181000e-04
0.776062     7.33814000e-04
0.776321     7.31698000e-04
0.776580     5.35487000e-04
0.776839     4.73424000e-04
0.777097     4.66129000e-04
0.777356     6.82093000e-04
0.777616     5.03496000e-04
0.777875     4.98691000e-04
0.778134     5.08764000e-04
0.778393     4.75568000e-04
0.778653     6.42034000e-04
0.778913     6.91879000e-04
0.779172     5.18499000e-04
0.779432     4.64983000e-04
0.779692     6.84962000e-04
0.779952     5.23858000e-04
0.780212     7.11757000e-04
0.780472     6.21090000e-04
0.780732     5.60272000e-04
0.780992     4.66496000e-04
0.781252     6.55685000e-04
0.781513     6.70878000e-04
0.781773     4.82158000e-04
0.782034     5.32904000e-04
0.782295     5.17776000e-04
0.782555     4.76489000e-04
0.782816     4.77249000e-04
0.783077     6.86190000e-04
0.783338     7.04364000e-04
0.783599     6.07993000e-04
0.783860     5.67826000e-04
0.784122     6.67098000e-04
0.784383     6.76729000e-04
0.784645     4.96007000e-04
0.784906     6.08854000e-04
0.785168     5.73375000e-04
0.785429     5.75844000e-04
0.785691     6.07552000e-04
0.785953     5.63916000e-04
0.786215     4.98894000e-04
0.786477     4.98930000e-04
0.786739     6.00010000e-04
0.787002     5.27995000e-04
0.787264     6.56448000e-04
0.787526     5.67126000e-04
0.787789     7.10987000e-04
0.788051     5.86560000e-04
0.788314     6.58563000e-04
0.788577     6.08269000e-04
0.788840     5.96736000e-04
0.789103     5.05953000e-04
0.789366     5.50083000e-04
0.789629     5.48893000e-04
0.789892     6.30279000e-04
0.790155     6.60861000e-04
0.790419     5.10537000e-04
0.790682     5.63369000e-04
0.790946     7.29789000e-04
0.791209     5.38253000e-04
0.791473     5.53580000e-04
0.791737     6.92661000e-04
0.792001     6.68978000e-04
0.792265     6.55257000e-04
0.792529     7.13299000e-04
0.792793     6.21642000e-04
0.793057     5.88818000e-04
0.793322     6.49995000e-04
0.793586     7.08453000e-04
0.793851     5.66025000e-04
0.794115     5.08975000e-04
0.794380     6.76848000e-04
0.794645     6.25149000e-04
0.794910     5.10648000e-04
0.795175     6.57033000e-04
0.795440     6.36854000e-04
0.795705     5.11708000e-04
0.795970     5.26856000e-04
0.796236     5.32064000e-04
0.796501     5.91053000e-04
0.796766     6.28069000e-04
0.797032     5.19668000e-04
0.797298     6.03866000e-04
0.797563     6.25587000e-04
0.797829     5.49253000e-04
0.798095     6.01091000e-04
0.798361     5.17259000e-04
0.798627     6.36090000e-04
0.798894     6.36830000e-04
0.799160     5.86652000e-04
0.799426     5.46276000e-04
0.799693     5.46592000e-04
0.799959     5.75904000e-04
0.800226     5.34869000e-04
0.800493     5.62734000e-04
0.800760     5.70284000e-04
0.801027     5.40852000e-04
0.801294     5.22377000e-04
0.801561     6.28436000e-04
0.801828     5.87650000e-04
0.802095     5.32069000e-04
0.802362     5.89207000e-04
0.802630     6.32623000e-04
0.802897     6.13486000e-04
0.803165     6.23169000e-04
0.803433     5.86148000e-04
0.803701     5.86163000e-04
0.803969     5.86811000e-04
0.804237     5.67383000e-04
0.804505     5.78055000e-04
0.804773     6.48804000e-04
0.805041     5.78613000e-04
0.805309     5.18164000e-04
0.805578     5.94577000e-04
0.805846     5.40477000e-04
0.806115     5.21846000e-04
0.806384     6.34467000e-04
0.806652     5.63238000e-04
0.806921     5.94058000e-04
0.807190     6.41935000e-04
0.807459     5.84313000e-04
0.807729     5.70865000e-04
0.807998     5.42957000e-04
0.808267     5.17564000e-04
0.808537     6.03099000e-04
0.808806     6.09318000e-04
0.809076     5.96472000e-04
0.809345     6.06036000e-04
0.809615     5.77974000e-04
0.809885     5.93266000e-04
0.810155     5.39830000e-04
0.810425     6.13342000e-04
0.810695     5.50209000e-04
0.810965     5.87197000e-04
0.811236     5.92184000e-04
0.811506     5.38222000e-04
0.811777     5.33971000e-04
0.812047     5.39888000e-04
0.812318     6.14267000e-04
0.812589     5.57840000e-04
0.812859     5.58187000e-04
0.813130     5.47155000e-04
0.813401     5.41439000e-04
0.813673     5.72804000e-04
0.813944     5.46766000e-04
0.814215     5.56609000e-04
0.814487     6.02726000e-04
0.814758     5.41207000e-04
0.815030     5.37241000e-04
0.815301     5.79810000e-04
0.815573     5.60801000e-04
0.815845     5.73919000e-04
0.816117     5.53553000e-04
0.816389     5.62730000e-04
0.816661     5.34470000e-04
0.816933     5.49678000e-04
0.817206     5.91043000e-04
0.817478     5.77439000e-04
0.817750     5.31850000e-04
0.818023     5.82010000e-04
0.818296     5.91914000e-04
0.818569     6.89993000e-04
0.818841     5.57939000e-04
0.819114     5.47622000e-04
0.819387     5.72296000e-04
0.819660     6.08608000e-04
0.819934     5.52663000e-04
0.820207     5.88664000e-04
0.820480     5.85353000e-04
0.820754     5.58821000e-04
0.821028     7.17438000e-04
0.821301     6.08029000e-04
0.821575     5.78031000e-04
0.821849     8.07578000e-04
0.822123     5.68922000e-04
0.822397     5.79032000e-04
0.822671     5.57071000e-04
0.822945     6.25530000e-04
0.823219     5.69839000e-04
0.823494     5.59022000e-04
0.823768     5.95824000e-04
0.824043     5.90190000e-04
0.824318     6.08611000e-04
0.824592     5.49478000e-04
0.824867     5.63582000e-04
0.825142     5.77033000e-04
0.825417     5.68106000e-04
0.825692     6.61120000e-04
0.825968     5.55371000e-04
0.826243     5.63794000e-04
0.826518     7.43316000e-04
0.826794     5.64605000e-04
0.827069     5.80730000e-04
0.827345     6.81712000e-04
0.827621     5.73331000e-04
0.827897     5.78481000e-04
0.828173     7.53570000e-04
0.828449     7.18908000e-04
0.828725     5.59093000e-04
0.829001     6.20185000e-04
0.829278     5.70532000e-04
0.829554     5.75325000e-04
0.829831     5.71052000e-04
0.830107     5.89085000e-04
0.830384     5.63542000e-04
0.830661     7.70755000e-04
0.830938     5.83110000e-04
0.831215     6.52661000e-04
0.831492     5.68584000e-04
0.831769     5.66693000e-04
0.832046     5.84242000e-04
0.832323     5.70518000e-04
0.832601     8.66819000e-04
0.832878     6.01858000e-04
0.833156     7.12802000e-04
0.833434     6.14536000e-04
0.833711     7.03328000e-04
0.833989     5.75119000e-04
0.834267     5.79861000e-04
0.834545     6.82702000e-04
0.834824     7.02805000e-04
0.835102     7.43494000e-04
0.835380     6.64342000e-04
0.835659     5.78018000e-04
0.835937     7.53661000e-04
0.836216     6.86174000e-04
0.836495     6.56059000e-04
0.836774     7.55264000e-04
0.837052     5.81287000e-04
0.837331     6.63381000e-04
0.837611     6.05039000e-04
0.837890     6.63602000e-04
0.838169     7.65960000e-04
0.838448     7.00334000e-04
0.838728     6.15873000e-04
0.839008     2.71207000e-03
0.839287     6.39371000e-04
0.839567     6.55986000e-04
0.839847     6.04228000e-04
0.840127     6.20718000e-04
0.840407     7.41726000e-04
0.840687     6.29520000e-04
0.840967     7.58478000e-04
0.841247     6.83649000e-04
0.841528     7.02107000e-04
0.841808     5.93072000e-04
0.842089     6.03065000e-04
0.842370     7.26353000e-04
0.842650     7.64302000e-04
0.842931     6.43415000e-04
0.843212     6.20804000e-04
0.843493     6.39930000e-04
0.843775     7.82184000e-04
0.844056     6.79216000e-04
0.844337     6.70342000e-04
0.844619     7.64535000e-04
0.844900     8.14399000e-04
0.845182     6.26540000e-04
0.845464     7.10434000e-04
0.845745     7.96577000e-04
0.846027     7.53416000e-04
0.846309     8.22245000e-04
0.846591     8.13720000e-04
0.846874     6.04901000e-04
0.847156     7.98343000e-04
0.847438     6.08384000e-04
0.847721     7.14308000e-04
0.848003     7.39592000e-04
0.848286     6.31512000e-04
0.848569     8.78054000e-04
0.848852     7.24896000e-04
0.849135     7.90755000e-04
0.849418     6.25978000e-04
0.849701     7.41305000e-04
0.849984     1.07557000e-03
0.850267     7.37979000e-04
0.850551     6.86072000e-04
0.850834     7.40146000e-04
0.851118     7.79022000e-04
0.851402     8.78573000e-04
0.851685     7.86956000e-04
0.851969     6.90177000e-04
0.852253     7.22135000e-04
0.852537     6.65006000e-04
0.852822     8.73405000e-04
0.853106     6.72564000e-04
0.853390     7.34283000e-04
0.853675     8.33122000e-04
0.853959     8.53165000e-04
0.854244     1.08842000e-03
0.854529     1.32428000e-03
0.854813     7.14799000e-04
0.855098     7.51143000e-04
0.855383     6.43699000e-04
0.855669     8.12125000e-04
0.855954     7.75712000e-04
0.856239     8.24505000e-04
0.856524     7.45611000e-04
0.856810     7.00606000e-04
0.857096     8.26618000e-04
0.857381     6.68104000e-04
0.857667     6.34133000e-04
0.857953     7.36268000e-04
0.858239     7.00093000e-04
0.858525     6.86376000e-04
0.858811     6.58692000e-04
0.859097     7.76114000e-04
0.859384     7.94868000e-04
0.859670     6.70189000e-04
0.859957     7.51806000e-04
0.860244     7.60113000e-04
0.860530     7.21720000e-04
0.860817     6.37060000e-04
0.861104     7.33653000e-04
0.861391     7.41515000e-04
0.861678     6.50788000e-04
0.861965     7.30554000e-04
0.862253     7.04421000e-04
0.862540     7.15960000e-04
0.862828     6.88528000e-04
0.863115     6.31263000e-04
0.863403     6.74416000e-04
0.863691     6.85101000e-04
0.863979     6.84402000e-04
0.864267     6.34990000e-04
0.864555     6.98498000e-04
0.864843     7.33234000e-04
0.865131     7.10537000e-04
0.865420     7.30226000e-04
0.865708     7.10994000e-04
0.865997     7.58404000e-04
0.866285     8.77101000e-04
0.866574     1.06597000e-03
0.866863     8.35430000e-04
0.867152     8.01973000e-04
0.867441     7.80109000e-04
0.867730     7.32438000e-04
0.868019     6.46860000e-04
0.868309     7.44005000e-04
0.868598     7.84193000e-04
0.868888     7.17807000e-04
0.869177     7.13723000e-04
0.869467     6.68399000e-04
0.869757     6.91490000e-04
0.870047     6.97123000e-04
0.870337     6.72080000e-04
0.870627     7.04682000e-04
0.870917     6.83261000e-04
0.871207     7.00224000e-04
0.871498     7.14536000e-04
0.871788     6.72409000e-04
0.872079     7.09994000e-04
0.872370     7.05092000e-04
0.872660     6.59150000e-04
0.872951     6.90434000e-04
0.873242     6.69082000e-04
0.873533     6.76338000e-04
0.873825     7.06880000e-04
0.874116     6.65429000e-04
0.874407     6.96039000e-04
0.874699     7.12882000e-04
0.874990     7.50880000e-04
0.875282     8.14253000e-04
0.875574     7.13405000e-04
0.875865     7.45104000e-04
0.876157     6.94438000e-04
0.876449     6.67558000e-04
0.876742     7.06406000e-04
0.877034     7.13273000e-04
0.877326     6.66633000e-04
0.877619     7.50831000e-04
0.877911     6.88498000e-04
0.878204     6.85254000e-04
0.878497     6.67690000e-04
0.878789     6.75758000e-04
0.879082     6.82196000e-04
0.879375     7.22952000e-04
0.879668     7.14823000e-04
0.879962     6.92053000e-04
0.880255     6.61809000e-04
0.880548     6.72133000e-04
0.880842     7.55014000e-04
0.881136     7.43424000e-04
0.881429     6.88809000e-04
0.881723     6.70790000e-04
0.882017     7.00040000e-04
0.882311     6.81514000e-04
0.882605     7.29028000e-04
0.882899     6.67335000e-04
0.883194     6.86013000e-04
0.883488     7.14619000e-04
0.883783     6.84892000e-04
0.884077     7.90815000e-04
0.884372     6.92339000e-04
0.884667     6.97667000e-04
0.884961     7.04604000e-04
0.885256     6.98130000e-04
0.885552     7.59814000e-04
0.885847     7.14170000e-04
0.886142     7.19151000e-04
0.886437     7.88196000e-04
0.886733     9.17913000e-04
0.887028     9.86343000e-04
0.887324     7.00401000e-04
0.887620     7.26115000e-04
0.887916     6.99837000e-04
0.888212     7.21465000e-04
0.888508     7.09325000e-04
0.888804     6.90919000e-04
0.889100     6.84362000e-04
0.889397     6.93786000e-04
0.889693     6.81412000e-04
0.889990     6.70329000e-04
0.890286     6.80442000e-04
0.890583     6.73758000e-04
0.890880     9.92029000e-04
0.891177     6.92915000e-04
0.891474     6.98435000e-04
0.891771     6.76992000e-04
0.892068     6.74426000e-04
0.892366     6.89189000e-04
0.892663     7.11669000e-04
0.892961     7.21702000e-04
0.893258     9.85075000e-04
0.893556     6.79934000e-04
0.893854     6.78912000e-04
0.894152     8.03911000e-04
0.894450     7.75902000e-04
0.894748     8.83185000e-04
0.895046     7.50337000e-04
0.895345     1.01926000e-03
0.895643     7.00937000e-04
0.895942     9.25504000e-04
0.896240     8.99106000e-04
0.896539     6.87091000e-04
0.896838     6.96119000e-04
0.897137     7.03405000e-04
0.897436     6.91224000e-04
0.897735     7.10290000e-04
0.898034     7.05266000e-04
0.898334     7.11661000e-04
0.898633     7.02533000e-04
0.898933     9.16838000e-04
0.899232     8.37163000e-04
0.899532     7.08496000e-04
0.899832     9.28177000e-04
0.900132     7.34900000e-04
0.900432     8.86936000e-04
0.900732     7.84065000e-04
0.901032     8.44055000e-04
0.901333     7.94393000e-04
0.901633     8.48998000e-04
0.901934     9.15231000e-04
0.902234     7.52691000e-04
0.902535     7.69599000e-04
0.902836     8.42411000e-04
0.903137     9.71749000e-04
0.903438     7.14684000e-04
0.903739     7.17644000e-04
0.904040     8.36785000e-04
0.904342     8.06541000e-04
0.904643     7.04841000e-04
0.904945     7.05437000e-04
0.905246     9.23678000e-04
0.905548     1.01432000e-03
0.905850     7.11348000e-04
0.906152     7.35203000e-04
0.906454     8.00300000e-04
0.906756     7.05182000e-04
0.907058     8.75784000e-04
0.907361     7.23322000e-04
0.907663     9.28415000e-04
0.907966     9.10625000e-04
0.908268     7.31200000e-04
0.908571     7.17818000e-04
0.908874     7.07281000e-04
0.909177     7.92699000e-04
0.909480     7.24437000e-04
0.909783     9.42166000e-04
0.910086     9.69152000e-04
0.910390     7.25959000e-04
0.910693     7.70179000e-04
0.910997     7.93703000e-04
0.911300     7.48475000e-04
0.911604     8.03281000e-04
0.911908     7.22335000e-04
0.912212     7.23811000e-04
0.912516     7.39239000e-04
0.912820     7.50642000e-04
0.913124     8.81198000e-04
0.913429     7.21949000e-04
0.913733     7.22031000e-04
0.914038     7.31085000e-04
0.914343     8.14330000e-04
0.914647     7.20538000e-04
0.914952     8.00901000e-04
0.915257     7.18706000e-04
0.915562     7.27008000e-04
0.915868     7.91093000e-04
0.916173     7.23963000e-04
0.916478     7.63513000e-04
0.916784     8.49966000e-04
0.917089     7.28836000e-04
0.917395     8.27502000e-04
0.917701     7.43764000e-04
0.918007     7.40618000e-04
0.918313     7.40650000e-04
0.918619     7.67425000e-04
0.918925     7.46960000e-04
0.919231     7.33571000e-04
0.919538     7.59469000e-04
0.919844     7.69163000e-04
0.920151     7.45099000e-04
0.920458     7.84434000e-04
0.920764     7.57295000e-04
0.921071     8.49010000e-04
0.921378     7.76292000e-04
0.921685     8.15518000e-04
0.921993     8.10767000e-04
0.922300     8.86907000e-04
0.922607     8.44130000e-04
0.922915     8.84824000e-04
0.923223     1.02707000e-03
0.923530     8.30839000e-04
0.923838     7.99040000e-04
0.924146     8.34113000e-04
0.924454     7.86329000e-04
0.924762     8.00495000e-04
0.925071     7.89345000e-04
0.925379     7.63198000e-04
0.925687     7.98582000e-04
0.925996     8.11275000e-04
0.926305     7.78431000e-04
0.926613     7.74702000e-04
0.926922     7.65762000e-04
0.927231     7.97523000e-04
0.927540     7.64973000e-04
0.927850     7.70866000e-04
0.928159     8.01784000e-04
0.928468     7.70540000e-04
0.928778     7.49309000e-04
0.929087     7.67181000e-04
0.929397     7.67164000e-04
0.929707     9.21219000e-04
0.930017     8.26990000e-04
0.930327     7.77345000e-04
0.930637     7.91976000e-04
0.930947     7.97959000e-04
0.931257     7.70557000e-04
0.931568     8.43717000e-04
0.931878     8.16064000e-04
0.932189     8.33839000e-04
0.932500     7.57232000e-04
0.932810     8.03220000e-04
0.933121     7.72928000e-04
0.933432     8.10137000e-04
0.933744     7.73692000e-04
0.934055     7.61857000e-04
0.934366     7.92310000e-04
0.934678     8.04162000e-04
0.934989     7.64494000e-04
0.935301     1.39083000e-03
0.935613     8.02727000e-04
0.935924     7.81726000e-04
0.936236     7.84990000e-04
0.936549     7.76226000e-04
0.936861     8.25034000e-04
0.937173     8.25024000e-04
0.937485     7.99238000e-04
0.937798     7.72938000e-04
0.938110     8.11540000e-04
0.938423     8.15251000e-04
0.938736     7.80722000e-04
0.939049     8.06209000e-04
0.939362     8.08273000e-04
0.939675     8.05621000e-04
0.939988     7.87536000e-04
0.940302     8.23977000e-04
0.940615     8.04929000e-04
0.940929     8.44283000e-04
0.941242     8.34583000e-04
0.941556     8.69937000e-04
0.941870     8.63050000e-04
0.942184     7.88893000e-04
0.942498     8.18873000e-04
0.942812     8.00150000e-04
0.943126     8.06741000e-04
0.943441     8.47045000e-04
0.943755     8.03627000e-04
0.944070     8.43456000e-04
0.944384     7.84259000e-04
0.944699     8.06293000e-04
0.945014     8.21481000e-04
0.945329     8.59529000e-04
0.945644     8.00112000e-04
0.945959     8.11870000e-04
0.946275     7.97252000e-04
0.946590     8.22864000e-04
0.946906     7.99960000e-04
0.947221     7.97147000e-04
0.947537     8.07212000e-04
0.947853     8.09245000e-04
0.948169     8.00080000e-04
0.948485     8.01780000e-04
0.948801     8.26748000e-04
0.949117     8.29819000e-04
0.949434     8.29543000e-04
0.949750     8.22528000e-04
0.950067     8.25055000e-04
0.950383     8.00777000e-04
0.950700     8.29112000e-04
0.951017     8.04894000e-04
0.951334     8.12298000e-04
0.951651     8.29114000e-04
0.951969     8.17942000e-04
0.952286     8.37969000e-04
0.952603     8.19262000e-04
0.952921     8.34059000e-04
0.953238     8.41859000e-04
0.953556     8.46379000e-04
0.953874     8.57727000e-04
0.954192     8.73294000e-04
0.954510     9.14419000e-04
0.954828     1.05854000e-03
0.955146     9.74884000e-04
0.955465     9.00979000e-04
0.955783     8.68172000e-04
0.956102     8.51663000e-04
0.956421     8.35020000e-04
0.956739     8.50499000e-04
0.957058     8.22611000e-04
0.957377     8.59591000e-04
0.957697     8.58216000e-04
0.958016     8.29281000e-04
0.958335     8.17896000e-04
0.958655     8.35967000e-04
0.958974     8.47830000e-04
0.959294     8.26359000e-04
0.959614     8.34147000e-04
0.959933     8.32872000e-04
0.960253     8.30538000e-04
0.960573     8.77221000e-04
0.960894     8.47936000e-04
0.961214     8.53904000e-04
0.961534     8.19974000e-04
0.961855     8.47834000e-04
0.962175     8.44186000e-04
0.962496     8.53538000e-04
0.962817     8.69680000e-04
0.963138     8.40426000e-04
0.963459     8.29746000e-04
0.963780     8.37990000e-04
0.964101     8.60575000e-04
0.964423     8.22839000e-04
0.964744     8.36878000e-04
0.965066     8.50987000e-04
0.965388     8.43922000e-04
0.965709     8.49273000e-04
0.966031     8.94934000e-04
0.966353     8.47179000e-04
0.966675     8.42806000e-04
0.966998     8.51327000e-04
0.967320     8.53030000e-04
0.967642     8.42552000e-04
0.967965     8.56839000e-04
0.968288     8.53174000e-04
0.968610     8.34327000e-04
0.968933     8.43350000e-04
0.969256     8.58949000e-04
0.969579     8.49103000e-04
0.969902     8.42229000e-04
0.970226     8.35186000e-04
0.970549     8.57092000e-04
0.970873     8.45976000e-04
0.971196     8.44094000e-04
0.971520     8.47324000e-04
0.971844     8.44745000e-04
0.972168     8.56278000e-04
0.972492     8.49777000e-04
0.972816     8.70447000e-04
0.973140     1.00937000e-03
0.973465     8.46323000e-04
0.973789     8.54396000e-04
0.974114     8.96385000e-04
0.974438     9.51593000e-04
0.974763     9.92035000e-04
0.975088     1.04898000e-03
0.975413     8.59277000e-04
0.975738     1.04019000e-03
0.976064     8.57324000e-04
0.976389     8.73450000e-04
0.976714     8.72463000e-04
0.977040     8.65358000e-04
0.977366     8.58276000e-04
0.977691     8.55227000e-04
0.978017     8.54383000e-04
0.978343     8.53722000e-04
0.978670     9.67721000e-04
0.978996     8.69927000e-04
0.979322     9.69857000e-04
0.979649     8.79061000e-04
0.979975     8.70980000e-04
0.980302     1.26483000e-03
0.980628     8.93475000e-04
0.980955     8.69985000e-04
0.981282     1.09676000e-03
0.981609     8.65617000e-04
0.981937     9.13983000e-04
0.982264     8.77958000e-04
0.982591     8.70676000e-04
0.982919     9.41558000e-04
0.983247     8.72039000e-04
0.983574     8.73101000e-04
0.983902     8.73922000e-04
0.984230     8.73858000e-04
0.984558     9.74127000e-04
0.984886     8.82808000e-04
0.985215     8.77117000e-04
0.985543     8.74429000e-04
0.985872     1.00141000e-03
0.986200     8.78703000e-04
0.986529     8.86136000e-04
0.986858     9.11507000e-04
0.987187     8.77269000e-04
0.987516     8.83422000e-04
0.987845     8.68530000e-04
0.988174     9.54544000e-04
0.988504     8.83050000e-04
0.988833     9.20520000e-04
0.989163     9.05604000e-04
0.989492     9.12004000e-04
0.989822     8.79895000e-04
0.990152     9.15022000e-04
0.990482     9.99237000e-04
0.990812     9.09466000e-04
0.991143     8.86646000e-04
0.991473     1.02052000e-03
0.991804     9.05451000e-04
0.992134     9.76188000e-04
0.992465     9.16722000e-04
0.992796     9.97142000e-04
0.993127     9.55655000e-04
0.993458     9.71091000e-04
0.993789     9.10521000e-04
0.994120     9.05169000e-04
0.994452     8.99482000e-04
0.994783     8.89937000e-04
0.995115     9.35657000e-04
0.995446     9.11073000e-04
0.995778     9.00424000e-04
0.996110     8.92161000e-04
0.996442     9.34824000e-04
0.996774     8.91309000e-04
0.997106     9.05788000e-04
0.997439     9.12966000e-04
0.997771     8.92517000e-04
0.998104     8.95988000e-04
0.998437     9.12425000e-04
0.998769     9.16603000e-04
0.999102     9.63544000e-04
0.999435     9.09641000e-04
0.999769     9.59022000e-04
1.000102     1.04886000e-03
1.000435     9.05185000e-04
1.000769     1.11062000e-03
1.001102     9.52991000e-04
1.001436     1.02192000e-03
1.001770     9.05217000e-04
1.002104     1.09420000e-03
1.002438     9.27948000e-04
1.002772     9.74006000e-04
1.003106     9.23471000e-04
1.003440     9.66946000e-04
1.003775     9.88461000e-04
1.004110     9.53504000e-04
1.004444     9.87487000e-04
1.004779     1.00966000e-03
1.005114     1.19313000e-03
1.005449     1.18729000e-03
1.005784     1.06882000e-03
1.006119     1.02309000e-03
1.006455     9.81716000e-04
1.006790     9.68897000e-04
1.007126     9.42057000e-04
1.007462     9.28672000e-04
1.007797     9.43080000e-04
1.008133     9.69800000e-04
1.008469     9.41450000e-04
1.008806     1.00196000e-03
1.009142     9.47507000e-04
1.009478     1.02441000e-03
1.009815     1.05427000e-03
1.010151     9.77367000e-04
1.010488     9.80879000e-04
1.010825     9.45859000e-04
1.011162     1.02242000e-03
1.011499     9.26102000e-04
1.011836     1.00449000e-03
1.012173     1.02412000e-03
1.012511     9.85041000e-04
1.012848     9.54262000e-04
1.013186     9.42381000e-04
1.013524     9.40312000e-04
1.013861     9.27326000e-04
1.014199     9.22070000e-04
1.014537     9.37284000e-04
1.014876     9.63228000e-04
1.015214     9.35029000e-04
1.015552     9.77281000e-04
1.015891     9.51549000e-04
1.016229     9.38466000e-04
1.016568     9.85808000e-04
1.016907     9.36023000e-04
1.017246     9.37956000e-04
1.017585     9.36959000e-04
1.017924     1.04627000e-03
1.018264     9.49833000e-04
1.018603     9.95714000e-04
1.018943     9.84874000e-04
1.019282     9.36611000e-04
1.019622     9.84988000e-04
1.019962     9.66933000e-04
1.020302     9.42177000e-04
1.020642     9.48381000e-04
1.020982     9.66700000e-04
1.021322     9.43687000e-04
1.021663     9.59932000e-04
1.022003     9.82446000e-04
1.022344     9.65777000e-04
1.022685     9.51223000e-04
1.023026     9.67320000e-04
1.023367     9.88386000e-04
1.023708     9.44574000e-04
1.024049     1.02531000e-03
1.024390     9.61967000e-04
1.024732     9.61469000e-04
1.025074     9.44975000e-04
1.025415     9.45447000e-04
1.025757     9.71914000e-04
1.026099     9.68313000e-04
1.026441     9.56504000e-04
1.026783     1.12683000e-03
1.027125     9.66276000e-04
1.027468     9.69743000e-04
1.027810     9.50435000e-04
1.028153     9.53479000e-04
1.028496     9.65300000e-04
1.028838     9.73555000e-04
1.029181     1.00518000e-03
1.029524     9.52751000e-04
1.029868     9.84046000e-04
1.030211     9.68869000e-04
1.030554     9.77014000e-04
1.030898     9.58227000e-04
1.031241     9.63496000e-04
1.031585     9.73740000e-04
1.031929     9.91771000e-04
1.032273     9.61701000e-04
1.032617     9.64054000e-04
1.032961     9.99328000e-04
1.033306     9.84944000e-04
1.033650     9.68917000e-04
1.033995     9.70741000e-04
1.034339     9.79440000e-04
1.034684     9.97946000e-04
1.035029     9.76792000e-04
1.035374     9.66382000e-04
1.035719     9.81508000e-04
1.036064     1.01770000e-03
1.036410     9.77725000e-04
1.036755     9.71920000e-04
1.037101     9.71499000e-04
1.037446     1.02738000e-03
1.037792     9.89824000e-04
1.038138     1.00036000e-03
1.038484     9.75810000e-04
1.038830     9.72232000e-04
1.039177     9.76573000e-04
1.039523     1.00830000e-03
1.039870     1.94924000e-03
1.040216     9.90034000e-04
1.040563     9.77866000e-04
1.040910     1.00403000e-03
1.041257     9.91238000e-04
1.041604     9.80265000e-04
1.041951     9.97116000e-04
1.042298     9.78305000e-04
1.042646     9.99954000e-04
1.042993     1.01007000e-03
1.043341     9.81629000e-04
1.043689     9.86634000e-04
1.044037     9.81569000e-04
1.044385     9.90311000e-04
1.044733     9.83479000e-04
1.045081     1.00736000e-03
1.045429     1.00200000e-03
1.045778     1.05124000e-03
1.046126     1.04650000e-03
1.046475     1.01841000e-03
1.046824     9.93571000e-04
1.047173     1.02602000e-03
1.047522     1.00088000e-03
1.047871     9.99109000e-04
1.048220     1.00998000e-03
1.048570     1.01607000e-03
1.048919     1.00714000e-03
1.049269     9.96122000e-04
1.049619     9.91507000e-04
1.049969     9.95963000e-04
1.050319     1.01420000e-03
1.050669     1.00058000e-03
1.051019     1.00802000e-03
1.051369     1.01056000e-03
1.051720     1.00539000e-03
1.052070     1.02181000e-03
1.052421     1.01052000e-03
1.052772     1.00473000e-03
1.053123     1.00857000e-03
1.053474     1.03049000e-03
1.053825     1.00517000e-03
1.054176     1.00834000e-03
1.054528     1.01815000e-03
1.054879     1.00676000e-03
1.055231     1.01221000e-03
1.055583     1.01389000e-03
1.055934     1.01084000e-03
1.056286     1.00966000e-03
1.056638     1.00984000e-03
1.056991     1.01877000e-03
1.057343     1.02567000e-03
1.057695     1.03930000e-03
1.058048     1.01994000e-03
1.058401     1.04544000e-03
1.058754     1.09461000e-03
1.059106     1.05697000e-03
1.059459     1.01788000e-03
1.059813     1.03368000e-03
1.060166     1.01221000e-03
1.060519     1.07586000e-03
1.060873     1.03821000e-03
1.061226     1.01981000e-03
1.061580     1.01911000e-03
1.061934     1.01827000e-03
1.062288     1.03026000e-03
1.062642     1.02662000e-03
1.062996     1.07225000e-03
1.063351     1.03145000e-03
1.063705     1.03873000e-03
1.064060     1.02147000e-03
1.064414     1.02323000e-03
1.064769     1.02406000e-03
1.065124     1.02460000e-03
1.065479     1.04236000e-03
1.065834     1.02591000e-03
1.066190     1.03201000e-03
1.066545     1.08252000e-03
1.066900     1.03890000e-03
1.067256     1.03594000e-03
1.067612     1.03978000e-03
1.067968     1.03531000e-03
1.068324     1.03640000e-03
1.068680     1.17841000e-03
1.069036     1.04386000e-03
1.069392     1.17805000e-03
1.069749     1.08184000e-03
1.070105     1.04972000e-03
1.070462     1.05527000e-03
1.070819     1.07776000e-03
1.071176     1.10559000e-03
1.071533     1.03719000e-03
1.071890     1.05069000e-03
1.072247     1.06290000e-03
1.072605     1.04052000e-03
1.072962     1.09682000e-03
1.073320     1.11753000e-03
1.073678     1.04095000e-03
1.074036     1.03802000e-03
1.074394     1.05469000e-03
1.074752     1.07273000e-03
1.075110     1.10850000e-03
1.075468     1.05641000e-03
1.075827     1.07442000e-03
1.076186     1.04609000e-03
1.076544     1.04903000e-03
1.076903     1.06430000e-03
1.077262     1.06139000e-03
1.077621     1.04875000e-03
1.077980     1.05656000e-03
1.078340     1.05538000e-03
1.078699     1.08742000e-03
1.079059     1.11111000e-03
1.079418     1.05307000e-03
1.079778     1.09815000e-03
1.080138     1.06091000e-03
1.080498     1.06912000e-03
1.080858     1.05562000e-03
1.081219     1.10544000e-03
1.081579     1.12457000e-03
1.081940     1.06084000e-03
1.082300     1.06627000e-03
1.082661     1.05964000e-03
1.083022     1.19984000e-03
1.083383     1.07683000e-03
1.083744     1.08827000e-03
1.084105     1.07426000e-03
1.084467     1.06980000e-03
1.084828     1.11924000e-03
1.085190     1.07221000e-03
1.085551     1.06283000e-03
1.085913     1.06797000e-03
1.086275     1.06728000e-03
1.086637     1.09519000e-03
1.087000     1.09958000e-03
1.087362     1.19119000e-03
1.087724     1.08027000e-03
1.088087     1.07251000e-03
1.088450     1.12085000e-03
1.088812     1.13483000e-03
1.089175     1.08442000e-03
1.089538     1.09457000e-03
1.089902     1.12461000e-03
1.090265     1.08422000e-03
1.090628     1.08907000e-03
1.090992     1.09933000e-03
1.091356     1.10588000e-03
1.091719     1.17964000e-03
1.092083     1.11721000e-03
1.092447     1.13742000e-03
1.092811     1.14681000e-03
1.093176     1.16873000e-03
1.093540     1.20003000e-03
1.093905     1.35726000e-03
1.094269     1.44331000e-03
1.094634     1.20746000e-03
1.094999     1.16612000e-03
1.095364     1.18138000e-03
1.095729     1.16028000e-03
1.096094     1.19381000e-03
1.096460     1.13942000e-03
1.096825     1.18294000e-03
1.097191     1.10995000e-03
1.097556     1.10858000e-03
1.097922     1.11024000e-03
1.098288     1.16318000e-03
1.098654     1.17600000e-03
1.099021     1.74702000e-03
1.099387     1.12389000e-03
1.099753     1.09867000e-03
1.100120     1.10077000e-03
1.100487     1.10491000e-03
1.100853     1.09961000e-03
1.101220     1.12114000e-03
1.101588     1.13840000e-03
1.101955     1.17106000e-03
1.102322     1.10732000e-03
1.102689     1.10230000e-03
1.103057     1.13601000e-03
1.103425     1.13720000e-03
1.103793     1.11094000e-03
1.104160     1.12259000e-03
1.104529     1.11852000e-03
1.104897     1.11802000e-03
1.105265     1.11868000e-03
1.105633     1.11050000e-03
1.106002     1.12680000e-03
1.106371     1.14326000e-03
1.106739     1.11196000e-03
1.107108     1.12121000e-03
1.107477     1.25836000e-03
1.107847     1.10317000e-03
1.108216     1.11529000e-03
1.108585     1.15838000e-03
1.108955     1.11812000e-03
1.109324     1.11221000e-03
1.109694     1.13518000e-03
1.110064     1.13861000e-03
1.110434     1.11378000e-03
1.110804     1.20895000e-03
1.111174     1.12596000e-03
1.111545     1.12095000e-03
1.111915     1.23241000e-03
1.112286     3.05927000e-03
1.112657     1.12378000e-03
1.113028     1.12475000e-03
1.113399     1.15490000e-03
1.113770     1.15541000e-03
1.114141     1.26313000e-03
1.114512     1.13064000e-03
1.114884     1.13670000e-03
1.115256     1.38939000e-03
1.115627     1.13528000e-03
1.115999     1.13089000e-03
1.116371     1.15891000e-03
1.116743     1.13356000e-03
1.117116     1.12360000e-03
1.117488     1.13028000e-03
1.117860     1.13093000e-03
1.118233     1.14966000e-03
1.118606     1.15263000e-03
1.118979     1.19305000e-03
1.119352     1.16264000e-03
1.119725     1.15344000e-03
1.120098     1.16715000e-03
1.120471     1.15140000e-03
1.120845     1.13483000e-03
1.121219     1.13012000e-03
1.121592     1.16593000e-03
1.121966     1.15790000e-03
1.122340     1.13593000e-03
1.122714     1.13782000e-03
1.123088     1.13484000e-03
1.123463     1.13506000e-03
1.123837     1.14333000e-03
1.124212     1.13738000e-03
1.124587     1.14304000e-03
1.124962     1.13611000e-03
1.125337     1.16702000e-03
1.125712     1.24319000e-03
1.126087     1.14507000e-03
1.126462     1.16421000e-03
1.126838     1.16543000e-03
1.127213     1.34909000e-03
1.127589     1.14060000e-03
1.127965     1.16489000e-03
1.128341     1.14746000e-03
1.128717     1.17565000e-03
1.129093     1.22333000e-03
1.129470     1.18198000e-03
1.129846     1.15663000e-03
1.130223     1.19889000e-03
1.130599     1.16409000e-03
1.130976     1.17315000e-03
1.131353     1.16438000e-03
1.131730     1.17412000e-03
1.132108     1.16111000e-03
1.132485     1.15829000e-03
1.132863     1.16266000e-03
1.133240     1.22175000e-03
1.133618     1.16104000e-03
1.133996     1.17604000e-03
1.134374     1.19253000e-03
1.134752     1.16725000e-03
1.135130     1.17924000e-03
1.135509     1.16115000e-03
1.135887     1.19518000e-03
1.136266     1.18283000e-03
1.136644     1.16241000e-03
1.137023     1.16940000e-03
1.137402     1.16983000e-03
1.137781     1.19872000e-03
1.138161     1.18887000e-03
1.138540     1.21106000e-03
1.138920     1.16991000e-03
1.139299     1.23882000e-03
1.139679     1.17663000e-03
1.140059     1.19117000e-03
1.140439     1.21486000e-03
1.140819     1.27663000e-03
1.141199     1.30705000e-03
1.141580     1.17942000e-03
1.141960     1.18830000e-03
1.142341     1.17797000e-03
1.142722     1.19789000e-03
1.143103     1.19155000e-03
1.143484     1.17540000e-03
1.143865     1.17169000e-03
1.144246     1.22561000e-03
1.144628     1.18289000e-03
1.145009     1.22299000e-03
1.145391     1.18933000e-03
1.145773     1.18045000e-03
1.146154     1.17697000e-03
1.146537     1.19649000e-03
1.146919     1.18480000e-03
1.147301     1.20058000e-03
1.147683     1.19109000e-03
1.148066     1.18679000e-03
1.148449     1.18219000e-03
1.148832     1.19642000e-03
1.149214     1.18342000e-03
1.149598     1.18265000e-03
1.149981     1.18565000e-03
1.150364     1.18270000e-03
1.150748     1.19857000e-03
1.151131     1.18328000e-03
1.151515     1.18853000e-03
1.151899     1.18535000e-03
1.152283     1.20645000e-03
1.152667     1.22705000e-03
1.153051     1.20164000e-03
1.153435     1.18995000e-03
1.153820     1.20098000e-03
1.154204     1.20893000e-03
1.154589     1.20216000e-03
1.154974     1.19601000e-03
1.155359     1.19444000e-03
1.155744     1.20240000e-03
1.156129     1.19999000e-03
1.156515     1.19078000e-03
1.156900     1.19959000e-03
1.157286     1.20069000e-03
1.157672     1.20541000e-03
1.158057     1.19602000e-03
1.158443     1.20642000e-03
1.158830     1.20401000e-03
1.159216     1.20667000e-03
1.159602     1.27634000e-03
1.159989     1.20207000e-03
1.160376     1.22860000e-03
1.160762     1.20970000e-03
1.161149     1.25335000e-03
1.161536     1.26355000e-03
1.161923     1.22934000e-03
1.162311     1.24478000e-03
1.162698     1.21214000e-03
1.163086     1.24085000e-03
1.163473     1.20406000e-03
1.163861     1.21121000e-03
1.164249     1.27556000e-03
1.164637     1.21051000e-03
1.165026     1.22784000e-03
1.165414     1.22576000e-03
1.165802     1.23566000e-03
1.166191     1.30142000e-03
1.166580     1.21697000e-03
1.166969     1.22102000e-03
1.167358     1.27734000e-03
1.167747     1.22928000e-03
1.168136     1.21835000e-03
1.168525     1.22608000e-03
1.168915     1.21413000e-03
1.169304     1.34088000e-03
1.169694     1.23025000e-03
1.170084     1.23009000e-03
1.170474     1.23785000e-03
1.170864     1.22360000e-03
1.171255     1.22271000e-03
1.171645     1.22199000e-03
1.172036     1.22186000e-03
1.172426     1.22836000e-03
1.172817     1.22282000e-03
1.173208     1.24310000e-03
1.173599     1.23804000e-03
1.173990     1.23015000e-03
1.174382     1.23517000e-03
1.174773     1.23227000e-03
1.175165     1.28863000e-03
1.175556     1.31312000e-03
1.175948     1.31506000e-03
1.176340     1.22838000e-03
1.176732     1.24200000e-03
1.177125     1.25635000e-03
1.177517     1.25854000e-03
1.177909     1.26637000e-03
1.178302     1.23945000e-03
1.178695     1.27874000e-03
1.179088     1.24147000e-03
1.179481     1.24784000e-03
1.179874     1.24286000e-03
1.180267     1.28370000e-03
1.180661     1.24565000e-03
1.181054     1.24088000e-03
1.181448     1.27072000e-03
1.181842     1.24393000e-03
1.182236     1.25872000e-03
1.182630     1.24948000e-03
1.183024     1.39825000e-03
1.183418     1.25483000e-03
1.183813     1.25680000e-03
1.184207     1.29949000e-03
1.184602     1.24511000e-03
1.184997     1.26446000e-03
1.185392     1.26675000e-03
1.185787     1.24370000e-03
1.186182     1.25978000e-03
1.186578     1.28671000e-03
1.186973     1.24546000e-03
1.187369     1.26419000e-03
1.187765     1.25588000e-03
1.188161     1.27860000e-03
1.188557     1.34780000e-03
1.188953     1.27149000e-03
1.189349     1.27211000e-03
1.189746     1.36113000e-03
1.190142     1.25449000e-03
1.190539     1.25827000e-03
1.190936     1.26641000e-03
1.191333     1.25382000e-03
1.191730     1.26106000e-03
1.192127     1.26260000e-03
1.192524     1.27959000e-03
1.192922     1.25899000e-03
1.193320     1.25517000e-03
1.193717     1.25626000e-03
1.194115     1.25565000e-03
1.194513     1.26404000e-03
1.194911     1.25749000e-03
1.195310     1.30966000e-03
1.195708     1.26635000e-03
1.196107     1.28097000e-03
1.196506     1.26459000e-03
1.196904     1.26180000e-03
1.197303     1.26658000e-03
1.197702     1.34254000e-03
1.198102     1.26840000e-03
1.198501     1.27646000e-03
1.198901     1.37353000e-03
1.199300     1.36023000e-03
1.199700     1.29360000e-03
1.200100     1.26851000e-03
1.200500     1.27286000e-03
1.200900     1.30109000e-03
1.201300     1.27121000e-03
1.201701     1.27581000e-03
1.202101     1.28015000e-03
1.202502     1.27355000e-03
1.202903     1.28141000e-03
1.203304     1.38273000e-03
1.203705     1.31115000e-03
1.204106     1.28711000e-03
1.204508     1.30911000e-03
1.204909     1.28401000e-03
1.205311     1.27322000e-03
1.205712     1.28604000e-03
1.206114     1.28920000e-03
1.206516     1.28701000e-03
1.206919     1.29137000e-03
1.207321     1.29318000e-03
1.207723     1.28447000e-03
1.208126     1.28715000e-03
1.208529     1.48464000e-03
1.208931     1.31976000e-03
1.209334     1.29932000e-03
1.209738     1.29288000e-03
1.210141     1.29757000e-03
1.210544     1.38605000e-03
1.210948     1.28985000e-03
1.211351     1.33953000e-03
1.211755     1.29650000e-03
1.212159     1.29629000e-03
1.212563     1.28647000e-03
1.212967     1.31216000e-03
1.213372     1.30747000e-03
1.213776     1.29071000e-03
1.214181     1.28893000e-03
1.214585     1.29180000e-03
1.214990     1.30142000e-03
1.215395     1.29949000e-03
1.215800     1.30006000e-03
1.216206     1.30295000e-03
1.216611     1.29183000e-03
1.217017     1.30371000e-03
1.217422     1.30481000e-03
1.217828     1.29955000e-03
1.218234     1.32137000e-03
1.218640     1.31704000e-03
1.219046     1.30021000e-03
1.219453     1.31841000e-03
1.219859     1.31041000e-03
1.220266     1.33094000e-03
1.220672     1.30469000e-03
1.221079     1.31036000e-03
1.221486     1.31103000e-03
1.221894     1.33715000e-03
1.222301     1.30205000e-03
1.222708     1.30784000e-03
1.223116     1.32803000e-03
1.223524     1.32114000e-03
1.223931     1.30536000e-03
1.224339     1.31319000e-03
1.224747     1.32886000e-03
1.225156     1.33005000e-03
1.225564     1.32317000e-03
1.225973     1.31639000e-03
1.226381     1.31076000e-03
1.226790     1.33386000e-03
1.227199     1.34464000e-03
1.227608     1.34965000e-03
1.228017     1.32273000e-03
1.228427     1.32068000e-03
1.228836     1.31486000e-03
1.229246     1.31879000e-03
1.229655     1.31202000e-03
1.230065     1.32410000e-03
1.230475     1.32555000e-03
1.230886     1.32136000e-03
1.231296     1.32750000e-03
1.231706     1.34442000e-03
1.232117     1.32305000e-03
1.232528     1.33293000e-03
1.232938     1.32262000e-03
1.233349     1.33960000e-03
1.233760     1.35595000e-03
1.234172     1.34871000e-03
1.234583     1.34578000e-03
1.234995     1.35215000e-03
1.235406     1.33823000e-03
1.235818     1.34355000e-03
1.236230     1.38800000e-03
1.236642     1.34371000e-03
1.237054     1.35220000e-03
1.237467     1.33759000e-03
1.237879     1.32788000e-03
1.238292     1.33606000e-03
1.238705     1.32830000e-03
1.239117     1.33109000e-03
1.239531     1.35949000e-03
1.239944     1.36794000e-03
1.240357     1.34745000e-03
1.240770     1.35102000e-03
1.241184     1.33978000e-03
1.241598     1.34497000e-03
1.242012     1.35721000e-03
1.242426     1.36571000e-03
1.242840     1.37026000e-03
1.243254     1.40386000e-03
1.243668     1.39881000e-03
1.244083     1.33886000e-03
1.244498     1.34054000e-03
1.244913     1.33744000e-03
1.245328     1.34006000e-03
1.245743     1.33618000e-03
1.246158     1.38164000e-03
1.246573     1.35655000e-03
1.246989     1.34536000e-03
1.247404     1.36179000e-03
1.247820     1.35259000e-03
1.248236     1.35004000e-03
1.248652     1.35475000e-03
1.249068     1.35145000e-03
1.249485     1.35308000e-03
1.249901     1.35402000e-03
1.250318     1.34994000e-03
1.250735     1.39633000e-03
1.251152     1.37190000e-03
1.251569     1.39077000e-03
1.251986     1.40426000e-03
1.252403     1.39699000e-03
1.252821     1.37011000e-03
1.253238     1.36446000e-03
1.253656     1.39198000e-03
1.254074     1.35923000e-03
1.254492     1.35794000e-03
1.254910     1.35214000e-03
1.255328     1.38298000e-03
1.255747     1.35457000e-03
1.256165     1.35856000e-03
1.256584     1.41263000e-03
1.257003     1.37061000e-03
1.257422     1.38817000e-03
1.257841     1.35795000e-03
1.258260     1.38892000e-03
1.258680     1.40321000e-03
1.259099     1.37117000e-03
1.259519     1.38023000e-03
1.259939     1.36462000e-03
1.260359     1.39176000e-03
1.260779     1.36697000e-03
1.261199     1.39841000e-03
1.261620     1.41758000e-03
1.262040     1.37702000e-03
1.262461     1.37302000e-03
1.262882     1.46304000e-03
1.263303     1.37088000e-03
1.263724     1.37141000e-03
1.264145     1.50110000e-03
1.264566     1.37211000e-03
1.264988     1.37848000e-03
1.265410     1.38750000e-03
1.265831     1.37331000e-03
1.266253     1.37616000e-03
1.266675     1.38458000e-03
1.267098     1.38453000e-03
1.267520     1.37526000e-03
1.267943     1.37818000e-03
1.268365     1.41863000e-03
1.268788     1.38749000e-03
1.269211     1.37862000e-03
1.269634     1.38427000e-03
1.270057     1.39471000e-03
1.270481     1.38252000e-03
1.270904     1.41764000e-03
1.271328     1.41834000e-03
1.271751     1.38892000e-03
1.272175     1.38772000e-03
1.272599     1.38390000e-03
1.273024     1.38814000e-03
1.273448     1.39494000e-03
1.273872     1.39275000e-03
1.274297     1.40491000e-03
1.274722     1.40951000e-03
1.275147     1.39382000e-03
1.275572     1.39381000e-03
1.275997     1.39698000e-03
1.276422     1.39862000e-03
1.276848     1.47184000e-03
1.277273     1.41275000e-03
1.277699     1.41063000e-03
1.278125     1.45892000e-03
1.278551     1.42323000e-03
1.278977     1.42854000e-03
1.279404     1.44406000e-03
1.279830     1.44892000e-03
1.280257     1.46951000e-03
1.280683     1.48868000e-03
1.281110     1.53719000e-03
1.281537     1.59179000e-03
1.281965     1.86481000e-03
1.282392     1.79108000e-03
1.282819     1.60405000e-03
1.283247     1.52521000e-03
1.283675     1.49055000e-03
1.284103     1.47250000e-03
1.284531     1.46101000e-03
1.284959     1.44895000e-03
1.285387     1.43606000e-03
1.285816     1.43339000e-03
1.286244     1.43172000e-03
1.286673     1.42687000e-03
1.287102     1.42275000e-03
1.287531     1.44350000e-03
1.287960     1.42029000e-03
1.288389     1.43296000e-03
1.288819     1.41873000e-03
1.289248     1.41101000e-03
1.289678     1.41872000e-03
1.290108     1.43435000e-03
1.290538     1.44386000e-03
1.290968     1.41583000e-03
1.291399     1.42881000e-03
1.291829     1.41346000e-03
1.292260     1.41655000e-03
1.292690     1.42950000e-03
1.293121     1.41798000e-03
1.293552     1.41859000e-03
1.293984     1.43663000e-03
1.294415     1.42548000e-03
1.294846     1.43700000e-03
1.295278     1.45059000e-03
1.295710     1.41501000e-03
1.296142     1.43318000e-03
1.296574     1.41833000e-03
1.297006     1.43584000e-03
1.297438     1.44680000e-03
1.297871     1.43828000e-03
1.298303     1.41796000e-03
1.298736     1.42357000e-03
1.299169     1.43299000e-03
1.299602     1.41731000e-03
1.300035     1.41910000e-03
1.300469     1.42170000e-03
1.300902     1.43062000e-03
1.301336     1.42087000e-03
1.301770     1.43058000e-03
1.302203     1.42213000e-03
1.302638     1.42105000e-03
1.303072     1.42841000e-03
1.303506     1.47210000e-03
1.303941     1.43195000e-03
1.304375     1.43753000e-03
1.304810     1.43361000e-03
1.305245     1.43465000e-03
1.305680     1.43655000e-03
1.306115     1.42940000e-03
1.306551     1.45085000e-03
1.306986     1.43325000e-03
1.307422     1.43188000e-03
1.307858     1.43817000e-03
1.308294     1.43128000e-03
1.308730     1.42827000e-03
1.309166     1.44778000e-03
1.309602     1.43480000e-03
1.310039     1.46401000e-03
1.310476     1.43722000e-03
1.310912     1.43548000e-03
1.311349     1.44272000e-03
1.311786     1.43466000e-03
1.312224     1.45177000e-03
1.312661     1.55152000e-03
1.313099     1.43771000e-03
1.313536     1.44444000e-03
1.313974     1.46625000e-03
1.314412     1.43879000e-03
1.314850     1.44494000e-03
1.315289     1.53212000e-03
1.315727     1.46522000e-03
1.316166     1.45081000e-03
1.316604     1.45194000e-03
1.317043     1.45224000e-03
1.317482     1.44196000e-03
1.317921     1.49130000e-03
1.318361     1.46203000e-03
1.318800     1.44654000e-03
1.319240     1.44918000e-03
1.319679     1.44541000e-03
1.320119     1.46324000e-03
1.320559     1.45367000e-03
1.321000     1.44748000e-03
1.321440     1.46753000e-03
1.321880     1.45338000e-03
1.322321     1.45910000e-03
1.322762     1.45355000e-03
1.323203     1.45008000e-03
1.323644     1.45292000e-03
1.324085     1.45376000e-03
1.324526     1.45192000e-03
1.324968     1.45306000e-03
1.325410     1.46798000e-03
1.325851     1.45198000e-03
1.326293     1.46190000e-03
1.326735     1.46376000e-03
1.327178     1.46826000e-03
1.327620     1.45977000e-03
1.328063     1.48384000e-03
1.328505     1.47599000e-03
1.328948     1.52938000e-03
1.329391     1.45840000e-03
1.329834     1.48130000e-03
1.330278     1.46145000e-03
1.330721     1.47544000e-03
1.331165     1.47600000e-03
1.331608     1.46065000e-03
1.332052     1.52440000e-03
1.332496     1.47505000e-03
1.332940     1.47741000e-03
1.333385     1.47959000e-03
1.333829     1.47704000e-03
1.334274     1.47438000e-03
1.334718     1.47161000e-03
1.335163     1.59328000e-03
1.335608     1.53110000e-03
1.336054     1.49189000e-03
1.336499     1.47336000e-03
1.336944     1.48455000e-03
1.337390     1.51265000e-03
1.337836     1.51928000e-03
1.338282     1.58894000e-03
1.338728     1.48901000e-03
1.339174     1.52209000e-03
1.339621     1.52120000e-03
1.340067     1.63687000e-03
1.340514     1.52722000e-03
1.340961     1.51762000e-03
1.341408     1.49029000e-03
1.341855     1.88768000e-03
1.342302     1.50930000e-03
1.342749     1.64218000e-03
1.343197     1.49706000e-03
1.343645     1.51639000e-03
1.344093     1.47785000e-03
1.344541     1.59368000e-03
1.344989     1.47685000e-03
1.345437     1.48447000e-03
1.345886     1.50768000e-03
1.346334     1.58940000e-03
1.346783     1.74055000e-03
1.347232     1.49247000e-03
1.347681     1.80564000e-03
1.348130     1.49708000e-03
1.348580     1.49354000e-03
1.349029     1.55836000e-03
1.349479     1.49293000e-03
1.349929     1.68589000e-03
1.350379     1.60721000e-03
1.350829     1.50450000e-03
1.351279     1.48599000e-03
1.351730     1.58457000e-03
1.352180     1.49646000e-03
1.352631     1.49792000e-03
1.353082     1.49153000e-03
1.353533     1.49015000e-03
1.353984     1.52084000e-03
1.354435     1.49592000e-03
1.354887     1.51868000e-03
1.355338     1.55537000e-03
1.355790     1.65063000e-03
1.356242     1.53284000e-03
1.356694     1.57669000e-03
1.357146     1.85433000e-03
1.357599     1.53492000e-03
1.358051     1.50441000e-03
1.358504     1.55451000e-03
1.358957     1.51757000e-03
1.359410     1.57400000e-03
1.359863     1.55128000e-03
1.360316     1.53666000e-03
1.360770     1.51320000e-03
1.361223     1.55115000e-03
1.361677     1.64283000e-03
1.362131     1.52801000e-03
1.362585     1.52390000e-03
1.363039     1.58756000e-03
1.363493     1.59504000e-03
1.363948     1.53093000e-03
1.364403     1.53426000e-03
1.364857     1.58918000e-03
1.365312     1.52655000e-03
1.365767     1.56813000e-03
1.366223     1.55020000e-03
1.366678     1.56227000e-03
1.367134     1.63756000e-03
1.367589     1.53754000e-03
1.368045     1.51830000e-03
1.368501     1.63607000e-03
1.368957     1.52700000e-03
1.369414     1.55134000e-03
1.369870     1.56348000e-03
1.370327     1.69638000e-03
1.370784     1.56655000e-03
1.371241     1.57213000e-03
1.371698     1.57150000e-03
1.372155     1.54857000e-03
1.372612     1.56549000e-03
1.373070     1.54972000e-03
1.373527     1.55801000e-03
1.373985     1.58062000e-03
1.374443     1.66002000e-03
1.374901     1.57260000e-03
1.375360     1.53519000e-03
1.375818     1.58190000e-03
1.376277     1.57526000e-03
1.376736     1.58471000e-03
1.377195     1.52435000e-03
1.377654     1.62513000e-03
1.378113     1.58098000e-03
1.378572     1.56743000e-03
1.379032     1.58815000e-03
1.379491     1.57272000e-03
1.379951     1.57782000e-03
1.380411     1.53663000e-03
1.380871     1.52771000e-03
1.381332     1.53725000e-03
1.381792     1.55764000e-03
1.382253     1.59022000e-03
1.382713     1.72734000e-03
1.383174     1.59309000e-03
1.383635     1.57424000e-03
1.384097     1.54504000e-03
1.384558     1.66043000e-03
1.385019     1.57775000e-03
1.385481     1.54742000e-03
1.385943     1.54942000e-03
1.386405     1.70802000e-03
1.386867     1.57616000e-03
1.387329     1.62279000e-03
1.387792     1.53538000e-03
1.388254     1.58482000e-03
1.388717     1.54484000e-03
1.389180     1.59427000e-03
1.389643     1.64084000e-03
1.390106     1.62383000e-03
1.390570     1.66188000e-03
1.391033     1.54975000e-03
1.391497     1.57109000e-03
1.391961     1.62537000e-03
1.392425     1.64274000e-03
1.392889     1.61685000e-03
1.393353     1.60875000e-03
1.393818     1.56490000e-03
1.394282     1.60598000e-03
1.394747     1.62771000e-03
1.395212     1.72471000e-03
1.395677     1.69302000e-03
1.396142     1.54800000e-03
1.396608     1.75669000e-03
1.397073     1.77158000e-03
1.397539     1.76891000e-03
1.398005     1.62223000e-03
1.398471     1.59428000e-03
1.398937     1.68604000e-03
1.399403     1.63106000e-03
1.399870     1.63519000e-03
1.400336     1.58249000e-03
1.400803     1.58190000e-03
1.401270     1.59521000e-03
1.401737     1.55906000e-03
1.402204     1.63345000e-03
1.402672     1.58219000e-03
1.403139     1.62286000e-03
1.403607     1.56250000e-03
1.404075     1.64639000e-03
1.404543     1.61140000e-03
1.405011     1.85102000e-03
1.405479     1.60746000e-03
1.405948     1.60349000e-03
1.406416     1.59873000e-03
1.406885     1.59031000e-03
1.407354     1.58538000e-03
1.407823     1.69380000e-03
1.408293     1.67352000e-03
1.408762     1.60589000e-03
1.409232     1.58126000e-03
1.409701     1.60104000e-03
1.410171     1.58845000e-03
1.410641     1.62459000e-03
1.411112     1.58011000e-03
1.411582     1.64610000e-03
1.412052     1.61253000e-03
1.412523     1.60959000e-03
1.412994     1.60105000e-03
1.413465     1.66273000e-03
1.413936     1.66542000e-03
1.414407     1.57229000e-03
1.414879     1.64866000e-03
1.415351     1.59514000e-03
1.415822     1.60029000e-03
1.416294     1.63079000e-03
1.416766     1.59077000e-03
1.417239     1.62009000e-03
1.417711     1.75102000e-03
1.418184     1.77838000e-03
1.418656     1.65256000e-03
1.419129     1.60873000e-03
1.419602     1.64523000e-03
1.420075     1.65056000e-03
1.420549     1.68827000e-03
1.421022     1.63978000e-03
1.421496     1.80024000e-03
1.421970     1.72082000e-03
1.422444     1.67639000e-03
1.422918     1.63940000e-03
1.423392     1.60002000e-03
1.423867     1.69175000e-03
1.424341     1.70327000e-03
1.424816     1.63489000e-03
1.425291     1.63722000e-03
1.425766     1.63238000e-03
1.426241     1.67045000e-03
1.426717     1.66280000e-03
1.427192     1.68648000e-03
1.427668     1.63522000e-03
1.428144     1.74706000e-03
1.428620     1.62956000e-03
1.429096     1.69799000e-03
1.429573     1.66939000e-03
1.430049     1.66836000e-03
1.430526     1.65575000e-03
1.431003     1.63875000e-03
1.431480     1.82396000e-03
1.431957     1.60233000e-03
1.432434     1.71824000e-03
1.432912     1.61787000e-03
1.433389     1.62045000e-03
1.433867     1.62147000e-03
1.434345     1.65248000e-03
1.434823     1.61483000e-03
1.435301     1.65505000e-03
1.435780     1.65527000e-03
1.436258     1.64000000e-03
1.436737     1.63682000e-03
1.437216     1.62488000e-03
1.437695     1.60421000e-03
1.438174     1.75599000e-03
1.438654     1.62887000e-03
1.439133     1.66048000e-03
1.439613     1.62238000e-03
1.440093     1.62766000e-03
1.440573     1.86449000e-03
1.441053     1.68141000e-03
1.441534     1.63119000e-03
1.442014     1.62306000e-03
1.442495     1.72109000e-03
1.442976     1.71395000e-03
1.443457     1.73020000e-03
1.443938     1.71996000e-03
1.444419     1.88006000e-03
1.444900     1.68638000e-03
1.445382     1.66482000e-03
1.445864     1.72715000e-03
1.446346     1.66108000e-03
1.446828     1.68104000e-03
1.447310     1.70234000e-03
1.447793     1.68595000e-03
1.448275     1.63049000e-03
1.448758     1.69396000e-03
1.449241     1.66333000e-03
1.449724     1.65744000e-03
1.450207     1.68884000e-03
1.450691     1.91688000e-03
1.451174     1.67783000e-03
1.451658     1.71384000e-03
1.452142     1.66324000e-03
1.452626     1.75108000e-03
1.453110     1.71323000e-03
1.453595     1.76172000e-03
1.454079     1.65969000e-03
1.454564     1.76713000e-03
1.455049     1.65584000e-03
1.455534     1.89424000e-03
1.456019     1.80761000e-03
1.456504     1.81666000e-03
1.456990     2.50531000e-03
1.457475     1.70210000e-03
1.457961     1.67589000e-03
1.458447     1.68669000e-03
1.458933     1.64041000e-03
1.459420     1.72130000e-03
1.459906     1.70764000e-03
1.460393     1.66746000e-03
1.460879     1.69180000e-03
1.461366     1.72719000e-03
1.461854     1.67999000e-03
1.462341     1.67182000e-03
1.462828     1.66467000e-03
1.463316     1.69281000e-03
1.463804     1.66291000e-03
1.464292     1.72375000e-03
1.464780     1.67479000e-03
1.465268     1.75114000e-03
1.465756     1.76328000e-03
1.466245     1.67814000e-03
1.466734     1.64777000e-03
1.467223     1.67815000e-03
1.467712     1.78093000e-03
1.468201     1.83052000e-03
1.468690     1.66410000e-03
1.469180     1.73293000e-03
1.469670     1.89593000e-03
1.470160     1.74423000e-03
1.470650     1.72701000e-03
1.471140     1.72227000e-03
1.471630     1.72095000e-03
1.472121     1.77042000e-03
1.472611     1.78272000e-03
1.473102     1.71063000e-03
1.473593     1.70073000e-03
1.474085     1.73695000e-03
1.474576     1.77684000e-03
1.475067     1.71472000e-03
1.475559     1.73372000e-03
1.476051     1.70214000e-03
1.476543     1.78529000e-03
1.477035     1.73875000e-03
1.477527     1.68309000e-03
1.478020     1.75233000e-03
1.478513     1.77073000e-03
1.479006     1.68817000e-03
1.479499     1.68687000e-03
1.479992     1.80392000e-03
1.480485     1.67394000e-03
1.480978     1.85540000e-03
1.481472     1.70178000e-03
1.481966     1.78407000e-03
1.482460     1.68809000e-03
1.482954     1.82147000e-03
1.483448     1.77160000e-03
1.483943     1.69877000e-03
1.484438     1.84324000e-03
1.484932     1.69098000e-03
1.485427     1.75062000e-03
1.485923     1.70319000e-03
1.486418     1.75356000e-03
1.486913     1.68708000e-03
1.487409     1.70716000e-03
1.487905     2.02727000e-03
1.488401     1.96865000e-03
1.488897     1.72359000e-03
1.489393     1.69394000e-03
1.489890     1.71855000e-03
1.490386     1.72304000e-03
1.490883     1.87189000e-03
1.491380     1.77517000e-03
1.491877     1.70943000e-03
1.492374     1.72068000e-03
1.492872     1.77833000e-03
1.493369     1.74446000e-03
1.493867     1.71105000e-03
1.494365     1.74082000e-03
1.494863     1.73509000e-03
1.495362     1.69648000e-03
1.495860     1.93363000e-03
1.496359     1.73381000e-03
1.496857     1.72716000e-03
1.497356     1.73011000e-03
1.497856     1.71765000e-03
1.498355     1.77946000e-03
1.498854     1.70402000e-03
1.499354     1.76277000e-03
1.499854     1.72578000e-03
1.500354     1.77623000e-03
1.500854     1.71640000e-03
1.501354     1.78665000e-03
1.501855     1.75061000e-03
1.502355     1.90680000e-03
1.502856     2.08007000e-03
1.503357     1.71913000e-03
1.503858     1.81909000e-03
1.504359     1.90010000e-03
1.504861     1.72916000e-03
1.505362     2.01472000e-03
1.505864     1.78345000e-03
1.506366     1.71012000e-03
1.506868     1.74160000e-03
1.507370     1.72229000e-03
1.507873     1.82055000e-03
1.508376     1.77588000e-03
1.508878     1.72467000e-03
1.509381     1.73093000e-03
1.509884     1.92292000e-03
1.510388     1.72848000e-03
1.510891     1.75158000e-03
1.511395     1.70344000e-03
1.511899     1.73178000e-03
1.512403     1.74908000e-03
1.512907     1.74016000e-03
1.513411     1.80167000e-03
1.513916     1.90085000e-03
1.514420     1.80010000e-03
1.514925     1.75840000e-03
1.515430     1.75631000e-03
1.515935     1.76086000e-03
1.516440     1.79614000e-03
1.516946     1.76916000e-03
1.517452     1.86705000e-03
1.517957     1.76747000e-03
1.518463     1.75998000e-03
1.518969     1.73453000e-03
1.519476     1.71912000e-03
1.519982     1.77606000e-03
1.520489     1.76988000e-03
1.520996     1.76279000e-03
1.521503     1.72096000e-03
1.522010     1.85868000e-03
1.522517     1.77265000e-03
1.523025     1.86849000e-03
1.523532     1.81538000e-03
1.524040     1.73730000e-03
1.524548     1.77922000e-03
1.525057     1.82820000e-03
1.525565     1.83416000e-03
1.526073     1.81612000e-03
1.526582     1.81597000e-03
1.527091     1.80010000e-03
1.527600     1.74145000e-03
1.528109     1.75581000e-03
1.528619     1.74769000e-03
1.529128     1.73780000e-03
1.529638     1.86364000e-03
1.530148     1.80166000e-03
1.530658     1.73004000e-03
1.531168     1.77657000e-03
1.531678     1.80779000e-03
1.532189     1.99915000e-03
1.532700     1.73908000e-03
1.533211     1.74780000e-03
1.533722     1.79780000e-03
1.534233     1.80742000e-03
1.534744     1.79033000e-03
1.535256     1.82950000e-03
1.535768     1.82064000e-03
1.536279     1.79860000e-03
1.536792     1.74329000e-03
1.537304     1.81754000e-03
1.537816     1.80968000e-03
1.538329     1.88543000e-03
1.538842     1.76132000e-03
1.539355     1.77209000e-03
1.539868     1.80940000e-03
1.540381     1.80425000e-03
1.540894     1.83839000e-03
1.541408     1.75080000e-03
1.541922     1.82760000e-03
1.542436     1.84884000e-03
1.542950     1.80793000e-03
1.543464     1.78838000e-03
1.543979     1.75276000e-03
1.544493     1.81589000e-03
1.545008     1.74766000e-03
1.545523     1.77487000e-03
1.546039     1.78849000e-03
1.546554     1.83432000e-03
1.547069     1.77083000e-03
1.547585     1.79503000e-03
1.548101     1.84643000e-03
1.548617     1.80877000e-03
1.549133     1.76892000e-03
1.549650     1.77480000e-03
1.550166     1.77718000e-03
1.550683     1.81657000e-03
1.551200     1.77215000e-03
1.551717     1.76905000e-03
1.552234     1.78838000e-03
1.552751     1.82007000e-03
1.553269     1.77363000e-03
1.553787     1.87845000e-03
1.554305     1.79194000e-03
1.554823     1.82637000e-03
1.555341     1.80254000e-03
1.555860     1.86175000e-03
1.556378     1.84781000e-03
1.556897     1.81599000e-03
1.557416     1.80261000e-03
1.557935     1.78982000e-03
1.558454     1.79489000e-03
1.558974     1.89455000e-03
1.559493     1.87485000e-03
1.560013     1.81103000e-03
1.560533     1.78281000e-03
1.561053     1.92644000e-03
1.561574     1.75447000e-03
1.562094     1.77644000e-03
1.562615     1.86566000e-03
1.563136     1.88596000e-03
1.563657     1.86581000e-03
1.564178     1.79665000e-03
1.564700     1.79561000e-03
1.565221     1.81244000e-03
1.565743     1.87543000e-03
1.566265     1.79915000e-03
1.566787     1.84726000e-03
1.567309     1.82774000e-03
1.567832     1.85439000e-03
1.568354     1.80865000e-03
1.568877     1.88336000e-03
1.569400     1.82327000e-03
1.569923     1.93901000e-03
1.570446     1.81904000e-03
1.570970     1.82522000e-03
1.571494     1.80683000e-03
1.572017     1.83371000e-03
1.572541     1.84889000e-03
1.573066     1.80210000e-03
1.573590     1.81703000e-03
1.574114     1.81151000e-03
1.574639     1.96606000e-03
1.575164     1.96127000e-03
1.575689     1.77134000e-03
1.576214     1.81308000e-03
1.576740     1.87283000e-03
1.577265     2.03802000e-03
1.577791     1.79559000e-03
1.578317     1.80427000e-03
1.578843     2.02538000e-03
1.579369     1.81672000e-03
1.579896     1.93696000e-03
1.580422     1.85937000e-03
1.580949     1.80799000e-03
1.581476     1.79907000e-03
1.582003     1.91452000e-03
1.582531     1.85225000e-03
1.583058     1.79837000e-03
1.583586     1.89219000e-03
1.584114     1.97375000e-03
1.584642     1.78270000e-03
1.585170     1.85064000e-03
1.585698     1.86603000e-03
1.586227     1.82691000e-03
1.586756     1.87227000e-03
1.587285     2.63748000e-03
1.587814     1.88124000e-03
1.588343     1.94573000e-03
1.588872     1.94360000e-03
1.589402     2.04790000e-03
1.589932     1.92127000e-03
1.590462     1.87474000e-03
1.590992     2.03990000e-03
1.591522     1.89848000e-03
1.592053     1.83178000e-03
1.592584     1.84959000e-03
1.593114     1.83592000e-03
1.593645     1.85244000e-03
1.594177     1.80800000e-03
1.594708     1.81178000e-03
1.595240     1.80373000e-03
1.595771     1.89340000e-03
1.596303     1.89996000e-03
1.596835     1.85936000e-03
1.597368     1.79848000e-03
1.597900     1.77209000e-03
1.598433     1.84162000e-03
1.598966     1.78988000e-03
1.599499     1.81160000e-03
1.600032     1.81327000e-03
1.600565     1.83981000e-03
1.601099     1.91529000e-03
1.601632     1.83222000e-03
1.602166     1.81979000e-03
1.602700     1.85281000e-03
1.603234     1.78401000e-03
1.603769     1.79793000e-03
1.604303     1.89495000e-03
1.604838     1.84730000e-03
1.605373     1.81511000e-03
1.605908     1.81697000e-03
1.606444     1.88741000e-03
1.606979     1.80828000e-03
1.607515     1.87173000e-03
1.608051     1.84602000e-03
1.608587     1.85178000e-03
1.609123     1.85716000e-03
1.609659     1.93495000e-03
1.610196     1.91764000e-03
1.610732     2.15159000e-03
1.611269     1.98832000e-03
1.611806     1.94936000e-03
1.612344     1.91274000e-03
1.612881     1.92694000e-03
1.613419     1.86755000e-03
1.613957     1.90710000e-03
1.614495     1.87314000e-03
1.615033     1.83997000e-03
1.615571     1.97161000e-03
1.616110     1.93537000e-03
1.616648     1.86175000e-03
1.617187     1.86811000e-03
1.617726     1.82823000e-03
1.618266     1.84049000e-03
1.618805     1.84312000e-03
1.619345     1.84976000e-03
1.619884     2.06148000e-03
1.620424     1.90226000e-03
1.620964     1.90178000e-03
1.621505     1.82384000e-03
1.622045     1.90004000e-03
1.622586     1.81532000e-03
1.623127     1.84831000e-03
1.623668     1.84820000e-03
1.624209     1.84929000e-03
1.624750     1.84765000e-03
1.625292     1.81649000e-03
1.625834     1.82170000e-03
1.626376     1.85190000e-03
1.626918     1.83420000e-03
1.627460     1.80869000e-03
1.628003     1.82361000e-03
1.628545     1.81699000e-03
1.629088     1.85669000e-03
1.629631     1.85135000e-03
1.630174     1.91289000e-03
1.630718     1.85570000e-03
1.631261     1.86651000e-03
1.631805     1.86204000e-03
1.632349     1.85151000e-03
1.632893     2.30526000e-03
1.633438     1.84207000e-03
1.633982     1.91738000e-03
1.634527     1.85748000e-03
1.635071     1.88145000e-03
1.635617     1.85002000e-03
1.636162     2.00119000e-03
1.636707     1.95445000e-03
1.637253     1.91219000e-03
1.637798     1.91946000e-03
1.638344     2.03463000e-03
1.638890     1.97107000e-03
1.639437     1.96196000e-03
1.639983     2.02791000e-03
1.640530     2.05258000e-03
1.641077     2.15837000e-03
1.641624     2.08862000e-03
1.642171     2.02302000e-03
1.642718     1.95250000e-03
1.643266     1.93119000e-03
1.643814     1.92554000e-03
1.644362     1.92575000e-03
1.644910     1.94848000e-03
1.645458     1.90967000e-03
1.646007     1.88279000e-03
1.646555     1.93118000e-03
1.647104     1.94096000e-03
1.647653     1.90178000e-03
1.648202     1.87495000e-03
1.648752     1.92882000e-03
1.649301     1.92728000e-03
1.649851     1.88398000e-03
1.650401     1.85266000e-03
1.650951     1.89178000e-03
1.651501     1.84737000e-03
1.652052     1.85225000e-03
1.652603     1.89181000e-03
1.653154     1.87183000e-03
1.653705     1.88717000e-03
1.654256     1.88758000e-03
1.654807     1.90717000e-03
1.655359     2.01327000e-03
1.655911     1.88029000e-03
1.656463     1.94119000e-03
1.657015     1.85479000e-03
1.657567     1.90349000e-03
1.658120     1.86597000e-03
1.658672     1.87635000e-03
1.659225     1.91248000e-03
1.659778     1.89111000e-03
1.660332     1.86463000e-03
1.660885     1.86596000e-03
1.661439     1.87303000e-03
1.661992     1.88339000e-03
1.662546     1.90364000e-03
1.663101     1.94708000e-03
1.663655     1.94128000e-03
1.664210     1.90114000e-03
1.664764     1.90995000e-03
1.665319     1.93885000e-03
1.665874     1.90987000e-03
1.666430     1.90785000e-03
1.666985     1.91777000e-03
1.667541     1.92521000e-03
1.668097     1.89508000e-03
1.668653     1.94923000e-03
1.669209     1.89243000e-03
1.669765     1.92193000e-03
1.670322     1.89158000e-03
1.670879     1.90101000e-03
1.671436     1.92027000e-03
1.671993     1.92396000e-03
1.672550     1.99367000e-03
1.673108     1.92650000e-03
1.673665     1.91060000e-03
1.674223     1.92552000e-03
1.674781     1.92096000e-03
1.675339     2.03208000e-03
1.675898     1.94566000e-03
1.676457     1.96314000e-03
1.677015     2.01493000e-03
1.677574     1.95881000e-03
1.678134     1.99773000e-03
1.678693     2.00928000e-03
1.679252     2.02792000e-03
1.679812     2.07546000e-03
1.680372     2.13790000e-03
1.680932     2.25970000e-03
1.681493     2.20861000e-03
1.682053     2.14170000e-03
1.682614     2.09177000e-03
1.683175     2.04053000e-03
1.683736     2.00076000e-03
1.684297     1.99296000e-03
1.684858     1.97890000e-03
1.685420     1.96056000e-03
1.685982     1.99681000e-03
1.686544     1.96450000e-03
1.687106     1.97013000e-03
1.687668     1.95195000e-03
1.688231     1.96599000e-03
1.688794     1.94591000e-03
1.689357     2.06199000e-03
1.689920     1.95700000e-03
1.690483     1.94488000e-03
1.691047     1.98648000e-03
1.691610     1.92686000e-03
1.692174     1.94950000e-03
1.692738     1.93860000e-03
1.693302     1.94534000e-03
1.693867     1.93351000e-03
1.694431     1.92751000e-03
1.694996     1.94350000e-03
1.695561     1.94516000e-03
1.696126     1.98280000e-03
1.696692     1.93378000e-03
1.697257     2.01075000e-03
1.697823     2.01891000e-03
1.698389     1.95788000e-03
1.698955     1.97004000e-03
1.699522     1.96932000e-03
1.700088     1.98115000e-03
1.700655     1.97283000e-03
1.701222     2.03393000e-03
1.701789     1.98231000e-03
1.702356     1.97739000e-03
1.702923     1.95116000e-03
1.703491     1.95080000e-03
1.704059     1.96056000e-03
1.704627     2.01188000e-03
1.705195     1.95244000e-03
1.705763     1.94806000e-03
1.706332     1.94917000e-03
1.706901     1.99949000e-03
1.707470     1.95603000e-03
1.708039     1.96620000e-03
1.708608     2.00058000e-03
1.709178     2.05591000e-03
1.709748     2.00599000e-03
1.710317     1.97276000e-03
1.710888     2.01952000e-03
1.711458     2.21131000e-03
1.712028     1.97178000e-03
1.712599     1.96379000e-03
1.713170     2.03466000e-03
1.713741     2.09074000e-03
1.714312     1.97204000e-03
1.714884     1.96863000e-03
1.715455     1.97421000e-03
1.716027     1.97282000e-03
1.716599     2.01370000e-03
1.717171     1.96965000e-03
1.717744     1.99934000e-03
1.718316     1.98557000e-03
1.718889     1.98908000e-03
1.719462     2.02216000e-03
1.720035     2.01282000e-03
1.720609     2.00078000e-03
1.721182     2.02410000e-03
1.721756     2.00055000e-03
1.722330     2.07110000e-03
1.722904     2.10392000e-03
1.723478     2.02235000e-03
1.724053     2.05716000e-03
1.724627     2.02585000e-03
1.725202     2.00975000e-03
1.725777     2.03476000e-03
1.726352     2.00929000e-03
1.726928     2.02643000e-03
1.727504     2.03256000e-03
1.728079     2.10738000e-03
1.728655     2.05137000e-03
1.729232     2.04782000e-03
1.729808     2.05704000e-03
1.730385     2.04323000e-03
1.730961     2.08401000e-03
1.731538     2.08004000e-03
1.732116     2.05164000e-03
1.732693     2.15337000e-03
1.733271     2.36418000e-03
1.733848     2.11817000e-03
1.734426     2.33352000e-03
1.735004     2.39595000e-03
1.735583     2.26197000e-03
1.736161     2.37568000e-03
1.736740     2.52641000e-03
1.737319     2.31820000e-03
1.737898     2.32040000e-03
1.738477     2.50934000e-03
1.739057     2.14165000e-03
1.739637     2.14375000e-03
1.740216     2.11803000e-03
1.740796     2.14287000e-03
1.741377     2.22454000e-03
1.741957     2.12613000e-03
1.742538     2.10588000e-03
1.743119     2.15888000e-03
1.743700     2.14478000e-03
1.744281     2.07512000e-03
1.744862     2.04788000e-03
1.745444     2.18716000e-03
1.746026     2.40535000e-03
1.746608     2.21543000e-03
1.747190     2.39867000e-03
1.747772     2.09267000e-03
1.748355     2.12885000e-03
1.748938     2.05280000e-03
1.749521     2.23152000e-03
1.750104     2.06675000e-03
1.750687     2.24290000e-03
1.751271     2.13401000e-03
1.751855     2.07277000e-03
1.752439     2.08126000e-03
1.753023     2.08139000e-03
1.753607     2.05124000e-03
1.754192     2.08745000e-03
1.754776     2.10562000e-03
1.755361     2.07325000e-03
1.755946     2.09507000e-03
1.756532     2.30831000e-03
1.757117     2.09346000e-03
1.757703     2.05087000e-03
1.758289     2.05746000e-03
1.758875     2.08072000e-03
1.759461     2.13204000e-03
1.760048     2.11714000e-03
1.760634     2.06667000e-03
1.761221     2.13729000e-03
1.761808     2.10978000e-03
1.762396     2.14673000e-03
1.762983     2.14232000e-03
1.763571     2.06101000e-03
1.764159     2.17899000e-03
1.764747     2.12333000e-03
1.765335     2.16966000e-03
1.765923     2.10071000e-03
1.766512     2.10568000e-03
1.767101     2.16962000e-03
1.767690     2.33232000e-03
1.768279     2.10578000e-03
1.768869     2.15960000e-03
1.769458     2.09591000e-03
1.770048     2.10127000e-03
1.770638     2.10417000e-03
1.771228     2.13248000e-03
1.771819     2.09073000e-03
1.772409     2.30999000e-03
1.773000     2.11389000e-03
1.773591     2.10041000e-03
1.774182     2.11525000e-03
1.774774     2.10685000e-03
1.775365     2.18324000e-03
1.775957     2.27840000e-03
1.776549     2.16684000e-03
1.777141     2.21829000e-03
1.777734     2.15835000e-03
1.778326     2.17134000e-03
1.778919     2.13978000e-03
1.779512     2.46384000e-03
1.780105     2.15614000e-03
1.780698     2.13695000e-03
1.781292     2.11683000e-03
1.781886     2.21402000e-03
1.782480     2.27694000e-03
1.783074     2.13927000e-03
1.783668     2.31501000e-03
1.784263     2.34519000e-03
1.784857     2.21677000e-03
1.785452     2.19309000e-03
1.786048     2.31580000e-03
1.786643     2.52816000e-03
1.787238     2.31533000e-03
1.787834     2.23707000e-03
1.788430     2.10800000e-03
1.789026     2.22524000e-03
1.789623     2.15972000e-03
1.790219     2.19734000e-03
1.790816     2.13621000e-03
1.791413     2.56330000e-03
1.792010     2.19227000e-03
1.792607     2.14975000e-03
1.793205     2.41756000e-03
1.793803     2.19332000e-03
1.794401     2.18541000e-03
1.794999     2.50249000e-03
1.795597     2.13507000e-03
1.796196     2.31532000e-03
1.796794     2.13059000e-03
1.797393     2.16967000e-03
1.797992     2.14186000e-03
1.798592     2.17184000e-03
1.799191     2.27144000e-03
1.799791     2.25372000e-03
1.800391     2.16389000e-03
1.800991     2.57321000e-03
1.801591     2.22386000e-03
1.802192     2.16299000e-03
1.802793     2.52287000e-03
1.803394     2.21246000e-03
1.803995     2.23023000e-03
1.804596     2.15180000e-03
1.805198     2.33216000e-03
1.805799     2.21023000e-03
1.806401     2.32782000e-03
1.807003     2.20315000e-03
1.807606     2.66539000e-03
1.808208     2.58533000e-03
1.808811     2.35810000e-03
1.809414     2.22132000e-03
1.810017     2.30191000e-03
1.810620     2.48514000e-03
1.811224     2.69954000e-03
1.811828     2.20174000e-03
1.812432     2.26306000e-03
1.813036     2.22091000e-03
1.813640     2.33130000e-03
1.814245     2.35601000e-03
1.814849     2.30404000e-03
1.815454     2.31701000e-03
1.816059     2.56150000e-03
1.816665     2.41569000e-03
1.817270     2.55162000e-03
1.817876     2.86902000e-03
1.818482     2.58949000e-03
1.819088     2.44660000e-03
1.819695     2.51996000e-03
1.820301     2.68369000e-03
1.820908     2.28863000e-03
1.821515     2.30524000e-03
1.822122     2.52478000e-03
1.822729     2.36161000e-03
1.823337     2.32757000e-03
1.823945     2.24029000e-03
1.824553     2.49161000e-03
1.825161     2.36126000e-03
1.825769     2.27307000e-03
1.826378     2.81958000e-03
1.826987     2.26066000e-03
1.827596     2.22992000e-03
1.828205     2.21352000e-03
1.828814     2.45107000e-03
1.829424     2.21139000e-03
1.830034     2.21833000e-03
1.830644     2.79137000e-03
1.831254     2.35242000e-03
1.831864     2.23373000e-03
1.832475     2.40149000e-03
1.833086     2.25276000e-03
1.833697     2.21300000e-03
1.834308     2.21578000e-03
1.834920     2.27399000e-03
1.835531     2.29857000e-03
1.836143     2.34799000e-03
1.836755     2.31287000e-03
1.837367     2.28321000e-03
1.837980     2.40155000e-03
1.838592     2.26374000e-03
1.839205     2.39549000e-03
1.839818     2.35508000e-03
1.840432     2.43633000e-03
1.841045     2.22872000e-03
1.841659     2.29541000e-03
1.842273     2.27636000e-03
1.842887     2.36721000e-03
1.843501     2.34465000e-03
1.844116     2.56614000e-03
1.844730     2.29407000e-03
1.845345     2.49751000e-03
1.845960     2.40816000e-03
1.846576     2.42215000e-03
1.847191     2.35435000e-03
1.847807     2.36276000e-03
1.848423     2.25732000e-03
1.849039     2.31165000e-03
1.849655     2.56549000e-03
1.850272     2.41566000e-03
1.850889     2.33271000e-03
1.851506     2.38565000e-03
1.852123     2.25522000e-03
1.852740     2.41190000e-03
1.853358     2.48167000e-03
1.853975     2.25545000e-03
1.854593     2.24481000e-03
1.855212     2.32224000e-03
1.855830     2.38591000e-03
1.856449     2.49166000e-03
1.857068     2.35529000e-03
1.857687     2.29875000e-03
1.858306     2.32787000e-03
1.858925     2.39077000e-03
1.859545     2.29167000e-03
1.860165     2.45259000e-03
1.860785     2.27316000e-03
1.861405     2.76620000e-03
1.862025     2.31858000e-03
1.862646     2.37729000e-03
1.863267     2.47216000e-03
1.863888     2.35051000e-03
1.864509     2.30746000e-03
1.865131     2.69486000e-03
1.865753     2.45472000e-03
1.866375     2.46873000e-03
1.866997     2.39284000e-03
1.867619     2.31887000e-03
1.868242     2.94893000e-03
1.868864     2.37988000e-03
1.869487     2.47711000e-03
1.870110     2.51973000e-03
1.870734     2.37572000e-03
1.871357     2.39328000e-03
1.871981     2.47020000e-03
1.872605     2.51524000e-03
1.873229     2.42967000e-03
1.873854     2.54746000e-03
1.874478     2.76695000e-03
1.875103     2.83913000e-03
1.875728     3.28381000e-03
1.876353     3.23513000e-03
1.876979     2.54785000e-03
1.877605     2.64681000e-03
1.878230     2.47028000e-03
1.878857     2.59179000e-03
1.879483     2.53576000e-03
1.880109     2.56569000e-03
1.880736     2.35142000e-03
1.881363     2.39158000e-03
1.881990     2.44217000e-03
1.882617     2.41928000e-03
1.883245     2.37645000e-03
1.883873     2.33535000e-03
1.884501     2.33975000e-03
1.885129     2.47609000e-03
1.885757     2.46626000e-03
1.886386     2.38904000e-03
1.887015     2.36957000e-03
1.887644     2.43847000e-03
1.888273     2.37513000e-03
1.888902     2.53184000e-03
1.889532     2.35546000e-03
1.890162     2.43092000e-03
1.890792     2.43240000e-03
1.891422     2.35889000e-03
1.892052     2.44463000e-03
1.892683     2.39913000e-03
1.893314     2.63156000e-03
1.893945     2.37088000e-03
1.894576     2.43867000e-03
1.895208     2.64373000e-03
1.895840     2.44690000e-03
1.896472     2.55899000e-03
1.897104     2.42264000e-03
1.897736     2.47185000e-03
1.898369     2.64373000e-03
1.899002     2.65589000e-03
1.899635     2.36141000e-03
1.900268     2.48416000e-03
1.900901     2.41910000e-03
1.901535     2.45850000e-03
1.902169     2.35601000e-03
1.902803     2.46310000e-03
1.903437     2.71253000e-03
1.904071     2.62703000e-03
1.904706     2.55902000e-03
1.905341     2.55361000e-03
1.905976     2.38856000e-03
1.906611     2.52858000e-03
1.907247     2.61470000e-03
1.907883     2.47686000e-03
1.908519     2.47318000e-03
1.909155     2.50978000e-03
1.909791     2.40142000e-03
1.910428     2.36500000e-03
1.911065     2.39620000e-03
1.911702     2.59809000e-03
1.912339     2.39385000e-03
1.912976     2.43698000e-03
1.913614     2.37931000e-03
1.914252     2.52967000e-03
1.914890     2.44624000e-03
1.915528     2.53983000e-03
1.916167     2.84163000e-03
1.916806     2.45278000e-03
1.917444     2.51995000e-03
1.918084     2.53672000e-03
1.918723     2.48829000e-03
1.919363     2.47118000e-03
1.920002     2.64226000e-03
1.920642     2.43700000e-03
1.921283     2.43332000e-03
1.921923     2.43027000e-03
1.922564     2.57168000e-03
1.923204     2.39067000e-03
1.923846     2.42541000e-03
1.924487     2.45957000e-03
1.925128     2.51735000e-03
1.925770     2.44392000e-03
1.926412     2.61140000e-03
1.927054     2.47134000e-03
1.927696     2.62688000e-03
1.928339     2.42734000e-03
1.928982     2.58240000e-03
1.929625     2.43312000e-03
1.930268     2.81287000e-03
1.930911     2.56931000e-03
1.931555     2.52210000e-03
1.932199     2.41758000e-03
1.932843     2.54538000e-03
1.933487     2.67858000e-03
1.934132     2.47989000e-03
1.934776     2.48390000e-03
1.935421     2.43333000e-03
1.936067     2.42068000e-03
1.936712     2.55850000e-03
1.937357     2.70441000e-03
1.938003     2.92296000e-03
1.938649     2.53133000e-03
1.939295     2.56270000e-03
1.939942     2.49364000e-03
1.940589     2.63243000e-03
1.941235     2.53079000e-03
1.941882     2.55882000e-03
1.942530     2.72966000e-03
1.943177     3.09542000e-03
1.943825     2.79180000e-03
1.944473     2.97872000e-03
1.945121     3.18627000e-03
1.945769     2.96508000e-03
1.946418     2.98032000e-03
1.947067     2.65531000e-03
1.947716     2.69537000e-03
1.948365     2.62790000e-03
1.949015     2.56591000e-03
1.949664     2.63837000e-03
1.950314     2.61846000e-03
1.950964     2.62016000e-03
1.951615     2.96848000e-03
1.952265     2.57757000e-03
1.952916     2.53591000e-03
1.953567     2.55961000e-03
1.954218     2.73549000e-03
1.954869     2.53461000e-03
1.955521     2.58548000e-03
1.956173     2.61237000e-03
1.956825     2.53164000e-03
1.957477     2.47927000e-03
1.958130     2.46260000e-03
1.958782     2.47809000e-03
1.959435     2.56187000e-03
1.960089     2.49717000e-03
1.960742     2.47249000e-03
1.961395     2.48689000e-03
1.962049     2.64511000e-03
1.962703     2.49173000e-03
1.963358     2.75762000e-03
1.964012     2.61051000e-03
1.964667     2.72671000e-03
1.965322     2.56133000e-03
1.965977     2.53971000e-03
1.966632     2.57748000e-03
1.967288     2.51351000e-03
1.967943     3.11025000e-03
1.968599     2.58004000e-03
1.969255     2.47368000e-03
1.969912     2.47730000e-03
1.970569     2.49575000e-03
1.971225     2.50428000e-03
1.971882     2.56022000e-03
1.972540     2.68807000e-03
1.973197     2.85281000e-03
1.973855     2.61655000e-03
1.974513     2.46592000e-03
1.975171     2.48581000e-03
1.975829     2.46339000e-03
1.976488     2.95578000e-03
1.977147     2.56806000e-03
1.977806     2.60088000e-03
1.978465     2.58930000e-03
1.979125     2.51174000e-03
1.979784     2.53216000e-03
1.980444     2.51971000e-03
1.981105     2.62975000e-03
1.981765     2.67081000e-03
1.982425     2.79281000e-03
1.983086     2.62920000e-03
1.983747     2.49078000e-03
1.984409     2.63879000e-03
1.985070     2.51666000e-03
1.985732     2.74377000e-03
1.986394     2.56534000e-03
1.987056     2.58012000e-03
1.987718     2.62081000e-03
1.988381     2.58376000e-03
1.989043     2.66762000e-03
1.989707     2.90127000e-03
1.990370     2.91171000e-03
1.991033     2.48487000e-03
1.991697     2.55295000e-03
1.992361     2.50546000e-03
1.993025     2.48986000e-03
1.993689     2.65419000e-03
1.994354     2.56493000e-03
1.995019     2.86257000e-03
1.995684     2.52840000e-03
1.996349     2.49421000e-03
1.997014     2.77304000e-03
1.997680     2.93204000e-03
1.998346     2.57363000e-03
1.999012     2.56212000e-03
1.999678     2.75700000e-03
2.000345     2.50419000e-03
2.001012     2.96030000e-03
2.001679     2.54042000e-03
2.002346     2.85055000e-03
2.003013     2.57016000e-03
2.003681     2.54027000e-03
2.004349     3.13398000e-03
2.005017     2.58502000e-03
2.005685     2.58640000e-03
2.006354     2.62284000e-03
2.007023     2.61135000e-03
2.007692     2.72329000e-03
2.008361     2.50960000e-03
2.009030     2.52868000e-03
2.009700     2.76085000e-03
2.010370     2.56006000e-03
2.011040     2.63160000e-03
2.011710     2.56792000e-03
2.012381     2.67740000e-03
2.013052     2.69228000e-03
2.013723     2.65337000e-03
2.014394     2.70987000e-03
2.015065     2.58079000e-03
2.015737     2.68858000e-03
2.016409     2.58956000e-03
2.017081     2.93494000e-03
2.017754     2.63659000e-03
2.018426     2.59133000e-03
2.019099     2.55156000e-03
2.019772     2.90001000e-03
2.020445     2.70533000e-03
2.021119     2.84023000e-03
2.021792     2.60344000e-03
2.022466     2.58671000e-03
2.023141     2.60927000e-03
2.023815     2.58460000e-03
2.024490     2.74240000e-03
2.025164     2.55522000e-03
2.025839     2.68971000e-03
2.026515     2.57350000e-03
2.027190     2.64658000e-03
2.027866     2.86561000e-03
2.028542     2.58328000e-03
2.029218     3.13873000e-03
2.029894     2.85983000e-03
2.030571     2.66750000e-03
2.031248     2.96176000e-03
2.031925     2.81429000e-03
2.032602     2.59121000e-03
2.033280     2.57487000e-03
2.033958     2.65074000e-03
2.034636     2.77659000e-03
2.035314     2.70839000e-03
2.035992     2.71546000e-03
2.036671     2.60017000e-03
2.037350     2.80983000e-03
2.038029     2.74330000e-03
2.038708     2.76934000e-03
2.039388     2.83665000e-03
2.040068     2.62003000e-03
2.040748     2.66994000e-03
2.041428     2.88328000e-03
2.042108     2.78092000e-03
2.042789     2.58677000e-03
2.043470     2.62897000e-03
2.044151     2.62088000e-03
2.044833     2.63428000e-03
2.045514     2.71608000e-03
2.046196     2.67216000e-03
2.046878     2.70439000e-03
2.047560     2.68407000e-03
2.048243     2.59683000e-03
2.048926     2.72158000e-03
2.049609     2.67186000e-03
2.050292     2.68293000e-03
2.050975     2.67406000e-03
2.051659     2.77875000e-03
2.052343     2.64238000e-03
2.053027     2.70176000e-03
2.053711     2.67118000e-03
2.054396     2.84209000e-03
2.055081     2.63022000e-03
2.055766     2.74618000e-03
2.056451     2.69398000e-03
2.057136     2.67530000e-03
2.057822     2.70194000e-03
2.058508     2.67252000e-03
2.059194     2.74329000e-03
2.059881     2.78741000e-03
2.060567     2.78910000e-03
2.061254     2.68620000e-03
2.061941     2.68763000e-03
2.062629     2.61310000e-03
2.063316     2.77876000e-03
2.064004     2.90767000e-03
2.064692     2.61037000e-03
2.065380     2.79806000e-03
2.066069     2.69576000e-03
2.066757     2.62302000e-03
2.067446     2.77722000e-03
2.068135     2.73199000e-03
2.068825     2.70554000e-03
2.069514     2.82556000e-03
2.070204     2.74618000e-03
2.070894     2.72151000e-03
2.071584     2.69308000e-03
2.072275     2.76799000e-03
2.072966     2.75085000e-03
2.073657     2.79640000e-03
2.074348     2.77845000e-03
2.075039     2.77813000e-03
2.075731     2.73085000e-03
2.076423     2.67181000e-03
2.077115     2.83707000e-03
2.077808     3.06294000e-03
2.078500     2.65746000e-03
2.079193     2.85278000e-03
2.079886     2.65383000e-03
2.080579     2.71527000e-03
2.081273     2.69834000e-03
2.081967     2.67350000e-03
2.082661     2.78705000e-03
2.083355     3.04518000e-03
2.084049     2.83540000e-03
2.084744     2.99503000e-03
2.085439     2.68742000e-03
2.086134     2.75392000e-03
2.086829     2.93860000e-03
2.087525     2.73697000e-03
2.088221     2.75000000e-03
2.088917     2.80066000e-03
2.089613     2.76316000e-03
2.090310     2.85168000e-03
2.091007     2.84011000e-03
2.091704     2.81137000e-03
2.092401     2.82180000e-03
2.093098     2.70063000e-03
2.093796     2.77793000e-03
2.094494     2.70467000e-03
2.095192     2.86360000e-03
2.095890     2.72654000e-03
2.096589     2.76969000e-03
2.097288     2.75813000e-03
2.097987     2.75076000e-03
2.098686     2.79268000e-03
2.099386     2.82552000e-03
2.100086     2.81709000e-03
2.100786     2.72255000e-03
2.101486     2.80193000e-03
2.102186     2.88296000e-03
2.102887     2.76393000e-03
2.103588     2.71759000e-03
2.104289     2.73051000e-03
2.104991     2.77146000e-03
2.105692     2.68373000e-03
2.106394     2.72702000e-03
2.107096     2.71440000e-03
2.107799     2.78055000e-03
2.108501     2.94443000e-03
2.109204     2.88770000e-03
2.109907     2.87409000e-03
2.110611     2.77109000e-03
2.111314     2.74355000e-03
2.112018     2.91876000e-03
2.112722     2.75108000e-03
2.113426     2.72390000e-03
2.114131     2.71728000e-03
2.114835     2.77402000e-03
2.115540     2.71106000e-03
2.116246     2.79156000e-03
2.116951     3.09367000e-03
2.117657     2.77337000e-03
2.118362     2.75922000e-03
2.119069     2.81395000e-03
2.119775     2.83324000e-03
2.120482     2.79789000e-03
2.121188     2.75189000e-03
2.121895     3.00245000e-03
2.122603     2.79659000e-03
2.123310     2.82289000e-03
2.124018     2.84306000e-03
2.124726     2.89122000e-03
2.125434     2.84403000e-03
2.126143     2.80922000e-03
2.126851     2.95351000e-03
2.127560     2.86121000e-03
2.128270     2.78092000e-03
2.128979     2.84481000e-03
2.129689     2.78512000e-03
2.130399     2.91911000e-03
2.131109     2.77528000e-03
2.131819     2.86878000e-03
2.132530     2.78241000e-03
2.133241     2.75245000e-03
2.133952     2.76157000e-03
2.134663     2.79648000e-03
2.135374     2.92199000e-03
2.136086     2.94546000e-03
2.136798     2.74543000e-03
2.137511     2.80176000e-03
2.138223     2.83156000e-03
2.138936     2.75879000e-03
2.139649     2.82684000e-03
2.140362     2.78785000e-03
2.141075     2.75679000e-03
2.141789     2.97789000e-03
2.142503     2.79756000e-03
2.143217     2.81020000e-03
2.143932     2.77366000e-03
2.144646     2.82909000e-03
2.145361     2.79355000e-03
2.146076     2.81108000e-03
2.146792     2.85221000e-03
2.147507     2.80868000e-03
2.148223     2.76421000e-03
2.148939     2.88577000e-03
2.149655     2.81623000e-03
2.150372     2.99005000e-03
2.151089     2.82930000e-03
2.151806     2.86797000e-03
2.152523     2.88961000e-03
2.153241     2.98154000e-03
2.153958     2.96256000e-03
2.154676     2.81627000e-03
2.155395     2.92965000e-03
2.156113     3.00025000e-03
2.156832     2.92017000e-03
2.157551     2.83884000e-03
2.158270     2.83740000e-03
2.158989     2.87351000e-03
2.159709     2.84482000e-03
2.160429     2.90932000e-03
2.161149     2.90942000e-03
2.161869     2.93587000e-03
2.162590     2.94503000e-03
2.163311     2.93672000e-03
2.164032     3.10226000e-03
2.164753     3.11625000e-03
2.165475     3.39814000e-03
2.166197     3.70083000e-03
2.166919     3.33298000e-03
2.167641     3.09769000e-03
2.168364     3.02481000e-03
2.169086     2.96212000e-03
2.169809     3.06717000e-03
2.170533     3.08484000e-03
2.171256     2.93894000e-03
2.171980     3.00611000e-03
2.172704     2.90933000e-03
2.173428     2.92812000e-03
2.174153     2.90982000e-03
2.174877     2.87919000e-03
2.175602     2.86773000e-03
2.176328     2.91597000e-03
2.177053     2.93819000e-03
2.177779     2.95611000e-03
2.178505     3.00999000e-03
2.179231     2.85024000e-03
2.179957     2.88129000e-03
2.180684     2.85394000e-03
2.181411     2.89678000e-03
2.182138     2.84766000e-03
2.182865     2.94594000e-03
2.183593     2.83545000e-03
2.184321     2.86392000e-03
2.185049     2.81848000e-03
2.185777     2.89639000e-03
2.186506     2.86344000e-03
2.187235     2.87330000e-03
2.187964     2.95139000e-03
2.188693     3.01366000e-03
2.189423     2.86924000e-03
2.190152     2.91554000e-03
2.190882     2.84850000e-03
2.191613     2.86422000e-03
2.192343     2.86576000e-03
2.193074     2.85906000e-03
2.193805     2.83475000e-03
2.194536     2.86550000e-03
2.195268     2.90823000e-03
2.196000     2.84007000e-03
2.196732     2.85199000e-03
2.197464     2.92590000e-03
2.198196     2.85742000e-03
2.198929     2.86565000e-03
2.199662     2.86397000e-03
2.200395     2.86745000e-03
2.201129     2.86575000e-03
2.201862     2.89308000e-03
2.202596     2.87485000e-03
2.203331     2.93720000e-03
2.204065     2.87762000e-03
2.204800     2.89032000e-03
2.205535     2.91091000e-03
2.206270     3.88914000e-03
2.207005     3.01561000e-03
2.207741     2.89681000e-03
2.208477     2.89302000e-03
2.209213     2.92039000e-03
2.209949     2.87067000e-03
2.210686     2.91696000e-03
2.211423     2.93080000e-03
2.212160     2.90163000e-03
2.212898     2.87105000e-03
2.213635     2.88032000e-03
2.214373     2.86408000e-03
2.215111     2.86418000e-03
2.215850     2.91526000e-03
2.216588     2.96977000e-03
2.217327     2.98450000e-03
2.218066     2.87734000e-03
2.218805     2.88445000e-03
2.219545     2.88361000e-03
2.220285     2.91069000e-03
2.221025     2.88371000e-03
2.221765     3.05273000e-03
2.222506     2.89926000e-03
2.223247     2.94807000e-03
2.223988     2.88238000e-03
2.224729     2.89701000e-03
2.225471     2.90689000e-03
2.226213     3.01713000e-03
2.226955     2.91596000e-03
2.227697     2.89978000e-03
2.228440     2.97433000e-03
2.229182     2.88489000e-03
2.229925     2.90521000e-03
2.230669     2.91072000e-03
2.231412     2.90296000e-03
2.232156     2.89968000e-03
2.232900     2.99089000e-03
2.233644     2.90874000e-03
2.234389     2.93997000e-03
2.235134     2.90102000e-03
2.235879     2.91606000e-03
2.236624     2.94385000e-03
2.237370     2.90332000e-03
2.238115     2.92749000e-03
2.238862     2.98840000e-03
2.239608     2.92603000e-03
2.240354     2.95224000e-03
2.241101     2.94209000e-03
2.241848     2.94104000e-03
2.242595     2.97153000e-03
2.243343     2.92420000e-03
2.244091     2.91384000e-03
2.244839     2.92443000e-03
2.245587     2.93399000e-03
2.246336     2.92121000e-03
2.247084     2.95448000e-03
2.247833     3.00613000e-03
2.248583     2.94303000e-03
2.249332     2.93107000e-03
2.250082     2.94146000e-03
2.250832     2.97581000e-03
2.251582     2.95648000e-03
2.252333     2.97103000e-03
2.253084     2.93974000e-03
2.253835     2.95026000e-03
2.254586     3.10155000e-03
2.255337     2.95408000e-03
2.256089     2.98609000e-03
2.256841     2.97259000e-03
2.257594     2.94512000e-03
2.258346     2.98214000e-03
2.259099     2.93428000e-03
2.259852     2.93608000e-03
2.260605     2.94155000e-03
2.261359     3.01506000e-03
2.262112     2.95658000e-03
2.262866     3.03307000e-03
2.263621     2.95548000e-03
2.264375     2.94769000e-03
2.265130     2.96686000e-03
2.265885     2.98896000e-03
2.266640     2.94865000e-03
2.267396     2.96939000e-03
2.268152     2.95336000e-03
2.268908     2.95541000e-03
2.269664     2.95227000e-03
2.270421     3.16890000e-03
2.271178     3.03961000e-03
2.271935     3.01959000e-03
2.272692     2.96572000e-03
2.273449     2.97748000e-03
2.274207     2.96183000e-03
2.274965     2.99877000e-03
2.275724     2.97185000e-03
2.276482     2.97151000e-03
2.277241     2.97245000e-03
2.278000     2.96480000e-03
2.278759     2.97170000e-03
2.279519     2.97509000e-03
2.280279     3.03015000e-03
2.281039     3.14325000e-03
2.281799     3.09402000e-03
2.282560     3.00341000e-03
2.283321     2.98902000e-03
2.284082     2.98763000e-03
2.284843     2.99668000e-03
2.285605     2.97239000e-03
2.286367     3.00066000e-03
2.287129     3.00014000e-03
2.287891     3.01634000e-03
2.288654     3.08570000e-03
2.289417     3.02527000e-03
2.290180     3.00726000e-03
2.290943     3.01692000e-03
2.291707     3.00110000e-03
2.292471     2.99073000e-03
2.293235     3.00536000e-03
2.293999     3.02130000e-03
2.294764     2.99365000e-03
2.295529     3.01769000e-03
2.296294     3.20674000e-03
2.297060     3.06926000e-03
2.297825     3.01271000e-03
2.298591     2.99883000e-03
2.299357     3.01554000e-03
2.300124     3.00327000e-03
2.300891     3.01233000e-03
2.301658     3.02575000e-03
2.302425     3.01126000e-03
2.303192     3.02657000e-03
2.303960     3.08888000e-03
2.304728     3.06602000e-03
2.305496     3.18008000e-03
2.306265     3.00843000e-03
2.307033     3.00953000e-03
2.307802     3.08319000e-03
2.308572     3.01695000e-03
2.309341     3.01711000e-03
2.310111     3.04090000e-03
2.310881     3.02193000e-03
2.311651     3.12813000e-03
2.312422     3.03313000e-03
2.313193     3.04712000e-03
2.313964     3.06955000e-03
2.314735     3.18446000e-03
2.315507     3.04903000e-03
2.316279     3.07848000e-03
2.317051     3.47316000e-03
2.317823     3.03776000e-03
2.318596     3.07459000e-03
2.319368     3.04098000e-03
2.320142     3.04035000e-03
2.320915     3.05630000e-03
2.321689     3.03014000e-03
2.322462     3.11481000e-03
2.323237     3.65171000e-03
2.324011     3.18178000e-03
2.324786     3.12600000e-03
2.325561     3.08166000e-03
2.326336     3.11463000e-03
2.327111     3.10111000e-03
2.327887     3.04487000e-03
2.328663     3.42262000e-03
2.329439     3.06715000e-03
2.330216     3.13726000e-03
2.330992     4.26616000e-03
2.331769     3.08207000e-03
2.332547     3.05778000e-03
2.333324     3.06460000e-03
2.334102     3.05456000e-03
2.334880     3.10619000e-03
2.335658     3.15897000e-03
2.336437     3.05857000e-03
2.337216     3.10033000e-03
2.337995     3.07493000e-03
2.338774     3.20532000e-03
2.339554     3.12785000e-03
2.340333     3.08517000e-03
2.341114     3.10687000e-03
2.341894     3.17916000e-03
2.342675     3.07401000e-03
2.343455     3.09772000e-03
2.344237     3.07607000e-03
2.345018     3.09400000e-03
2.345800     3.06775000e-03
2.346582     3.08128000e-03
2.347364     3.07086000e-03
2.348146     3.24147000e-03
2.348929     3.08157000e-03
2.349712     5.49742000e-03
2.350495     3.08631000e-03
2.351279     3.17651000e-03
2.352062     3.09511000e-03
2.352846     4.94139000e-03
2.353631     3.10658000e-03
2.354415     3.21384000e-03
2.355200     4.70826000e-03
2.355985     3.11647000e-03
2.356771     3.12901000e-03
2.357556     3.15529000e-03
2.358342     3.10917000e-03
2.359128     5.14786000e-03
2.359914     5.40942000e-03
2.360701     3.24015000e-03
2.361488     3.10672000e-03
2.362275     3.12040000e-03
2.363063     3.20091000e-03
2.363850     3.10303000e-03
2.364638     3.12301000e-03
2.365426     5.33728000e-03
2.366215     3.10557000e-03
2.367004     3.10562000e-03
2.367793     3.49410000e-03
2.368582     3.10621000e-03
2.369371     3.18119000e-03
2.370161     3.18711000e-03
2.370951     3.12074000e-03
2.371742     3.19727000e-03
2.372532     3.13435000e-03
2.373323     3.25102000e-03
2.374114     3.30905000e-03
2.374906     3.41033000e-03
2.375697     3.47700000e-03
2.376489     3.24437000e-03
2.377281     3.13700000e-03
2.378074     3.18678000e-03
2.378866     3.15763000e-03
2.379659     3.17216000e-03
2.380452     3.20230000e-03
2.381246     4.74831000e-03
2.382040     3.42124000e-03
2.382834     3.15670000e-03
2.383628     3.34362000e-03
2.384423     3.43427000e-03
2.385217     3.21661000e-03
2.386012     3.23179000e-03
2.386808     4.94551000e-03
2.387603     4.95755000e-03
2.388399     3.28712000e-03
2.389195     3.25174000e-03
2.389992     3.24444000e-03
2.390788     3.25823000e-03
2.391585     3.20181000e-03
2.392383     3.55437000e-03
2.393180     3.29037000e-03
2.393978     3.14530000e-03
2.394776     3.41672000e-03
2.395574     3.68001000e-03
2.396373     3.61182000e-03
2.397171     3.37489000e-03
2.397970     4.95115000e-03
2.398770     4.92122000e-03
2.399569     3.41638000e-03
2.400369     3.25760000e-03
2.401169     3.18066000e-03
2.401970     3.17451000e-03
2.402770     3.20947000e-03
2.403571     3.20040000e-03
2.404372     3.28375000e-03
2.405174     3.20118000e-03
2.405976     3.20048000e-03
2.406778     3.17431000e-03
2.407580     3.17952000e-03
2.408382     3.26846000e-03
2.409185     3.23486000e-03
2.409988     5.28134000e-03
2.410792     3.69901000e-03
2.411595     3.32401000e-03
2.412399     3.29252000e-03
2.413203     3.27625000e-03
2.414008     3.28455000e-03
2.414812     3.33189000e-03
2.415617     3.25564000e-03
2.416422     3.37636000e-03
2.417228     3.21668000e-03
2.418034     3.25953000e-03
2.418840     3.30935000e-03
2.419646     3.62423000e-03
2.420452     3.36743000e-03
2.421259     4.24793000e-03
2.422066     5.10265000e-03
2.422874     3.26989000e-03
2.423681     3.27216000e-03
2.424489     3.25213000e-03
2.425297     3.21066000e-03
2.426106     3.19994000e-03
2.426915     3.52856000e-03
2.427723     3.37252000e-03
2.428533     3.64208000e-03
2.429342     3.27675000e-03
2.430152     3.77600000e-03
2.430962     3.27801000e-03
2.431772     3.22108000e-03
2.432583     3.20915000e-03
2.433394     3.60718000e-03
2.434205     4.04468000e-03
2.435016     3.47958000e-03
2.435828     3.32738000e-03
2.436640     3.33563000e-03
2.437452     3.66200000e-03
2.438265     3.42728000e-03
2.439077     5.11487000e-03
2.439890     3.25839000e-03
2.440704     3.41468000e-03
2.441517     3.40100000e-03
2.442331     3.52944000e-03
2.443145     3.35294000e-03
2.443960     3.23904000e-03
2.444774     4.61903000e-03
2.445589     3.77970000e-03
2.446404     3.97451000e-03
2.447220     3.55688000e-03
2.448036     4.03207000e-03
2.448852     3.34956000e-03
2.449668     3.59780000e-03
2.450484     5.58427000e-03
2.451301     4.90501000e-03
2.452118     3.50633000e-03
2.452936     3.78997000e-03
2.453753     3.35645000e-03
2.454571     3.55088000e-03
2.455390     3.37207000e-03
2.456208     3.55279000e-03
2.457027     3.57871000e-03
2.457846     3.39546000e-03
2.458665     3.43581000e-03
2.459485     3.83167000e-03
2.460304     3.39437000e-03
2.461125     3.38062000e-03
2.461945     3.41871000e-03
2.462766     3.54362000e-03
2.463586     3.52256000e-03
2.464408     3.37988000e-03
2.465229     3.38694000e-03
2.466051     3.46962000e-03
2.466873     3.27440000e-03
2.467695     3.72889000e-03
2.468518     3.38035000e-03
2.469341     3.31013000e-03
2.470164     4.05115000e-03
2.470987     3.46802000e-03
2.471811     3.73267000e-03
2.472635     3.35747000e-03
2.473459     3.51200000e-03
2.474283     3.32135000e-03
2.475108     3.48701000e-03
2.475933     3.68841000e-03
2.476758     3.44148000e-03
2.477584     3.50038000e-03
2.478410     3.70885000e-03
2.479236     3.51142000e-03
2.480062     3.64534000e-03
2.480889     3.39148000e-03
2.481716     3.81678000e-03
2.482543     4.94541000e-03
2.483371     4.06306000e-03
2.484199     3.42569000e-03
2.485027     3.46711000e-03
2.485855     4.85372000e-03
2.486684     4.23798000e-03
2.487513     3.64040000e-03
2.488342     3.48814000e-03
2.489171     3.32184000e-03
2.490001     3.39235000e-03
2.490831     3.31881000e-03
2.491661     3.59958000e-03
2.492492     3.45576000e-03
2.493323     3.64307000e-03
2.494154     3.49048000e-03
2.494985     3.51051000e-03
2.495817     4.28392000e-03
2.496649     3.39966000e-03
2.497481     3.45185000e-03
2.498313     3.38621000e-03
2.499146     3.39048000e-03
2.499979     3.38368000e-03
2.500813     3.63118000e-03
2.501646     3.64996000e-03
2.502480     3.52153000e-03
2.503314     3.35321000e-03
2.504149     3.61182000e-03
2.504983     3.34535000e-03
2.505818     4.26398000e-03
2.506654     3.58670000e-03
2.507489     3.41459000e-03
2.508325     3.37913000e-03
2.509161     3.63571000e-03
2.509998     3.42010000e-03
2.510834     4.18173000e-03
2.511671     3.39728000e-03
2.512508     4.40402000e-03
2.513346     3.48638000e-03
2.514184     3.88496000e-03
2.515022     3.41247000e-03
2.515860     3.91970000e-03
2.516699     3.36827000e-03
2.517538     4.09558000e-03
2.518377     3.42197000e-03
2.519216     3.44462000e-03
2.520056     3.35687000e-03
2.520896     3.68940000e-03
2.521736     4.80282000e-03
2.522577     3.46521000e-03
2.523418     3.62885000e-03
2.524259     3.81650000e-03
2.525100     3.50483000e-03
2.525942     3.46501000e-03
2.526784     3.58862000e-03
2.527626     3.89683000e-03
2.528469     5.31993000e-03
2.529312     3.67727000e-03
2.530155     3.65415000e-03
2.530998     3.38672000e-03
2.531842     3.38501000e-03
2.532686     3.70875000e-03
2.533530     3.41197000e-03
2.534374     3.49754000e-03
2.535219     3.92029000e-03
2.536064     3.86582000e-03
2.536910     3.51912000e-03
2.537755     3.82478000e-03
2.538601     3.52814000e-03
2.539447     3.57443000e-03
2.540294     3.51585000e-03
2.541141     4.21651000e-03
2.541988     4.54199000e-03
2.542835     3.96235000e-03
2.543683     4.00996000e-03
2.544530     3.80935000e-03
2.545379     3.65404000e-03
2.546227     3.74765000e-03
2.547076     4.94850000e-03
2.547925     3.51474000e-03
2.548774     4.04033000e-03
2.549624     3.68582000e-03
2.550474     3.94490000e-03
2.551324     3.48886000e-03
2.552174     3.80378000e-03
2.553025     3.58576000e-03
2.553876     3.51451000e-03
2.554727     3.95250000e-03
2.555579     4.13042000e-03
2.556431     4.27558000e-03
2.557283     3.63353000e-03
2.558135     4.13667000e-03
2.558988     3.75156000e-03
2.559841     3.57197000e-03
2.560694     3.49451000e-03
2.561548     3.51009000e-03
2.562402     4.02812000e-03
2.563256     3.99660000e-03
2.564110     3.68199000e-03
2.564965     3.83463000e-03
2.565820     3.59549000e-03
2.566675     3.54382000e-03
2.567531     3.56588000e-03
2.568387     3.82112000e-03
2.569243     3.49782000e-03
2.570099     3.59905000e-03
2.570956     3.46796000e-03
2.571813     3.43668000e-03
2.572670     4.00225000e-03
2.573528     3.47619000e-03
2.574386     3.48290000e-03
2.575244     3.73138000e-03
2.576102     3.49368000e-03
2.576961     3.48272000e-03
2.577820     4.01637000e-03
2.578679     3.71648000e-03
2.579539     3.59605000e-03
2.580398     3.62654000e-03
2.581259     3.60669000e-03
2.582119     3.57721000e-03
2.582980     4.27097000e-03
2.583841     4.03643000e-03
2.584702     4.09831000e-03
2.585564     3.86792000e-03
2.586425     3.78513000e-03
2.587288     3.73606000e-03
2.588150     4.08303000e-03
2.589013     3.73309000e-03
2.589876     3.58285000e-03
2.590739     4.87816000e-03
2.591603     3.54083000e-03
2.592466     3.74851000e-03
2.593331     4.19403000e-03
2.594195     3.44171000e-03
2.595060     3.94254000e-03
2.595925     3.99351000e-03
2.596790     3.59163000e-03
2.597656     4.01178000e-03
2.598522     3.97319000e-03
2.599388     4.06658000e-03
2.600254     3.55663000e-03
2.601121     3.66427000e-03
2.601988     3.48864000e-03
2.602855     3.47918000e-03
2.603723     3.51499000e-03
2.604591     3.81827000e-03
2.605459     3.71851000e-03
2.606328     3.69764000e-03
2.607196     3.70340000e-03
2.608065     3.68036000e-03
2.608935     3.72361000e-03
2.609804     4.22996000e-03
2.610674     3.77348000e-03
2.611545     3.97459000e-03
2.612415     3.90860000e-03
2.613286     4.08370000e-03
2.614157     3.92681000e-03
2.615028     3.57975000e-03
2.615900     3.67443000e-03
2.616772     3.98761000e-03
2.617644     4.00058000e-03
2.618517     3.97429000e-03
2.619390     3.74583000e-03
2.620263     3.64783000e-03
2.621136     3.89998000e-03
2.622010     3.96360000e-03
2.622884     3.81902000e-03
2.623758     3.84265000e-03
2.624633     4.08418000e-03
2.625508     5.88840000e-03
2.626383     4.63335000e-03
2.627258     4.50338000e-03
2.628134     3.94893000e-03
2.629010     4.02925000e-03
2.629886     3.69725000e-03
2.630763     3.62706000e-03
2.631640     3.75631000e-03
2.632517     3.61762000e-03
2.633395     3.64269000e-03
2.634272     4.13043000e-03
2.635151     3.77057000e-03
2.636029     3.80444000e-03
2.636908     3.81489000e-03
2.637787     3.82252000e-03
2.638666     3.71417000e-03
2.639545     3.82545000e-03
2.640425     3.70513000e-03
2.641305     3.58625000e-03
2.642186     3.71395000e-03
2.643067     3.55435000e-03
2.643948     3.72066000e-03
2.644829     3.93177000e-03
2.645711     4.17064000e-03
2.646592     3.49766000e-03
2.647475     3.73009000e-03
2.648357     3.58339000e-03
2.649240     3.64105000e-03
2.650123     3.55100000e-03
2.651006     3.60138000e-03
2.651890     3.64786000e-03
2.652774     3.59710000e-03
2.653658     3.57190000e-03
2.654543     4.07683000e-03
2.655428     3.84012000e-03
2.656313     4.04170000e-03
2.657198     3.79329000e-03
2.658084     3.87962000e-03
2.658970     3.61527000e-03
2.659856     3.61612000e-03
2.660743     3.63724000e-03
2.661630     3.61295000e-03
2.662517     5.34959000e-03
2.663405     3.68285000e-03
2.664292     3.89950000e-03
2.665180     3.94754000e-03
2.666069     4.01306000e-03
2.666958     4.34414000e-03
2.667847     3.75557000e-03
2.668736     3.75985000e-03
2.669625     4.09979000e-03
2.670515     3.84035000e-03
2.671405     3.70719000e-03
2.672296     3.72957000e-03
2.673187     3.86444000e-03
2.674078     3.74582000e-03
2.674969     3.86393000e-03
2.675861     3.92258000e-03
2.676753     3.73574000e-03
2.677645     4.60552000e-03
2.678537     3.88966000e-03
2.679430     4.39816000e-03
2.680323     4.39657000e-03
2.681217     3.70482000e-03
2.682111     4.00302000e-03
2.683005     3.83008000e-03
2.683899     3.65989000e-03
2.684794     3.75907000e-03
2.685689     4.51869000e-03
2.686584     4.08936000e-03
2.687479     3.77372000e-03
2.688375     4.04039000e-03
2.689271     3.82131000e-03
2.690168     3.61344000e-03
2.691064     4.29536000e-03
2.691961     4.24507000e-03
2.692859     3.80054000e-03
2.693756     3.82398000e-03
2.694654     3.66115000e-03
2.695553     4.10490000e-03
2.696451     4.25660000e-03
2.697350     3.85975000e-03
2.698249     3.70061000e-03
2.699148     3.61458000e-03
2.700048     3.63045000e-03
2.700948     4.10528000e-03
2.701848     4.32203000e-03
2.702749     3.81328000e-03
2.703650     4.06553000e-03
2.704551     4.15329000e-03
2.705453     3.79558000e-03
2.706355     3.91812000e-03
2.707257     4.09892000e-03
2.708159     3.81181000e-03
2.709062     4.33476000e-03
2.709965     3.89865000e-03
2.710868     3.73774000e-03
2.711772     4.10462000e-03
2.712676     3.60475000e-03
2.713580     3.63955000e-03
2.714484     3.73472000e-03
2.715389     3.67597000e-03
2.716294     3.74502000e-03
2.717200     3.79295000e-03
2.718106     3.68574000e-03
2.719012     3.83223000e-03
2.719918     3.87476000e-03
2.720825     3.65451000e-03
2.721732     3.64621000e-03
2.722639     3.92288000e-03
2.723546     3.75098000e-03
2.724454     3.75799000e-03
2.725362     3.65177000e-03
2.726271     3.74594000e-03
2.727180     3.87175000e-03
2.728089     4.02621000e-03
2.728998     4.13691000e-03
2.729908     3.69969000e-03
2.730818     4.42055000e-03
2.731728     4.29429000e-03
2.732638     3.81993000e-03
2.733549     3.88941000e-03
2.734460     3.71657000e-03
2.735372     4.21464000e-03
2.736284     4.00241000e-03
2.737196     3.65040000e-03
2.738108     4.29687000e-03
2.739021     4.33089000e-03
2.739934     4.26120000e-03
2.740847     4.15873000e-03
2.741761     3.81471000e-03
2.742675     3.89993000e-03
2.743589     3.72758000e-03
2.744504     4.03762000e-03
2.745418     3.77483000e-03
2.746334     3.94139000e-03
2.747249     3.86209000e-03
2.748165     4.24298000e-03
2.749081     3.74323000e-03
2.749997     4.38935000e-03
2.750914     3.84567000e-03
2.751831     3.80047000e-03
2.752748     4.34388000e-03
2.753666     4.00899000e-03
2.754584     3.89189000e-03
2.755502     3.93338000e-03
2.756420     3.80751000e-03
2.757339     3.89221000e-03
2.758258     4.21396000e-03
2.759178     4.04604000e-03
2.760097     3.94354000e-03
2.761017     4.03387000e-03
2.761938     3.84649000e-03
2.762858     4.22153000e-03
2.763779     3.94682000e-03
2.764701     4.55229000e-03
2.765622     4.46357000e-03
2.766544     4.05476000e-03
2.767466     4.00358000e-03
2.768389     3.94897000e-03
2.769311     3.99365000e-03
2.770235     4.14615000e-03
2.771158     4.05181000e-03
2.772082     4.42960000e-03
2.773006     3.80834000e-03
2.773930     3.90792000e-03
2.774855     3.95199000e-03
2.775780     4.04873000e-03
2.776705     3.90530000e-03
2.777630     4.01624000e-03
2.778556     4.07281000e-03
2.779483     3.78349000e-03
2.780409     3.98128000e-03
2.781336     3.73175000e-03
2.782263     3.77697000e-03
2.783190     4.04142000e-03
2.784118     4.02405000e-03
2.785046     4.26369000e-03
2.785974     3.85486000e-03
2.786903     3.77113000e-03
2.787832     3.76067000e-03
2.788761     3.78624000e-03
2.789691     3.93061000e-03
2.790621     3.91332000e-03
2.791551     3.74272000e-03
2.792482     4.18971000e-03
2.793412     4.05856000e-03
2.794344     4.39524000e-03
2.795275     3.75865000e-03
2.796207     3.89973000e-03
2.797139     3.89517000e-03
2.798071     4.64230000e-03
2.799004     4.44524000e-03
2.799937     3.77546000e-03
2.800870     4.54744000e-03
2.801804     4.08390000e-03
2.802738     4.72684000e-03
2.803672     4.73149000e-03
2.804607     3.93755000e-03
2.805541     4.11458000e-03
2.806477     4.43743000e-03
2.807412     4.08739000e-03
2.808348     4.28937000e-03
2.809284     3.95650000e-03
2.810220     3.78656000e-03
2.811157     3.90314000e-03
2.812094     3.86903000e-03
2.813032     4.42003000e-03
2.813969     4.48901000e-03
2.814907     3.94716000e-03
2.815846     3.78144000e-03
2.816784     4.17423000e-03
2.817723     3.87482000e-03
2.818662     3.90213000e-03
2.819602     3.81370000e-03
2.820542     4.04012000e-03
2.821482     3.95639000e-03
2.822422     4.23436000e-03
2.823363     3.77150000e-03
2.824304     4.19244000e-03
2.825246     4.11367000e-03
2.826188     4.41493000e-03
2.827130     4.42160000e-03
2.828072     3.84745000e-03
2.829015     3.74258000e-03
2.829958     3.82925000e-03
2.830901     3.88563000e-03
2.831845     4.14456000e-03
2.832789     3.88545000e-03
2.833733     3.94391000e-03
2.834677     3.90473000e-03
2.835622     4.44270000e-03
2.836568     4.04035000e-03
2.837513     4.34885000e-03
2.838459     4.24256000e-03
2.839405     3.97173000e-03
2.840352     4.15540000e-03
2.841298     3.83470000e-03
2.842245     4.00113000e-03
2.843193     4.28176000e-03
2.844141     3.84005000e-03
2.845089     4.21274000e-03
2.846037     3.77488000e-03
2.846986     4.34685000e-03
2.847935     4.13378000e-03
2.848884     3.90986000e-03
2.849834     4.37406000e-03
2.850784     4.66361000e-03
2.851734     4.21942000e-03
2.852684     4.07248000e-03
2.853635     4.55746000e-03
2.854586     4.42758000e-03
2.855538     4.18308000e-03
2.856490     4.00873000e-03
2.857442     3.82745000e-03
2.858394     3.99997000e-03
2.859347     4.00108000e-03
2.860300     3.92809000e-03
2.861254     3.94786000e-03
2.862208     4.09184000e-03
2.863162     4.14969000e-03
2.864116     4.08376000e-03
2.865071     3.87878000e-03
2.866026     3.96513000e-03
2.866981     4.11519000e-03
2.867937     4.02207000e-03
2.868893     4.22938000e-03
2.869849     4.24668000e-03
2.870806     4.14001000e-03
2.871763     4.69518000e-03
2.872720     4.31799000e-03
2.873677     4.17307000e-03
2.874635     4.82763000e-03
2.875594     3.98356000e-03
2.876552     3.95114000e-03
2.877511     4.09487000e-03
2.878470     4.17100000e-03
2.879430     4.00050000e-03
2.880389     4.08354000e-03
2.881350     4.19105000e-03
2.882310     3.96097000e-03
2.883271     4.06773000e-03
2.884232     4.31847000e-03
2.885193     4.51405000e-03
2.886155     4.27960000e-03
2.887117     3.98842000e-03
2.888079     4.21315000e-03
2.889042     4.10129000e-03
2.890005     4.57304000e-03
2.890968     4.14701000e-03
2.891932     4.15005000e-03
2.892896     4.19105000e-03
2.893860     4.43242000e-03
2.894825     4.05032000e-03
2.895790     4.25436000e-03
2.896755     4.32628000e-03
2.897721     3.88614000e-03
2.898687     4.22889000e-03
2.899653     4.66491000e-03
2.900619     4.29780000e-03
2.901586     3.88090000e-03
2.902554     4.64125000e-03
2.903521     4.01463000e-03
2.904489     4.01604000e-03
2.905457     4.42110000e-03
2.906426     4.01366000e-03
2.907394     4.26018000e-03
2.908363     4.16654000e-03
2.909333     3.99139000e-03
2.910303     4.43468000e-03
2.911273     3.97499000e-03
2.912243     3.95274000e-03
2.913214     3.90348000e-03
2.914185     4.14520000e-03
2.915156     4.13560000e-03
2.916128     4.06830000e-03
2.917100     4.66328000e-03
2.918073     4.10619000e-03
2.919045     4.12825000e-03
2.920018     4.14296000e-03
2.920992     4.03503000e-03
2.921965     4.57971000e-03
2.922939     4.56520000e-03
2.923914     4.13388000e-03
2.924888     4.13019000e-03
2.925863     4.37770000e-03
2.926838     3.94824000e-03
2.927814     4.81751000e-03
2.928790     4.22726000e-03
2.929766     4.43006000e-03
2.930743     4.05379000e-03
2.931720     4.09653000e-03
2.932697     4.13049000e-03
2.933675     4.01555000e-03
2.934652     4.53822000e-03
2.935631     4.24271000e-03
2.936609     4.30573000e-03
2.937588     4.47295000e-03
2.938567     4.01603000e-03
2.939547     4.05226000e-03
2.940527     4.21844000e-03
2.941507     4.14304000e-03
2.942487     4.36784000e-03
2.943468     4.51947000e-03
2.944449     4.19338000e-03
2.945431     4.09406000e-03
2.946413     4.08552000e-03
2.947395     4.26791000e-03
2.948377     4.68323000e-03
2.949360     4.12198000e-03
2.950343     4.13202000e-03
2.951327     4.01999000e-03
2.952310     4.03798000e-03
2.953294     4.04901000e-03
2.954279     4.43853000e-03
2.955264     4.08413000e-03
2.956249     4.41735000e-03
2.957234     4.51250000e-03
2.958220     4.03112000e-03
2.959206     4.12509000e-03
2.960192     4.18672000e-03
2.961179     4.88228000e-03
2.962166     4.15604000e-03
2.963154     4.29646000e-03
2.964141     4.32669000e-03
2.965129     3.98032000e-03
2.966118     4.06894000e-03
2.967106     4.54874000e-03
2.968095     4.35214000e-03
2.969085     4.14154000e-03
2.970075     3.99917000e-03
2.971065     4.27621000e-03
2.972055     4.65872000e-03
2.973046     4.37758000e-03
2.974037     4.58120000e-03
2.975028     4.63509000e-03
2.976020     4.28331000e-03
2.977012     3.98108000e-03
2.978004     4.68397000e-03
2.978997     4.28710000e-03
2.979990     4.50420000e-03
2.980983     4.09683000e-03
2.981977     4.12410000e-03
2.982971     4.17587000e-03
2.983965     4.25299000e-03
2.984960     4.18435000e-03
2.985955     4.35944000e-03
2.986950     4.21444000e-03
2.987946     4.75431000e-03
2.988942     4.20036000e-03
2.989938     4.45488000e-03
2.990934     4.36578000e-03
2.991931     4.16151000e-03
2.992929     4.36894000e-03
2.993926     4.03363000e-03
2.994924     4.34774000e-03
2.995923     3.99280000e-03
2.996921     4.00897000e-03
2.997920     4.17352000e-03
2.998920     4.37348000e-03
2.999919     4.06017000e-03
3.000919     4.13051000e-03
3.001920     4.79918000e-03
3.002920     4.34784000e-03
3.003921     4.37642000e-03
3.004922     4.32053000e-03
3.005924     4.23414000e-03
3.006926     4.48210000e-03
3.007928     4.71949000e-03
3.008931     4.48410000e-03
3.009934     4.74170000e-03
3.010937     4.63761000e-03
3.011941     4.40488000e-03
3.012945     4.66490000e-03
3.013949     4.29264000e-03
3.014954     4.33055000e-03
3.015959     4.17371000e-03
3.016964     4.22157000e-03
3.017970     4.18333000e-03
3.018976     4.11564000e-03
3.019982     4.13626000e-03
3.020989     4.32727000e-03
3.021996     4.02919000e-03
3.023003     4.10861000e-03
3.024011     4.33206000e-03
3.025019     4.87473000e-03
3.026027     4.51060000e-03
3.027036     4.70844000e-03
3.028045     4.63119000e-03
3.029054     4.15328000e-03
3.030064     4.66580000e-03
3.031074     4.52791000e-03
3.032084     4.47460000e-03
3.033095     4.49111000e-03
3.034106     4.47393000e-03
3.035117     4.38374000e-03
3.036129     4.74447000e-03
3.037141     4.42570000e-03
3.038154     4.69629000e-03
3.039166     5.27930000e-03
3.040179     4.47528000e-03
3.041193     4.81501000e-03
3.042206     4.65140000e-03
3.043220     4.26242000e-03
3.044235     4.68385000e-03
3.045250     4.82635000e-03
3.046265     4.59881000e-03
3.047280     4.17328000e-03
3.048296     4.31855000e-03
3.049312     4.67380000e-03
3.050328     4.25579000e-03
3.051345     4.94688000e-03
3.052362     4.28208000e-03
3.053380     4.37990000e-03
3.054398     4.37790000e-03
3.055416     4.14345000e-03
3.056434     4.14093000e-03
3.057453     4.09228000e-03
3.058472     4.55738000e-03
3.059492     4.23935000e-03
3.060511     4.46957000e-03
3.061532     4.20158000e-03
3.062552     4.20587000e-03
3.063573     4.36949000e-03
3.064594     4.86150000e-03
3.065616     4.37795000e-03
3.066638     4.23626000e-03
3.067660     4.45075000e-03
3.068682     4.91616000e-03
3.069705     4.40798000e-03
3.070728     4.72359000e-03
3.071752     4.74314000e-03
3.072776     4.46468000e-03
3.073800     4.33301000e-03
3.074825     4.27339000e-03
3.075850     4.31723000e-03
3.076875     4.40593000e-03
3.077901     4.34596000e-03
3.078927     4.34714000e-03
3.079953     4.16359000e-03
3.080980     4.24909000e-03
3.082007     4.87475000e-03
3.083034     4.31529000e-03
3.084062     4.36334000e-03
3.085090     4.80308000e-03
3.086118     4.33288000e-03
3.087147     4.63182000e-03
3.088176     4.40193000e-03
3.089205     4.60399000e-03
3.090235     4.41752000e-03
3.091265     4.41366000e-03
3.092295     4.29093000e-03
3.093326     4.74826000e-03
3.094357     4.47589000e-03
3.095389     4.21764000e-03
3.096420     4.28267000e-03
3.097453     4.95141000e-03
3.098485     4.29255000e-03
3.099518     4.35204000e-03
3.100551     4.41192000e-03
3.101585     4.50266000e-03
3.102619     4.80955000e-03
3.103653     4.58146000e-03
3.104687     4.47031000e-03
3.105722     4.25978000e-03
3.106757     4.33122000e-03
3.107793     4.55897000e-03
3.108829     4.55628000e-03
3.109865     4.70679000e-03
3.110902     4.45909000e-03
3.111939     4.67730000e-03
3.112976     4.85154000e-03
3.114014     4.32686000e-03
3.115052     5.01797000e-03
3.116090     4.99353000e-03
3.117129     4.24796000e-03
3.118168     4.72807000e-03
3.119207     5.01296000e-03
3.120247     4.20451000e-03
3.121287     4.79884000e-03
3.122327     4.37200000e-03
3.123368     4.41372000e-03
3.124409     4.78695000e-03
3.125451     4.21869000e-03
3.126493     4.26018000e-03
3.127535     4.43426000e-03
3.128577     4.27902000e-03
3.129620     4.45615000e-03
3.130663     4.37083000e-03
3.131707     4.40908000e-03
3.132751     4.95385000e-03
3.133795     4.26577000e-03
3.134840     4.83683000e-03
3.135885     4.31390000e-03
3.136930     4.31129000e-03
3.137976     4.66904000e-03
3.139022     4.25635000e-03
3.140068     4.22871000e-03
3.141115     4.61678000e-03
3.142162     4.51026000e-03
3.143209     4.81907000e-03
3.144257     5.09045000e-03
3.145305     4.37052000e-03
3.146353     4.36254000e-03
3.147402     4.55799000e-03
3.148451     4.38331000e-03
3.149501     4.24225000e-03
3.150551     4.48589000e-03
3.151601     4.63321000e-03
3.152651     4.66223000e-03
3.153702     4.59007000e-03
3.154753     4.47493000e-03
3.155805     4.51274000e-03
3.156857     4.71371000e-03
3.157909     4.48789000e-03
3.158962     4.37644000e-03
3.160015     4.85512000e-03
3.161068     4.52835000e-03
3.162122     4.48887000e-03
3.163176     4.31503000e-03
3.164230     4.30243000e-03
3.165285     4.63500000e-03
3.166340     4.66588000e-03
3.167396     4.90851000e-03
3.168451     4.43193000e-03
3.169507     4.52101000e-03
3.170564     4.65285000e-03
3.171621     4.49761000e-03
3.172678     4.47381000e-03
3.173736     4.64642000e-03
3.174794     4.48810000e-03
3.175852     4.47174000e-03
3.176910     4.92368000e-03
3.177969     4.47275000e-03
3.179029     4.79355000e-03
3.180088     4.72573000e-03
3.181148     4.98180000e-03
3.182209     4.31759000e-03
3.183270     4.40226000e-03
3.184331     4.31133000e-03
3.185392     4.30894000e-03
3.186454     4.42944000e-03
3.187516     4.40556000e-03
3.188579     4.69721000e-03
3.189641     4.44741000e-03
3.190705     4.51811000e-03
3.191768     4.49013000e-03
3.192832     4.68094000e-03
3.193896     5.07722000e-03
3.194961     4.87327000e-03
3.196026     4.44168000e-03
3.197091     4.53738000e-03
3.198157     4.37097000e-03
3.199223     4.63244000e-03
3.200289     4.76107000e-03
3.201356     4.64395000e-03
3.202423     4.76051000e-03
3.203491     4.53699000e-03
3.204559     4.68093000e-03
3.205627     4.38532000e-03
3.206695     4.31698000e-03
3.207764     4.71636000e-03
3.208834     4.40373000e-03
3.209903     4.59748000e-03
3.210973     4.56557000e-03
3.212043     4.88684000e-03
3.213114     4.78831000e-03
3.214185     4.39578000e-03
3.215257     4.84497000e-03
3.216328     4.35221000e-03
3.217400     4.66694000e-03
3.218473     4.68113000e-03
3.219546     4.36496000e-03
3.220619     4.48810000e-03
3.221692     4.64682000e-03
3.222766     4.60506000e-03
3.223841     4.44169000e-03
3.224915     4.52128000e-03
3.225990     4.55164000e-03
3.227066     4.50793000e-03
3.228141     4.77368000e-03
3.229217     4.82316000e-03
3.230294     4.33961000e-03
3.231370     4.27865000e-03
3.232448     4.93570000e-03
3.233525     4.41304000e-03
3.234603     4.58130000e-03
3.235681     4.37632000e-03
3.236760     4.54774000e-03
3.237839     4.41322000e-03
3.238918     4.40104000e-03
3.239997     4.94136000e-03
3.241077     4.48013000e-03
3.242158     4.85431000e-03
3.243239     4.42413000e-03
3.244320     4.99815000e-03
3.245401     4.48337000e-03
3.246483     4.49018000e-03
3.247565     4.61448000e-03
3.248648     4.76575000e-03
3.249730     4.33867000e-03
3.250814     4.66413000e-03
3.251897     4.36068000e-03
3.252981     4.31187000e-03
3.254066     4.44632000e-03
3.255150     4.56460000e-03
3.256235     4.35005000e-03
3.257321     4.55545000e-03
3.258406     4.54922000e-03
3.259493     4.69947000e-03
3.260579     4.45749000e-03
3.261666     4.87399000e-03
3.262753     4.36140000e-03
3.263841     4.43396000e-03
3.264929     4.83767000e-03
3.266017     4.56582000e-03
3.267106     4.44668000e-03
3.268195     4.43264000e-03
3.269284     4.36722000e-03
3.270374     4.79644000e-03
3.271464     4.53262000e-03
3.272555     4.47627000e-03
3.273645     4.86293000e-03
3.274737     4.78148000e-03
3.275828     4.54654000e-03
3.276920     4.50673000e-03
3.278012     4.68910000e-03
3.279105     5.00988000e-03
3.280198     4.51694000e-03
3.281292     4.67986000e-03
3.282385     4.49145000e-03
3.283479     4.45525000e-03
3.284574     4.57473000e-03
3.285669     4.41520000e-03
3.286764     4.84970000e-03
3.287860     4.64631000e-03
3.288956     4.81885000e-03
3.290052     4.41022000e-03
3.291149     4.89765000e-03
3.292246     4.53099000e-03
3.293343     4.99197000e-03
3.294441     4.66679000e-03
3.295539     4.94793000e-03
3.296637     5.28308000e-03
3.297736     4.87999000e-03
3.298836     4.80610000e-03
3.299935     4.56650000e-03
3.301035     4.59306000e-03
3.302135     4.54461000e-03
3.303236     4.89451000e-03
3.304337     4.48759000e-03
3.305439     4.64352000e-03
3.306541     4.62331000e-03
3.307643     4.53625000e-03
3.308745     4.67771000e-03
3.309848     4.44443000e-03
3.310951     4.73816000e-03
3.312055     4.59474000e-03
3.313159     4.55636000e-03
3.314264     4.53606000e-03
3.315368     4.87465000e-03
3.316473     4.64086000e-03
3.317579     4.52561000e-03
3.318685     4.64256000e-03
3.319791     5.02417000e-03
3.320898     4.46358000e-03
3.322005     4.60530000e-03
3.323112     4.48433000e-03
3.324220     4.56994000e-03
3.325328     4.49698000e-03
3.326436     4.61303000e-03
3.327545     4.52336000e-03
3.328654     4.65101000e-03
3.329764     4.49172000e-03
3.330874     4.58216000e-03
3.331984     4.45523000e-03
3.333095     4.81335000e-03
3.334206     4.63670000e-03
3.335317     4.49087000e-03
3.336429     4.57835000e-03
3.337541     4.66804000e-03
3.338653     4.49970000e-03
3.339766     4.55074000e-03
3.340880     4.74145000e-03
3.341993     4.84391000e-03
3.343107     4.61221000e-03
3.344222     4.58400000e-03
3.345336     4.51132000e-03
3.346451     4.91912000e-03
3.347567     4.50990000e-03
3.348683     4.88291000e-03
3.349799     4.61165000e-03
3.350916     4.65824000e-03
3.352033     4.63087000e-03
3.353150     4.79164000e-03
3.354268     4.91182000e-03
3.355386     4.65084000e-03
3.356504     4.57581000e-03
3.357623     4.50696000e-03
3.358742     4.49001000e-03
3.359862     4.41452000e-03
3.360982     4.51544000e-03
3.362102     4.58906000e-03
3.363223     4.91236000e-03
3.364344     4.42590000e-03
3.365465     4.48880000e-03
3.366587     4.72794000e-03
3.367709     4.72752000e-03
3.368832     4.40441000e-03
3.369955     4.62929000e-03
3.371078     4.70792000e-03
3.372202     4.74067000e-03
3.373326     4.99017000e-03
3.374450     4.76882000e-03
3.375575     4.50684000e-03
3.376700     4.72157000e-03
3.377826     4.51087000e-03
3.378952     4.76208000e-03
3.380078     5.04918000e-03
3.381205     4.80009000e-03
3.382332     4.59284000e-03
3.383459     4.52436000e-03
3.384587     4.62858000e-03
3.385715     4.46152000e-03
3.386844     4.66748000e-03
3.387973     4.59891000e-03
3.389102     4.49787000e-03
3.390232     4.56709000e-03
3.391362     4.70696000e-03
3.392492     4.79865000e-03
3.393623     4.69086000e-03
3.394754     4.64021000e-03
3.395886     4.68861000e-03
3.397018     4.80079000e-03
3.398150     4.59547000e-03
3.399283     4.77051000e-03
3.400416     4.49828000e-03
3.401550     4.72525000e-03
3.402683     4.78684000e-03
3.403818     4.90701000e-03
3.404952     4.75076000e-03
3.406087     4.88143000e-03
3.407223     4.57017000e-03
3.408358     4.73336000e-03
3.409495     4.60745000e-03
3.410631     4.62534000e-03
3.411768     4.55481000e-03
3.412905     4.56842000e-03
3.414043     4.67622000e-03
3.415181     5.74709000e-03
3.416319     4.92929000e-03
3.417458     4.71488000e-03
3.418597     4.77454000e-03
3.419737     4.87653000e-03
3.420877     4.57406000e-03
3.422017     4.51370000e-03
3.423158     4.49560000e-03
3.424299     4.70564000e-03
3.425440     4.50519000e-03
3.426582     4.52447000e-03
3.427724     4.59623000e-03
3.428867     4.54561000e-03
3.430010     4.51015000e-03
3.431153     4.53069000e-03
3.432297     4.67728000e-03
3.433441     4.49520000e-03
3.434585     4.60927000e-03
3.435730     4.53167000e-03
3.436875     4.49436000e-03
3.438021     4.76279000e-03
3.439167     4.67970000e-03
3.440313     4.61214000e-03
3.441460     4.53251000e-03
3.442607     4.61062000e-03
3.443755     4.52302000e-03
3.444903     4.55627000e-03
3.446051     4.68342000e-03
3.447200     4.53277000e-03
3.448349     4.63558000e-03
3.449498     4.68744000e-03
3.450648     4.88169000e-03
3.451798     4.55999000e-03
3.452949     4.51620000e-03
3.454100     4.54557000e-03
3.455251     4.56604000e-03
3.456403     4.74708000e-03
3.457555     4.58499000e-03
3.458708     4.56615000e-03
3.459861     4.55400000e-03
3.461014     4.70263000e-03
3.462167     4.50611000e-03
3.463322     4.83037000e-03
3.464476     4.51803000e-03
3.465631     4.53756000e-03
3.466786     4.48940000e-03
3.467942     4.57604000e-03
3.469098     4.61960000e-03
3.470254     4.51780000e-03
3.471411     4.58692000e-03
3.472568     4.58487000e-03
3.473725     4.91333000e-03
3.474883     4.54309000e-03
3.476042     4.60088000e-03
3.477200     4.66479000e-03
3.478359     4.73779000e-03
3.479519     4.59553000e-03
3.480679     4.75890000e-03
3.481839     4.54259000e-03
3.482999     4.63177000e-03
3.484160     4.72001000e-03
3.485322     4.57446000e-03
3.486484     4.72107000e-03
3.487646     4.59823000e-03
3.488808     4.52216000e-03
3.489971     4.68528000e-03
3.491135     4.61567000e-03
3.492298     4.58873000e-03
3.493462     4.66003000e-03
3.494627     4.58748000e-03
3.495792     4.56930000e-03
3.496957     4.86059000e-03
3.498123     4.58223000e-03
3.499289     5.03650000e-03
3.500455     4.67105000e-03
3.501622     4.64000000e-03
3.502789     4.70329000e-03
3.503957     4.64174000e-03
3.505125     4.58604000e-03
3.506293     4.54670000e-03
3.507462     4.59898000e-03
3.508631     4.61191000e-03
3.509801     4.70743000e-03
3.510970     4.60709000e-03
3.512141     4.61623000e-03
3.513312     4.62853000e-03
3.514483     4.60333000e-03
3.515654     4.77577000e-03
3.516826     4.67137000e-03
3.517998     4.60431000e-03
3.519171     4.83746000e-03
3.520344     4.66420000e-03
3.521517     4.64574000e-03
3.522691     4.58769000e-03
3.523866     4.63625000e-03
3.525040     4.81098000e-03
3.526215     4.56955000e-03
3.527391     4.56923000e-03
3.528566     4.77885000e-03
3.529743     4.90928000e-03
3.530919     4.56920000e-03
3.532096     4.73225000e-03
3.533273     4.67836000e-03
3.534451     4.63135000e-03
3.535629     4.63462000e-03
3.536808     4.79482000e-03
3.537987     4.87064000e-03
3.539166     4.64922000e-03
3.540346     4.67513000e-03
3.541526     4.63519000e-03
3.542707     4.65084000e-03
3.543887     4.73777000e-03
3.545069     4.66091000e-03
3.546250     4.70310000e-03
3.547433     4.76218000e-03
3.548615     4.60937000e-03
3.549798     4.62455000e-03
3.550981     4.69045000e-03
3.552165     4.64173000e-03
3.553349     4.75888000e-03
3.554533     4.61499000e-03
3.555718     4.66119000e-03
3.556903     4.60135000e-03
3.558089     4.61589000e-03
3.559275     4.64752000e-03
3.560461     4.86052000e-03
3.561648     4.60097000e-03
3.562835     4.69515000e-03
3.564023     4.70962000e-03
3.565211     4.60969000e-03
3.566400     4.70074000e-03
3.567588     4.72372000e-03
3.568778     4.89716000e-03
3.569967     4.79099000e-03
3.571157     4.80623000e-03
3.572347     4.67204000e-03
3.573538     4.67558000e-03
3.574729     4.65332000e-03
3.575921     4.66713000e-03
3.577113     4.75923000e-03
3.578305     4.70854000e-03
3.579498     4.81412000e-03
3.580691     4.78688000e-03
3.581885     4.68937000e-03
3.583079     4.92724000e-03
3.584273     4.96400000e-03
3.585468     4.74443000e-03
3.586663     4.63550000e-03
3.587859     4.80463000e-03
3.589055     4.74271000e-03
3.590251     4.68047000e-03
3.591448     4.86909000e-03
3.592645     4.81110000e-03
3.593842     4.66614000e-03
3.595040     4.76933000e-03
3.596239     4.69649000e-03
3.597437     4.78779000e-03
3.598637     4.74780000e-03
3.599836     4.65289000e-03
3.601036     4.91459000e-03
3.602236     4.76410000e-03
3.603437     4.99612000e-03
3.604638     4.66119000e-03
3.605840     4.63387000e-03
3.607042     4.79529000e-03
3.608244     4.69012000e-03
3.609447     4.64062000e-03
3.610650     4.65534000e-03
3.611854     4.63467000e-03
3.613058     4.70954000e-03
3.614262     4.89664000e-03
3.615467     4.80655000e-03
3.616672     4.64582000e-03
3.617877     4.66750000e-03
3.619083     4.71774000e-03
3.620290     4.82724000e-03
3.621496     4.66808000e-03
3.622704     4.80287000e-03
3.623911     4.76040000e-03
3.625119     4.74840000e-03
3.626328     4.71125000e-03
3.627536     4.69683000e-03
3.628745     4.78026000e-03
3.629955     4.71820000e-03
3.631165     4.76756000e-03
3.632375     4.72861000e-03
3.633586     4.66240000e-03
3.634797     4.62773000e-03
3.636009     4.94301000e-03
3.637221     4.66970000e-03
3.638433     4.67924000e-03
3.639646     4.67239000e-03
3.640859     4.93344000e-03
3.642073     4.73080000e-03
3.643287     4.69034000e-03
3.644502     4.85075000e-03
3.645716     4.88149000e-03
3.646932     4.71167000e-03
3.648147     4.79695000e-03
3.649363     4.98409000e-03
3.650580     4.77828000e-03
3.651797     4.66771000e-03
3.653014     4.76187000e-03
3.654232     4.72932000e-03
3.655450     4.75399000e-03
3.656668     4.76071000e-03
3.657887     5.23648000e-03
3.659106     4.79756000e-03
3.660326     4.72722000e-03
3.661546     4.81319000e-03
3.662767     4.74460000e-03
3.663988     4.85104000e-03
3.665209     4.85684000e-03
3.666431     4.72248000e-03
3.667653     4.71818000e-03
3.668875     4.66568000e-03
3.670098     4.81798000e-03
3.671322     4.81051000e-03
3.672545     4.69701000e-03
3.673770     4.77553000e-03
3.674994     4.79689000e-03
3.676219     4.74027000e-03
3.677445     4.81209000e-03
3.678670     4.84385000e-03
3.679897     4.80427000e-03
3.681123     4.75531000e-03
3.682350     5.01719000e-03
3.683578     4.75105000e-03
3.684806     4.82502000e-03
3.686034     4.74801000e-03
3.687263     4.68285000e-03
3.688492     4.83147000e-03
3.689721     4.69439000e-03
3.690951     4.68759000e-03
3.692181     4.79579000e-03
3.693412     4.78185000e-03
3.694643     4.77848000e-03
3.695875     4.88413000e-03
3.697107     4.71237000e-03
3.698339     4.95533000e-03
3.699572     4.79395000e-03
3.700805     4.75201000e-03
3.702039     4.68661000e-03
3.703273     4.75859000e-03
3.704507     4.81341000e-03
3.705742     4.79047000e-03
3.706977     4.70177000e-03
3.708213     4.87107000e-03
3.709449     4.71819000e-03
3.710685     4.83620000e-03
3.711922     4.75164000e-03
3.713160     4.79856000e-03
3.714397     4.83439000e-03
3.715635     4.76706000e-03
3.716874     4.75242000e-03
3.718113     4.75062000e-03
3.719352     4.72331000e-03
3.720592     4.93603000e-03
3.721832     4.77572000e-03
3.723073     4.84076000e-03
3.724314     4.75498000e-03
3.725555     4.81368000e-03
3.726797     4.85752000e-03
3.728040     4.74662000e-03
3.729282     4.77790000e-03
3.730525     4.76459000e-03
3.731769     4.77797000e-03
3.733013     4.78840000e-03
3.734257     4.80291000e-03
3.735502     5.05671000e-03
3.736747     4.87042000e-03
3.737993     4.92203000e-03
3.739239     5.01875000e-03
3.740485     5.40199000e-03
3.741732     5.44362000e-03
3.742979     4.94046000e-03
3.744227     4.90955000e-03
3.745475     4.94758000e-03
3.746723     4.84126000e-03
3.747972     4.79434000e-03
3.749221     4.80080000e-03
3.750471     4.79292000e-03
3.751721     4.79995000e-03
3.752972     4.90263000e-03
3.754223     4.89264000e-03
3.755474     4.77477000e-03
3.756726     4.85773000e-03
3.757978     4.84286000e-03
3.759231     4.78299000e-03
3.760484     4.99277000e-03
3.761738     4.77187000e-03
3.762992     4.88934000e-03
3.764246     4.73909000e-03
3.765501     4.96649000e-03
3.766756     4.83980000e-03
3.768011     4.81785000e-03
3.769267     4.81430000e-03
3.770524     4.84913000e-03
3.771781     4.85470000e-03
3.773038     4.75190000e-03
3.774296     4.74905000e-03
3.775554     4.83403000e-03
3.776812     4.77794000e-03
3.778071     4.77131000e-03
3.779331     4.76943000e-03
3.780590     4.82082000e-03
3.781851     4.77759000e-03
3.783111     4.83918000e-03
3.784372     4.86192000e-03
3.785634     4.87864000e-03
3.786895     4.88009000e-03
3.788158     4.78972000e-03
3.789421     4.83745000e-03
3.790684     4.84213000e-03
3.791947     4.75482000e-03
3.793211     4.80246000e-03
3.794476     4.77766000e-03
3.795740     4.81164000e-03
3.797006     4.85724000e-03
3.798271     4.76583000e-03
3.799537     4.85216000e-03
3.800804     4.85189000e-03
3.802071     4.78282000e-03
3.803338     4.78494000e-03
3.804606     4.81225000e-03
3.805874     4.81850000e-03
3.807143     4.79748000e-03
3.808412     4.86836000e-03
3.809681     4.78206000e-03
3.810951     4.82842000e-03
3.812222     4.79971000e-03
3.813492     4.78797000e-03
3.814763     4.80618000e-03
3.816035     4.85453000e-03
3.817307     4.89093000e-03
3.818580     4.93295000e-03
3.819852     4.90277000e-03
3.821126     4.96612000e-03
3.822399     4.84551000e-03
3.823673     4.81125000e-03
3.824948     4.84018000e-03
3.826223     4.81730000e-03
3.827498     4.79156000e-03
3.828774     4.79209000e-03
3.830051     5.04643000e-03
3.831327     4.79949000e-03
3.832604     4.88704000e-03
3.833882     4.85252000e-03
3.835160     4.93752000e-03
3.836438     4.84556000e-03
3.837717     4.83122000e-03
3.838996     4.83984000e-03
3.840276     4.81610000e-03
3.841556     4.80042000e-03
3.842837     4.83549000e-03
3.844117     4.81173000e-03
3.845399     4.83879000e-03
3.846681     4.84614000e-03
3.847963     4.89195000e-03
3.849246     4.91195000e-03
3.850529     4.87341000e-03
3.851812     4.82801000e-03
3.853096     4.84857000e-03
3.854380     4.83115000e-03
3.855665     4.84200000e-03
3.856950     4.89838000e-03
3.858236     4.85924000e-03
3.859522     4.89229000e-03
3.860809     4.80448000e-03
3.862096     4.86715000e-03
3.863383     5.14015000e-03
3.864671     4.85749000e-03
3.865959     4.87315000e-03
3.867248     4.90743000e-03
3.868537     4.90943000e-03
3.869826     4.86259000e-03
3.871116     4.85733000e-03
3.872407     5.20326000e-03
3.873697     4.86886000e-03
3.874989     4.83851000e-03
3.876280     4.82006000e-03
3.877572     4.84488000e-03
3.878865     4.94640000e-03
3.880158     4.84033000e-03
3.881451     4.93638000e-03
3.882745     4.87173000e-03
3.884039     4.85622000e-03
3.885334     4.97438000e-03
3.886629     4.91525000e-03
3.887925     4.88436000e-03
3.889221     4.86498000e-03
3.890517     4.85832000e-03
3.891814     4.89905000e-03
3.893111     4.88676000e-03
3.894409     4.94902000e-03
3.895707     4.85438000e-03
3.897006     4.91612000e-03
3.898305     4.91054000e-03
3.899604     4.89470000e-03
3.900904     4.95212000e-03
3.902204     4.85776000e-03
3.903505     4.88889000e-03
3.904806     5.09430000e-03
3.906108     4.91857000e-03
3.907410     4.91650000e-03
3.908712     4.89056000e-03
3.910015     4.88268000e-03
3.911318     4.98998000e-03
3.912622     4.95507000e-03
3.913926     5.14817000e-03
3.915231     4.89266000e-03
3.916536     4.86623000e-03
3.917842     4.98111000e-03
3.919148     4.92442000e-03
3.920454     5.02372000e-03
3.921761     4.85819000e-03
3.923068     4.95367000e-03
3.924376     4.92530000e-03
3.925684     4.86829000e-03
3.926992     4.87975000e-03
3.928301     4.87269000e-03
3.929611     4.89697000e-03
3.930921     4.88547000e-03
3.932231     4.91563000e-03
3.933542     4.91095000e-03
3.934853     4.94753000e-03
3.936165     4.86398000e-03
3.937477     4.87653000e-03
3.938789     4.89753000e-03
3.940102     4.99355000e-03
3.941415     4.91106000e-03
3.942729     4.88093000e-03
3.944043     4.91941000e-03
3.945358     4.97559000e-03
3.946673     4.97870000e-03
3.947989     4.89758000e-03
3.949305     4.89772000e-03
3.950621     4.91905000e-03
3.951938     4.97340000e-03
3.953255     4.91229000e-03
3.954573     5.00941000e-03
3.955891     4.93861000e-03
3.957210     4.94996000e-03
3.958529     4.94210000e-03
3.959849     4.96740000e-03
3.961168     4.91125000e-03
3.962489     5.03927000e-03
3.963810     5.10626000e-03
3.965131     4.98971000e-03
3.966453     4.90125000e-03
3.967775     4.92729000e-03
3.969097     4.90108000e-03
3.970420     5.08943000e-03
3.971744     4.89225000e-03
3.973068     4.90578000e-03
3.974392     4.96431000e-03
3.975717     4.90666000e-03
3.977042     4.95739000e-03
3.978368     4.93159000e-03
3.979694     4.97092000e-03
3.981021     5.05353000e-03
3.982348     4.94464000e-03
3.983675     4.92717000e-03
3.985003     4.93992000e-03
3.986331     5.03524000e-03
3.987660     4.92447000e-03
3.988989     4.90474000e-03
3.990319     4.93341000e-03
3.991649     5.43509000e-03
3.992980     4.91784000e-03
3.994311     4.91736000e-03
3.995642     4.99329000e-03
3.996974     4.97298000e-03
3.998306     4.94925000e-03
3.999639     5.03264000e-03
4.000972     5.16861000e-03
4.002306     4.99055000e-03
4.003640     4.93731000e-03
4.004975     4.93549000e-03
4.006310     4.97408000e-03
4.007645     4.94533000e-03
4.008981     5.13945000e-03
4.010317     4.94668000e-03
4.011654     4.98645000e-03
4.012991     5.01404000e-03
4.014329     5.09760000e-03
4.015667     4.99009000e-03
4.017005     5.02754000e-03
4.018344     5.04167000e-03
4.019684     5.05024000e-03
4.021024     5.02670000e-03
4.022364     4.99044000e-03
4.023705     5.05399000e-03
4.025046     5.25835000e-03
4.026388     5.04032000e-03
4.027730     5.02483000e-03
4.029073     4.97302000e-03
4.030416     5.13496000e-03
4.031759     4.95318000e-03
4.033103     5.04584000e-03
4.034447     5.10099000e-03
4.035792     4.99069000e-03
4.037137     4.97993000e-03
4.038483     5.01845000e-03
4.039829     5.01553000e-03
4.041176     5.02213000e-03
4.042523     4.98330000e-03
4.043870     5.16582000e-03
4.045218     4.97531000e-03
4.046567     5.16656000e-03
4.047916     5.06968000e-03
4.049265     5.15900000e-03
4.050615     5.16401000e-03
4.051965     5.75053000e-03
4.053316     5.27129000e-03
4.054667     5.17965000e-03
4.056018     5.03345000e-03
4.057370     5.48445000e-03
4.058723     5.06220000e-03
4.060076     5.07109000e-03
4.061429     4.98652000e-03
4.062783     4.98722000e-03
4.064137     5.06993000e-03
4.065492     5.13223000e-03
4.066847     5.02828000e-03
4.068203     5.00727000e-03
4.069559     5.25846000e-03
4.070915     5.16414000e-03
4.072272     5.16086000e-03
4.073630     5.26272000e-03
4.074987     5.22823000e-03
4.076346     5.16067000e-03
4.077705     5.11122000e-03
4.079064     5.07397000e-03
4.080423     5.02199000e-03
4.081784     5.05728000e-03
4.083144     5.22909000e-03
4.084505     4.98499000e-03
4.085867     5.06089000e-03
4.087229     5.09536000e-03
4.088591     5.11341000e-03
4.089954     5.07762000e-03
4.091317     5.28764000e-03
4.092681     4.99135000e-03
4.094045     5.04848000e-03
4.095410     5.41554000e-03
4.096775     5.01893000e-03
4.098141     5.26368000e-03
4.099507     5.05624000e-03
4.100873     5.00267000e-03
4.102240     4.99783000e-03
4.103608     5.04969000e-03
4.104976     5.00228000e-03
4.106344     5.01060000e-03
4.107713     4.98891000e-03
4.109082     5.14307000e-03
4.110452     5.15110000e-03
4.111822     5.03957000e-03
4.113192     5.23078000e-03
4.114563     5.08712000e-03
4.115935     5.08600000e-03
4.117307     5.07900000e-03
4.118679     5.00778000e-03
4.120052     5.16396000e-03
4.121426     5.27840000e-03
4.122799     5.05587000e-03
4.124174     5.05474000e-03
4.125548     5.10804000e-03
4.126924     5.02569000e-03
4.128299     5.01584000e-03
4.129675     5.01182000e-03
4.131052     5.00838000e-03
4.132429     5.09778000e-03
4.133806     5.06970000e-03
4.135184     5.15818000e-03
4.136563     5.35218000e-03
4.137942     5.13342000e-03
4.139321     5.01949000e-03
4.140701     5.18507000e-03
4.142081     5.31874000e-03
4.143462     5.11439000e-03
4.144843     5.06232000e-03
4.146224     5.04183000e-03
4.147606     5.05432000e-03
4.148989     5.07501000e-03
4.150372     5.15156000e-03
4.151755     5.47648000e-03
4.153139     5.04559000e-03
4.154524     5.20550000e-03
4.155908     5.09430000e-03
4.157294     5.23337000e-03
4.158680     5.21038000e-03
4.160066     5.10987000e-03
4.161452     5.22134000e-03
4.162840     5.27629000e-03
4.164227     5.11357000e-03
4.165615     5.35644000e-03
4.167004     5.09578000e-03
4.168393     5.11893000e-03
4.169782     5.31889000e-03
4.171172     5.68028000e-03
4.172563     5.13521000e-03
4.173953     5.17086000e-03
4.175345     5.16663000e-03
4.176737     5.20845000e-03
4.178129     5.23852000e-03
4.179522     5.15745000e-03
4.180915     5.10426000e-03
4.182308     5.09981000e-03
4.183702     5.17362000e-03
4.185097     5.18879000e-03
4.186492     5.33082000e-03
4.187888     5.15634000e-03
4.189284     5.14193000e-03
4.190680     5.26569000e-03
4.192077     5.19208000e-03
4.193474     5.48088000e-03
4.194872     5.17037000e-03
4.196270     5.08362000e-03
4.197669     5.14503000e-03
4.199068     5.34927000e-03
4.200468     5.09196000e-03
4.201868     5.33362000e-03
4.203269     5.13077000e-03
4.204670     5.12683000e-03
4.206071     5.19119000e-03
4.207473     5.23313000e-03
4.208876     5.14510000e-03
4.210279     5.32736000e-03
4.211682     5.10268000e-03
4.213086     5.50392000e-03
4.214491     5.17019000e-03
4.215895     5.15688000e-03
4.217301     5.47997000e-03
4.218706     5.24262000e-03
4.220113     5.22064000e-03
4.221519     5.07686000e-03
4.222927     5.08198000e-03
4.224334     5.18791000e-03
4.225742     5.11827000e-03
4.227151     5.17018000e-03
4.228560     5.39061000e-03
4.229969     5.10401000e-03
4.231379     5.27712000e-03
4.232790     5.13495000e-03
4.234201     5.25133000e-03
4.235612     5.47555000e-03
4.237024     5.19110000e-03
4.238436     5.14678000e-03
4.239849     5.51162000e-03
4.241263     5.13737000e-03
4.242676     5.26859000e-03
4.244091     5.23829000e-03
4.245505     5.33316000e-03
4.246920     5.39622000e-03
4.248336     5.24275000e-03
4.249752     5.45218000e-03
4.251169     5.21650000e-03
4.252586     5.45711000e-03
4.254003     5.47571000e-03
4.255421     5.20869000e-03
4.256840     5.19893000e-03
4.258259     5.25832000e-03
4.259678     5.20955000e-03
4.261098     5.51177000e-03
4.262518     5.13014000e-03
4.263939     5.20371000e-03
4.265361     5.50469000e-03
4.266782     5.11718000e-03
4.268205     5.59293000e-03
4.269627     5.14839000e-03
4.271051     5.13654000e-03
4.272474     5.39449000e-03
4.273898     5.35561000e-03
4.275323     5.18142000e-03
4.276748     5.36637000e-03
4.278174     5.16961000e-03
4.279600     5.55218000e-03
4.281026     5.19767000e-03
4.282453     5.19287000e-03
4.283881     5.26557000e-03
4.285309     5.16105000e-03
4.286737     5.31972000e-03
4.288166     5.28211000e-03
4.289596     5.22484000e-03
4.291025     5.18940000e-03
4.292456     5.14485000e-03
4.293887     5.18985000e-03
4.295318     7.35746000e-03
4.296750     5.23816000e-03
4.298182     5.20213000e-03
4.299615     5.36529000e-03
4.301048     8.14508000e-03
4.302481     5.26082000e-03
4.303916     5.31802000e-03
4.305350     5.51527000e-03
4.306785     5.40283000e-03
4.308221     5.29099000e-03
4.309657     5.25705000e-03
4.311094     5.26529000e-03
4.312531     5.61580000e-03
4.313968     5.51613000e-03
4.315406     5.23700000e-03
4.316845     5.23669000e-03
4.318284     5.30097000e-03
4.319723     8.36381000e-03
4.321163     5.30155000e-03
4.322603     5.19684000e-03
4.324044     8.41849000e-03
4.325486     5.15683000e-03
4.326927     5.34013000e-03
4.328370     5.21702000e-03
4.329812     5.22826000e-03
4.331256     5.52474000e-03
4.332699     5.27014000e-03
4.334144     5.27064000e-03
4.335588     5.20245000e-03
4.337034     5.40878000e-03
4.338479     5.39266000e-03
4.339925     5.25550000e-03
4.341372     5.28465000e-03
4.342819     5.27785000e-03
4.344267     5.32551000e-03
4.345715     5.55710000e-03
4.347163     5.23990000e-03
4.348613     5.25198000e-03
4.350062     5.33889000e-03
4.351512     6.92392000e-03
4.352963     5.40833000e-03
4.354414     5.31072000e-03
4.355865     6.41508000e-03
4.357317     5.53856000e-03
4.358769     5.27314000e-03
4.360222     5.41934000e-03
4.361676     5.38792000e-03
4.363130     5.32608000e-03
4.364584     5.53203000e-03
4.366039     5.29818000e-03
4.367494     5.64086000e-03
4.368950     5.64046000e-03
4.370406     5.62800000e-03
4.371863     5.28220000e-03
4.373320     5.72509000e-03
4.374778     5.62698000e-03
4.376237     5.49513000e-03
4.377695     5.37844000e-03
4.379155     5.49329000e-03
4.380614     5.41246000e-03
4.382074     6.08372000e-03
4.383535     5.30545000e-03
4.384996     5.27472000e-03
4.386458     5.40138000e-03
4.387920     5.46110000e-03
4.389383     5.30423000e-03
4.390846     8.44402000e-03
4.392309     5.25149000e-03
4.393774     5.52397000e-03
4.395238     5.30675000e-03
4.396703     5.74721000e-03
4.398169     5.73070000e-03
4.399635     5.58210000e-03
4.401101     5.39658000e-03
4.402568     6.16002000e-03
4.404036     5.35189000e-03
4.405504     5.36646000e-03
4.406973     6.40973000e-03
4.408442     8.56381000e-03
4.409911     6.75835000e-03
4.411381     6.25297000e-03
4.412851     5.39577000e-03
4.414322     5.38104000e-03
4.415794     5.73516000e-03
4.417266     5.33100000e-03
4.418738     5.36688000e-03
4.420211     5.70265000e-03
4.421684     5.53824000e-03
4.423158     5.46629000e-03
4.424633     5.62854000e-03
4.426108     5.58966000e-03
4.427583     5.54112000e-03
4.429059     5.58567000e-03
4.430535     5.49944000e-03
4.432012     5.52941000e-03
4.433489     5.39129000e-03
4.434967     6.21028000e-03
4.436446     5.46815000e-03
4.437924     5.39772000e-03
4.439404     5.52891000e-03
4.440883     6.14118000e-03
4.442364     5.43120000e-03
4.443845     5.58281000e-03
4.445326     5.87726000e-03
4.446808     5.51473000e-03
4.448290     5.37672000e-03
4.449773     5.54027000e-03
4.451256     5.36678000e-03
4.452740     5.59161000e-03
4.454224     5.68103000e-03
4.455709     6.09108000e-03
4.457194     5.57115000e-03
4.458680     5.35166000e-03
4.460166     5.33484000e-03
4.461653     5.57928000e-03
4.463140     5.39542000e-03
4.464627     5.41754000e-03
4.466116     6.16322000e-03
4.467604     5.56826000e-03
4.469094     5.30612000e-03
4.470583     5.66621000e-03
4.472073     5.95700000e-03
4.473564     5.42888000e-03
4.475055     5.41361000e-03
4.476547     5.35799000e-03
4.478039     5.68292000e-03
4.479532     5.33478000e-03
4.481025     5.74765000e-03
4.482519     5.68175000e-03
4.484013     5.41136000e-03
4.485508     5.84561000e-03
4.487003     5.38329000e-03
4.488498     5.51879000e-03
4.489995     5.73345000e-03
4.491491     5.46466000e-03
4.492988     5.64315000e-03
4.494486     5.46712000e-03
4.495984     7.49552000e-03
4.497483     5.37086000e-03
4.498982     5.46105000e-03
4.500482     6.94323000e-03
4.501982     5.39434000e-03
4.503483     5.81261000e-03
4.504984     8.46970000e-03
4.506485     5.72212000e-03
4.507988     5.36396000e-03
4.509490     5.60026000e-03
4.510993     8.68956000e-03
4.512497     5.48427000e-03
4.514001     5.60174000e-03
4.515506     5.38712000e-03
4.517011     5.44672000e-03
4.518517     5.58098000e-03
4.520023     5.62844000e-03
4.521530     6.07706000e-03
4.523037     5.64840000e-03
4.524544     8.53208000e-03
4.526053     6.05462000e-03
4.527561     6.54711000e-03
4.529070     5.37831000e-03
4.530580     5.39875000e-03
4.532090     6.02299000e-03
4.533601     5.52426000e-03
4.535112     5.62591000e-03
4.536624     5.71116000e-03
4.538136     5.49563000e-03
4.539649     5.59072000e-03
4.541162     5.67336000e-03
4.542676     5.46647000e-03
4.544190     5.61317000e-03
4.545705     6.34074000e-03
4.547220     5.44204000e-03
4.548736     5.34299000e-03
4.550252     5.55546000e-03
4.551769     8.69953000e-03
4.553286     5.61380000e-03
4.554804     5.37173000e-03
4.556322     5.55560000e-03
4.557841     5.91159000e-03
4.559360     8.25043000e-03
4.560880     5.45702000e-03
4.562400     6.18734000e-03
4.563921     5.67577000e-03
4.565442     5.56211000e-03
4.566964     5.60079000e-03
4.568486     5.50220000e-03
4.570009     5.49299000e-03
4.571533     5.42006000e-03
4.573056     6.64422000e-03
4.574581     5.48928000e-03
4.576106     5.94853000e-03
4.577631     5.63003000e-03
4.579157     5.50465000e-03
4.580683     5.76323000e-03
4.582210     8.62558000e-03
4.583738     5.44181000e-03
4.585265     5.46082000e-03
4.586794     5.61418000e-03
4.588323     5.66826000e-03
4.589852     5.83675000e-03
4.591382     5.44006000e-03
4.592913     5.57209000e-03
4.594444     6.18025000e-03
4.595975     8.70646000e-03
4.597507     5.57463000e-03
4.599040     5.47501000e-03
4.600573     5.57174000e-03
4.602106     6.73744000e-03
4.603640     5.45292000e-03
4.605175     5.42244000e-03
4.606710     5.42797000e-03
4.608245     5.74986000e-03
4.609781     5.85051000e-03
4.611318     5.40868000e-03
4.612855     5.68685000e-03
4.614393     5.66775000e-03
4.615931     8.03025000e-03
4.617470     5.75646000e-03
4.619009     5.57693000e-03
4.620548     6.00530000e-03
4.622089     5.63495000e-03
4.623629     5.80149000e-03
4.625170     5.76774000e-03
4.626712     8.20174000e-03
4.628254     5.58993000e-03
4.629797     5.85673000e-03
4.631340     5.69130000e-03
4.632884     5.62596000e-03
4.634429     5.63399000e-03
4.635973     5.41283000e-03
4.637519     6.62204000e-03
4.639064     5.56234000e-03
4.640611     5.54047000e-03
4.642158     5.53525000e-03
4.643705     5.66647000e-03
4.645253     5.57631000e-03
4.646801     5.77414000e-03
4.648350     8.79691000e-03
4.649900     5.75603000e-03
4.651450     5.76019000e-03
4.653000     6.50294000e-03
4.654551     5.91783000e-03
4.656103     5.62177000e-03
4.657655     5.60510000e-03
4.659207     5.63232000e-03
4.660760     5.64749000e-03
4.662314     5.57140000e-03
4.663868     5.49468000e-03
4.665423     5.61497000e-03
4.666978     8.79926000e-03
4.668534     5.83209000e-03
4.670090     5.66467000e-03
4.671646     5.68120000e-03
4.673204     5.69291000e-03
4.674761     5.63416000e-03
4.676320     5.56072000e-03
4.677878     5.66528000e-03
4.679438     6.39359000e-03
4.680998     8.50391000e-03
4.682558     6.05093000e-03
4.684119     5.57602000e-03
4.685680     5.63098000e-03
4.687242     5.50950000e-03
4.688804     5.52339000e-03
4.690367     5.66803000e-03
4.691931     6.13442000e-03
4.693495     5.52251000e-03
4.695059     5.58970000e-03
4.696624     5.51505000e-03
4.698190     5.59888000e-03
4.699756     6.03924000e-03
4.701322     5.52528000e-03
4.702890     5.66332000e-03
4.704457     5.79562000e-03
4.706025     5.49012000e-03
4.707594     5.67782000e-03
4.709163     5.85720000e-03
4.710733     6.28946000e-03
4.712303     6.03917000e-03
4.713874     6.00097000e-03
4.715445     5.46221000e-03
4.717017     5.87932000e-03
4.718589     6.78325000e-03
4.720162     5.78055000e-03
4.721736     5.63937000e-03
4.723310     5.48651000e-03
4.724884     5.53515000e-03
4.726459     6.05517000e-03
4.728034     5.69918000e-03
4.729610     5.57399000e-03
4.731187     5.46914000e-03
4.732764     5.77618000e-03
4.734342     5.81987000e-03
4.735920     7.42496000e-03
4.737498     5.49328000e-03
4.739078     6.02282000e-03
4.740657     8.73566000e-03
4.742237     8.38624000e-03
4.743818     5.46612000e-03
4.745399     6.10168000e-03
4.746981     5.52380000e-03
4.748564     6.19392000e-03
4.750146     5.86187000e-03
4.751730     5.59487000e-03
4.753314     5.56185000e-03
4.754898     5.64098000e-03
4.756483     5.53054000e-03
4.758069     5.54066000e-03
4.759655     6.16869000e-03
4.761241     5.60512000e-03
4.762828     6.14188000e-03
4.764416     5.58178000e-03
4.766004     5.57703000e-03
4.767593     5.65131000e-03
4.769182     5.68271000e-03
4.770772     8.74465000e-03
4.772362     5.73388000e-03
4.773953     5.68562000e-03
4.775544     5.71709000e-03
4.777136     6.30653000e-03
4.778728     5.64964000e-03
4.780321     5.70489000e-03
4.781915     5.55141000e-03
4.783509     6.09104000e-03
4.785103     5.72145000e-03
4.786698     5.68950000e-03
4.788294     5.51261000e-03
4.789890     5.65490000e-03
4.791486     5.55587000e-03
4.793084     8.53299000e-03
4.794681     5.88135000e-03
4.796279     5.51864000e-03
4.797878     5.60782000e-03
4.799478     5.63357000e-03
4.801077     5.67124000e-03
4.802678     5.98387000e-03
4.804279     5.56774000e-03
4.805880     5.55773000e-03
4.807482     5.59855000e-03
4.809084     5.80661000e-03
4.810688     5.64562000e-03
4.812291     5.56127000e-03
4.813895     5.97067000e-03
4.815500     5.78850000e-03
4.817105     5.60516000e-03
4.818711     5.80247000e-03
4.820317     5.84225000e-03
4.821924     5.49967000e-03
4.823531     6.14003000e-03
4.825139     6.04383000e-03
4.826747     5.71366000e-03
4.828356     5.89007000e-03
4.829966     5.71952000e-03
4.831576     5.84625000e-03
4.833186     5.84713000e-03
4.834797     5.68392000e-03
4.836409     5.58505000e-03
4.838021     5.57320000e-03
4.839634     5.57606000e-03
4.841247     5.62537000e-03
4.842861     5.60715000e-03
4.844475     5.76382000e-03
4.846090     5.53295000e-03
4.847705     5.93525000e-03
4.849321     6.02333000e-03
4.850937     5.52951000e-03
4.852554     5.66797000e-03
4.854172     5.90420000e-03
4.855790     5.81987000e-03
4.857408     5.73958000e-03
4.859028     5.75663000e-03
4.860647     5.62417000e-03
4.862268     5.56238000e-03
4.863888     6.24105000e-03
4.865510     8.27998000e-03
4.867131     5.80816000e-03
4.868754     5.56812000e-03
4.870377     6.05999000e-03
4.872000     5.80960000e-03
4.873624     5.83606000e-03
4.875249     5.84606000e-03
4.876874     6.15173000e-03
4.878499     5.57265000e-03
4.880126     6.07710000e-03
4.881752     5.59210000e-03
4.883380     5.77324000e-03
4.885007     5.95542000e-03
4.886636     6.09857000e-03
4.888265     7.69743000e-03
4.889894     6.16973000e-03
4.891524     5.82202000e-03
4.893154     7.78878000e-03
4.894785     8.91965000e-03
4.896417     5.88277000e-03
4.898049     6.68888000e-03
4.899682     5.66764000e-03
4.901315     5.87615000e-03
4.902949     5.75042000e-03
4.904583     5.88826000e-03
4.906218     5.64986000e-03
4.907853     5.63464000e-03
4.909489     6.24082000e-03
4.911126     5.61079000e-03
4.912763     5.73987000e-03
4.914401     5.79659000e-03
4.916039     7.10652000e-03
4.917677     5.66794000e-03
4.919317     7.56956000e-03
4.920956     5.72958000e-03
4.922597     6.06208000e-03
4.924238     5.58388000e-03
4.925879     5.91778000e-03
4.927521     7.98058000e-03
4.929163     5.78307000e-03
4.930806     5.61151000e-03
4.932450     5.68978000e-03
4.934094     5.70744000e-03
4.935739     5.76526000e-03
4.937384     6.10007000e-03
4.939030     5.97485000e-03
4.940676     5.58868000e-03
4.942323     5.75265000e-03
4.943971     5.79795000e-03
4.945619     5.76695000e-03
4.947267     5.75800000e-03
4.948916     6.59256000e-03
4.950566     6.40872000e-03
4.952216     5.67305000e-03
4.953867     6.07402000e-03
4.955518     5.91109000e-03
4.957170     5.97804000e-03
4.958822     5.72516000e-03
4.960475     6.48187000e-03
4.962129     5.71577000e-03
4.963783     5.76875000e-03
4.965437     6.29418000e-03
4.967093     6.05130000e-03
4.968748     6.27905000e-03
4.970405     5.75789000e-03
4.972061     5.89249000e-03
4.973719     5.95634000e-03
4.975377     5.65027000e-03
4.977035     6.07927000e-03
4.978694     8.85232000e-03
4.980354     6.72131000e-03
4.982014     5.71818000e-03
4.983674     6.01954000e-03
4.985336     5.71687000e-03
4.986997     5.72862000e-03
4.988660     5.68746000e-03
4.990323     5.96567000e-03
4.991986     5.89484000e-03
4.993650     5.62058000e-03
4.995315     6.07060000e-03
4.996980     6.02426000e-03
4.998645     5.67245000e-03
5.000312     5.77031000e-03
5.001978     5.80057000e-03
5.003646     6.31011000e-03
5.005314     5.63800000e-03
5.006982     6.24893000e-03
5.008651     5.78115000e-03
5.010321     5.99125000e-03
5.011991     5.97691000e-03
5.013661     5.94073000e-03
5.015333     6.91768000e-03
5.017004     6.08985000e-03
5.018677     6.19067000e-03
5.020350     6.61633000e-03
5.022023     5.89974000e-03
5.023697     5.88270000e-03
5.025372     6.24964000e-03
5.027047     5.84870000e-03
5.028722     5.77470000e-03
5.030399     8.80868000e-03
5.032075     5.80662000e-03
5.033753     5.76655000e-03
5.035431     6.23166000e-03
5.037109     5.68574000e-03
5.038788     6.35288000e-03
5.040468     8.96919000e-03
5.042148     5.83308000e-03
5.043829     5.76218000e-03
5.045510     5.67116000e-03
5.047192     7.82907000e-03
5.048874     5.92739000e-03
5.050557     5.81896000e-03
5.052241     5.73627000e-03
5.053925     6.02182000e-03
5.055609     6.38784000e-03
5.057295     5.84958000e-03
5.058980     6.50077000e-03
5.060667     7.49569000e-03
5.062354     6.14095000e-03
5.064041     5.75223000e-03
5.065729     5.93485000e-03
5.067418     7.45366000e-03
5.069107     6.16311000e-03
5.070796     6.12043000e-03
5.072487     5.96746000e-03
5.074178     5.68918000e-03
5.075869     7.48361000e-03
5.077561     8.89381000e-03
5.079253     6.72338000e-03
5.080947     5.73191000e-03
5.082640     6.77446000e-03
5.084334     6.07262000e-03
5.086029     6.27079000e-03
5.087724     5.65026000e-03
5.089420     5.95934000e-03
5.091117     5.74758000e-03
5.092814     6.18619000e-03
5.094512     5.90656000e-03
5.096210     5.72473000e-03
5.097908     5.97607000e-03
5.099608     5.68927000e-03
5.101308     5.91031000e-03
5.103008     6.19457000e-03
5.104709     6.15207000e-03
5.106411     5.74903000e-03
5.108113     6.38291000e-03
5.109815     5.96109000e-03
5.111519     5.73972000e-03
5.113223     5.87499000e-03
5.114927     5.85898000e-03
5.116632     5.67041000e-03
5.118337     8.77117000e-03
5.120044     5.98614000e-03
5.121750     5.74604000e-03
5.123458     5.85160000e-03
5.125165     5.93981000e-03
5.126874     5.85408000e-03
5.128583     6.74119000e-03
5.130292     6.68176000e-03
5.132002     6.09051000e-03
5.133713     5.87072000e-03
5.135424     6.15822000e-03
5.137136     8.90851000e-03
5.138848     5.71550000e-03
5.140561     5.68715000e-03
5.142275     6.21416000e-03
5.143989     6.22908000e-03
5.145704     7.68529000e-03
5.147419     5.88696000e-03
5.149135     6.44232000e-03
5.150851     6.02740000e-03
5.152568     6.32028000e-03
5.154286     5.86952000e-03
5.156004     6.85194000e-03
5.157722     5.87358000e-03
5.159442     5.81398000e-03
5.161161     5.87940000e-03
5.162882     6.70870000e-03
5.164603     5.81009000e-03
5.166324     6.46541000e-03
5.168046     6.02519000e-03
5.169769     5.97373000e-03
5.171492     6.06987000e-03
5.173216     6.15914000e-03
5.174941     5.86854000e-03
5.176665     5.89371000e-03
5.178391     5.91407000e-03
5.180117     7.50014000e-03
5.181844     6.51023000e-03
5.183571     5.93573000e-03
5.185299     6.69649000e-03
5.187027     6.38816000e-03
5.188756     8.99811000e-03
5.190486     5.80452000e-03
5.192216     6.04827000e-03
5.193947     5.72443000e-03
5.195678     5.96257000e-03
5.197410     5.85444000e-03
5.199143     6.06645000e-03
5.200876     6.30742000e-03
5.202609     6.13161000e-03
5.204344     5.99392000e-03
5.206078     5.74979000e-03
5.207814     5.81673000e-03
5.209550     5.97809000e-03
5.211286     6.90257000e-03
5.213023     6.00161000e-03
5.214761     5.93575000e-03
5.216499     5.92296000e-03
5.218238     5.83036000e-03
5.219977     5.79262000e-03
5.221717     5.96456000e-03
5.223458     6.07327000e-03
5.225199     5.83522000e-03
5.226941     6.00736000e-03
5.228683     6.15061000e-03
5.230426     5.75706000e-03
5.232170     6.14285000e-03
5.233914     5.74767000e-03
5.235658     6.13235000e-03
5.237403     6.21898000e-03
5.239149     6.08589000e-03
5.240896     6.36110000e-03
5.242643     6.41104000e-03
5.244390     5.78490000e-03
5.246138     6.01170000e-03
5.247887     6.07255000e-03
5.249636     6.04518000e-03
5.251386     6.40349000e-03
5.253137     6.21768000e-03
5.254888     6.14902000e-03
5.256639     6.27895000e-03
5.258391     5.85313000e-03
5.260144     5.85051000e-03
5.261898     6.39609000e-03
5.263652     5.88276000e-03
5.265406     5.82052000e-03
5.267161     6.04488000e-03
5.268917     6.36305000e-03
5.270673     5.92465000e-03
5.272430     5.73501000e-03
5.274188     6.08817000e-03
5.275946     6.52865000e-03
5.277704     6.28667000e-03
5.279464     5.92915000e-03
5.281223     7.00859000e-03
5.282984     6.12569000e-03
5.284745     5.80551000e-03
5.286506     6.84886000e-03
5.288269     6.09356000e-03
5.290031     6.01189000e-03
5.291795     5.90507000e-03
5.293559     5.90331000e-03
5.295323     6.28464000e-03
5.297088     6.10857000e-03
5.298854     5.90383000e-03
5.300620     6.05426000e-03
5.302387     6.42596000e-03
5.304155     6.55273000e-03
5.305923     5.80196000e-03
5.307691     6.04584000e-03
5.309461     6.09852000e-03
5.311230     6.06771000e-03
5.313001     5.83013000e-03
5.314772     6.00608000e-03
5.316543     6.24636000e-03
5.318316     6.04900000e-03
5.320088     6.37683000e-03
5.321862     6.67844000e-03
5.323636     5.97578000e-03
5.325410     5.89441000e-03
5.327185     5.87817000e-03
5.328961     5.85642000e-03
5.330737     6.43676000e-03
5.332514     5.94908000e-03
5.334292     5.98257000e-03
5.336070     6.45217000e-03
5.337849     6.12328000e-03
5.339628     6.34024000e-03
5.341408     6.55538000e-03
5.343188     6.09477000e-03
5.344969     6.40956000e-03
5.346751     6.34916000e-03
5.348533     5.81341000e-03
5.350316     6.50082000e-03
5.352099     8.93981000e-03
5.353883     6.15213000e-03
5.355668     6.51056000e-03
5.357453     6.20537000e-03
5.359239     5.92790000e-03
5.361026     6.14886000e-03
5.362813     6.05307000e-03
5.364600     6.79874000e-03
5.366388     5.95583000e-03
5.368177     7.25549000e-03
5.369967     5.99558000e-03
5.371757     6.45280000e-03
5.373547     5.97318000e-03
5.375338     5.88580000e-03
5.377130     6.57503000e-03
5.378922     6.10634000e-03
5.380715     6.12378000e-03
5.382509     6.00922000e-03
5.384303     6.29015000e-03
5.386098     6.02692000e-03
5.387893     5.98857000e-03
5.389689     6.39411000e-03
5.391486     5.83327000e-03
5.393283     6.09519000e-03
5.395081     6.65837000e-03
5.396879     6.32885000e-03
5.398678     5.84954000e-03
5.400478     5.87903000e-03
5.402278     7.26651000e-03
5.404079     5.86778000e-03
5.405880     6.00960000e-03
5.407682     6.00104000e-03
5.409484     6.58579000e-03
5.411288     6.13909000e-03
5.413091     6.35613000e-03
5.414896     5.79670000e-03
5.416701     5.96682000e-03
5.418506     5.93236000e-03
5.420312     6.01216000e-03
5.422119     6.04621000e-03
5.423927     6.43480000e-03
5.425735     6.19362000e-03
5.427543     6.48288000e-03
5.429352     6.27064000e-03
5.431162     5.98062000e-03
5.432972     5.96811000e-03
5.434783     6.17074000e-03
5.436595     5.95063000e-03
5.438407     8.15407000e-03
5.440220     6.06318000e-03
5.442033     6.28459000e-03
5.443847     6.28770000e-03
5.445662     5.82491000e-03
5.447477     5.83731000e-03
5.449293     5.90654000e-03
5.451110     5.84586000e-03
5.452927     6.07285000e-03
5.454744     6.93804000e-03
5.456562     6.48026000e-03
5.458381     5.97016000e-03
5.460201     6.57204000e-03
5.462021     6.04757000e-03
5.463842     6.63016000e-03
5.465663     6.54356000e-03
5.467485     6.13215000e-03
5.469307     5.97685000e-03
5.471130     5.87468000e-03
5.472954     6.35106000e-03
5.474778     8.91736000e-03
5.476603     6.11031000e-03
5.478429     6.94342000e-03
5.480255     6.21743000e-03
5.482082     6.12877000e-03
5.483909     6.46303000e-03
5.485737     6.56914000e-03
5.487566     6.04821000e-03
5.489395     5.91962000e-03
5.491225     6.04459000e-03
5.493055     5.99214000e-03
5.494886     6.25153000e-03
5.496718     6.74164000e-03
5.498550     5.90549000e-03
5.500383     5.93361000e-03
5.502216     6.88437000e-03
5.504050     6.03946000e-03
5.505885     5.86371000e-03
5.507720     6.22082000e-03
5.509556     6.14646000e-03
5.511393     6.41737000e-03
5.513230     5.88980000e-03
5.515068     6.15751000e-03
5.516906     6.08452000e-03
5.518745     6.54917000e-03
5.520584     6.44093000e-03
5.522425     5.99392000e-03
5.524265     6.38050000e-03
5.526107     6.26697000e-03
5.527949     6.18468000e-03
5.529792     6.34158000e-03
5.531635     5.93969000e-03
5.533479     8.94695000e-03
5.535323     6.31228000e-03
5.537168     5.90980000e-03
5.539014     6.00729000e-03
5.540860     6.19673000e-03
5.542707     6.03907000e-03
5.544555     5.96133000e-03
5.546403     6.37250000e-03
5.548252     6.11852000e-03
5.550101     6.20958000e-03
5.551951     6.10703000e-03
5.553802     6.26754000e-03
5.555653     6.26302000e-03
5.557505     5.93834000e-03
5.559358     5.88025000e-03
5.561211     5.94720000e-03
5.563064     6.05287000e-03
5.564919     6.20286000e-03
5.566774     6.09699000e-03
5.568629     6.02161000e-03
5.570486     6.39521000e-03
5.572342     5.90529000e-03
5.574200     6.60306000e-03
5.576058     6.12337000e-03
5.577917     6.02421000e-03
5.579776     6.05588000e-03
5.581636     6.07024000e-03
5.583496     5.96918000e-03
5.585358     6.34280000e-03
5.587219     6.82148000e-03
5.589082     5.99899000e-03
5.590945     6.45829000e-03
5.592808     6.13376000e-03
5.594673     5.97235000e-03
5.596538     6.05594000e-03
5.598403     6.16939000e-03
5.600269     6.75539000e-03
5.602136     6.03831000e-03
5.604003     6.20268000e-03
5.605871     6.46936000e-03
5.607740     6.46505000e-03
5.609609     5.91354000e-03
5.611479     5.91775000e-03
5.613350     6.10989000e-03
5.615221     6.03796000e-03
5.617092     6.50915000e-03
5.618965     6.25009000e-03
5.620838     6.78652000e-03
5.622711     6.18123000e-03
5.624586     6.28087000e-03
5.626461     6.15230000e-03
5.628336     6.08037000e-03
5.630212     6.32403000e-03
5.632089     6.13735000e-03
5.633966     6.77421000e-03
5.635844     6.10168000e-03
5.637723     5.95059000e-03
5.639602     6.42902000e-03
5.641482     6.12287000e-03
5.643362     6.18448000e-03
5.645244     5.99681000e-03
5.647125     5.99232000e-03
5.649008     6.46988000e-03
5.650891     6.32040000e-03
5.652774     6.00779000e-03
5.654659     6.42866000e-03
5.656543     6.06524000e-03
5.658429     6.23183000e-03
5.660315     6.26015000e-03
5.662202     6.83695000e-03
5.664089     5.93098000e-03
5.665977     6.18255000e-03
5.667866     6.23781000e-03
5.669755     6.53011000e-03
5.671645     6.11400000e-03
5.673536     6.22560000e-03
5.675427     6.16437000e-03
5.677319     6.08044000e-03
5.679211     6.49967000e-03
5.681104     6.01428000e-03
5.682998     6.23902000e-03
5.684892     6.16167000e-03
5.686787     6.11778000e-03
5.688683     6.36249000e-03
5.690579     6.44288000e-03
5.692476     6.64772000e-03
5.694373     8.32373000e-03
5.696272     6.16284000e-03
5.698170     6.31431000e-03
5.700070     6.25265000e-03
5.701970     5.94968000e-03
5.703870     6.34502000e-03
5.705772     5.95550000e-03
5.707674     6.26361000e-03
5.709576     6.68285000e-03
5.711479     6.65798000e-03
5.713383     5.99945000e-03
5.715288     6.59951000e-03
5.717193     7.42799000e-03
5.719098     6.45946000e-03
5.721005     6.07728000e-03
5.722912     6.29361000e-03
5.724819     5.95926000e-03
5.726728     6.28583000e-03
5.728637     6.58161000e-03
5.730546     6.38727000e-03
5.732456     6.23448000e-03
5.734367     6.25461000e-03
5.736279     5.99836000e-03
5.738191     6.34781000e-03
5.740103     5.96854000e-03
5.742017     5.96503000e-03
5.743931     6.66395000e-03
5.745845     6.07382000e-03
5.747761     6.10922000e-03
5.749677     6.05039000e-03
5.751593     5.97094000e-03
5.753510     5.99498000e-03
5.755428     6.25852000e-03
5.757347     6.46473000e-03
5.759266     5.94820000e-03
5.761186     6.01578000e-03
5.763106     5.91075000e-03
5.765027     6.06224000e-03
5.766949     6.58334000e-03
5.768871     6.59096000e-03
5.770794     6.49790000e-03
5.772718     6.16430000e-03
5.774642     6.21456000e-03
5.776567     5.97401000e-03
5.778492     5.94863000e-03
5.780418     6.07277000e-03
5.782345     6.17820000e-03
5.784273     6.07471000e-03
5.786201     6.40069000e-03
5.788129     6.03212000e-03
5.790059     6.26708000e-03
5.791989     6.24928000e-03
5.793920     6.25797000e-03
5.795851     6.62233000e-03
5.797783     6.15957000e-03
5.799715     6.12703000e-03
5.801649     6.29338000e-03
5.803583     6.01121000e-03
5.805517     6.30852000e-03
5.807452     6.07026000e-03
5.809388     6.21575000e-03
5.811324     6.24757000e-03
5.813262     8.44435000e-03
5.815199     6.04433000e-03
5.817138     6.00733000e-03
5.819077     5.97278000e-03
5.821016     6.25627000e-03
5.822957     6.00565000e-03
5.824898     5.92910000e-03
5.826839     7.23880000e-03
5.828782     6.23449000e-03
5.830725     6.06059000e-03
5.832668     5.99435000e-03
5.834612     5.98069000e-03
5.836557     6.39250000e-03
5.838503     6.07317000e-03
5.840449     6.03518000e-03
5.842396     6.06725000e-03
5.844343     6.07374000e-03
5.846291     6.38625000e-03
5.848240     6.16593000e-03
5.850190     6.84198000e-03
5.852140     6.16420000e-03
5.854090     6.01005000e-03
5.856042     8.42118000e-03
5.857994     5.96704000e-03
5.859946     6.27992000e-03
5.861900     6.22436000e-03
5.863854     6.13363000e-03
5.865808     5.99303000e-03
5.867764     6.00006000e-03
5.869720     6.18597000e-03
5.871676     5.97925000e-03
5.873633     6.37854000e-03
5.875591     5.99037000e-03
5.877550     6.33861000e-03
5.879509     6.38621000e-03
5.881469     6.00165000e-03
5.883429     6.00489000e-03
5.885390     6.25434000e-03
5.887352     6.40954000e-03
5.889315     6.59914000e-03
5.891278     6.01166000e-03
5.893241     6.13235000e-03
5.895206     5.99791000e-03
5.897171     6.08481000e-03
5.899137     6.25400000e-03
5.901103     6.10603000e-03
5.903070     6.75042000e-03
5.905038     6.20005000e-03
5.907006     6.15792000e-03
5.908975     6.11098000e-03
5.910945     6.72687000e-03
5.912915     5.98803000e-03
5.914886     6.23598000e-03
5.916858     6.10166000e-03
5.918830     6.09977000e-03
5.920803     6.01746000e-03
5.922777     6.37206000e-03
5.924751     6.53773000e-03
5.926726     5.96629000e-03
5.928701     6.28634000e-03
5.930678     6.14762000e-03
5.932654     6.06562000e-03
5.934632     6.23365000e-03
5.936610     6.17087000e-03
5.938589     6.22956000e-03
5.940569     6.01607000e-03
5.942549     6.47052000e-03
5.944530     6.07000000e-03
5.946511     6.58581000e-03
5.948493     6.98906000e-03
5.950476     6.07056000e-03
5.952460     6.01719000e-03
5.954444     6.87053000e-03
5.956429     7.68792000e-03
5.958414     6.19983000e-03
5.960400     6.10965000e-03
5.962387     6.06619000e-03
5.964374     6.07915000e-03
5.966363     6.25509000e-03
5.968351     6.65130000e-03
5.970341     6.24898000e-03
5.972331     6.41151000e-03
5.974322     6.37190000e-03
5.976313     6.55445000e-03
5.978305     6.69867000e-03
5.980298     6.15229000e-03
5.982291     6.17582000e-03
5.984286     6.01878000e-03
5.986280     6.14472000e-03
5.988276     5.99206000e-03
5.990272     6.60851000e-03
5.992269     6.36679000e-03
5.994266     6.12794000e-03
5.996264     6.47846000e-03
5.998263     6.02775000e-03
6.000262     6.19304000e-03
6.002262     6.30268000e-03
6.004263     5.98733000e-03
6.006265     6.18516000e-03
6.008267     6.02054000e-03
6.010269     6.35516000e-03
6.012273     6.16222000e-03
6.014277     6.01034000e-03
6.016282     6.23084000e-03
6.018287     6.11286000e-03
6.020293     6.18893000e-03
6.022300     6.05842000e-03
6.024307     6.20985000e-03
6.026315     7.63029000e-03
6.028324     6.11622000e-03
6.030334     6.48856000e-03
6.032344     6.30777000e-03
6.034355     6.33772000e-03
6.036366     6.23378000e-03
6.038378     6.05363000e-03
6.040391     6.29979000e-03
6.042404     6.71424000e-03
6.044419     6.05606000e-03
6.046433     6.05844000e-03
6.048449     6.43621000e-03
6.050465     6.43192000e-03
6.052482     6.17559000e-03
6.054499     6.35165000e-03
6.056517     6.08051000e-03
6.058536     6.42725000e-03
6.060556     6.02546000e-03
6.062576     6.15661000e-03
6.064597     6.36584000e-03
6.066618     6.21829000e-03
6.068641     6.01542000e-03
6.070663     6.48809000e-03
6.072687     6.22242000e-03
6.074711     6.05272000e-03
6.076736     6.22494000e-03
6.078762     6.00003000e-03
6.080788     6.14839000e-03
6.082815     6.21140000e-03
6.084843     6.11212000e-03
6.086871     6.02244000e-03
6.088900     6.15479000e-03
6.090929     6.06746000e-03
6.092960     6.16099000e-03
6.094991     6.17248000e-03
6.097022     6.20606000e-03
6.099055     6.55421000e-03
6.101088     6.18654000e-03
6.103121     6.25468000e-03
6.105156     6.22597000e-03
6.107191     6.09213000e-03
6.109227     6.48227000e-03
6.111263     6.60189000e-03
6.113300     6.11506000e-03
6.115338     6.44544000e-03
6.117376     6.26473000e-03
6.119415     6.35470000e-03
6.121455     6.02175000e-03
6.123496     6.44614000e-03
6.125537     6.12211000e-03
6.127579     6.09682000e-03
6.129621     6.17934000e-03
6.131664     6.40539000e-03
6.133708     6.04217000e-03
6.135753     6.09077000e-03
6.137798     6.17017000e-03
6.139844     6.07808000e-03
6.141891     6.22734000e-03
6.143938     6.71095000e-03
6.145986     6.37025000e-03
6.148035     6.27206000e-03
6.150084     6.12704000e-03
6.152134     6.07282000e-03
6.154185     6.14906000e-03
6.156236     6.22143000e-03
6.158288     6.47876000e-03
6.160341     6.27493000e-03
6.162394     7.72365000e-03
6.164449     6.05700000e-03
6.166503     6.28014000e-03
6.168559     6.83176000e-03
6.170615     6.81297000e-03
6.172672     7.40091000e-03
6.174729     6.57323000e-03
6.176788     6.27527000e-03
6.178847     6.09112000e-03
6.180906     6.31536000e-03
6.182967     6.41122000e-03
6.185028     6.10987000e-03
6.187089     6.51023000e-03
6.189152     6.18119000e-03
6.191215     6.17491000e-03
6.193278     6.22036000e-03
6.195343     6.08655000e-03
6.197408     6.34100000e-03
6.199474     6.09213000e-03
6.201540     6.35165000e-03
6.203607     6.19818000e-03
6.205675     6.30692000e-03
6.207744     6.27981000e-03
6.209813     6.16153000e-03
6.211883     6.12530000e-03
6.213954     6.52984000e-03
6.216025     6.13919000e-03
6.218097     6.68212000e-03
6.220170     6.26577000e-03
6.222243     6.12968000e-03
6.224317     6.10245000e-03
6.226392     6.59934000e-03
6.228467     6.06528000e-03
6.230544     6.34438000e-03
6.232620     6.11416000e-03
6.234698     6.43692000e-03
6.236776     6.11757000e-03
6.238855     6.49374000e-03
6.240935     6.17907000e-03
6.243015     6.25227000e-03
6.245096     6.32250000e-03
6.247178     6.22466000e-03
6.249260     6.13410000e-03
6.251343     6.31766000e-03
6.253427     6.37352000e-03
6.255511     6.73283000e-03
6.257597     6.22030000e-03
6.259682     6.11424000e-03
6.261769     6.53205000e-03
6.263856     6.26662000e-03
6.265944     6.20859000e-03
6.268033     6.23823000e-03
6.270122     6.39358000e-03
6.272212     6.25300000e-03
6.274303     6.69691000e-03
6.276394     6.24432000e-03
6.278487     6.40769000e-03
6.280579     6.11871000e-03
6.282673     6.35522000e-03
6.284767     6.22498000e-03
6.286862     6.21702000e-03
6.288958     6.31064000e-03
6.291054     6.52973000e-03
6.293151     6.23776000e-03
6.295249     6.23314000e-03
6.297347     6.54131000e-03
6.299446     6.48275000e-03
6.301546     6.44975000e-03
6.303647     6.69699000e-03
6.305748     6.91440000e-03
6.307850     6.34642000e-03
6.309952     6.15701000e-03
6.312056     6.49572000e-03
6.314160     6.15173000e-03
6.316264     6.12454000e-03
6.318370     6.10617000e-03
6.320476     6.08218000e-03
6.322583     6.27661000e-03
6.324690     6.19224000e-03
6.326799     6.60274000e-03
6.328907     6.19426000e-03
6.331017     6.10118000e-03
6.333127     6.14332000e-03
6.335238     6.87980000e-03
6.337350     6.18528000e-03
6.339463     6.19553000e-03
6.341576     6.30364000e-03
6.343690     6.65653000e-03
6.345804     6.35907000e-03
6.347920     6.08028000e-03
6.350036     6.18026000e-03
6.352152     6.27840000e-03
6.354270     6.16884000e-03
6.356388     6.13373000e-03
6.358506     6.46897000e-03
6.360626     6.43946000e-03
6.362746     6.33885000e-03
6.364867     6.09335000e-03
6.366989     6.26853000e-03
6.369111     6.45831000e-03
6.371234     6.09192000e-03
6.373358     6.28824000e-03
6.375482     6.81080000e-03
6.377607     6.85707000e-03
6.379733     6.79046000e-03
6.381860     6.08557000e-03
6.383987     6.12197000e-03
6.386115     6.79631000e-03
6.388244     6.34244000e-03
6.390373     7.13014000e-03
6.392503     6.18748000e-03
6.394634     6.21427000e-03
6.396766     6.18879000e-03
6.398898     6.50691000e-03
6.401031     6.26494000e-03
6.403165     6.18516000e-03
6.405299     6.42314000e-03
6.407434     6.42678000e-03
6.409570     6.15564000e-03
6.411707     6.59396000e-03
6.413844     6.33462000e-03
6.415982     6.38080000e-03
6.418120     6.41281000e-03
6.420260     6.61529000e-03
6.422400     6.11038000e-03
6.424541     6.35215000e-03
6.426682     6.32398000e-03
6.428824     6.42259000e-03
6.430967     6.61851000e-03
6.433111     6.69686000e-03
6.435255     6.61887000e-03
6.437400     6.16279000e-03
6.439546     6.29009000e-03
6.441693     6.81678000e-03
6.443840     6.24952000e-03
6.445988     6.88410000e-03
6.448137     6.19323000e-03
6.450286     6.41413000e-03
6.452436     6.51934000e-03
6.454587     6.14431000e-03
6.456738     6.49131000e-03
6.458891     6.44683000e-03
6.461044     6.16762000e-03
6.463197     6.17734000e-03
6.465352     6.28491000e-03
6.467507     6.17971000e-03
6.469663     6.33354000e-03
6.471819     7.14873000e-03
6.473976     6.43722000e-03
6.476134     6.18558000e-03
6.478293     6.34074000e-03
6.480453     6.25076000e-03
6.482613     6.36676000e-03
6.484774     6.27039000e-03
6.486935     6.26620000e-03
6.489098     6.69779000e-03
6.491261     6.28533000e-03
6.493424     6.27684000e-03
6.495589     6.18379000e-03
6.497754     6.45511000e-03
6.499920     6.81163000e-03
6.502087     6.36441000e-03
6.504254     6.32458000e-03
6.506422     6.46738000e-03
6.508591     6.19683000e-03
6.510760     6.27500000e-03
6.512931     6.47908000e-03
6.515102     7.02758000e-03
6.517273     6.64430000e-03
6.519446     6.52595000e-03
6.521619     6.39886000e-03
6.523793     6.53281000e-03
6.525967     6.63946000e-03
6.528143     6.37364000e-03
6.530319     6.80733000e-03
6.532495     6.48003000e-03
6.534673     6.45570000e-03
6.536851     6.14728000e-03
6.539030     6.85980000e-03
6.541210     6.78431000e-03
6.543390     6.33792000e-03
6.545571     6.91755000e-03
6.547753     6.70014000e-03
6.549936     6.88945000e-03
6.552119     6.64108000e-03
6.554303     6.55162000e-03
6.556488     6.30750000e-03
6.558673     6.32054000e-03
6.560860     7.08185000e-03
6.563047     6.69808000e-03
6.565234     6.22848000e-03
6.567423     6.46023000e-03
6.569612     6.23581000e-03
6.571802     6.51161000e-03
6.573992     7.09480000e-03
6.576184     6.90757000e-03
6.578376     6.48200000e-03
6.580568     6.60229000e-03
6.582762     6.78243000e-03
6.584956     6.93520000e-03
6.587151     6.41706000e-03
6.589347     6.31649000e-03
6.591543     6.22398000e-03
6.593741     6.38483000e-03
6.595938     6.77974000e-03
6.598137     7.03185000e-03
6.600336     6.90166000e-03
6.602537     6.69728000e-03
6.604737     6.83587000e-03
6.606939     6.47037000e-03
6.609141     6.19888000e-03
6.611344     6.62577000e-03
6.613548     6.20262000e-03
6.615753     6.34713000e-03
6.617958     6.41717000e-03
6.620164     6.92210000e-03
6.622371     6.39635000e-03
6.624578     7.19783000e-03
6.626786     6.47899000e-03
6.628995     6.48388000e-03
6.631205     7.16947000e-03
6.633415     6.95303000e-03
6.635626     6.28471000e-03
6.637838     6.95915000e-03
6.640051     6.87384000e-03
6.642264     6.83290000e-03
6.644478     6.99732000e-03
6.646693     6.73516000e-03
6.648909     6.28261000e-03
6.651125     6.36484000e-03
6.653342     6.49825000e-03
6.655560     6.88853000e-03
6.657778     6.87032000e-03
6.659998     6.42434000e-03
6.662218     6.33710000e-03
6.664438     6.93080000e-03
6.666660     6.86048000e-03
6.668882     6.28497000e-03
6.671105     7.09721000e-03
6.673329     6.92435000e-03
6.675553     6.38479000e-03
6.677778     6.67263000e-03
6.680004     6.25935000e-03
6.682231     6.31545000e-03
6.684458     6.56714000e-03
6.686687     7.20487000e-03
6.688915     6.40311000e-03
6.691145     6.48032000e-03
6.693375     6.63940000e-03
6.695607     6.38589000e-03
6.697838     6.99152000e-03
6.700071     6.33251000e-03
6.702304     6.57661000e-03
6.704538     6.51491000e-03
6.706773     6.61679000e-03
6.709009     6.78285000e-03
6.711245     6.37498000e-03
6.713482     6.89554000e-03
6.715720     7.07765000e-03
6.717959     6.66902000e-03
6.720198     6.68093000e-03
6.722438     6.43403000e-03
6.724679     6.42501000e-03
6.726921     6.58550000e-03
6.729163     6.67730000e-03
6.731406     6.70151000e-03
6.733650     6.54716000e-03
6.735894     6.67680000e-03
6.738140     6.63154000e-03
6.740386     6.60114000e-03
6.742632     6.92335000e-03
6.744880     6.70408000e-03
6.747128     6.33352000e-03
6.749377     6.69789000e-03
6.751627     6.90829000e-03
6.753878     6.84907000e-03
6.756129     6.43538000e-03
6.758381     6.80719000e-03
6.760634     6.69457000e-03
6.762887     6.67870000e-03
6.765142     6.46889000e-03
6.767397     6.58481000e-03
6.769652     6.84841000e-03
6.771909     6.75757000e-03
6.774166     6.66078000e-03
6.776424     6.92674000e-03
6.778683     6.42390000e-03
6.780943     6.92017000e-03
6.783203     6.70328000e-03
6.785464     6.39243000e-03
6.787726     6.70992000e-03
6.789988     7.03898000e-03
6.792252     6.36297000e-03
6.794516     6.62058000e-03
6.796781     6.55141000e-03
6.799046     6.51589000e-03
6.801313     6.78346000e-03
6.803580     6.47552000e-03
6.805848     6.44060000e-03
6.808116     6.27216000e-03
6.810386     6.77014000e-03
6.812656     6.92720000e-03
6.814927     6.54535000e-03
6.817198     6.67781000e-03
6.819471     6.47644000e-03
6.821744     6.30784000e-03
6.824018     6.83767000e-03
6.826292     6.58884000e-03
6.828568     6.59192000e-03
6.830844     6.48943000e-03
6.833121     6.36247000e-03
6.835399     6.36491000e-03
6.837677     6.78726000e-03
6.839956     6.81201000e-03
6.842236     6.54415000e-03
6.844517     7.12883000e-03
6.846799     6.38859000e-03
6.849081     6.43061000e-03
6.851364     6.51745000e-03
6.853648     6.30803000e-03
6.855932     6.79993000e-03
6.858218     6.81983000e-03
6.860504     6.47776000e-03
6.862790     6.60089000e-03
6.865078     6.41002000e-03
6.867366     6.94142000e-03
6.869656     6.94146000e-03
6.871945     6.80025000e-03
6.874236     6.54479000e-03
6.876527     7.08192000e-03
6.878820     6.57823000e-03
6.881113     6.39328000e-03
6.883406     6.63663000e-03
6.885701     6.83351000e-03
6.887996     6.45136000e-03
6.890292     6.71947000e-03
6.892589     6.68016000e-03
6.894886     6.91804000e-03
6.897185     6.70915000e-03
6.899484     6.66134000e-03
6.901783     6.52977000e-03
6.904084     6.62703000e-03
6.906385     7.15582000e-03
6.908688     7.01924000e-03
6.910990     6.52848000e-03
6.913294     6.69779000e-03
6.915599     6.30794000e-03
6.917904     6.50577000e-03
6.920210     6.35562000e-03
6.922516     6.33335000e-03
6.924824     6.66995000e-03
6.927132     6.68378000e-03
6.929441     6.36737000e-03
6.931751     6.56808000e-03
6.934062     6.50419000e-03
6.936373     7.11100000e-03
6.938685     6.66735000e-03
6.940998     7.03627000e-03
6.943312     6.69823000e-03
6.945626     6.35992000e-03
6.947941     6.41776000e-03
6.950257     7.17497000e-03
6.952574     6.71572000e-03
6.954892     6.59565000e-03
6.957210     6.71647000e-03
6.959529     7.10353000e-03
6.961849     6.65042000e-03
6.964169     6.37836000e-03
6.966491     6.93876000e-03
6.968813     6.65152000e-03
6.971136     7.17546000e-03
6.973460     6.45855000e-03
6.975784     6.65209000e-03
6.978109     6.40909000e-03
6.980435     6.70902000e-03
6.982762     6.45922000e-03
6.985090     6.80160000e-03
6.987418     7.04021000e-03
6.989747     6.52988000e-03
6.992077     6.33314000e-03
6.994408     6.28957000e-03
6.996739     6.58347000e-03
6.999072     6.69791000e-03
7.001405     7.06918000e-03
7.003738     6.70559000e-03
7.006073     6.46133000e-03
7.008408     6.61162000e-03
7.010745     6.57748000e-03
7.013081     6.75292000e-03
7.015419     6.82390000e-03
7.017758     6.79920000e-03
7.020097     6.41899000e-03
7.022437     6.47293000e-03
7.024778     7.15049000e-03
7.027119     6.48033000e-03
7.029462     6.66220000e-03
7.031805     6.59347000e-03
7.034149     6.59270000e-03
7.036494     6.30583000e-03
7.038839     6.64936000e-03
7.041185     7.04526000e-03
7.043532     6.57176000e-03
7.045880     6.53180000e-03
7.048229     6.64175000e-03
7.050578     6.39374000e-03
7.052928     6.95650000e-03
7.055279     6.42056000e-03
7.057631     6.46028000e-03
7.059984     6.44426000e-03
7.062337     7.06557000e-03
7.064691     6.40606000e-03
7.067046     6.46682000e-03
7.069402     6.61245000e-03
7.071758     7.08279000e-03
7.074115     6.36487000e-03
7.076473     7.09030000e-03
7.078832     6.74948000e-03
7.081192     6.62215000e-03
7.083552     6.71087000e-03
7.085914     6.64836000e-03
7.088275     6.39537000e-03
7.090638     6.44508000e-03
7.093002     6.87211000e-03
7.095366     6.54944000e-03
7.097731     6.42420000e-03
7.100097     6.36549000e-03
7.102464     6.91920000e-03
7.104831     6.81565000e-03
7.107200     6.86854000e-03
7.109569     6.52697000e-03
7.111939     6.67775000e-03
7.114309     6.47420000e-03
7.116681     6.36400000e-03
7.119053     6.98342000e-03
7.121426     6.57556000e-03
7.123800     6.57020000e-03
7.126174     6.54172000e-03
7.128550     6.58252000e-03
7.130926     7.06924000e-03
7.133303     6.73845000e-03
7.135681     6.40739000e-03
7.138059     7.29038000e-03
7.140438     7.11473000e-03
7.142819     7.04495000e-03
7.145200     6.97119000e-03
7.147581     6.87004000e-03
7.149964     7.01996000e-03
7.152347     6.56526000e-03
7.154731     6.57429000e-03
7.157116     6.84696000e-03
7.159502     6.61389000e-03
7.161888     6.43380000e-03
7.164276     7.09210000e-03
7.166664     6.45597000e-03
7.169053     6.56920000e-03
7.171442     7.21500000e-03
7.173833     6.92985000e-03
7.176224     6.54598000e-03
7.178616     6.52352000e-03
7.181009     6.60040000e-03
7.183403     6.97873000e-03
7.185797     6.35957000e-03
7.188192     7.03702000e-03
7.190589     6.94678000e-03
7.192985     6.65231000e-03
7.195383     6.58573000e-03
7.197782     6.55251000e-03
7.200181     6.75249000e-03
7.202581     6.69311000e-03
7.204982     7.25194000e-03
7.207383     6.50471000e-03
7.209786     6.39978000e-03
7.212189     6.97689000e-03
7.214593     6.86039000e-03
7.216998     6.61974000e-03
7.219404     6.69152000e-03
7.221810     6.94006000e-03
7.224217     6.78826000e-03
7.226625     7.04863000e-03
7.229034     6.47017000e-03
7.231444     6.60469000e-03
7.233855     6.58411000e-03
7.236266     6.59703000e-03
7.238678     6.50165000e-03
7.241091     6.54901000e-03
7.243504     6.49965000e-03
7.245919     6.49790000e-03
7.248334     6.49838000e-03
7.250750     6.41849000e-03
7.253167     6.56147000e-03
7.255585     6.82489000e-03
7.258004     7.22608000e-03
7.260423     6.45527000e-03
7.262843     7.11157000e-03
7.265264     6.77374000e-03
7.267686     6.84304000e-03
7.270108     6.60747000e-03
7.272532     6.68193000e-03
7.274956     7.05299000e-03
7.277381     6.86532000e-03
7.279807     7.13413000e-03
7.282233     6.44074000e-03
7.284661     6.46971000e-03
7.287089     6.59118000e-03
7.289518     6.88631000e-03
7.291948     6.44623000e-03
7.294378     6.76186000e-03
7.296810     6.85698000e-03
7.299242     7.07803000e-03
7.301675     6.74450000e-03
7.304109     7.05917000e-03
7.306544     6.79765000e-03
7.308979     6.93528000e-03
7.311416     6.51678000e-03
7.313853     6.93004000e-03
7.316291     6.56372000e-03
7.318729     6.51595000e-03
7.321169     6.50539000e-03
7.323609     6.84225000e-03
7.326051     6.85165000e-03
7.328493     6.40443000e-03
7.330935     6.86432000e-03
7.333379     6.93613000e-03
7.335824     7.11868000e-03
7.338269     6.98174000e-03
7.340715     6.40640000e-03
7.343162     6.71254000e-03
7.345610     6.75680000e-03
7.348058     6.48737000e-03
7.350507     6.64401000e-03
7.352958     6.46347000e-03
7.355409     6.85998000e-03
7.357860     6.67517000e-03
7.360313     6.73821000e-03
7.362767     6.53432000e-03
7.365221     6.83533000e-03
7.367676     6.50787000e-03
7.370132     6.51845000e-03
7.372588     6.61519000e-03
7.375046     6.57700000e-03
7.377504     6.90985000e-03
7.379963     6.54513000e-03
7.382423     6.39864000e-03
7.384884     6.66117000e-03
7.387346     6.52542000e-03
7.389808     6.75256000e-03
7.392272     6.61173000e-03
7.394736     6.56915000e-03
7.397201     6.65892000e-03
7.399666     6.45036000e-03
7.402133     6.68455000e-03
7.404600     6.59203000e-03
7.407068     6.40396000e-03
7.409538     6.78210000e-03
7.412007     6.81606000e-03
7.414478     7.20304000e-03
7.416950     6.64873000e-03
7.419422     6.46620000e-03
7.421895     6.73253000e-03
7.424369     6.53928000e-03
7.426844     6.68142000e-03
7.429319     6.71318000e-03
7.431796     7.14005000e-03
7.434273     6.52559000e-03
7.436751     7.03879000e-03
7.439230     6.39674000e-03
7.441710     6.97169000e-03
7.444190     7.19963000e-03
7.446672     6.73303000e-03
7.449154     6.74834000e-03
7.451637     6.45459000e-03
7.454121     6.91712000e-03
7.456606     6.95170000e-03
7.459091     6.81852000e-03
7.461578     6.55042000e-03
7.464065     6.73333000e-03
7.466553     6.45310000e-03
7.469042     6.51867000e-03
7.471531     6.57981000e-03
7.474022     7.21866000e-03
7.476513     7.01358000e-03
7.479005     6.48641000e-03
7.481498     6.68320000e-03
7.483992     6.57996000e-03
7.486487     6.68685000e-03
7.488982     6.68898000e-03
7.491479     6.95333000e-03
7.493976     7.05419000e-03
7.496474     6.94089000e-03
7.498973     6.59508000e-03
7.501472     6.78532000e-03
7.503973     6.74727000e-03
7.506474     6.53972000e-03
7.508976     6.63305000e-03
7.511479     6.47132000e-03
7.513983     6.96842000e-03
7.516488     7.08473000e-03
7.518993     6.55067000e-03
7.521500     6.92270000e-03
7.524007     6.61772000e-03
7.526515     6.97028000e-03
7.529024     7.07810000e-03
7.531533     7.28410000e-03
7.534044     6.63471000e-03
7.536555     7.19568000e-03
7.539067     7.16481000e-03
7.541580     6.76759000e-03
7.544094     6.96697000e-03
7.546609     6.59017000e-03
7.549124     6.89335000e-03
7.551641     6.51048000e-03
7.554158     6.83091000e-03
7.556676     7.27405000e-03
7.559195     6.76035000e-03
7.561715     6.53463000e-03
7.564235     6.44490000e-03
7.566757     6.71731000e-03
7.569279     6.93816000e-03
7.571802     7.03414000e-03
7.574326     7.16499000e-03
7.576851     6.86855000e-03
7.579376     6.99871000e-03
7.581903     7.25194000e-03
7.584430     7.06903000e-03
7.586958     7.22429000e-03
7.589487     7.37095000e-03
7.592017     6.81377000e-03
7.594548     6.64214000e-03
7.597079     6.49779000e-03
7.599612     7.06374000e-03
7.602145     6.69632000e-03
7.604679     6.46364000e-03
7.607214     6.83067000e-03
7.609749     6.59036000e-03
7.612286     6.96078000e-03
7.614823     7.31633000e-03
7.617362     6.45111000e-03
7.619901     7.16749000e-03
7.622441     6.98149000e-03
7.624982     6.88334000e-03
7.627523     6.61344000e-03
7.630066     6.66351000e-03
7.632609     6.90885000e-03
7.635153     7.00479000e-03
7.637698     6.68730000e-03
7.640244     6.85728000e-03
7.642791     6.77574000e-03
7.645339     7.18263000e-03
7.647887     7.16310000e-03
7.650436     6.81850000e-03
7.652987     6.73210000e-03
7.655538     6.54922000e-03
7.658089     6.51146000e-03
7.660642     6.63139000e-03
7.663196     6.49734000e-03
7.665750     6.55820000e-03
7.668305     6.83443000e-03
7.670861     7.06980000e-03
7.673418     6.71907000e-03
7.675976     6.53738000e-03
7.678535     6.97542000e-03
7.681094     6.56024000e-03
7.683655     6.71944000e-03
7.686216     6.63907000e-03
7.688778     7.10864000e-03
7.691341     6.62472000e-03
7.693905     7.13737000e-03
7.696469     6.48001000e-03
7.699035     6.84141000e-03
7.701601     7.12488000e-03
7.704168     6.85793000e-03
7.706736     6.60610000e-03
7.709305     7.36621000e-03
7.711875     7.04991000e-03
7.714446     6.52639000e-03
7.717017     7.04160000e-03
7.719590     6.66733000e-03
7.722163     6.94680000e-03
7.724737     6.55219000e-03
7.727312     6.59354000e-03
7.729887     7.05708000e-03
7.732464     6.55595000e-03
7.735042     7.27705000e-03
7.737620     6.74395000e-03
7.740199     6.88645000e-03
7.742779     7.10108000e-03
7.745360     7.10690000e-03
7.747942     6.59867000e-03
7.750525     7.18652000e-03
7.753108     6.44361000e-03
7.755692     6.92081000e-03
7.758278     6.85260000e-03
7.760864     6.60685000e-03
7.763451     6.74855000e-03
7.766039     6.70506000e-03
7.768627     6.68164000e-03
7.771217     6.58651000e-03
7.773807     6.97667000e-03
7.776398     6.85738000e-03
7.778991     6.64995000e-03
7.781584     6.79271000e-03
7.784177     6.55702000e-03
7.786772     7.08842000e-03
7.789368     6.90127000e-03
7.791964     7.10371000e-03
7.794562     7.10121000e-03
7.797160     6.50182000e-03
7.799759     6.77282000e-03
7.802359     6.60536000e-03
7.804959     7.41128000e-03
7.807561     6.96019000e-03
7.810164     6.86649000e-03
7.812767     6.52443000e-03
7.815371     6.55053000e-03
7.817976     6.77452000e-03
7.820582     6.91247000e-03
7.823189     6.79325000e-03
7.825797     6.88045000e-03
7.828406     6.68506000e-03
7.831015     6.70119000e-03
7.833625     7.22703000e-03
7.836237     6.78180000e-03
7.838849     6.72809000e-03
7.841462     6.47478000e-03
7.844075     6.58853000e-03
7.846690     6.77317000e-03
7.849306     7.22335000e-03
7.851922     7.19404000e-03
7.854539     6.80618000e-03
7.857158     7.32432000e-03
7.859777     6.97684000e-03
7.862397     6.56286000e-03
7.865017     6.81349000e-03
7.867639     6.96761000e-03
7.870262     6.73989000e-03
7.872885     6.56282000e-03
7.875509     6.98508000e-03
7.878134     7.19867000e-03
7.880761     6.69572000e-03
7.883387     6.65893000e-03
7.886015     6.60427000e-03
7.888644     6.54035000e-03
7.891273     7.31496000e-03
7.893904     6.82341000e-03
7.896535     6.50082000e-03
7.899167     6.83140000e-03
7.901800     6.71212000e-03
7.904434     6.77163000e-03
7.907069     6.66977000e-03
7.909705     7.13664000e-03
7.912341     6.49088000e-03
7.914979     6.52549000e-03
7.917617     6.84896000e-03
7.920256     6.67652000e-03
7.922897     6.81799000e-03
7.925537     6.70406000e-03
7.928179     6.48871000e-03
7.930822     6.59476000e-03
7.933466     7.03056000e-03
7.936110     6.70192000e-03
7.938756     7.14341000e-03
7.941402     7.16614000e-03
7.944049     6.89120000e-03
7.946697     6.66367000e-03
7.949346     6.59787000e-03
7.951996     6.57008000e-03
7.954646     6.65022000e-03
7.957298     6.74133000e-03
7.959950     7.21875000e-03
7.962604     6.89738000e-03
7.965258     6.68167000e-03
7.967913     6.86380000e-03
7.970569     6.90974000e-03
7.973226     6.80928000e-03
7.975883     6.70828000e-03
7.978542     6.65768000e-03
7.981202     6.78108000e-03
7.983862     6.71451000e-03
7.986523     6.66953000e-03
7.989185     7.14991000e-03
7.991848     7.10356000e-03
7.994512     6.55179000e-03
7.997177     6.86921000e-03
7.999843     7.13384000e-03
8.002510     6.62554000e-03
8.005177     6.82924000e-03
8.007845     7.10837000e-03
8.010515     6.67274000e-03
8.013185     6.55192000e-03
8.015856     6.87023000e-03
8.018528     6.69104000e-03
8.021201     6.74223000e-03
8.023875     6.51825000e-03
8.026549     6.57892000e-03
8.029225     7.03535000e-03
8.031901     6.50981000e-03
8.034578     6.75075000e-03
8.037257     6.88090000e-03
8.039936     6.91079000e-03
8.042616     6.89563000e-03
8.045297     6.75665000e-03
8.047978     7.37815000e-03
8.050661     7.40406000e-03
8.053344     6.68731000e-03
8.056029     7.11274000e-03
8.058714     7.34508000e-03
8.061401     6.75372000e-03
8.064088     7.20304000e-03
8.066776     6.86098000e-03
8.069465     6.60604000e-03
8.072154     7.12177000e-03
8.074845     6.83428000e-03
8.077537     6.47134000e-03
8.080229     6.92437000e-03
8.082923     7.14104000e-03
8.085617     7.11275000e-03
8.088312     6.99984000e-03
8.091008     6.82754000e-03
8.093705     6.77751000e-03
8.096403     6.62918000e-03
8.099102     7.26939000e-03
8.101802     7.35793000e-03
8.104502     6.61892000e-03
8.107204     6.67921000e-03
8.109906     6.97049000e-03
8.112610     7.22061000e-03
8.115314     7.23143000e-03
8.118019     7.13845000e-03
8.120725     6.87477000e-03
8.123432     7.30235000e-03
8.126140     7.00192000e-03
8.128848     6.62136000e-03
8.131558     6.71928000e-03
8.134268     6.98676000e-03
8.136980     6.99942000e-03
8.139692     6.63711000e-03
8.142405     6.90684000e-03
8.145120     6.88560000e-03
8.147835     6.69589000e-03
8.150550     7.15202000e-03
8.153267     6.70887000e-03
8.155985     6.97153000e-03
8.158704     6.89455000e-03
8.161423     6.76481000e-03
8.164144     6.74521000e-03
8.166865     6.55179000e-03
8.169587     6.73083000e-03
8.172311     6.88366000e-03
8.175035     6.88245000e-03
8.177760     6.97084000e-03
8.180486     6.77600000e-03
8.183213     6.87788000e-03
8.185940     7.24322000e-03
8.188669     6.64091000e-03
8.191398     6.98285000e-03
8.194129     6.98816000e-03
8.196860     7.19580000e-03
8.199593     7.09667000e-03
8.202326     6.92393000e-03
8.205060     6.88594000e-03
8.207795     6.88214000e-03
8.210531     6.73704000e-03
8.213268     6.65765000e-03
8.216005     6.89519000e-03
8.218744     6.58495000e-03
8.221484     6.72093000e-03
8.224224     6.84425000e-03
8.226966     6.77434000e-03
8.229708     7.28422000e-03
8.232451     6.83546000e-03
8.235195     7.12516000e-03
8.237940     6.95303000e-03
8.240686     6.80934000e-03
8.243433     7.17022000e-03
8.246181     6.86042000e-03
8.248930     6.55381000e-03
8.251679     6.90084000e-03
8.254430     7.23978000e-03
8.257181     6.96243000e-03
8.259934     6.71668000e-03
8.262687     6.98327000e-03
8.265441     6.53656000e-03
8.268197     6.59842000e-03
8.270953     7.14915000e-03
8.273710     7.04244000e-03
8.276468     6.96693000e-03
8.279226     7.37341000e-03
8.281986     7.16165000e-03
8.284747     7.37760000e-03
8.287508     6.59064000e-03
8.290271     6.68538000e-03
8.293034     6.92794000e-03
8.295799     6.69756000e-03
8.298564     7.04613000e-03
8.301330     6.85186000e-03
8.304097     6.74288000e-03
8.306865     6.73718000e-03
8.309634     7.11968000e-03
8.312404     6.60733000e-03
8.315175     6.87424000e-03
8.317947     7.21628000e-03
8.320719     6.68108000e-03
8.323493     7.10720000e-03
8.326267     7.00801000e-03
8.329043     7.02906000e-03
8.331819     6.64137000e-03
8.334596     7.05496000e-03
8.337375     6.81370000e-03
8.340154     7.31795000e-03
8.342934     6.58458000e-03
8.345715     6.59976000e-03
8.348497     6.86470000e-03
8.351279     7.12879000e-03
8.354063     6.70366000e-03
8.356848     7.09222000e-03
8.359633     6.73033000e-03
8.362420     7.33751000e-03
8.365207     6.78933000e-03
8.367996     6.94219000e-03
8.370785     7.18632000e-03
8.373575     6.68324000e-03
8.376367     7.17076000e-03
8.379159     7.14951000e-03
8.381952     6.91467000e-03
8.384746     7.28235000e-03
8.387541     6.93567000e-03
8.390337     6.72495000e-03
8.393133     7.31796000e-03
8.395931     7.33551000e-03
8.398730     6.75778000e-03
8.401529     6.94348000e-03
8.404330     6.80069000e-03
8.407131     6.92281000e-03
8.409934     7.10142000e-03
8.412737     7.01712000e-03
8.415541     7.03073000e-03
8.418346     6.76697000e-03
8.421152     6.93489000e-03
8.423960     6.93408000e-03
8.426768     7.00073000e-03
8.429576     6.88540000e-03
8.432386     6.90750000e-03
8.435197     7.33913000e-03
8.438009     6.99275000e-03
8.440822     7.38007000e-03
8.443635     7.40875000e-03
8.446450     6.90812000e-03
8.449265     6.93599000e-03
8.452082     6.96229000e-03
8.454899     7.08897000e-03
8.457717     7.33408000e-03
8.460536     6.63290000e-03
8.463357     6.92324000e-03
8.466178     6.86444000e-03
8.469000     6.59199000e-03
8.471823     6.61085000e-03
8.474647     6.66707000e-03
8.477472     6.86870000e-03
8.480297     6.81857000e-03
8.483124     6.68694000e-03
8.485952     6.96227000e-03
8.488781     6.87783000e-03
8.491610     6.77538000e-03
8.494441     6.78908000e-03
8.497272     6.77160000e-03
8.500105     7.04846000e-03
8.502938     7.34003000e-03
8.505772     6.89277000e-03
8.508608     7.06333000e-03
8.511444     7.02540000e-03
8.514281     6.90720000e-03
8.517119     6.59595000e-03
8.519958     7.28014000e-03
8.522798     6.77052000e-03
8.525639     6.70574000e-03
8.528481     6.59654000e-03
8.531324     6.85974000e-03
8.534167     6.95573000e-03
8.537012     6.99714000e-03
8.539858     6.84612000e-03
8.542704     6.90554000e-03
8.545552     6.69130000e-03
8.548401     6.91306000e-03
8.551250     7.34675000e-03
8.554100     7.13942000e-03
8.556952     7.19043000e-03
8.559804     6.82974000e-03
8.562657     7.20829000e-03
8.565512     7.46845000e-03
8.568367     6.80520000e-03
8.571223     7.28976000e-03
8.574080     7.00162000e-03
8.576938     7.28953000e-03
8.579797     6.71975000e-03
8.582657     6.68551000e-03
8.585518     7.24138000e-03
8.588380     6.88413000e-03
8.591242     6.79260000e-03
8.594106     7.17752000e-03
8.596971     6.60587000e-03
8.599837     6.70565000e-03
8.602703     7.13501000e-03
8.605571     7.29086000e-03
8.608439     7.17579000e-03
8.611309     7.03298000e-03
8.614179     6.74200000e-03
8.617051     6.94978000e-03
8.619923     7.46827000e-03
8.622796     6.83932000e-03
8.625670     6.95803000e-03
8.628546     6.82046000e-03
8.631422     7.24302000e-03
8.634299     6.79711000e-03
8.637177     6.81238000e-03
8.640056     6.74188000e-03
8.642936     6.70135000e-03
8.645817     6.78439000e-03
8.648699     7.15607000e-03
8.651582     6.71396000e-03
8.654466     7.14123000e-03
8.657351     6.71197000e-03
8.660236     6.69644000e-03
8.663123     7.20404000e-03
8.666011     7.30900000e-03
8.668900     6.67280000e-03
8.671789     6.85608000e-03
8.674680     6.79139000e-03
8.677571     6.74642000e-03
8.680464     6.63004000e-03
8.683357     7.03152000e-03
8.686252     6.99105000e-03
8.689147     6.70934000e-03
8.692044     7.06891000e-03
8.694941     6.99467000e-03
8.697839     6.75428000e-03
8.700739     6.65641000e-03
8.703639     6.80036000e-03
8.706540     7.27476000e-03
8.709442     7.36431000e-03
8.712345     7.13037000e-03
8.715249     7.19542000e-03
8.718155     6.84784000e-03
8.721061     7.11307000e-03
8.723968     6.83486000e-03
8.726876     7.23228000e-03
8.729785     6.92109000e-03
8.732695     6.84796000e-03
8.735605     7.26003000e-03
8.738517     6.64775000e-03
8.741430     7.24160000e-03
8.744344     6.87495000e-03
8.747259     6.84158000e-03
8.750174     6.79326000e-03
8.753091     7.13494000e-03
8.756009     6.80169000e-03
8.758928     6.75397000e-03
8.761847     7.17157000e-03
8.764768     6.64625000e-03
8.767689     6.93703000e-03
8.770612     6.59699000e-03
8.773536     6.75985000e-03
8.776460     6.89555000e-03
8.779386     6.66180000e-03
8.782312     7.05333000e-03
8.785239     7.28368000e-03
8.788168     7.32323000e-03
8.791097     6.98863000e-03
8.794028     6.83078000e-03
8.796959     6.98512000e-03
8.799891     6.99699000e-03
8.802825     6.96244000e-03
8.805759     6.79665000e-03
8.808694     7.12207000e-03
8.811630     6.87728000e-03
8.814568     6.76231000e-03
8.817506     7.28517000e-03
8.820445     6.76397000e-03
8.823385     6.82453000e-03
8.826326     6.91691000e-03
8.829268     6.97505000e-03
8.832211     6.83085000e-03
8.835155     7.22874000e-03
8.838100     7.00305000e-03
8.841046     6.68661000e-03
8.843994     6.64476000e-03
8.846942     7.18119000e-03
8.849890     6.79317000e-03
8.852840     7.41421000e-03
8.855791     6.85830000e-03
8.858743     6.80553000e-03
8.861696     6.72477000e-03
8.864650     6.94656000e-03
8.867605     6.72118000e-03
8.870561     6.92014000e-03
8.873518     6.72468000e-03
8.876476     6.76627000e-03
8.879434     6.60203000e-03
8.882394     6.92162000e-03
8.885355     7.19400000e-03
8.888317     7.08015000e-03
8.891280     7.39356000e-03
8.894243     6.76577000e-03
8.897208     7.20169000e-03
8.900174     6.81008000e-03
8.903141     6.93746000e-03
8.906108     6.81898000e-03
8.909077     6.94135000e-03
8.912047     6.94290000e-03
8.915017     6.82783000e-03
8.917989     6.72479000e-03
8.920962     6.86557000e-03
8.923935     6.77389000e-03
8.926910     6.92357000e-03
8.929886     6.73358000e-03
8.932862     7.09210000e-03
8.935840     7.37200000e-03
8.938818     6.76160000e-03
8.941798     7.18964000e-03
8.944779     7.19711000e-03
8.947760     6.98676000e-03
8.950743     6.85621000e-03
8.953726     6.84022000e-03
8.956711     7.15897000e-03
8.959697     6.72347000e-03
8.962683     6.69508000e-03
8.965671     6.75401000e-03
8.968659     6.75426000e-03
8.971649     6.74795000e-03
8.974639     6.63476000e-03
8.977631     6.95451000e-03
8.980623     7.24580000e-03
8.983617     6.98648000e-03
8.986612     7.15794000e-03
8.989607     6.77455000e-03
8.992604     6.80939000e-03
8.995601     6.79810000e-03
8.998600     7.11341000e-03
9.001599     6.76524000e-03
9.004600     6.75456000e-03
9.007601     7.07044000e-03
9.010604     6.88116000e-03
9.013607     7.19086000e-03
9.016612     6.93649000e-03
9.019617     6.81621000e-03
9.022624     6.94850000e-03
9.025631     6.93974000e-03
9.028640     6.82979000e-03
9.031650     6.79037000e-03
9.034660     7.08778000e-03
9.037672     6.91023000e-03
9.040684     6.80172000e-03
9.043698     6.81115000e-03
9.046712     6.84004000e-03
9.049728     7.26593000e-03
9.052745     7.01099000e-03
9.055762     6.75870000e-03
9.058781     7.40154000e-03
9.061800     7.10885000e-03
9.064821     6.90795000e-03
9.067842     6.97249000e-03
9.070865     6.73014000e-03
9.073889     6.83709000e-03
9.076913     7.12590000e-03
9.079939     6.82629000e-03
9.082966     6.74711000e-03
9.085993     6.98769000e-03
9.089022     6.87500000e-03
9.092052     6.99507000e-03
9.095082     6.95758000e-03
9.098114     6.94331000e-03
9.101147     6.92903000e-03
9.104180     6.88919000e-03
9.107215     7.42710000e-03
9.110251     6.98092000e-03
9.113288     6.94000000e-03
9.116325     6.77568000e-03
9.119364     6.75319000e-03
9.122404     6.72363000e-03
9.125445     7.44100000e-03
9.128487     7.12260000e-03
9.131529     6.87930000e-03
9.134573     7.03071000e-03
9.137618     6.94438000e-03
9.140664     7.10955000e-03
9.143711     6.88333000e-03
9.146759     7.05315000e-03
9.149808     6.86132000e-03
9.152858     7.01408000e-03
9.155909     6.89505000e-03
9.158961     6.71479000e-03
9.162014     6.91924000e-03
9.165068     7.22578000e-03
9.168123     6.78850000e-03
9.171179     7.35924000e-03
9.174236     7.11691000e-03
9.177294     7.26678000e-03
9.180353     7.28182000e-03
9.183413     7.36143000e-03
9.186474     6.76456000e-03
9.189536     6.71226000e-03
9.192599     6.81655000e-03
9.195664     7.28150000e-03
9.198729     6.86509000e-03
9.201795     7.03139000e-03
9.204862     7.09079000e-03
9.207931     6.98769000e-03
9.211000     6.95891000e-03
9.214070     7.09099000e-03
9.217142     7.00203000e-03
9.220214     7.00176000e-03
9.223287     6.94628000e-03
9.226362     7.25041000e-03
9.229437     6.78157000e-03
9.232514     6.75690000e-03
9.235591     6.87992000e-03
9.238670     6.80238000e-03
9.241749     7.38560000e-03
9.244830     6.80433000e-03
9.247912     7.40641000e-03
9.250994     7.04922000e-03
9.254078     7.14291000e-03
9.257163     7.33672000e-03
9.260248     6.88418000e-03
9.263335     7.11134000e-03
9.266423     6.91212000e-03
9.269512     7.03380000e-03
9.272601     6.77135000e-03
9.275692     6.94777000e-03
9.278784     7.18383000e-03
9.281877     6.73110000e-03
9.284971     7.07312000e-03
9.288066     7.26723000e-03
9.291162     7.32640000e-03
9.294259     6.78995000e-03
9.297357     7.17111000e-03
9.300456     6.78697000e-03
9.303557     7.10154000e-03
9.306658     6.83496000e-03
9.309760     7.19540000e-03
9.312863     6.89973000e-03
9.315968     7.20934000e-03
9.319073     6.92051000e-03
9.322179     7.05130000e-03
9.325287     6.73354000e-03
9.328395     6.93385000e-03
9.331504     6.79637000e-03
9.334615     7.08365000e-03
9.337727     7.52218000e-03
9.340839     7.03931000e-03
9.343953     7.18217000e-03
9.347067     7.15871000e-03
9.350183     7.19570000e-03
9.353300     6.84174000e-03
9.356418     6.94532000e-03
9.359536     7.09111000e-03
9.362656     7.35108000e-03
9.365777     6.81713000e-03
9.368899     7.01285000e-03
9.372022     6.99386000e-03
9.375146     6.97560000e-03
9.378271     6.84244000e-03
9.381397     7.08015000e-03
9.384524     6.89619000e-03
9.387652     7.34508000e-03
9.390782     7.24127000e-03
9.393912     6.93425000e-03
9.397043     6.88040000e-03
9.400176     7.04262000e-03
9.403309     6.97494000e-03
9.406443     6.91559000e-03
9.409579     7.32673000e-03
9.412715     7.20926000e-03
9.415853     6.75178000e-03
9.418992     6.85977000e-03
9.422131     7.13510000e-03
9.425272     7.00295000e-03
9.428414     7.17756000e-03
9.431557     6.81643000e-03
9.434700     6.92302000e-03
9.437845     7.03122000e-03
9.440991     7.02524000e-03
9.444138     7.14242000e-03
9.447286     7.20434000e-03
9.450435     7.08770000e-03
9.453586     7.30473000e-03
9.456737     7.41335000e-03
9.459889     6.92565000e-03
9.463042     7.00748000e-03
9.466197     7.00513000e-03
9.469352     6.85177000e-03
9.472508     6.90550000e-03
9.475666     7.20203000e-03
9.478824     7.05364000e-03
9.481984     7.18220000e-03
9.485145     7.02534000e-03
9.488306     6.77848000e-03
9.491469     7.00117000e-03
9.494633     6.93959000e-03
9.497798     7.08527000e-03
9.500964     6.91926000e-03
9.504131     6.87088000e-03
9.507299     7.00310000e-03
9.510468     6.87817000e-03
9.513638     6.88888000e-03
9.516809     7.29132000e-03
9.519982     6.86973000e-03
9.523155     7.29726000e-03
9.526329     7.04784000e-03
9.529505     7.53436000e-03
9.532681     6.81982000e-03
9.535859     6.85193000e-03
9.539037     6.93417000e-03
9.542217     6.95355000e-03
9.545398     7.02970000e-03
9.548580     6.88507000e-03
9.551763     7.10464000e-03
9.554946     7.15608000e-03
9.558131     6.84897000e-03
9.561318     6.89053000e-03
9.564505     6.91568000e-03
9.567693     7.09837000e-03
9.570882     6.90779000e-03
9.574072     6.99646000e-03
9.577264     6.99318000e-03
9.580456     7.37080000e-03
9.583650     6.89591000e-03
9.586844     7.16954000e-03
9.590040     7.01317000e-03
9.593236     6.93633000e-03
9.596434     7.27884000e-03
9.599633     6.78392000e-03
9.602833     7.31120000e-03
9.606034     7.28260000e-03
9.609236     7.04263000e-03
9.612439     6.78056000e-03
9.615643     7.00545000e-03
9.618848     7.06856000e-03
9.622055     6.91256000e-03
9.625262     6.88547000e-03
9.628470     7.25842000e-03
9.631680     6.78199000e-03
9.634890     6.96961000e-03
9.638102     6.94906000e-03
9.641315     7.07227000e-03
9.644528     6.96403000e-03
9.647743     7.09291000e-03
9.650959     6.79263000e-03
9.654176     6.92990000e-03
9.657394     6.82005000e-03
9.660613     6.98937000e-03
9.663834     7.23918000e-03
9.667055     6.96256000e-03
9.670277     6.96439000e-03
9.673501     7.06339000e-03
9.676725     7.27515000e-03
9.679951     7.21165000e-03
9.683177     7.40342000e-03
9.686405     7.08127000e-03
9.689634     6.89520000e-03
9.692864     7.12690000e-03
9.696095     7.06491000e-03
9.699327     7.14550000e-03
9.702560     7.11740000e-03
9.705794     7.22148000e-03
9.709029     7.02627000e-03
9.712266     7.01723000e-03
9.715503     7.50405000e-03
9.718742     7.00592000e-03
9.721981     6.91186000e-03
9.725222     7.35999000e-03
9.728464     6.95652000e-03
9.731706     7.14023000e-03
9.734950     7.07156000e-03
9.738195     6.98130000e-03
9.741441     7.02251000e-03
9.744688     6.83988000e-03
9.747937     7.02909000e-03
9.751186     7.00917000e-03
9.754436     7.18194000e-03
9.757688     7.26811000e-03
9.760940     6.77179000e-03
9.764194     7.10340000e-03
9.767449     6.86596000e-03
9.770705     7.07048000e-03
9.773962     7.12799000e-03
9.777220     6.89006000e-03
9.780479     7.05497000e-03
9.783739     7.25732000e-03
9.787000     7.10549000e-03
9.790262     6.96494000e-03
9.793526     7.03612000e-03
9.796790     6.99323000e-03
9.800056     7.11600000e-03
9.803323     6.95579000e-03
9.806590     6.94749000e-03
9.809859     6.97136000e-03
9.813129     7.46176000e-03
9.816400     7.48514000e-03
9.819672     7.31132000e-03
9.822946     7.09128000e-03
9.826220     6.86911000e-03
9.829495     6.95580000e-03
9.832772     7.13544000e-03
9.836049     6.87388000e-03
9.839328     6.94881000e-03
9.842608     7.11821000e-03
9.845889     6.83119000e-03
9.849171     7.17432000e-03
9.852454     7.16173000e-03
9.855738     7.09386000e-03
9.859023     7.05481000e-03
9.862309     6.94295000e-03
9.865597     6.86021000e-03
9.868885     7.07702000e-03
9.872175     7.02268000e-03
9.875466     7.00267000e-03
9.878758     7.01505000e-03
9.882051     6.92912000e-03
9.885345     7.08188000e-03
9.888640     7.22812000e-03
9.891936     7.28463000e-03
9.895233     6.99678000e-03
9.898532     7.13887000e-03
9.901831     7.01646000e-03
9.905132     7.14933000e-03
9.908433     7.04311000e-03
9.911736     7.41206000e-03
9.915040     6.95569000e-03
9.918345     6.83855000e-03
9.921651     7.06904000e-03
9.924958     7.50946000e-03
9.928267     7.27360000e-03
9.931576     7.19737000e-03
9.934887     7.03164000e-03
9.938198     6.99860000e-03
9.941511     6.91010000e-03
9.944825     7.30120000e-03
9.948140     7.02122000e-03
9.951456     7.00031000e-03
9.954773     6.80945000e-03
9.958091     6.98332000e-03
9.961411     7.02170000e-03
9.964731     7.27445000e-03
9.968053     6.93411000e-03
9.971375     6.91450000e-03
9.974699     7.17183000e-03
9.978024     6.99523000e-03
9.981350     7.02114000e-03
9.984677     7.06126000e-03
9.988005     7.39500000e-03
9.991335     6.94005000e-03
9.994665     7.05392000e-03
9.997997     7.00852000e-03
10.001330     6.85600000e-03
10.004663     7.52199000e-03
10.007998     7.02901000e-03
10.011334     6.90602000e-03
10.014671     7.10795000e-03
10.018009     6.90100000e-03
10.021349     6.95219000e-03
10.024689     7.06709000e-03
10.028031     7.18647000e-03
10.031374     7.03605000e-03
10.034717     7.14436000e-03
10.038062     7.11271000e-03
10.041408     7.34967000e-03
10.044755     7.25043000e-03
10.048104     7.18197000e-03
10.051453     7.03205000e-03
10.054804     7.28167000e-03
10.058155     7.18314000e-03
10.061508     6.98262000e-03
10.064862     7.30533000e-03
10.068217     7.11345000e-03
10.071573     6.91522000e-03
10.074930     7.51915000e-03
10.078288     7.35839000e-03
10.081648     7.36459000e-03
10.085008     7.39375000e-03
10.088370     7.18051000e-03
10.091733     7.29059000e-03
10.095097     6.90210000e-03
10.098462     6.92281000e-03
10.101828     7.07816000e-03
10.105195     7.11021000e-03
10.108563     7.14917000e-03
10.111933     6.94776000e-03
10.115303     7.16850000e-03
10.118675     7.22499000e-03
10.122048     7.03520000e-03
10.125422     6.91609000e-03
10.128797     7.03072000e-03
10.132174     7.04027000e-03
10.135551     7.06629000e-03
10.138929     7.00554000e-03
10.142309     7.13593000e-03
10.145690     6.91848000e-03
10.149072     7.22638000e-03
10.152455     7.17483000e-03
10.155839     6.91760000e-03
10.159224     6.90502000e-03
10.162611     7.15562000e-03
10.165998     7.42359000e-03
10.169387     7.06199000e-03
10.172777     7.04653000e-03
10.176168     6.99359000e-03
10.179560     7.04160000e-03
10.182953     7.10665000e-03
10.186347     7.18909000e-03
10.189743     7.07020000e-03
10.193139     7.10877000e-03
10.196537     6.99603000e-03
10.199936     7.10705000e-03
10.203336     6.94961000e-03
10.206737     7.15156000e-03
10.210139     7.04724000e-03
10.213543     7.05552000e-03
10.216947     7.24008000e-03
10.220353     7.03140000e-03
10.223759     7.22007000e-03
10.227167     7.04959000e-03
10.230576     7.29982000e-03
10.233987     6.95245000e-03
10.237398     7.01200000e-03
10.240810     7.22158000e-03
10.244224     6.99673000e-03
10.247639     6.92427000e-03
10.251055     6.99347000e-03
10.254472     7.18134000e-03
10.257890     7.25088000e-03
10.261309     7.23968000e-03
10.264729     7.16369000e-03
10.268151     7.09908000e-03
10.271574     7.03288000e-03
10.274998     7.17225000e-03
10.278423     6.89940000e-03
10.281849     6.96225000e-03
10.285276     6.85384000e-03
10.288704     7.36885000e-03
10.292134     6.97364000e-03
10.295565     7.12921000e-03
10.298997     7.11900000e-03
10.302430     7.04456000e-03
10.305864     7.20161000e-03
10.309299     7.28150000e-03
10.312736     7.08831000e-03
10.316173     7.17709000e-03
10.319612     7.15425000e-03
10.323052     6.94092000e-03
10.326493     7.46003000e-03
10.329935     7.13991000e-03
10.333378     7.41669000e-03
10.336823     7.43091000e-03
10.340268     7.04740000e-03
10.343715     6.95604000e-03
10.347163     7.10300000e-03
10.350612     7.29553000e-03
10.354062     7.31586000e-03
10.357513     7.14743000e-03
10.360966     7.21289000e-03
10.364420     7.06614000e-03
10.367874     7.19823000e-03
10.371330     7.03305000e-03
10.374788     7.06315000e-03
10.378246     7.59349000e-03
10.381705     7.07988000e-03
10.385166     7.14245000e-03
10.388628     7.06360000e-03
10.392090     7.13322000e-03
10.395554     7.15193000e-03
10.399020     7.17932000e-03
10.402486     7.14688000e-03
10.405954     6.98688000e-03
10.409422     7.20895000e-03
10.412892     6.97392000e-03
10.416363     7.26362000e-03
10.419835     7.18060000e-03
10.423308     7.05762000e-03
10.426783     7.06144000e-03
10.430258     7.14022000e-03
10.433735     7.22706000e-03
10.437213     7.07200000e-03
10.440692     6.98985000e-03
10.444172     7.10350000e-03
10.447654     7.29846000e-03
10.451136     7.16979000e-03
10.454620     7.14970000e-03
10.458105     7.33660000e-03
10.461591     7.23514000e-03
10.465078     7.08936000e-03
10.468566     7.09383000e-03
10.472056     7.08992000e-03
10.475547     7.18079000e-03
10.479038     7.48343000e-03
10.482532     7.15220000e-03
10.486026     6.99281000e-03
10.489521     7.04872000e-03
10.493018     7.32935000e-03
10.496515     7.05716000e-03
10.500014     7.22181000e-03
10.503514     7.16374000e-03
10.507015     7.01655000e-03
10.510518     7.53417000e-03
10.514021     7.38723000e-03
10.517526     7.45216000e-03
10.521031     7.44443000e-03
10.524539     7.04590000e-03
10.528047     7.19073000e-03
10.531556     7.72852000e-03
10.535067     6.93746000e-03
10.538578     7.11924000e-03
10.542091     7.21649000e-03
10.545605     7.27078000e-03
10.549120     7.34654000e-03
10.552637     7.30101000e-03
10.556154     7.32991000e-03
10.559673     7.26849000e-03
10.563193     7.02946000e-03
10.566714     7.05829000e-03
10.570236     7.29625000e-03
10.573760     7.20565000e-03
10.577284     7.26783000e-03
10.580810     7.22836000e-03
10.584337     7.30273000e-03
10.587865     7.19288000e-03
10.591394     7.00389000e-03
10.594925     7.28060000e-03
10.598456     7.54078000e-03
10.601989     7.06834000e-03
10.605523     7.56413000e-03
10.609058     7.03521000e-03
10.612595     7.53921000e-03
10.616132     7.05296000e-03
10.619671     7.57943000e-03
10.623211     7.28648000e-03
10.626752     7.19055000e-03
10.630294     7.61123000e-03
10.633838     7.06786000e-03
10.637382     7.64611000e-03
10.640928     7.67593000e-03
10.644475     7.05363000e-03
10.648023     7.25591000e-03
10.651573     7.23344000e-03
10.655123     7.14187000e-03
10.658675     7.01272000e-03
10.662228     7.46280000e-03
10.665782     7.14199000e-03
10.669337     7.42799000e-03
10.672893     6.96224000e-03
10.676451     7.02145000e-03
10.680010     7.23210000e-03
10.683570     7.10065000e-03
10.687131     6.99308000e-03
10.690693     7.07407000e-03
10.694257     7.27702000e-03
10.697822     7.00030000e-03
10.701388     7.26524000e-03
10.704955     7.62768000e-03
10.708523     6.98282000e-03
10.712093     7.43236000e-03
10.715663     7.04717000e-03
10.719235     7.54882000e-03
10.722808     7.56383000e-03
10.726383     7.36667000e-03
10.729958     7.04546000e-03
10.733535     7.14497000e-03
10.737113     7.16697000e-03
10.740692     7.02713000e-03
10.744272     7.41729000e-03
10.747853     7.27096000e-03
10.751436     7.65685000e-03
10.755020     7.40702000e-03
10.758605     7.20202000e-03
10.762191     7.12171000e-03
10.765778     7.25427000e-03
10.769367     7.23763000e-03
10.772957     7.30616000e-03
10.776548     7.20146000e-03
10.780140     7.04798000e-03
10.783733     7.02374000e-03
10.787328     7.49985000e-03
10.790924     7.25097000e-03
10.794521     7.20757000e-03
10.798119     7.03104000e-03
10.801718     7.20137000e-03
10.805319     7.19076000e-03
10.808920     7.28159000e-03
10.812523     7.01382000e-03
10.816128     6.96810000e-03
10.819733     7.50761000e-03
10.823339     6.98297000e-03
10.826947     7.03398000e-03
10.830556     7.25306000e-03
10.834167     7.43517000e-03
10.837778     7.15622000e-03
10.841390     7.15871000e-03
10.845004     7.61881000e-03
10.848619     7.37414000e-03
10.852236     7.06287000e-03
10.855853     7.58222000e-03
10.859471     7.13358000e-03
10.863091     7.14185000e-03
10.866712     7.62689000e-03
10.870335     7.15191000e-03
10.873958     7.22744000e-03
10.877583     7.00558000e-03
10.881208     7.27410000e-03
10.884836     7.17818000e-03
10.888464     7.58838000e-03
10.892093     7.10840000e-03
10.895724     6.97172000e-03
10.899356     7.06600000e-03
10.902989     7.64926000e-03
10.906623     7.70763000e-03
10.910259     7.29752000e-03
10.913896     7.77361000e-03
10.917534     7.11393000e-03
10.921173     7.15283000e-03
10.924813     7.02713000e-03
10.928455     7.01706000e-03
10.932098     7.20981000e-03
10.935742     7.18678000e-03
10.939387     7.11831000e-03
10.943033     7.32532000e-03
10.946681     6.98613000e-03
10.950330     7.46851000e-03
10.953980     7.23165000e-03
10.957631     7.07034000e-03
10.961284     6.94904000e-03
10.964938     7.37206000e-03
10.968593     6.95713000e-03
10.972249     7.08433000e-03
10.975906     7.16408000e-03
10.979565     7.21314000e-03
10.983225     7.71735000e-03
10.986886     7.08481000e-03
10.990548     7.13327000e-03
10.994212     7.11861000e-03
10.997876     7.32813000e-03
11.001542     7.23816000e-03
11.005210     7.52832000e-03
11.008878     7.47816000e-03
11.012548     7.26322000e-03
11.016219     7.15314000e-03
11.019891     7.27009000e-03
11.023564     7.07535000e-03
11.027238     7.59800000e-03
11.030914     7.12808000e-03
11.034591     7.11694000e-03
11.038269     7.36350000e-03
11.041949     7.38321000e-03
11.045629     7.16796000e-03
11.049311     7.08954000e-03
11.052994     7.10387000e-03
11.056679     7.09399000e-03
11.060364     7.05495000e-03
11.064051     7.41773000e-03
11.067739     7.72728000e-03
11.071428     7.40322000e-03
11.075119     7.11940000e-03
11.078810     7.17448000e-03
11.082503     7.21336000e-03
11.086198     7.37802000e-03
11.089893     7.39919000e-03
11.093590     7.58372000e-03
11.097287     7.41630000e-03
11.100986     7.72747000e-03
11.104687     7.21684000e-03
11.108388     7.32075000e-03
11.112091     7.14636000e-03
11.115795     7.27390000e-03
11.119500     7.33171000e-03
11.123207     7.21119000e-03
11.126915     7.04159000e-03
11.130624     7.25828000e-03
11.134334     7.39994000e-03
11.138045     7.29943000e-03
11.141758     6.99600000e-03
11.145472     7.16826000e-03
11.149187     7.32302000e-03
11.152904     6.98132000e-03
11.156621     7.04555000e-03
11.160340     7.11452000e-03
11.164060     7.24413000e-03
11.167782     7.35665000e-03
11.171504     7.13608000e-03
11.175228     7.36767000e-03
11.178953     7.65864000e-03
11.182679     7.18301000e-03
11.186407     7.81981000e-03
11.190136     7.42908000e-03
11.193866     7.26943000e-03
11.197597     7.40621000e-03
11.201330     7.67426000e-03
11.205063     7.21239000e-03
11.208798     7.48516000e-03
11.212535     7.30178000e-03
11.216272     7.07213000e-03
11.220011     7.37101000e-03
11.223751     7.38001000e-03
11.227492     7.43618000e-03
11.231235     7.44164000e-03
11.234978     7.35948000e-03
11.238723     7.24122000e-03
11.242470     7.15178000e-03
11.246217     7.57037000e-03
11.249966     7.23138000e-03
11.253716     7.46824000e-03
11.257467     7.48757000e-03
11.261220     7.55604000e-03
11.264973     7.07407000e-03
11.268728     7.78879000e-03
11.272484     7.19687000e-03
11.276242     7.38322000e-03
11.280001     7.21706000e-03
11.283761     7.10842000e-03
11.287522     7.59151000e-03
11.291285     7.39428000e-03
11.295048     7.36447000e-03
11.298813     7.23165000e-03
11.302580     7.20297000e-03
11.306347     7.30137000e-03
11.310116     7.05359000e-03
11.313886     7.03283000e-03
11.317657     7.51922000e-03
11.321430     7.11279000e-03
11.325204     7.49201000e-03
11.328979     7.05991000e-03
11.332755     7.22630000e-03
11.336533     7.12962000e-03
11.340311     7.48185000e-03
11.344091     7.17839000e-03
11.347873     7.16502000e-03
11.351655     7.12566000e-03
11.355439     7.28482000e-03
11.359225     7.31419000e-03
11.363011     7.21360000e-03
11.366799     7.15618000e-03
11.370588     7.33796000e-03
11.374378     7.13353000e-03
11.378169     7.16390000e-03
11.381962     7.33906000e-03
11.385756     7.49881000e-03
11.389551     7.34421000e-03
11.393348     7.47790000e-03
11.397146     7.19553000e-03
11.400944     7.36258000e-03
11.404745     7.13453000e-03
11.408546     7.31098000e-03
11.412349     7.26090000e-03
11.416153     7.19602000e-03
11.419959     7.13363000e-03
11.423765     7.29831000e-03
11.427573     7.16666000e-03
11.431382     7.19779000e-03
11.435193     7.25869000e-03
11.439005     7.46132000e-03
11.442818     7.42255000e-03
11.446632     7.24469000e-03
11.450447     7.41621000e-03
11.454264     7.55493000e-03
11.458082     7.28838000e-03
11.461902     7.26835000e-03
11.465722     7.12616000e-03
11.469544     7.20511000e-03
11.473368     7.31178000e-03
11.477192     7.18492000e-03
11.481018     7.35841000e-03
11.484845     7.21227000e-03
11.488673     7.08108000e-03
11.492503     7.16845000e-03
11.496333     7.44329000e-03
11.500165     7.11676000e-03
11.503999     7.53072000e-03
11.507834     7.11115000e-03
11.511669     7.43200000e-03
11.515507     7.24573000e-03
11.519345     7.36189000e-03
11.523185     7.57656000e-03
11.527026     8.50279000e-03
11.530868     7.24406000e-03
11.534712     7.63106000e-03
11.538557     7.12967000e-03
11.542403     7.11866000e-03
11.546251     7.64849000e-03
11.550099     7.42678000e-03
11.553949     7.44234000e-03
11.557801     7.27248000e-03
11.561653     7.21060000e-03
11.565507     7.60452000e-03
11.569362     7.11118000e-03
11.573219     7.43755000e-03
11.577077     7.16986000e-03
11.580936     7.23587000e-03
11.584796     7.52839000e-03
11.588658     7.13235000e-03
11.592520     7.18983000e-03
11.596384     7.53295000e-03
11.600250     7.19375000e-03
11.604117     7.35321000e-03
11.607985     7.45486000e-03
11.611854     7.40208000e-03
11.615725     7.39156000e-03
11.619597     7.41192000e-03
11.623470     7.08230000e-03
11.627344     7.65775000e-03
11.631220     7.03699000e-03
11.635097     7.31266000e-03
11.638976     7.50591000e-03
11.642855     7.21057000e-03
11.646736     7.64137000e-03
11.650618     7.46850000e-03
11.654502     7.25101000e-03
11.658387     7.28409000e-03
11.662273     7.46964000e-03
11.666160     7.53438000e-03
11.670049     7.53931000e-03
11.673939     7.72270000e-03
11.677830     7.45356000e-03
11.681723     7.14662000e-03
11.685617     7.29320000e-03
11.689512     7.13632000e-03
11.693409     7.41732000e-03
11.697306     7.30099000e-03
11.701206     7.23187000e-03
11.705106     7.36865000e-03
11.709008     7.42608000e-03
11.712911     7.72576000e-03
11.716815     7.36558000e-03
11.720721     7.27855000e-03
11.724627     7.74363000e-03
11.728536     7.39296000e-03
11.732445     7.59728000e-03
11.736356     7.24891000e-03
11.740268     7.25043000e-03
11.744181     7.40768000e-03
11.748096     7.24236000e-03
11.752012     7.34497000e-03
11.755930     7.11867000e-03
11.759848     7.21829000e-03
11.763768     7.27868000e-03
11.767689     7.16321000e-03
11.771612     7.15943000e-03
11.775536     7.22532000e-03
11.779461     7.34933000e-03
11.783388     7.33658000e-03
11.787315     7.16255000e-03
11.791244     7.38162000e-03
11.795175     7.51666000e-03
11.799107     7.14876000e-03
11.803040     7.20909000e-03
11.806974     7.35534000e-03
11.810910     7.28318000e-03
11.814847     7.25980000e-03
11.818785     7.25863000e-03
11.822724     7.22215000e-03
11.826665     7.20262000e-03
11.830608     7.37818000e-03
11.834551     7.39796000e-03
11.838496     7.36604000e-03
11.842442     7.33316000e-03
11.846390     7.26045000e-03
11.850338     7.57663000e-03
11.854289     7.59075000e-03
11.858240     7.64269000e-03
11.862193     7.13383000e-03
11.866147     7.35377000e-03
11.870102     7.22713000e-03
11.874059     7.26978000e-03
11.878017     7.11570000e-03
11.881976     7.22513000e-03
11.885937     7.16570000e-03
11.889899     7.18963000e-03
11.893862     7.34549000e-03
11.897827     7.49315000e-03
11.901793     7.28977000e-03
11.905760     7.12618000e-03
11.909729     7.38307000e-03
11.913699     7.35448000e-03
11.917670     7.46026000e-03
11.921642     7.32026000e-03
11.925616     7.38078000e-03
11.929591     7.41723000e-03
11.933568     7.57952000e-03
11.937546     7.43625000e-03
11.941525     7.12754000e-03
11.945505     7.16796000e-03
11.949487     7.09592000e-03
11.953470     7.04843000e-03
11.957455     7.30218000e-03
11.961441     7.37767000e-03
11.965428     7.47636000e-03
11.969416     7.61778000e-03
11.973406     7.61158000e-03
11.977397     7.47840000e-03
11.981390     7.70375000e-03
11.985384     7.33729000e-03
11.989379     7.37952000e-03
11.993375     7.62308000e-03
11.997373     7.36213000e-03
12.001372     7.79014000e-03
12.005373     7.18923000e-03
12.009374     7.31953000e-03
12.013378     7.22120000e-03
12.017382     7.18380000e-03
12.021388     7.39939000e-03
12.025395     7.65294000e-03
12.029403     7.44251000e-03
12.033413     7.11254000e-03
12.037424     7.46002000e-03
12.041437     7.14283000e-03
12.045450     7.09311000e-03
12.049466     7.13785000e-03
12.053482     7.72494000e-03
12.057500     7.22778000e-03
12.061519     7.55202000e-03
12.065540     7.42530000e-03
12.069562     7.25302000e-03
12.073585     7.27959000e-03
12.077609     7.26736000e-03
12.081635     7.62456000e-03
12.085662     7.29021000e-03
12.089691     7.27523000e-03
12.093721     7.10617000e-03
12.097752     7.18471000e-03
12.101785     7.10287000e-03
12.105818     7.28962000e-03
12.109854     7.45526000e-03
12.113890     7.27196000e-03
12.117928     7.32082000e-03
12.121968     7.54113000e-03
12.126008     7.82246000e-03
12.130050     7.55053000e-03
12.134094     7.44940000e-03
12.138138     7.27399000e-03
12.142184     7.24284000e-03
12.146232     7.18027000e-03
12.150281     7.13994000e-03
12.154331     7.54633000e-03
12.158382     7.24070000e-03
12.162435     7.34676000e-03
12.166489     7.22815000e-03
12.170545     7.48245000e-03
12.174601     7.16093000e-03
12.178660     7.12196000e-03
12.182719     7.16527000e-03
12.186780     7.82347000e-03
12.190842     7.35728000e-03
12.194906     7.25539000e-03
12.198971     7.36916000e-03
12.203037     7.18851000e-03
12.207105     7.11753000e-03
12.211174     7.46763000e-03
12.215244     7.15885000e-03
12.219316     7.29971000e-03
12.223389     7.24005000e-03
12.227464     7.39734000e-03
12.231540     7.30827000e-03
12.235617     7.39736000e-03
12.239695     7.47404000e-03
12.243775     7.22559000e-03
12.247856     7.18487000e-03
12.251939     7.31143000e-03
12.256023     7.19107000e-03
12.260108     7.24149000e-03
12.264195     7.48999000e-03
12.268283     7.50031000e-03
12.272372     7.16684000e-03
12.276463     7.40882000e-03
12.280555     7.20340000e-03
12.284649     7.73612000e-03
12.288744     7.89935000e-03
12.292840     7.11673000e-03
12.296938     7.21970000e-03
12.301037     7.28862000e-03
12.305137     7.16828000e-03
12.309239     7.43040000e-03
12.313342     7.53850000e-03
12.317446     7.29075000e-03
12.321552     7.28636000e-03
12.325659     7.78477000e-03
12.329768     7.15470000e-03
12.333878     7.62862000e-03
12.337989     7.67459000e-03
12.342102     7.13795000e-03
12.346216     7.60985000e-03
12.350331     7.23444000e-03
12.354448     7.54310000e-03
12.358566     7.50415000e-03
12.362686     7.33683000e-03
12.366806     7.56575000e-03
12.370929     7.38336000e-03
12.375052     7.45255000e-03
12.379177     7.62635000e-03
12.383304     7.36801000e-03
12.387432     7.41270000e-03
12.391561     7.18534000e-03
12.395691     7.66279000e-03
12.399823     7.29396000e-03
12.403956     7.74657000e-03
12.408091     7.51748000e-03
12.412227     7.52377000e-03
12.416365     7.58345000e-03
12.420503     7.16486000e-03
12.424643     7.43546000e-03
12.428785     7.88256000e-03
12.432928     7.65581000e-03
12.437072     7.14201000e-03
12.441218     7.52558000e-03
12.445365     7.77917000e-03
12.449514     7.31692000e-03
12.453663     7.43172000e-03
12.457814     7.12555000e-03
12.461967     7.56795000e-03
12.466121     7.49217000e-03
12.470277     7.29864000e-03
12.474433     7.18645000e-03
12.478591     7.74338000e-03
12.482751     7.23987000e-03
12.486912     7.30406000e-03
12.491074     7.72991000e-03
12.495238     7.25768000e-03
12.499403     7.65740000e-03
12.503569     7.26472000e-03
12.507737     7.28421000e-03
12.511907     7.62705000e-03
12.516077     7.41273000e-03
12.520249     7.67590000e-03
12.524423     7.46478000e-03
12.528597     7.41703000e-03
12.532774     7.22764000e-03
12.536951     7.59653000e-03
12.541130     7.40479000e-03
12.545310     7.31264000e-03
12.549492     7.34830000e-03
12.553675     7.39105000e-03
12.557860     7.31622000e-03
12.562046     7.39889000e-03
12.566233     7.34675000e-03
12.570422     7.65898000e-03
12.574612     7.25759000e-03
12.578804     7.45091000e-03
12.582997     7.33064000e-03
12.587191     7.48994000e-03
12.591387     7.41100000e-03
12.595584     7.24645000e-03
12.599782     7.43795000e-03
12.603982     7.17579000e-03
12.608184     7.64080000e-03
12.612386     7.49113000e-03
12.616590     7.53104000e-03
12.620796     7.33061000e-03
12.625003     7.23107000e-03
12.629211     7.39578000e-03
12.633421     7.22700000e-03
12.637632     7.15707000e-03
12.641845     7.77452000e-03
12.646059     7.21889000e-03
12.650274     7.44089000e-03
12.654491     7.31367000e-03
12.658709     7.83802000e-03
12.662928     7.47302000e-03
12.667150     7.63886000e-03
12.671372     7.36282000e-03
12.675596     7.40382000e-03
12.679821     7.53691000e-03
12.684048     7.83709000e-03
12.688275     7.36074000e-03
12.692505     7.52071000e-03
12.696736     7.63698000e-03
12.700968     7.77823000e-03
12.705202     7.67688000e-03
12.709437     7.23815000e-03
12.713673     7.42322000e-03
12.717911     7.63155000e-03
12.722150     7.28024000e-03
12.726391     7.27202000e-03
12.730633     7.82056000e-03
12.734877     7.29078000e-03
12.739122     7.36297000e-03
12.743368     7.19723000e-03
12.747616     7.44394000e-03
12.751865     7.49382000e-03
12.756116     7.61521000e-03
12.760368     7.54459000e-03
12.764621     7.30708000e-03
12.768876     7.36259000e-03
12.773132     7.69256000e-03
12.777390     7.44831000e-03
12.781649     7.47776000e-03
12.785910     7.68099000e-03
12.790172     7.38861000e-03
12.794435     7.34982000e-03
12.798700     7.25192000e-03
12.802966     7.25689000e-03
12.807234     7.66390000e-03
12.811503     7.30467000e-03
12.815773     7.75965000e-03
12.820045     7.24588000e-03
12.824319     7.36488000e-03
12.828594     7.26762000e-03
12.832870     7.32947000e-03
12.837147     7.42052000e-03
12.841426     7.39231000e-03
12.845707     7.41703000e-03
12.849989     7.20861000e-03
12.854272     7.55387000e-03
12.858557     7.43734000e-03
12.862843     7.19839000e-03
12.867131     7.47297000e-03
12.871420     7.16259000e-03
12.875710     7.22557000e-03
12.880002     7.33520000e-03
12.884295     7.24449000e-03
12.888590     7.15680000e-03
12.892886     7.31070000e-03
12.897184     7.33963000e-03
12.901483     7.67843000e-03
12.905784     7.53153000e-03
12.910085     7.44038000e-03
12.914389     7.35394000e-03
12.918694     7.39844000e-03
12.923000     7.75366000e-03
12.927307     7.62846000e-03
12.931617     7.42149000e-03
12.935927     7.28716000e-03
12.940239     7.29817000e-03
12.944553     7.44981000e-03
12.948867     7.43821000e-03
12.953184     7.25925000e-03
12.957501     7.86336000e-03
12.961820     7.34846000e-03
12.966141     7.24186000e-03
12.970463     7.66447000e-03
12.974787     7.22195000e-03
12.979112     7.33961000e-03
12.983438     7.34498000e-03
12.987766     7.34769000e-03
12.992095     7.26650000e-03
12.996426     7.16672000e-03
13.000758     7.25893000e-03
13.005092     7.43010000e-03
13.009427     7.72600000e-03
13.013763     7.44796000e-03
13.018101     7.47439000e-03
13.022440     7.60455000e-03
13.026781     7.87582000e-03
13.031123     7.36999000e-03
13.035467     7.73054000e-03
13.039812     7.60448000e-03
13.044159     7.46749000e-03
13.048507     7.17768000e-03
13.052856     7.73147000e-03
13.057207     7.29074000e-03
13.061560     7.24721000e-03
13.065914     7.49001000e-03
13.070269     7.24221000e-03
13.074626     7.50124000e-03
13.078984     7.29027000e-03
13.083343     7.16196000e-03
13.087705     7.48251000e-03
13.092067     7.71928000e-03
13.096431     7.70689000e-03
13.100797     7.30933000e-03
13.105164     7.23079000e-03
13.109532     7.47004000e-03
13.113902     7.35478000e-03
13.118273     7.43406000e-03
13.122646     7.48019000e-03
13.127020     7.43965000e-03
13.131396     7.40614000e-03
13.135773     7.35475000e-03
13.140151     7.59449000e-03
13.144532     7.27486000e-03
13.148913     7.59638000e-03
13.153296     7.45205000e-03
13.157680     7.82100000e-03
13.162066     7.32148000e-03
13.166454     7.23729000e-03
13.170842     7.74730000e-03
13.175233     7.58348000e-03
13.179625     7.57380000e-03
13.184018     7.51825000e-03
13.188413     7.24040000e-03
13.192809     7.19732000e-03
13.197206     7.29007000e-03
13.201605     7.18841000e-03
13.206006     7.58937000e-03
13.210408     7.74166000e-03
13.214811     7.49843000e-03
13.219216     7.62616000e-03
13.223623     7.40218000e-03
13.228030     7.41881000e-03
13.232440     7.43490000e-03
13.236851     7.61729000e-03
13.241263     7.81866000e-03
13.245677     7.30619000e-03
13.250092     7.44335000e-03
13.254509     7.42149000e-03
13.258927     7.73122000e-03
13.263346     7.32186000e-03
13.267767     7.78448000e-03
13.272190     7.84076000e-03
13.276614     7.60743000e-03
13.281040     7.40900000e-03
13.285467     7.77001000e-03
13.289895     7.34596000e-03
13.294325     7.53742000e-03
13.298757     7.34787000e-03
13.303190     7.54469000e-03
13.307624     7.69664000e-03
13.312060     7.42190000e-03
13.316497     7.45706000e-03
13.320936     7.72569000e-03
13.325376     7.36497000e-03
13.329818     7.64867000e-03
13.334261     7.46607000e-03
13.338706     7.65656000e-03
13.343152     7.67007000e-03
13.347600     7.40749000e-03
13.352049     7.29941000e-03
13.356500     7.34874000e-03
13.360952     7.24661000e-03
13.365406     7.70926000e-03
13.369861     7.63126000e-03
13.374318     7.30202000e-03
13.378776     7.47062000e-03
13.383235     7.82493000e-03
13.387696     7.30348000e-03
13.392159     7.78018000e-03
13.396623     7.21405000e-03
13.401089     7.59609000e-03
13.405556     7.63742000e-03
13.410024     7.31089000e-03
13.414494     7.30642000e-03
13.418966     7.57822000e-03
13.423438     7.41417000e-03
13.427913     7.35599000e-03
13.432389     7.39377000e-03
13.436866     7.53165000e-03
13.441345     7.36493000e-03
13.445826     8.02567000e-03
13.450308     7.23147000e-03
13.454791     7.58427000e-03
13.459276     7.45815000e-03
13.463763     7.39484000e-03
13.468250     7.39540000e-03
13.472740     7.28806000e-03
13.477231     7.41299000e-03
13.481723     7.30339000e-03
13.486217     7.62462000e-03
13.490713     7.41844000e-03
13.495209     7.25641000e-03
13.499708     7.31108000e-03
13.504208     7.57439000e-03
13.508709     7.53214000e-03
13.513212     7.22824000e-03
13.517717     7.64493000e-03
13.522222     7.50260000e-03
13.526730     7.25557000e-03
13.531239     7.41862000e-03
13.535749     7.55109000e-03
13.540261     7.47883000e-03
13.544774     7.64611000e-03
13.549289     8.04143000e-03
13.553806     7.65618000e-03
13.558324     7.36631000e-03
13.562843     7.65943000e-03
13.567364     7.30968000e-03
13.571887     7.51917000e-03
13.576410     7.42998000e-03
13.580936     7.22971000e-03
13.585463     7.45574000e-03
13.589992     7.54197000e-03
13.594522     7.43970000e-03
13.599053     7.77199000e-03
13.603586     7.40860000e-03
13.608121     7.33616000e-03
13.612657     7.51604000e-03
13.617194     7.48631000e-03
13.621733     7.24038000e-03
13.626274     7.45354000e-03
13.630816     7.65253000e-03
13.635359     7.54245000e-03
13.639905     7.56741000e-03
13.644451     7.41444000e-03
13.648999     7.22105000e-03
13.653549     7.66509000e-03
13.658100     7.43637000e-03
13.662653     7.62656000e-03
13.667207     7.51813000e-03
13.671763     7.50146000e-03
13.676320     7.39030000e-03
13.680879     7.42479000e-03
13.685439     7.30474000e-03
13.690001     7.32719000e-03
13.694564     8.03355000e-03
13.699129     7.59703000e-03
13.703696     7.30701000e-03
13.708263     7.45521000e-03
13.712833     7.66606000e-03
13.717404     7.59108000e-03
13.721976     7.44710000e-03
13.726550     7.41207000e-03
13.731126     7.62641000e-03
13.735703     7.36097000e-03
13.740281     7.45170000e-03
13.744862     7.84652000e-03
13.749443     7.58522000e-03
13.754026     7.39076000e-03
13.758611     7.62962000e-03
13.763197     7.44517000e-03
13.767785     7.51343000e-03
13.772374     7.61751000e-03
13.776965     7.74598000e-03
13.781557     7.23070000e-03
13.786151     7.39179000e-03
13.790746     7.39735000e-03
13.795343     7.51541000e-03
13.799942     7.44513000e-03
13.804542     7.32849000e-03
13.809143     7.64795000e-03
13.813746     7.30164000e-03
13.818351     7.59773000e-03
13.822957     7.89525000e-03
13.827565     7.67661000e-03
13.832174     7.48537000e-03
13.836785     7.47196000e-03
13.841397     7.55661000e-03
13.846011     7.43347000e-03
13.850626     7.28838000e-03
13.855243     8.13927000e-03
13.859861     7.39862000e-03
13.864481     7.65438000e-03
13.869103     7.42745000e-03
13.873726     7.53820000e-03
13.878350     7.48673000e-03
13.882976     7.38511000e-03
13.887604     7.40547000e-03
13.892233     7.75471000e-03
13.896864     7.58626000e-03
13.901496     7.28197000e-03
13.906130     7.35980000e-03
13.910766     7.35198000e-03
13.915403     7.38401000e-03
13.920041     7.41232000e-03
13.924681     7.35662000e-03
13.929323     7.75104000e-03
13.933966     7.28386000e-03
13.938610     7.46615000e-03
13.943257     7.72151000e-03
13.947904     7.80038000e-03
13.952554     7.36355000e-03
13.957204     7.47929000e-03
13.961857     7.82232000e-03
13.966511     7.39605000e-03
13.971166     7.70085000e-03
13.975823     7.48922000e-03
13.980482     7.43029000e-03
13.985142     7.38258000e-03
13.989804     7.99295000e-03
13.994467     7.40240000e-03
13.999132     7.45208000e-03
14.003798     7.50692000e-03
14.008466     7.59010000e-03
14.013136     7.50569000e-03
14.017807     7.71667000e-03
14.022479     7.43342000e-03
14.027154     7.29285000e-03
14.031829     7.36039000e-03
14.036506     7.44502000e-03
14.041185     7.51935000e-03
14.045866     7.33190000e-03
14.050548     7.59977000e-03
14.055231     7.66909000e-03
14.059916     7.74328000e-03
14.064603     7.58762000e-03
14.069291     7.29815000e-03
14.073981     7.43657000e-03
14.078672     7.46830000e-03
14.083365     7.28695000e-03
14.088060     7.32809000e-03
14.092756     7.30824000e-03
14.097453     7.37532000e-03
14.102152     7.62959000e-03
14.106853     7.59243000e-03
14.111555     7.40451000e-03
14.116259     7.92852000e-03
14.120965     7.49161000e-03
14.125672     7.55210000e-03
14.130380     7.34912000e-03
14.135090     7.90033000e-03
14.139802     7.56575000e-03
14.144515     7.29272000e-03
14.149230     7.61633000e-03
14.153946     7.49244000e-03
14.158665     7.60338000e-03
14.163384     7.89971000e-03
14.168105     7.46498000e-03
14.172828     7.41290000e-03
14.177552     7.74662000e-03
14.182278     7.69261000e-03
14.187005     7.36031000e-03
14.191734     7.63563000e-03
14.196465     7.57285000e-03
14.201197     7.77102000e-03
14.205931     7.58478000e-03
14.210666     8.08938000e-03
14.215403     7.45015000e-03
14.220142     7.64769000e-03
14.224882     7.40999000e-03
14.229623     7.52220000e-03
14.234367     7.47330000e-03
14.239111     7.45627000e-03
14.243858     7.41916000e-03
14.248606     7.67953000e-03
14.253355     7.53353000e-03
14.258106     7.70317000e-03
14.262859     7.57149000e-03
14.267613     7.60434000e-03
14.272369     7.40100000e-03
14.277126     7.34751000e-03
14.281886     7.48211000e-03
14.286646     7.40208000e-03
14.291408     7.39301000e-03
14.296172     7.87624000e-03
14.300938     7.30978000e-03
14.305705     7.40057000e-03
14.310473     7.36059000e-03
14.315243     7.49451000e-03
14.320015     7.50570000e-03
14.324788     7.86437000e-03
14.329563     7.84170000e-03
14.334340     7.47974000e-03
14.339118     7.35637000e-03
14.343898     7.67280000e-03
14.348679     7.39440000e-03
14.353462     7.85923000e-03
14.358246     7.60056000e-03
14.363032     7.53579000e-03
14.367820     7.38225000e-03
14.372609     7.44268000e-03
14.377400     7.52920000e-03
14.382193     7.73397000e-03
14.386987     7.41340000e-03
14.391782     7.43741000e-03
14.396580     7.40927000e-03
14.401379     7.64701000e-03
14.406179     7.32709000e-03
14.410981     7.54211000e-03
14.415785     7.35829000e-03
14.420590     7.30416000e-03
14.425397     7.71561000e-03
14.430205     7.47067000e-03
14.435015     7.49123000e-03
14.439827     7.65600000e-03
14.444640     7.39415000e-03
14.449455     7.65797000e-03
14.454272     7.53645000e-03
14.459090     7.41315000e-03
14.463909     8.01284000e-03
14.468731     7.46761000e-03
14.473554     7.60360000e-03
14.478378     7.77123000e-03
14.483204     7.62207000e-03
14.488032     7.84585000e-03
14.492861     7.65738000e-03
14.497692     7.70305000e-03
14.502525     7.30827000e-03
14.507359     7.93337000e-03
14.512195     7.38860000e-03
14.517032     7.59358000e-03
14.521871     7.35986000e-03
14.526712     7.72368000e-03
14.531554     7.39657000e-03
14.536398     7.53609000e-03
14.541244     7.60039000e-03
14.546091     7.91455000e-03
14.550939     7.47871000e-03
14.555790     7.68566000e-03
14.560641     7.37379000e-03
14.565495     7.51447000e-03
14.570350     7.44544000e-03
14.575207     7.42483000e-03
14.580065     7.51769000e-03
14.584926     7.51030000e-03
14.589787     7.98116000e-03
14.594650     7.36462000e-03
14.599515     7.37664000e-03
14.604382     7.32272000e-03
14.609250     7.60271000e-03
14.614120     7.51134000e-03
14.618991     7.30160000e-03
14.623864     7.89701000e-03
14.628739     7.41953000e-03
14.633615     7.43741000e-03
14.638493     7.46756000e-03
14.643372     7.66114000e-03
14.648253     7.63983000e-03
14.653136     7.54040000e-03
14.658020     7.77760000e-03
14.662907     7.77296000e-03
14.667794     7.52446000e-03
14.672683     7.42773000e-03
14.677574     7.49330000e-03
14.682467     7.50198000e-03
14.687361     7.81158000e-03
14.692257     7.59903000e-03
14.697154     7.96286000e-03
14.702053     7.97316000e-03
14.706954     7.40173000e-03
14.711856     7.63985000e-03
14.716760     7.35385000e-03
14.721666     7.47642000e-03
14.726573     7.55601000e-03
14.731482     7.35098000e-03
14.736392     7.49187000e-03
14.741305     7.48191000e-03
14.746218     7.57002000e-03
14.751134     7.40508000e-03
14.756051     7.35362000e-03
14.760969     7.48130000e-03
14.765890     7.66397000e-03
14.770812     7.47991000e-03
14.775735     7.73774000e-03
14.780660     7.69455000e-03
14.785587     7.55651000e-03
14.790516     7.69486000e-03
14.795446     7.75953000e-03
14.800378     7.45070000e-03
14.805311     7.44742000e-03
14.810246     7.45015000e-03
14.815183     7.29525000e-03
14.820122     7.37831000e-03
14.825062     7.97126000e-03
14.830003     7.54622000e-03
14.834947     7.60045000e-03
14.839892     7.34836000e-03
14.844838     7.52793000e-03
14.849787     7.45372000e-03
14.854736     7.66883000e-03
14.859688     7.49300000e-03
14.864641     7.79147000e-03
14.869596     7.55079000e-03
14.874553     7.55924000e-03
14.879511     7.41255000e-03
14.884471     7.58578000e-03
14.889432     7.53248000e-03
14.894395     7.71078000e-03
14.899360     7.66745000e-03
14.904327     7.51794000e-03
14.909295     7.69005000e-03
14.914264     7.62721000e-03
14.919236     7.59116000e-03
14.924209     7.63875000e-03
14.929184     7.47070000e-03
14.934160     7.82010000e-03
14.939138     7.39789000e-03
14.944118     7.40877000e-03
14.949099     7.33195000e-03
14.954082     7.55113000e-03
14.959067     7.38568000e-03
14.964053     7.43583000e-03
14.969041     7.68924000e-03
14.974031     7.70370000e-03
14.979022     7.60212000e-03
14.984015     7.45189000e-03
14.989010     7.56353000e-03
14.994006     8.03793000e-03
14.999004     7.49356000e-03
15.004004     7.53836000e-03
15.009005     7.44740000e-03
15.014008     7.41270000e-03
15.019013     7.36475000e-03
15.024019     7.61371000e-03
15.029027     7.49997000e-03
15.034037     7.69103000e-03
15.039048     7.41359000e-03
15.044061     7.43689000e-03
15.049076     7.88209000e-03
15.054092     7.50887000e-03
15.059110     7.47529000e-03
15.064130     7.64336000e-03
15.069152     7.45564000e-03
15.074175     7.48332000e-03
15.079199     7.33322000e-03
15.084226     7.81190000e-03
15.089254     7.35777000e-03
15.094284     7.72930000e-03
15.099315     7.53306000e-03
15.104348     7.51107000e-03
15.109383     7.74235000e-03
15.114419     7.67288000e-03
15.119457     7.45993000e-03
15.124497     7.89114000e-03
15.129539     7.59684000e-03
15.134582     7.74027000e-03
15.139627     7.36268000e-03
15.144673     7.61110000e-03
15.149722     7.50381000e-03
15.154772     7.60232000e-03
15.159823     7.46267000e-03
15.164876     7.70135000e-03
15.169931     7.83327000e-03
15.174988     7.61412000e-03
15.180046     7.52417000e-03
15.185106     7.78223000e-03
15.190168     7.57548000e-03
15.195232     7.56012000e-03
15.200297     7.43178000e-03
15.205363     7.68272000e-03
15.210432     7.38600000e-03
15.215502     7.40715000e-03
15.220574     7.43047000e-03
15.225647     7.54419000e-03
15.230723     7.45304000e-03
15.235799     7.69383000e-03
15.240878     7.38356000e-03
15.245958     7.49405000e-03
15.251040     7.44817000e-03
15.256124     7.93978000e-03
15.261209     7.52018000e-03
15.266296     7.50862000e-03
15.271385     7.61722000e-03
15.276476     7.46095000e-03
15.281568     7.35749000e-03
15.286662     7.62745000e-03
15.291757     7.49066000e-03
15.296855     7.53149000e-03
15.301953     7.80358000e-03
15.307054     7.53558000e-03
15.312156     7.84472000e-03
15.317260     7.84421000e-03
15.322366     7.81117000e-03
15.327474     7.43872000e-03
15.332583     7.39749000e-03
15.337694     7.41129000e-03
15.342806     7.68311000e-03
15.347921     7.50284000e-03
15.353036     7.41010000e-03
15.358154     7.36838000e-03
15.363274     7.88444000e-03
15.368395     7.69579000e-03
15.373518     7.53490000e-03
15.378642     7.67614000e-03
15.383768     7.62124000e-03
15.388896     7.52293000e-03
15.394026     7.57597000e-03
15.399157     7.60284000e-03
15.404290     7.41237000e-03
15.409425     7.53438000e-03
15.414561     7.52684000e-03
15.419700     7.63996000e-03
15.424839     7.61741000e-03
15.429981     7.43912000e-03
15.435124     7.71366000e-03
15.440269     7.62497000e-03
15.445416     7.96806000e-03
15.450565     7.86618000e-03
15.455715     7.57892000e-03
15.460867     7.87003000e-03
15.466020     7.63928000e-03
15.471176     7.47784000e-03
15.476333     7.46415000e-03
15.481492     7.49845000e-03
15.486652     7.56123000e-03
15.491814     7.39757000e-03
15.496978     7.49389000e-03
15.502144     7.72230000e-03
15.507311     7.41661000e-03
15.512480     7.40519000e-03
15.517651     7.72281000e-03
15.522824     7.56324000e-03
15.527998     7.93446000e-03
15.533174     7.42432000e-03
15.538352     7.37267000e-03
15.543531     7.40649000e-03
15.548712     7.45435000e-03
15.553895     7.62338000e-03
15.559080     7.46651000e-03
15.564266     7.55935000e-03
15.569454     7.56093000e-03
15.574644     7.84528000e-03
15.579836     7.43769000e-03
15.585029     7.70271000e-03
15.590224     7.74282000e-03
15.595421     7.61945000e-03
15.600619     7.45148000e-03
15.605819     7.50209000e-03
15.611021     7.47430000e-03
15.616225     7.98674000e-03
15.621430     7.38439000e-03
15.626638     7.50174000e-03
15.631846     7.79561000e-03
15.637057     7.49338000e-03
15.642269     7.74004000e-03
15.647483     7.64223000e-03
15.652699     7.42401000e-03
15.657917     7.50275000e-03
15.663136     7.44340000e-03
15.668357     7.47662000e-03
15.673580     7.39485000e-03
15.678805     7.57854000e-03
15.684031     7.65389000e-03
15.689259     7.84206000e-03
15.694489     7.45919000e-03
15.699720     7.50447000e-03
15.704953     7.62196000e-03
15.710188     7.49182000e-03
15.715425     7.41717000e-03
15.720664     7.84055000e-03
15.725904     7.62805000e-03
15.731146     7.39448000e-03
15.736389     7.75945000e-03
15.741635     7.57797000e-03
15.746882     7.77442000e-03
15.752131     7.52554000e-03
15.757382     7.63826000e-03
15.762634     7.90853000e-03
15.767888     7.50434000e-03
15.773144     7.43716000e-03
15.778402     7.69942000e-03
15.783662     7.59417000e-03
15.788923     7.49057000e-03
15.794186     7.64891000e-03
15.799451     8.08055000e-03
15.804717     7.59749000e-03
15.809985     7.82285000e-03
15.815255     7.39315000e-03
15.820527     7.45040000e-03
15.825800     7.90626000e-03
15.831076     7.61285000e-03
15.836353     7.45353000e-03
15.841632     7.73641000e-03
15.846912     7.46478000e-03
15.852194     7.47794000e-03
15.857478     7.48662000e-03
15.862764     7.70611000e-03
15.868052     7.62354000e-03
15.873341     7.50123000e-03
15.878632     7.67830000e-03
15.883925     7.78652000e-03
15.889220     7.64974000e-03
15.894516     7.42722000e-03
15.899814     7.63863000e-03
15.905114     7.43630000e-03
15.910416     7.45982000e-03
15.915720     7.43898000e-03
15.921025     7.82986000e-03
15.926332     7.60237000e-03
15.931641     7.61304000e-03
15.936951     7.46800000e-03
15.942263     7.40680000e-03
15.947577     7.51860000e-03
15.952893     7.44299000e-03
15.958211     7.67036000e-03
15.963530     7.51806000e-03
15.968852     7.50688000e-03
15.974175     7.52141000e-03
15.979499     8.18656000e-03
15.984826     7.46755000e-03
15.990154     7.41412000e-03
15.995484     7.89168000e-03
16.000816     7.41223000e-03
16.006150     7.87980000e-03
16.011485     7.73593000e-03
16.016822     7.48032000e-03
16.022161     7.64571000e-03
16.027502     7.77631000e-03
16.032844     7.78632000e-03
16.038189     7.54060000e-03
16.043535     7.58892000e-03
16.048883     7.59353000e-03
16.054232     7.90718000e-03
16.059583     7.61599000e-03
16.064937     7.50920000e-03
16.070292     7.58136000e-03
16.075648     7.95339000e-03
16.081007     7.46876000e-03
16.086367     7.64445000e-03
16.091729     7.43022000e-03
16.097093     7.42260000e-03
16.102459     7.88923000e-03
16.107827     7.67062000e-03
16.113196     7.62391000e-03
16.118567     7.73798000e-03
16.123940     7.55567000e-03
16.129314     7.49117000e-03
16.134691     7.64313000e-03
16.140069     7.71221000e-03
16.145449     7.87520000e-03
16.150831     7.66382000e-03
16.156215     7.61688000e-03
16.161600     7.99991000e-03
16.166987     7.55511000e-03
16.172376     7.50225000e-03
16.177767     7.60066000e-03
16.183159     7.66280000e-03
16.188554     7.46094000e-03
16.193950     7.76150000e-03
16.199348     7.47008000e-03
16.204748     7.43065000e-03
16.210149     7.84571000e-03
16.215553     7.59686000e-03
16.220958     7.79010000e-03
16.226365     7.57080000e-03
16.231774     7.67129000e-03
16.237184     7.92410000e-03
16.242597     7.77939000e-03
16.248011     7.58787000e-03
16.253427     7.53482000e-03
16.258845     7.47185000e-03
16.264264     7.44682000e-03
16.269686     7.51078000e-03
16.275109     7.97685000e-03
16.280534     7.53853000e-03
16.285961     7.83845000e-03
16.291390     7.89022000e-03
16.296820     7.74666000e-03
16.302252     7.77762000e-03
16.307686     7.95013000e-03
16.313122     7.64508000e-03
16.318560     7.54221000e-03
16.323999     7.91994000e-03
16.329441     7.91598000e-03
16.334884     7.57071000e-03
16.340329     7.42479000e-03
16.345776     7.52015000e-03
16.351224     7.41005000e-03
16.356675     7.51855000e-03
16.362127     7.51487000e-03
16.367581     7.43152000e-03
16.373037     7.84493000e-03
16.378494     7.50378000e-03
16.383954     7.44272000e-03
16.389415     7.49839000e-03
16.394879     7.54200000e-03
16.400343     7.56905000e-03
16.405810     7.53479000e-03
16.411279     7.54243000e-03
16.416749     7.70316000e-03
16.422221     7.89270000e-03
16.427695     7.54287000e-03
16.433171     8.00368000e-03
16.438649     7.43885000e-03
16.444129     7.94410000e-03
16.449610     7.54269000e-03
16.455093     7.86816000e-03
16.460578     7.65349000e-03
16.466065     7.50018000e-03
16.471554     7.79539000e-03
16.477044     7.88125000e-03
16.482537     7.86313000e-03
16.488031     7.77928000e-03
16.493527     7.65707000e-03
16.499025     7.46452000e-03
16.504524     7.70629000e-03
16.510026     7.88887000e-03
16.515529     7.50808000e-03
16.521034     7.55628000e-03
16.526542     7.52459000e-03
16.532050     7.79142000e-03
16.537561     7.47055000e-03
16.543073     7.76876000e-03
16.548588     7.76487000e-03
16.554104     7.81220000e-03
16.559622     7.92158000e-03
16.565142     7.42227000e-03
16.570664     7.53986000e-03
16.576187     7.57890000e-03
16.581713     7.88341000e-03
16.587240     7.55561000e-03
16.592769     7.50820000e-03
16.598300     7.99470000e-03
16.603833     7.83152000e-03
16.609367     7.65784000e-03
16.614904     7.57264000e-03
16.620442     7.67306000e-03
16.625982     7.59147000e-03
16.631524     7.57015000e-03
16.637068     7.79256000e-03
16.642614     7.94040000e-03
16.648161     7.70769000e-03
16.653711     7.87012000e-03
16.659262     7.52517000e-03
16.664815     7.56430000e-03
16.670370     7.56987000e-03
16.675927     8.07227000e-03
16.681485     7.75740000e-03
16.687046     7.88356000e-03
16.692608     7.48212000e-03
16.698172     7.47564000e-03
16.703738     7.52126000e-03
16.709306     7.78383000e-03
16.714876     7.68205000e-03
16.720448     7.92248000e-03
16.726021     8.14344000e-03
16.731597     7.52088000e-03
16.737174     7.47741000e-03
16.742753     7.77447000e-03
16.748334     8.03042000e-03
16.753916     7.79499000e-03
16.759501     7.58484000e-03
16.765088     7.59614000e-03
16.770676     7.77982000e-03
16.776266     7.48836000e-03
16.781858     7.58927000e-03
16.787452     7.57457000e-03
16.793048     7.72662000e-03
16.798646     7.58272000e-03
16.804245     7.68393000e-03
16.809847     7.84932000e-03
16.815450     7.51284000e-03
16.821055     7.52807000e-03
16.826662     7.55816000e-03
16.832271     7.91155000e-03
16.837882     7.66441000e-03
16.843494     7.48541000e-03
16.849109     7.64215000e-03
16.854725     7.62668000e-03
16.860344     7.55610000e-03
16.865964     7.52238000e-03
16.871586     8.10359000e-03
16.877209     7.55526000e-03
16.882835     7.70290000e-03
16.888463     7.57992000e-03
16.894092     7.55689000e-03
16.899724     7.86143000e-03
16.905357     7.70677000e-03
16.910992     7.76350000e-03
16.916629     7.46833000e-03
16.922268     7.53429000e-03
16.927909     7.53477000e-03
16.933551     7.93755000e-03
16.939196     7.51326000e-03
16.944842     7.70003000e-03
16.950491     7.63601000e-03
16.956141     7.66479000e-03
16.961793     7.66272000e-03
16.967447     7.48312000e-03
16.973102     7.88108000e-03
16.978760     7.82349000e-03
16.984420     7.91008000e-03
16.990081     7.65908000e-03
16.995745     7.87328000e-03
17.001410     7.56530000e-03
17.007077     7.60136000e-03
17.012746     7.44921000e-03
17.018417     7.61064000e-03
17.024090     7.79378000e-03
17.029764     7.83074000e-03
17.035441     7.53810000e-03
17.041120     7.76077000e-03
17.046800     8.12594000e-03
17.052482     7.53833000e-03
17.058166     7.59083000e-03
17.063852     7.93890000e-03
17.069540     7.65571000e-03
17.075230     7.90048000e-03
17.080922     7.56952000e-03
17.086616     7.95436000e-03
17.092311     7.64841000e-03
17.098009     8.18023000e-03
17.103708     7.89188000e-03
17.109409     7.98899000e-03
17.115112     7.59160000e-03
17.120817     7.97080000e-03
17.126524     7.81865000e-03
17.132233     7.62534000e-03
17.137944     7.59664000e-03
17.143656     7.66864000e-03
17.149371     7.50913000e-03
17.155088     7.73126000e-03
17.160806     7.58831000e-03
17.166526     7.67249000e-03
17.172248     7.74303000e-03
17.177972     7.59341000e-03
17.183698     8.01646000e-03
17.189426     7.75045000e-03
17.195156     7.63826000e-03
17.200888     7.59366000e-03
17.206621     7.64066000e-03
17.212357     7.56768000e-03
17.218094     7.72190000e-03
17.223834     7.77765000e-03
17.229575     7.64106000e-03
17.235318     7.77224000e-03
17.241063     7.57903000e-03
17.246810     7.75389000e-03
17.252559     7.65108000e-03
17.258310     7.66291000e-03
17.264063     7.67591000e-03
17.269818     7.51071000e-03
17.275574     7.66532000e-03
17.281333     7.53553000e-03
17.287093     7.93427000e-03
17.292856     7.95227000e-03
17.298620     7.61378000e-03
17.304386     7.71440000e-03
17.310154     7.68508000e-03
17.315924     7.71866000e-03
17.321696     7.56704000e-03
17.327470     7.55511000e-03
17.333246     7.71093000e-03
17.339024     7.90918000e-03
17.344803     7.56026000e-03
17.350585     7.64420000e-03
17.356368     7.81558000e-03
17.362154     7.54902000e-03
17.367941     7.59937000e-03
17.373731     8.07688000e-03
17.379522     7.87778000e-03
17.385315     8.01950000e-03
17.391110     7.53644000e-03
17.396907     7.64421000e-03
17.402706     7.93823000e-03
17.408507     7.67765000e-03
17.414310     7.55538000e-03
17.420115     7.80661000e-03
17.425921     7.90969000e-03
17.431730     7.92127000e-03
17.437541     7.71830000e-03
17.443353     7.78316000e-03
17.449168     7.60117000e-03
17.454984     7.72278000e-03
17.460802     7.53095000e-03
17.466622     7.63018000e-03
17.472445     7.99473000e-03
17.478269     7.93273000e-03
17.484095     7.72540000e-03
17.489923     7.53360000e-03
17.495753     7.78061000e-03
17.501585     7.71684000e-03
17.507419     7.73979000e-03
17.513255     7.82813000e-03
17.519092     7.75709000e-03
17.524932     7.59315000e-03
17.530774     7.82796000e-03
17.536617     7.78545000e-03
17.542463     7.68253000e-03
17.548310     7.66984000e-03
17.554160     7.79333000e-03
17.560011     7.60547000e-03
17.565864     7.76711000e-03
17.571720     7.85253000e-03
17.577577     7.68224000e-03
17.583436     7.71541000e-03
17.589297     7.88899000e-03
17.595160     7.70573000e-03
17.601025     7.71673000e-03
17.606893     7.67194000e-03
17.612761     7.70422000e-03
17.618632     7.79917000e-03
17.624505     7.89592000e-03
17.630380     7.72262000e-03
17.636257     7.64299000e-03
17.642136     7.62720000e-03
17.648016     7.75895000e-03
17.653899     7.86523000e-03
17.659784     8.05674000e-03
17.665670     7.66248000e-03
17.671559     7.64866000e-03
17.677449     7.64786000e-03
17.683342     7.81682000e-03
17.689236     7.86828000e-03
17.695133     7.55081000e-03
17.701031     7.56102000e-03
17.706931     7.76097000e-03
17.712834     7.75147000e-03
17.718738     7.89782000e-03
17.724644     7.85758000e-03
17.730552     8.01500000e-03
17.736463     7.70229000e-03
17.742375     7.54338000e-03
17.748289     7.66186000e-03
17.754205     8.10624000e-03
17.760123     7.62101000e-03
17.766043     7.86945000e-03
17.771965     7.73031000e-03
17.777889     7.91955000e-03
17.783815     7.56722000e-03
17.789743     7.75964000e-03
17.795673     7.55070000e-03
17.801605     7.56526000e-03
17.807539     7.71654000e-03
17.813475     7.56055000e-03
17.819412     7.72183000e-03
17.825352     7.97625000e-03
17.831294     7.68744000e-03
17.837238     7.72398000e-03
17.843183     7.95751000e-03
17.849131     7.71622000e-03
17.855081     7.78486000e-03
17.861033     7.67201000e-03
17.866986     7.56841000e-03
17.872942     7.69916000e-03
17.878900     7.69422000e-03
17.884859     7.64855000e-03
17.890821     7.92640000e-03
17.896784     7.59758000e-03
17.902750     7.71338000e-03
17.908718     7.68780000e-03
17.914687     7.89526000e-03
17.920659     7.72409000e-03
17.926632     7.65541000e-03
17.932608     7.66835000e-03
17.938585     7.63547000e-03
17.944565     7.61604000e-03
17.950546     7.62519000e-03
17.956530     7.58367000e-03
17.962515     7.62227000e-03
17.968503     7.82201000e-03
17.974492     7.74901000e-03
17.980484     7.55340000e-03
17.986477     7.63247000e-03
17.992473     7.70167000e-03
17.998470     7.58624000e-03
18.004470     7.76342000e-03
18.010471     7.60991000e-03
18.016475     7.57323000e-03
18.022480     7.60873000e-03
18.028488     7.99775000e-03
18.034497     8.12797000e-03
18.040509     7.91176000e-03
18.046522     7.65976000e-03
18.052538     7.73118000e-03
18.058555     7.67521000e-03
18.064575     7.61411000e-03
18.070596     7.65419000e-03
18.076620     7.67517000e-03
18.082646     7.63334000e-03
18.088673     7.61279000e-03
18.094703     7.92837000e-03
18.100734     7.67824000e-03
18.106768     7.59839000e-03
18.112803     7.71065000e-03
18.118841     7.57357000e-03
18.124881     7.62958000e-03
18.130922     7.78064000e-03
18.136966     7.75957000e-03
18.143012     7.86653000e-03
18.149059     7.66217000e-03
18.155109     7.78667000e-03
18.161161     7.67931000e-03
18.167214     7.66528000e-03
18.173270     7.73055000e-03
18.179328     8.11403000e-03
18.185388     7.60589000e-03
18.191449     7.67219000e-03
18.197513     7.75068000e-03
18.203579     7.68100000e-03
18.209647     8.11159000e-03
18.215717     7.86911000e-03
18.221789     7.90655000e-03
18.227863     7.60891000e-03
18.233939     7.74229000e-03
18.240016     7.74206000e-03
18.246097     7.65413000e-03
18.252178     7.72974000e-03
18.258263     7.77102000e-03
18.264349     7.58927000e-03
18.270437     7.60821000e-03
18.276527     7.74286000e-03
18.282619     7.84225000e-03
18.288713     8.00537000e-03
18.294810     7.76974000e-03
18.300908     7.60328000e-03
18.307008     7.91949000e-03
18.313111     7.92017000e-03
18.319215     7.54771000e-03
18.325321     7.70827000e-03
18.331430     7.65744000e-03
18.337540     8.04029000e-03
18.343653     7.66505000e-03
18.349767     7.69728000e-03
18.355884     7.84720000e-03
18.362002     7.73477000e-03
18.368123     7.68504000e-03
18.374246     7.77143000e-03
18.380371     7.80280000e-03
18.386497     7.72028000e-03
18.392626     7.77072000e-03
18.398757     7.81845000e-03
18.404890     7.98840000e-03
18.411025     7.72562000e-03
18.417162     7.68602000e-03
18.423301     7.80018000e-03
18.429442     7.70242000e-03
18.435585     7.68352000e-03
18.441730     7.74191000e-03
18.447878     7.58508000e-03
18.454027     7.60451000e-03
18.460178     7.71027000e-03
18.466332     7.74670000e-03
18.472487     7.78991000e-03
18.478645     7.60577000e-03
18.484804     7.67288000e-03
18.490966     7.80458000e-03
18.497129     8.06402000e-03
18.503295     7.72820000e-03
18.509463     7.73646000e-03
18.515633     7.79192000e-03
18.521805     7.72697000e-03
18.527979     8.01052000e-03
18.534155     7.76447000e-03
18.540333     7.94285000e-03
18.546513     7.70149000e-03
18.552695     7.66716000e-03
18.558879     8.09301000e-03
18.565065     7.65534000e-03
18.571254     7.84442000e-03
18.577444     7.75887000e-03
18.583637     7.73078000e-03
18.589831     7.83520000e-03
18.596028     7.69242000e-03
18.602227     7.78609000e-03
18.608427     7.70516000e-03
18.614630     7.91057000e-03
18.620835     7.71610000e-03
18.627042     7.83128000e-03
18.633251     7.78627000e-03
18.639462     7.59639000e-03
18.645675     8.03303000e-03
18.651890     7.96946000e-03
18.658108     8.03818000e-03
18.664327     7.81449000e-03
18.670548     7.79870000e-03
18.676772     7.59521000e-03
18.682998     7.65320000e-03
18.689225     7.85919000e-03
18.695455     7.64731000e-03
18.701687     7.90415000e-03
18.707921     7.61495000e-03
18.714157     7.69980000e-03
18.720395     7.86775000e-03
18.726635     7.64723000e-03
18.732877     7.99449000e-03
18.739121     7.67514000e-03
18.745368     7.84891000e-03
18.751616     7.81457000e-03
18.757867     7.64975000e-03
18.764119     8.09363000e-03
18.770374     7.81295000e-03
18.776631     7.85312000e-03
18.782890     7.60402000e-03
18.789151     7.61879000e-03
18.795414     7.70645000e-03
18.801679     7.77689000e-03
18.807946     7.61108000e-03
18.814215     8.23873000e-03
18.820487     7.71224000e-03
18.826760     8.12380000e-03
18.833036     7.80254000e-03
18.839314     7.59338000e-03
18.845593     7.79541000e-03
18.851875     7.79691000e-03
18.858159     7.64379000e-03
18.864445     7.81777000e-03
18.870733     7.79793000e-03
18.877024     7.81769000e-03
18.883316     7.59746000e-03
18.889610     7.99297000e-03
18.895907     7.68973000e-03
18.902206     7.83819000e-03
18.908506     7.96339000e-03
18.914809     7.77222000e-03
18.921114     7.61273000e-03
18.927421     7.97483000e-03
18.933730     7.71220000e-03
18.940041     7.71594000e-03
18.946355     7.71870000e-03
18.952670     7.78816000e-03
18.958988     8.06955000e-03
18.965308     7.62400000e-03
18.971629     7.85488000e-03
18.977953     7.89192000e-03
18.984279     7.92145000e-03
18.990607     7.87940000e-03
18.996938     7.79521000e-03
19.003270     7.79806000e-03
19.009604     7.89796000e-03
19.015941     7.75834000e-03
19.022279     7.94122000e-03
19.028620     7.72035000e-03
19.034963     8.20161000e-03
19.041308     7.68541000e-03
19.047655     7.86820000e-03
19.054004     7.68159000e-03
19.060356     7.69091000e-03
19.066709     7.62257000e-03
19.073065     7.90452000e-03
19.079422     7.73940000e-03
19.085782     8.14749000e-03
19.092144     7.70309000e-03
19.098508     7.68828000e-03
19.104874     7.68588000e-03
19.111243     7.69820000e-03
19.117613     7.69238000e-03
19.123986     7.71448000e-03
19.130360     7.91746000e-03
19.136737     8.09811000e-03
19.143116     7.65924000e-03
19.149497     8.01559000e-03
19.155880     7.70496000e-03
19.162265     7.90213000e-03
19.168653     7.94690000e-03
19.175042     7.76717000e-03
19.181434     7.86944000e-03
19.187828     7.85926000e-03
19.194224     7.65905000e-03
19.200622     7.84355000e-03
19.207022     7.65702000e-03
19.213424     7.68428000e-03
19.219829     7.71314000e-03
19.226236     7.92055000e-03
19.232644     7.60215000e-03
19.239055     7.94986000e-03
19.245468     7.75077000e-03
19.251883     7.74711000e-03
19.258301     7.81352000e-03
19.264720     7.67656000e-03
19.271142     8.18048000e-03
19.277565     8.12903000e-03
19.283991     7.80840000e-03
19.290419     7.72512000e-03
19.296849     7.62899000e-03
19.303282     7.72564000e-03
19.309716     7.65132000e-03
19.316153     7.66722000e-03
19.322591     7.62802000e-03
19.329032     7.76494000e-03
19.335475     8.08757000e-03
19.341920     7.68751000e-03
19.348368     8.00615000e-03
19.354817     7.69841000e-03
19.361269     8.04718000e-03
19.367722     7.94117000e-03
19.374178     7.91993000e-03
19.380637     8.13492000e-03
19.387097     8.06695000e-03
19.393559     7.64203000e-03
19.400024     7.65264000e-03
19.406490     7.78376000e-03
19.412959     7.68209000e-03
19.419430     7.95910000e-03
19.425903     7.83957000e-03
19.432378     7.86437000e-03
19.438856     7.91473000e-03
19.445336     7.77135000e-03
19.451817     7.63840000e-03
19.458301     7.91549000e-03
19.464787     7.94165000e-03
19.471276     7.74001000e-03
19.477766     7.84572000e-03
19.484259     7.79377000e-03
19.490753     7.78610000e-03
19.497250     7.68379000e-03
19.503749     7.79052000e-03
19.510251     7.71532000e-03
19.516754     7.70934000e-03
19.523260     8.12931000e-03
19.529767     7.72920000e-03
19.536277     8.08269000e-03
19.542789     7.64915000e-03
19.549304     7.77131000e-03
19.555820     7.98063000e-03
19.562339     7.82076000e-03
19.568859     7.81476000e-03
19.575382     7.84325000e-03
19.581908     7.76191000e-03
19.588435     7.69985000e-03
19.594964     7.71608000e-03
19.601496     7.69029000e-03
19.608030     7.88848000e-03
19.614566     7.92443000e-03
19.621104     7.73733000e-03
19.627644     7.77419000e-03
19.634187     8.11523000e-03
19.640732     7.70720000e-03
19.647279     8.06305000e-03
19.653828     7.95290000e-03
19.660379     7.75475000e-03
19.666933     7.73488000e-03
19.673488     7.87912000e-03
19.680046     7.74984000e-03
19.686606     8.02427000e-03
19.693168     7.67835000e-03
19.699732     7.68917000e-03
19.706299     7.65510000e-03
19.712868     7.66936000e-03
19.719439     7.83378000e-03
19.726012     7.75788000e-03
19.732587     7.76323000e-03
19.739165     8.03690000e-03
19.745745     7.86397000e-03
19.752326     7.75908000e-03
19.758911     7.81416000e-03
19.765497     8.10760000e-03
19.772085     7.91979000e-03
19.778676     7.86938000e-03
19.785269     7.69316000e-03
19.791864     7.67961000e-03
19.798461     7.97989000e-03
19.805061     7.86490000e-03
19.811663     7.72814000e-03
19.818266     7.73713000e-03
19.824873     7.76110000e-03
19.831481     7.68101000e-03
19.838091     7.71093000e-03
19.844704     7.85062000e-03
19.851319     7.68583000e-03
19.857936     7.66414000e-03
19.864555     8.12234000e-03
19.871177     7.78201000e-03
19.877801     7.73953000e-03
19.884427     8.02246000e-03
19.891055     7.82240000e-03
19.897685     7.80836000e-03
19.904318     8.05502000e-03
19.910952     7.75450000e-03
19.917589     7.77212000e-03
19.924229     7.77332000e-03
19.930870     7.91036000e-03
19.937514     8.30640000e-03
19.944159     7.68257000e-03
19.950807     8.11443000e-03
19.957458     7.98723000e-03
19.964110     7.72907000e-03
19.970765     7.79795000e-03
19.977422     7.68072000e-03
19.984081     8.06039000e-03
19.990742     7.82006000e-03
19.997406     7.74484000e-03
20.004072     7.76992000e-03
20.010740     7.69448000e-03
20.017410     7.76326000e-03
20.024082     7.70418000e-03
20.030757     7.96365000e-03
20.037434     7.84768000e-03
20.044113     7.83513000e-03
20.050795     7.68606000e-03
20.057478     8.02960000e-03
20.064164     7.70677000e-03
20.070852     8.15984000e-03
20.077542     7.81307000e-03
20.084235     7.70228000e-03
20.090930     7.72113000e-03
20.097627     7.70287000e-03
20.104326     7.70498000e-03
20.111027     8.11775000e-03
20.117731     7.98384000e-03
20.124437     7.76165000e-03
20.131145     7.79151000e-03
20.137855     8.02282000e-03
20.144568     7.87538000e-03
20.151283     7.72407000e-03
20.158000     7.97353000e-03
20.164719     7.82635000e-03
20.171441     7.98458000e-03
20.178165     7.86428000e-03
20.184891     7.72298000e-03
20.191619     8.24771000e-03
20.198349     7.74252000e-03
20.205082     7.80205000e-03
20.211817     7.77350000e-03
20.218555     7.72288000e-03
20.225294     7.85545000e-03
20.232036     7.91263000e-03
20.238780     7.80492000e-03
20.245526     7.66950000e-03
20.252275     7.72912000e-03
20.259025     7.98017000e-03
20.265778     7.92293000e-03
20.272534     8.05469000e-03
20.279291     7.71283000e-03
20.286051     7.98416000e-03
20.292813     7.71898000e-03
20.299577     7.82339000e-03
20.306344     7.71117000e-03
20.313112     7.75017000e-03
20.319884     7.80552000e-03
20.326657     7.69803000e-03
20.333432     7.70014000e-03
20.340210     7.98436000e-03
20.346990     7.79573000e-03
20.353773     7.71413000e-03
20.360557     8.07666000e-03
20.367344     7.69856000e-03
20.374133     7.73443000e-03
20.380925     8.14942000e-03
20.387718     7.92918000e-03
20.394514     7.67930000e-03
20.401312     7.80570000e-03
20.408113     7.75543000e-03
20.414915     7.85698000e-03
20.421720     8.06154000e-03
20.428528     7.74679000e-03
20.435337     8.06134000e-03
20.442149     7.77991000e-03
20.448963     7.76854000e-03
20.455779     7.72534000e-03
20.462598     8.09278000e-03
20.469419     8.21349000e-03
20.476242     7.82278000e-03
20.483067     7.80847000e-03
20.489895     7.82858000e-03
20.496725     7.76547000e-03
20.503557     7.71811000e-03
20.510392     8.07168000e-03
20.517229     7.70819000e-03
20.524068     7.75302000e-03
20.530909     7.88244000e-03
20.537753     8.00872000e-03
20.544598     7.77211000e-03
20.551447     7.73685000e-03
20.558297     7.82672000e-03
20.565150     7.70557000e-03
20.572005     7.83176000e-03
20.578862     7.83135000e-03
20.585722     7.77841000e-03
20.592584     7.87993000e-03
20.599448     7.82199000e-03
20.606315     7.74006000e-03
20.613183     7.68701000e-03
20.620054     7.89410000e-03
20.626928     7.90868000e-03
20.633803     8.09221000e-03
20.640681     7.76702000e-03
20.647561     7.77706000e-03
20.654444     7.72589000e-03
20.661329     7.81948000e-03
20.668216     7.73117000e-03
20.675105     7.74204000e-03
20.681997     7.70115000e-03
20.688891     7.98706000e-03
20.695787     7.75629000e-03
20.702686     7.94593000e-03
20.709587     7.77365000e-03
20.716490     8.01242000e-03
20.723396     7.73662000e-03
20.730303     7.98272000e-03
20.737213     7.77923000e-03
20.744126     7.74751000e-03
20.751041     8.03981000e-03
20.757958     7.86050000e-03
20.764877     7.71553000e-03
20.771798     7.80189000e-03
20.778723     8.09221000e-03
20.785649     7.92216000e-03
20.792577     7.77464000e-03
20.799508     7.80378000e-03
20.806441     8.11240000e-03
20.813377     8.19932000e-03
20.820315     7.86470000e-03
20.827255     7.76229000e-03
20.834197     7.70755000e-03
20.841142     7.70659000e-03
20.848089     7.82145000e-03
20.855038     7.99169000e-03
20.861990     7.72570000e-03
20.868944     7.86716000e-03
20.875900     7.77684000e-03
20.882859     7.76204000e-03
20.889820     7.78195000e-03
20.896783     7.77851000e-03
20.903749     7.80538000e-03
20.910717     8.07592000e-03
20.917687     7.82664000e-03
20.924659     7.80039000e-03
20.931634     8.08320000e-03
20.938612     7.79852000e-03
20.945591     7.83432000e-03
20.952573     8.13662000e-03
20.959557     7.72813000e-03
20.966544     7.77005000e-03
20.973533     7.74358000e-03
20.980524     7.74353000e-03
20.987517     7.80972000e-03
20.994513     7.90787000e-03
21.001511     7.85654000e-03
21.008512     8.05699000e-03
21.015514     7.86003000e-03
21.022520     7.93061000e-03
21.029527     7.96110000e-03
21.036537     8.03750000e-03
21.043549     7.74843000e-03
21.050564     7.86267000e-03
21.057581     7.72634000e-03
21.064600     7.93108000e-03
21.071621     7.83872000e-03
21.078645     8.07113000e-03
21.085671     7.80162000e-03
21.092700     7.87302000e-03
21.099731     8.13998000e-03
21.106764     7.94531000e-03
21.113800     8.09956000e-03
21.120838     7.72767000e-03
21.127878     7.80396000e-03
21.134920     7.74278000e-03
21.141966     7.74839000e-03
21.149013     8.00537000e-03
21.156063     7.78045000e-03
21.163114     7.75061000e-03
21.170169     7.88626000e-03
21.177226     7.82821000e-03
21.184285     7.90755000e-03
21.191346     7.74463000e-03
21.198410     7.74233000e-03
21.205476     7.80319000e-03
21.212544     7.86076000e-03
21.219615     7.74870000e-03
21.226689     7.91175000e-03
21.233764     7.98322000e-03
21.240842     7.86943000e-03
21.247922     7.84328000e-03
21.255005     7.80625000e-03
21.262090     7.76589000e-03
21.269177     7.73271000e-03
21.276267     7.76243000e-03
21.283359     7.72685000e-03
21.290454     8.10863000e-03
21.297550     8.05155000e-03
21.304650     7.98719000e-03
21.311751     7.91055000e-03
21.318855     7.84803000e-03
21.325961     7.80079000e-03
21.333070     8.06867000e-03
21.340181     7.75612000e-03
21.347294     7.76982000e-03
21.354410     7.84993000e-03
21.361528     7.90601000e-03
21.368649     7.88964000e-03
21.375772     7.79012000e-03
21.382897     7.75371000e-03
21.390025     7.85309000e-03
21.397155     7.81283000e-03
21.404287     8.06160000e-03
21.411422     7.80531000e-03
21.418559     7.75515000e-03
21.425698     8.09268000e-03
21.432840     7.97168000e-03
21.439985     7.77865000e-03
21.447131     7.99186000e-03
21.454280     7.85868000e-03
21.461432     7.81164000e-03
21.468585     7.99921000e-03
21.475742     7.81639000e-03
21.482900     7.78285000e-03
21.490061     7.90589000e-03
21.497225     7.77700000e-03
21.504390     7.76552000e-03
21.511558     7.96201000e-03
21.518729     7.85706000e-03
21.525902     7.79031000e-03
21.533077     8.04927000e-03
21.540255     7.85335000e-03
21.547435     7.85441000e-03
21.554617     7.91209000e-03
21.561802     7.90253000e-03
21.568990     7.94459000e-03
21.576179     7.79671000e-03
21.583371     7.93358000e-03
21.590566     8.11771000e-03
21.597763     7.77078000e-03
21.604962     7.78516000e-03
21.612164     7.92293000e-03
21.619368     7.74351000e-03
21.626574     7.85244000e-03
21.633783     8.01617000e-03
21.640994     7.99468000e-03
21.648208     8.03934000e-03
21.655424     7.78575000e-03
21.662642     8.00781000e-03
21.669863     7.95760000e-03
21.677087     7.94283000e-03
21.684312     7.82206000e-03
21.691540     8.10667000e-03
21.698771     7.80836000e-03
21.706004     8.06268000e-03
21.713239     8.05811000e-03
21.720477     8.08101000e-03
21.727717     7.97624000e-03
21.734960     7.91668000e-03
21.742205     7.76953000e-03
21.749452     7.84911000e-03
21.756702     7.80756000e-03
21.763954     7.96206000e-03
21.771209     7.90332000e-03
21.778466     7.84835000e-03
21.785725     7.85079000e-03
21.792987     7.94946000e-03
21.800252     7.84279000e-03
21.807518     8.11309000e-03
21.814787     8.09020000e-03
21.822059     7.85658000e-03
21.829333     8.11811000e-03
21.836610     7.82532000e-03
21.843888     7.82119000e-03
21.851170     7.89016000e-03
21.858453     7.79265000e-03
21.865740     7.91471000e-03
21.873028     7.88263000e-03
21.880319     7.85557000e-03
21.887613     7.91487000e-03
21.894908     7.77493000e-03
21.902207     7.92363000e-03
21.909508     8.15656000e-03
21.916811     7.83163000e-03
21.924116     7.88034000e-03
21.931424     7.84293000e-03
21.938735     7.79942000e-03
21.946048     7.80060000e-03
21.953363     8.11165000e-03
21.960681     8.05301000e-03
21.968001     7.80817000e-03
21.975324     7.92410000e-03
21.982649     7.95367000e-03
21.989976     7.88631000e-03
21.997306     7.85670000e-03
22.004639     7.86087000e-03
22.011974     8.03764000e-03
22.019311     7.84212000e-03
22.026651     7.93700000e-03
22.033993     8.08554000e-03
22.041338     7.89663000e-03
22.048685     7.84582000e-03
22.056034     7.83652000e-03
22.063386     7.83235000e-03
22.070741     7.87879000e-03
22.078098     8.06429000e-03
22.085457     7.93853000e-03
22.092819     7.81251000e-03
22.100183     7.87131000e-03
22.107550     7.87801000e-03
22.114919     7.99487000e-03
22.122291     7.79305000e-03
22.129665     8.06189000e-03
22.137041     7.90588000e-03
22.144420     7.82542000e-03
22.151802     7.86863000e-03
22.159186     7.88382000e-03
22.166572     7.80566000e-03
22.173961     7.82008000e-03
22.181352     7.79649000e-03
22.188746     7.81124000e-03
22.196142     7.80744000e-03
22.203541     7.83113000e-03
22.210942     7.80863000e-03
22.218346     7.84052000e-03
22.225752     8.03657000e-03
22.233161     7.88074000e-03
22.240572     8.13353000e-03
22.247985     7.83680000e-03
22.255401     7.85325000e-03
22.262820     7.82334000e-03
22.270241     7.96865000e-03
22.277664     7.90232000e-03
22.285090     7.86374000e-03
22.292518     7.78301000e-03
22.299949     8.20020000e-03
22.307382     8.04009000e-03
22.314818     7.83873000e-03
22.322257     7.95549000e-03
22.329697     7.81892000e-03
22.337141     7.81382000e-03
22.344586     7.96090000e-03
22.352034     7.91056000e-03
22.359485     7.81970000e-03
22.366938     7.85454000e-03
22.374394     8.07135000e-03
22.381852     7.87870000e-03
22.389313     7.83108000e-03
22.396776     7.84667000e-03
22.404241     7.95683000e-03
22.411709     8.14718000e-03
22.419180     7.90132000e-03
22.426653     7.83476000e-03
22.434129     7.88383000e-03
22.441607     7.86997000e-03
22.449087     7.82228000e-03
22.456570     7.99680000e-03
22.464056     7.93871000e-03
22.471544     7.80762000e-03
22.479034     7.93017000e-03
22.486527     7.81879000e-03
22.494023     7.89247000e-03
22.501521     8.03688000e-03
22.509021     7.88121000e-03
22.516524     7.89771000e-03
22.524030     7.98096000e-03
22.531538     8.12123000e-03
22.539048     7.94681000e-03
22.546561     7.90692000e-03
22.554077     7.95959000e-03
22.561595     7.82447000e-03
22.569115     8.04257000e-03
22.576639     7.92340000e-03
22.584164     7.84235000e-03
22.591692     7.89408000e-03
22.599223     7.88617000e-03
22.606756     7.84468000e-03
22.614291     7.97635000e-03
22.621829     7.95032000e-03
22.629370     7.94368000e-03
22.636913     7.82756000e-03
22.644459     7.96486000e-03
22.652007     7.93060000e-03
22.659558     7.92028000e-03
22.667111     7.92698000e-03
22.674667     7.81353000e-03
22.682225     8.28472000e-03
22.689785     7.82677000e-03
22.697349     7.83896000e-03
22.704915     7.95840000e-03
22.712483     7.83018000e-03
22.720054     8.15203000e-03
22.727627     7.82706000e-03
22.735203     7.94874000e-03
22.742781     7.86086000e-03
22.750362     8.02527000e-03
22.757946     7.99858000e-03
22.765532     7.82711000e-03
22.773120     7.83621000e-03
22.780711     7.84975000e-03
22.788305     7.90524000e-03
22.795901     7.88496000e-03
22.803499     7.82016000e-03
22.811101     7.91141000e-03
22.818704     7.96094000e-03
22.826311     7.95503000e-03
22.833919     8.02464000e-03
22.841531     7.98307000e-03
22.849145     7.86097000e-03
22.856761     7.90704000e-03
22.864380     7.85393000e-03
22.872001     7.85512000e-03
22.879625     8.03374000e-03
22.887252     7.91162000e-03
22.894881     8.15584000e-03
22.902513     8.00331000e-03
22.910147     8.23028000e-03
22.917783     8.23886000e-03
22.925423     7.84845000e-03
22.933064     7.97046000e-03
22.940709     7.90973000e-03
22.948356     8.02231000e-03
22.956005     7.82299000e-03
22.963657     7.95881000e-03
22.971312     7.97738000e-03
22.978969     7.92708000e-03
22.986628     7.96179000e-03
22.994291     8.08704000e-03
23.001955     8.05653000e-03
23.009623     7.86467000e-03
23.017293     7.86623000e-03
23.024965     7.87613000e-03
23.032640     7.92026000e-03
23.040318     7.98393000e-03
23.047998     7.90180000e-03
23.055680     7.84616000e-03
23.063366     7.84167000e-03
23.071053     8.25768000e-03
23.078744     8.26978000e-03
23.086437     7.92871000e-03
23.094132     7.82654000e-03
23.101830     7.93202000e-03
23.109531     8.06714000e-03
23.117234     7.92452000e-03
23.124940     8.18767000e-03
23.132648     8.00485000e-03
23.140359     7.83384000e-03
23.148072     7.86066000e-03
23.155788     7.92375000e-03
23.163507     7.86793000e-03
23.171228     7.85691000e-03
23.178952     7.95064000e-03
23.186678     8.07419000e-03
23.194407     7.94382000e-03
23.202139     7.90097000e-03
23.209873     8.21830000e-03
23.217609     7.97507000e-03
23.225348     7.83704000e-03
23.233090     7.97807000e-03
23.240835     8.00113000e-03
23.248582     8.18597000e-03
23.256331     8.09788000e-03
23.264083     8.09063000e-03
23.271838     7.97640000e-03
23.279595     7.88856000e-03
23.287355     8.16536000e-03
23.295117     7.88620000e-03
23.302882     7.99943000e-03
23.310650     7.93001000e-03
23.318420     7.92226000e-03
23.326193     7.86992000e-03
23.333969     8.09800000e-03
23.341746     7.85910000e-03
23.349527     7.85388000e-03
23.357310     7.88428000e-03
23.365096     8.25002000e-03
23.372884     8.16211000e-03
23.380675     7.89717000e-03
23.388469     7.92980000e-03
23.396265     8.02136000e-03
23.404064     7.85491000e-03
23.411865     7.93723000e-03
23.419669     8.00738000e-03
23.427476     7.95848000e-03
23.435285     7.85566000e-03
23.443097     7.88095000e-03
23.450911     8.03469000e-03
23.458728     7.97847000e-03
23.466548     7.86490000e-03
23.474370     8.03321000e-03
23.482194     7.89900000e-03
23.490022     8.16585000e-03
23.497852     7.91420000e-03
23.505685     8.15789000e-03
23.513520     7.98879000e-03
23.521358     8.07493000e-03
23.529198     7.91924000e-03
23.537041     8.00131000e-03
23.544887     7.97108000e-03
23.552735     7.86629000e-03
23.560586     8.08793000e-03
23.568440     7.90425000e-03
23.576296     7.88795000e-03
23.584155     7.88552000e-03
23.592016     8.03227000e-03
23.599880     7.94090000e-03
23.607747     8.08943000e-03
23.615616     7.93645000e-03
23.623488     7.91437000e-03
23.631362     7.99407000e-03
23.639239     8.03356000e-03
23.647119     8.01274000e-03
23.655001     8.06951000e-03
23.662886     8.01533000e-03
23.670774     7.93569000e-03
23.678664     7.87311000e-03
23.686557     7.85922000e-03
23.694453     7.94455000e-03
23.702351     7.91319000e-03
23.710252     8.08611000e-03
23.718155     7.91552000e-03
23.726061     8.02594000e-03
23.733970     7.99985000e-03
23.741881     7.96242000e-03
23.749795     8.38961000e-03
23.757712     8.14824000e-03
23.765631     7.93371000e-03
23.773553     7.89625000e-03
23.781477     8.14295000e-03
23.789404     8.01854000e-03
23.797334     7.89050000e-03
23.805267     7.89057000e-03
23.813202     7.87458000e-03
23.821140     8.01373000e-03
23.829080     7.95084000e-03
23.837023     8.03294000e-03
23.844969     7.90904000e-03
23.852917     8.18291000e-03
23.860868     8.07060000e-03
23.868821     8.39459000e-03
23.876778     7.93658000e-03
23.884737     7.93811000e-03
23.892698     7.89920000e-03
23.900662     8.30021000e-03
23.908629     8.13288000e-03
23.916599     8.11639000e-03
23.924571     8.01410000e-03
23.932546     7.99175000e-03
23.940524     7.95902000e-03
23.948504     7.95920000e-03
23.956487     7.99113000e-03
23.964472     8.06523000e-03
23.972460     7.91613000e-03
23.980451     7.86751000e-03
23.988444     8.10232000e-03
23.996441     7.98499000e-03
24.004439     7.91365000e-03
24.012441     7.94982000e-03
24.020445     8.17345000e-03
24.028452     7.88386000e-03
24.036461     8.14143000e-03
24.044473     7.91554000e-03
24.052488     8.05240000e-03
24.060506     7.98099000e-03
24.068526     8.03153000e-03
24.076549     7.91826000e-03
24.084574     8.25493000e-03
24.092603     7.95039000e-03
24.100633     7.98135000e-03
24.108667     7.99135000e-03
24.116703     8.04460000e-03
24.124742     7.90566000e-03
24.132784     8.00279000e-03
24.140828     7.98131000e-03
24.148875     7.98041000e-03
24.156924     8.12058000e-03
24.164977     7.90394000e-03
24.173032     7.91639000e-03
24.181089     7.90904000e-03
24.189150     8.00850000e-03
24.197213     7.99908000e-03
24.205279     7.94656000e-03
24.213347     7.93099000e-03
24.221418     7.89470000e-03
24.229492     7.90549000e-03
24.237568     7.91014000e-03
24.245648     7.99111000e-03
24.253729     8.17923000e-03
24.261814     8.04806000e-03
24.269901     8.09836000e-03
24.277991     8.02552000e-03
24.286084     7.91567000e-03
24.294179     7.93010000e-03
24.302277     7.92488000e-03
24.310378     8.03903000e-03
24.318482     7.94681000e-03
24.326588     8.17258000e-03
24.334697     7.92042000e-03
24.342808     8.09675000e-03
24.350922     8.05600000e-03
24.359040     7.90993000e-03
24.367159     8.03912000e-03
24.375281     8.01431000e-03
24.383407     8.00756000e-03
24.391534     7.97958000e-03
24.399665     8.07985000e-03
24.407798     7.97645000e-03
24.415934     7.91745000e-03
24.424073     7.95514000e-03
24.432214     8.11031000e-03
24.440358     7.99825000e-03
24.448505     7.93890000e-03
24.456654     7.94219000e-03
24.464807     8.19897000e-03
24.472962     8.13224000e-03
24.481119     7.98652000e-03
24.489280     8.30788000e-03
24.497443     8.00342000e-03
24.505609     8.00916000e-03
24.513777     7.95432000e-03
24.521948     8.18229000e-03
24.530122     7.95009000e-03
24.538299     8.24159000e-03
24.546478     7.93977000e-03
24.554661     7.92783000e-03
24.562846     7.93084000e-03
24.571033     7.96210000e-03
24.579224     8.00332000e-03
24.587416     7.97055000e-03
24.595612     7.97589000e-03
24.603811     7.93817000e-03
24.612012     7.93664000e-03
24.620216     8.30946000e-03
24.628423     7.93777000e-03
24.636632     8.02797000e-03
24.644845     8.26470000e-03
24.653060     7.96203000e-03
24.661277     8.03292000e-03
24.669498     8.00769000e-03
24.677721     7.96061000e-03
24.685947     8.18006000e-03
24.694175     7.96910000e-03
24.702407     8.12299000e-03
24.710641     8.03116000e-03
24.718878     8.08328000e-03
24.727117     7.99956000e-03
24.735360     7.93469000e-03
24.743605     7.96893000e-03
24.751853     8.02013000e-03
24.760103     8.21834000e-03
24.768357     8.32794000e-03
24.776613     7.92490000e-03
24.784872     7.96771000e-03
24.793133     7.92392000e-03
24.801398     8.00897000e-03
24.809665     7.95555000e-03
24.817935     8.22906000e-03
24.826207     7.95854000e-03
24.834483     7.93936000e-03
24.842761     8.17694000e-03
24.851042     7.97726000e-03
24.859326     8.11589000e-03
24.867612     7.95851000e-03
24.875901     7.94693000e-03
24.884193     8.05659000e-03
24.892488     8.21451000e-03
24.900785     7.95758000e-03
24.909086     7.98095000e-03
24.917389     8.04481000e-03
24.925694     7.93797000e-03
24.934003     7.96925000e-03
24.942314     7.97300000e-03
24.950629     8.05520000e-03
24.958945     8.00842000e-03
24.967265     8.03805000e-03
24.975587     7.95602000e-03
24.983913     7.94155000e-03
24.992241     8.17019000e-03
25.000571     7.94554000e-03
25.008905     8.07120000e-03
25.017241     7.98505000e-03
25.025580     8.10007000e-03
25.033922     7.99826000e-03
25.042267     7.94455000e-03
25.050614     7.95881000e-03
25.058964     8.07242000e-03
25.067317     8.05844000e-03
25.075673     7.95877000e-03
25.084032     7.98539000e-03
25.092393     7.93454000e-03
25.100757     7.95013000e-03
25.109124     8.09495000e-03
25.117494     8.06702000e-03
25.125866     7.93963000e-03
25.134242     8.07379000e-03
25.142620     7.98736000e-03
25.151000     7.94678000e-03
25.159384     7.99440000e-03
25.167771     8.20882000e-03
25.176160     8.09491000e-03
25.184552     8.10903000e-03
25.192947     8.02025000e-03
25.201345     7.97307000e-03
25.209745     7.94681000e-03
25.218148     7.95413000e-03
25.226554     8.02966000e-03
25.234963     8.10008000e-03
25.243375     7.99675000e-03
25.251789     8.25175000e-03
25.260206     7.94790000e-03
25.268626     8.10956000e-03
25.277049     8.06526000e-03
25.285475     8.17546000e-03
25.293904     8.14462000e-03
25.302335     7.95710000e-03
25.310769     7.94493000e-03
25.319206     8.04300000e-03
25.327646     8.21012000e-03
25.336088     7.99082000e-03
25.344534     8.16863000e-03
25.352982     7.95009000e-03
25.361433     7.99219000e-03
25.369886     8.03494000e-03
25.378343     8.03994000e-03
25.386803     8.11441000e-03
25.395265     8.00415000e-03
25.403730     7.99851000e-03
25.412198     7.95402000e-03
25.420669     8.06125000e-03
25.429142     8.00347000e-03
25.437619     8.06745000e-03
25.446098     8.02900000e-03
25.454580     7.97193000e-03
25.463065     8.03686000e-03
25.471552     8.12529000e-03
25.480043     8.03524000e-03
25.488536     7.97120000e-03
25.497032     8.03375000e-03
25.505531     8.01875000e-03
25.514033     7.94626000e-03
25.522538     7.95428000e-03
25.531045     7.97745000e-03
25.539556     7.95866000e-03
25.548069     8.01360000e-03
25.556585     8.14191000e-03
25.565104     7.99361000e-03
25.573626     8.08097000e-03
25.582150     8.02626000e-03
25.590678     8.23721000e-03
25.599208     8.24391000e-03
25.607741     8.15857000e-03
25.616277     8.01210000e-03
25.624815     7.97464000e-03
25.633357     7.98098000e-03
25.641901     8.12134000e-03
25.650449     7.98345000e-03
25.658999     8.05862000e-03
25.667552     8.06283000e-03
25.676108     8.15914000e-03
25.684666     8.13723000e-03
25.693228     8.10668000e-03
25.701792     8.23254000e-03
25.710360     7.97646000e-03
25.718930     8.03160000e-03
25.727503     8.01220000e-03
25.736079     8.03165000e-03
25.744657     7.98618000e-03
25.753239     8.25998000e-03
25.761823     7.98653000e-03
25.770411     8.02367000e-03
25.779001     8.05235000e-03
25.787594     7.96118000e-03
25.796190     7.98715000e-03
25.804788     7.99072000e-03
25.813390     8.11621000e-03
25.821994     7.97519000e-03
25.830602     8.05374000e-03
25.839212     8.04733000e-03
25.847825     8.02885000e-03
25.856441     8.07481000e-03
25.865060     8.01621000e-03
25.873681     8.02036000e-03
25.882306     7.99877000e-03
25.890933     8.07207000e-03
25.899564     7.98602000e-03
25.908197     8.22257000e-03
25.916833     8.19014000e-03
25.925472     8.14895000e-03
25.934114     8.02483000e-03
25.942759     8.02503000e-03
25.951406     7.97953000e-03
25.960057     8.00648000e-03
25.968710     8.31241000e-03
25.977366     8.20698000e-03
25.986025     8.03088000e-03
25.994687     8.01668000e-03
26.003352     8.00619000e-03
26.012020     8.08561000e-03
26.020691     8.05395000e-03
26.029364     7.98189000e-03
26.038041     8.08611000e-03
26.046720     8.08660000e-03
26.055402     8.05246000e-03
26.064087     8.03439000e-03
26.072775     8.00757000e-03
26.081466     8.00858000e-03
26.090160     8.06458000e-03
26.098857     7.98128000e-03
26.107556     8.03211000e-03
26.116259     8.02177000e-03
26.124964     7.99433000e-03
26.133673     8.12130000e-03
26.142384     8.03381000e-03
26.151098     8.17412000e-03
26.159815     7.99137000e-03
26.168535     8.14026000e-03
26.177258     8.02499000e-03
26.185984     8.04671000e-03
26.194712     8.24526000e-03
26.203444     8.07795000e-03
26.212178     8.08193000e-03
26.220916     7.98907000e-03
26.229656     8.28824000e-03
26.238399     8.02740000e-03
26.247145     8.02681000e-03
26.255894     8.10251000e-03
26.264646     8.13847000e-03
26.273401     8.01043000e-03
26.282159     8.22973000e-03
26.290920     8.06224000e-03
26.299683     8.00389000e-03
26.308450     8.04535000e-03
26.317220     7.98963000e-03
26.325992     8.30760000e-03
26.334767     7.98015000e-03
26.343546     7.99892000e-03
26.352327     8.09434000e-03
26.361111     8.02098000e-03
26.369898     8.01995000e-03
26.378688     8.15164000e-03
26.387481     8.00418000e-03
26.396276     8.00758000e-03
26.405075     8.08981000e-03
26.413877     8.04036000e-03
26.422682     8.00623000e-03
26.431489     8.20906000e-03
26.440300     8.02588000e-03
26.449113     8.00762000e-03
26.457929     8.05380000e-03
26.466749     8.10406000e-03
26.475571     8.11270000e-03
26.484396     8.01433000e-03
26.493224     8.01836000e-03
26.502055     8.07083000e-03
26.510889     8.07001000e-03
26.519726     8.07540000e-03
26.528566     8.23179000e-03
26.537409     8.10181000e-03
26.546255     8.25993000e-03
26.555104     8.06853000e-03
26.563955     8.04487000e-03
26.572810     8.07358000e-03
26.581668     8.10976000e-03
26.590528     8.06849000e-03
26.599392     8.46854000e-03
26.608258     8.12106000e-03
26.617128     8.09270000e-03
26.626000     8.05945000e-03
26.634875     8.03682000e-03
26.643754     8.08567000e-03
26.652635     8.18343000e-03
26.661519     8.23926000e-03
26.670406     8.01500000e-03
26.679296     8.05379000e-03
26.688190     8.07655000e-03
26.697086     8.05189000e-03
26.705985     8.18159000e-03
26.714887     8.05451000e-03
26.723792     8.08396000e-03
26.732699     8.01887000e-03
26.741610     8.00859000e-03
26.750524     8.12607000e-03
26.759441     8.06883000e-03
26.768361     8.16135000e-03
26.777284     8.22921000e-03
26.786209     8.04196000e-03
26.795138     8.03592000e-03
26.804070     8.10415000e-03
26.813005     8.08745000e-03
26.821942     8.03793000e-03
26.830883     8.02831000e-03
26.839827     8.00683000e-03
26.848773     8.05281000e-03
26.857723     8.10841000e-03
26.866675     8.07819000e-03
26.875631     8.02451000e-03
26.884589     8.05654000e-03
26.893551     8.00951000e-03
26.902515     8.04857000e-03
26.911483     8.10238000e-03
26.920453     8.04370000e-03
26.929427     8.07335000e-03
26.938403     8.01590000e-03
26.947383     8.13684000e-03
26.956365     8.01004000e-03
26.965351     8.12744000e-03
26.974339     8.17149000e-03
26.983331     8.09019000e-03
26.992325     8.04811000e-03
27.001323     8.13079000e-03
27.010323     8.07695000e-03
27.019326     8.05183000e-03
27.028333     8.03403000e-03
27.037342     8.16606000e-03
27.046355     8.03575000e-03
27.055370     8.07771000e-03
27.064389     8.03896000e-03
27.073410     8.07195000e-03
27.082435     8.04252000e-03
27.091462     8.06553000e-03
27.100493     8.03199000e-03
27.109526     8.12074000e-03
27.118563     8.03872000e-03
27.127602     8.03841000e-03
27.136645     8.04776000e-03
27.145690     8.02006000e-03
27.154739     8.15565000e-03
27.163790     8.15925000e-03
27.172845     8.07167000e-03
27.181902     8.25109000e-03
27.190963     8.08916000e-03
27.200027     8.02743000e-03
27.209094     8.07008000e-03
27.218163     8.10524000e-03
27.227236     8.28443000e-03
27.236312     8.08210000e-03
27.245390     8.03930000e-03
27.254472     8.21865000e-03
27.263557     8.03148000e-03
27.272645     8.05461000e-03
27.281736     8.06571000e-03
27.290830     8.21818000e-03
27.299927     8.05662000e-03
27.309027     8.12055000e-03
27.318130     8.04336000e-03
27.327236     8.12508000e-03
27.336345     8.16815000e-03
27.345457     8.08942000e-03
27.354572     8.04358000e-03
27.363690     8.05990000e-03
27.372811     8.10743000e-03
27.381936     8.04157000e-03
27.391063     8.14068000e-03
27.400193     8.05926000e-03
27.409327     8.13563000e-03
27.418463     8.10880000e-03
27.427603     8.03928000e-03
27.436745     8.04989000e-03
27.445891     8.04473000e-03
27.455040     8.09556000e-03
27.464191     8.22322000e-03
27.473346     8.05765000e-03
27.482504     8.03933000e-03
27.491664     8.08444000e-03
27.500828     8.04928000e-03
27.509995     8.32679000e-03
27.519165     8.09442000e-03
27.528338     8.04393000e-03
27.537515     8.28981000e-03
27.546694     8.11448000e-03
27.555876     8.20817000e-03
27.565061     8.07278000e-03
27.574250     8.17465000e-03
27.583441     8.07705000e-03
27.592635     8.08358000e-03
27.601833     8.15264000e-03
27.611034     8.04457000e-03
27.620237     8.19538000e-03
27.629444     8.05412000e-03
27.638654     8.09386000e-03
27.647867     8.13548000e-03
27.657083     8.07627000e-03
27.666302     8.23305000e-03
27.675524     8.20977000e-03
27.684749     8.37795000e-03
27.693977     8.22848000e-03
27.703208     8.27485000e-03
27.712443     8.09758000e-03
27.721680     8.23328000e-03
27.730921     8.30297000e-03
27.740165     8.21132000e-03
27.749411     8.34958000e-03
27.758661     8.20856000e-03
27.767914     8.12111000e-03
27.777170     8.11787000e-03
27.786429     8.07614000e-03
27.795691     8.33173000e-03
27.804956     8.12171000e-03
27.814225     8.18374000e-03
27.823496     8.09178000e-03
27.832771     8.05230000e-03
27.842048     8.07866000e-03
27.851329     8.07876000e-03
27.860613     8.27144000e-03
27.869900     8.13438000e-03
27.879189     8.08094000e-03
27.888483     8.24453000e-03
27.897779     8.08478000e-03
27.907078     8.05518000e-03
27.916380     8.10922000e-03
27.925686     8.14686000e-03
27.934994     8.07268000e-03
27.944306     8.09315000e-03
27.953621     8.10063000e-03
27.962939     8.17496000e-03
27.972260     8.13000000e-03
27.981584     8.05998000e-03
27.990911     8.11105000e-03
28.000241     8.33757000e-03
28.009575     8.06210000e-03
28.018911     8.10120000e-03
28.028251     8.05529000e-03
28.037594     8.16011000e-03
28.046940     8.28225000e-03
28.056289     8.09124000e-03
28.065641     8.54820000e-03
28.074996     8.16255000e-03
28.084354     8.08322000e-03
28.093715     8.18566000e-03
28.103080     8.07319000e-03
28.112448     8.10185000e-03
28.121819     8.18115000e-03
28.131193     8.07060000e-03
28.140570     8.08594000e-03
28.149950     8.11296000e-03
28.159333     8.10342000e-03
28.168720     8.06226000e-03
28.178109     8.09198000e-03
28.187502     8.25325000e-03
28.196898     8.07800000e-03
28.206297     8.20744000e-03
28.215699     8.07995000e-03
28.225104     8.08450000e-03
28.234512     8.09543000e-03
28.243924     8.08467000e-03
28.253339     8.15675000e-03
28.262756     8.17743000e-03
28.272177     8.08482000e-03
28.281601     8.08132000e-03
28.291028     8.22529000e-03
28.300459     8.17916000e-03
28.309892     8.08777000e-03
28.319329     8.35253000e-03
28.328769     8.19641000e-03
28.338212     8.13696000e-03
28.347658     8.09945000e-03
28.357107     8.09880000e-03
28.366559     8.12116000e-03
28.376015     8.08546000e-03
28.385473     8.14744000e-03
28.394935     8.23666000e-03
28.404400     8.10870000e-03
28.413868     8.08736000e-03
28.423340     8.18140000e-03
28.432814     8.10591000e-03
28.442292     8.17566000e-03
28.451773     8.09229000e-03
28.461256     8.09866000e-03
28.470744     8.10497000e-03
28.480234     8.08007000e-03
28.489727     8.08133000e-03
28.499224     8.08316000e-03
28.508723     8.11831000e-03
28.518226     8.13536000e-03
28.527732     8.15463000e-03
28.537242     8.10392000e-03
28.546754     8.14913000e-03
28.556270     8.32763000e-03
28.565789     8.15930000e-03
28.575310     8.14261000e-03
28.584836     8.31053000e-03
28.594364     8.22453000e-03
28.603895     8.14789000e-03
28.613430     8.16015000e-03
28.622968     8.08451000e-03
28.632509     8.20017000e-03
28.642053     8.12018000e-03
28.651600     8.10620000e-03
28.661151     8.10023000e-03
28.670704     8.13499000e-03
28.680261     8.14308000e-03
28.689821     8.20435000e-03
28.699385     8.10729000e-03
28.708951     8.15576000e-03
28.718521     8.12386000e-03
28.728094     8.12899000e-03
28.737670     8.13677000e-03
28.747249     8.14625000e-03
28.756831     8.12705000e-03
28.766417     8.14007000e-03
28.776006     8.14250000e-03
28.785598     8.09599000e-03
28.795193     8.19059000e-03
28.804791     8.13015000e-03
28.814393     8.10762000e-03
28.823998     8.10001000e-03
28.833606     8.16616000e-03
28.843217     8.09347000e-03
28.852831     8.10746000e-03
28.862449     8.09174000e-03
28.872070     8.10241000e-03
28.881694     8.09518000e-03
28.891321     8.11925000e-03
28.900952     8.10628000e-03
28.910585     8.15757000e-03
28.920222     8.14339000e-03
28.929862     8.12413000e-03
28.939505     8.22312000e-03
28.949152     8.13377000e-03
28.958802     8.38202000e-03
28.968454     8.17556000e-03
28.978111     8.12337000e-03
28.987770     8.17323000e-03
28.997433     8.11747000e-03
29.007098     8.26834000e-03
29.016768     8.16989000e-03
29.026440     8.17047000e-03
29.036115     8.14351000e-03
29.045794     8.11459000e-03
29.055476     8.20761000e-03
29.065161     8.13496000e-03
29.074849     8.19080000e-03
29.084541     8.11051000e-03
29.094236     8.22656000e-03
29.103934     8.25205000e-03
29.113635     8.14731000e-03
29.123340     8.25743000e-03
29.133048     8.19251000e-03
29.142759     8.11115000e-03
29.152473     8.14858000e-03
29.162190     8.15409000e-03
29.171911     8.22558000e-03
29.181635     8.12867000e-03
29.191362     8.23673000e-03
29.201093     8.16517000e-03
29.210826     8.11543000e-03
29.220563     8.27643000e-03
29.230304     8.13031000e-03
29.240047     8.13026000e-03
29.249794     8.13160000e-03
29.259544     8.11287000e-03
29.269297     8.14927000e-03
29.279053     8.12316000e-03
29.288813     8.20924000e-03
29.298576     8.19080000e-03
29.308342     8.12941000e-03
29.318111     8.14725000e-03
29.327884     8.11670000e-03
29.337660     8.18088000e-03
29.347439     8.24333000e-03
29.357222     8.23249000e-03
29.367007     8.15451000e-03
29.376797     8.19624000e-03
29.386589     8.12807000e-03
29.396384     8.11530000e-03
29.406183     8.14293000e-03
29.415985     8.12330000e-03
29.425791     8.19612000e-03
29.435599     8.21556000e-03
29.445411     8.16861000e-03
29.455226     8.24338000e-03
29.465045     8.20554000e-03
29.474866     8.15474000e-03
29.484691     8.12811000e-03
29.494519     8.18912000e-03
29.504351     8.23903000e-03
29.514186     8.15236000e-03
29.524024     8.20552000e-03
29.533865     8.22778000e-03
29.543710     8.28019000e-03
29.553558     8.19702000e-03
29.563409     8.19307000e-03
29.573263     8.16973000e-03
29.583121     8.18524000e-03
29.592982     8.12924000e-03
29.602846     8.20593000e-03
29.612714     8.14083000e-03
29.622585     8.18204000e-03
29.632459     8.27024000e-03
29.642337     8.13640000e-03
29.652217     8.18833000e-03
29.662101     8.22830000e-03
29.671989     8.12730000e-03
29.681880     8.18083000e-03
29.691773     8.13989000e-03
29.701671     8.13917000e-03
29.711571     8.13795000e-03
29.721475     8.14014000e-03
29.731382     8.13777000e-03
29.741293     8.18962000e-03
29.751206     8.26954000e-03
29.761124     8.13613000e-03
29.771044     8.14325000e-03
29.780968     8.17725000e-03
29.790895     8.28881000e-03
29.800825     8.14175000e-03
29.810758     8.19442000e-03
29.820695     8.13789000e-03
29.830636     8.21369000e-03
29.840579     8.24017000e-03
29.850526     8.15204000e-03
29.860476     8.16746000e-03
29.870430     8.14591000e-03
29.880387     8.27765000e-03
29.890347     8.25522000e-03
29.900310     8.14208000e-03
29.910277     8.18075000e-03
29.920247     8.17351000e-03
29.930220     8.15386000e-03
29.940197     8.13946000e-03
29.950177     8.16696000e-03
29.960161     8.32411000e-03
29.970147     8.22725000e-03
29.980137     8.25775000e-03
29.990131     8.16312000e-03
30.000128     8.17929000e-03
30.010127     8.19251000e-03
30.020131     8.20189000e-03
30.030138     8.16362000e-03
30.040148     8.17331000e-03
30.050161     8.16988000e-03
30.060178     8.16902000e-03
30.070198     8.22511000e-03
30.080221     8.46316000e-03
30.090248     8.16145000e-03
30.100278     8.16311000e-03
30.110311     8.26173000e-03
30.120348     8.21581000e-03
30.130388     8.15770000e-03
30.140432     8.14871000e-03
30.150479     8.22779000e-03
30.160529     8.18244000e-03
30.170582     8.16126000e-03
30.180639     8.16609000e-03
30.190699     8.22126000e-03
30.200763     8.15937000e-03
30.210830     8.15493000e-03
30.220900     8.16011000e-03
30.230974     8.15487000e-03
30.241051     8.14425000e-03
30.251131     8.33399000e-03
30.261215     8.14334000e-03
30.271302     8.22506000e-03
30.281392     8.18770000e-03
30.291486     8.20905000e-03
30.301583     8.16703000e-03
30.311684     8.25811000e-03
30.321788     8.22647000e-03
30.331895     8.19166000e-03
30.342006     8.20449000e-03
30.352120     8.24908000e-03
30.362237     8.16747000e-03
30.372358     8.20596000e-03
30.382482     8.25636000e-03
30.392609     8.17154000e-03
30.402740     8.16538000e-03
30.412874     8.20126000e-03
30.423012     8.16993000e-03
30.433153     8.24779000e-03
30.443297     8.18199000e-03
30.453445     8.20925000e-03
30.463596     8.20273000e-03
30.473751     8.18763000e-03
30.483909     8.16419000e-03
30.494070     8.16406000e-03
30.504235     8.52454000e-03
30.514403     8.31231000e-03
30.524574     8.32648000e-03
30.534749     8.19084000e-03
30.544927     8.15772000e-03
30.555109     8.15154000e-03
30.565294     8.28113000e-03
30.575483     8.21169000e-03
30.585674     8.16465000e-03
30.595870     8.19818000e-03
30.606068     8.18593000e-03
30.616270     8.16312000e-03
30.626476     8.23281000e-03
30.636685     8.21040000e-03
30.646897     8.22591000e-03
30.657112     8.17570000e-03
30.667331     8.18498000e-03
30.677554     8.19193000e-03
30.687780     8.17926000e-03
30.698009     8.18615000e-03
30.708242     8.19054000e-03
30.718478     8.21343000e-03
30.728717     8.21218000e-03
30.738960     8.23130000e-03
30.749206     8.23951000e-03
30.759456     8.27195000e-03
30.769709     8.18359000e-03
30.779966     8.19103000e-03
30.790226     8.19290000e-03
30.800489     8.17862000e-03
30.810756     8.23338000e-03
30.821026     8.22841000e-03
30.831300     8.19945000e-03
30.841577     8.17608000e-03
30.851858     8.26680000e-03
30.862142     8.19209000e-03
30.872429     8.24384000e-03
30.882720     8.18220000e-03
30.893014     8.17697000e-03
30.903312     8.19870000e-03
30.913613     8.18072000e-03
30.923917     8.17087000e-03
30.934225     8.37231000e-03
30.944537     8.18777000e-03
30.954852     8.20458000e-03
30.965170     8.19813000e-03
30.975492     8.24259000e-03
30.985817     8.18312000e-03
30.996145     8.21111000e-03
31.006477     8.22610000e-03
31.016813     8.20806000e-03
31.027152     8.21446000e-03
31.037494     8.23182000e-03
31.047840     8.20544000e-03
31.058189     8.17753000e-03
31.068542     8.21936000e-03
31.078898     8.17411000e-03
31.089258     8.29238000e-03
31.099621     8.20388000e-03
31.109987     8.21523000e-03
31.120358     8.20969000e-03
31.130731     8.20507000e-03
31.141108     8.31663000e-03
31.151488     8.23850000e-03
31.161872     8.27421000e-03
31.172259     8.30457000e-03
31.182650     8.28414000e-03
31.193044     8.32014000e-03
31.203442     8.23742000e-03
31.213843     8.29263000e-03
31.224248     8.19034000e-03
31.234656     8.23488000e-03
31.245067     8.27629000e-03
31.255482     8.20447000e-03
31.265901     8.19576000e-03
31.276323     8.18097000e-03
31.286748     8.22025000e-03
31.297177     8.21237000e-03
31.307610     8.22001000e-03
31.318046     8.25036000e-03
31.328485     8.20595000e-03
31.338928     8.22674000e-03
31.349374     8.17958000e-03
31.359824     8.20711000e-03
31.370277     8.23762000e-03
31.380734     8.37983000e-03
31.391194     8.26594000e-03
31.401658     8.22143000e-03
31.412125     8.19150000e-03
31.422596     8.19482000e-03
31.433070     8.18623000e-03
31.443548     8.33155000e-03
31.454029     8.21796000e-03
31.464513     8.20354000e-03
31.475002     8.28173000e-03
31.485493     8.25319000e-03
31.495988     8.40264000e-03
31.506487     8.21443000e-03
31.516989     8.21148000e-03
31.527495     8.19267000e-03
31.538004     8.19689000e-03
31.548517     8.20735000e-03
31.559033     8.19146000e-03
31.569553     8.20892000e-03
31.580076     8.37039000e-03
31.590602     8.20357000e-03
31.601133     8.21224000e-03
31.611666     8.22141000e-03
31.622204     8.21983000e-03
31.632744     8.21424000e-03
31.643289     8.31359000e-03
31.653836     8.21301000e-03
31.664388     8.28731000e-03
31.674943     8.20493000e-03
31.685501     8.26190000e-03
31.696063     8.24243000e-03
31.706628     8.35166000e-03
31.717197     8.24419000e-03
31.727769     8.27259000e-03
31.738345     8.43578000e-03
31.748925     8.34216000e-03
31.759508     8.19779000e-03
31.770094     8.19925000e-03
31.780684     8.20646000e-03
31.791278     8.24606000e-03
31.801875     8.23215000e-03
31.812475     8.27264000e-03
31.823080     8.28740000e-03
31.833687     8.22625000e-03
31.844299     8.21763000e-03
31.854913     8.22172000e-03
31.865532     8.21072000e-03
31.876153     8.28649000e-03
31.886779     8.30888000e-03
31.897408     8.22414000e-03
31.908040     8.30521000e-03
31.918676     8.30789000e-03
31.929316     8.28252000e-03
31.939959     8.26340000e-03
31.950606     8.38656000e-03
31.961256     8.22883000e-03
31.971909     8.23340000e-03
31.982567     8.21510000e-03
31.993228     8.23497000e-03
32.003892     8.23648000e-03
32.014560     8.23364000e-03
32.025231     8.32258000e-03
32.035907     8.26474000e-03
32.046585     8.38522000e-03
32.057267     8.25744000e-03
32.067953     8.21852000e-03
32.078643     8.41473000e-03
32.089335     8.21526000e-03
32.100032     8.32020000e-03
32.110732     8.29079000e-03
32.121435     8.33679000e-03
32.132143     8.23651000e-03
32.142853     8.38926000e-03
32.153568     8.24023000e-03
32.164285     8.28198000e-03
32.175007     8.28511000e-03
32.185732     8.21428000e-03
32.196460     8.36104000e-03
32.207193     8.28791000e-03
32.217928     8.21161000e-03
32.228668     8.23174000e-03
32.239410     8.38341000e-03
32.250157     8.23732000e-03
32.260907     8.34020000e-03
32.271661     8.41040000e-03
32.282418     8.23148000e-03
32.293179     8.23930000e-03
32.303943     8.31751000e-03
32.314711     8.29864000e-03
32.325483     8.29177000e-03
32.336258     8.35433000e-03
32.347037     8.23254000e-03
32.357819     8.25489000e-03
32.368605     8.23656000e-03
32.379394     8.23754000e-03
32.390188     8.41771000e-03
32.400984     8.32485000e-03
32.411785     8.43700000e-03
32.422589     8.35304000e-03
32.433396     8.25368000e-03
32.444207     8.23553000e-03
32.455022     8.25372000e-03
32.465840     8.24098000e-03
32.476662     8.37838000e-03
32.487488     8.27481000e-03
32.498317     8.26738000e-03
32.509150     8.22798000e-03
32.519986     8.22489000e-03
32.530826     8.24255000e-03
32.541670     8.26424000e-03
32.552517     8.39897000e-03
32.563368     8.24179000e-03
32.574222     8.23683000e-03
32.585080     8.26745000e-03
32.595942     8.22477000e-03
32.606807     8.26172000e-03
32.617676     8.24262000e-03
32.628549     8.27171000e-03
32.639425     8.25702000e-03
32.650305     8.33043000e-03
32.661188     8.27807000e-03
32.672075     8.26324000e-03
32.682966     8.27180000e-03
32.693860     8.30424000e-03
32.704758     8.28376000e-03
32.715660     8.26899000e-03
32.726565     8.24190000e-03
32.737474     8.25279000e-03
32.748386     8.31627000e-03
32.759302     8.28140000e-03
32.770222     8.32048000e-03
32.781146     8.23392000e-03
32.792073     8.30434000e-03
32.803003     8.24750000e-03
32.813938     8.24298000e-03
32.824876     8.35134000e-03
32.835817     8.24551000e-03
32.846763     8.28704000e-03
32.857712     8.24656000e-03
32.868664     8.25860000e-03
32.879620     8.25630000e-03
32.890580     8.30971000e-03
32.901544     8.24582000e-03
32.912511     8.27182000e-03
32.923482     8.39666000e-03
32.934456     8.24362000e-03
32.945434     8.27124000e-03
32.956416     8.25920000e-03
32.967402     8.27612000e-03
32.978391     8.25909000e-03
32.989384     8.26832000e-03
33.000380     8.26067000e-03
33.011380     8.29456000e-03
33.022384     8.46678000e-03
33.033391     8.36008000e-03
33.044403     8.29028000e-03
33.055417     8.27225000e-03
33.066436     8.25319000e-03
33.077458     8.38351000e-03
33.088484     8.31715000e-03
33.099513     8.25474000e-03
33.110546     8.27250000e-03
33.121583     8.27598000e-03
33.132624     8.42911000e-03
33.143668     8.34125000e-03
33.154716     8.29547000e-03
33.165768     8.25309000e-03
33.176823     8.32570000e-03
33.187882     8.28247000e-03
33.198944     8.27412000e-03
33.210011     8.25275000e-03
33.221081     8.27986000e-03
33.232154     8.25650000e-03
33.243232     8.25354000e-03
33.254313     8.30477000e-03
33.265398     8.29140000e-03
33.276486     8.25154000e-03
33.287578     8.28398000e-03
33.298674     8.33705000e-03
33.309774     8.26742000e-03
33.320877     8.27495000e-03
33.331984     8.33748000e-03
33.343094     8.30074000e-03
33.354209     8.26437000e-03
33.365327     8.26757000e-03
33.376449     8.25855000e-03
33.387574     8.28882000e-03
33.398703     8.27701000e-03
33.409836     8.30180000e-03
33.420973     8.27164000e-03
33.432113     8.28920000e-03
33.443257     8.45307000e-03
33.454405     8.38753000e-03
33.465556     8.26292000e-03
33.476712     8.26389000e-03
33.487871     8.29286000e-03
33.499033     8.25699000e-03
33.510199     8.40157000e-03
33.521370     8.26158000e-03
33.532543     8.35055000e-03
33.543721     8.29738000e-03
33.554902     8.26977000e-03
33.566087     8.27032000e-03
33.577276     8.27709000e-03
33.588468     8.31949000e-03
33.599664     8.26903000e-03
33.610864     8.41705000e-03
33.622068     8.30802000e-03
33.633275     8.34388000e-03
33.644486     8.26807000e-03
33.655701     8.26326000e-03
33.666920     8.27602000e-03
33.678142     8.25757000e-03
33.689368     8.52311000e-03
33.700598     8.30118000e-03
33.711831     8.26258000e-03
33.723069     8.26143000e-03
33.734310     8.28913000e-03
33.745554     8.27739000e-03
33.756803     8.33893000e-03
33.768055     8.26924000e-03
33.779311     8.27734000e-03
33.790571     8.29310000e-03
33.801835     8.33731000e-03
33.813102     8.27455000e-03
33.824373     8.26774000e-03
33.835648     8.33837000e-03
33.846926     8.30314000e-03
33.858209     8.27451000e-03
33.869495     8.28759000e-03
33.880784     8.34836000e-03
33.892078     8.31158000e-03
33.903375     8.29891000e-03
33.914676     8.31006000e-03
33.925981     8.28625000e-03
33.937290     8.29661000e-03
33.948602     8.27533000e-03
33.959919     8.29249000e-03
33.971239     8.27471000e-03
33.982562     8.32339000e-03
33.993890     8.38232000e-03
34.005221     8.27900000e-03
34.016556     8.28027000e-03
34.027895     8.31719000e-03
34.039238     8.34752000e-03
34.050584     8.35674000e-03
34.061934     8.27617000e-03
34.073288     8.28707000e-03
34.084646     8.29807000e-03
34.096008     8.30706000e-03
34.107373     8.30352000e-03
34.118742     8.29608000e-03
34.130115     8.27450000e-03
34.141492     8.34318000e-03
34.152872     8.33242000e-03
34.164257     8.27969000e-03
34.175645     8.28871000e-03
34.187036     8.30173000e-03
34.198432     8.28481000e-03
34.209832     8.30188000e-03
34.221235     8.36547000e-03
34.232642     8.32113000e-03
34.244053     8.33089000e-03
34.255468     8.29719000e-03
34.266886     8.35999000e-03
34.278308     8.31953000e-03
34.289735     8.28246000e-03
34.301164     8.31765000e-03
34.312598     8.41375000e-03
34.324036     8.28496000e-03
34.335477     8.31022000e-03
34.346922     8.32575000e-03
34.358371     8.30393000e-03
34.369824     8.30069000e-03
34.381281     8.29898000e-03
34.392741     8.29709000e-03
34.404205     8.32166000e-03
34.415673     8.35760000e-03
34.427145     8.29777000e-03
34.438621     8.29841000e-03
34.450100     8.29892000e-03
34.461584     8.29012000e-03
34.473071     8.29592000e-03
34.484562     8.30422000e-03
34.496057     8.31668000e-03
34.507556     8.42377000e-03
34.519058     8.28638000e-03
34.530564     8.29319000e-03
34.542075     8.29239000e-03
34.553589     8.30150000e-03
34.565106     8.30825000e-03
34.576628     8.29450000e-03
34.588154     8.28424000e-03
34.599683     8.30624000e-03
34.611216     8.29393000e-03
34.622753     8.30431000e-03
34.634294     8.29220000e-03
34.645839     8.29576000e-03
34.657388     8.28971000e-03
34.668940     8.29956000e-03
34.680496     8.33621000e-03
34.692057     8.30338000e-03
34.703621     8.31035000e-03
34.715189     8.29702000e-03
34.726760     8.42386000e-03
34.738336     8.31625000e-03
34.749915     8.32392000e-03
34.761499     8.30591000e-03
34.773086     8.42354000e-03
34.784677     8.30014000e-03
34.796272     8.31800000e-03
34.807870     8.31330000e-03
34.819473     8.36644000e-03
34.831080     8.29985000e-03
34.842690     8.31172000e-03
34.854304     8.32338000e-03
34.865922     8.43589000e-03
34.877544     8.31775000e-03
34.889170     8.36768000e-03
34.900800     8.31220000e-03
34.912433     8.32214000e-03
34.924071     8.38485000e-03
34.935712     8.32126000e-03
34.947358     8.32185000e-03
34.959007     8.30512000e-03
34.970660     8.30081000e-03
34.982317     8.32924000e-03
34.993977     8.31733000e-03
